row_type,timestamp_s,elapsed_s,v_real,w_real,steering_angle_rad,brake,x,y,distance_m,heading_error_rad,kappa,path_index,path_x,path_y
planned_path,,,,,,,,,,,,0,0.014864445905843127,0.04827474535650467
planned_path,,,,,,,,,,,,1,0.06486444665090119,0.04827474535650467
planned_path,,,,,,,,,,,,2,0.11486444739595925,0.04827474535650467
planned_path,,,,,,,,,,,,3,0.1648644481410173,0.04827474535650467
planned_path,,,,,,,,,,,,4,0.21486444888607537,0.04827474535650467
planned_path,,,,,,,,,,,,5,0.2648644496311334,0.04827474535650467
planned_path,,,,,,,,,,,,6,0.3148644503761915,0.04827474535650467
planned_path,,,,,,,,,,,,7,0.36486445112124954,0.04827474535650467
planned_path,,,,,,,,,,,,8,0.4148644518663076,0.04827474535650467
planned_path,,,,,,,,,,,,9,0.46486445261136566,0.04827474535650467
planned_path,,,,,,,,,,,,10,0.5148644533564237,0.04827474535650467
planned_path,,,,,,,,,,,,11,0.5648644541014818,0.04827474535650467
planned_path,,,,,,,,,,,,12,0.6148644548465398,0.04827474535650467
planned_path,,,,,,,,,,,,13,0.6648644555915979,0.04827474535650467
planned_path,,,,,,,,,,,,14,0.714864456336656,0.04827474535650467
planned_path,,,,,,,,,,,,15,0.764864457081714,0.04827474535650467
planned_path,,,,,,,,,,,,16,0.8148644578267721,0.04827474535650467
planned_path,,,,,,,,,,,,17,0.8648644585718301,0.04827474535650467
planned_path,,,,,,,,,,,,18,0.9148644593168882,0.04827474535650467
planned_path,,,,,,,,,,,,19,0.9648644600619463,0.04827474535650467
planned_path,,,,,,,,,,,,20,1.0148644608070043,0.04827474535650467
planned_path,,,,,,,,,,,,21,1.0648644615520624,0.04827474535650467
planned_path,,,,,,,,,,,,22,1.1148644622971204,0.04827474535650467
planned_path,,,,,,,,,,,,23,1.1648644630421785,0.04827474535650467
planned_path,,,,,,,,,,,,24,1.2148644637872366,0.04827474535650467
planned_path,,,,,,,,,,,,25,1.2648644645322946,0.04827474535650467
planned_path,,,,,,,,,,,,26,1.3148644652773527,0.04827474535650467
planned_path,,,,,,,,,,,,27,1.3648644660224107,0.04827474535650467
planned_path,,,,,,,,,,,,28,1.4148644667674688,0.04827474535650467
planned_path,,,,,,,,,,,,29,1.4648644675125269,0.04827474535650467
planned_path,,,,,,,,,,,,30,1.514864468257585,0.04827474535650467
planned_path,,,,,,,,,,,,31,1.564864469002643,0.04827474535650467
planned_path,,,,,,,,,,,,32,1.614864469747701,0.04827474535650467
planned_path,,,,,,,,,,,,33,1.664864470492759,0.04827474535650467
planned_path,,,,,,,,,,,,34,1.7148644712378172,0.04827474535650467
planned_path,,,,,,,,,,,,35,1.7648644719828752,0.04827474535650467
planned_path,,,,,,,,,,,,36,1.8148644727279333,0.04827474535650467
planned_path,,,,,,,,,,,,37,1.8648644734729913,0.04827474535650467
planned_path,,,,,,,,,,,,38,1.9148644742180494,0.09827474610156273
planned_path,,,,,,,,,,,,39,1.9648644749631075,0.1482747468466208
planned_path,,,,,,,,,,,,40,2.0148644757081655,0.1482747468466208
planned_path,,,,,,,,,,,,41,2.0648644764532236,0.1482747468466208
planned_path,,,,,,,,,,,,42,2.1148644771982816,0.1482747468466208
planned_path,,,,,,,,,,,,43,2.1648644779433397,0.1482747468466208
planned_path,,,,,,,,,,,,44,2.2148644786883978,0.1482747468466208
planned_path,,,,,,,,,,,,45,2.264864479433456,0.1482747468466208
planned_path,,,,,,,,,,,,46,2.314864480178514,0.1482747468466208
planned_path,,,,,,,,,,,,47,2.364864480923572,0.1482747468466208
planned_path,,,,,,,,,,,,48,2.41486448166863,0.1482747468466208
planned_path,,,,,,,,,,,,49,2.464864482413688,0.1482747468466208
planned_path,,,,,,,,,,,,50,2.514864483158746,0.1482747468466208
planned_path,,,,,,,,,,,,51,2.564864483903804,0.1482747468466208
planned_path,,,,,,,,,,,,52,2.6148644846488622,0.1482747468466208
planned_path,,,,,,,,,,,,53,2.6648644853939203,0.1482747468466208
planned_path,,,,,,,,,,,,54,2.7148644861389784,0.1482747468466208
planned_path,,,,,,,,,,,,55,2.7648644868840364,0.1482747468466208
planned_path,,,,,,,,,,,,56,2.8148644876290945,0.1482747468466208
planned_path,,,,,,,,,,,,57,2.8648644883741525,0.1482747468466208
planned_path,,,,,,,,,,,,58,2.9148644891192106,0.1482747468466208
planned_path,,,,,,,,,,,,59,2.9648644898642686,0.1482747468466208
planned_path,,,,,,,,,,,,60,3.0148644906093267,0.1482747468466208
planned_path,,,,,,,,,,,,61,3.0648644913543848,0.1482747468466208
planned_path,,,,,,,,,,,,62,3.114864492099443,0.1482747468466208
planned_path,,,,,,,,,,,,63,3.164864492844501,0.1482747468466208
planned_path,,,,,,,,,,,,64,3.214864493589559,0.1482747468466208
planned_path,,,,,,,,,,,,65,3.264864494334617,0.1482747468466208
planned_path,,,,,,,,,,,,66,3.314864495079675,0.1482747468466208
planned_path,,,,,,,,,,,,67,3.364864495824733,0.1482747468466208
planned_path,,,,,,,,,,,,68,3.414864496569791,0.1482747468466208
planned_path,,,,,,,,,,,,69,3.4648644973148492,0.1482747468466208
planned_path,,,,,,,,,,,,70,3.5148644980599073,0.1482747468466208
planned_path,,,,,,,,,,,,71,3.5648644988049654,0.1482747468466208
planned_path,,,,,,,,,,,,72,3.6148644995500234,0.1482747468466208
planned_path,,,,,,,,,,,,73,3.6648645002950815,0.1482747468466208
planned_path,,,,,,,,,,,,74,3.7148645010401395,0.1482747468466208
planned_path,,,,,,,,,,,,75,3.7648645017851976,0.1482747468466208
planned_path,,,,,,,,,,,,76,3.8148645025302557,0.1482747468466208
planned_path,,,,,,,,,,,,77,3.8648645032753137,0.1482747468466208
planned_path,,,,,,,,,,,,78,3.914864504020372,0.1482747468466208
planned_path,,,,,,,,,,,,79,3.96486450476543,0.1482747468466208
planned_path,,,,,,,,,,,,80,4.014864505510488,0.1482747468466208
planned_path,,,,,,,,,,,,81,4.064864506255546,0.1482747468466208
planned_path,,,,,,,,,,,,82,4.114864507000604,0.1482747468466208
planned_path,,,,,,,,,,,,83,4.164864507745662,0.1482747468466208
planned_path,,,,,,,,,,,,84,4.21486450849072,0.1482747468466208
planned_path,,,,,,,,,,,,85,4.264864509235778,0.1482747468466208
planned_path,,,,,,,,,,,,86,4.314864509980836,0.1482747468466208
planned_path,,,,,,,,,,,,87,4.364864510725894,0.1482747468466208
planned_path,,,,,,,,,,,,88,4.414864511470952,0.1482747468466208
planned_path,,,,,,,,,,,,89,4.46486451221601,0.1482747468466208
planned_path,,,,,,,,,,,,90,4.5148645129610685,0.1482747468466208
planned_path,,,,,,,,,,,,91,4.564864513706127,0.1482747468466208
planned_path,,,,,,,,,,,,92,4.614864514451185,0.1482747468466208
planned_path,,,,,,,,,,,,93,4.664864515196243,0.1482747468466208
planned_path,,,,,,,,,,,,94,4.714864515941301,0.1482747468466208
planned_path,,,,,,,,,,,,95,4.764864516686359,0.1482747468466208
planned_path,,,,,,,,,,,,96,4.814864517431417,0.1482747468466208
planned_path,,,,,,,,,,,,97,4.864864518176475,0.1482747468466208
planned_path,,,,,,,,,,,,98,4.914864518921533,0.1482747468466208
planned_path,,,,,,,,,,,,99,4.964864519666591,0.1482747468466208
planned_path,,,,,,,,,,,,100,5.014864520411649,0.1482747468466208
planned_path,,,,,,,,,,,,101,5.064864521156707,0.1482747468466208
planned_path,,,,,,,,,,,,102,5.114864521901765,0.1482747468466208
planned_path,,,,,,,,,,,,103,5.164864522646823,0.1482747468466208
planned_path,,,,,,,,,,,,104,5.214864523391881,0.1482747468466208
planned_path,,,,,,,,,,,,105,5.264864524136939,0.1482747468466208
planned_path,,,,,,,,,,,,106,5.3148645248819975,0.1482747468466208
planned_path,,,,,,,,,,,,107,5.3648645256270555,0.1482747468466208
planned_path,,,,,,,,,,,,108,5.414864526372114,0.1482747468466208
planned_path,,,,,,,,,,,,109,5.464864527117172,0.1482747468466208
planned_path,,,,,,,,,,,,110,5.51486452786223,0.1482747468466208
planned_path,,,,,,,,,,,,111,5.564864528607288,0.1482747468466208
planned_path,,,,,,,,,,,,112,5.614864529352346,0.1482747468466208
planned_path,,,,,,,,,,,,113,5.664864530097404,0.1482747468466208
planned_path,,,,,,,,,,,,114,5.714864530842462,0.1482747468466208
planned_path,,,,,,,,,,,,115,5.76486453158752,0.1482747468466208
planned_path,,,,,,,,,,,,116,5.814864532332578,0.1482747468466208
planned_path,,,,,,,,,,,,117,5.864864533077636,0.1482747468466208
planned_path,,,,,,,,,,,,118,5.914864533822694,0.1482747468466208
planned_path,,,,,,,,,,,,119,5.964864534567752,0.1482747468466208
planned_path,,,,,,,,,,,,120,6.01486453531281,0.1482747468466208
planned_path,,,,,,,,,,,,121,6.064864536057868,0.1482747468466208
planned_path,,,,,,,,,,,,122,6.114864536802926,0.1482747468466208
planned_path,,,,,,,,,,,,123,6.1648645375479845,0.1482747468466208
planned_path,,,,,,,,,,,,124,6.2148645382930425,0.1482747468466208
planned_path,,,,,,,,,,,,125,6.264864539038101,0.1482747468466208
planned_path,,,,,,,,,,,,126,6.314864539783159,0.1482747468466208
planned_path,,,,,,,,,,,,127,6.364864540528217,0.1482747468466208
planned_path,,,,,,,,,,,,128,6.414864541273275,0.1482747468466208
planned_path,,,,,,,,,,,,129,6.464864542018333,0.1482747468466208
planned_path,,,,,,,,,,,,130,6.514864542763391,0.1482747468466208
planned_path,,,,,,,,,,,,131,6.564864543508449,0.1482747468466208
planned_path,,,,,,,,,,,,132,6.614864544253507,0.1482747468466208
planned_path,,,,,,,,,,,,133,6.664864544998565,0.1482747468466208
planned_path,,,,,,,,,,,,134,6.714864545743623,0.1482747468466208
planned_path,,,,,,,,,,,,135,6.764864546488681,0.1482747468466208
planned_path,,,,,,,,,,,,136,6.814864547233739,0.1482747468466208
planned_path,,,,,,,,,,,,137,6.864864547978797,0.1482747468466208
planned_path,,,,,,,,,,,,138,6.914864548723855,0.1482747468466208
planned_path,,,,,,,,,,,,139,6.964864549468913,0.1482747468466208
planned_path,,,,,,,,,,,,140,7.0148645502139715,0.1482747468466208
planned_path,,,,,,,,,,,,141,7.0648645509590295,0.1482747468466208
planned_path,,,,,,,,,,,,142,7.114864551704088,0.1482747468466208
planned_path,,,,,,,,,,,,143,7.164864552449146,0.1482747468466208
planned_path,,,,,,,,,,,,144,7.214864553194204,0.1482747468466208
planned_path,,,,,,,,,,,,145,7.264864553939262,0.1482747468466208
planned_path,,,,,,,,,,,,146,7.31486455468432,0.1482747468466208
planned_path,,,,,,,,,,,,147,7.364864555429378,0.1482747468466208
planned_path,,,,,,,,,,,,148,7.414864556174436,0.1482747468466208
planned_path,,,,,,,,,,,,149,7.464864556919494,0.1482747468466208
planned_path,,,,,,,,,,,,150,7.514864557664552,0.1482747468466208
planned_path,,,,,,,,,,,,151,7.56486455840961,0.1482747468466208
planned_path,,,,,,,,,,,,152,7.614864559154668,0.1482747468466208
planned_path,,,,,,,,,,,,153,7.664864559899726,0.1482747468466208
planned_path,,,,,,,,,,,,154,7.714864560644784,0.1482747468466208
planned_path,,,,,,,,,,,,155,7.764864561389842,0.1482747468466208
planned_path,,,,,,,,,,,,156,7.8148645621349,0.1482747468466208
planned_path,,,,,,,,,,,,157,7.8648645628799585,0.1482747468466208
planned_path,,,,,,,,,,,,158,7.914864563625017,0.1482747468466208
planned_path,,,,,,,,,,,,159,7.964864564370075,0.1482747468466208
planned_path,,,,,,,,,,,,160,8.014864565115133,0.1482747468466208
planned_path,,,,,,,,,,,,161,8.06486456586019,0.1482747468466208
planned_path,,,,,,,,,,,,162,8.114864566605249,0.1482747468466208
planned_path,,,,,,,,,,,,163,8.164864567350307,0.1482747468466208
planned_path,,,,,,,,,,,,164,8.214864568095365,0.1482747468466208
planned_path,,,,,,,,,,,,165,8.264864568840423,0.1482747468466208
planned_path,,,,,,,,,,,,166,8.314864569585481,0.1482747468466208
planned_path,,,,,,,,,,,,167,8.364864570330539,0.1482747468466208
planned_path,,,,,,,,,,,,168,8.414864571075597,0.1482747468466208
planned_path,,,,,,,,,,,,169,8.464864571820655,0.1482747468466208
planned_path,,,,,,,,,,,,170,8.514864572565713,0.1482747468466208
planned_path,,,,,,,,,,,,171,8.564864573310771,0.1482747468466208
planned_path,,,,,,,,,,,,172,8.61486457405583,0.1482747468466208
planned_path,,,,,,,,,,,,173,8.664864574800887,0.1482747468466208
planned_path,,,,,,,,,,,,174,8.714864575545946,0.1482747468466208
planned_path,,,,,,,,,,,,175,8.764864576291004,0.1482747468466208
planned_path,,,,,,,,,,,,176,8.814864577036062,0.1482747468466208
planned_path,,,,,,,,,,,,177,8.86486457778112,0.1482747468466208
planned_path,,,,,,,,,,,,178,8.914864578526178,0.1482747468466208
planned_path,,,,,,,,,,,,179,8.964864579271236,0.1482747468466208
planned_path,,,,,,,,,,,,180,9.014864580016294,0.1482747468466208
planned_path,,,,,,,,,,,,181,9.064864580761352,0.1482747468466208
planned_path,,,,,,,,,,,,182,9.11486458150641,0.1482747468466208
planned_path,,,,,,,,,,,,183,9.164864582251468,0.1482747468466208
planned_path,,,,,,,,,,,,184,9.214864582996526,0.1482747468466208
planned_path,,,,,,,,,,,,185,9.264864583741584,0.19827474759167885
planned_path,,,,,,,,,,,,186,9.314864584486642,0.19827474759167885
planned_path,,,,,,,,,,,,187,9.3648645852317,0.19827474759167885
planned_path,,,,,,,,,,,,188,9.414864585976758,0.19827474759167885
planned_path,,,,,,,,,,,,189,9.464864586721816,0.19827474759167885
planned_path,,,,,,,,,,,,190,9.514864587466874,0.19827474759167885
planned_path,,,,,,,,,,,,191,9.564864588211933,0.19827474759167885
planned_path,,,,,,,,,,,,192,9.61486458895699,0.19827474759167885
planned_path,,,,,,,,,,,,193,9.664864589702049,0.19827474759167885
planned_path,,,,,,,,,,,,194,9.714864590447107,0.19827474759167885
planned_path,,,,,,,,,,,,195,9.764864591192165,0.19827474759167885
planned_path,,,,,,,,,,,,196,9.814864591937223,0.19827474759167885
planned_path,,,,,,,,,,,,197,9.86486459268228,0.19827474759167885
planned_path,,,,,,,,,,,,198,9.914864593427339,0.19827474759167885
planned_path,,,,,,,,,,,,199,9.964864594172397,0.19827474759167885
planned_path,,,,,,,,,,,,200,10.014864594917455,0.19827474759167885
planned_path,,,,,,,,,,,,201,10.064864595662513,0.19827474759167885
planned_path,,,,,,,,,,,,202,10.114864596407571,0.19827474759167885
planned_path,,,,,,,,,,,,203,10.16486459715263,0.19827474759167885
planned_path,,,,,,,,,,,,204,10.214864597897687,0.19827474759167885
planned_path,,,,,,,,,,,,205,10.264864598642745,0.19827474759167885
planned_path,,,,,,,,,,,,206,10.314864599387803,0.19827474759167885
planned_path,,,,,,,,,,,,207,10.364864600132861,0.19827474759167885
planned_path,,,,,,,,,,,,208,10.41486460087792,0.19827474759167885
planned_path,,,,,,,,,,,,209,10.464864601622978,0.19827474759167885
planned_path,,,,,,,,,,,,210,10.514864602368036,0.19827474759167885
planned_path,,,,,,,,,,,,211,10.564864603113094,0.19827474759167885
planned_path,,,,,,,,,,,,212,10.614864603858152,0.19827474759167885
planned_path,,,,,,,,,,,,213,10.66486460460321,0.19827474759167885
planned_path,,,,,,,,,,,,214,10.714864605348268,0.19827474759167885
planned_path,,,,,,,,,,,,215,10.764864606093326,0.19827474759167885
planned_path,,,,,,,,,,,,216,10.814864606838384,0.19827474759167885
planned_path,,,,,,,,,,,,217,10.864864607583442,0.19827474759167885
planned_path,,,,,,,,,,,,218,10.9148646083285,0.19827474759167885
planned_path,,,,,,,,,,,,219,10.964864609073558,0.19827474759167885
planned_path,,,,,,,,,,,,220,11.014864609818616,0.19827474759167885
planned_path,,,,,,,,,,,,221,11.064864610563674,0.19827474759167885
planned_path,,,,,,,,,,,,222,11.114864611308732,0.19827474759167885
planned_path,,,,,,,,,,,,223,11.16486461205379,0.19827474759167885
planned_path,,,,,,,,,,,,224,11.214864612798848,0.19827474759167885
planned_path,,,,,,,,,,,,225,11.264864613543907,0.19827474759167885
planned_path,,,,,,,,,,,,226,11.314864614288965,0.19827474759167885
planned_path,,,,,,,,,,,,227,11.364864615034023,0.2482747483367369
planned_path,,,,,,,,,,,,228,11.41486461577908,0.2482747483367369
planned_path,,,,,,,,,,,,229,11.464864616524139,0.2482747483367369
planned_path,,,,,,,,,,,,230,11.514864617269197,0.2482747483367369
planned_path,,,,,,,,,,,,231,11.564864618014255,0.2482747483367369
planned_path,,,,,,,,,,,,232,11.614864618759313,0.2482747483367369
planned_path,,,,,,,,,,,,233,11.664864619504371,0.29827474908179497
planned_path,,,,,,,,,,,,234,11.714864620249429,0.29827474908179497
planned_path,,,,,,,,,,,,235,11.764864620994487,0.29827474908179497
planned_path,,,,,,,,,,,,236,11.814864621739545,0.29827474908179497
planned_path,,,,,,,,,,,,237,11.864864622484603,0.29827474908179497
planned_path,,,,,,,,,,,,238,11.914864623229661,0.29827474908179497
planned_path,,,,,,,,,,,,239,11.96486462397472,0.348274749826853
planned_path,,,,,,,,,,,,240,12.014864624719777,0.348274749826853
planned_path,,,,,,,,,,,,241,12.064864625464836,0.348274749826853
planned_path,,,,,,,,,,,,242,12.114864626209894,0.348274749826853
planned_path,,,,,,,,,,,,243,12.164864626954952,0.348274749826853
planned_path,,,,,,,,,,,,244,12.21486462770001,0.348274749826853
planned_path,,,,,,,,,,,,245,12.264864628445068,0.3982747505719111
planned_path,,,,,,,,,,,,246,12.314864629190126,0.3982747505719111
planned_path,,,,,,,,,,,,247,12.364864629935184,0.3982747505719111
planned_path,,,,,,,,,,,,248,12.414864630680242,0.3982747505719111
planned_path,,,,,,,,,,,,249,12.4648646314253,0.3982747505719111
planned_path,,,,,,,,,,,,250,12.514864632170358,0.3982747505719111
planned_path,,,,,,,,,,,,251,12.564864632915416,0.44827475131696914
planned_path,,,,,,,,,,,,252,12.614864633660474,0.44827475131696914
planned_path,,,,,,,,,,,,253,12.664864634405532,0.44827475131696914
planned_path,,,,,,,,,,,,254,12.71486463515059,0.44827475131696914
planned_path,,,,,,,,,,,,255,12.764864635895648,0.44827475131696914
planned_path,,,,,,,,,,,,256,12.814864636640706,0.44827475131696914
planned_path,,,,,,,,,,,,257,12.864864637385764,0.4982747520620272
planned_path,,,,,,,,,,,,258,12.914864638130823,0.4982747520620272
planned_path,,,,,,,,,,,,259,12.96486463887588,0.4982747520620272
planned_path,,,,,,,,,,,,260,13.014864639620939,0.4982747520620272
planned_path,,,,,,,,,,,,261,13.064864640365997,0.4982747520620272
planned_path,,,,,,,,,,,,262,13.114864641111055,0.4982747520620272
planned_path,,,,,,,,,,,,263,13.164864641856113,0.5482747528070853
planned_path,,,,,,,,,,,,264,13.21486464260117,0.5482747528070853
planned_path,,,,,,,,,,,,265,13.264864643346229,0.5482747528070853
planned_path,,,,,,,,,,,,266,13.314864644091287,0.5482747528070853
planned_path,,,,,,,,,,,,267,13.364864644836345,0.5482747528070853
planned_path,,,,,,,,,,,,268,13.414864645581403,0.5482747528070853
planned_path,,,,,,,,,,,,269,13.464864646326461,0.5982747535521433
planned_path,,,,,,,,,,,,270,13.51486464707152,0.5982747535521433
planned_path,,,,,,,,,,,,271,13.564864647816577,0.5982747535521433
planned_path,,,,,,,,,,,,272,13.614864648561635,0.5982747535521433
planned_path,,,,,,,,,,,,273,13.664864649306693,0.5982747535521433
planned_path,,,,,,,,,,,,274,13.714864650051751,0.5982747535521433
planned_path,,,,,,,,,,,,275,13.76486465079681,0.6482747542972014
planned_path,,,,,,,,,,,,276,13.814864651541868,0.6482747542972014
planned_path,,,,,,,,,,,,277,13.864864652286926,0.6482747542972014
planned_path,,,,,,,,,,,,278,13.914864653031984,0.6482747542972014
planned_path,,,,,,,,,,,,279,13.964864653777042,0.6482747542972014
planned_path,,,,,,,,,,,,280,14.0148646545221,0.6482747542972014
planned_path,,,,,,,,,,,,281,14.064864655267158,0.6982747550422594
planned_path,,,,,,,,,,,,282,14.114864656012216,0.6982747550422594
planned_path,,,,,,,,,,,,283,14.164864656757274,0.6982747550422594
planned_path,,,,,,,,,,,,284,14.164864656757274,0.6982747550422594
planned_path,,,,,,,,,,,,285,14.214864657502332,0.7482747557873175
planned_path,,,,,,,,,,,,286,14.26486465824739,0.7982747565323756
planned_path,,,,,,,,,,,,287,14.314864658992448,0.8482747572774336
planned_path,,,,,,,,,,,,288,14.364864659737506,0.8982747580224917
planned_path,,,,,,,,,,,,289,14.414864660482564,0.9482747587675497
planned_path,,,,,,,,,,,,290,14.464864661227622,0.9982747595126078
planned_path,,,,,,,,,,,,291,14.51486466197268,1.0482747602576659
planned_path,,,,,,,,,,,,292,14.564864662717738,1.098274761002724
planned_path,,,,,,,,,,,,293,14.614864663462797,1.148274761747782
planned_path,,,,,,,,,,,,294,14.664864664207855,1.19827476249284
planned_path,,,,,,,,,,,,295,14.714864664952913,1.248274763237898
planned_path,,,,,,,,,,,,296,14.76486466569797,1.2982747639829562
planned_path,,,,,,,,,,,,297,14.814864666443029,1.3482747647280142
planned_path,,,,,,,,,,,,298,14.864864667188087,1.3982747654730723
planned_path,,,,,,,,,,,,299,14.914864667933145,1.4482747662181303
planned_path,,,,,,,,,,,,300,14.964864668678203,1.4982747669631884
planned_path,,,,,,,,,,,,301,15.014864669423261,1.5482747677082465
planned_path,,,,,,,,,,,,302,15.064864670168319,1.5982747684533045
planned_path,,,,,,,,,,,,303,15.064864670168319,1.6482747691983626
planned_path,,,,,,,,,,,,304,15.114864670913377,1.6982747699434206
planned_path,,,,,,,,,,,,305,15.114864670913377,1.7482747706884787
planned_path,,,,,,,,,,,,306,15.114864670913377,1.7982747714335368
planned_path,,,,,,,,,,,,307,15.114864670913377,1.7982747714335368
planned_path,,,,,,,,,,,,308,15.114864670913377,1.8482747721785948
planned_path,,,,,,,,,,,,309,15.114864670913377,1.8982747729236529
planned_path,,,,,,,,,,,,310,15.114864670913377,1.948274773668711
planned_path,,,,,,,,,,,,311,15.114864670913377,1.998274774413769
planned_path,,,,,,,,,,,,312,15.114864670913377,2.048274775158827
planned_path,,,,,,,,,,,,313,15.114864670913377,2.098274775903885
planned_path,,,,,,,,,,,,314,15.114864670913377,2.148274776648943
planned_path,,,,,,,,,,,,315,15.114864670913377,2.1982747773940012
planned_path,,,,,,,,,,,,316,15.164864671658435,2.2482747781390593
planned_path,,,,,,,,,,,,317,15.164864671658435,2.2982747788841174
planned_path,,,,,,,,,,,,318,15.214864672403493,2.3482747796291754
planned_path,,,,,,,,,,,,319,15.214864672403493,2.3982747803742335
planned_path,,,,,,,,,,,,320,15.214864672403493,2.4482747811192915
planned_path,,,,,,,,,,,,321,15.214864672403493,2.4982747818643496
planned_path,,,,,,,,,,,,322,15.214864672403493,2.5482747826094077
planned_path,,,,,,,,,,,,323,15.214864672403493,2.5982747833544657
planned_path,,,,,,,,,,,,324,15.214864672403493,2.6482747840995238
planned_path,,,,,,,,,,,,325,15.214864672403493,2.698274784844582
planned_path,,,,,,,,,,,,326,15.214864672403493,2.74827478558964
planned_path,,,,,,,,,,,,327,15.214864672403493,2.798274786334698
planned_path,,,,,,,,,,,,328,15.214864672403493,2.848274787079756
planned_path,,,,,,,,,,,,329,15.214864672403493,2.898274787824814
planned_path,,,,,,,,,,,,330,15.214864672403493,2.948274788569872
planned_path,,,,,,,,,,,,331,15.214864672403493,2.99827478931493
planned_path,,,,,,,,,,,,332,15.214864672403493,3.0482747900599882
planned_path,,,,,,,,,,,,333,15.214864672403493,3.0982747908050463
planned_path,,,,,,,,,,,,334,15.214864672403493,3.1482747915501044
planned_path,,,,,,,,,,,,335,15.214864672403493,3.1982747922951624
planned_path,,,,,,,,,,,,336,15.264864673148551,3.2482747930402205
planned_path,,,,,,,,,,,,337,15.264864673148551,3.2982747937852785
planned_path,,,,,,,,,,,,338,15.264864673148551,3.3482747945303366
planned_path,,,,,,,,,,,,339,15.264864673148551,3.3482747945303366
planned_path,,,,,,,,,,,,340,15.264864673148551,3.3982747952753947
planned_path,,,,,,,,,,,,341,15.264864673148551,3.4482747960204527
planned_path,,,,,,,,,,,,342,15.264864673148551,3.498274796765511
planned_path,,,,,,,,,,,,343,15.264864673148551,3.548274797510569
planned_path,,,,,,,,,,,,344,15.264864673148551,3.598274798255627
planned_path,,,,,,,,,,,,345,15.264864673148551,3.648274799000685
planned_path,,,,,,,,,,,,346,15.264864673148551,3.698274799745743
planned_path,,,,,,,,,,,,347,15.264864673148551,3.748274800490801
planned_path,,,,,,,,,,,,348,15.264864673148551,3.798274801235859
planned_path,,,,,,,,,,,,349,15.264864673148551,3.848274801980917
planned_path,,,,,,,,,,,,350,15.264864673148551,3.8982748027259753
planned_path,,,,,,,,,,,,351,15.264864673148551,3.9482748034710333
planned_path,,,,,,,,,,,,352,15.264864673148551,3.9982748042160914
planned_path,,,,,,,,,,,,353,15.264864673148551,4.048274804961149
planned_path,,,,,,,,,,,,354,15.264864673148551,4.0982748057062075
planned_path,,,,,,,,,,,,355,15.264864673148551,4.148274806451266
planned_path,,,,,,,,,,,,356,15.264864673148551,4.198274807196324
planned_path,,,,,,,,,,,,357,15.264864673148551,4.248274807941382
planned_path,,,,,,,,,,,,358,15.264864673148551,4.29827480868644
planned_path,,,,,,,,,,,,359,15.264864673148551,4.348274809431498
planned_path,,,,,,,,,,,,360,15.264864673148551,4.398274810176556
planned_path,,,,,,,,,,,,361,15.264864673148551,4.448274810921614
planned_path,,,,,,,,,,,,362,15.264864673148551,4.498274811666672
planned_path,,,,,,,,,,,,363,15.264864673148551,4.54827481241173
planned_path,,,,,,,,,,,,364,15.264864673148551,4.598274813156788
planned_path,,,,,,,,,,,,365,15.264864673148551,4.648274813901846
planned_path,,,,,,,,,,,,366,15.264864673148551,4.698274814646904
planned_path,,,,,,,,,,,,367,15.264864673148551,4.748274815391962
planned_path,,,,,,,,,,,,368,15.264864673148551,4.79827481613702
planned_path,,,,,,,,,,,,369,15.264864673148551,4.848274816882078
planned_path,,,,,,,,,,,,370,15.264864673148551,4.8982748176271365
planned_path,,,,,,,,,,,,371,15.264864673148551,4.9482748183721945
planned_path,,,,,,,,,,,,372,15.264864673148551,4.998274819117253
planned_path,,,,,,,,,,,,373,15.264864673148551,5.048274819862311
planned_path,,,,,,,,,,,,374,15.264864673148551,5.098274820607369
planned_path,,,,,,,,,,,,375,15.264864673148551,5.148274821352427
planned_path,,,,,,,,,,,,376,15.264864673148551,5.198274822097485
planned_path,,,,,,,,,,,,377,15.264864673148551,5.248274822842543
planned_path,,,,,,,,,,,,378,15.264864673148551,5.298274823587601
planned_path,,,,,,,,,,,,379,15.264864673148551,5.348274824332659
planned_path,,,,,,,,,,,,380,15.264864673148551,5.398274825077717
planned_path,,,,,,,,,,,,381,15.264864673148551,5.448274825822775
planned_path,,,,,,,,,,,,382,15.264864673148551,5.498274826567833
planned_path,,,,,,,,,,,,383,15.264864673148551,5.548274827312891
planned_path,,,,,,,,,,,,384,15.264864673148551,5.598274828057949
planned_path,,,,,,,,,,,,385,15.264864673148551,5.648274828803007
planned_path,,,,,,,,,,,,386,15.264864673148551,5.698274829548065
planned_path,,,,,,,,,,,,387,15.264864673148551,5.7482748302931235
planned_path,,,,,,,,,,,,388,15.264864673148551,5.7982748310381815
planned_path,,,,,,,,,,,,389,15.264864673148551,5.84827483178324
planned_path,,,,,,,,,,,,390,15.264864673148551,5.898274832528298
planned_path,,,,,,,,,,,,391,15.264864673148551,5.948274833273356
planned_path,,,,,,,,,,,,392,15.264864673148551,5.998274834018414
planned_path,,,,,,,,,,,,393,15.264864673148551,6.048274834763472
planned_path,,,,,,,,,,,,394,15.264864673148551,6.09827483550853
planned_path,,,,,,,,,,,,395,15.264864673148551,6.148274836253588
planned_path,,,,,,,,,,,,396,15.264864673148551,6.198274836998646
planned_path,,,,,,,,,,,,397,15.264864673148551,6.248274837743704
planned_path,,,,,,,,,,,,398,15.264864673148551,6.298274838488762
planned_path,,,,,,,,,,,,399,15.264864673148551,6.34827483923382
planned_path,,,,,,,,,,,,400,15.264864673148551,6.398274839978878
planned_path,,,,,,,,,,,,401,15.264864673148551,6.448274840723936
planned_path,,,,,,,,,,,,402,15.264864673148551,6.498274841468994
planned_path,,,,,,,,,,,,403,15.264864673148551,6.548274842214052
planned_path,,,,,,,,,,,,404,15.264864673148551,6.5982748429591105
planned_path,,,,,,,,,,,,405,15.264864673148551,6.6482748437041685
planned_path,,,,,,,,,,,,406,15.264864673148551,6.698274844449227
planned_path,,,,,,,,,,,,407,15.264864673148551,6.748274845194285
planned_path,,,,,,,,,,,,408,15.264864673148551,6.798274845939343
planned_path,,,,,,,,,,,,409,15.264864673148551,6.848274846684401
planned_path,,,,,,,,,,,,410,15.264864673148551,6.898274847429459
planned_path,,,,,,,,,,,,411,15.264864673148551,6.948274848174517
planned_path,,,,,,,,,,,,412,15.264864673148551,6.998274848919575
planned_path,,,,,,,,,,,,413,15.264864673148551,7.048274849664633
planned_path,,,,,,,,,,,,414,15.264864673148551,7.098274850409691
planned_path,,,,,,,,,,,,415,15.264864673148551,7.148274851154749
planned_path,,,,,,,,,,,,416,15.264864673148551,7.198274851899807
planned_path,,,,,,,,,,,,417,15.264864673148551,7.248274852644865
planned_path,,,,,,,,,,,,418,15.264864673148551,7.298274853389923
planned_path,,,,,,,,,,,,419,15.264864673148551,7.348274854134981
planned_path,,,,,,,,,,,,420,15.264864673148551,7.398274854880039
planned_path,,,,,,,,,,,,421,15.264864673148551,7.4482748556250975
planned_path,,,,,,,,,,,,422,15.264864673148551,7.498274856370156
planned_path,,,,,,,,,,,,423,15.264864673148551,7.548274857115214
planned_path,,,,,,,,,,,,424,15.264864673148551,7.598274857860272
planned_path,,,,,,,,,,,,425,15.264864673148551,7.64827485860533
planned_path,,,,,,,,,,,,426,15.264864673148551,7.698274859350388
planned_path,,,,,,,,,,,,427,15.264864673148551,7.748274860095446
planned_path,,,,,,,,,,,,428,15.264864673148551,7.798274860840504
planned_path,,,,,,,,,,,,429,15.264864673148551,7.848274861585562
planned_path,,,,,,,,,,,,430,15.264864673148551,7.89827486233062
planned_path,,,,,,,,,,,,431,15.264864673148551,7.948274863075678
planned_path,,,,,,,,,,,,432,15.264864673148551,7.998274863820736
planned_path,,,,,,,,,,,,433,15.264864673148551,8.048274864565794
planned_path,,,,,,,,,,,,434,15.264864673148551,8.098274865310852
planned_path,,,,,,,,,,,,435,15.264864673148551,8.14827486605591
planned_path,,,,,,,,,,,,436,15.264864673148551,8.198274866800968
planned_path,,,,,,,,,,,,437,15.264864673148551,8.248274867546026
planned_path,,,,,,,,,,,,438,15.264864673148551,8.298274868291085
planned_path,,,,,,,,,,,,439,15.264864673148551,8.348274869036143
planned_path,,,,,,,,,,,,440,15.264864673148551,8.3982748697812
planned_path,,,,,,,,,,,,441,15.264864673148551,8.448274870526259
planned_path,,,,,,,,,,,,442,15.264864673148551,8.498274871271317
planned_path,,,,,,,,,,,,443,15.264864673148551,8.548274872016375
planned_path,,,,,,,,,,,,444,15.264864673148551,8.598274872761433
planned_path,,,,,,,,,,,,445,15.264864673148551,8.648274873506491
planned_path,,,,,,,,,,,,446,15.264864673148551,8.698274874251549
planned_path,,,,,,,,,,,,447,15.264864673148551,8.748274874996607
planned_path,,,,,,,,,,,,448,15.264864673148551,8.798274875741665
planned_path,,,,,,,,,,,,449,15.264864673148551,8.848274876486723
planned_path,,,,,,,,,,,,450,15.264864673148551,8.898274877231781
planned_path,,,,,,,,,,,,451,15.264864673148551,8.94827487797684
planned_path,,,,,,,,,,,,452,15.264864673148551,8.998274878721897
planned_path,,,,,,,,,,,,453,15.264864673148551,9.048274879466955
planned_path,,,,,,,,,,,,454,15.264864673148551,9.098274880212013
planned_path,,,,,,,,,,,,455,15.264864673148551,9.148274880957072
planned_path,,,,,,,,,,,,456,15.264864673148551,9.19827488170213
planned_path,,,,,,,,,,,,457,15.264864673148551,9.248274882447188
planned_path,,,,,,,,,,,,458,15.264864673148551,9.298274883192246
planned_path,,,,,,,,,,,,459,15.31486467389361,9.348274883937304
planned_path,,,,,,,,,,,,460,15.31486467389361,9.398274884682362
planned_path,,,,,,,,,,,,461,15.31486467389361,9.44827488542742
planned_path,,,,,,,,,,,,462,15.31486467389361,9.498274886172478
planned_path,,,,,,,,,,,,463,15.31486467389361,9.548274886917536
planned_path,,,,,,,,,,,,464,15.31486467389361,9.598274887662594
planned_path,,,,,,,,,,,,465,15.364864674638667,9.648274888407652
planned_path,,,,,,,,,,,,466,15.364864674638667,9.69827488915271
planned_path,,,,,,,,,,,,467,15.364864674638667,9.748274889897768
planned_path,,,,,,,,,,,,468,15.164864671658435,12.79827493534631
planned_path,,,,,,,,,,,,469,15.114864670913377,12.848274936091368
planned_path,,,,,,,,,,,,470,15.064864670168319,12.898274936836426
planned_path,,,,,,,,,,,,471,15.014864669423261,12.948274937581484
planned_path,,,,,,,,,,,,472,14.964864668678203,12.998274938326542
planned_path,,,,,,,,,,,,473,14.914864667933145,13.0482749390716
planned_path,,,,,,,,,,,,474,14.864864667188087,13.098274939816658
planned_path,,,,,,,,,,,,475,14.814864666443029,13.148274940561716
planned_path,,,,,,,,,,,,476,14.76486466569797,13.198274941306774
planned_path,,,,,,,,,,,,477,14.714864664952913,13.248274942051832
planned_path,,,,,,,,,,,,478,14.664864664207855,13.248274942051832
planned_path,,,,,,,,,,,,479,14.664864664207855,13.248274942051832
planned_path,,,,,,,,,,,,480,14.614864663462797,13.248274942051832
planned_path,,,,,,,,,,,,481,14.564864662717738,13.248274942051832
planned_path,,,,,,,,,,,,482,14.51486466197268,13.248274942051832
planned_path,,,,,,,,,,,,483,14.464864661227622,13.248274942051832
planned_path,,,,,,,,,,,,484,14.414864660482564,13.248274942051832
planned_path,,,,,,,,,,,,485,14.364864659737506,13.248274942051832
planned_path,,,,,,,,,,,,486,14.314864658992448,13.248274942051832
planned_path,,,,,,,,,,,,487,14.26486465824739,13.248274942051832
planned_path,,,,,,,,,,,,488,14.214864657502332,13.248274942051832
planned_path,,,,,,,,,,,,489,14.164864656757274,13.248274942051832
planned_path,,,,,,,,,,,,490,14.114864656012216,13.248274942051832
planned_path,,,,,,,,,,,,491,14.064864655267158,13.29827494279689
planned_path,,,,,,,,,,,,492,14.0148646545221,13.348274943541949
planned_path,,,,,,,,,,,,493,13.964864653777042,13.398274944287007
planned_path,,,,,,,,,,,,494,13.914864653031984,13.398274944287007
planned_path,,,,,,,,,,,,495,13.864864652286926,13.398274944287007
planned_path,,,,,,,,,,,,496,13.814864651541868,13.398274944287007
planned_path,,,,,,,,,,,,497,13.76486465079681,13.398274944287007
planned_path,,,,,,,,,,,,498,13.714864650051751,13.398274944287007
planned_path,,,,,,,,,,,,499,13.664864649306693,13.398274944287007
planned_path,,,,,,,,,,,,500,13.614864648561635,13.398274944287007
planned_path,,,,,,,,,,,,501,13.564864647816577,13.398274944287007
planned_path,,,,,,,,,,,,502,13.51486464707152,13.398274944287007
planned_path,,,,,,,,,,,,503,13.464864646326461,13.398274944287007
planned_path,,,,,,,,,,,,504,13.414864645581403,13.398274944287007
planned_path,,,,,,,,,,,,505,13.364864644836345,13.398274944287007
planned_path,,,,,,,,,,,,506,13.314864644091287,13.398274944287007
planned_path,,,,,,,,,,,,507,13.264864643346229,13.398274944287007
planned_path,,,,,,,,,,,,508,13.21486464260117,13.398274944287007
planned_path,,,,,,,,,,,,509,13.21486464260117,13.398274944287007
planned_path,,,,,,,,,,,,510,13.164864641856113,13.398274944287007
planned_path,,,,,,,,,,,,511,13.114864641111055,13.398274944287007
planned_path,,,,,,,,,,,,512,13.064864640365997,13.398274944287007
planned_path,,,,,,,,,,,,513,13.014864639620939,13.398274944287007
planned_path,,,,,,,,,,,,514,12.96486463887588,13.398274944287007
planned_path,,,,,,,,,,,,515,12.914864638130823,13.398274944287007
planned_path,,,,,,,,,,,,516,12.864864637385764,13.398274944287007
planned_path,,,,,,,,,,,,517,12.814864636640706,13.398274944287007
planned_path,,,,,,,,,,,,518,12.764864635895648,13.398274944287007
planned_path,,,,,,,,,,,,519,12.71486463515059,13.398274944287007
planned_path,,,,,,,,,,,,520,12.664864634405532,13.398274944287007
planned_path,,,,,,,,,,,,521,12.614864633660474,13.398274944287007
planned_path,,,,,,,,,,,,522,12.564864632915416,13.398274944287007
planned_path,,,,,,,,,,,,523,12.514864632170358,13.398274944287007
planned_path,,,,,,,,,,,,524,12.4648646314253,13.398274944287007
planned_path,,,,,,,,,,,,525,12.414864630680242,13.398274944287007
planned_path,,,,,,,,,,,,526,12.364864629935184,13.398274944287007
planned_path,,,,,,,,,,,,527,12.314864629190126,13.398274944287007
planned_path,,,,,,,,,,,,528,12.264864628445068,13.398274944287007
planned_path,,,,,,,,,,,,529,12.21486462770001,13.398274944287007
planned_path,,,,,,,,,,,,530,12.164864626954952,13.398274944287007
planned_path,,,,,,,,,,,,531,12.114864626209894,13.398274944287007
planned_path,,,,,,,,,,,,532,12.064864625464836,13.398274944287007
planned_path,,,,,,,,,,,,533,12.014864624719777,13.398274944287007
planned_path,,,,,,,,,,,,534,11.96486462397472,13.398274944287007
planned_path,,,,,,,,,,,,535,11.914864623229661,13.398274944287007
planned_path,,,,,,,,,,,,536,11.864864622484603,13.398274944287007
planned_path,,,,,,,,,,,,537,11.814864621739545,13.398274944287007
planned_path,,,,,,,,,,,,538,11.764864620994487,13.398274944287007
planned_path,,,,,,,,,,,,539,11.714864620249429,13.398274944287007
planned_path,,,,,,,,,,,,540,11.664864619504371,13.398274944287007
planned_path,,,,,,,,,,,,541,11.614864618759313,13.398274944287007
planned_path,,,,,,,,,,,,542,11.564864618014255,13.398274944287007
planned_path,,,,,,,,,,,,543,11.514864617269197,13.398274944287007
planned_path,,,,,,,,,,,,544,11.464864616524139,13.398274944287007
planned_path,,,,,,,,,,,,545,11.41486461577908,13.398274944287007
planned_path,,,,,,,,,,,,546,11.364864615034023,13.398274944287007
planned_path,,,,,,,,,,,,547,11.314864614288965,13.398274944287007
planned_path,,,,,,,,,,,,548,11.264864613543907,13.398274944287007
planned_path,,,,,,,,,,,,549,11.214864612798848,13.398274944287007
planned_path,,,,,,,,,,,,550,11.16486461205379,13.398274944287007
planned_path,,,,,,,,,,,,551,11.114864611308732,13.398274944287007
planned_path,,,,,,,,,,,,552,11.064864610563674,13.398274944287007
planned_path,,,,,,,,,,,,553,11.014864609818616,13.398274944287007
planned_path,,,,,,,,,,,,554,10.964864609073558,13.398274944287007
planned_path,,,,,,,,,,,,555,10.9148646083285,13.398274944287007
planned_path,,,,,,,,,,,,556,10.864864607583442,13.398274944287007
planned_path,,,,,,,,,,,,557,10.814864606838384,13.398274944287007
planned_path,,,,,,,,,,,,558,10.764864606093326,13.398274944287007
planned_path,,,,,,,,,,,,559,10.714864605348268,13.398274944287007
planned_path,,,,,,,,,,,,560,10.66486460460321,13.398274944287007
planned_path,,,,,,,,,,,,561,10.614864603858152,13.398274944287007
planned_path,,,,,,,,,,,,562,10.564864603113094,13.398274944287007
planned_path,,,,,,,,,,,,563,10.514864602368036,13.398274944287007
planned_path,,,,,,,,,,,,564,10.464864601622978,13.398274944287007
planned_path,,,,,,,,,,,,565,10.41486460087792,13.398274944287007
planned_path,,,,,,,,,,,,566,10.364864600132861,13.398274944287007
planned_path,,,,,,,,,,,,567,10.314864599387803,13.398274944287007
planned_path,,,,,,,,,,,,568,10.264864598642745,13.398274944287007
planned_path,,,,,,,,,,,,569,10.214864597897687,13.398274944287007
planned_path,,,,,,,,,,,,570,10.16486459715263,13.398274944287007
planned_path,,,,,,,,,,,,571,10.114864596407571,13.398274944287007
planned_path,,,,,,,,,,,,572,10.064864595662513,13.398274944287007
planned_path,,,,,,,,,,,,573,10.014864594917455,13.398274944287007
planned_path,,,,,,,,,,,,574,9.964864594172397,13.398274944287007
planned_path,,,,,,,,,,,,575,9.914864593427339,13.398274944287007
planned_path,,,,,,,,,,,,576,9.86486459268228,13.398274944287007
planned_path,,,,,,,,,,,,577,9.814864591937223,13.398274944287007
planned_path,,,,,,,,,,,,578,9.764864591192165,13.398274944287007
planned_path,,,,,,,,,,,,579,9.714864590447107,13.398274944287007
planned_path,,,,,,,,,,,,580,9.664864589702049,13.398274944287007
planned_path,,,,,,,,,,,,581,9.61486458895699,13.398274944287007
planned_path,,,,,,,,,,,,582,9.564864588211933,13.398274944287007
planned_path,,,,,,,,,,,,583,9.514864587466874,13.398274944287007
planned_path,,,,,,,,,,,,584,9.464864586721816,13.398274944287007
planned_path,,,,,,,,,,,,585,9.414864585976758,13.398274944287007
planned_path,,,,,,,,,,,,586,9.3648645852317,13.398274944287007
planned_path,,,,,,,,,,,,587,9.314864584486642,13.398274944287007
planned_path,,,,,,,,,,,,588,9.264864583741584,13.398274944287007
planned_path,,,,,,,,,,,,589,9.214864582996526,13.398274944287007
planned_path,,,,,,,,,,,,590,9.164864582251468,13.398274944287007
planned_path,,,,,,,,,,,,591,9.11486458150641,13.398274944287007
planned_path,,,,,,,,,,,,592,9.064864580761352,13.398274944287007
planned_path,,,,,,,,,,,,593,9.014864580016294,13.398274944287007
planned_path,,,,,,,,,,,,594,8.964864579271236,13.398274944287007
planned_path,,,,,,,,,,,,595,8.914864578526178,13.398274944287007
planned_path,,,,,,,,,,,,596,8.86486457778112,13.398274944287007
planned_path,,,,,,,,,,,,597,8.814864577036062,13.398274944287007
planned_path,,,,,,,,,,,,598,8.764864576291004,13.398274944287007
planned_path,,,,,,,,,,,,599,8.714864575545946,13.398274944287007
planned_path,,,,,,,,,,,,600,8.664864574800887,13.398274944287007
planned_path,,,,,,,,,,,,601,8.61486457405583,13.398274944287007
planned_path,,,,,,,,,,,,602,8.564864573310771,13.398274944287007
planned_path,,,,,,,,,,,,603,8.514864572565713,13.398274944287007
planned_path,,,,,,,,,,,,604,8.464864571820655,13.398274944287007
planned_path,,,,,,,,,,,,605,8.414864571075597,13.398274944287007
planned_path,,,,,,,,,,,,606,8.364864570330539,13.398274944287007
planned_path,,,,,,,,,,,,607,8.314864569585481,13.398274944287007
planned_path,,,,,,,,,,,,608,8.264864568840423,13.398274944287007
planned_path,,,,,,,,,,,,609,8.214864568095365,13.398274944287007
planned_path,,,,,,,,,,,,610,8.164864567350307,13.398274944287007
planned_path,,,,,,,,,,,,611,8.114864566605249,13.398274944287007
planned_path,,,,,,,,,,,,612,8.06486456586019,13.398274944287007
planned_path,,,,,,,,,,,,613,8.014864565115133,13.398274944287007
planned_path,,,,,,,,,,,,614,7.964864564370075,13.398274944287007
planned_path,,,,,,,,,,,,615,7.914864563625017,13.398274944287007
planned_path,,,,,,,,,,,,616,7.8648645628799585,13.398274944287007
planned_path,,,,,,,,,,,,617,7.8148645621349,13.398274944287007
planned_path,,,,,,,,,,,,618,7.764864561389842,13.398274944287007
planned_path,,,,,,,,,,,,619,7.714864560644784,13.398274944287007
planned_path,,,,,,,,,,,,620,7.664864559899726,13.398274944287007
planned_path,,,,,,,,,,,,621,7.614864559154668,13.398274944287007
planned_path,,,,,,,,,,,,622,7.56486455840961,13.398274944287007
planned_path,,,,,,,,,,,,623,7.514864557664552,13.398274944287007
planned_path,,,,,,,,,,,,624,7.464864556919494,13.398274944287007
planned_path,,,,,,,,,,,,625,7.414864556174436,13.398274944287007
planned_path,,,,,,,,,,,,626,7.364864555429378,13.398274944287007
planned_path,,,,,,,,,,,,627,7.31486455468432,13.398274944287007
planned_path,,,,,,,,,,,,628,7.264864553939262,13.398274944287007
planned_path,,,,,,,,,,,,629,7.214864553194204,13.398274944287007
planned_path,,,,,,,,,,,,630,7.164864552449146,13.398274944287007
planned_path,,,,,,,,,,,,631,7.114864551704088,13.398274944287007
planned_path,,,,,,,,,,,,632,7.0648645509590295,13.398274944287007
planned_path,,,,,,,,,,,,633,7.0148645502139715,13.398274944287007
planned_path,,,,,,,,,,,,634,6.964864549468913,13.398274944287007
planned_path,,,,,,,,,,,,635,6.914864548723855,13.398274944287007
planned_path,,,,,,,,,,,,636,6.864864547978797,13.398274944287007
planned_path,,,,,,,,,,,,637,6.814864547233739,13.398274944287007
planned_path,,,,,,,,,,,,638,6.764864546488681,13.398274944287007
planned_path,,,,,,,,,,,,639,6.714864545743623,13.398274944287007
planned_path,,,,,,,,,,,,640,6.664864544998565,13.398274944287007
planned_path,,,,,,,,,,,,641,6.614864544253507,13.398274944287007
planned_path,,,,,,,,,,,,642,6.564864543508449,13.398274944287007
planned_path,,,,,,,,,,,,643,6.514864542763391,13.398274944287007
planned_path,,,,,,,,,,,,644,6.464864542018333,13.398274944287007
planned_path,,,,,,,,,,,,645,6.414864541273275,13.398274944287007
planned_path,,,,,,,,,,,,646,6.364864540528217,13.398274944287007
planned_path,,,,,,,,,,,,647,6.314864539783159,13.398274944287007
planned_path,,,,,,,,,,,,648,6.264864539038101,13.398274944287007
planned_path,,,,,,,,,,,,649,6.2148645382930425,13.398274944287007
planned_path,,,,,,,,,,,,650,6.1648645375479845,13.398274944287007
planned_path,,,,,,,,,,,,651,6.114864536802926,13.398274944287007
planned_path,,,,,,,,,,,,652,6.064864536057868,13.398274944287007
planned_path,,,,,,,,,,,,653,6.01486453531281,13.398274944287007
planned_path,,,,,,,,,,,,654,5.964864534567752,13.398274944287007
planned_path,,,,,,,,,,,,655,5.914864533822694,13.398274944287007
planned_path,,,,,,,,,,,,656,5.864864533077636,13.398274944287007
planned_path,,,,,,,,,,,,657,5.814864532332578,13.398274944287007
planned_path,,,,,,,,,,,,658,5.76486453158752,13.398274944287007
planned_path,,,,,,,,,,,,659,5.714864530842462,13.398274944287007
planned_path,,,,,,,,,,,,660,5.664864530097404,13.398274944287007
planned_path,,,,,,,,,,,,661,5.614864529352346,13.398274944287007
planned_path,,,,,,,,,,,,662,5.564864528607288,13.398274944287007
planned_path,,,,,,,,,,,,663,5.51486452786223,13.398274944287007
planned_path,,,,,,,,,,,,664,5.464864527117172,13.398274944287007
planned_path,,,,,,,,,,,,665,5.414864526372114,13.398274944287007
planned_path,,,,,,,,,,,,666,5.3648645256270555,13.398274944287007
planned_path,,,,,,,,,,,,667,5.3148645248819975,13.398274944287007
planned_path,,,,,,,,,,,,668,5.264864524136939,13.398274944287007
planned_path,,,,,,,,,,,,669,5.214864523391881,13.398274944287007
planned_path,,,,,,,,,,,,670,5.164864522646823,13.398274944287007
planned_path,,,,,,,,,,,,671,5.114864521901765,13.398274944287007
planned_path,,,,,,,,,,,,672,5.064864521156707,13.398274944287007
planned_path,,,,,,,,,,,,673,5.014864520411649,13.398274944287007
planned_path,,,,,,,,,,,,674,4.964864519666591,13.398274944287007
planned_path,,,,,,,,,,,,675,4.914864518921533,13.398274944287007
planned_path,,,,,,,,,,,,676,4.864864518176475,13.398274944287007
planned_path,,,,,,,,,,,,677,4.814864517431417,13.398274944287007
planned_path,,,,,,,,,,,,678,4.764864516686359,13.398274944287007
planned_path,,,,,,,,,,,,679,4.714864515941301,13.398274944287007
planned_path,,,,,,,,,,,,680,4.664864515196243,13.398274944287007
planned_path,,,,,,,,,,,,681,4.614864514451185,13.398274944287007
planned_path,,,,,,,,,,,,682,4.564864513706127,13.398274944287007
planned_path,,,,,,,,,,,,683,4.5148645129610685,13.398274944287007
planned_path,,,,,,,,,,,,684,4.46486451221601,13.398274944287007
planned_path,,,,,,,,,,,,685,4.414864511470952,13.398274944287007
planned_path,,,,,,,,,,,,686,4.364864510725894,13.398274944287007
planned_path,,,,,,,,,,,,687,4.314864509980836,13.398274944287007
planned_path,,,,,,,,,,,,688,4.264864509235778,13.398274944287007
planned_path,,,,,,,,,,,,689,4.21486450849072,13.398274944287007
planned_path,,,,,,,,,,,,690,4.164864507745662,13.398274944287007
planned_path,,,,,,,,,,,,691,4.114864507000604,13.398274944287007
planned_path,,,,,,,,,,,,692,4.064864506255546,13.398274944287007
planned_path,,,,,,,,,,,,693,4.014864505510488,13.398274944287007
planned_path,,,,,,,,,,,,694,3.96486450476543,13.398274944287007
planned_path,,,,,,,,,,,,695,3.914864504020372,13.398274944287007
planned_path,,,,,,,,,,,,696,3.8648645032753137,13.398274944287007
planned_path,,,,,,,,,,,,697,3.8148645025302557,13.398274944287007
planned_path,,,,,,,,,,,,698,3.7648645017851976,13.398274944287007
planned_path,,,,,,,,,,,,699,3.7148645010401395,13.398274944287007
planned_path,,,,,,,,,,,,700,3.6648645002950815,13.398274944287007
planned_path,,,,,,,,,,,,701,3.6148644995500234,13.398274944287007
planned_path,,,,,,,,,,,,702,3.5648644988049654,13.398274944287007
planned_path,,,,,,,,,,,,703,3.5148644980599073,13.398274944287007
planned_path,,,,,,,,,,,,704,3.4648644973148492,13.398274944287007
planned_path,,,,,,,,,,,,705,3.414864496569791,13.398274944287007
planned_path,,,,,,,,,,,,706,3.364864495824733,13.398274944287007
planned_path,,,,,,,,,,,,707,3.314864495079675,13.398274944287007
planned_path,,,,,,,,,,,,708,3.264864494334617,13.398274944287007
planned_path,,,,,,,,,,,,709,3.214864493589559,13.398274944287007
planned_path,,,,,,,,,,,,710,3.164864492844501,13.398274944287007
planned_path,,,,,,,,,,,,711,3.114864492099443,13.398274944287007
planned_path,,,,,,,,,,,,712,3.0648644913543848,13.398274944287007
planned_path,,,,,,,,,,,,713,3.0148644906093267,13.398274944287007
planned_path,,,,,,,,,,,,714,2.9648644898642686,13.398274944287007
planned_path,,,,,,,,,,,,715,2.9148644891192106,13.398274944287007
planned_path,,,,,,,,,,,,716,2.8648644883741525,13.398274944287007
planned_path,,,,,,,,,,,,717,2.8148644876290945,13.398274944287007
planned_path,,,,,,,,,,,,718,2.7648644868840364,13.398274944287007
planned_path,,,,,,,,,,,,719,2.7148644861389784,13.398274944287007
planned_path,,,,,,,,,,,,720,2.6648644853939203,13.398274944287007
planned_path,,,,,,,,,,,,721,2.6148644846488622,13.398274944287007
planned_path,,,,,,,,,,,,722,2.564864483903804,13.398274944287007
planned_path,,,,,,,,,,,,723,2.514864483158746,13.398274944287007
planned_path,,,,,,,,,,,,724,2.464864482413688,13.398274944287007
planned_path,,,,,,,,,,,,725,2.41486448166863,13.398274944287007
planned_path,,,,,,,,,,,,726,2.364864480923572,13.398274944287007
planned_path,,,,,,,,,,,,727,2.314864480178514,13.398274944287007
planned_path,,,,,,,,,,,,728,2.264864479433456,13.398274944287007
planned_path,,,,,,,,,,,,729,2.2148644786883978,13.398274944287007
planned_path,,,,,,,,,,,,730,2.1648644779433397,13.398274944287007
planned_path,,,,,,,,,,,,731,2.1148644771982816,13.398274944287007
planned_path,,,,,,,,,,,,732,2.0648644764532236,13.398274944287007
planned_path,,,,,,,,,,,,733,2.0148644757081655,13.398274944287007
planned_path,,,,,,,,,,,,734,1.9648644749631075,13.398274944287007
planned_path,,,,,,,,,,,,735,1.9148644742180494,13.398274944287007
planned_path,,,,,,,,,,,,736,1.8648644734729913,13.398274944287007
planned_path,,,,,,,,,,,,737,1.8148644727279333,13.398274944287007
planned_path,,,,,,,,,,,,738,1.7648644719828752,13.398274944287007
planned_path,,,,,,,,,,,,739,1.7148644712378172,13.398274944287007
planned_path,,,,,,,,,,,,740,1.664864470492759,13.398274944287007
planned_path,,,,,,,,,,,,741,1.614864469747701,13.398274944287007
planned_path,,,,,,,,,,,,742,1.564864469002643,13.398274944287007
planned_path,,,,,,,,,,,,743,1.514864468257585,13.398274944287007
planned_path,,,,,,,,,,,,744,1.4648644675125269,13.398274944287007
planned_path,,,,,,,,,,,,745,1.4148644667674688,13.398274944287007
planned_path,,,,,,,,,,,,746,1.3648644660224107,13.398274944287007
planned_path,,,,,,,,,,,,747,1.3148644652773527,13.398274944287007
planned_path,,,,,,,,,,,,748,1.2648644645322946,13.398274944287007
planned_path,,,,,,,,,,,,749,1.2148644637872366,13.398274944287007
planned_path,,,,,,,,,,,,750,1.1648644630421785,13.398274944287007
planned_path,,,,,,,,,,,,751,1.1148644622971204,13.398274944287007
planned_path,,,,,,,,,,,,752,1.0648644615520624,13.398274944287007
planned_path,,,,,,,,,,,,753,1.0148644608070043,13.398274944287007
planned_path,,,,,,,,,,,,754,0.9648644600619463,13.398274944287007
planned_path,,,,,,,,,,,,755,0.9148644593168882,13.398274944287007
planned_path,,,,,,,,,,,,756,0.8648644585718301,13.398274944287007
planned_path,,,,,,,,,,,,757,0.8148644578267721,13.398274944287007
planned_path,,,,,,,,,,,,758,0.764864457081714,13.398274944287007
planned_path,,,,,,,,,,,,759,0.714864456336656,13.398274944287007
planned_path,,,,,,,,,,,,760,0.6648644555915979,13.398274944287007
planned_path,,,,,,,,,,,,761,0.6148644548465398,13.398274944287007
planned_path,,,,,,,,,,,,762,0.5648644541014818,13.398274944287007
planned_path,,,,,,,,,,,,763,0.5148644533564237,13.448274945032065
planned_path,,,,,,,,,,,,764,0.46486445261136566,13.448274945032065
planned_path,,,,,,,,,,,,765,0.4148644518663076,13.448274945032065
planned_path,,,,,,,,,,,,766,0.36486445112124954,13.448274945032065
planned_path,,,,,,,,,,,,767,0.3148644503761915,13.448274945032065
planned_path,,,,,,,,,,,,768,0.2648644496311334,13.448274945032065
planned_path,,,,,,,,,,,,769,0.21486444888607537,13.498274945777123
planned_path,,,,,,,,,,,,770,0.1648644481410173,13.498274945777123
planned_path,,,,,,,,,,,,771,0.11486444739595925,13.498274945777123
planned_path,,,,,,,,,,,,772,0.06486444665090119,13.498274945777123
planned_path,,,,,,,,,,,,773,0.014864445905843127,13.498274945777123
planned_path,,,,,,,,,,,,774,-0.03513555483921493,13.498274945777123
planned_path,,,,,,,,,,,,775,-0.08513555558427299,13.54827494652218
planned_path,,,,,,,,,,,,776,-0.13513555632933105,13.54827494652218
planned_path,,,,,,,,,,,,777,-0.1851355570743891,13.54827494652218
planned_path,,,,,,,,,,,,778,-0.1851355570743891,13.54827494652218
planned_path,,,,,,,,,,,,779,-0.23513555781944717,13.54827494652218
planned_path,,,,,,,,,,,,780,-0.28513555856450523,13.54827494652218
planned_path,,,,,,,,,,,,781,-0.3351355593095633,13.54827494652218
planned_path,,,,,,,,,,,,782,-0.38513556005462135,13.54827494652218
planned_path,,,,,,,,,,,,783,-0.4351355607996794,13.54827494652218
planned_path,,,,,,,,,,,,784,-0.48513556154473747,13.54827494652218
planned_path,,,,,,,,,,,,785,-0.5351355622897955,13.54827494652218
planned_path,,,,,,,,,,,,786,-0.5851355630348536,13.54827494652218
planned_path,,,,,,,,,,,,787,-0.6351355637799116,13.54827494652218
planned_path,,,,,,,,,,,,788,-0.6851355645249697,13.498274945777123
planned_path,,,,,,,,,,,,789,-0.7351355652700278,13.498274945777123
planned_path,,,,,,,,,,,,790,-0.7851355660150858,13.448274945032065
planned_path,,,,,,,,,,,,791,-0.8351355667601439,13.448274945032065
planned_path,,,,,,,,,,,,792,-0.8351355667601439,13.448274945032065
planned_path,,,,,,,,,,,,793,-0.885135567505202,13.398274944287007
planned_path,,,,,,,,,,,,794,-0.93513556825026,13.348274943541949
planned_path,,,,,,,,,,,,795,-0.9851355689953181,13.29827494279689
planned_path,,,,,,,,,,,,796,-1.0351355697403761,13.29827494279689
planned_path,,,,,,,,,,,,797,-1.0851355704854342,13.29827494279689
planned_path,,,,,,,,,,,,798,-1.1351355712304922,13.29827494279689
planned_path,,,,,,,,,,,,799,-1.1851355719755503,13.248274942051832
planned_path,,,,,,,,,,,,800,-1.2351355727206084,13.198274941306774
planned_path,,,,,,,,,,,,801,-1.2851355734656664,13.198274941306774
planned_path,,,,,,,,,,,,802,-1.3351355742107245,13.148274940561716
planned_path,,,,,,,,,,,,803,-1.3851355749557825,13.148274940561716
planned_path,,,,,,,,,,,,804,-1.3851355749557825,13.148274940561716
planned_path,,,,,,,,,,,,805,-1.3851355749557825,13.098274939816658
planned_path,,,,,,,,,,,,806,-1.3851355749557825,13.0482749390716
planned_path,,,,,,,,,,,,807,-1.3851355749557825,12.998274938326542
planned_path,,,,,,,,,,,,808,-1.3851355749557825,12.948274937581484
planned_path,,,,,,,,,,,,809,-1.3851355749557825,12.898274936836426
planned_path,,,,,,,,,,,,810,-1.3851355749557825,12.848274936091368
planned_path,,,,,,,,,,,,811,-1.3851355749557825,12.79827493534631
planned_path,,,,,,,,,,,,812,-1.3851355749557825,12.748274934601252
planned_path,,,,,,,,,,,,813,-1.3851355749557825,12.698274933856194
planned_path,,,,,,,,,,,,814,-1.3851355749557825,12.648274933111136
planned_path,,,,,,,,,,,,815,-1.3851355749557825,12.598274932366078
planned_path,,,,,,,,,,,,816,-1.3851355749557825,12.54827493162102
planned_path,,,,,,,,,,,,817,-1.3851355749557825,12.498274930875962
planned_path,,,,,,,,,,,,818,-1.3851355749557825,12.448274930130903
planned_path,,,,,,,,,,,,819,-1.3851355749557825,12.398274929385845
planned_path,,,,,,,,,,,,820,-1.3851355749557825,12.348274928640787
planned_path,,,,,,,,,,,,821,-1.3851355749557825,12.29827492789573
planned_path,,,,,,,,,,,,822,-1.3851355749557825,12.248274927150671
planned_path,,,,,,,,,,,,823,-1.3851355749557825,12.198274926405613
planned_path,,,,,,,,,,,,824,-1.3851355749557825,12.148274925660555
planned_path,,,,,,,,,,,,825,-1.3851355749557825,12.098274924915497
planned_path,,,,,,,,,,,,826,-1.3851355749557825,12.048274924170439
planned_path,,,,,,,,,,,,827,-1.3851355749557825,11.998274923425381
planned_path,,,,,,,,,,,,828,-1.3851355749557825,11.948274922680323
planned_path,,,,,,,,,,,,829,-1.4351355757008406,11.898274921935265
planned_path,,,,,,,,,,,,830,-1.4351355757008406,11.848274921190207
planned_path,,,,,,,,,,,,831,-1.4351355757008406,11.798274920445149
planned_path,,,,,,,,,,,,832,-1.4351355757008406,11.74827491970009
planned_path,,,,,,,,,,,,833,-1.4351355757008406,11.698274918955033
planned_path,,,,,,,,,,,,834,-1.4351355757008406,11.648274918209975
planned_path,,,,,,,,,,,,835,-1.4851355764458987,11.598274917464916
planned_path,,,,,,,,,,,,836,-1.4851355764458987,11.548274916719858
planned_path,,,,,,,,,,,,837,-1.4851355764458987,11.4982749159748
planned_path,,,,,,,,,,,,838,-1.4851355764458987,11.4982749159748
planned_path,,,,,,,,,,,,839,-1.4851355764458987,11.448274915229742
planned_path,,,,,,,,,,,,840,-1.4851355764458987,11.398274914484684
planned_path,,,,,,,,,,,,841,-1.4851355764458987,11.348274913739626
planned_path,,,,,,,,,,,,842,-1.5351355771909567,11.298274912994568
planned_path,,,,,,,,,,,,843,-1.5351355771909567,11.24827491224951
planned_path,,,,,,,,,,,,844,-1.5351355771909567,11.198274911504452
planned_path,,,,,,,,,,,,845,-1.5351355771909567,11.148274910759394
planned_path,,,,,,,,,,,,846,-1.5351355771909567,11.098274910014336
planned_path,,,,,,,,,,,,847,-1.5351355771909567,11.048274909269278
planned_path,,,,,,,,,,,,848,-1.5351355771909567,10.99827490852422
planned_path,,,,,,,,,,,,849,-1.5351355771909567,10.948274907779162
planned_path,,,,,,,,,,,,850,-1.5351355771909567,10.898274907034104
planned_path,,,,,,,,,,,,851,-1.5351355771909567,10.848274906289046
planned_path,,,,,,,,,,,,852,-1.5351355771909567,10.798274905543988
planned_path,,,,,,,,,,,,853,-1.5351355771909567,10.74827490479893
planned_path,,,,,,,,,,,,854,-1.5351355771909567,10.698274904053871
planned_path,,,,,,,,,,,,855,-1.5351355771909567,10.648274903308813
planned_path,,,,,,,,,,,,856,-1.5351355771909567,10.598274902563755
planned_path,,,,,,,,,,,,857,-1.5351355771909567,10.548274901818697
planned_path,,,,,,,,,,,,858,-1.5351355771909567,10.49827490107364
planned_path,,,,,,,,,,,,859,-1.5351355771909567,10.448274900328581
planned_path,,,,,,,,,,,,860,-1.5351355771909567,10.398274899583523
planned_path,,,,,,,,,,,,861,-1.5351355771909567,10.348274898838465
planned_path,,,,,,,,,,,,862,-1.5351355771909567,10.298274898093407
planned_path,,,,,,,,,,,,863,-1.5351355771909567,10.248274897348349
planned_path,,,,,,,,,,,,864,-1.5351355771909567,10.19827489660329
planned_path,,,,,,,,,,,,865,-1.5351355771909567,10.148274895858233
planned_path,,,,,,,,,,,,866,-1.5351355771909567,10.098274895113175
planned_path,,,,,,,,,,,,867,-1.5351355771909567,10.048274894368117
planned_path,,,,,,,,,,,,868,-1.5351355771909567,9.998274893623059
planned_path,,,,,,,,,,,,869,-1.5351355771909567,9.948274892878
planned_path,,,,,,,,,,,,870,-1.5351355771909567,9.898274892132942
planned_path,,,,,,,,,,,,871,-1.5351355771909567,9.848274891387884
planned_path,,,,,,,,,,,,872,-1.5351355771909567,9.798274890642826
planned_path,,,,,,,,,,,,873,-1.5351355771909567,9.748274889897768
planned_path,,,,,,,,,,,,874,-1.5351355771909567,9.69827488915271
planned_path,,,,,,,,,,,,875,-1.5351355771909567,9.648274888407652
planned_path,,,,,,,,,,,,876,-1.5351355771909567,9.598274887662594
planned_path,,,,,,,,,,,,877,-1.5351355771909567,9.548274886917536
planned_path,,,,,,,,,,,,878,-1.5351355771909567,9.498274886172478
planned_path,,,,,,,,,,,,879,-1.5351355771909567,9.44827488542742
planned_path,,,,,,,,,,,,880,-1.5351355771909567,9.398274884682362
planned_path,,,,,,,,,,,,881,-1.5351355771909567,9.348274883937304
planned_path,,,,,,,,,,,,882,-1.5351355771909567,9.298274883192246
planned_path,,,,,,,,,,,,883,-1.5351355771909567,9.248274882447188
planned_path,,,,,,,,,,,,884,-1.5351355771909567,9.19827488170213
planned_path,,,,,,,,,,,,885,-1.5351355771909567,9.148274880957072
planned_path,,,,,,,,,,,,886,-1.5351355771909567,9.098274880212013
planned_path,,,,,,,,,,,,887,-1.5351355771909567,9.048274879466955
planned_path,,,,,,,,,,,,888,-1.5351355771909567,8.998274878721897
planned_path,,,,,,,,,,,,889,-1.5351355771909567,8.94827487797684
planned_path,,,,,,,,,,,,890,-1.5351355771909567,8.898274877231781
planned_path,,,,,,,,,,,,891,-1.5351355771909567,8.848274876486723
planned_path,,,,,,,,,,,,892,-1.5351355771909567,8.798274875741665
planned_path,,,,,,,,,,,,893,-1.5351355771909567,8.748274874996607
planned_path,,,,,,,,,,,,894,-1.5351355771909567,8.698274874251549
planned_path,,,,,,,,,,,,895,-1.5351355771909567,8.648274873506491
planned_path,,,,,,,,,,,,896,-1.5351355771909567,8.598274872761433
planned_path,,,,,,,,,,,,897,-1.5351355771909567,8.548274872016375
planned_path,,,,,,,,,,,,898,-1.5351355771909567,8.498274871271317
planned_path,,,,,,,,,,,,899,-1.5351355771909567,8.448274870526259
planned_path,,,,,,,,,,,,900,-1.5351355771909567,8.3982748697812
planned_path,,,,,,,,,,,,901,-1.5351355771909567,8.348274869036143
planned_path,,,,,,,,,,,,902,-1.5351355771909567,8.298274868291085
planned_path,,,,,,,,,,,,903,-1.4851355764458987,8.248274867546026
planned_path,,,,,,,,,,,,904,-1.4351355757008406,8.198274866800968
planned_path,,,,,,,,,,,,905,-1.3851355749557825,8.14827486605591
planned_path,,,,,,,,,,,,906,-1.3351355742107245,8.098274865310852
planned_path,,,,,,,,,,,,907,-1.2851355734656664,8.048274864565794
planned_path,,,,,,,,,,,,908,-1.2351355727206084,7.998274863820736
planned_path,,,,,,,,,,,,909,-1.1851355719755503,7.948274863075678
planned_path,,,,,,,,,,,,910,-1.1351355712304922,7.89827486233062
planned_path,,,,,,,,,,,,911,-1.0851355704854342,7.848274861585562
planned_path,,,,,,,,,,,,912,-1.0351355697403761,7.798274860840504
planned_path,,,,,,,,,,,,913,-0.9851355689953181,7.748274860095446
planned_path,,,,,,,,,,,,914,-0.93513556825026,7.698274859350388
planned_path,,,,,,,,,,,,915,-0.885135567505202,7.64827485860533
planned_path,,,,,,,,,,,,916,-0.8351355667601439,7.598274857860272
planned_path,,,,,,,,,,,,917,-0.7851355660150858,7.548274857115214
planned_path,,,,,,,,,,,,918,-0.7351355652700278,7.498274856370156
planned_path,,,,,,,,,,,,919,-0.6851355645249697,7.4482748556250975
planned_path,,,,,,,,,,,,920,-0.6351355637799116,7.398274854880039
planned_path,,,,,,,,,,,,921,-0.5851355630348536,7.348274854134981
planned_path,,,,,,,,,,,,922,-0.5351355622897955,7.298274853389923
planned_path,,,,,,,,,,,,923,-0.48513556154473747,7.248274852644865
planned_path,,,,,,,,,,,,924,-0.4351355607996794,7.198274851899807
planned_path,,,,,,,,,,,,925,-0.38513556005462135,7.148274851154749
planned_path,,,,,,,,,,,,926,-0.3351355593095633,7.098274850409691
planned_path,,,,,,,,,,,,927,-0.28513555856450523,7.048274849664633
planned_path,,,,,,,,,,,,928,-0.23513555781944717,6.998274848919575
planned_path,,,,,,,,,,,,929,-0.1851355570743891,6.948274848174517
planned_path,,,,,,,,,,,,930,-0.13513555632933105,6.898274847429459
planned_path,,,,,,,,,,,,931,-0.08513555558427299,6.848274846684401
planned_path,,,,,,,,,,,,932,-0.03513555483921493,6.798274845939343
planned_path,,,,,,,,,,,,933,0.014864445905843127,6.748274845194285
planned_path,,,,,,,,,,,,934,0.06486444665090119,6.698274844449227
planned_path,,,,,,,,,,,,935,0.11486444739595925,6.6482748437041685
planned_path,,,,,,,,,,,,936,0.1648644481410173,6.5982748429591105
planned_path,,,,,,,,,,,,937,0.21486444888607537,6.548274842214052
planned_path,,,,,,,,,,,,938,0.2648644496311334,6.498274841468994
planned_path,,,,,,,,,,,,939,0.3148644503761915,6.448274840723936
planned_path,,,,,,,,,,,,940,0.36486445112124954,6.398274839978878
planned_path,,,,,,,,,,,,941,0.36486445112124954,6.34827483923382
planned_path,,,,,,,,,,,,942,0.36486445112124954,6.298274838488762
planned_path,,,,,,,,,,,,943,0.36486445112124954,6.248274837743704
planned_path,,,,,,,,,,,,944,0.4148644518663076,6.198274836998646
planned_path,,,,,,,,,,,,945,0.46486445261136566,6.148274836253588
planned_path,,,,,,,,,,,,946,0.5148644533564237,6.09827483550853
planned_path,,,,,,,,,,,,947,0.5648644541014818,6.048274834763472
planned_path,,,,,,,,,,,,948,0.6148644548465398,5.998274834018414
planned_path,,,,,,,,,,,,949,0.6648644555915979,5.948274833273356
planned_path,,,,,,,,,,,,950,0.714864456336656,5.898274832528298
planned_path,,,,,,,,,,,,951,0.764864457081714,5.84827483178324
planned_path,,,,,,,,,,,,952,0.8148644578267721,5.7982748310381815
planned_path,,,,,,,,,,,,953,0.8648644585718301,5.7482748302931235
planned_path,,,,,,,,,,,,954,0.9148644593168882,5.698274829548065
planned_path,,,,,,,,,,,,955,0.9648644600619463,5.648274828803007
planned_path,,,,,,,,,,,,956,1.0148644608070043,5.598274828057949
planned_path,,,,,,,,,,,,957,1.0648644615520624,5.548274827312891
planned_path,,,,,,,,,,,,958,1.1148644622971204,5.498274826567833
planned_path,,,,,,,,,,,,959,1.1648644630421785,5.448274825822775
planned_path,,,,,,,,,,,,960,1.2148644637872366,5.398274825077717
planned_path,,,,,,,,,,,,961,1.2648644645322946,5.348274824332659
planned_path,,,,,,,,,,,,962,1.3148644652773527,5.298274823587601
planned_path,,,,,,,,,,,,963,1.3648644660224107,5.248274822842543
planned_path,,,,,,,,,,,,964,1.4148644667674688,5.198274822097485
planned_path,,,,,,,,,,,,965,1.4648644675125269,5.148274821352427
planned_path,,,,,,,,,,,,966,1.4648644675125269,5.098274820607369
planned_path,,,,,,,,,,,,967,1.514864468257585,5.048274819862311
planned_path,,,,,,,,,,,,968,1.514864468257585,4.998274819117253
planned_path,,,,,,,,,,,,969,1.564864469002643,4.9482748183721945
planned_path,,,,,,,,,,,,970,1.564864469002643,4.8982748176271365
planned_path,,,,,,,,,,,,971,1.564864469002643,4.8982748176271365
planned_path,,,,,,,,,,,,972,1.614864469747701,4.8982748176271365
planned_path,,,,,,,,,,,,973,1.664864470492759,4.8982748176271365
planned_path,,,,,,,,,,,,974,1.7148644712378172,4.8982748176271365
planned_path,,,,,,,,,,,,975,1.7648644719828752,4.8982748176271365
planned_path,,,,,,,,,,,,976,1.8148644727279333,4.8982748176271365
planned_path,,,,,,,,,,,,977,1.8648644734729913,4.8982748176271365
planned_path,,,,,,,,,,,,978,1.9148644742180494,4.8982748176271365
planned_path,,,,,,,,,,,,979,1.9648644749631075,4.8982748176271365
planned_path,,,,,,,,,,,,980,2.0148644757081655,4.8982748176271365
planned_path,,,,,,,,,,,,981,2.0648644764532236,4.8982748176271365
planned_path,,,,,,,,,,,,982,2.1148644771982816,4.8982748176271365
planned_path,,,,,,,,,,,,983,2.1648644779433397,4.8982748176271365
planned_path,,,,,,,,,,,,984,2.2148644786883978,4.8982748176271365
planned_path,,,,,,,,,,,,985,2.264864479433456,4.8982748176271365
planned_path,,,,,,,,,,,,986,2.314864480178514,4.8982748176271365
planned_path,,,,,,,,,,,,987,2.364864480923572,4.8982748176271365
planned_path,,,,,,,,,,,,988,2.41486448166863,4.8982748176271365
planned_path,,,,,,,,,,,,989,2.464864482413688,4.8982748176271365
planned_path,,,,,,,,,,,,990,2.514864483158746,4.8982748176271365
planned_path,,,,,,,,,,,,991,2.564864483903804,4.8982748176271365
planned_path,,,,,,,,,,,,992,2.6148644846488622,4.8982748176271365
planned_path,,,,,,,,,,,,993,2.6648644853939203,4.8982748176271365
planned_path,,,,,,,,,,,,994,2.7148644861389784,4.8982748176271365
planned_path,,,,,,,,,,,,995,2.7648644868840364,4.8982748176271365
planned_path,,,,,,,,,,,,996,2.8148644876290945,4.8982748176271365
planned_path,,,,,,,,,,,,997,2.8648644883741525,4.8982748176271365
planned_path,,,,,,,,,,,,998,2.9148644891192106,4.8982748176271365
planned_path,,,,,,,,,,,,999,2.9648644898642686,4.8982748176271365
planned_path,,,,,,,,,,,,1000,3.0148644906093267,4.8982748176271365
planned_path,,,,,,,,,,,,1001,3.0648644913543848,4.8982748176271365
planned_path,,,,,,,,,,,,1002,3.114864492099443,4.8982748176271365
planned_path,,,,,,,,,,,,1003,3.164864492844501,4.8982748176271365
planned_path,,,,,,,,,,,,1004,3.214864493589559,4.8982748176271365
planned_path,,,,,,,,,,,,1005,3.264864494334617,4.8982748176271365
planned_path,,,,,,,,,,,,1006,3.314864495079675,4.8982748176271365
planned_path,,,,,,,,,,,,1007,3.364864495824733,4.8982748176271365
planned_path,,,,,,,,,,,,1008,3.414864496569791,4.8982748176271365
planned_path,,,,,,,,,,,,1009,3.4648644973148492,4.8982748176271365
planned_path,,,,,,,,,,,,1010,3.5148644980599073,4.8982748176271365
planned_path,,,,,,,,,,,,1011,3.5648644988049654,4.8982748176271365
planned_path,,,,,,,,,,,,1012,3.6148644995500234,4.8982748176271365
planned_path,,,,,,,,,,,,1013,3.6648645002950815,4.8982748176271365
planned_path,,,,,,,,,,,,1014,3.7148645010401395,4.8982748176271365
planned_path,,,,,,,,,,,,1015,3.7648645017851976,4.8982748176271365
planned_path,,,,,,,,,,,,1016,3.8148645025302557,4.8982748176271365
planned_path,,,,,,,,,,,,1017,3.8648645032753137,4.8982748176271365
planned_path,,,,,,,,,,,,1018,3.914864504020372,4.8982748176271365
planned_path,,,,,,,,,,,,1019,3.96486450476543,4.8982748176271365
planned_path,,,,,,,,,,,,1020,4.014864505510488,4.8982748176271365
planned_path,,,,,,,,,,,,1021,4.064864506255546,4.8982748176271365
planned_path,,,,,,,,,,,,1022,4.114864507000604,4.8982748176271365
planned_path,,,,,,,,,,,,1023,4.164864507745662,4.8982748176271365
planned_path,,,,,,,,,,,,1024,4.21486450849072,4.8982748176271365
planned_path,,,,,,,,,,,,1025,4.264864509235778,4.8982748176271365
planned_path,,,,,,,,,,,,1026,4.314864509980836,4.8982748176271365
planned_path,,,,,,,,,,,,1027,4.364864510725894,4.8982748176271365
planned_path,,,,,,,,,,,,1028,4.414864511470952,4.8982748176271365
planned_path,,,,,,,,,,,,1029,4.46486451221601,4.8982748176271365
planned_path,,,,,,,,,,,,1030,4.5148645129610685,4.8982748176271365
planned_path,,,,,,,,,,,,1031,4.564864513706127,4.8982748176271365
planned_path,,,,,,,,,,,,1032,4.614864514451185,4.8982748176271365
planned_path,,,,,,,,,,,,1033,4.664864515196243,4.8982748176271365
planned_path,,,,,,,,,,,,1034,4.714864515941301,4.8982748176271365
planned_path,,,,,,,,,,,,1035,4.764864516686359,4.8982748176271365
planned_path,,,,,,,,,,,,1036,4.814864517431417,4.8982748176271365
planned_path,,,,,,,,,,,,1037,4.864864518176475,4.8982748176271365
planned_path,,,,,,,,,,,,1038,4.914864518921533,4.8982748176271365
planned_path,,,,,,,,,,,,1039,4.964864519666591,4.8982748176271365
planned_path,,,,,,,,,,,,1040,5.014864520411649,4.8982748176271365
planned_path,,,,,,,,,,,,1041,5.064864521156707,4.8982748176271365
planned_path,,,,,,,,,,,,1042,5.114864521901765,4.8982748176271365
planned_path,,,,,,,,,,,,1043,5.164864522646823,4.8982748176271365
planned_path,,,,,,,,,,,,1044,5.214864523391881,4.8982748176271365
planned_path,,,,,,,,,,,,1045,5.264864524136939,4.8982748176271365
planned_path,,,,,,,,,,,,1046,5.3148645248819975,4.9482748183721945
planned_path,,,,,,,,,,,,1047,5.3648645256270555,4.9482748183721945
planned_path,,,,,,,,,,,,1048,5.414864526372114,4.9482748183721945
planned_path,,,,,,,,,,,,1049,5.464864527117172,4.998274819117253
planned_path,,,,,,,,,,,,1050,5.51486452786223,4.998274819117253
planned_path,,,,,,,,,,,,1051,5.564864528607288,5.048274819862311
planned_path,,,,,,,,,,,,1052,5.614864529352346,5.048274819862311
planned_path,,,,,,,,,,,,1053,5.664864530097404,5.098274820607369
planned_path,,,,,,,,,,,,1054,5.714864530842462,5.098274820607369
planned_path,,,,,,,,,,,,1055,5.76486453158752,5.148274821352427
planned_path,,,,,,,,,,,,1056,5.814864532332578,5.148274821352427
planned_path,,,,,,,,,,,,1057,5.864864533077636,5.198274822097485
planned_path,,,,,,,,,,,,1058,5.914864533822694,5.198274822097485
planned_path,,,,,,,,,,,,1059,5.964864534567752,5.198274822097485
planned_path,,,,,,,,,,,,1060,6.01486453531281,5.248274822842543
planned_path,,,,,,,,,,,,1061,6.064864536057868,5.248274822842543
planned_path,,,,,,,,,,,,1062,6.114864536802926,5.298274823587601
planned_path,,,,,,,,,,,,1063,6.1648645375479845,5.298274823587601
planned_path,,,,,,,,,,,,1064,6.2148645382930425,5.348274824332659
planned_path,,,,,,,,,,,,1065,6.264864539038101,5.348274824332659
planned_path,,,,,,,,,,,,1066,6.314864539783159,5.398274825077717
planned_path,,,,,,,,,,,,1067,6.364864540528217,5.398274825077717
planned_path,,,,,,,,,,,,1068,6.414864541273275,5.448274825822775
planned_path,,,,,,,,,,,,1069,6.464864542018333,5.448274825822775
planned_path,,,,,,,,,,,,1070,6.514864542763391,5.448274825822775
planned_path,,,,,,,,,,,,1071,6.564864543508449,5.498274826567833
planned_path,,,,,,,,,,,,1072,6.614864544253507,5.498274826567833
planned_path,,,,,,,,,,,,1073,6.664864544998565,5.548274827312891
planned_path,,,,,,,,,,,,1074,6.714864545743623,5.548274827312891
planned_path,,,,,,,,,,,,1075,6.764864546488681,5.598274828057949
planned_path,,,,,,,,,,,,1076,6.814864547233739,5.598274828057949
planned_path,,,,,,,,,,,,1077,6.864864547978797,5.648274828803007
planned_path,,,,,,,,,,,,1078,6.914864548723855,5.648274828803007
planned_path,,,,,,,,,,,,1079,6.964864549468913,5.698274829548065
planned_path,,,,,,,,,,,,1080,7.0148645502139715,5.698274829548065
planned_path,,,,,,,,,,,,1081,7.0648645509590295,5.698274829548065
planned_path,,,,,,,,,,,,1082,7.114864551704088,5.7482748302931235
planned_path,,,,,,,,,,,,1083,7.164864552449146,5.7482748302931235
planned_path,,,,,,,,,,,,1084,7.214864553194204,5.7982748310381815
planned_path,,,,,,,,,,,,1085,7.264864553939262,5.7982748310381815
planned_path,,,,,,,,,,,,1086,7.31486455468432,5.84827483178324
planned_path,,,,,,,,,,,,1087,7.364864555429378,5.84827483178324
planned_path,,,,,,,,,,,,1088,7.414864556174436,5.898274832528298
planned_path,,,,,,,,,,,,1089,7.464864556919494,5.898274832528298
planned_path,,,,,,,,,,,,1090,7.514864557664552,5.948274833273356
planned_path,,,,,,,,,,,,1091,7.56486455840961,5.948274833273356
planned_path,,,,,,,,,,,,1092,7.614864559154668,5.948274833273356
planned_path,,,,,,,,,,,,1093,7.664864559899726,5.998274834018414
planned_path,,,,,,,,,,,,1094,7.714864560644784,5.998274834018414
planned_path,,,,,,,,,,,,1095,7.764864561389842,6.048274834763472
planned_path,,,,,,,,,,,,1096,7.8148645621349,6.048274834763472
planned_path,,,,,,,,,,,,1097,7.8648645628799585,6.09827483550853
planned_path,,,,,,,,,,,,1098,7.914864563625017,6.09827483550853
planned_path,,,,,,,,,,,,1099,7.964864564370075,6.148274836253588
planned_path,,,,,,,,,,,,1100,8.014864565115133,6.148274836253588
planned_path,,,,,,,,,,,,1101,8.06486456586019,6.198274836998646
planned_path,,,,,,,,,,,,1102,8.114864566605249,6.198274836998646
planned_path,,,,,,,,,,,,1103,8.164864567350307,6.198274836998646
planned_path,,,,,,,,,,,,1104,8.214864568095365,6.248274837743704
planned_path,,,,,,,,,,,,1105,8.264864568840423,6.248274837743704
planned_path,,,,,,,,,,,,1106,8.314864569585481,6.298274838488762
planned_path,,,,,,,,,,,,1107,8.364864570330539,6.298274838488762
planned_path,,,,,,,,,,,,1108,8.414864571075597,6.34827483923382
planned_path,,,,,,,,,,,,1109,8.464864571820655,6.34827483923382
planned_path,,,,,,,,,,,,1110,8.514864572565713,6.398274839978878
planned_path,,,,,,,,,,,,1111,8.564864573310771,6.398274839978878
planned_path,,,,,,,,,,,,1112,8.61486457405583,6.448274840723936
planned_path,,,,,,,,,,,,1113,8.664864574800887,6.448274840723936
planned_path,,,,,,,,,,,,1114,8.714864575545946,6.498274841468994
planned_path,,,,,,,,,,,,1115,8.764864576291004,6.498274841468994
planned_path,,,,,,,,,,,,1116,8.814864577036062,6.498274841468994
planned_path,,,,,,,,,,,,1117,8.86486457778112,6.548274842214052
planned_path,,,,,,,,,,,,1118,8.914864578526178,6.548274842214052
planned_path,,,,,,,,,,,,1119,8.964864579271236,6.5982748429591105
planned_path,,,,,,,,,,,,1120,9.014864580016294,6.5982748429591105
planned_path,,,,,,,,,,,,1121,9.064864580761352,6.6482748437041685
planned_path,,,,,,,,,,,,1122,9.11486458150641,6.6482748437041685
planned_path,,,,,,,,,,,,1123,9.164864582251468,6.698274844449227
planned_path,,,,,,,,,,,,1124,9.214864582996526,6.698274844449227
planned_path,,,,,,,,,,,,1125,9.264864583741584,6.748274845194285
planned_path,,,,,,,,,,,,1126,9.314864584486642,6.748274845194285
planned_path,,,,,,,,,,,,1127,9.3648645852317,6.748274845194285
planned_path,,,,,,,,,,,,1128,9.414864585976758,6.798274845939343
planned_path,,,,,,,,,,,,1129,9.464864586721816,6.798274845939343
planned_path,,,,,,,,,,,,1130,9.514864587466874,6.848274846684401
planned_path,,,,,,,,,,,,1131,9.564864588211933,6.848274846684401
planned_path,,,,,,,,,,,,1132,9.61486458895699,6.898274847429459
planned_path,,,,,,,,,,,,1133,9.664864589702049,6.898274847429459
planned_path,,,,,,,,,,,,1134,9.714864590447107,6.948274848174517
planned_path,,,,,,,,,,,,1135,9.764864591192165,6.948274848174517
planned_path,,,,,,,,,,,,1136,9.814864591937223,6.998274848919575
planned_path,,,,,,,,,,,,1137,9.86486459268228,6.998274848919575
planned_path,,,,,,,,,,,,1138,9.914864593427339,6.998274848919575
planned_path,,,,,,,,,,,,1139,9.964864594172397,7.048274849664633
planned_path,,,,,,,,,,,,1140,10.014864594917455,7.048274849664633
planned_path,,,,,,,,,,,,1141,10.064864595662513,7.098274850409691
planned_path,,,,,,,,,,,,1142,10.114864596407571,7.098274850409691
planned_path,,,,,,,,,,,,1143,10.16486459715263,7.148274851154749
planned_path,,,,,,,,,,,,1144,10.214864597897687,7.148274851154749
planned_path,,,,,,,,,,,,1145,10.264864598642745,7.198274851899807
planned_path,,,,,,,,,,,,1146,10.314864599387803,7.198274851899807
planned_path,,,,,,,,,,,,1147,10.364864600132861,7.248274852644865
planned_path,,,,,,,,,,,,1148,10.41486460087792,7.248274852644865
planned_path,,,,,,,,,,,,1149,10.464864601622978,7.248274852644865
planned_path,,,,,,,,,,,,1150,10.514864602368036,7.298274853389923
planned_path,,,,,,,,,,,,1151,10.564864603113094,7.298274853389923
planned_path,,,,,,,,,,,,1152,10.614864603858152,7.348274854134981
planned_path,,,,,,,,,,,,1153,10.66486460460321,7.348274854134981
planned_path,,,,,,,,,,,,1154,10.714864605348268,7.398274854880039
planned_path,,,,,,,,,,,,1155,10.764864606093326,7.398274854880039
planned_path,,,,,,,,,,,,1156,10.814864606838384,7.4482748556250975
planned_path,,,,,,,,,,,,1157,10.864864607583442,7.4482748556250975
planned_path,,,,,,,,,,,,1158,10.9148646083285,7.498274856370156
planned_path,,,,,,,,,,,,1159,10.964864609073558,7.498274856370156
planned_path,,,,,,,,,,,,1160,11.014864609818616,7.498274856370156
planned_path,,,,,,,,,,,,1161,11.064864610563674,7.548274857115214
planned_path,,,,,,,,,,,,1162,11.114864611308732,7.548274857115214
planned_path,,,,,,,,,,,,1163,11.16486461205379,7.598274857860272
planned_path,,,,,,,,,,,,1164,11.214864612798848,7.598274857860272
planned_path,,,,,,,,,,,,1165,11.264864613543907,7.64827485860533
planned_path,,,,,,,,,,,,1166,11.314864614288965,7.64827485860533
planned_path,,,,,,,,,,,,1167,11.364864615034023,7.698274859350388
planned_path,,,,,,,,,,,,1168,11.41486461577908,7.698274859350388
planned_path,,,,,,,,,,,,1169,11.464864616524139,7.748274860095446
planned_path,,,,,,,,,,,,1170,11.514864617269197,7.798274860840504
planned_path,,,,,,,,,,,,1171,11.564864618014255,7.848274861585562
planned_path,,,,,,,,,,,,1172,11.614864618759313,7.89827486233062
planned_path,,,,,,,,,,,,1173,11.664864619504371,7.89827486233062
planned_path,,,,,,,,,,,,1174,11.714864620249429,7.89827486233062
planned_path,,,,,,,,,,,,1175,11.764864620994487,7.89827486233062
planned_path,,,,,,,,,,,,1176,11.814864621739545,7.89827486233062
planned_path,,,,,,,,,,,,1177,11.864864622484603,7.89827486233062
planned_path,,,,,,,,,,,,1178,11.914864623229661,7.948274863075678
planned_path,,,,,,,,,,,,1179,11.96486462397472,7.948274863075678
planned_path,,,,,,,,,,,,1180,12.014864624719777,7.998274863820736
planned_path,,,,,,,,,,,,1181,12.064864625464836,7.998274863820736
planned_path,,,,,,,,,,,,1182,12.114864626209894,7.998274863820736
planned_path,,,,,,,,,,,,1183,12.164864626954952,8.048274864565794
planned_path,,,,,,,,,,,,1184,12.21486462770001,8.048274864565794
planned_path,,,,,,,,,,,,1185,12.264864628445068,8.098274865310852
planned_path,,,,,,,,,,,,1186,12.314864629190126,8.098274865310852
planned_path,,,,,,,,,,,,1187,12.364864629935184,8.14827486605591
planned_path,,,,,,,,,,,,1188,12.414864630680242,8.14827486605591
planned_path,,,,,,,,,,,,1189,12.4648646314253,8.198274866800968
planned_path,,,,,,,,,,,,1190,12.514864632170358,8.198274866800968
planned_path,,,,,,,,,,,,1191,12.564864632915416,8.248274867546026
planned_path,,,,,,,,,,,,1192,12.614864633660474,8.248274867546026
planned_path,,,,,,,,,,,,1193,12.614864633660474,8.248274867546026
planned_path,,,,,,,,,,,,1194,12.614864633660474,8.198274866800968
planned_path,,,,,,,,,,,,1195,12.614864633660474,8.14827486605591
planned_path,,,,,,,,,,,,1196,12.614864633660474,8.098274865310852
planned_path,,,,,,,,,,,,1197,12.614864633660474,8.048274864565794
planned_path,,,,,,,,,,,,1198,12.664864634405532,7.998274863820736
planned_path,,,,,,,,,,,,1199,12.71486463515059,7.948274863075678
planned_path,,,,,,,,,,,,1200,12.764864635895648,7.89827486233062
planned_path,,,,,,,,,,,,1201,12.814864636640706,7.848274861585562
planned_path,,,,,,,,,,,,1202,12.864864637385764,7.798274860840504
planned_path,,,,,,,,,,,,1203,12.914864638130823,7.748274860095446
planned_path,,,,,,,,,,,,1204,12.96486463887588,7.698274859350388
planned_path,,,,,,,,,,,,1205,13.014864639620939,7.64827485860533
planned_path,,,,,,,,,,,,1206,13.014864639620939,7.598274857860272
planned_path,,,,,,,,,,,,1207,13.014864639620939,7.548274857115214
planned_path,,,,,,,,,,,,1208,13.014864639620939,7.498274856370156
planned_path,,,,,,,,,,,,1209,13.014864639620939,7.4482748556250975
planned_path,,,,,,,,,,,,1210,13.014864639620939,7.398274854880039
planned_path,,,,,,,,,,,,1211,13.014864639620939,7.348274854134981
planned_path,,,,,,,,,,,,1212,13.014864639620939,7.298274853389923
planned_path,,,,,,,,,,,,1213,13.014864639620939,7.248274852644865
planned_path,,,,,,,,,,,,1214,13.014864639620939,7.198274851899807
planned_path,,,,,,,,,,,,1215,13.064864640365997,7.148274851154749
planned_path,,,,,,,,,,,,1216,13.064864640365997,7.098274850409691
planned_path,,,,,,,,,,,,1217,13.114864641111055,7.048274849664633
planned_path,,,,,,,,,,,,1218,13.114864641111055,6.998274848919575
planned_path,,,,,,,,,,,,1219,13.114864641111055,6.998274848919575
planned_path,,,,,,,,,,,,1220,13.114864641111055,6.948274848174517
planned_path,,,,,,,,,,,,1221,13.114864641111055,6.898274847429459
planned_path,,,,,,,,,,,,1222,13.114864641111055,6.848274846684401
planned_path,,,,,,,,,,,,1223,13.114864641111055,6.798274845939343
planned_path,,,,,,,,,,,,1224,13.114864641111055,6.748274845194285
planned_path,,,,,,,,,,,,1225,13.114864641111055,6.698274844449227
planned_path,,,,,,,,,,,,1226,13.114864641111055,6.6482748437041685
planned_path,,,,,,,,,,,,1227,13.114864641111055,6.5982748429591105
planned_path,,,,,,,,,,,,1228,13.114864641111055,6.548274842214052
planned_path,,,,,,,,,,,,1229,13.114864641111055,6.498274841468994
planned_path,,,,,,,,,,,,1230,13.114864641111055,6.448274840723936
planned_path,,,,,,,,,,,,1231,13.114864641111055,6.398274839978878
planned_path,,,,,,,,,,,,1232,13.114864641111055,6.34827483923382
planned_path,,,,,,,,,,,,1233,13.114864641111055,6.298274838488762
planned_path,,,,,,,,,,,,1234,13.114864641111055,6.248274837743704
planned_path,,,,,,,,,,,,1235,13.114864641111055,6.198274836998646
planned_path,,,,,,,,,,,,1236,13.114864641111055,6.148274836253588
planned_path,,,,,,,,,,,,1237,13.114864641111055,6.09827483550853
planned_path,,,,,,,,,,,,1238,13.114864641111055,6.048274834763472
planned_path,,,,,,,,,,,,1239,13.114864641111055,5.998274834018414
planned_path,,,,,,,,,,,,1240,13.114864641111055,5.948274833273356
planned_path,,,,,,,,,,,,1241,13.114864641111055,5.898274832528298
planned_path,,,,,,,,,,,,1242,13.114864641111055,5.84827483178324
planned_path,,,,,,,,,,,,1243,13.114864641111055,5.7982748310381815
planned_path,,,,,,,,,,,,1244,13.114864641111055,5.7482748302931235
planned_path,,,,,,,,,,,,1245,13.114864641111055,5.698274829548065
planned_path,,,,,,,,,,,,1246,13.114864641111055,5.648274828803007
planned_path,,,,,,,,,,,,1247,13.114864641111055,5.598274828057949
planned_path,,,,,,,,,,,,1248,13.114864641111055,5.548274827312891
planned_path,,,,,,,,,,,,1249,13.114864641111055,5.498274826567833
planned_path,,,,,,,,,,,,1250,13.114864641111055,5.448274825822775
planned_path,,,,,,,,,,,,1251,13.114864641111055,5.398274825077717
planned_path,,,,,,,,,,,,1252,13.114864641111055,5.348274824332659
planned_path,,,,,,,,,,,,1253,13.114864641111055,5.298274823587601
planned_path,,,,,,,,,,,,1254,13.114864641111055,5.248274822842543
planned_path,,,,,,,,,,,,1255,13.114864641111055,5.198274822097485
planned_path,,,,,,,,,,,,1256,13.114864641111055,5.148274821352427
planned_path,,,,,,,,,,,,1257,13.114864641111055,5.098274820607369
planned_path,,,,,,,,,,,,1258,13.114864641111055,5.048274819862311
planned_path,,,,,,,,,,,,1259,13.114864641111055,4.998274819117253
planned_path,,,,,,,,,,,,1260,13.114864641111055,4.9482748183721945
planned_path,,,,,,,,,,,,1261,13.114864641111055,4.8982748176271365
planned_path,,,,,,,,,,,,1262,13.114864641111055,4.848274816882078
planned_path,,,,,,,,,,,,1263,13.114864641111055,4.79827481613702
planned_path,,,,,,,,,,,,1264,13.114864641111055,4.748274815391962
planned_path,,,,,,,,,,,,1265,13.114864641111055,4.698274814646904
planned_path,,,,,,,,,,,,1266,13.114864641111055,4.648274813901846
planned_path,,,,,,,,,,,,1267,13.114864641111055,4.598274813156788
planned_path,,,,,,,,,,,,1268,13.114864641111055,4.54827481241173
planned_path,,,,,,,,,,,,1269,13.114864641111055,4.498274811666672
planned_path,,,,,,,,,,,,1270,13.114864641111055,4.448274810921614
planned_path,,,,,,,,,,,,1271,13.114864641111055,4.398274810176556
planned_path,,,,,,,,,,,,1272,13.114864641111055,4.348274809431498
planned_path,,,,,,,,,,,,1273,13.114864641111055,4.29827480868644
planned_path,,,,,,,,,,,,1274,13.114864641111055,4.248274807941382
planned_path,,,,,,,,,,,,1275,13.114864641111055,4.198274807196324
planned_path,,,,,,,,,,,,1276,13.114864641111055,4.148274806451266
planned_path,,,,,,,,,,,,1277,13.114864641111055,4.0982748057062075
planned_path,,,,,,,,,,,,1278,13.114864641111055,4.048274804961149
planned_path,,,,,,,,,,,,1279,13.114864641111055,3.9982748042160914
planned_path,,,,,,,,,,,,1280,13.114864641111055,3.9482748034710333
planned_path,,,,,,,,,,,,1281,13.114864641111055,3.8982748027259753
planned_path,,,,,,,,,,,,1282,13.114864641111055,3.848274801980917
planned_path,,,,,,,,,,,,1283,13.114864641111055,3.798274801235859
planned_path,,,,,,,,,,,,1284,13.114864641111055,3.748274800490801
planned_path,,,,,,,,,,,,1285,13.114864641111055,3.698274799745743
planned_path,,,,,,,,,,,,1286,13.114864641111055,3.648274799000685
planned_path,,,,,,,,,,,,1287,13.114864641111055,3.598274798255627
planned_path,,,,,,,,,,,,1288,13.114864641111055,3.548274797510569
planned_path,,,,,,,,,,,,1289,13.064864640365997,3.498274796765511
planned_path,,,,,,,,,,,,1290,13.064864640365997,3.4482747960204527
planned_path,,,,,,,,,,,,1291,13.014864639620939,3.3982747952753947
planned_path,,,,,,,,,,,,1292,13.014864639620939,3.3482747945303366
planned_path,,,,,,,,,,,,1293,12.96486463887588,3.2982747937852785
planned_path,,,,,,,,,,,,1294,12.96486463887588,3.2482747930402205
planned_path,,,,,,,,,,,,1295,12.96486463887588,3.1982747922951624
planned_path,,,,,,,,,,,,1296,12.914864638130823,3.1482747915501044
planned_path,,,,,,,,,,,,1297,12.914864638130823,3.0982747908050463
planned_path,,,,,,,,,,,,1298,12.864864637385764,3.0482747900599882
planned_path,,,,,,,,,,,,1299,12.864864637385764,2.99827478931493
planned_path,,,,,,,,,,,,1300,12.814864636640706,2.948274788569872
planned_path,,,,,,,,,,,,1301,12.814864636640706,2.898274787824814
planned_path,,,,,,,,,,,,1302,12.764864635895648,2.848274787079756
planned_path,,,,,,,,,,,,1303,12.764864635895648,2.798274786334698
planned_path,,,,,,,,,,,,1304,12.71486463515059,2.74827478558964
planned_path,,,,,,,,,,,,1305,12.71486463515059,2.698274784844582
planned_path,,,,,,,,,,,,1306,12.71486463515059,2.698274784844582
planned_path,,,,,,,,,,,,1307,12.664864634405532,2.6482747840995238
planned_path,,,,,,,,,,,,1308,12.614864633660474,2.5982747833544657
planned_path,,,,,,,,,,,,1309,12.564864632915416,2.5482747826094077
planned_path,,,,,,,,,,,,1310,12.514864632170358,2.4982747818643496
planned_path,,,,,,,,,,,,1311,12.4648646314253,2.4482747811192915
planned_path,,,,,,,,,,,,1312,12.414864630680242,2.3982747803742335
planned_path,,,,,,,,,,,,1313,12.364864629935184,2.3482747796291754
planned_path,,,,,,,,,,,,1314,12.314864629190126,2.2982747788841174
planned_path,,,,,,,,,,,,1315,12.264864628445068,2.2482747781390593
planned_path,,,,,,,,,,,,1316,12.21486462770001,2.1982747773940012
planned_path,,,,,,,,,,,,1317,12.164864626954952,2.148274776648943
planned_path,,,,,,,,,,,,1318,12.114864626209894,2.098274775903885
planned_path,,,,,,,,,,,,1319,12.064864625464836,2.048274775158827
planned_path,,,,,,,,,,,,1320,12.014864624719777,1.998274774413769
planned_path,,,,,,,,,,,,1321,11.96486462397472,1.948274773668711
planned_path,,,,,,,,,,,,1322,11.914864623229661,1.8982747729236529
planned_path,,,,,,,,,,,,1323,11.864864622484603,1.8482747721785948
planned_path,,,,,,,,,,,,1324,11.814864621739545,1.7982747714335368
planned_path,,,,,,,,,,,,1325,11.764864620994487,1.7482747706884787
planned_path,,,,,,,,,,,,1326,11.714864620249429,1.6982747699434206
planned_path,,,,,,,,,,,,1327,11.664864619504371,1.6482747691983626
planned_path,,,,,,,,,,,,1328,11.614864618759313,1.5982747684533045
planned_path,,,,,,,,,,,,1329,11.564864618014255,1.5482747677082465
planned_path,,,,,,,,,,,,1330,11.514864617269197,1.4982747669631884
planned_path,,,,,,,,,,,,1331,11.464864616524139,1.4982747669631884
planned_path,,,,,,,,,,,,1332,11.41486461577908,1.4982747669631884
planned_path,,,,,,,,,,,,1333,11.364864615034023,1.4982747669631884
planned_path,,,,,,,,,,,,1334,11.314864614288965,1.4482747662181303
planned_path,,,,,,,,,,,,1335,11.264864613543907,1.4482747662181303
planned_path,,,,,,,,,,,,1336,11.214864612798848,1.4482747662181303
planned_path,,,,,,,,,,,,1337,11.16486461205379,1.4482747662181303
planned_path,,,,,,,,,,,,1338,11.114864611308732,1.4482747662181303
planned_path,,,,,,,,,,,,1339,11.064864610563674,1.4482747662181303
planned_path,,,,,,,,,,,,1340,11.014864609818616,1.3982747654730723
planned_path,,,,,,,,,,,,1341,10.964864609073558,1.3982747654730723
planned_path,,,,,,,,,,,,1342,10.9148646083285,1.3982747654730723
planned_path,,,,,,,,,,,,1343,10.9148646083285,1.3982747654730723
planned_path,,,,,,,,,,,,1344,10.864864607583442,1.3982747654730723
planned_path,,,,,,,,,,,,1345,10.814864606838384,1.3982747654730723
planned_path,,,,,,,,,,,,1346,10.764864606093326,1.3982747654730723
planned_path,,,,,,,,,,,,1347,10.714864605348268,1.3982747654730723
planned_path,,,,,,,,,,,,1348,10.66486460460321,1.3982747654730723
planned_path,,,,,,,,,,,,1349,10.614864603858152,1.3982747654730723
planned_path,,,,,,,,,,,,1350,10.564864603113094,1.3982747654730723
planned_path,,,,,,,,,,,,1351,10.514864602368036,1.3982747654730723
planned_path,,,,,,,,,,,,1352,10.464864601622978,1.3982747654730723
planned_path,,,,,,,,,,,,1353,10.41486460087792,1.3982747654730723
planned_path,,,,,,,,,,,,1354,10.364864600132861,1.3982747654730723
planned_path,,,,,,,,,,,,1355,10.314864599387803,1.3982747654730723
planned_path,,,,,,,,,,,,1356,10.264864598642745,1.3982747654730723
planned_path,,,,,,,,,,,,1357,10.214864597897687,1.3982747654730723
planned_path,,,,,,,,,,,,1358,10.16486459715263,1.3982747654730723
planned_path,,,,,,,,,,,,1359,10.114864596407571,1.3982747654730723
planned_path,,,,,,,,,,,,1360,10.064864595662513,1.3982747654730723
planned_path,,,,,,,,,,,,1361,10.014864594917455,1.3982747654730723
planned_path,,,,,,,,,,,,1362,9.964864594172397,1.3982747654730723
planned_path,,,,,,,,,,,,1363,9.914864593427339,1.3982747654730723
planned_path,,,,,,,,,,,,1364,9.86486459268228,1.3982747654730723
planned_path,,,,,,,,,,,,1365,9.814864591937223,1.3982747654730723
planned_path,,,,,,,,,,,,1366,9.764864591192165,1.3982747654730723
planned_path,,,,,,,,,,,,1367,9.714864590447107,1.3982747654730723
planned_path,,,,,,,,,,,,1368,9.664864589702049,1.3982747654730723
planned_path,,,,,,,,,,,,1369,9.61486458895699,1.3982747654730723
planned_path,,,,,,,,,,,,1370,9.564864588211933,1.3982747654730723
planned_path,,,,,,,,,,,,1371,9.514864587466874,1.3982747654730723
planned_path,,,,,,,,,,,,1372,9.464864586721816,1.3982747654730723
planned_path,,,,,,,,,,,,1373,9.414864585976758,1.3982747654730723
planned_path,,,,,,,,,,,,1374,9.3648645852317,1.3982747654730723
planned_path,,,,,,,,,,,,1375,9.314864584486642,1.3982747654730723
planned_path,,,,,,,,,,,,1376,9.264864583741584,1.3982747654730723
planned_path,,,,,,,,,,,,1377,9.214864582996526,1.3982747654730723
planned_path,,,,,,,,,,,,1378,9.164864582251468,1.3982747654730723
planned_path,,,,,,,,,,,,1379,9.11486458150641,1.3982747654730723
planned_path,,,,,,,,,,,,1380,9.064864580761352,1.3982747654730723
planned_path,,,,,,,,,,,,1381,9.014864580016294,1.3982747654730723
planned_path,,,,,,,,,,,,1382,8.964864579271236,1.3982747654730723
planned_path,,,,,,,,,,,,1383,8.914864578526178,1.3982747654730723
planned_path,,,,,,,,,,,,1384,8.86486457778112,1.3982747654730723
planned_path,,,,,,,,,,,,1385,8.814864577036062,1.3982747654730723
planned_path,,,,,,,,,,,,1386,8.764864576291004,1.3982747654730723
planned_path,,,,,,,,,,,,1387,8.714864575545946,1.3982747654730723
planned_path,,,,,,,,,,,,1388,8.664864574800887,1.3982747654730723
planned_path,,,,,,,,,,,,1389,8.61486457405583,1.3982747654730723
planned_path,,,,,,,,,,,,1390,8.564864573310771,1.3982747654730723
planned_path,,,,,,,,,,,,1391,8.514864572565713,1.3982747654730723
planned_path,,,,,,,,,,,,1392,8.464864571820655,1.3982747654730723
planned_path,,,,,,,,,,,,1393,8.414864571075597,1.3982747654730723
planned_path,,,,,,,,,,,,1394,8.364864570330539,1.3982747654730723
planned_path,,,,,,,,,,,,1395,8.314864569585481,1.3982747654730723
planned_path,,,,,,,,,,,,1396,8.264864568840423,1.3982747654730723
planned_path,,,,,,,,,,,,1397,8.214864568095365,1.3982747654730723
planned_path,,,,,,,,,,,,1398,8.164864567350307,1.3982747654730723
planned_path,,,,,,,,,,,,1399,8.114864566605249,1.3982747654730723
planned_path,,,,,,,,,,,,1400,8.06486456586019,1.3982747654730723
planned_path,,,,,,,,,,,,1401,8.014864565115133,1.3982747654730723
planned_path,,,,,,,,,,,,1402,7.964864564370075,1.3982747654730723
planned_path,,,,,,,,,,,,1403,7.914864563625017,1.3982747654730723
planned_path,,,,,,,,,,,,1404,7.8648645628799585,1.3982747654730723
planned_path,,,,,,,,,,,,1405,7.8148645621349,1.3982747654730723
planned_path,,,,,,,,,,,,1406,7.764864561389842,1.3982747654730723
planned_path,,,,,,,,,,,,1407,7.714864560644784,1.3982747654730723
planned_path,,,,,,,,,,,,1408,7.664864559899726,1.3982747654730723
planned_path,,,,,,,,,,,,1409,7.614864559154668,1.3982747654730723
planned_path,,,,,,,,,,,,1410,7.56486455840961,1.3982747654730723
planned_path,,,,,,,,,,,,1411,7.514864557664552,1.3982747654730723
planned_path,,,,,,,,,,,,1412,7.464864556919494,1.3982747654730723
planned_path,,,,,,,,,,,,1413,7.414864556174436,1.3982747654730723
planned_path,,,,,,,,,,,,1414,7.364864555429378,1.3982747654730723
planned_path,,,,,,,,,,,,1415,7.31486455468432,1.3982747654730723
planned_path,,,,,,,,,,,,1416,7.264864553939262,1.3982747654730723
planned_path,,,,,,,,,,,,1417,7.214864553194204,1.3982747654730723
planned_path,,,,,,,,,,,,1418,7.164864552449146,1.3982747654730723
planned_path,,,,,,,,,,,,1419,7.114864551704088,1.3982747654730723
planned_path,,,,,,,,,,,,1420,7.0648645509590295,1.3982747654730723
planned_path,,,,,,,,,,,,1421,7.0148645502139715,1.3982747654730723
planned_path,,,,,,,,,,,,1422,6.964864549468913,1.3982747654730723
planned_path,,,,,,,,,,,,1423,6.914864548723855,1.3982747654730723
planned_path,,,,,,,,,,,,1424,6.864864547978797,1.3982747654730723
planned_path,,,,,,,,,,,,1425,6.814864547233739,1.3982747654730723
planned_path,,,,,,,,,,,,1426,6.764864546488681,1.3982747654730723
planned_path,,,,,,,,,,,,1427,6.714864545743623,1.3982747654730723
planned_path,,,,,,,,,,,,1428,6.664864544998565,1.3982747654730723
planned_path,,,,,,,,,,,,1429,6.614864544253507,1.3982747654730723
planned_path,,,,,,,,,,,,1430,6.564864543508449,1.3982747654730723
planned_path,,,,,,,,,,,,1431,6.514864542763391,1.3982747654730723
planned_path,,,,,,,,,,,,1432,6.464864542018333,1.3982747654730723
planned_path,,,,,,,,,,,,1433,6.414864541273275,1.3982747654730723
planned_path,,,,,,,,,,,,1434,6.364864540528217,1.3982747654730723
planned_path,,,,,,,,,,,,1435,6.314864539783159,1.3982747654730723
planned_path,,,,,,,,,,,,1436,6.264864539038101,1.3982747654730723
planned_path,,,,,,,,,,,,1437,6.2148645382930425,1.3982747654730723
planned_path,,,,,,,,,,,,1438,6.1648645375479845,1.3982747654730723
planned_path,,,,,,,,,,,,1439,6.114864536802926,1.3982747654730723
planned_path,,,,,,,,,,,,1440,6.064864536057868,1.3982747654730723
planned_path,,,,,,,,,,,,1441,6.01486453531281,1.3982747654730723
planned_path,,,,,,,,,,,,1442,5.964864534567752,1.3982747654730723
planned_path,,,,,,,,,,,,1443,5.914864533822694,1.3982747654730723
planned_path,,,,,,,,,,,,1444,5.864864533077636,1.3982747654730723
planned_path,,,,,,,,,,,,1445,5.814864532332578,1.3982747654730723
planned_path,,,,,,,,,,,,1446,5.76486453158752,1.3982747654730723
planned_path,,,,,,,,,,,,1447,5.714864530842462,1.3982747654730723
planned_path,,,,,,,,,,,,1448,5.664864530097404,1.3982747654730723
planned_path,,,,,,,,,,,,1449,5.614864529352346,1.3482747647280142
planned_path,,,,,,,,,,,,1450,5.564864528607288,1.3482747647280142
planned_path,,,,,,,,,,,,1451,5.51486452786223,1.3482747647280142
planned_path,,,,,,,,,,,,1452,5.51486452786223,1.3482747647280142
planned_path,,,,,,,,,,,,1453,5.464864527117172,1.3482747647280142
planned_path,,,,,,,,,,,,1454,5.414864526372114,1.3482747647280142
planned_path,,,,,,,,,,,,1455,5.3648645256270555,1.3482747647280142
planned_path,,,,,,,,,,,,1456,5.3148645248819975,1.3482747647280142
planned_path,,,,,,,,,,,,1457,5.264864524136939,1.3482747647280142
planned_path,,,,,,,,,,,,1458,5.214864523391881,1.3482747647280142
planned_path,,,,,,,,,,,,1459,5.164864522646823,1.3482747647280142
planned_path,,,,,,,,,,,,1460,5.114864521901765,1.3482747647280142
planned_path,,,,,,,,,,,,1461,5.064864521156707,1.3482747647280142
planned_path,,,,,,,,,,,,1462,5.014864520411649,1.3482747647280142
planned_path,,,,,,,,,,,,1463,4.964864519666591,1.3482747647280142
planned_path,,,,,,,,,,,,1464,4.914864518921533,1.3482747647280142
planned_path,,,,,,,,,,,,1465,4.864864518176475,1.3482747647280142
planned_path,,,,,,,,,,,,1466,4.814864517431417,1.3482747647280142
planned_path,,,,,,,,,,,,1467,4.764864516686359,1.3482747647280142
planned_path,,,,,,,,,,,,1468,4.714864515941301,1.3482747647280142
planned_path,,,,,,,,,,,,1469,4.664864515196243,1.3482747647280142
planned_path,,,,,,,,,,,,1470,4.614864514451185,1.3482747647280142
planned_path,,,,,,,,,,,,1471,4.564864513706127,1.3482747647280142
planned_path,,,,,,,,,,,,1472,4.5148645129610685,1.3482747647280142
planned_path,,,,,,,,,,,,1473,4.46486451221601,1.3482747647280142
planned_path,,,,,,,,,,,,1474,4.414864511470952,1.3482747647280142
planned_path,,,,,,,,,,,,1475,4.364864510725894,1.3982747654730723
planned_path,,,,,,,,,,,,1476,4.314864509980836,1.3982747654730723
planned_path,,,,,,,,,,,,1477,4.264864509235778,1.3982747654730723
planned_path,,,,,,,,,,,,1478,4.21486450849072,1.3982747654730723
planned_path,,,,,,,,,,,,1479,4.164864507745662,1.3982747654730723
planned_path,,,,,,,,,,,,1480,4.114864507000604,1.3982747654730723
planned_path,,,,,,,,,,,,1481,4.064864506255546,1.3982747654730723
planned_path,,,,,,,,,,,,1482,4.014864505510488,1.3982747654730723
planned_path,,,,,,,,,,,,1483,3.96486450476543,1.3982747654730723
planned_path,,,,,,,,,,,,1484,3.914864504020372,1.3982747654730723
planned_path,,,,,,,,,,,,1485,3.8648645032753137,1.3982747654730723
planned_path,,,,,,,,,,,,1486,3.8148645025302557,1.3982747654730723
planned_path,,,,,,,,,,,,1487,3.7648645017851976,1.3982747654730723
planned_path,,,,,,,,,,,,1488,3.7148645010401395,1.3982747654730723
planned_path,,,,,,,,,,,,1489,3.6648645002950815,1.3982747654730723
planned_path,,,,,,,,,,,,1490,3.6148644995500234,1.3982747654730723
planned_path,,,,,,,,,,,,1491,3.5648644988049654,1.3982747654730723
planned_path,,,,,,,,,,,,1492,3.5148644980599073,1.3982747654730723
planned_path,,,,,,,,,,,,1493,3.4648644973148492,1.3982747654730723
planned_path,,,,,,,,,,,,1494,3.414864496569791,1.3982747654730723
planned_path,,,,,,,,,,,,1495,3.364864495824733,1.3982747654730723
planned_path,,,,,,,,,,,,1496,3.314864495079675,1.3982747654730723
planned_path,,,,,,,,,,,,1497,3.264864494334617,1.3982747654730723
planned_path,,,,,,,,,,,,1498,3.214864493589559,1.3982747654730723
planned_path,,,,,,,,,,,,1499,3.164864492844501,1.3982747654730723
planned_path,,,,,,,,,,,,1500,3.114864492099443,1.3982747654730723
planned_path,,,,,,,,,,,,1501,3.0648644913543848,1.3982747654730723
planned_path,,,,,,,,,,,,1502,3.0148644906093267,1.3982747654730723
planned_path,,,,,,,,,,,,1503,2.9648644898642686,1.3982747654730723
planned_path,,,,,,,,,,,,1504,2.9148644891192106,1.3982747654730723
planned_path,,,,,,,,,,,,1505,2.8648644883741525,1.3982747654730723
planned_path,,,,,,,,,,,,1506,2.8148644876290945,1.3982747654730723
planned_path,,,,,,,,,,,,1507,2.7648644868840364,1.3982747654730723
planned_path,,,,,,,,,,,,1508,2.7148644861389784,1.3982747654730723
planned_path,,,,,,,,,,,,1509,2.6648644853939203,1.3982747654730723
planned_path,,,,,,,,,,,,1510,2.6148644846488622,1.3982747654730723
planned_path,,,,,,,,,,,,1511,2.564864483903804,1.3982747654730723
planned_path,,,,,,,,,,,,1512,2.514864483158746,1.3982747654730723
planned_path,,,,,,,,,,,,1513,2.464864482413688,1.3982747654730723
planned_path,,,,,,,,,,,,1514,2.41486448166863,1.3982747654730723
planned_path,,,,,,,,,,,,1515,2.364864480923572,1.3982747654730723
planned_path,,,,,,,,,,,,1516,2.314864480178514,1.3982747654730723
planned_path,,,,,,,,,,,,1517,2.264864479433456,1.4482747662181303
planned_path,,,,,,,,,,,,1518,2.2148644786883978,1.4982747669631884
planned_path,,,,,,,,,,,,1519,2.1648644779433397,1.5482747677082465
planned_path,,,,,,,,,,,,1520,2.1148644771982816,1.5982747684533045
planned_path,,,,,,,,,,,,1521,2.0648644764532236,1.6482747691983626
planned_path,,,,,,,,,,,,1522,2.0148644757081655,1.6982747699434206
planned_path,,,,,,,,,,,,1523,1.9648644749631075,1.7482747706884787
planned_path,,,,,,,,,,,,1524,1.9148644742180494,1.7982747714335368
planned_path,,,,,,,,,,,,1525,1.8648644734729913,1.8482747721785948
planned_path,,,,,,,,,,,,1526,1.8148644727279333,1.8982747729236529
planned_path,,,,,,,,,,,,1527,1.7648644719828752,1.948274773668711
planned_path,,,,,,,,,,,,1528,1.7148644712378172,1.998274774413769
planned_path,,,,,,,,,,,,1529,1.664864470492759,2.048274775158827
planned_path,,,,,,,,,,,,1530,1.614864469747701,2.098274775903885
planned_path,,,,,,,,,,,,1531,1.564864469002643,2.148274776648943
planned_path,,,,,,,,,,,,1532,1.514864468257585,2.1982747773940012
planned_path,,,,,,,,,,,,1533,1.4648644675125269,2.2482747781390593
planned_path,,,,,,,,,,,,1534,1.4148644667674688,2.2982747788841174
planned_path,,,,,,,,,,,,1535,1.3648644660224107,2.3482747796291754
planned_path,,,,,,,,,,,,1536,1.3648644660224107,2.3982747803742335
planned_path,,,,,,,,,,,,1537,1.3648644660224107,2.4482747811192915
planned_path,,,,,,,,,,,,1538,1.3148644652773527,2.4982747818643496
planned_path,,,,,,,,,,,,1539,1.3148644652773527,2.5482747826094077
planned_path,,,,,,,,,,,,1540,1.2648644645322946,2.5982747833544657
planned_path,,,,,,,,,,,,1541,1.2648644645322946,2.6482747840995238
planned_path,,,,,,,,,,,,1542,1.2148644637872366,2.698274784844582
planned_path,,,,,,,,,,,,1543,1.2148644637872366,2.74827478558964
planned_path,,,,,,,,,,,,1544,1.1648644630421785,2.798274786334698
planned_path,,,,,,,,,,,,1545,1.1648644630421785,2.848274787079756
planned_path,,,,,,,,,,,,1546,1.1648644630421785,2.848274787079756
planned_path,,,,,,,,,,,,1547,1.1648644630421785,2.898274787824814
planned_path,,,,,,,,,,,,1548,1.1648644630421785,2.948274788569872
planned_path,,,,,,,,,,,,1549,1.1648644630421785,2.99827478931493
planned_path,,,,,,,,,,,,1550,1.1648644630421785,3.0482747900599882
planned_path,,,,,,,,,,,,1551,1.1648644630421785,3.0982747908050463
planned_path,,,,,,,,,,,,1552,1.1648644630421785,3.1482747915501044
planned_path,,,,,,,,,,,,1553,1.1648644630421785,3.1982747922951624
planned_path,,,,,,,,,,,,1554,1.1148644622971204,3.2482747930402205
planned_path,,,,,,,,,,,,1555,1.0648644615520624,3.2982747937852785
planned_path,,,,,,,,,,,,1556,1.0648644615520624,3.3482747945303366
planned_path,,,,,,,,,,,,1557,1.0648644615520624,3.3482747945303366
planned_path,,,,,,,,,,,,1558,1.0148644608070043,3.3982747952753947
planned_path,,,,,,,,,,,,1559,0.9648644600619463,3.4482747960204527
planned_path,,,,,,,,,,,,1560,0.9148644593168882,3.498274796765511
planned_path,,,,,,,,,,,,1561,0.9148644593168882,3.548274797510569
planned_path,,,,,,,,,,,,1562,0.9148644593168882,3.598274798255627
planned_path,,,,,,,,,,,,1563,0.9148644593168882,3.648274799000685
planned_path,,,,,,,,,,,,1564,0.8648644585718301,3.698274799745743
planned_path,,,,,,,,,,,,1565,0.8148644578267721,3.748274800490801
planned_path,,,,,,,,,,,,1566,0.764864457081714,3.798274801235859
planned_path,,,,,,,,,,,,1567,0.764864457081714,3.848274801980917
planned_path,,,,,,,,,,,,1568,0.764864457081714,3.848274801980917
planned_path,,,,,,,,,,,,1569,0.714864456336656,3.8982748027259753
planned_path,,,,,,,,,,,,1570,0.6648644555915979,3.9482748034710333
planned_path,,,,,,,,,,,,1571,0.6148644548465398,3.9982748042160914
planned_path,,,,,,,,,,,,1572,0.5648644541014818,3.9982748042160914
planned_path,,,,,,,,,,,,1573,0.5148644533564237,3.9982748042160914
planned_path,,,,,,,,,,,,1574,0.46486445261136566,3.9982748042160914
planned_path,,,,,,,,,,,,1575,0.4148644518663076,4.048274804961149
planned_path,,,,,,,,,,,,1576,0.36486445112124954,4.0982748057062075
planned_path,,,,,,,,,,,,1577,0.3148644503761915,4.0982748057062075
planned_path,,,,,,,,,,,,1578,0.3148644503761915,4.0982748057062075
planned_path,,,,,,,,,,,,1579,0.2648644496311334,4.0982748057062075
planned_path,,,,,,,,,,,,1580,0.21486444888607537,4.0982748057062075
planned_path,,,,,,,,,,,,1581,0.1648644481410173,4.0982748057062075
planned_path,,,,,,,,,,,,1582,0.11486444739595925,4.0982748057062075
planned_path,,,,,,,,,,,,1583,0.06486444665090119,4.0982748057062075
planned_path,,,,,,,,,,,,1584,0.014864445905843127,4.0982748057062075
planned_path,,,,,,,,,,,,1585,-0.03513555483921493,4.0982748057062075
planned_path,,,,,,,,,,,,1586,-0.08513555558427299,4.0982748057062075
planned_path,,,,,,,,,,,,1587,-0.13513555632933105,4.0982748057062075
planned_path,,,,,,,,,,,,1588,-0.1851355570743891,4.0982748057062075
planned_path,,,,,,,,,,,,1589,-0.1851355570743891,4.0982748057062075
planned_path,,,,,,,,,,,,1590,-0.23513555781944717,4.048274804961149
planned_path,,,,,,,,,,,,1591,-0.28513555856450523,3.9982748042160914
planned_path,,,,,,,,,,,,1592,-0.3351355593095633,3.9982748042160914
planned_path,,,,,,,,,,,,1593,-0.38513556005462135,3.9982748042160914
planned_path,,,,,,,,,,,,1594,-0.4351355607996794,3.9982748042160914
planned_path,,,,,,,,,,,,1595,-0.48513556154473747,3.9482748034710333
planned_path,,,,,,,,,,,,1596,-0.5351355622897955,3.9482748034710333
planned_path,,,,,,,,,,,,1597,-0.5851355630348536,3.9482748034710333
planned_path,,,,,,,,,,,,1598,-0.5851355630348536,3.9482748034710333
planned_path,,,,,,,,,,,,1599,-0.6351355637799116,3.8982748027259753
planned_path,,,,,,,,,,,,1600,-0.6851355645249697,3.848274801980917
planned_path,,,,,,,,,,,,1601,-0.7351355652700278,3.798274801235859
planned_path,,,,,,,,,,,,1602,-0.7851355660150858,3.748274800490801
planned_path,,,,,,,,,,,,1603,-0.8351355667601439,3.698274799745743
planned_path,,,,,,,,,,,,1604,-0.885135567505202,3.648274799000685
planned_path,,,,,,,,,,,,1605,-0.885135567505202,3.648274799000685
planned_path,,,,,,,,,,,,1606,-0.93513556825026,3.598274798255627
planned_path,,,,,,,,,,,,1607,-0.9851355689953181,3.548274797510569
planned_path,,,,,,,,,,,,1608,-1.0351355697403761,3.498274796765511
planned_path,,,,,,,,,,,,1609,-1.0851355704854342,3.4482747960204527
planned_path,,,,,,,,,,,,1610,-1.1351355712304922,3.3982747952753947
planned_path,,,,,,,,,,,,1611,-1.1851355719755503,3.3482747945303366
planned_path,,,,,,,,,,,,1612,-1.1851355719755503,3.2982747937852785
planned_path,,,,,,,,,,,,1613,-1.1851355719755503,3.2482747930402205
planned_path,,,,,,,,,,,,1614,-1.1851355719755503,3.2482747930402205
planned_path,,,,,,,,,,,,1615,-1.2351355727206084,3.1982747922951624
planned_path,,,,,,,,,,,,1616,-1.2851355734656664,3.1482747915501044
planned_path,,,,,,,,,,,,1617,-1.3351355742107245,3.0982747908050463
planned_path,,,,,,,,,,,,1618,-1.3351355742107245,3.0482747900599882
planned_path,,,,,,,,,,,,1619,-1.3351355742107245,2.99827478931493
planned_path,,,,,,,,,,,,1620,-1.3351355742107245,2.948274788569872
planned_path,,,,,,,,,,,,1621,-1.3351355742107245,2.898274787824814
planned_path,,,,,,,,,,,,1622,-1.3851355749557825,2.848274787079756
planned_path,,,,,,,,,,,,1623,-1.3851355749557825,2.798274786334698
planned_path,,,,,,,,,,,,1624,-1.4351355757008406,2.74827478558964
planned_path,,,,,,,,,,,,1625,-1.4351355757008406,2.698274784844582
planned_path,,,,,,,,,,,,1626,-1.4351355757008406,2.698274784844582
planned_path,,,,,,,,,,,,1627,-1.4351355757008406,2.6482747840995238
planned_path,,,,,,,,,,,,1628,-1.4351355757008406,2.5982747833544657
planned_path,,,,,,,,,,,,1629,-1.4351355757008406,2.5482747826094077
planned_path,,,,,,,,,,,,1630,-1.4351355757008406,2.4982747818643496
planned_path,,,,,,,,,,,,1631,-1.4351355757008406,2.4482747811192915
planned_path,,,,,,,,,,,,1632,-1.4351355757008406,2.3982747803742335
planned_path,,,,,,,,,,,,1633,-1.4351355757008406,2.3482747796291754
planned_path,,,,,,,,,,,,1634,-1.4351355757008406,2.2982747788841174
planned_path,,,,,,,,,,,,1635,-1.4351355757008406,2.2482747781390593
planned_path,,,,,,,,,,,,1636,-1.4351355757008406,2.1982747773940012
planned_path,,,,,,,,,,,,1637,-1.4351355757008406,2.148274776648943
planned_path,,,,,,,,,,,,1638,-1.4351355757008406,2.098274775903885
planned_path,,,,,,,,,,,,1639,-1.4351355757008406,2.048274775158827
planned_path,,,,,,,,,,,,1640,-1.4351355757008406,2.048274775158827
planned_path,,,,,,,,,,,,1641,-1.4351355757008406,1.998274774413769
planned_path,,,,,,,,,,,,1642,-1.4351355757008406,1.948274773668711
planned_path,,,,,,,,,,,,1643,-1.4351355757008406,1.8982747729236529
planned_path,,,,,,,,,,,,1644,-1.4351355757008406,1.8482747721785948
planned_path,,,,,,,,,,,,1645,-1.4351355757008406,1.7982747714335368
planned_path,,,,,,,,,,,,1646,-1.4351355757008406,1.7482747706884787
planned_path,,,,,,,,,,,,1647,-1.4351355757008406,1.6982747699434206
planned_path,,,,,,,,,,,,1648,-1.3851355749557825,1.6482747691983626
planned_path,,,,,,,,,,,,1649,-1.3351355742107245,1.5982747684533045
planned_path,,,,,,,,,,,,1650,-1.2851355734656664,1.5482747677082465
planned_path,,,,,,,,,,,,1651,-1.2351355727206084,1.4982747669631884
planned_path,,,,,,,,,,,,1652,-1.2351355727206084,1.4482747662181303
planned_path,,,,,,,,,,,,1653,-1.2351355727206084,1.4482747662181303
planned_path,,,,,,,,,,,,1654,-1.1851355719755503,1.3982747654730723
planned_path,,,,,,,,,,,,1655,-1.1351355712304922,1.3482747647280142
planned_path,,,,,,,,,,,,1656,-1.0851355704854342,1.2982747639829562
planned_path,,,,,,,,,,,,1657,-1.0851355704854342,1.248274763237898
planned_path,,,,,,,,,,,,1658,-1.0851355704854342,1.19827476249284
planned_path,,,,,,,,,,,,1659,-1.0851355704854342,1.148274761747782
planned_path,,,,,,,,,,,,1660,-1.0351355697403761,1.098274761002724
planned_path,,,,,,,,,,,,1661,-0.9851355689953181,1.0482747602576659
planned_path,,,,,,,,,,,,1662,-0.93513556825026,0.9982747595126078
planned_path,,,,,,,,,,,,1663,-0.885135567505202,0.9482747587675497
planned_path,,,,,,,,,,,,1664,-0.8351355667601439,0.8982747580224917
planned_path,,,,,,,,,,,,1665,-0.8351355667601439,0.8482747572774336
planned_path,,,,,,,,,,,,1666,-0.8351355667601439,0.8482747572774336
planned_path,,,,,,,,,,,,1667,-0.7851355660150858,0.8482747572774336
planned_path,,,,,,,,,,,,1668,-0.7351355652700278,0.8482747572774336
planned_path,,,,,,,,,,,,1669,-0.6851355645249697,0.8482747572774336
planned_path,,,,,,,,,,,,1670,-0.6351355637799116,0.8482747572774336
planned_path,,,,,,,,,,,,1671,-0.5851355630348536,0.8482747572774336
planned_path,,,,,,,,,,,,1672,-0.5351355622897955,0.8482747572774336
planned_path,,,,,,,,,,,,1673,-0.48513556154473747,0.8482747572774336
planned_path,,,,,,,,,,,,1674,-0.4351355607996794,0.8482747572774336
planned_path,,,,,,,,,,,,1675,-0.38513556005462135,0.8482747572774336
planned_path,,,,,,,,,,,,1676,-0.3351355593095633,0.8482747572774336
planned_path,,,,,,,,,,,,1677,-0.28513555856450523,0.8482747572774336
planned_path,,,,,,,,,,,,1678,-0.23513555781944717,0.8482747572774336
planned_path,,,,,,,,,,,,1679,-0.1851355570743891,0.8482747572774336
planned_path,,,,,,,,,,,,1680,-0.13513555632933105,0.8482747572774336
planned_path,,,,,,,,,,,,1681,-0.08513555558427299,0.8482747572774336
planned_path,,,,,,,,,,,,1682,-0.03513555483921493,0.8482747572774336
planned_path,,,,,,,,,,,,1683,0.014864445905843127,0.8482747572774336
planned_path,,,,,,,,,,,,1684,0.06486444665090119,0.8482747572774336
planned_path,,,,,,,,,,,,1685,0.11486444739595925,0.8482747572774336
planned_path,,,,,,,,,,,,1686,0.1648644481410173,0.8482747572774336
planned_path,,,,,,,,,,,,1687,0.21486444888607537,0.8482747572774336
planned_path,,,,,,,,,,,,1688,0.2648644496311334,0.8482747572774336
planned_path,,,,,,,,,,,,1689,0.3148644503761915,0.8482747572774336
planned_path,,,,,,,,,,,,1690,0.36486445112124954,0.8482747572774336
planned_path,,,,,,,,,,,,1691,0.4148644518663076,0.8482747572774336
planned_path,,,,,,,,,,,,1692,0.46486445261136566,0.8482747572774336
planned_path,,,,,,,,,,,,1693,0.5148644533564237,0.8482747572774336
planned_path,,,,,,,,,,,,1694,0.5648644541014818,0.8482747572774336
planned_path,,,,,,,,,,,,1695,0.6148644548465398,0.8482747572774336
planned_path,,,,,,,,,,,,1696,0.6648644555915979,0.8482747572774336
planned_path,,,,,,,,,,,,1697,0.714864456336656,0.8482747572774336
planned_path,,,,,,,,,,,,1698,0.764864457081714,0.8482747572774336
planned_path,,,,,,,,,,,,1699,0.8148644578267721,0.8482747572774336
planned_path,,,,,,,,,,,,1700,0.8648644585718301,0.8482747572774336
planned_path,,,,,,,,,,,,1701,0.9148644593168882,0.8482747572774336
planned_path,,,,,,,,,,,,1702,0.9648644600619463,0.8482747572774336
planned_path,,,,,,,,,,,,1703,1.0148644608070043,0.8482747572774336
planned_path,,,,,,,,,,,,1704,1.0648644615520624,0.8482747572774336
planned_path,,,,,,,,,,,,1705,1.1148644622971204,0.8482747572774336
planned_path,,,,,,,,,,,,1706,1.1648644630421785,0.8482747572774336
planned_path,,,,,,,,,,,,1707,1.2148644637872366,0.8482747572774336
planned_path,,,,,,,,,,,,1708,1.2648644645322946,0.8482747572774336
planned_path,,,,,,,,,,,,1709,1.3148644652773527,0.8482747572774336
planned_path,,,,,,,,,,,,1710,1.3648644660224107,0.8482747572774336
planned_path,,,,,,,,,,,,1711,1.4148644667674688,0.8482747572774336
planned_path,,,,,,,,,,,,1712,1.4648644675125269,0.8482747572774336
planned_path,,,,,,,,,,,,1713,1.514864468257585,0.8482747572774336
planned_path,,,,,,,,,,,,1714,1.564864469002643,0.8482747572774336
planned_path,,,,,,,,,,,,1715,1.614864469747701,0.8482747572774336
planned_path,,,,,,,,,,,,1716,1.664864470492759,0.8482747572774336
planned_path,,,,,,,,,,,,1717,1.7148644712378172,0.8482747572774336
planned_path,,,,,,,,,,,,1718,1.7648644719828752,0.8482747572774336
planned_path,,,,,,,,,,,,1719,1.8148644727279333,0.8482747572774336
planned_path,,,,,,,,,,,,1720,1.8648644734729913,0.8482747572774336
planned_path,,,,,,,,,,,,1721,1.9148644742180494,0.8482747572774336
planned_path,,,,,,,,,,,,1722,1.9648644749631075,0.8482747572774336
planned_path,,,,,,,,,,,,1723,2.0148644757081655,0.8482747572774336
planned_path,,,,,,,,,,,,1724,2.0648644764532236,0.8482747572774336
planned_path,,,,,,,,,,,,1725,2.1148644771982816,0.8482747572774336
planned_path,,,,,,,,,,,,1726,2.1648644779433397,0.8482747572774336
planned_path,,,,,,,,,,,,1727,2.2148644786883978,0.8482747572774336
planned_path,,,,,,,,,,,,1728,2.264864479433456,0.8482747572774336
planned_path,,,,,,,,,,,,1729,2.314864480178514,0.8482747572774336
planned_path,,,,,,,,,,,,1730,2.364864480923572,0.8482747572774336
planned_path,,,,,,,,,,,,1731,2.41486448166863,0.8482747572774336
planned_path,,,,,,,,,,,,1732,2.464864482413688,0.8482747572774336
planned_path,,,,,,,,,,,,1733,2.514864483158746,0.8482747572774336
planned_path,,,,,,,,,,,,1734,2.564864483903804,0.8482747572774336
planned_path,,,,,,,,,,,,1735,2.6148644846488622,0.8482747572774336
planned_path,,,,,,,,,,,,1736,2.6648644853939203,0.8482747572774336
planned_path,,,,,,,,,,,,1737,2.7148644861389784,0.8482747572774336
planned_path,,,,,,,,,,,,1738,2.7648644868840364,0.8482747572774336
planned_path,,,,,,,,,,,,1739,2.8148644876290945,0.8482747572774336
planned_path,,,,,,,,,,,,1740,2.8648644883741525,0.8482747572774336
planned_path,,,,,,,,,,,,1741,2.9148644891192106,0.8482747572774336
planned_path,,,,,,,,,,,,1742,2.9648644898642686,0.8482747572774336
planned_path,,,,,,,,,,,,1743,3.0148644906093267,0.8482747572774336
planned_path,,,,,,,,,,,,1744,3.0648644913543848,0.8482747572774336
planned_path,,,,,,,,,,,,1745,3.114864492099443,0.8482747572774336
planned_path,,,,,,,,,,,,1746,3.164864492844501,0.8482747572774336
planned_path,,,,,,,,,,,,1747,3.214864493589559,0.8482747572774336
planned_path,,,,,,,,,,,,1748,3.264864494334617,0.8482747572774336
planned_path,,,,,,,,,,,,1749,3.314864495079675,0.8482747572774336
planned_path,,,,,,,,,,,,1750,3.364864495824733,0.8482747572774336
planned_path,,,,,,,,,,,,1751,3.414864496569791,0.8482747572774336
planned_path,,,,,,,,,,,,1752,3.4648644973148492,0.8482747572774336
planned_path,,,,,,,,,,,,1753,3.5148644980599073,0.8482747572774336
planned_path,,,,,,,,,,,,1754,3.5648644988049654,0.8482747572774336
planned_path,,,,,,,,,,,,1755,3.6148644995500234,0.8482747572774336
planned_path,,,,,,,,,,,,1756,3.6648645002950815,0.8482747572774336
planned_path,,,,,,,,,,,,1757,3.7148645010401395,0.8482747572774336
planned_path,,,,,,,,,,,,1758,3.7648645017851976,0.8482747572774336
planned_path,,,,,,,,,,,,1759,3.8148645025302557,0.8482747572774336
planned_path,,,,,,,,,,,,1760,3.8648645032753137,0.8482747572774336
planned_path,,,,,,,,,,,,1761,3.914864504020372,0.8482747572774336
planned_path,,,,,,,,,,,,1762,3.96486450476543,0.8482747572774336
planned_path,,,,,,,,,,,,1763,4.014864505510488,0.8482747572774336
planned_path,,,,,,,,,,,,1764,4.064864506255546,0.8482747572774336
planned_path,,,,,,,,,,,,1765,4.114864507000604,0.8482747572774336
planned_path,,,,,,,,,,,,1766,4.164864507745662,0.8482747572774336
planned_path,,,,,,,,,,,,1767,4.21486450849072,0.8482747572774336
planned_path,,,,,,,,,,,,1768,4.264864509235778,0.8482747572774336
planned_path,,,,,,,,,,,,1769,4.314864509980836,0.8482747572774336
planned_path,,,,,,,,,,,,1770,4.364864510725894,0.8482747572774336
planned_path,,,,,,,,,,,,1771,4.414864511470952,0.8482747572774336
planned_path,,,,,,,,,,,,1772,4.46486451221601,0.8482747572774336
planned_path,,,,,,,,,,,,1773,4.5148645129610685,0.8482747572774336
planned_path,,,,,,,,,,,,1774,4.564864513706127,0.8482747572774336
planned_path,,,,,,,,,,,,1775,4.614864514451185,0.8482747572774336
planned_path,,,,,,,,,,,,1776,4.664864515196243,0.8482747572774336
planned_path,,,,,,,,,,,,1777,4.714864515941301,0.8482747572774336
planned_path,,,,,,,,,,,,1778,4.764864516686359,0.8482747572774336
planned_path,,,,,,,,,,,,1779,4.814864517431417,0.8482747572774336
planned_path,,,,,,,,,,,,1780,4.864864518176475,0.8482747572774336
planned_path,,,,,,,,,,,,1781,4.914864518921533,0.8482747572774336
planned_path,,,,,,,,,,,,1782,4.964864519666591,0.8482747572774336
planned_path,,,,,,,,,,,,1783,5.014864520411649,0.8482747572774336
planned_path,,,,,,,,,,,,1784,5.064864521156707,0.8482747572774336
planned_path,,,,,,,,,,,,1785,5.114864521901765,0.8482747572774336
planned_path,,,,,,,,,,,,1786,5.164864522646823,0.8482747572774336
planned_path,,,,,,,,,,,,1787,5.214864523391881,0.8482747572774336
planned_path,,,,,,,,,,,,1788,5.264864524136939,0.8482747572774336
planned_path,,,,,,,,,,,,1789,5.3148645248819975,0.8482747572774336
planned_path,,,,,,,,,,,,1790,5.3648645256270555,0.8482747572774336
planned_path,,,,,,,,,,,,1791,5.414864526372114,0.8482747572774336
planned_path,,,,,,,,,,,,1792,5.464864527117172,0.8482747572774336
planned_path,,,,,,,,,,,,1793,5.51486452786223,0.8482747572774336
planned_path,,,,,,,,,,,,1794,5.564864528607288,0.8482747572774336
planned_path,,,,,,,,,,,,1795,5.614864529352346,0.8482747572774336
planned_path,,,,,,,,,,,,1796,5.664864530097404,0.8482747572774336
planned_path,,,,,,,,,,,,1797,5.714864530842462,0.8482747572774336
planned_path,,,,,,,,,,,,1798,5.76486453158752,0.8482747572774336
planned_path,,,,,,,,,,,,1799,5.814864532332578,0.8482747572774336
planned_path,,,,,,,,,,,,1800,5.864864533077636,0.8482747572774336
planned_path,,,,,,,,,,,,1801,5.914864533822694,0.8482747572774336
planned_path,,,,,,,,,,,,1802,5.964864534567752,0.8482747572774336
planned_path,,,,,,,,,,,,1803,6.01486453531281,0.8482747572774336
planned_path,,,,,,,,,,,,1804,6.064864536057868,0.8482747572774336
planned_path,,,,,,,,,,,,1805,6.114864536802926,0.8482747572774336
planned_path,,,,,,,,,,,,1806,6.1648645375479845,0.8482747572774336
planned_path,,,,,,,,,,,,1807,6.2148645382930425,0.8482747572774336
planned_path,,,,,,,,,,,,1808,6.264864539038101,0.8482747572774336
planned_path,,,,,,,,,,,,1809,6.314864539783159,0.8482747572774336
planned_path,,,,,,,,,,,,1810,6.364864540528217,0.8482747572774336
planned_path,,,,,,,,,,,,1811,6.414864541273275,0.8482747572774336
planned_path,,,,,,,,,,,,1812,6.464864542018333,0.8482747572774336
planned_path,,,,,,,,,,,,1813,6.514864542763391,0.8482747572774336
planned_path,,,,,,,,,,,,1814,6.564864543508449,0.8482747572774336
planned_path,,,,,,,,,,,,1815,6.614864544253507,0.8482747572774336
planned_path,,,,,,,,,,,,1816,6.664864544998565,0.8482747572774336
planned_path,,,,,,,,,,,,1817,6.714864545743623,0.8482747572774336
planned_path,,,,,,,,,,,,1818,6.764864546488681,0.8482747572774336
planned_path,,,,,,,,,,,,1819,6.814864547233739,0.8482747572774336
planned_path,,,,,,,,,,,,1820,6.864864547978797,0.8482747572774336
planned_path,,,,,,,,,,,,1821,6.914864548723855,0.8482747572774336
planned_path,,,,,,,,,,,,1822,6.964864549468913,0.8482747572774336
planned_path,,,,,,,,,,,,1823,7.0148645502139715,0.8482747572774336
planned_path,,,,,,,,,,,,1824,7.0648645509590295,0.8482747572774336
planned_path,,,,,,,,,,,,1825,7.114864551704088,0.8482747572774336
planned_path,,,,,,,,,,,,1826,7.164864552449146,0.8482747572774336
planned_path,,,,,,,,,,,,1827,7.214864553194204,0.8482747572774336
planned_path,,,,,,,,,,,,1828,7.264864553939262,0.8482747572774336
planned_path,,,,,,,,,,,,1829,7.31486455468432,0.8482747572774336
planned_path,,,,,,,,,,,,1830,7.364864555429378,0.8482747572774336
planned_path,,,,,,,,,,,,1831,7.414864556174436,0.8482747572774336
planned_path,,,,,,,,,,,,1832,7.464864556919494,0.8482747572774336
planned_path,,,,,,,,,,,,1833,7.514864557664552,0.8482747572774336
planned_path,,,,,,,,,,,,1834,7.56486455840961,0.8482747572774336
planned_path,,,,,,,,,,,,1835,7.614864559154668,0.8482747572774336
planned_path,,,,,,,,,,,,1836,7.664864559899726,0.8482747572774336
planned_path,,,,,,,,,,,,1837,7.714864560644784,0.8482747572774336
planned_path,,,,,,,,,,,,1838,7.764864561389842,0.8482747572774336
planned_path,,,,,,,,,,,,1839,7.8148645621349,0.8482747572774336
planned_path,,,,,,,,,,,,1840,7.8648645628799585,0.8482747572774336
planned_path,,,,,,,,,,,,1841,7.914864563625017,0.8482747572774336
planned_path,,,,,,,,,,,,1842,7.964864564370075,0.8482747572774336
planned_path,,,,,,,,,,,,1843,8.014864565115133,0.8482747572774336
planned_path,,,,,,,,,,,,1844,8.06486456586019,0.8482747572774336
planned_path,,,,,,,,,,,,1845,8.114864566605249,0.8482747572774336
planned_path,,,,,,,,,,,,1846,8.164864567350307,0.8482747572774336
planned_path,,,,,,,,,,,,1847,8.214864568095365,0.8482747572774336
planned_path,,,,,,,,,,,,1848,8.264864568840423,0.8482747572774336
planned_path,,,,,,,,,,,,1849,8.314864569585481,0.8482747572774336
planned_path,,,,,,,,,,,,1850,8.364864570330539,0.8482747572774336
planned_path,,,,,,,,,,,,1851,8.414864571075597,0.8482747572774336
planned_path,,,,,,,,,,,,1852,8.464864571820655,0.8482747572774336
planned_path,,,,,,,,,,,,1853,8.514864572565713,0.8482747572774336
planned_path,,,,,,,,,,,,1854,8.564864573310771,0.8482747572774336
planned_path,,,,,,,,,,,,1855,8.61486457405583,0.8482747572774336
planned_path,,,,,,,,,,,,1856,8.664864574800887,0.8482747572774336
planned_path,,,,,,,,,,,,1857,8.714864575545946,0.8482747572774336
planned_path,,,,,,,,,,,,1858,8.764864576291004,0.8482747572774336
planned_path,,,,,,,,,,,,1859,8.814864577036062,0.8482747572774336
planned_path,,,,,,,,,,,,1860,8.86486457778112,0.8482747572774336
planned_path,,,,,,,,,,,,1861,8.914864578526178,0.8482747572774336
planned_path,,,,,,,,,,,,1862,8.964864579271236,0.8482747572774336
planned_path,,,,,,,,,,,,1863,9.014864580016294,0.8482747572774336
planned_path,,,,,,,,,,,,1864,9.064864580761352,0.8482747572774336
planned_path,,,,,,,,,,,,1865,9.11486458150641,0.8482747572774336
planned_path,,,,,,,,,,,,1866,9.164864582251468,0.8482747572774336
planned_path,,,,,,,,,,,,1867,9.214864582996526,0.8482747572774336
planned_path,,,,,,,,,,,,1868,9.264864583741584,0.8482747572774336
planned_path,,,,,,,,,,,,1869,9.314864584486642,0.8482747572774336
planned_path,,,,,,,,,,,,1870,9.3648645852317,0.8482747572774336
planned_path,,,,,,,,,,,,1871,9.414864585976758,0.8482747572774336
planned_path,,,,,,,,,,,,1872,9.464864586721816,0.8482747572774336
planned_path,,,,,,,,,,,,1873,9.514864587466874,0.8482747572774336
planned_path,,,,,,,,,,,,1874,9.564864588211933,0.8482747572774336
planned_path,,,,,,,,,,,,1875,9.61486458895699,0.8482747572774336
planned_path,,,,,,,,,,,,1876,9.664864589702049,0.8482747572774336
planned_path,,,,,,,,,,,,1877,9.714864590447107,0.8482747572774336
planned_path,,,,,,,,,,,,1878,9.764864591192165,0.8482747572774336
planned_path,,,,,,,,,,,,1879,9.814864591937223,0.8482747572774336
planned_path,,,,,,,,,,,,1880,9.86486459268228,0.8482747572774336
planned_path,,,,,,,,,,,,1881,9.914864593427339,0.8482747572774336
planned_path,,,,,,,,,,,,1882,9.964864594172397,0.8482747572774336
planned_path,,,,,,,,,,,,1883,10.014864594917455,0.8482747572774336
planned_path,,,,,,,,,,,,1884,10.064864595662513,0.8482747572774336
planned_path,,,,,,,,,,,,1885,10.114864596407571,0.8482747572774336
planned_path,,,,,,,,,,,,1886,10.16486459715263,0.8482747572774336
planned_path,,,,,,,,,,,,1887,10.214864597897687,0.8482747572774336
planned_path,,,,,,,,,,,,1888,10.264864598642745,0.8482747572774336
planned_path,,,,,,,,,,,,1889,10.314864599387803,0.8482747572774336
planned_path,,,,,,,,,,,,1890,10.364864600132861,0.8482747572774336
planned_path,,,,,,,,,,,,1891,10.41486460087792,0.8482747572774336
planned_path,,,,,,,,,,,,1892,10.464864601622978,0.8482747572774336
planned_path,,,,,,,,,,,,1893,10.514864602368036,0.8482747572774336
planned_path,,,,,,,,,,,,1894,10.564864603113094,0.8482747572774336
planned_path,,,,,,,,,,,,1895,10.614864603858152,0.8482747572774336
planned_path,,,,,,,,,,,,1896,10.66486460460321,0.8482747572774336
planned_path,,,,,,,,,,,,1897,10.714864605348268,0.8482747572774336
planned_path,,,,,,,,,,,,1898,10.764864606093326,0.8482747572774336
planned_path,,,,,,,,,,,,1899,10.814864606838384,0.8482747572774336
planned_path,,,,,,,,,,,,1900,10.864864607583442,0.8482747572774336
planned_path,,,,,,,,,,,,1901,10.9148646083285,0.8482747572774336
planned_path,,,,,,,,,,,,1902,10.964864609073558,0.8482747572774336
planned_path,,,,,,,,,,,,1903,11.014864609818616,0.8482747572774336
planned_path,,,,,,,,,,,,1904,11.064864610563674,0.8482747572774336
planned_path,,,,,,,,,,,,1905,11.114864611308732,0.8482747572774336
planned_path,,,,,,,,,,,,1906,11.16486461205379,0.8482747572774336
planned_path,,,,,,,,,,,,1907,11.214864612798848,0.8482747572774336
planned_path,,,,,,,,,,,,1908,11.264864613543907,0.8482747572774336
planned_path,,,,,,,,,,,,1909,11.314864614288965,0.8482747572774336
planned_path,,,,,,,,,,,,1910,11.364864615034023,0.8482747572774336
planned_path,,,,,,,,,,,,1911,11.41486461577908,0.8482747572774336
planned_path,,,,,,,,,,,,1912,11.464864616524139,0.8482747572774336
planned_path,,,,,,,,,,,,1913,11.514864617269197,0.8482747572774336
planned_path,,,,,,,,,,,,1914,11.564864618014255,0.8482747572774336
planned_path,,,,,,,,,,,,1915,11.614864618759313,0.8482747572774336
planned_path,,,,,,,,,,,,1916,11.664864619504371,0.8482747572774336
planned_path,,,,,,,,,,,,1917,11.714864620249429,0.8482747572774336
planned_path,,,,,,,,,,,,1918,11.764864620994487,0.8482747572774336
planned_path,,,,,,,,,,,,1919,11.814864621739545,0.8482747572774336
planned_path,,,,,,,,,,,,1920,11.864864622484603,0.8482747572774336
planned_path,,,,,,,,,,,,1921,11.914864623229661,0.8482747572774336
planned_path,,,,,,,,,,,,1922,11.96486462397472,0.8482747572774336
planned_path,,,,,,,,,,,,1923,12.014864624719777,0.8482747572774336
planned_path,,,,,,,,,,,,1924,12.064864625464836,0.8482747572774336
planned_path,,,,,,,,,,,,1925,12.114864626209894,0.8482747572774336
planned_path,,,,,,,,,,,,1926,12.164864626954952,0.8482747572774336
planned_path,,,,,,,,,,,,1927,12.21486462770001,0.8482747572774336
planned_path,,,,,,,,,,,,1928,12.264864628445068,0.8482747572774336
planned_path,,,,,,,,,,,,1929,12.314864629190126,0.8482747572774336
planned_path,,,,,,,,,,,,1930,12.364864629935184,0.8482747572774336
planned_path,,,,,,,,,,,,1931,12.414864630680242,0.8482747572774336
planned_path,,,,,,,,,,,,1932,12.4648646314253,0.8482747572774336
planned_path,,,,,,,,,,,,1933,12.514864632170358,0.8482747572774336
planned_path,,,,,,,,,,,,1934,12.564864632915416,0.8482747572774336
planned_path,,,,,,,,,,,,1935,12.614864633660474,0.8482747572774336
planned_path,,,,,,,,,,,,1936,12.664864634405532,0.8482747572774336
planned_path,,,,,,,,,,,,1937,12.71486463515059,0.8482747572774336
planned_path,,,,,,,,,,,,1938,12.764864635895648,0.8482747572774336
planned_path,,,,,,,,,,,,1939,12.814864636640706,0.8482747572774336
planned_path,,,,,,,,,,,,1940,12.864864637385764,0.8482747572774336
planned_path,,,,,,,,,,,,1941,12.914864638130823,0.8482747572774336
planned_path,,,,,,,,,,,,1942,12.96486463887588,0.8482747572774336
planned_path,,,,,,,,,,,,1943,13.014864639620939,0.8482747572774336
planned_path,,,,,,,,,,,,1944,13.064864640365997,0.8482747572774336
planned_path,,,,,,,,,,,,1945,13.114864641111055,0.8482747572774336
planned_path,,,,,,,,,,,,1946,13.164864641856113,0.8482747572774336
planned_path,,,,,,,,,,,,1947,13.21486464260117,0.8482747572774336
planned_path,,,,,,,,,,,,1948,13.264864643346229,0.8482747572774336
planned_path,,,,,,,,,,,,1949,13.314864644091287,0.8482747572774336
planned_path,,,,,,,,,,,,1950,13.364864644836345,0.8482747572774336
planned_path,,,,,,,,,,,,1951,13.414864645581403,0.8482747572774336
planned_path,,,,,,,,,,,,1952,13.464864646326461,0.7982747565323756
planned_path,,,,,,,,,,,,1953,13.51486464707152,0.7982747565323756
planned_path,,,,,,,,,,,,1954,13.564864647816577,0.7982747565323756
planned_path,,,,,,,,,,,,1955,13.614864648561635,0.7982747565323756
planned_path,,,,,,,,,,,,1956,13.664864649306693,0.7982747565323756
planned_path,,,,,,,,,,,,1957,13.714864650051751,0.7982747565323756
planned_path,,,,,,,,,,,,1958,13.76486465079681,0.7482747557873175
planned_path,,,,,,,,,,,,1959,13.814864651541868,0.7482747557873175
planned_path,,,,,,,,,,,,1960,13.864864652286926,0.7482747557873175
planned_path,,,,,,,,,,,,1961,13.914864653031984,0.7482747557873175
planned_path,,,,,,,,,,,,1962,13.964864653777042,0.7482747557873175
planned_path,,,,,,,,,,,,1963,14.0148646545221,0.7482747557873175
planned_path,,,,,,,,,,,,1964,14.064864655267158,0.6982747550422594
planned_path,,,,,,,,,,,,1965,14.114864656012216,0.6982747550422594
planned_path,,,,,,,,,,,,1966,14.164864656757274,0.6982747550422594
planned_path,,,,,,,,,,,,1967,14.164864656757274,0.6982747550422594
planned_path,,,,,,,,,,,,1968,14.214864657502332,0.7482747557873175
planned_path,,,,,,,,,,,,1969,14.26486465824739,0.7982747565323756
planned_path,,,,,,,,,,,,1970,14.314864658992448,0.8482747572774336
planned_path,,,,,,,,,,,,1971,14.364864659737506,0.8982747580224917
planned_path,,,,,,,,,,,,1972,14.414864660482564,0.9482747587675497
planned_path,,,,,,,,,,,,1973,14.464864661227622,0.9982747595126078
planned_path,,,,,,,,,,,,1974,14.51486466197268,1.0482747602576659
planned_path,,,,,,,,,,,,1975,14.564864662717738,1.098274761002724
planned_path,,,,,,,,,,,,1976,14.614864663462797,1.148274761747782
planned_path,,,,,,,,,,,,1977,14.664864664207855,1.19827476249284
planned_path,,,,,,,,,,,,1978,14.714864664952913,1.248274763237898
planned_path,,,,,,,,,,,,1979,14.76486466569797,1.2982747639829562
planned_path,,,,,,,,,,,,1980,14.814864666443029,1.3482747647280142
planned_path,,,,,,,,,,,,1981,14.864864667188087,1.3982747654730723
planned_path,,,,,,,,,,,,1982,14.914864667933145,1.4482747662181303
planned_path,,,,,,,,,,,,1983,14.964864668678203,1.4982747669631884
planned_path,,,,,,,,,,,,1984,15.014864669423261,1.5482747677082465
planned_path,,,,,,,,,,,,1985,15.064864670168319,1.5982747684533045
planned_path,,,,,,,,,,,,1986,15.064864670168319,1.6482747691983626
planned_path,,,,,,,,,,,,1987,15.114864670913377,1.6982747699434206
planned_path,,,,,,,,,,,,1988,15.114864670913377,1.7482747706884787
planned_path,,,,,,,,,,,,1989,15.114864670913377,1.7982747714335368
planned_path,,,,,,,,,,,,1990,15.114864670913377,1.7982747714335368
planned_path,,,,,,,,,,,,1991,15.114864670913377,1.8482747721785948
planned_path,,,,,,,,,,,,1992,15.114864670913377,1.8982747729236529
planned_path,,,,,,,,,,,,1993,15.114864670913377,1.948274773668711
planned_path,,,,,,,,,,,,1994,15.114864670913377,1.998274774413769
planned_path,,,,,,,,,,,,1995,15.114864670913377,2.048274775158827
planned_path,,,,,,,,,,,,1996,15.114864670913377,2.098274775903885
planned_path,,,,,,,,,,,,1997,15.114864670913377,2.148274776648943
planned_path,,,,,,,,,,,,1998,15.114864670913377,2.1982747773940012
planned_path,,,,,,,,,,,,1999,15.164864671658435,2.2482747781390593
planned_path,,,,,,,,,,,,2000,15.164864671658435,2.2982747788841174
planned_path,,,,,,,,,,,,2001,15.214864672403493,2.3482747796291754
planned_path,,,,,,,,,,,,2002,15.214864672403493,2.3982747803742335
planned_path,,,,,,,,,,,,2003,15.214864672403493,2.4482747811192915
planned_path,,,,,,,,,,,,2004,15.214864672403493,2.4982747818643496
planned_path,,,,,,,,,,,,2005,15.214864672403493,2.5482747826094077
planned_path,,,,,,,,,,,,2006,15.214864672403493,2.5982747833544657
planned_path,,,,,,,,,,,,2007,15.214864672403493,2.6482747840995238
planned_path,,,,,,,,,,,,2008,15.214864672403493,2.698274784844582
planned_path,,,,,,,,,,,,2009,15.214864672403493,2.74827478558964
planned_path,,,,,,,,,,,,2010,15.214864672403493,2.798274786334698
planned_path,,,,,,,,,,,,2011,15.214864672403493,2.848274787079756
planned_path,,,,,,,,,,,,2012,15.214864672403493,2.898274787824814
planned_path,,,,,,,,,,,,2013,15.214864672403493,2.948274788569872
planned_path,,,,,,,,,,,,2014,15.214864672403493,2.99827478931493
planned_path,,,,,,,,,,,,2015,15.214864672403493,3.0482747900599882
planned_path,,,,,,,,,,,,2016,15.214864672403493,3.0982747908050463
planned_path,,,,,,,,,,,,2017,15.214864672403493,3.1482747915501044
planned_path,,,,,,,,,,,,2018,15.214864672403493,3.1982747922951624
planned_path,,,,,,,,,,,,2019,15.264864673148551,3.2482747930402205
planned_path,,,,,,,,,,,,2020,15.264864673148551,3.2982747937852785
planned_path,,,,,,,,,,,,2021,15.264864673148551,3.3482747945303366
planned_path,,,,,,,,,,,,2022,15.264864673148551,3.3482747945303366
planned_path,,,,,,,,,,,,2023,15.264864673148551,3.3982747952753947
planned_path,,,,,,,,,,,,2024,15.264864673148551,3.4482747960204527
planned_path,,,,,,,,,,,,2025,15.264864673148551,3.498274796765511
planned_path,,,,,,,,,,,,2026,15.264864673148551,3.548274797510569
planned_path,,,,,,,,,,,,2027,15.264864673148551,3.598274798255627
planned_path,,,,,,,,,,,,2028,15.264864673148551,3.648274799000685
planned_path,,,,,,,,,,,,2029,15.264864673148551,3.698274799745743
planned_path,,,,,,,,,,,,2030,15.264864673148551,3.748274800490801
planned_path,,,,,,,,,,,,2031,15.264864673148551,3.798274801235859
planned_path,,,,,,,,,,,,2032,15.264864673148551,3.848274801980917
planned_path,,,,,,,,,,,,2033,15.264864673148551,3.8982748027259753
planned_path,,,,,,,,,,,,2034,15.264864673148551,3.9482748034710333
planned_path,,,,,,,,,,,,2035,15.264864673148551,3.9982748042160914
planned_path,,,,,,,,,,,,2036,15.264864673148551,4.048274804961149
planned_path,,,,,,,,,,,,2037,15.264864673148551,4.0982748057062075
planned_path,,,,,,,,,,,,2038,15.264864673148551,4.148274806451266
planned_path,,,,,,,,,,,,2039,15.264864673148551,4.198274807196324
planned_path,,,,,,,,,,,,2040,15.264864673148551,4.248274807941382
planned_path,,,,,,,,,,,,2041,15.264864673148551,4.29827480868644
planned_path,,,,,,,,,,,,2042,15.264864673148551,4.348274809431498
planned_path,,,,,,,,,,,,2043,15.264864673148551,4.398274810176556
planned_path,,,,,,,,,,,,2044,15.264864673148551,4.448274810921614
planned_path,,,,,,,,,,,,2045,15.264864673148551,4.498274811666672
planned_path,,,,,,,,,,,,2046,15.264864673148551,4.54827481241173
planned_path,,,,,,,,,,,,2047,15.264864673148551,4.598274813156788
planned_path,,,,,,,,,,,,2048,15.264864673148551,4.648274813901846
planned_path,,,,,,,,,,,,2049,15.264864673148551,4.698274814646904
planned_path,,,,,,,,,,,,2050,15.264864673148551,4.748274815391962
planned_path,,,,,,,,,,,,2051,15.264864673148551,4.79827481613702
planned_path,,,,,,,,,,,,2052,15.264864673148551,4.848274816882078
planned_path,,,,,,,,,,,,2053,15.264864673148551,4.8982748176271365
planned_path,,,,,,,,,,,,2054,15.264864673148551,4.9482748183721945
planned_path,,,,,,,,,,,,2055,15.264864673148551,4.998274819117253
planned_path,,,,,,,,,,,,2056,15.264864673148551,5.048274819862311
planned_path,,,,,,,,,,,,2057,15.264864673148551,5.098274820607369
planned_path,,,,,,,,,,,,2058,15.264864673148551,5.148274821352427
planned_path,,,,,,,,,,,,2059,15.264864673148551,5.198274822097485
planned_path,,,,,,,,,,,,2060,15.264864673148551,5.248274822842543
planned_path,,,,,,,,,,,,2061,15.264864673148551,5.298274823587601
planned_path,,,,,,,,,,,,2062,15.264864673148551,5.348274824332659
planned_path,,,,,,,,,,,,2063,15.264864673148551,5.398274825077717
planned_path,,,,,,,,,,,,2064,15.264864673148551,5.448274825822775
planned_path,,,,,,,,,,,,2065,15.264864673148551,5.498274826567833
planned_path,,,,,,,,,,,,2066,15.264864673148551,5.548274827312891
planned_path,,,,,,,,,,,,2067,15.264864673148551,5.598274828057949
planned_path,,,,,,,,,,,,2068,15.264864673148551,5.648274828803007
planned_path,,,,,,,,,,,,2069,15.264864673148551,5.698274829548065
planned_path,,,,,,,,,,,,2070,15.264864673148551,5.7482748302931235
planned_path,,,,,,,,,,,,2071,15.264864673148551,5.7982748310381815
planned_path,,,,,,,,,,,,2072,15.264864673148551,5.84827483178324
planned_path,,,,,,,,,,,,2073,15.264864673148551,5.898274832528298
planned_path,,,,,,,,,,,,2074,15.264864673148551,5.948274833273356
planned_path,,,,,,,,,,,,2075,15.264864673148551,5.998274834018414
planned_path,,,,,,,,,,,,2076,15.264864673148551,6.048274834763472
planned_path,,,,,,,,,,,,2077,15.264864673148551,6.09827483550853
planned_path,,,,,,,,,,,,2078,15.264864673148551,6.148274836253588
planned_path,,,,,,,,,,,,2079,15.264864673148551,6.198274836998646
planned_path,,,,,,,,,,,,2080,15.264864673148551,6.248274837743704
planned_path,,,,,,,,,,,,2081,15.264864673148551,6.298274838488762
planned_path,,,,,,,,,,,,2082,15.264864673148551,6.34827483923382
planned_path,,,,,,,,,,,,2083,15.264864673148551,6.398274839978878
planned_path,,,,,,,,,,,,2084,15.264864673148551,6.448274840723936
planned_path,,,,,,,,,,,,2085,15.264864673148551,6.498274841468994
planned_path,,,,,,,,,,,,2086,15.264864673148551,6.548274842214052
planned_path,,,,,,,,,,,,2087,15.264864673148551,6.5982748429591105
planned_path,,,,,,,,,,,,2088,15.264864673148551,6.6482748437041685
planned_path,,,,,,,,,,,,2089,15.264864673148551,6.698274844449227
planned_path,,,,,,,,,,,,2090,15.264864673148551,6.748274845194285
planned_path,,,,,,,,,,,,2091,15.264864673148551,6.798274845939343
planned_path,,,,,,,,,,,,2092,15.264864673148551,6.848274846684401
planned_path,,,,,,,,,,,,2093,15.264864673148551,6.898274847429459
planned_path,,,,,,,,,,,,2094,15.264864673148551,6.948274848174517
planned_path,,,,,,,,,,,,2095,15.264864673148551,6.998274848919575
planned_path,,,,,,,,,,,,2096,15.264864673148551,7.048274849664633
planned_path,,,,,,,,,,,,2097,15.264864673148551,7.098274850409691
planned_path,,,,,,,,,,,,2098,15.264864673148551,7.148274851154749
planned_path,,,,,,,,,,,,2099,15.264864673148551,7.198274851899807
planned_path,,,,,,,,,,,,2100,15.264864673148551,7.248274852644865
planned_path,,,,,,,,,,,,2101,15.264864673148551,7.298274853389923
planned_path,,,,,,,,,,,,2102,15.264864673148551,7.348274854134981
planned_path,,,,,,,,,,,,2103,15.264864673148551,7.398274854880039
planned_path,,,,,,,,,,,,2104,15.264864673148551,7.4482748556250975
planned_path,,,,,,,,,,,,2105,15.264864673148551,7.498274856370156
planned_path,,,,,,,,,,,,2106,15.264864673148551,7.548274857115214
planned_path,,,,,,,,,,,,2107,15.264864673148551,7.598274857860272
planned_path,,,,,,,,,,,,2108,15.264864673148551,7.64827485860533
planned_path,,,,,,,,,,,,2109,15.264864673148551,7.698274859350388
planned_path,,,,,,,,,,,,2110,15.264864673148551,7.748274860095446
planned_path,,,,,,,,,,,,2111,15.264864673148551,7.798274860840504
planned_path,,,,,,,,,,,,2112,15.264864673148551,7.848274861585562
planned_path,,,,,,,,,,,,2113,15.264864673148551,7.89827486233062
planned_path,,,,,,,,,,,,2114,15.264864673148551,7.948274863075678
planned_path,,,,,,,,,,,,2115,15.264864673148551,7.998274863820736
planned_path,,,,,,,,,,,,2116,15.264864673148551,8.048274864565794
planned_path,,,,,,,,,,,,2117,15.264864673148551,8.098274865310852
planned_path,,,,,,,,,,,,2118,15.264864673148551,8.14827486605591
planned_path,,,,,,,,,,,,2119,15.264864673148551,8.198274866800968
planned_path,,,,,,,,,,,,2120,15.264864673148551,8.248274867546026
planned_path,,,,,,,,,,,,2121,15.264864673148551,8.298274868291085
planned_path,,,,,,,,,,,,2122,15.264864673148551,8.348274869036143
planned_path,,,,,,,,,,,,2123,15.264864673148551,8.3982748697812
planned_path,,,,,,,,,,,,2124,15.264864673148551,8.448274870526259
planned_path,,,,,,,,,,,,2125,15.264864673148551,8.498274871271317
planned_path,,,,,,,,,,,,2126,15.264864673148551,8.548274872016375
planned_path,,,,,,,,,,,,2127,15.264864673148551,8.598274872761433
planned_path,,,,,,,,,,,,2128,15.264864673148551,8.648274873506491
planned_path,,,,,,,,,,,,2129,15.264864673148551,8.698274874251549
planned_path,,,,,,,,,,,,2130,15.264864673148551,8.748274874996607
planned_path,,,,,,,,,,,,2131,15.264864673148551,8.798274875741665
planned_path,,,,,,,,,,,,2132,15.264864673148551,8.848274876486723
planned_path,,,,,,,,,,,,2133,15.264864673148551,8.898274877231781
planned_path,,,,,,,,,,,,2134,15.264864673148551,8.94827487797684
planned_path,,,,,,,,,,,,2135,15.264864673148551,8.998274878721897
planned_path,,,,,,,,,,,,2136,15.264864673148551,9.048274879466955
planned_path,,,,,,,,,,,,2137,15.264864673148551,9.098274880212013
planned_path,,,,,,,,,,,,2138,15.264864673148551,9.148274880957072
planned_path,,,,,,,,,,,,2139,15.264864673148551,9.19827488170213
planned_path,,,,,,,,,,,,2140,15.264864673148551,9.248274882447188
planned_path,,,,,,,,,,,,2141,15.264864673148551,9.298274883192246
planned_path,,,,,,,,,,,,2142,15.31486467389361,9.348274883937304
planned_path,,,,,,,,,,,,2143,15.31486467389361,9.398274884682362
planned_path,,,,,,,,,,,,2144,15.31486467389361,9.44827488542742
planned_path,,,,,,,,,,,,2145,15.31486467389361,9.498274886172478
planned_path,,,,,,,,,,,,2146,15.31486467389361,9.548274886917536
planned_path,,,,,,,,,,,,2147,15.31486467389361,9.598274887662594
planned_path,,,,,,,,,,,,2148,15.364864674638667,9.648274888407652
planned_path,,,,,,,,,,,,2149,15.364864674638667,9.69827488915271
planned_path,,,,,,,,,,,,2150,15.364864674638667,9.748274889897768
planned_path,,,,,,,,,,,,2151,15.164864671658435,12.79827493534631
planned_path,,,,,,,,,,,,2152,15.114864670913377,12.848274936091368
planned_path,,,,,,,,,,,,2153,15.064864670168319,12.898274936836426
planned_path,,,,,,,,,,,,2154,15.014864669423261,12.948274937581484
planned_path,,,,,,,,,,,,2155,14.964864668678203,12.998274938326542
planned_path,,,,,,,,,,,,2156,14.914864667933145,13.0482749390716
planned_path,,,,,,,,,,,,2157,14.864864667188087,13.098274939816658
planned_path,,,,,,,,,,,,2158,14.814864666443029,13.148274940561716
planned_path,,,,,,,,,,,,2159,14.76486466569797,13.198274941306774
planned_path,,,,,,,,,,,,2160,14.714864664952913,13.248274942051832
planned_path,,,,,,,,,,,,2161,14.664864664207855,13.248274942051832
planned_path,,,,,,,,,,,,2162,14.664864664207855,13.248274942051832
planned_path,,,,,,,,,,,,2163,14.614864663462797,13.248274942051832
planned_path,,,,,,,,,,,,2164,14.564864662717738,13.248274942051832
planned_path,,,,,,,,,,,,2165,14.51486466197268,13.248274942051832
planned_path,,,,,,,,,,,,2166,14.464864661227622,13.248274942051832
planned_path,,,,,,,,,,,,2167,14.414864660482564,13.248274942051832
planned_path,,,,,,,,,,,,2168,14.364864659737506,13.248274942051832
planned_path,,,,,,,,,,,,2169,14.314864658992448,13.248274942051832
planned_path,,,,,,,,,,,,2170,14.26486465824739,13.248274942051832
planned_path,,,,,,,,,,,,2171,14.214864657502332,13.248274942051832
planned_path,,,,,,,,,,,,2172,14.164864656757274,13.248274942051832
planned_path,,,,,,,,,,,,2173,14.114864656012216,13.248274942051832
planned_path,,,,,,,,,,,,2174,14.064864655267158,13.29827494279689
planned_path,,,,,,,,,,,,2175,14.0148646545221,13.348274943541949
planned_path,,,,,,,,,,,,2176,13.964864653777042,13.398274944287007
planned_path,,,,,,,,,,,,2177,13.914864653031984,13.398274944287007
planned_path,,,,,,,,,,,,2178,13.864864652286926,13.398274944287007
planned_path,,,,,,,,,,,,2179,13.814864651541868,13.398274944287007
planned_path,,,,,,,,,,,,2180,13.76486465079681,13.398274944287007
planned_path,,,,,,,,,,,,2181,13.714864650051751,13.398274944287007
planned_path,,,,,,,,,,,,2182,13.664864649306693,13.398274944287007
planned_path,,,,,,,,,,,,2183,13.614864648561635,13.398274944287007
planned_path,,,,,,,,,,,,2184,13.564864647816577,13.398274944287007
planned_path,,,,,,,,,,,,2185,13.51486464707152,13.398274944287007
planned_path,,,,,,,,,,,,2186,13.464864646326461,13.398274944287007
planned_path,,,,,,,,,,,,2187,13.414864645581403,13.398274944287007
planned_path,,,,,,,,,,,,2188,13.364864644836345,13.398274944287007
planned_path,,,,,,,,,,,,2189,13.314864644091287,13.398274944287007
planned_path,,,,,,,,,,,,2190,13.264864643346229,13.398274944287007
planned_path,,,,,,,,,,,,2191,13.21486464260117,13.398274944287007
planned_path,,,,,,,,,,,,2192,13.21486464260117,13.398274944287007
planned_path,,,,,,,,,,,,2193,13.164864641856113,13.398274944287007
planned_path,,,,,,,,,,,,2194,13.114864641111055,13.398274944287007
planned_path,,,,,,,,,,,,2195,13.064864640365997,13.398274944287007
planned_path,,,,,,,,,,,,2196,13.014864639620939,13.398274944287007
planned_path,,,,,,,,,,,,2197,12.96486463887588,13.398274944287007
planned_path,,,,,,,,,,,,2198,12.914864638130823,13.398274944287007
planned_path,,,,,,,,,,,,2199,12.864864637385764,13.398274944287007
planned_path,,,,,,,,,,,,2200,12.814864636640706,13.398274944287007
planned_path,,,,,,,,,,,,2201,12.764864635895648,13.398274944287007
planned_path,,,,,,,,,,,,2202,12.71486463515059,13.398274944287007
planned_path,,,,,,,,,,,,2203,12.664864634405532,13.398274944287007
planned_path,,,,,,,,,,,,2204,12.614864633660474,13.398274944287007
planned_path,,,,,,,,,,,,2205,12.564864632915416,13.398274944287007
planned_path,,,,,,,,,,,,2206,12.514864632170358,13.398274944287007
planned_path,,,,,,,,,,,,2207,12.4648646314253,13.398274944287007
planned_path,,,,,,,,,,,,2208,12.414864630680242,13.398274944287007
planned_path,,,,,,,,,,,,2209,12.364864629935184,13.398274944287007
planned_path,,,,,,,,,,,,2210,12.314864629190126,13.398274944287007
planned_path,,,,,,,,,,,,2211,12.264864628445068,13.398274944287007
planned_path,,,,,,,,,,,,2212,12.21486462770001,13.398274944287007
planned_path,,,,,,,,,,,,2213,12.164864626954952,13.398274944287007
planned_path,,,,,,,,,,,,2214,12.114864626209894,13.398274944287007
planned_path,,,,,,,,,,,,2215,12.064864625464836,13.398274944287007
planned_path,,,,,,,,,,,,2216,12.014864624719777,13.398274944287007
planned_path,,,,,,,,,,,,2217,11.96486462397472,13.398274944287007
planned_path,,,,,,,,,,,,2218,11.914864623229661,13.398274944287007
planned_path,,,,,,,,,,,,2219,11.864864622484603,13.398274944287007
planned_path,,,,,,,,,,,,2220,11.814864621739545,13.398274944287007
planned_path,,,,,,,,,,,,2221,11.764864620994487,13.398274944287007
planned_path,,,,,,,,,,,,2222,11.714864620249429,13.398274944287007
planned_path,,,,,,,,,,,,2223,11.664864619504371,13.398274944287007
planned_path,,,,,,,,,,,,2224,11.614864618759313,13.398274944287007
planned_path,,,,,,,,,,,,2225,11.564864618014255,13.398274944287007
planned_path,,,,,,,,,,,,2226,11.514864617269197,13.398274944287007
planned_path,,,,,,,,,,,,2227,11.464864616524139,13.398274944287007
planned_path,,,,,,,,,,,,2228,11.41486461577908,13.398274944287007
planned_path,,,,,,,,,,,,2229,11.364864615034023,13.398274944287007
planned_path,,,,,,,,,,,,2230,11.314864614288965,13.398274944287007
planned_path,,,,,,,,,,,,2231,11.264864613543907,13.398274944287007
planned_path,,,,,,,,,,,,2232,11.214864612798848,13.398274944287007
planned_path,,,,,,,,,,,,2233,11.16486461205379,13.398274944287007
planned_path,,,,,,,,,,,,2234,11.114864611308732,13.398274944287007
planned_path,,,,,,,,,,,,2235,11.064864610563674,13.398274944287007
planned_path,,,,,,,,,,,,2236,11.014864609818616,13.398274944287007
planned_path,,,,,,,,,,,,2237,10.964864609073558,13.398274944287007
planned_path,,,,,,,,,,,,2238,10.9148646083285,13.398274944287007
planned_path,,,,,,,,,,,,2239,10.864864607583442,13.398274944287007
planned_path,,,,,,,,,,,,2240,10.814864606838384,13.398274944287007
planned_path,,,,,,,,,,,,2241,10.764864606093326,13.398274944287007
planned_path,,,,,,,,,,,,2242,10.714864605348268,13.398274944287007
planned_path,,,,,,,,,,,,2243,10.66486460460321,13.398274944287007
planned_path,,,,,,,,,,,,2244,10.614864603858152,13.398274944287007
planned_path,,,,,,,,,,,,2245,10.564864603113094,13.398274944287007
planned_path,,,,,,,,,,,,2246,10.514864602368036,13.398274944287007
planned_path,,,,,,,,,,,,2247,10.464864601622978,13.398274944287007
planned_path,,,,,,,,,,,,2248,10.41486460087792,13.398274944287007
planned_path,,,,,,,,,,,,2249,10.364864600132861,13.398274944287007
planned_path,,,,,,,,,,,,2250,10.314864599387803,13.398274944287007
planned_path,,,,,,,,,,,,2251,10.264864598642745,13.398274944287007
planned_path,,,,,,,,,,,,2252,10.214864597897687,13.398274944287007
planned_path,,,,,,,,,,,,2253,10.16486459715263,13.398274944287007
planned_path,,,,,,,,,,,,2254,10.114864596407571,13.398274944287007
planned_path,,,,,,,,,,,,2255,10.064864595662513,13.398274944287007
planned_path,,,,,,,,,,,,2256,10.014864594917455,13.398274944287007
planned_path,,,,,,,,,,,,2257,9.964864594172397,13.398274944287007
planned_path,,,,,,,,,,,,2258,9.914864593427339,13.398274944287007
planned_path,,,,,,,,,,,,2259,9.86486459268228,13.398274944287007
planned_path,,,,,,,,,,,,2260,9.814864591937223,13.398274944287007
planned_path,,,,,,,,,,,,2261,9.764864591192165,13.398274944287007
planned_path,,,,,,,,,,,,2262,9.714864590447107,13.398274944287007
planned_path,,,,,,,,,,,,2263,9.664864589702049,13.398274944287007
planned_path,,,,,,,,,,,,2264,9.61486458895699,13.398274944287007
planned_path,,,,,,,,,,,,2265,9.564864588211933,13.398274944287007
planned_path,,,,,,,,,,,,2266,9.514864587466874,13.398274944287007
planned_path,,,,,,,,,,,,2267,9.464864586721816,13.398274944287007
planned_path,,,,,,,,,,,,2268,9.414864585976758,13.398274944287007
planned_path,,,,,,,,,,,,2269,9.3648645852317,13.398274944287007
planned_path,,,,,,,,,,,,2270,9.314864584486642,13.398274944287007
planned_path,,,,,,,,,,,,2271,9.264864583741584,13.398274944287007
planned_path,,,,,,,,,,,,2272,9.214864582996526,13.398274944287007
planned_path,,,,,,,,,,,,2273,9.164864582251468,13.398274944287007
planned_path,,,,,,,,,,,,2274,9.11486458150641,13.398274944287007
planned_path,,,,,,,,,,,,2275,9.064864580761352,13.398274944287007
planned_path,,,,,,,,,,,,2276,9.014864580016294,13.398274944287007
planned_path,,,,,,,,,,,,2277,8.964864579271236,13.398274944287007
planned_path,,,,,,,,,,,,2278,8.914864578526178,13.398274944287007
planned_path,,,,,,,,,,,,2279,8.86486457778112,13.398274944287007
planned_path,,,,,,,,,,,,2280,8.814864577036062,13.398274944287007
planned_path,,,,,,,,,,,,2281,8.764864576291004,13.398274944287007
planned_path,,,,,,,,,,,,2282,8.714864575545946,13.398274944287007
planned_path,,,,,,,,,,,,2283,8.664864574800887,13.398274944287007
planned_path,,,,,,,,,,,,2284,8.61486457405583,13.398274944287007
planned_path,,,,,,,,,,,,2285,8.564864573310771,13.398274944287007
planned_path,,,,,,,,,,,,2286,8.514864572565713,13.398274944287007
planned_path,,,,,,,,,,,,2287,8.464864571820655,13.398274944287007
planned_path,,,,,,,,,,,,2288,8.414864571075597,13.398274944287007
planned_path,,,,,,,,,,,,2289,8.364864570330539,13.398274944287007
planned_path,,,,,,,,,,,,2290,8.314864569585481,13.398274944287007
planned_path,,,,,,,,,,,,2291,8.264864568840423,13.398274944287007
planned_path,,,,,,,,,,,,2292,8.214864568095365,13.398274944287007
planned_path,,,,,,,,,,,,2293,8.164864567350307,13.398274944287007
planned_path,,,,,,,,,,,,2294,8.114864566605249,13.398274944287007
planned_path,,,,,,,,,,,,2295,8.06486456586019,13.398274944287007
planned_path,,,,,,,,,,,,2296,8.014864565115133,13.398274944287007
planned_path,,,,,,,,,,,,2297,7.964864564370075,13.398274944287007
planned_path,,,,,,,,,,,,2298,7.914864563625017,13.398274944287007
planned_path,,,,,,,,,,,,2299,7.8648645628799585,13.398274944287007
planned_path,,,,,,,,,,,,2300,7.8148645621349,13.398274944287007
planned_path,,,,,,,,,,,,2301,7.764864561389842,13.398274944287007
planned_path,,,,,,,,,,,,2302,7.714864560644784,13.398274944287007
planned_path,,,,,,,,,,,,2303,7.664864559899726,13.398274944287007
planned_path,,,,,,,,,,,,2304,7.614864559154668,13.398274944287007
planned_path,,,,,,,,,,,,2305,7.56486455840961,13.398274944287007
planned_path,,,,,,,,,,,,2306,7.514864557664552,13.398274944287007
planned_path,,,,,,,,,,,,2307,7.464864556919494,13.398274944287007
planned_path,,,,,,,,,,,,2308,7.414864556174436,13.398274944287007
planned_path,,,,,,,,,,,,2309,7.364864555429378,13.398274944287007
planned_path,,,,,,,,,,,,2310,7.31486455468432,13.398274944287007
planned_path,,,,,,,,,,,,2311,7.264864553939262,13.398274944287007
planned_path,,,,,,,,,,,,2312,7.214864553194204,13.398274944287007
planned_path,,,,,,,,,,,,2313,7.164864552449146,13.398274944287007
planned_path,,,,,,,,,,,,2314,7.114864551704088,13.398274944287007
planned_path,,,,,,,,,,,,2315,7.0648645509590295,13.398274944287007
planned_path,,,,,,,,,,,,2316,7.0148645502139715,13.398274944287007
planned_path,,,,,,,,,,,,2317,6.964864549468913,13.398274944287007
planned_path,,,,,,,,,,,,2318,6.914864548723855,13.398274944287007
planned_path,,,,,,,,,,,,2319,6.864864547978797,13.398274944287007
planned_path,,,,,,,,,,,,2320,6.814864547233739,13.398274944287007
planned_path,,,,,,,,,,,,2321,6.764864546488681,13.398274944287007
planned_path,,,,,,,,,,,,2322,6.714864545743623,13.398274944287007
planned_path,,,,,,,,,,,,2323,6.664864544998565,13.398274944287007
planned_path,,,,,,,,,,,,2324,6.614864544253507,13.398274944287007
planned_path,,,,,,,,,,,,2325,6.564864543508449,13.398274944287007
planned_path,,,,,,,,,,,,2326,6.514864542763391,13.398274944287007
planned_path,,,,,,,,,,,,2327,6.464864542018333,13.398274944287007
planned_path,,,,,,,,,,,,2328,6.414864541273275,13.398274944287007
planned_path,,,,,,,,,,,,2329,6.364864540528217,13.398274944287007
planned_path,,,,,,,,,,,,2330,6.314864539783159,13.398274944287007
planned_path,,,,,,,,,,,,2331,6.264864539038101,13.398274944287007
planned_path,,,,,,,,,,,,2332,6.2148645382930425,13.398274944287007
planned_path,,,,,,,,,,,,2333,6.1648645375479845,13.398274944287007
planned_path,,,,,,,,,,,,2334,6.114864536802926,13.398274944287007
planned_path,,,,,,,,,,,,2335,6.064864536057868,13.398274944287007
planned_path,,,,,,,,,,,,2336,6.01486453531281,13.398274944287007
planned_path,,,,,,,,,,,,2337,5.964864534567752,13.398274944287007
planned_path,,,,,,,,,,,,2338,5.914864533822694,13.398274944287007
planned_path,,,,,,,,,,,,2339,5.864864533077636,13.398274944287007
planned_path,,,,,,,,,,,,2340,5.814864532332578,13.398274944287007
planned_path,,,,,,,,,,,,2341,5.76486453158752,13.398274944287007
planned_path,,,,,,,,,,,,2342,5.714864530842462,13.398274944287007
planned_path,,,,,,,,,,,,2343,5.664864530097404,13.398274944287007
planned_path,,,,,,,,,,,,2344,5.614864529352346,13.398274944287007
planned_path,,,,,,,,,,,,2345,5.564864528607288,13.398274944287007
planned_path,,,,,,,,,,,,2346,5.51486452786223,13.398274944287007
planned_path,,,,,,,,,,,,2347,5.464864527117172,13.398274944287007
planned_path,,,,,,,,,,,,2348,5.414864526372114,13.398274944287007
planned_path,,,,,,,,,,,,2349,5.3648645256270555,13.398274944287007
planned_path,,,,,,,,,,,,2350,5.3148645248819975,13.398274944287007
planned_path,,,,,,,,,,,,2351,5.264864524136939,13.398274944287007
planned_path,,,,,,,,,,,,2352,5.214864523391881,13.398274944287007
planned_path,,,,,,,,,,,,2353,5.164864522646823,13.398274944287007
planned_path,,,,,,,,,,,,2354,5.114864521901765,13.398274944287007
planned_path,,,,,,,,,,,,2355,5.064864521156707,13.398274944287007
planned_path,,,,,,,,,,,,2356,5.014864520411649,13.398274944287007
planned_path,,,,,,,,,,,,2357,4.964864519666591,13.398274944287007
planned_path,,,,,,,,,,,,2358,4.914864518921533,13.398274944287007
planned_path,,,,,,,,,,,,2359,4.864864518176475,13.398274944287007
planned_path,,,,,,,,,,,,2360,4.814864517431417,13.398274944287007
planned_path,,,,,,,,,,,,2361,4.764864516686359,13.398274944287007
planned_path,,,,,,,,,,,,2362,4.714864515941301,13.398274944287007
planned_path,,,,,,,,,,,,2363,4.664864515196243,13.398274944287007
planned_path,,,,,,,,,,,,2364,4.614864514451185,13.398274944287007
planned_path,,,,,,,,,,,,2365,4.564864513706127,13.398274944287007
planned_path,,,,,,,,,,,,2366,4.5148645129610685,13.398274944287007
planned_path,,,,,,,,,,,,2367,4.46486451221601,13.398274944287007
planned_path,,,,,,,,,,,,2368,4.414864511470952,13.398274944287007
planned_path,,,,,,,,,,,,2369,4.364864510725894,13.398274944287007
planned_path,,,,,,,,,,,,2370,4.314864509980836,13.398274944287007
planned_path,,,,,,,,,,,,2371,4.264864509235778,13.398274944287007
planned_path,,,,,,,,,,,,2372,4.21486450849072,13.398274944287007
planned_path,,,,,,,,,,,,2373,4.164864507745662,13.398274944287007
planned_path,,,,,,,,,,,,2374,4.114864507000604,13.398274944287007
planned_path,,,,,,,,,,,,2375,4.064864506255546,13.398274944287007
planned_path,,,,,,,,,,,,2376,4.014864505510488,13.398274944287007
planned_path,,,,,,,,,,,,2377,3.96486450476543,13.398274944287007
planned_path,,,,,,,,,,,,2378,3.914864504020372,13.398274944287007
planned_path,,,,,,,,,,,,2379,3.8648645032753137,13.398274944287007
planned_path,,,,,,,,,,,,2380,3.8148645025302557,13.398274944287007
planned_path,,,,,,,,,,,,2381,3.7648645017851976,13.398274944287007
planned_path,,,,,,,,,,,,2382,3.7148645010401395,13.398274944287007
planned_path,,,,,,,,,,,,2383,3.6648645002950815,13.398274944287007
planned_path,,,,,,,,,,,,2384,3.6148644995500234,13.398274944287007
planned_path,,,,,,,,,,,,2385,3.5648644988049654,13.398274944287007
planned_path,,,,,,,,,,,,2386,3.5148644980599073,13.398274944287007
planned_path,,,,,,,,,,,,2387,3.4648644973148492,13.398274944287007
planned_path,,,,,,,,,,,,2388,3.414864496569791,13.398274944287007
planned_path,,,,,,,,,,,,2389,3.364864495824733,13.398274944287007
planned_path,,,,,,,,,,,,2390,3.314864495079675,13.398274944287007
planned_path,,,,,,,,,,,,2391,3.264864494334617,13.398274944287007
planned_path,,,,,,,,,,,,2392,3.214864493589559,13.398274944287007
planned_path,,,,,,,,,,,,2393,3.164864492844501,13.398274944287007
planned_path,,,,,,,,,,,,2394,3.114864492099443,13.398274944287007
planned_path,,,,,,,,,,,,2395,3.0648644913543848,13.398274944287007
planned_path,,,,,,,,,,,,2396,3.0148644906093267,13.398274944287007
planned_path,,,,,,,,,,,,2397,2.9648644898642686,13.398274944287007
planned_path,,,,,,,,,,,,2398,2.9148644891192106,13.398274944287007
planned_path,,,,,,,,,,,,2399,2.8648644883741525,13.398274944287007
planned_path,,,,,,,,,,,,2400,2.8148644876290945,13.398274944287007
planned_path,,,,,,,,,,,,2401,2.7648644868840364,13.398274944287007
planned_path,,,,,,,,,,,,2402,2.7148644861389784,13.398274944287007
planned_path,,,,,,,,,,,,2403,2.6648644853939203,13.398274944287007
planned_path,,,,,,,,,,,,2404,2.6148644846488622,13.398274944287007
planned_path,,,,,,,,,,,,2405,2.564864483903804,13.398274944287007
planned_path,,,,,,,,,,,,2406,2.514864483158746,13.398274944287007
planned_path,,,,,,,,,,,,2407,2.464864482413688,13.398274944287007
planned_path,,,,,,,,,,,,2408,2.41486448166863,13.398274944287007
planned_path,,,,,,,,,,,,2409,2.364864480923572,13.398274944287007
planned_path,,,,,,,,,,,,2410,2.314864480178514,13.398274944287007
planned_path,,,,,,,,,,,,2411,2.264864479433456,13.398274944287007
planned_path,,,,,,,,,,,,2412,2.2148644786883978,13.398274944287007
planned_path,,,,,,,,,,,,2413,2.1648644779433397,13.398274944287007
planned_path,,,,,,,,,,,,2414,2.1148644771982816,13.398274944287007
planned_path,,,,,,,,,,,,2415,2.0648644764532236,13.398274944287007
planned_path,,,,,,,,,,,,2416,2.0148644757081655,13.398274944287007
planned_path,,,,,,,,,,,,2417,1.9648644749631075,13.398274944287007
planned_path,,,,,,,,,,,,2418,1.9148644742180494,13.398274944287007
planned_path,,,,,,,,,,,,2419,1.8648644734729913,13.398274944287007
planned_path,,,,,,,,,,,,2420,1.8148644727279333,13.398274944287007
planned_path,,,,,,,,,,,,2421,1.7648644719828752,13.398274944287007
planned_path,,,,,,,,,,,,2422,1.7148644712378172,13.398274944287007
planned_path,,,,,,,,,,,,2423,1.664864470492759,13.398274944287007
planned_path,,,,,,,,,,,,2424,1.614864469747701,13.398274944287007
planned_path,,,,,,,,,,,,2425,1.564864469002643,13.398274944287007
planned_path,,,,,,,,,,,,2426,1.514864468257585,13.398274944287007
planned_path,,,,,,,,,,,,2427,1.4648644675125269,13.398274944287007
planned_path,,,,,,,,,,,,2428,1.4148644667674688,13.398274944287007
planned_path,,,,,,,,,,,,2429,1.3648644660224107,13.398274944287007
planned_path,,,,,,,,,,,,2430,1.3148644652773527,13.398274944287007
planned_path,,,,,,,,,,,,2431,1.2648644645322946,13.398274944287007
planned_path,,,,,,,,,,,,2432,1.2148644637872366,13.398274944287007
planned_path,,,,,,,,,,,,2433,1.1648644630421785,13.398274944287007
planned_path,,,,,,,,,,,,2434,1.1148644622971204,13.398274944287007
planned_path,,,,,,,,,,,,2435,1.0648644615520624,13.398274944287007
planned_path,,,,,,,,,,,,2436,1.0148644608070043,13.398274944287007
planned_path,,,,,,,,,,,,2437,0.9648644600619463,13.398274944287007
planned_path,,,,,,,,,,,,2438,0.9148644593168882,13.398274944287007
planned_path,,,,,,,,,,,,2439,0.8648644585718301,13.398274944287007
planned_path,,,,,,,,,,,,2440,0.8148644578267721,13.398274944287007
planned_path,,,,,,,,,,,,2441,0.764864457081714,13.398274944287007
planned_path,,,,,,,,,,,,2442,0.714864456336656,13.398274944287007
planned_path,,,,,,,,,,,,2443,0.6648644555915979,13.398274944287007
planned_path,,,,,,,,,,,,2444,0.6148644548465398,13.398274944287007
planned_path,,,,,,,,,,,,2445,0.5648644541014818,13.398274944287007
planned_path,,,,,,,,,,,,2446,0.5148644533564237,13.448274945032065
planned_path,,,,,,,,,,,,2447,0.46486445261136566,13.448274945032065
planned_path,,,,,,,,,,,,2448,0.4148644518663076,13.448274945032065
planned_path,,,,,,,,,,,,2449,0.36486445112124954,13.448274945032065
planned_path,,,,,,,,,,,,2450,0.3148644503761915,13.448274945032065
planned_path,,,,,,,,,,,,2451,0.2648644496311334,13.448274945032065
planned_path,,,,,,,,,,,,2452,0.21486444888607537,13.498274945777123
planned_path,,,,,,,,,,,,2453,0.1648644481410173,13.498274945777123
planned_path,,,,,,,,,,,,2454,0.11486444739595925,13.498274945777123
planned_path,,,,,,,,,,,,2455,0.06486444665090119,13.498274945777123
planned_path,,,,,,,,,,,,2456,0.014864445905843127,13.498274945777123
planned_path,,,,,,,,,,,,2457,-0.03513555483921493,13.498274945777123
planned_path,,,,,,,,,,,,2458,-0.08513555558427299,13.54827494652218
planned_path,,,,,,,,,,,,2459,-0.13513555632933105,13.54827494652218
planned_path,,,,,,,,,,,,2460,-0.1851355570743891,13.54827494652218
planned_path,,,,,,,,,,,,2461,-0.1851355570743891,13.54827494652218
planned_path,,,,,,,,,,,,2462,-0.23513555781944717,13.54827494652218
planned_path,,,,,,,,,,,,2463,-0.28513555856450523,13.54827494652218
planned_path,,,,,,,,,,,,2464,-0.3351355593095633,13.54827494652218
planned_path,,,,,,,,,,,,2465,-0.38513556005462135,13.54827494652218
planned_path,,,,,,,,,,,,2466,-0.4351355607996794,13.54827494652218
planned_path,,,,,,,,,,,,2467,-0.48513556154473747,13.54827494652218
planned_path,,,,,,,,,,,,2468,-0.5351355622897955,13.54827494652218
planned_path,,,,,,,,,,,,2469,-0.5851355630348536,13.54827494652218
planned_path,,,,,,,,,,,,2470,-0.6351355637799116,13.54827494652218
planned_path,,,,,,,,,,,,2471,-0.6851355645249697,13.498274945777123
planned_path,,,,,,,,,,,,2472,-0.7351355652700278,13.498274945777123
planned_path,,,,,,,,,,,,2473,-0.7851355660150858,13.448274945032065
planned_path,,,,,,,,,,,,2474,-0.8351355667601439,13.448274945032065
planned_path,,,,,,,,,,,,2475,-0.8351355667601439,13.448274945032065
planned_path,,,,,,,,,,,,2476,-0.885135567505202,13.398274944287007
planned_path,,,,,,,,,,,,2477,-0.93513556825026,13.348274943541949
planned_path,,,,,,,,,,,,2478,-0.9851355689953181,13.29827494279689
planned_path,,,,,,,,,,,,2479,-1.0351355697403761,13.29827494279689
planned_path,,,,,,,,,,,,2480,-1.0851355704854342,13.29827494279689
planned_path,,,,,,,,,,,,2481,-1.1351355712304922,13.29827494279689
planned_path,,,,,,,,,,,,2482,-1.1851355719755503,13.248274942051832
planned_path,,,,,,,,,,,,2483,-1.2351355727206084,13.198274941306774
planned_path,,,,,,,,,,,,2484,-1.2851355734656664,13.198274941306774
planned_path,,,,,,,,,,,,2485,-1.3351355742107245,13.148274940561716
planned_path,,,,,,,,,,,,2486,-1.3851355749557825,13.148274940561716
planned_path,,,,,,,,,,,,2487,-1.3851355749557825,13.148274940561716
planned_path,,,,,,,,,,,,2488,-1.3851355749557825,13.098274939816658
planned_path,,,,,,,,,,,,2489,-1.3851355749557825,13.0482749390716
planned_path,,,,,,,,,,,,2490,-1.3851355749557825,12.998274938326542
planned_path,,,,,,,,,,,,2491,-1.3851355749557825,12.948274937581484
planned_path,,,,,,,,,,,,2492,-1.3851355749557825,12.898274936836426
planned_path,,,,,,,,,,,,2493,-1.3851355749557825,12.848274936091368
planned_path,,,,,,,,,,,,2494,-1.3851355749557825,12.79827493534631
planned_path,,,,,,,,,,,,2495,-1.3851355749557825,12.748274934601252
planned_path,,,,,,,,,,,,2496,-1.3851355749557825,12.698274933856194
planned_path,,,,,,,,,,,,2497,-1.3851355749557825,12.648274933111136
planned_path,,,,,,,,,,,,2498,-1.3851355749557825,12.598274932366078
planned_path,,,,,,,,,,,,2499,-1.3851355749557825,12.54827493162102
planned_path,,,,,,,,,,,,2500,-1.3851355749557825,12.498274930875962
planned_path,,,,,,,,,,,,2501,-1.3851355749557825,12.448274930130903
planned_path,,,,,,,,,,,,2502,-1.3851355749557825,12.398274929385845
planned_path,,,,,,,,,,,,2503,-1.3851355749557825,12.348274928640787
planned_path,,,,,,,,,,,,2504,-1.3851355749557825,12.29827492789573
planned_path,,,,,,,,,,,,2505,-1.3851355749557825,12.248274927150671
planned_path,,,,,,,,,,,,2506,-1.3851355749557825,12.198274926405613
planned_path,,,,,,,,,,,,2507,-1.3851355749557825,12.148274925660555
planned_path,,,,,,,,,,,,2508,-1.3851355749557825,12.098274924915497
planned_path,,,,,,,,,,,,2509,-1.3851355749557825,12.048274924170439
planned_path,,,,,,,,,,,,2510,-1.3851355749557825,11.998274923425381
planned_path,,,,,,,,,,,,2511,-1.3851355749557825,11.948274922680323
planned_path,,,,,,,,,,,,2512,-1.4351355757008406,11.898274921935265
planned_path,,,,,,,,,,,,2513,-1.4351355757008406,11.848274921190207
planned_path,,,,,,,,,,,,2514,-1.4351355757008406,11.798274920445149
planned_path,,,,,,,,,,,,2515,-1.4351355757008406,11.74827491970009
planned_path,,,,,,,,,,,,2516,-1.4351355757008406,11.698274918955033
planned_path,,,,,,,,,,,,2517,-1.4351355757008406,11.648274918209975
planned_path,,,,,,,,,,,,2518,-1.4851355764458987,11.598274917464916
planned_path,,,,,,,,,,,,2519,-1.4851355764458987,11.548274916719858
planned_path,,,,,,,,,,,,2520,-1.4851355764458987,11.4982749159748
planned_path,,,,,,,,,,,,2521,-1.4851355764458987,11.4982749159748
planned_path,,,,,,,,,,,,2522,-1.4851355764458987,11.448274915229742
planned_path,,,,,,,,,,,,2523,-1.4851355764458987,11.398274914484684
planned_path,,,,,,,,,,,,2524,-1.4851355764458987,11.348274913739626
planned_path,,,,,,,,,,,,2525,-1.5351355771909567,11.298274912994568
planned_path,,,,,,,,,,,,2526,-1.5351355771909567,11.24827491224951
planned_path,,,,,,,,,,,,2527,-1.5351355771909567,11.198274911504452
planned_path,,,,,,,,,,,,2528,-1.5351355771909567,11.148274910759394
planned_path,,,,,,,,,,,,2529,-1.5351355771909567,11.098274910014336
planned_path,,,,,,,,,,,,2530,-1.5351355771909567,11.048274909269278
planned_path,,,,,,,,,,,,2531,-1.5351355771909567,10.99827490852422
planned_path,,,,,,,,,,,,2532,-1.5351355771909567,10.948274907779162
planned_path,,,,,,,,,,,,2533,-1.5351355771909567,10.898274907034104
planned_path,,,,,,,,,,,,2534,-1.5351355771909567,10.848274906289046
planned_path,,,,,,,,,,,,2535,-1.5351355771909567,10.798274905543988
planned_path,,,,,,,,,,,,2536,-1.5351355771909567,10.74827490479893
planned_path,,,,,,,,,,,,2537,-1.5351355771909567,10.698274904053871
planned_path,,,,,,,,,,,,2538,-1.5351355771909567,10.648274903308813
planned_path,,,,,,,,,,,,2539,-1.5351355771909567,10.598274902563755
planned_path,,,,,,,,,,,,2540,-1.5351355771909567,10.548274901818697
planned_path,,,,,,,,,,,,2541,-1.5351355771909567,10.49827490107364
planned_path,,,,,,,,,,,,2542,-1.5351355771909567,10.448274900328581
planned_path,,,,,,,,,,,,2543,-1.5351355771909567,10.398274899583523
planned_path,,,,,,,,,,,,2544,-1.5351355771909567,10.348274898838465
planned_path,,,,,,,,,,,,2545,-1.5351355771909567,10.298274898093407
planned_path,,,,,,,,,,,,2546,-1.5351355771909567,10.248274897348349
planned_path,,,,,,,,,,,,2547,-1.5351355771909567,10.19827489660329
planned_path,,,,,,,,,,,,2548,-1.5351355771909567,10.148274895858233
planned_path,,,,,,,,,,,,2549,-1.5351355771909567,10.098274895113175
planned_path,,,,,,,,,,,,2550,-1.5351355771909567,10.048274894368117
planned_path,,,,,,,,,,,,2551,-1.5351355771909567,9.998274893623059
planned_path,,,,,,,,,,,,2552,-1.5351355771909567,9.948274892878
planned_path,,,,,,,,,,,,2553,-1.5351355771909567,9.898274892132942
planned_path,,,,,,,,,,,,2554,-1.5351355771909567,9.848274891387884
planned_path,,,,,,,,,,,,2555,-1.5351355771909567,9.798274890642826
planned_path,,,,,,,,,,,,2556,-1.5351355771909567,9.748274889897768
planned_path,,,,,,,,,,,,2557,-1.5351355771909567,9.69827488915271
planned_path,,,,,,,,,,,,2558,-1.5351355771909567,9.648274888407652
planned_path,,,,,,,,,,,,2559,-1.5351355771909567,9.598274887662594
planned_path,,,,,,,,,,,,2560,-1.5351355771909567,9.548274886917536
planned_path,,,,,,,,,,,,2561,-1.5351355771909567,9.498274886172478
planned_path,,,,,,,,,,,,2562,-1.5351355771909567,9.44827488542742
planned_path,,,,,,,,,,,,2563,-1.5351355771909567,9.398274884682362
planned_path,,,,,,,,,,,,2564,-1.5351355771909567,9.348274883937304
planned_path,,,,,,,,,,,,2565,-1.5351355771909567,9.298274883192246
planned_path,,,,,,,,,,,,2566,-1.5351355771909567,9.248274882447188
planned_path,,,,,,,,,,,,2567,-1.5351355771909567,9.19827488170213
planned_path,,,,,,,,,,,,2568,-1.5351355771909567,9.148274880957072
planned_path,,,,,,,,,,,,2569,-1.5351355771909567,9.098274880212013
planned_path,,,,,,,,,,,,2570,-1.5351355771909567,9.048274879466955
planned_path,,,,,,,,,,,,2571,-1.5351355771909567,8.998274878721897
planned_path,,,,,,,,,,,,2572,-1.5351355771909567,8.94827487797684
planned_path,,,,,,,,,,,,2573,-1.5351355771909567,8.898274877231781
planned_path,,,,,,,,,,,,2574,-1.5351355771909567,8.848274876486723
planned_path,,,,,,,,,,,,2575,-1.5351355771909567,8.798274875741665
planned_path,,,,,,,,,,,,2576,-1.5351355771909567,8.748274874996607
planned_path,,,,,,,,,,,,2577,-1.5351355771909567,8.698274874251549
planned_path,,,,,,,,,,,,2578,-1.5351355771909567,8.648274873506491
planned_path,,,,,,,,,,,,2579,-1.5351355771909567,8.598274872761433
planned_path,,,,,,,,,,,,2580,-1.5351355771909567,8.548274872016375
planned_path,,,,,,,,,,,,2581,-1.5351355771909567,8.498274871271317
planned_path,,,,,,,,,,,,2582,-1.5351355771909567,8.448274870526259
planned_path,,,,,,,,,,,,2583,-1.5351355771909567,8.3982748697812
planned_path,,,,,,,,,,,,2584,-1.5351355771909567,8.348274869036143
planned_path,,,,,,,,,,,,2585,-1.5351355771909567,8.298274868291085
planned_path,,,,,,,,,,,,2586,-1.4851355764458987,8.248274867546026
planned_path,,,,,,,,,,,,2587,-1.4351355757008406,8.198274866800968
planned_path,,,,,,,,,,,,2588,-1.3851355749557825,8.14827486605591
planned_path,,,,,,,,,,,,2589,-1.3351355742107245,8.098274865310852
planned_path,,,,,,,,,,,,2590,-1.2851355734656664,8.048274864565794
planned_path,,,,,,,,,,,,2591,-1.2351355727206084,7.998274863820736
planned_path,,,,,,,,,,,,2592,-1.1851355719755503,7.948274863075678
planned_path,,,,,,,,,,,,2593,-1.1351355712304922,7.89827486233062
planned_path,,,,,,,,,,,,2594,-1.0851355704854342,7.848274861585562
planned_path,,,,,,,,,,,,2595,-1.0351355697403761,7.798274860840504
planned_path,,,,,,,,,,,,2596,-0.9851355689953181,7.748274860095446
planned_path,,,,,,,,,,,,2597,-0.93513556825026,7.698274859350388
planned_path,,,,,,,,,,,,2598,-0.885135567505202,7.64827485860533
planned_path,,,,,,,,,,,,2599,-0.8351355667601439,7.598274857860272
planned_path,,,,,,,,,,,,2600,-0.7851355660150858,7.548274857115214
planned_path,,,,,,,,,,,,2601,-0.7351355652700278,7.498274856370156
planned_path,,,,,,,,,,,,2602,-0.6851355645249697,7.4482748556250975
planned_path,,,,,,,,,,,,2603,-0.6351355637799116,7.398274854880039
planned_path,,,,,,,,,,,,2604,-0.5851355630348536,7.348274854134981
planned_path,,,,,,,,,,,,2605,-0.5351355622897955,7.298274853389923
planned_path,,,,,,,,,,,,2606,-0.48513556154473747,7.248274852644865
planned_path,,,,,,,,,,,,2607,-0.4351355607996794,7.198274851899807
planned_path,,,,,,,,,,,,2608,-0.38513556005462135,7.148274851154749
planned_path,,,,,,,,,,,,2609,-0.3351355593095633,7.098274850409691
planned_path,,,,,,,,,,,,2610,-0.28513555856450523,7.048274849664633
planned_path,,,,,,,,,,,,2611,-0.23513555781944717,6.998274848919575
planned_path,,,,,,,,,,,,2612,-0.1851355570743891,6.948274848174517
planned_path,,,,,,,,,,,,2613,-0.13513555632933105,6.898274847429459
planned_path,,,,,,,,,,,,2614,-0.08513555558427299,6.848274846684401
planned_path,,,,,,,,,,,,2615,-0.03513555483921493,6.798274845939343
planned_path,,,,,,,,,,,,2616,0.014864445905843127,6.748274845194285
planned_path,,,,,,,,,,,,2617,0.06486444665090119,6.698274844449227
planned_path,,,,,,,,,,,,2618,0.11486444739595925,6.6482748437041685
planned_path,,,,,,,,,,,,2619,0.1648644481410173,6.5982748429591105
planned_path,,,,,,,,,,,,2620,0.21486444888607537,6.548274842214052
planned_path,,,,,,,,,,,,2621,0.2648644496311334,6.498274841468994
planned_path,,,,,,,,,,,,2622,0.3148644503761915,6.448274840723936
planned_path,,,,,,,,,,,,2623,0.36486445112124954,6.398274839978878
planned_path,,,,,,,,,,,,2624,0.36486445112124954,6.34827483923382
planned_path,,,,,,,,,,,,2625,0.36486445112124954,6.298274838488762
planned_path,,,,,,,,,,,,2626,0.36486445112124954,6.248274837743704
planned_path,,,,,,,,,,,,2627,0.4148644518663076,6.198274836998646
planned_path,,,,,,,,,,,,2628,0.46486445261136566,6.148274836253588
planned_path,,,,,,,,,,,,2629,0.5148644533564237,6.09827483550853
planned_path,,,,,,,,,,,,2630,0.5648644541014818,6.048274834763472
planned_path,,,,,,,,,,,,2631,0.6148644548465398,5.998274834018414
planned_path,,,,,,,,,,,,2632,0.6648644555915979,5.948274833273356
planned_path,,,,,,,,,,,,2633,0.714864456336656,5.898274832528298
planned_path,,,,,,,,,,,,2634,0.764864457081714,5.84827483178324
planned_path,,,,,,,,,,,,2635,0.8148644578267721,5.7982748310381815
planned_path,,,,,,,,,,,,2636,0.8648644585718301,5.7482748302931235
planned_path,,,,,,,,,,,,2637,0.9148644593168882,5.698274829548065
planned_path,,,,,,,,,,,,2638,0.9648644600619463,5.648274828803007
planned_path,,,,,,,,,,,,2639,1.0148644608070043,5.598274828057949
planned_path,,,,,,,,,,,,2640,1.0648644615520624,5.548274827312891
planned_path,,,,,,,,,,,,2641,1.1148644622971204,5.498274826567833
planned_path,,,,,,,,,,,,2642,1.1648644630421785,5.448274825822775
planned_path,,,,,,,,,,,,2643,1.2148644637872366,5.398274825077717
planned_path,,,,,,,,,,,,2644,1.2648644645322946,5.348274824332659
planned_path,,,,,,,,,,,,2645,1.3148644652773527,5.298274823587601
planned_path,,,,,,,,,,,,2646,1.3648644660224107,5.248274822842543
planned_path,,,,,,,,,,,,2647,1.4148644667674688,5.198274822097485
planned_path,,,,,,,,,,,,2648,1.4648644675125269,5.148274821352427
planned_path,,,,,,,,,,,,2649,1.4648644675125269,5.098274820607369
planned_path,,,,,,,,,,,,2650,1.514864468257585,5.048274819862311
planned_path,,,,,,,,,,,,2651,1.514864468257585,4.998274819117253
planned_path,,,,,,,,,,,,2652,1.564864469002643,4.9482748183721945
planned_path,,,,,,,,,,,,2653,1.564864469002643,4.8982748176271365
planned_path,,,,,,,,,,,,2654,1.564864469002643,4.8982748176271365
planned_path,,,,,,,,,,,,2655,1.614864469747701,4.8982748176271365
planned_path,,,,,,,,,,,,2656,1.664864470492759,4.8982748176271365
planned_path,,,,,,,,,,,,2657,1.7148644712378172,4.8982748176271365
planned_path,,,,,,,,,,,,2658,1.7648644719828752,4.8982748176271365
planned_path,,,,,,,,,,,,2659,1.8148644727279333,4.8982748176271365
planned_path,,,,,,,,,,,,2660,1.8648644734729913,4.8982748176271365
planned_path,,,,,,,,,,,,2661,1.9148644742180494,4.8982748176271365
planned_path,,,,,,,,,,,,2662,1.9648644749631075,4.8982748176271365
planned_path,,,,,,,,,,,,2663,2.0148644757081655,4.8982748176271365
planned_path,,,,,,,,,,,,2664,2.0648644764532236,4.8982748176271365
planned_path,,,,,,,,,,,,2665,2.1148644771982816,4.8982748176271365
planned_path,,,,,,,,,,,,2666,2.1648644779433397,4.8982748176271365
planned_path,,,,,,,,,,,,2667,2.2148644786883978,4.8982748176271365
planned_path,,,,,,,,,,,,2668,2.264864479433456,4.8982748176271365
planned_path,,,,,,,,,,,,2669,2.314864480178514,4.8982748176271365
planned_path,,,,,,,,,,,,2670,2.364864480923572,4.8982748176271365
planned_path,,,,,,,,,,,,2671,2.41486448166863,4.8982748176271365
planned_path,,,,,,,,,,,,2672,2.464864482413688,4.8982748176271365
planned_path,,,,,,,,,,,,2673,2.514864483158746,4.8982748176271365
planned_path,,,,,,,,,,,,2674,2.564864483903804,4.8982748176271365
planned_path,,,,,,,,,,,,2675,2.6148644846488622,4.8982748176271365
planned_path,,,,,,,,,,,,2676,2.6648644853939203,4.8982748176271365
planned_path,,,,,,,,,,,,2677,2.7148644861389784,4.8982748176271365
planned_path,,,,,,,,,,,,2678,2.7648644868840364,4.8982748176271365
planned_path,,,,,,,,,,,,2679,2.8148644876290945,4.8982748176271365
planned_path,,,,,,,,,,,,2680,2.8648644883741525,4.8982748176271365
planned_path,,,,,,,,,,,,2681,2.9148644891192106,4.8982748176271365
planned_path,,,,,,,,,,,,2682,2.9648644898642686,4.8982748176271365
planned_path,,,,,,,,,,,,2683,3.0148644906093267,4.8982748176271365
planned_path,,,,,,,,,,,,2684,3.0648644913543848,4.8982748176271365
planned_path,,,,,,,,,,,,2685,3.114864492099443,4.8982748176271365
planned_path,,,,,,,,,,,,2686,3.164864492844501,4.8982748176271365
planned_path,,,,,,,,,,,,2687,3.214864493589559,4.8982748176271365
planned_path,,,,,,,,,,,,2688,3.264864494334617,4.8982748176271365
planned_path,,,,,,,,,,,,2689,3.314864495079675,4.8982748176271365
planned_path,,,,,,,,,,,,2690,3.364864495824733,4.8982748176271365
planned_path,,,,,,,,,,,,2691,3.414864496569791,4.8982748176271365
planned_path,,,,,,,,,,,,2692,3.4648644973148492,4.8982748176271365
planned_path,,,,,,,,,,,,2693,3.5148644980599073,4.8982748176271365
planned_path,,,,,,,,,,,,2694,3.5648644988049654,4.8982748176271365
planned_path,,,,,,,,,,,,2695,3.6148644995500234,4.8982748176271365
planned_path,,,,,,,,,,,,2696,3.6648645002950815,4.8982748176271365
planned_path,,,,,,,,,,,,2697,3.7148645010401395,4.8982748176271365
planned_path,,,,,,,,,,,,2698,3.7648645017851976,4.8982748176271365
planned_path,,,,,,,,,,,,2699,3.8148645025302557,4.8982748176271365
planned_path,,,,,,,,,,,,2700,3.8648645032753137,4.8982748176271365
planned_path,,,,,,,,,,,,2701,3.914864504020372,4.8982748176271365
planned_path,,,,,,,,,,,,2702,3.96486450476543,4.8982748176271365
planned_path,,,,,,,,,,,,2703,4.014864505510488,4.8982748176271365
planned_path,,,,,,,,,,,,2704,4.064864506255546,4.8982748176271365
planned_path,,,,,,,,,,,,2705,4.114864507000604,4.8982748176271365
planned_path,,,,,,,,,,,,2706,4.164864507745662,4.8982748176271365
planned_path,,,,,,,,,,,,2707,4.21486450849072,4.8982748176271365
planned_path,,,,,,,,,,,,2708,4.264864509235778,4.8982748176271365
planned_path,,,,,,,,,,,,2709,4.314864509980836,4.8982748176271365
planned_path,,,,,,,,,,,,2710,4.364864510725894,4.8982748176271365
planned_path,,,,,,,,,,,,2711,4.414864511470952,4.8982748176271365
planned_path,,,,,,,,,,,,2712,4.46486451221601,4.8982748176271365
planned_path,,,,,,,,,,,,2713,4.5148645129610685,4.8982748176271365
planned_path,,,,,,,,,,,,2714,4.564864513706127,4.8982748176271365
planned_path,,,,,,,,,,,,2715,4.614864514451185,4.8982748176271365
planned_path,,,,,,,,,,,,2716,4.664864515196243,4.8982748176271365
planned_path,,,,,,,,,,,,2717,4.714864515941301,4.8982748176271365
planned_path,,,,,,,,,,,,2718,4.764864516686359,4.8982748176271365
planned_path,,,,,,,,,,,,2719,4.814864517431417,4.8982748176271365
planned_path,,,,,,,,,,,,2720,4.864864518176475,4.8982748176271365
planned_path,,,,,,,,,,,,2721,4.914864518921533,4.8982748176271365
planned_path,,,,,,,,,,,,2722,4.964864519666591,4.8982748176271365
planned_path,,,,,,,,,,,,2723,5.014864520411649,4.8982748176271365
planned_path,,,,,,,,,,,,2724,5.064864521156707,4.8982748176271365
planned_path,,,,,,,,,,,,2725,5.114864521901765,4.8982748176271365
planned_path,,,,,,,,,,,,2726,5.164864522646823,4.8982748176271365
planned_path,,,,,,,,,,,,2727,5.214864523391881,4.8982748176271365
planned_path,,,,,,,,,,,,2728,5.264864524136939,4.8982748176271365
planned_path,,,,,,,,,,,,2729,5.3148645248819975,4.9482748183721945
planned_path,,,,,,,,,,,,2730,5.3648645256270555,4.9482748183721945
planned_path,,,,,,,,,,,,2731,5.414864526372114,4.9482748183721945
planned_path,,,,,,,,,,,,2732,5.464864527117172,4.998274819117253
planned_path,,,,,,,,,,,,2733,5.51486452786223,4.998274819117253
planned_path,,,,,,,,,,,,2734,5.564864528607288,5.048274819862311
planned_path,,,,,,,,,,,,2735,5.614864529352346,5.048274819862311
planned_path,,,,,,,,,,,,2736,5.664864530097404,5.098274820607369
planned_path,,,,,,,,,,,,2737,5.714864530842462,5.098274820607369
planned_path,,,,,,,,,,,,2738,5.76486453158752,5.148274821352427
planned_path,,,,,,,,,,,,2739,5.814864532332578,5.148274821352427
planned_path,,,,,,,,,,,,2740,5.864864533077636,5.198274822097485
planned_path,,,,,,,,,,,,2741,5.914864533822694,5.198274822097485
planned_path,,,,,,,,,,,,2742,5.964864534567752,5.198274822097485
planned_path,,,,,,,,,,,,2743,6.01486453531281,5.248274822842543
planned_path,,,,,,,,,,,,2744,6.064864536057868,5.248274822842543
planned_path,,,,,,,,,,,,2745,6.114864536802926,5.298274823587601
planned_path,,,,,,,,,,,,2746,6.1648645375479845,5.298274823587601
planned_path,,,,,,,,,,,,2747,6.2148645382930425,5.348274824332659
planned_path,,,,,,,,,,,,2748,6.264864539038101,5.348274824332659
planned_path,,,,,,,,,,,,2749,6.314864539783159,5.398274825077717
planned_path,,,,,,,,,,,,2750,6.364864540528217,5.398274825077717
planned_path,,,,,,,,,,,,2751,6.414864541273275,5.448274825822775
planned_path,,,,,,,,,,,,2752,6.464864542018333,5.448274825822775
planned_path,,,,,,,,,,,,2753,6.514864542763391,5.448274825822775
planned_path,,,,,,,,,,,,2754,6.564864543508449,5.498274826567833
planned_path,,,,,,,,,,,,2755,6.614864544253507,5.498274826567833
planned_path,,,,,,,,,,,,2756,6.664864544998565,5.548274827312891
planned_path,,,,,,,,,,,,2757,6.714864545743623,5.548274827312891
planned_path,,,,,,,,,,,,2758,6.764864546488681,5.598274828057949
planned_path,,,,,,,,,,,,2759,6.814864547233739,5.598274828057949
planned_path,,,,,,,,,,,,2760,6.864864547978797,5.648274828803007
planned_path,,,,,,,,,,,,2761,6.914864548723855,5.648274828803007
planned_path,,,,,,,,,,,,2762,6.964864549468913,5.698274829548065
planned_path,,,,,,,,,,,,2763,7.0148645502139715,5.698274829548065
planned_path,,,,,,,,,,,,2764,7.0648645509590295,5.698274829548065
planned_path,,,,,,,,,,,,2765,7.114864551704088,5.7482748302931235
planned_path,,,,,,,,,,,,2766,7.164864552449146,5.7482748302931235
planned_path,,,,,,,,,,,,2767,7.214864553194204,5.7982748310381815
planned_path,,,,,,,,,,,,2768,7.264864553939262,5.7982748310381815
planned_path,,,,,,,,,,,,2769,7.31486455468432,5.84827483178324
planned_path,,,,,,,,,,,,2770,7.364864555429378,5.84827483178324
planned_path,,,,,,,,,,,,2771,7.414864556174436,5.898274832528298
planned_path,,,,,,,,,,,,2772,7.464864556919494,5.898274832528298
planned_path,,,,,,,,,,,,2773,7.514864557664552,5.948274833273356
planned_path,,,,,,,,,,,,2774,7.56486455840961,5.948274833273356
planned_path,,,,,,,,,,,,2775,7.614864559154668,5.948274833273356
planned_path,,,,,,,,,,,,2776,7.664864559899726,5.998274834018414
planned_path,,,,,,,,,,,,2777,7.714864560644784,5.998274834018414
planned_path,,,,,,,,,,,,2778,7.764864561389842,6.048274834763472
planned_path,,,,,,,,,,,,2779,7.8148645621349,6.048274834763472
planned_path,,,,,,,,,,,,2780,7.8648645628799585,6.09827483550853
planned_path,,,,,,,,,,,,2781,7.914864563625017,6.09827483550853
planned_path,,,,,,,,,,,,2782,7.964864564370075,6.148274836253588
planned_path,,,,,,,,,,,,2783,8.014864565115133,6.148274836253588
planned_path,,,,,,,,,,,,2784,8.06486456586019,6.198274836998646
planned_path,,,,,,,,,,,,2785,8.114864566605249,6.198274836998646
planned_path,,,,,,,,,,,,2786,8.164864567350307,6.198274836998646
planned_path,,,,,,,,,,,,2787,8.214864568095365,6.248274837743704
planned_path,,,,,,,,,,,,2788,8.264864568840423,6.248274837743704
planned_path,,,,,,,,,,,,2789,8.314864569585481,6.298274838488762
planned_path,,,,,,,,,,,,2790,8.364864570330539,6.298274838488762
planned_path,,,,,,,,,,,,2791,8.414864571075597,6.34827483923382
planned_path,,,,,,,,,,,,2792,8.464864571820655,6.34827483923382
planned_path,,,,,,,,,,,,2793,8.514864572565713,6.398274839978878
planned_path,,,,,,,,,,,,2794,8.564864573310771,6.398274839978878
planned_path,,,,,,,,,,,,2795,8.61486457405583,6.448274840723936
planned_path,,,,,,,,,,,,2796,8.664864574800887,6.448274840723936
planned_path,,,,,,,,,,,,2797,8.714864575545946,6.498274841468994
planned_path,,,,,,,,,,,,2798,8.764864576291004,6.498274841468994
planned_path,,,,,,,,,,,,2799,8.814864577036062,6.498274841468994
planned_path,,,,,,,,,,,,2800,8.86486457778112,6.548274842214052
planned_path,,,,,,,,,,,,2801,8.914864578526178,6.548274842214052
planned_path,,,,,,,,,,,,2802,8.964864579271236,6.5982748429591105
planned_path,,,,,,,,,,,,2803,9.014864580016294,6.5982748429591105
planned_path,,,,,,,,,,,,2804,9.064864580761352,6.6482748437041685
planned_path,,,,,,,,,,,,2805,9.11486458150641,6.6482748437041685
planned_path,,,,,,,,,,,,2806,9.164864582251468,6.698274844449227
planned_path,,,,,,,,,,,,2807,9.214864582996526,6.698274844449227
planned_path,,,,,,,,,,,,2808,9.264864583741584,6.748274845194285
planned_path,,,,,,,,,,,,2809,9.314864584486642,6.748274845194285
planned_path,,,,,,,,,,,,2810,9.3648645852317,6.748274845194285
planned_path,,,,,,,,,,,,2811,9.414864585976758,6.798274845939343
planned_path,,,,,,,,,,,,2812,9.464864586721816,6.798274845939343
planned_path,,,,,,,,,,,,2813,9.514864587466874,6.848274846684401
planned_path,,,,,,,,,,,,2814,9.564864588211933,6.848274846684401
planned_path,,,,,,,,,,,,2815,9.61486458895699,6.898274847429459
planned_path,,,,,,,,,,,,2816,9.664864589702049,6.898274847429459
planned_path,,,,,,,,,,,,2817,9.714864590447107,6.948274848174517
planned_path,,,,,,,,,,,,2818,9.764864591192165,6.948274848174517
planned_path,,,,,,,,,,,,2819,9.814864591937223,6.998274848919575
planned_path,,,,,,,,,,,,2820,9.86486459268228,6.998274848919575
planned_path,,,,,,,,,,,,2821,9.914864593427339,6.998274848919575
planned_path,,,,,,,,,,,,2822,9.964864594172397,7.048274849664633
planned_path,,,,,,,,,,,,2823,10.014864594917455,7.048274849664633
planned_path,,,,,,,,,,,,2824,10.064864595662513,7.098274850409691
planned_path,,,,,,,,,,,,2825,10.114864596407571,7.098274850409691
planned_path,,,,,,,,,,,,2826,10.16486459715263,7.148274851154749
planned_path,,,,,,,,,,,,2827,10.214864597897687,7.148274851154749
planned_path,,,,,,,,,,,,2828,10.264864598642745,7.198274851899807
planned_path,,,,,,,,,,,,2829,10.314864599387803,7.198274851899807
planned_path,,,,,,,,,,,,2830,10.364864600132861,7.248274852644865
planned_path,,,,,,,,,,,,2831,10.41486460087792,7.248274852644865
planned_path,,,,,,,,,,,,2832,10.464864601622978,7.248274852644865
planned_path,,,,,,,,,,,,2833,10.514864602368036,7.298274853389923
planned_path,,,,,,,,,,,,2834,10.564864603113094,7.298274853389923
planned_path,,,,,,,,,,,,2835,10.614864603858152,7.348274854134981
planned_path,,,,,,,,,,,,2836,10.66486460460321,7.348274854134981
planned_path,,,,,,,,,,,,2837,10.714864605348268,7.398274854880039
planned_path,,,,,,,,,,,,2838,10.764864606093326,7.398274854880039
planned_path,,,,,,,,,,,,2839,10.814864606838384,7.4482748556250975
planned_path,,,,,,,,,,,,2840,10.864864607583442,7.4482748556250975
planned_path,,,,,,,,,,,,2841,10.9148646083285,7.498274856370156
planned_path,,,,,,,,,,,,2842,10.964864609073558,7.498274856370156
planned_path,,,,,,,,,,,,2843,11.014864609818616,7.498274856370156
planned_path,,,,,,,,,,,,2844,11.064864610563674,7.548274857115214
planned_path,,,,,,,,,,,,2845,11.114864611308732,7.548274857115214
planned_path,,,,,,,,,,,,2846,11.16486461205379,7.598274857860272
planned_path,,,,,,,,,,,,2847,11.214864612798848,7.598274857860272
planned_path,,,,,,,,,,,,2848,11.264864613543907,7.64827485860533
planned_path,,,,,,,,,,,,2849,11.314864614288965,7.64827485860533
planned_path,,,,,,,,,,,,2850,11.364864615034023,7.698274859350388
planned_path,,,,,,,,,,,,2851,11.41486461577908,7.698274859350388
planned_path,,,,,,,,,,,,2852,11.464864616524139,7.748274860095446
planned_path,,,,,,,,,,,,2853,11.514864617269197,7.798274860840504
planned_path,,,,,,,,,,,,2854,11.564864618014255,7.848274861585562
planned_path,,,,,,,,,,,,2855,11.614864618759313,7.89827486233062
planned_path,,,,,,,,,,,,2856,11.664864619504371,7.89827486233062
planned_path,,,,,,,,,,,,2857,11.714864620249429,7.89827486233062
planned_path,,,,,,,,,,,,2858,11.764864620994487,7.89827486233062
planned_path,,,,,,,,,,,,2859,11.814864621739545,7.89827486233062
planned_path,,,,,,,,,,,,2860,11.864864622484603,7.89827486233062
planned_path,,,,,,,,,,,,2861,11.914864623229661,7.948274863075678
planned_path,,,,,,,,,,,,2862,11.96486462397472,7.948274863075678
planned_path,,,,,,,,,,,,2863,12.014864624719777,7.998274863820736
planned_path,,,,,,,,,,,,2864,12.064864625464836,7.998274863820736
planned_path,,,,,,,,,,,,2865,12.114864626209894,7.998274863820736
planned_path,,,,,,,,,,,,2866,12.164864626954952,8.048274864565794
planned_path,,,,,,,,,,,,2867,12.21486462770001,8.048274864565794
planned_path,,,,,,,,,,,,2868,12.264864628445068,8.098274865310852
planned_path,,,,,,,,,,,,2869,12.314864629190126,8.098274865310852
planned_path,,,,,,,,,,,,2870,12.364864629935184,8.14827486605591
planned_path,,,,,,,,,,,,2871,12.414864630680242,8.14827486605591
planned_path,,,,,,,,,,,,2872,12.4648646314253,8.198274866800968
planned_path,,,,,,,,,,,,2873,12.514864632170358,8.198274866800968
planned_path,,,,,,,,,,,,2874,12.564864632915416,8.248274867546026
planned_path,,,,,,,,,,,,2875,12.614864633660474,8.248274867546026
planned_path,,,,,,,,,,,,2876,12.614864633660474,8.248274867546026
planned_path,,,,,,,,,,,,2877,12.614864633660474,8.198274866800968
planned_path,,,,,,,,,,,,2878,12.614864633660474,8.14827486605591
planned_path,,,,,,,,,,,,2879,12.614864633660474,8.098274865310852
planned_path,,,,,,,,,,,,2880,12.614864633660474,8.048274864565794
planned_path,,,,,,,,,,,,2881,12.664864634405532,7.998274863820736
planned_path,,,,,,,,,,,,2882,12.71486463515059,7.948274863075678
planned_path,,,,,,,,,,,,2883,12.764864635895648,7.89827486233062
planned_path,,,,,,,,,,,,2884,12.814864636640706,7.848274861585562
planned_path,,,,,,,,,,,,2885,12.864864637385764,7.798274860840504
planned_path,,,,,,,,,,,,2886,12.914864638130823,7.748274860095446
planned_path,,,,,,,,,,,,2887,12.96486463887588,7.698274859350388
planned_path,,,,,,,,,,,,2888,13.014864639620939,7.64827485860533
planned_path,,,,,,,,,,,,2889,13.014864639620939,7.598274857860272
planned_path,,,,,,,,,,,,2890,13.014864639620939,7.548274857115214
planned_path,,,,,,,,,,,,2891,13.014864639620939,7.498274856370156
planned_path,,,,,,,,,,,,2892,13.014864639620939,7.4482748556250975
planned_path,,,,,,,,,,,,2893,13.014864639620939,7.398274854880039
planned_path,,,,,,,,,,,,2894,13.014864639620939,7.348274854134981
planned_path,,,,,,,,,,,,2895,13.014864639620939,7.298274853389923
planned_path,,,,,,,,,,,,2896,13.014864639620939,7.248274852644865
planned_path,,,,,,,,,,,,2897,13.014864639620939,7.198274851899807
planned_path,,,,,,,,,,,,2898,13.064864640365997,7.148274851154749
planned_path,,,,,,,,,,,,2899,13.064864640365997,7.098274850409691
planned_path,,,,,,,,,,,,2900,13.114864641111055,7.048274849664633
planned_path,,,,,,,,,,,,2901,13.114864641111055,6.998274848919575
planned_path,,,,,,,,,,,,2902,13.114864641111055,6.998274848919575
planned_path,,,,,,,,,,,,2903,13.114864641111055,6.948274848174517
planned_path,,,,,,,,,,,,2904,13.114864641111055,6.898274847429459
planned_path,,,,,,,,,,,,2905,13.114864641111055,6.848274846684401
planned_path,,,,,,,,,,,,2906,13.114864641111055,6.798274845939343
planned_path,,,,,,,,,,,,2907,13.114864641111055,6.748274845194285
planned_path,,,,,,,,,,,,2908,13.114864641111055,6.698274844449227
planned_path,,,,,,,,,,,,2909,13.114864641111055,6.6482748437041685
planned_path,,,,,,,,,,,,2910,13.114864641111055,6.5982748429591105
planned_path,,,,,,,,,,,,2911,13.114864641111055,6.548274842214052
planned_path,,,,,,,,,,,,2912,13.114864641111055,6.498274841468994
planned_path,,,,,,,,,,,,2913,13.114864641111055,6.448274840723936
planned_path,,,,,,,,,,,,2914,13.114864641111055,6.398274839978878
planned_path,,,,,,,,,,,,2915,13.114864641111055,6.34827483923382
planned_path,,,,,,,,,,,,2916,13.114864641111055,6.298274838488762
planned_path,,,,,,,,,,,,2917,13.114864641111055,6.248274837743704
planned_path,,,,,,,,,,,,2918,13.114864641111055,6.198274836998646
planned_path,,,,,,,,,,,,2919,13.114864641111055,6.148274836253588
planned_path,,,,,,,,,,,,2920,13.114864641111055,6.09827483550853
planned_path,,,,,,,,,,,,2921,13.114864641111055,6.048274834763472
planned_path,,,,,,,,,,,,2922,13.114864641111055,5.998274834018414
planned_path,,,,,,,,,,,,2923,13.114864641111055,5.948274833273356
planned_path,,,,,,,,,,,,2924,13.114864641111055,5.898274832528298
planned_path,,,,,,,,,,,,2925,13.114864641111055,5.84827483178324
planned_path,,,,,,,,,,,,2926,13.114864641111055,5.7982748310381815
planned_path,,,,,,,,,,,,2927,13.114864641111055,5.7482748302931235
planned_path,,,,,,,,,,,,2928,13.114864641111055,5.698274829548065
planned_path,,,,,,,,,,,,2929,13.114864641111055,5.648274828803007
planned_path,,,,,,,,,,,,2930,13.114864641111055,5.598274828057949
planned_path,,,,,,,,,,,,2931,13.114864641111055,5.548274827312891
planned_path,,,,,,,,,,,,2932,13.114864641111055,5.498274826567833
planned_path,,,,,,,,,,,,2933,13.114864641111055,5.448274825822775
planned_path,,,,,,,,,,,,2934,13.114864641111055,5.398274825077717
planned_path,,,,,,,,,,,,2935,13.114864641111055,5.348274824332659
planned_path,,,,,,,,,,,,2936,13.114864641111055,5.298274823587601
planned_path,,,,,,,,,,,,2937,13.114864641111055,5.248274822842543
planned_path,,,,,,,,,,,,2938,13.114864641111055,5.198274822097485
planned_path,,,,,,,,,,,,2939,13.114864641111055,5.148274821352427
planned_path,,,,,,,,,,,,2940,13.114864641111055,5.098274820607369
planned_path,,,,,,,,,,,,2941,13.114864641111055,5.048274819862311
planned_path,,,,,,,,,,,,2942,13.114864641111055,4.998274819117253
planned_path,,,,,,,,,,,,2943,13.114864641111055,4.9482748183721945
planned_path,,,,,,,,,,,,2944,13.114864641111055,4.8982748176271365
planned_path,,,,,,,,,,,,2945,13.114864641111055,4.848274816882078
planned_path,,,,,,,,,,,,2946,13.114864641111055,4.79827481613702
planned_path,,,,,,,,,,,,2947,13.114864641111055,4.748274815391962
planned_path,,,,,,,,,,,,2948,13.114864641111055,4.698274814646904
planned_path,,,,,,,,,,,,2949,13.114864641111055,4.648274813901846
planned_path,,,,,,,,,,,,2950,13.114864641111055,4.598274813156788
planned_path,,,,,,,,,,,,2951,13.114864641111055,4.54827481241173
planned_path,,,,,,,,,,,,2952,13.114864641111055,4.498274811666672
planned_path,,,,,,,,,,,,2953,13.114864641111055,4.448274810921614
planned_path,,,,,,,,,,,,2954,13.114864641111055,4.398274810176556
planned_path,,,,,,,,,,,,2955,13.114864641111055,4.348274809431498
planned_path,,,,,,,,,,,,2956,13.114864641111055,4.29827480868644
planned_path,,,,,,,,,,,,2957,13.114864641111055,4.248274807941382
planned_path,,,,,,,,,,,,2958,13.114864641111055,4.198274807196324
planned_path,,,,,,,,,,,,2959,13.114864641111055,4.148274806451266
planned_path,,,,,,,,,,,,2960,13.114864641111055,4.0982748057062075
planned_path,,,,,,,,,,,,2961,13.114864641111055,4.048274804961149
planned_path,,,,,,,,,,,,2962,13.114864641111055,3.9982748042160914
planned_path,,,,,,,,,,,,2963,13.114864641111055,3.9482748034710333
planned_path,,,,,,,,,,,,2964,13.114864641111055,3.8982748027259753
planned_path,,,,,,,,,,,,2965,13.114864641111055,3.848274801980917
planned_path,,,,,,,,,,,,2966,13.114864641111055,3.798274801235859
planned_path,,,,,,,,,,,,2967,13.114864641111055,3.748274800490801
planned_path,,,,,,,,,,,,2968,13.114864641111055,3.698274799745743
planned_path,,,,,,,,,,,,2969,13.114864641111055,3.648274799000685
planned_path,,,,,,,,,,,,2970,13.114864641111055,3.598274798255627
planned_path,,,,,,,,,,,,2971,13.114864641111055,3.548274797510569
planned_path,,,,,,,,,,,,2972,13.064864640365997,3.498274796765511
planned_path,,,,,,,,,,,,2973,13.064864640365997,3.4482747960204527
planned_path,,,,,,,,,,,,2974,13.014864639620939,3.3982747952753947
planned_path,,,,,,,,,,,,2975,13.014864639620939,3.3482747945303366
planned_path,,,,,,,,,,,,2976,12.96486463887588,3.2982747937852785
planned_path,,,,,,,,,,,,2977,12.96486463887588,3.2482747930402205
planned_path,,,,,,,,,,,,2978,12.96486463887588,3.1982747922951624
planned_path,,,,,,,,,,,,2979,12.914864638130823,3.1482747915501044
planned_path,,,,,,,,,,,,2980,12.914864638130823,3.0982747908050463
planned_path,,,,,,,,,,,,2981,12.864864637385764,3.0482747900599882
planned_path,,,,,,,,,,,,2982,12.864864637385764,2.99827478931493
planned_path,,,,,,,,,,,,2983,12.814864636640706,2.948274788569872
planned_path,,,,,,,,,,,,2984,12.814864636640706,2.898274787824814
planned_path,,,,,,,,,,,,2985,12.764864635895648,2.848274787079756
planned_path,,,,,,,,,,,,2986,12.764864635895648,2.798274786334698
planned_path,,,,,,,,,,,,2987,12.71486463515059,2.74827478558964
planned_path,,,,,,,,,,,,2988,12.71486463515059,2.698274784844582
planned_path,,,,,,,,,,,,2989,12.71486463515059,2.698274784844582
planned_path,,,,,,,,,,,,2990,12.664864634405532,2.6482747840995238
planned_path,,,,,,,,,,,,2991,12.614864633660474,2.5982747833544657
planned_path,,,,,,,,,,,,2992,12.564864632915416,2.5482747826094077
planned_path,,,,,,,,,,,,2993,12.514864632170358,2.4982747818643496
planned_path,,,,,,,,,,,,2994,12.4648646314253,2.4482747811192915
planned_path,,,,,,,,,,,,2995,12.414864630680242,2.3982747803742335
planned_path,,,,,,,,,,,,2996,12.364864629935184,2.3482747796291754
planned_path,,,,,,,,,,,,2997,12.314864629190126,2.2982747788841174
planned_path,,,,,,,,,,,,2998,12.264864628445068,2.2482747781390593
planned_path,,,,,,,,,,,,2999,12.21486462770001,2.1982747773940012
planned_path,,,,,,,,,,,,3000,12.164864626954952,2.148274776648943
planned_path,,,,,,,,,,,,3001,12.114864626209894,2.098274775903885
planned_path,,,,,,,,,,,,3002,12.064864625464836,2.048274775158827
planned_path,,,,,,,,,,,,3003,12.014864624719777,1.998274774413769
planned_path,,,,,,,,,,,,3004,11.96486462397472,1.948274773668711
planned_path,,,,,,,,,,,,3005,11.914864623229661,1.8982747729236529
planned_path,,,,,,,,,,,,3006,11.864864622484603,1.8482747721785948
planned_path,,,,,,,,,,,,3007,11.814864621739545,1.7982747714335368
planned_path,,,,,,,,,,,,3008,11.764864620994487,1.7482747706884787
planned_path,,,,,,,,,,,,3009,11.714864620249429,1.6982747699434206
planned_path,,,,,,,,,,,,3010,11.664864619504371,1.6482747691983626
planned_path,,,,,,,,,,,,3011,11.614864618759313,1.5982747684533045
planned_path,,,,,,,,,,,,3012,11.564864618014255,1.5482747677082465
planned_path,,,,,,,,,,,,3013,11.514864617269197,1.4982747669631884
planned_path,,,,,,,,,,,,3014,11.464864616524139,1.4982747669631884
planned_path,,,,,,,,,,,,3015,11.41486461577908,1.4982747669631884
planned_path,,,,,,,,,,,,3016,11.364864615034023,1.4982747669631884
planned_path,,,,,,,,,,,,3017,11.314864614288965,1.4482747662181303
planned_path,,,,,,,,,,,,3018,11.264864613543907,1.4482747662181303
planned_path,,,,,,,,,,,,3019,11.214864612798848,1.4482747662181303
planned_path,,,,,,,,,,,,3020,11.16486461205379,1.4482747662181303
planned_path,,,,,,,,,,,,3021,11.114864611308732,1.4482747662181303
planned_path,,,,,,,,,,,,3022,11.064864610563674,1.4482747662181303
planned_path,,,,,,,,,,,,3023,11.014864609818616,1.3982747654730723
planned_path,,,,,,,,,,,,3024,10.964864609073558,1.3982747654730723
planned_path,,,,,,,,,,,,3025,10.9148646083285,1.3982747654730723
planned_path,,,,,,,,,,,,3026,10.9148646083285,1.3982747654730723
planned_path,,,,,,,,,,,,3027,10.864864607583442,1.3982747654730723
planned_path,,,,,,,,,,,,3028,10.814864606838384,1.3982747654730723
planned_path,,,,,,,,,,,,3029,10.764864606093326,1.3982747654730723
planned_path,,,,,,,,,,,,3030,10.714864605348268,1.3982747654730723
planned_path,,,,,,,,,,,,3031,10.66486460460321,1.3982747654730723
planned_path,,,,,,,,,,,,3032,10.614864603858152,1.3982747654730723
planned_path,,,,,,,,,,,,3033,10.564864603113094,1.3982747654730723
planned_path,,,,,,,,,,,,3034,10.514864602368036,1.3982747654730723
planned_path,,,,,,,,,,,,3035,10.464864601622978,1.3982747654730723
planned_path,,,,,,,,,,,,3036,10.41486460087792,1.3982747654730723
planned_path,,,,,,,,,,,,3037,10.364864600132861,1.3982747654730723
planned_path,,,,,,,,,,,,3038,10.314864599387803,1.3982747654730723
planned_path,,,,,,,,,,,,3039,10.264864598642745,1.3982747654730723
planned_path,,,,,,,,,,,,3040,10.214864597897687,1.3982747654730723
planned_path,,,,,,,,,,,,3041,10.16486459715263,1.3982747654730723
planned_path,,,,,,,,,,,,3042,10.114864596407571,1.3982747654730723
planned_path,,,,,,,,,,,,3043,10.064864595662513,1.3982747654730723
planned_path,,,,,,,,,,,,3044,10.014864594917455,1.3982747654730723
planned_path,,,,,,,,,,,,3045,9.964864594172397,1.3982747654730723
planned_path,,,,,,,,,,,,3046,9.914864593427339,1.3982747654730723
planned_path,,,,,,,,,,,,3047,9.86486459268228,1.3982747654730723
planned_path,,,,,,,,,,,,3048,9.814864591937223,1.3982747654730723
planned_path,,,,,,,,,,,,3049,9.764864591192165,1.3982747654730723
planned_path,,,,,,,,,,,,3050,9.714864590447107,1.3982747654730723
planned_path,,,,,,,,,,,,3051,9.664864589702049,1.3982747654730723
planned_path,,,,,,,,,,,,3052,9.61486458895699,1.3982747654730723
planned_path,,,,,,,,,,,,3053,9.564864588211933,1.3982747654730723
planned_path,,,,,,,,,,,,3054,9.514864587466874,1.3982747654730723
planned_path,,,,,,,,,,,,3055,9.464864586721816,1.3982747654730723
planned_path,,,,,,,,,,,,3056,9.414864585976758,1.3982747654730723
planned_path,,,,,,,,,,,,3057,9.3648645852317,1.3982747654730723
planned_path,,,,,,,,,,,,3058,9.314864584486642,1.3982747654730723
planned_path,,,,,,,,,,,,3059,9.264864583741584,1.3982747654730723
planned_path,,,,,,,,,,,,3060,9.214864582996526,1.3982747654730723
planned_path,,,,,,,,,,,,3061,9.164864582251468,1.3982747654730723
planned_path,,,,,,,,,,,,3062,9.11486458150641,1.3982747654730723
planned_path,,,,,,,,,,,,3063,9.064864580761352,1.3982747654730723
planned_path,,,,,,,,,,,,3064,9.014864580016294,1.3982747654730723
planned_path,,,,,,,,,,,,3065,8.964864579271236,1.3982747654730723
planned_path,,,,,,,,,,,,3066,8.914864578526178,1.3982747654730723
planned_path,,,,,,,,,,,,3067,8.86486457778112,1.3982747654730723
planned_path,,,,,,,,,,,,3068,8.814864577036062,1.3982747654730723
planned_path,,,,,,,,,,,,3069,8.764864576291004,1.3982747654730723
planned_path,,,,,,,,,,,,3070,8.714864575545946,1.3982747654730723
planned_path,,,,,,,,,,,,3071,8.664864574800887,1.3982747654730723
planned_path,,,,,,,,,,,,3072,8.61486457405583,1.3982747654730723
planned_path,,,,,,,,,,,,3073,8.564864573310771,1.3982747654730723
planned_path,,,,,,,,,,,,3074,8.514864572565713,1.3982747654730723
planned_path,,,,,,,,,,,,3075,8.464864571820655,1.3982747654730723
planned_path,,,,,,,,,,,,3076,8.414864571075597,1.3982747654730723
planned_path,,,,,,,,,,,,3077,8.364864570330539,1.3982747654730723
planned_path,,,,,,,,,,,,3078,8.314864569585481,1.3982747654730723
planned_path,,,,,,,,,,,,3079,8.264864568840423,1.3982747654730723
planned_path,,,,,,,,,,,,3080,8.214864568095365,1.3982747654730723
planned_path,,,,,,,,,,,,3081,8.164864567350307,1.3982747654730723
planned_path,,,,,,,,,,,,3082,8.114864566605249,1.3982747654730723
planned_path,,,,,,,,,,,,3083,8.06486456586019,1.3982747654730723
planned_path,,,,,,,,,,,,3084,8.014864565115133,1.3982747654730723
planned_path,,,,,,,,,,,,3085,7.964864564370075,1.3982747654730723
planned_path,,,,,,,,,,,,3086,7.914864563625017,1.3982747654730723
planned_path,,,,,,,,,,,,3087,7.8648645628799585,1.3982747654730723
planned_path,,,,,,,,,,,,3088,7.8148645621349,1.3982747654730723
planned_path,,,,,,,,,,,,3089,7.764864561389842,1.3982747654730723
planned_path,,,,,,,,,,,,3090,7.714864560644784,1.3982747654730723
planned_path,,,,,,,,,,,,3091,7.664864559899726,1.3982747654730723
planned_path,,,,,,,,,,,,3092,7.614864559154668,1.3982747654730723
planned_path,,,,,,,,,,,,3093,7.56486455840961,1.3982747654730723
planned_path,,,,,,,,,,,,3094,7.514864557664552,1.3982747654730723
planned_path,,,,,,,,,,,,3095,7.464864556919494,1.3982747654730723
planned_path,,,,,,,,,,,,3096,7.414864556174436,1.3982747654730723
planned_path,,,,,,,,,,,,3097,7.364864555429378,1.3982747654730723
planned_path,,,,,,,,,,,,3098,7.31486455468432,1.3982747654730723
planned_path,,,,,,,,,,,,3099,7.264864553939262,1.3982747654730723
planned_path,,,,,,,,,,,,3100,7.214864553194204,1.3982747654730723
planned_path,,,,,,,,,,,,3101,7.164864552449146,1.3982747654730723
planned_path,,,,,,,,,,,,3102,7.114864551704088,1.3982747654730723
planned_path,,,,,,,,,,,,3103,7.0648645509590295,1.3982747654730723
planned_path,,,,,,,,,,,,3104,7.0148645502139715,1.3982747654730723
planned_path,,,,,,,,,,,,3105,6.964864549468913,1.3982747654730723
planned_path,,,,,,,,,,,,3106,6.914864548723855,1.3982747654730723
planned_path,,,,,,,,,,,,3107,6.864864547978797,1.3982747654730723
planned_path,,,,,,,,,,,,3108,6.814864547233739,1.3982747654730723
planned_path,,,,,,,,,,,,3109,6.764864546488681,1.3982747654730723
planned_path,,,,,,,,,,,,3110,6.714864545743623,1.3982747654730723
planned_path,,,,,,,,,,,,3111,6.664864544998565,1.3982747654730723
planned_path,,,,,,,,,,,,3112,6.614864544253507,1.3982747654730723
planned_path,,,,,,,,,,,,3113,6.564864543508449,1.3982747654730723
planned_path,,,,,,,,,,,,3114,6.514864542763391,1.3982747654730723
planned_path,,,,,,,,,,,,3115,6.464864542018333,1.3982747654730723
planned_path,,,,,,,,,,,,3116,6.414864541273275,1.3982747654730723
planned_path,,,,,,,,,,,,3117,6.364864540528217,1.3982747654730723
planned_path,,,,,,,,,,,,3118,6.314864539783159,1.3982747654730723
planned_path,,,,,,,,,,,,3119,6.264864539038101,1.3982747654730723
planned_path,,,,,,,,,,,,3120,6.2148645382930425,1.3982747654730723
planned_path,,,,,,,,,,,,3121,6.1648645375479845,1.3982747654730723
planned_path,,,,,,,,,,,,3122,6.114864536802926,1.3982747654730723
planned_path,,,,,,,,,,,,3123,6.064864536057868,1.3982747654730723
planned_path,,,,,,,,,,,,3124,6.01486453531281,1.3982747654730723
planned_path,,,,,,,,,,,,3125,5.964864534567752,1.3982747654730723
planned_path,,,,,,,,,,,,3126,5.914864533822694,1.3982747654730723
planned_path,,,,,,,,,,,,3127,5.864864533077636,1.3982747654730723
planned_path,,,,,,,,,,,,3128,5.814864532332578,1.3982747654730723
planned_path,,,,,,,,,,,,3129,5.76486453158752,1.3982747654730723
planned_path,,,,,,,,,,,,3130,5.714864530842462,1.3982747654730723
planned_path,,,,,,,,,,,,3131,5.664864530097404,1.3982747654730723
planned_path,,,,,,,,,,,,3132,5.614864529352346,1.3482747647280142
planned_path,,,,,,,,,,,,3133,5.564864528607288,1.3482747647280142
planned_path,,,,,,,,,,,,3134,5.51486452786223,1.3482747647280142
planned_path,,,,,,,,,,,,3135,5.51486452786223,1.3482747647280142
planned_path,,,,,,,,,,,,3136,5.464864527117172,1.3482747647280142
planned_path,,,,,,,,,,,,3137,5.414864526372114,1.3482747647280142
planned_path,,,,,,,,,,,,3138,5.3648645256270555,1.3482747647280142
planned_path,,,,,,,,,,,,3139,5.3148645248819975,1.3482747647280142
planned_path,,,,,,,,,,,,3140,5.264864524136939,1.3482747647280142
planned_path,,,,,,,,,,,,3141,5.214864523391881,1.3482747647280142
planned_path,,,,,,,,,,,,3142,5.164864522646823,1.3482747647280142
planned_path,,,,,,,,,,,,3143,5.114864521901765,1.3482747647280142
planned_path,,,,,,,,,,,,3144,5.064864521156707,1.3482747647280142
planned_path,,,,,,,,,,,,3145,5.014864520411649,1.3482747647280142
planned_path,,,,,,,,,,,,3146,4.964864519666591,1.3482747647280142
planned_path,,,,,,,,,,,,3147,4.914864518921533,1.3482747647280142
planned_path,,,,,,,,,,,,3148,4.864864518176475,1.3482747647280142
planned_path,,,,,,,,,,,,3149,4.814864517431417,1.3482747647280142
planned_path,,,,,,,,,,,,3150,4.764864516686359,1.3482747647280142
planned_path,,,,,,,,,,,,3151,4.714864515941301,1.3482747647280142
planned_path,,,,,,,,,,,,3152,4.664864515196243,1.3482747647280142
planned_path,,,,,,,,,,,,3153,4.614864514451185,1.3482747647280142
planned_path,,,,,,,,,,,,3154,4.564864513706127,1.3482747647280142
planned_path,,,,,,,,,,,,3155,4.5148645129610685,1.3482747647280142
planned_path,,,,,,,,,,,,3156,4.46486451221601,1.3482747647280142
planned_path,,,,,,,,,,,,3157,4.414864511470952,1.3482747647280142
planned_path,,,,,,,,,,,,3158,4.364864510725894,1.3982747654730723
planned_path,,,,,,,,,,,,3159,4.314864509980836,1.3982747654730723
planned_path,,,,,,,,,,,,3160,4.264864509235778,1.3982747654730723
planned_path,,,,,,,,,,,,3161,4.21486450849072,1.3982747654730723
planned_path,,,,,,,,,,,,3162,4.164864507745662,1.3982747654730723
planned_path,,,,,,,,,,,,3163,4.114864507000604,1.3982747654730723
planned_path,,,,,,,,,,,,3164,4.064864506255546,1.3982747654730723
planned_path,,,,,,,,,,,,3165,4.014864505510488,1.3982747654730723
planned_path,,,,,,,,,,,,3166,3.96486450476543,1.3982747654730723
planned_path,,,,,,,,,,,,3167,3.914864504020372,1.3982747654730723
planned_path,,,,,,,,,,,,3168,3.8648645032753137,1.3982747654730723
planned_path,,,,,,,,,,,,3169,3.8148645025302557,1.3982747654730723
planned_path,,,,,,,,,,,,3170,3.7648645017851976,1.3982747654730723
planned_path,,,,,,,,,,,,3171,3.7148645010401395,1.3982747654730723
planned_path,,,,,,,,,,,,3172,3.6648645002950815,1.3982747654730723
planned_path,,,,,,,,,,,,3173,3.6148644995500234,1.3982747654730723
planned_path,,,,,,,,,,,,3174,3.5648644988049654,1.3982747654730723
planned_path,,,,,,,,,,,,3175,3.5148644980599073,1.3982747654730723
planned_path,,,,,,,,,,,,3176,3.4648644973148492,1.3982747654730723
planned_path,,,,,,,,,,,,3177,3.414864496569791,1.3982747654730723
planned_path,,,,,,,,,,,,3178,3.364864495824733,1.3982747654730723
planned_path,,,,,,,,,,,,3179,3.314864495079675,1.3982747654730723
planned_path,,,,,,,,,,,,3180,3.264864494334617,1.3982747654730723
planned_path,,,,,,,,,,,,3181,3.214864493589559,1.3982747654730723
planned_path,,,,,,,,,,,,3182,3.164864492844501,1.3982747654730723
planned_path,,,,,,,,,,,,3183,3.114864492099443,1.3982747654730723
planned_path,,,,,,,,,,,,3184,3.0648644913543848,1.3982747654730723
planned_path,,,,,,,,,,,,3185,3.0148644906093267,1.3982747654730723
planned_path,,,,,,,,,,,,3186,2.9648644898642686,1.3982747654730723
planned_path,,,,,,,,,,,,3187,2.9148644891192106,1.3982747654730723
planned_path,,,,,,,,,,,,3188,2.8648644883741525,1.3982747654730723
planned_path,,,,,,,,,,,,3189,2.8148644876290945,1.3982747654730723
planned_path,,,,,,,,,,,,3190,2.7648644868840364,1.3982747654730723
planned_path,,,,,,,,,,,,3191,2.7148644861389784,1.3982747654730723
planned_path,,,,,,,,,,,,3192,2.6648644853939203,1.3982747654730723
planned_path,,,,,,,,,,,,3193,2.6148644846488622,1.3982747654730723
planned_path,,,,,,,,,,,,3194,2.564864483903804,1.3982747654730723
planned_path,,,,,,,,,,,,3195,2.514864483158746,1.3982747654730723
planned_path,,,,,,,,,,,,3196,2.464864482413688,1.3982747654730723
planned_path,,,,,,,,,,,,3197,2.41486448166863,1.3982747654730723
planned_path,,,,,,,,,,,,3198,2.364864480923572,1.3982747654730723
planned_path,,,,,,,,,,,,3199,2.314864480178514,1.3982747654730723
planned_path,,,,,,,,,,,,3200,2.264864479433456,1.4482747662181303
planned_path,,,,,,,,,,,,3201,2.2148644786883978,1.4982747669631884
planned_path,,,,,,,,,,,,3202,2.1648644779433397,1.5482747677082465
planned_path,,,,,,,,,,,,3203,2.1148644771982816,1.5982747684533045
planned_path,,,,,,,,,,,,3204,2.0648644764532236,1.6482747691983626
planned_path,,,,,,,,,,,,3205,2.0148644757081655,1.6982747699434206
planned_path,,,,,,,,,,,,3206,1.9648644749631075,1.7482747706884787
planned_path,,,,,,,,,,,,3207,1.9148644742180494,1.7982747714335368
planned_path,,,,,,,,,,,,3208,1.8648644734729913,1.8482747721785948
planned_path,,,,,,,,,,,,3209,1.8148644727279333,1.8982747729236529
planned_path,,,,,,,,,,,,3210,1.7648644719828752,1.948274773668711
planned_path,,,,,,,,,,,,3211,1.7148644712378172,1.998274774413769
planned_path,,,,,,,,,,,,3212,1.664864470492759,2.048274775158827
planned_path,,,,,,,,,,,,3213,1.614864469747701,2.098274775903885
planned_path,,,,,,,,,,,,3214,1.564864469002643,2.148274776648943
planned_path,,,,,,,,,,,,3215,1.514864468257585,2.1982747773940012
planned_path,,,,,,,,,,,,3216,1.4648644675125269,2.2482747781390593
planned_path,,,,,,,,,,,,3217,1.4148644667674688,2.2982747788841174
planned_path,,,,,,,,,,,,3218,1.3648644660224107,2.3482747796291754
planned_path,,,,,,,,,,,,3219,1.3648644660224107,2.3982747803742335
planned_path,,,,,,,,,,,,3220,1.3648644660224107,2.4482747811192915
planned_path,,,,,,,,,,,,3221,1.3148644652773527,2.4982747818643496
planned_path,,,,,,,,,,,,3222,1.3148644652773527,2.5482747826094077
planned_path,,,,,,,,,,,,3223,1.2648644645322946,2.5982747833544657
planned_path,,,,,,,,,,,,3224,1.2648644645322946,2.6482747840995238
planned_path,,,,,,,,,,,,3225,1.2148644637872366,2.698274784844582
planned_path,,,,,,,,,,,,3226,1.2148644637872366,2.74827478558964
planned_path,,,,,,,,,,,,3227,1.1648644630421785,2.798274786334698
planned_path,,,,,,,,,,,,3228,1.1648644630421785,2.848274787079756
planned_path,,,,,,,,,,,,3229,1.1648644630421785,2.848274787079756
planned_path,,,,,,,,,,,,3230,1.1648644630421785,2.898274787824814
planned_path,,,,,,,,,,,,3231,1.1648644630421785,2.948274788569872
planned_path,,,,,,,,,,,,3232,1.1648644630421785,2.99827478931493
planned_path,,,,,,,,,,,,3233,1.1648644630421785,3.0482747900599882
planned_path,,,,,,,,,,,,3234,1.1648644630421785,3.0982747908050463
planned_path,,,,,,,,,,,,3235,1.1648644630421785,3.1482747915501044
planned_path,,,,,,,,,,,,3236,1.1648644630421785,3.1982747922951624
planned_path,,,,,,,,,,,,3237,1.1148644622971204,3.2482747930402205
planned_path,,,,,,,,,,,,3238,1.0648644615520624,3.2982747937852785
planned_path,,,,,,,,,,,,3239,1.0648644615520624,3.3482747945303366
planned_path,,,,,,,,,,,,3240,1.0648644615520624,3.3482747945303366
planned_path,,,,,,,,,,,,3241,1.0148644608070043,3.3982747952753947
planned_path,,,,,,,,,,,,3242,0.9648644600619463,3.4482747960204527
planned_path,,,,,,,,,,,,3243,0.9148644593168882,3.498274796765511
planned_path,,,,,,,,,,,,3244,0.9148644593168882,3.548274797510569
planned_path,,,,,,,,,,,,3245,0.9148644593168882,3.598274798255627
planned_path,,,,,,,,,,,,3246,0.9148644593168882,3.648274799000685
planned_path,,,,,,,,,,,,3247,0.8648644585718301,3.698274799745743
planned_path,,,,,,,,,,,,3248,0.8148644578267721,3.748274800490801
planned_path,,,,,,,,,,,,3249,0.764864457081714,3.798274801235859
planned_path,,,,,,,,,,,,3250,0.764864457081714,3.848274801980917
planned_path,,,,,,,,,,,,3251,0.764864457081714,3.848274801980917
planned_path,,,,,,,,,,,,3252,0.714864456336656,3.8982748027259753
planned_path,,,,,,,,,,,,3253,0.6648644555915979,3.9482748034710333
planned_path,,,,,,,,,,,,3254,0.6148644548465398,3.9982748042160914
planned_path,,,,,,,,,,,,3255,0.5648644541014818,3.9982748042160914
planned_path,,,,,,,,,,,,3256,0.5148644533564237,3.9982748042160914
planned_path,,,,,,,,,,,,3257,0.46486445261136566,3.9982748042160914
planned_path,,,,,,,,,,,,3258,0.4148644518663076,4.048274804961149
planned_path,,,,,,,,,,,,3259,0.36486445112124954,4.0982748057062075
planned_path,,,,,,,,,,,,3260,0.3148644503761915,4.0982748057062075
planned_path,,,,,,,,,,,,3261,0.3148644503761915,4.0982748057062075
planned_path,,,,,,,,,,,,3262,0.2648644496311334,4.0982748057062075
planned_path,,,,,,,,,,,,3263,0.21486444888607537,4.0982748057062075
planned_path,,,,,,,,,,,,3264,0.1648644481410173,4.0982748057062075
planned_path,,,,,,,,,,,,3265,0.11486444739595925,4.0982748057062075
planned_path,,,,,,,,,,,,3266,0.06486444665090119,4.0982748057062075
planned_path,,,,,,,,,,,,3267,0.014864445905843127,4.0982748057062075
planned_path,,,,,,,,,,,,3268,-0.03513555483921493,4.0982748057062075
planned_path,,,,,,,,,,,,3269,-0.08513555558427299,4.0982748057062075
planned_path,,,,,,,,,,,,3270,-0.13513555632933105,4.0982748057062075
planned_path,,,,,,,,,,,,3271,-0.1851355570743891,4.0982748057062075
planned_path,,,,,,,,,,,,3272,-0.1851355570743891,4.0982748057062075
planned_path,,,,,,,,,,,,3273,-0.23513555781944717,4.048274804961149
planned_path,,,,,,,,,,,,3274,-0.28513555856450523,3.9982748042160914
planned_path,,,,,,,,,,,,3275,-0.3351355593095633,3.9982748042160914
planned_path,,,,,,,,,,,,3276,-0.38513556005462135,3.9982748042160914
planned_path,,,,,,,,,,,,3277,-0.4351355607996794,3.9982748042160914
planned_path,,,,,,,,,,,,3278,-0.48513556154473747,3.9482748034710333
planned_path,,,,,,,,,,,,3279,-0.5351355622897955,3.9482748034710333
planned_path,,,,,,,,,,,,3280,-0.5851355630348536,3.9482748034710333
planned_path,,,,,,,,,,,,3281,-0.5851355630348536,3.9482748034710333
planned_path,,,,,,,,,,,,3282,-0.6351355637799116,3.8982748027259753
planned_path,,,,,,,,,,,,3283,-0.6851355645249697,3.848274801980917
planned_path,,,,,,,,,,,,3284,-0.7351355652700278,3.798274801235859
planned_path,,,,,,,,,,,,3285,-0.7851355660150858,3.748274800490801
planned_path,,,,,,,,,,,,3286,-0.8351355667601439,3.698274799745743
planned_path,,,,,,,,,,,,3287,-0.885135567505202,3.648274799000685
planned_path,,,,,,,,,,,,3288,-0.885135567505202,3.648274799000685
planned_path,,,,,,,,,,,,3289,-0.93513556825026,3.598274798255627
planned_path,,,,,,,,,,,,3290,-0.9851355689953181,3.548274797510569
planned_path,,,,,,,,,,,,3291,-1.0351355697403761,3.498274796765511
planned_path,,,,,,,,,,,,3292,-1.0851355704854342,3.4482747960204527
planned_path,,,,,,,,,,,,3293,-1.1351355712304922,3.3982747952753947
planned_path,,,,,,,,,,,,3294,-1.1851355719755503,3.3482747945303366
planned_path,,,,,,,,,,,,3295,-1.1851355719755503,3.2982747937852785
planned_path,,,,,,,,,,,,3296,-1.1851355719755503,3.2482747930402205
planned_path,,,,,,,,,,,,3297,-1.1851355719755503,3.2482747930402205
planned_path,,,,,,,,,,,,3298,-1.2351355727206084,3.1982747922951624
planned_path,,,,,,,,,,,,3299,-1.2851355734656664,3.1482747915501044
planned_path,,,,,,,,,,,,3300,-1.3351355742107245,3.0982747908050463
planned_path,,,,,,,,,,,,3301,-1.3351355742107245,3.0482747900599882
planned_path,,,,,,,,,,,,3302,-1.3351355742107245,2.99827478931493
planned_path,,,,,,,,,,,,3303,-1.3351355742107245,2.948274788569872
planned_path,,,,,,,,,,,,3304,-1.3351355742107245,2.898274787824814
planned_path,,,,,,,,,,,,3305,-1.3851355749557825,2.848274787079756
planned_path,,,,,,,,,,,,3306,-1.3851355749557825,2.798274786334698
planned_path,,,,,,,,,,,,3307,-1.4351355757008406,2.74827478558964
planned_path,,,,,,,,,,,,3308,-1.4351355757008406,2.698274784844582
planned_path,,,,,,,,,,,,3309,-1.4351355757008406,2.698274784844582
planned_path,,,,,,,,,,,,3310,-1.4351355757008406,2.6482747840995238
planned_path,,,,,,,,,,,,3311,-1.4351355757008406,2.5982747833544657
planned_path,,,,,,,,,,,,3312,-1.4351355757008406,2.5482747826094077
planned_path,,,,,,,,,,,,3313,-1.4351355757008406,2.4982747818643496
planned_path,,,,,,,,,,,,3314,-1.4351355757008406,2.4482747811192915
planned_path,,,,,,,,,,,,3315,-1.4351355757008406,2.3982747803742335
planned_path,,,,,,,,,,,,3316,-1.4351355757008406,2.3482747796291754
planned_path,,,,,,,,,,,,3317,-1.4351355757008406,2.2982747788841174
planned_path,,,,,,,,,,,,3318,-1.4351355757008406,2.2482747781390593
planned_path,,,,,,,,,,,,3319,-1.4351355757008406,2.1982747773940012
planned_path,,,,,,,,,,,,3320,-1.4351355757008406,2.148274776648943
planned_path,,,,,,,,,,,,3321,-1.4351355757008406,2.098274775903885
planned_path,,,,,,,,,,,,3322,-1.4351355757008406,2.048274775158827
planned_path,,,,,,,,,,,,3323,-1.4351355757008406,2.048274775158827
planned_path,,,,,,,,,,,,3324,-1.4351355757008406,1.998274774413769
planned_path,,,,,,,,,,,,3325,-1.4351355757008406,1.948274773668711
planned_path,,,,,,,,,,,,3326,-1.4351355757008406,1.8982747729236529
planned_path,,,,,,,,,,,,3327,-1.4351355757008406,1.8482747721785948
planned_path,,,,,,,,,,,,3328,-1.4351355757008406,1.7982747714335368
planned_path,,,,,,,,,,,,3329,-1.4351355757008406,1.7482747706884787
planned_path,,,,,,,,,,,,3330,-1.4351355757008406,1.6982747699434206
planned_path,,,,,,,,,,,,3331,-1.3851355749557825,1.6482747691983626
planned_path,,,,,,,,,,,,3332,-1.3351355742107245,1.5982747684533045
planned_path,,,,,,,,,,,,3333,-1.2851355734656664,1.5482747677082465
planned_path,,,,,,,,,,,,3334,-1.2351355727206084,1.4982747669631884
planned_path,,,,,,,,,,,,3335,-1.2351355727206084,1.4482747662181303
planned_path,,,,,,,,,,,,3336,-1.2351355727206084,1.4482747662181303
planned_path,,,,,,,,,,,,3337,-1.1851355719755503,1.3982747654730723
planned_path,,,,,,,,,,,,3338,-1.1351355712304922,1.3482747647280142
planned_path,,,,,,,,,,,,3339,-1.0851355704854342,1.2982747639829562
planned_path,,,,,,,,,,,,3340,-1.0851355704854342,1.248274763237898
planned_path,,,,,,,,,,,,3341,-1.0851355704854342,1.19827476249284
planned_path,,,,,,,,,,,,3342,-1.0851355704854342,1.148274761747782
planned_path,,,,,,,,,,,,3343,-1.0351355697403761,1.098274761002724
planned_path,,,,,,,,,,,,3344,-0.9851355689953181,1.0482747602576659
planned_path,,,,,,,,,,,,3345,-0.93513556825026,0.9982747595126078
planned_path,,,,,,,,,,,,3346,-0.885135567505202,0.9482747587675497
planned_path,,,,,,,,,,,,3347,-0.8351355667601439,0.8982747580224917
planned_path,,,,,,,,,,,,3348,-0.8351355667601439,0.8482747572774336
planned_path,,,,,,,,,,,,3349,-0.8351355667601439,0.8482747572774336
planned_path,,,,,,,,,,,,3350,-0.7851355660150858,0.7982747565323756
planned_path,,,,,,,,,,,,3351,-0.7351355652700278,0.7482747557873175
planned_path,,,,,,,,,,,,3352,-0.6851355645249697,0.6982747550422594
planned_path,,,,,,,,,,,,3353,-0.6351355637799116,0.6482747542972014
planned_path,,,,,,,,,,,,3354,-0.5851355630348536,0.5982747535521433
planned_path,,,,,,,,,,,,3355,-0.5351355622897955,0.5482747528070853
planned_path,,,,,,,,,,,,3356,-0.48513556154473747,0.4982747520620272
planned_path,,,,,,,,,,,,3357,-0.4351355607996794,0.44827475131696914
planned_path,,,,,,,,,,,,3358,-0.38513556005462135,0.3982747505719111
planned_path,,,,,,,,,,,,3359,-0.3351355593095633,0.348274749826853
planned_path,,,,,,,,,,,,3360,-0.28513555856450523,0.29827474908179497
planned_path,,,,,,,,,,,,3361,-0.23513555781944717,0.2482747483367369
planned_path,,,,,,,,,,,,3362,-0.1851355570743891,0.19827474759167885
planned_path,,,,,,,,,,,,3363,-0.13513555632933105,0.19827474759167885
planned_path,,,,,,,,,,,,3364,-0.08513555558427299,0.19827474759167885
planned_path,,,,,,,,,,,,3365,-0.03513555483921493,0.19827474759167885
planned_path,,,,,,,,,,,,3366,0.014864445905843127,0.1482747468466208
planned_path,,,,,,,,,,,,3367,0.06486444665090119,0.1482747468466208
planned_path,,,,,,,,,,,,3368,0.11486444739595925,0.1482747468466208
planned_path,,,,,,,,,,,,3369,0.1648644481410173,0.1482747468466208
planned_path,,,,,,,,,,,,3370,0.21486444888607537,0.1482747468466208
planned_path,,,,,,,,,,,,3371,0.2648644496311334,0.1482747468466208
planned_path,,,,,,,,,,,,3372,0.3148644503761915,0.09827474610156273
planned_path,,,,,,,,,,,,3373,0.36486445112124954,0.09827474610156273
planned_path,,,,,,,,,,,,3374,0.4148644518663076,0.09827474610156273
planned_path,,,,,,,,,,,,3375,0.46486445261136566,0.09827474610156273
planned_path,,,,,,,,,,,,3376,0.5148644533564237,0.09827474610156273
planned_path,,,,,,,,,,,,3377,0.5648644541014818,0.09827474610156273
planned_path,,,,,,,,,,,,3378,0.6148644548465398,0.04827474535650467
planned_path,,,,,,,,,,,,3379,0.6648644555915979,0.04827474535650467
planned_path,,,,,,,,,,,,3380,0.714864456336656,0.04827474535650467
planned_path,,,,,,,,,,,,3381,0.764864457081714,0.04827474535650467
planned_path,,,,,,,,,,,,3382,0.8148644578267721,0.04827474535650467
planned_path,,,,,,,,,,,,3383,0.8648644585718301,0.04827474535650467
planned_path,,,,,,,,,,,,3384,0.9148644593168882,-0.0017252553885533928
planned_path,,,,,,,,,,,,3385,0.9648644600619463,-0.0017252553885533928
planned_path,,,,,,,,,,,,3386,1.0148644608070043,-0.0017252553885533928
planned_path,,,,,,,,,,,,3387,1.0148644608070043,-0.0017252553885533928
planned_path,,,,,,,,,,,,3388,1.0648644615520624,-0.0017252553885533928
planned_path,,,,,,,,,,,,3389,1.1148644622971204,-0.0017252553885533928
planned_path,,,,,,,,,,,,3390,1.1648644630421785,-0.0017252553885533928
planned_path,,,,,,,,,,,,3391,1.2148644637872366,-0.0017252553885533928
planned_path,,,,,,,,,,,,3392,1.2648644645322946,-0.0017252553885533928
planned_path,,,,,,,,,,,,3393,1.3148644652773527,-0.0017252553885533928
planned_path,,,,,,,,,,,,3394,1.3648644660224107,-0.0017252553885533928
planned_path,,,,,,,,,,,,3395,1.4148644667674688,-0.0017252553885533928
planned_path,,,,,,,,,,,,3396,1.4648644675125269,-0.0017252553885533928
planned_path,,,,,,,,,,,,3397,1.514864468257585,-0.0017252553885533928
planned_path,,,,,,,,,,,,3398,1.564864469002643,-0.0017252553885533928
sample,1779734149.4077764,0.0,0.0,0.0,0.022792908471713974,0,0.016331173894709193,0.026414923582266228,0.0,0.09698374550288316,0.07598952130268787,,,
sample,1779734149.4505773,0.0428009033203125,0.0,0.0,0.022792908471713974,0,0.016331173894709193,0.026414923582266228,0.0,0.09698374550288316,0.07598952130268787,,,
sample,1779734149.500173,0.09239673614501953,0.0,0.0,0.022792908471713974,0,0.016331173894709193,0.026414923582266228,0.0,0.09698374550288316,0.07598952130268787,,,
sample,1779734149.5500042,0.1422278881072998,0.0,0.0,0.022792908471713974,0,0.016331173894709193,0.026414923582266228,0.0,0.09698374550288316,0.07598952130268787,,,
sample,1779734149.5997221,0.19194579124450684,0.5608,0.0,0.023019708039798574,0,0.04370076233396088,0.02506712965503272,0.027402753872636725,0.09708684987651935,0.07674591667667073,,,
sample,1779734149.6505775,0.24280118942260742,0.5608,0.0,0.023019708039798574,0,0.06725886805631677,0.023907029206310576,0.050989406417600004,0.09798323619849658,0.07674591667667073,,,
sample,1779734149.700677,0.29290056228637695,0.9613,0.30845972699202434,0.019701276244226608,0,0.1565312299881804,0.020991492854951214,0.14030936475340394,0.08346225298611053,0.06567941864341903,,,
sample,1779734149.7498991,0.34212279319763184,0.9613,0.0,0.019701276244226608,0,0.1565312299881804,0.020991492854951214,0.14030936475340394,0.08346225298611053,0.06567941864341903,,,
sample,1779734149.801382,0.39360570907592773,0.9613,0.3722498096555373,0.015330638775527629,0,0.2575301733592433,0.019402980378644494,0.24132079942274498,0.06493673889805458,0.05110613311351178,,,
sample,1779734149.8507323,0.44295597076416016,0.9613,0.0,0.015330638775527629,0,0.2575301733592433,0.019402980378644494,0.24132079942274498,0.06493673889805458,0.05110613311351178,,,
sample,1779734149.9016798,0.49390339851379395,1.2818,0.2898509048568726,0.014355418299778626,0,0.39366415671838234,0.019427598068160995,0.377454785007745,0.060529194516264095,0.047854681644004464,,,
sample,1779734149.9508686,0.5430922508239746,1.2818,0.0,0.01184555118866313,0,0.39366415671838234,0.019427598068160995,0.377454785007745,0.04988895475166227,0.03948701754719316,,,
sample,1779734150.002164,0.5943875312805176,1.442,0.22376911387560716,0.008958155100680612,0,0.4787611086367304,0.02102843839016433,0.4625667930649527,0.03750509131997144,0.02986131578223473,,,
sample,1779734150.050666,0.6428897380828857,1.442,0.1474284683236742,0.007164102766988322,0,0.5317737332382472,0.02202570968043055,0.515588797149745,0.03002658289119024,0.02388075111284871,,,
sample,1779734150.1023078,0.6945314407348633,1.6823,0.37021020850325775,0.002078184203847891,0,0.6933519573621478,0.028156992954948466,0.6772833089478449,0.008748980660935211,0.006927290652137963,,,
sample,1779734150.1505542,0.7427778244018555,1.6823,0.0,0.002078184203847891,0,0.6933519573621478,0.028156992954948466,0.6772833089478449,0.008748980660935211,0.006927290652137963,,,
sample,1779734150.2017207,0.7939443588256836,1.6823,0.15263666977512083,0.002038658211254673,0,0.8877439889978603,0.037054284232601695,0.871878847836945,0.00859546434357106,0.00679553678522351,,,
sample,1779734150.2512512,0.8434748649597168,1.6823,0.0,-0.0006207035271925948,0,0.8877439889978603,0.037054284232601695,0.871878847836945,-0.0026078052038588937,0.00679553678522351,,,
sample,1779734150.299809,0.8920326232910156,1.6823,0.4576679920986359,-0.006326941119255574,0,0.874471127185251,0.04068465239578199,0.8856392414976241,-0.026450836529689385,-0.02109008514493205,,,
sample,1779734150.3499255,0.9421491622924805,1.6823,0.04325968973709879,-0.0074919076234444965,0,0.9786850637830719,0.04800510482083761,0.990109972350443,-0.03137734218806958,-0.024973492656287965,,,
sample,1779734150.4003243,0.9925479888916016,1.7624,-0.02226724724008861,-0.008174973793421629,0,1.1283454617051742,0.05831252927398663,1.1401248972914615,-0.03423985151483582,-0.027250519699972383,,,
sample,1779734150.450433,1.042656660079956,1.7624,-0.004859940266158081,-0.0081168557194697,0,1.1608215532195678,0.060549225584204926,1.1726779206600428,-0.03442929401412831,-0.027056779931247103,,,
sample,1779734150.5000234,1.0922470092773438,1.8425,0.458811499981308,-0.015161858508667116,0,1.3343429222864829,0.07647371093135284,1.3469284723275428,-0.06369906983239167,-0.05054340142686509,,,
sample,1779734150.5503066,1.1425302028656006,1.8425,0.0,-0.015161858508667116,0,1.3343429222864829,0.07647371093135284,1.3469284723275428,-0.06369906983239167,-0.05054340142686509,,,
sample,1779734150.5997584,1.1919820308685303,1.7624,0.34316342171261116,-0.020690398249803562,0,1.511394646853508,0.09575708682669652,1.525027213923543,-0.08792190997331113,-0.06897783741372442,,,
sample,1779734150.6497564,1.2419800758361816,1.7624,0.0,-0.020690398249803562,0,1.511394646853508,0.09575708682669652,1.525027213923543,-0.08792190997331113,-0.06897783741372442,,,
sample,1779734150.7000937,1.2923173904418945,1.8425,0.08073483743043439,-0.022709010144148424,0,1.6141737828567886,0.10769430881903953,1.6284972485542288,-0.09664191434600965,-0.07570971540637227,,,
sample,1779734150.7514496,1.3436732292175293,1.8425,0.059899540658440845,-0.02449315930393447,0,1.6919715733843674,0.1167300872090414,1.7068180089060427,-0.09664191434600965,-0.07570971540637227,,,
sample,1779734150.8006015,1.3928251266479492,1.8425,-0.3153634382996277,-0.021787562932164647,0,1.8232984572566724,0.1252707843290754,1.8384223170988447,-0.09124940131277366,-0.07263670363448484,,,
sample,1779734150.853028,1.445251703262329,1.8425,-0.0023730535799464146,-0.021757949056207773,0,1.8370216910073585,0.12664771751933546,1.85221445578675,-0.09161184138471473,-0.0725379439046822,,,
sample,1779734150.908005,1.5002286434173584,1.8425,-0.1470354933889883,-0.0215364778897933,0,2.0205402549599745,0.14356398370468945,2.036511019446749,-0.09010187338867418,-0.07179936063284834,,,
sample,1779734150.9550343,1.547257900238037,1.8425,0.0,-0.0215364778897933,0,2.0205402549599745,0.14356398370468945,2.036511019446749,-0.09010187338867418,-0.07179936063284834,,,
sample,1779734151.006854,1.5990777015686035,1.8425,0.2013714175661126,-0.02543512721995155,0,2.2096274497534134,0.16298543510518063,2.2265930017842486,-0.10810970421674206,-0.08480204562811583,,,
sample,1779734151.0529113,1.6451349258422852,1.8425,0.0,-0.02543512721995155,0,2.2096274497534134,0.16298543510518063,2.2265930017842486,-0.10810970421674206,-0.08480204562811583,,,
sample,1779734151.1071904,1.6994140148162842,1.8425,0.051992685451597506,-0.027566812069827976,0,2.3178226367840944,0.1746112583076948,2.335411007011969,-0.1153154272978246,-0.09191265711415687,,,
sample,1779734151.1541228,1.7463464736938477,1.8425,0.039776258474693,-0.028503334230885524,0,2.3893925317764513,0.18230160913233648,2.4073928892117493,-0.12025273238836892,-0.09503685274591228,,,
sample,1779734151.2066731,1.7988967895507812,1.8425,0.007357311940197796,-0.030077416957661522,0,2.565358676439933,0.20128030024040747,2.584379540640339,-0.128215762023867,-0.10028830032034444,,,
sample,1779734151.2552037,1.8474273681640625,1.8425,0.0,-0.030077416957661522,0,2.565358676439933,0.20128030024040747,2.584379540640339,-0.128215762023867,-0.10028830032034444,,,
sample,1779734151.3052895,1.8975131511688232,1.9227,-0.07157011987749931,-0.031631989638808526,0,2.7721338651252814,0.22284775343852128,2.79227647109703,-0.13259800559462862,-0.10547514668096858,,,
sample,1779734151.3546832,1.9469068050384521,1.9227,0.0,-0.031631989638808526,0,2.7721338651252814,0.22284775343852128,2.79227647109703,-0.13259800559462862,-0.10547514668096858,,,
sample,1779734151.404959,1.9971826076507568,1.8425,-0.0954776557911855,-0.030903754400575613,0,2.8424933601918476,0.22933818817981577,2.8629346927641026,-0.13054606967122462,-0.10304532096178061,,,
sample,1779734151.4545815,2.0468051433563232,1.8425,-0.2366264255444988,-0.02852170836657619,0,2.9277747819356037,0.2322126200889949,2.948264542485269,-0.11973489638787455,-0.09509814968357615,,,
sample,1779734151.5035176,2.0957412719726562,1.9227,-0.27105733407780724,-0.025336024659820666,0,3.053905428040172,0.23371454597726798,3.0744041305142846,-0.10738692783135537,-0.08447149078787838,,,
sample,1779734151.5530672,2.1452908515930176,1.9227,-0.03878936954089434,-0.02521666296556598,0,3.0981354601967657,0.23690973019618208,3.1187494227871526,-0.10663343261242236,-0.08407336416685511,,,
sample,1779734151.6048467,2.197070360183716,1.8425,-0.1570962917395351,-0.024479499501849536,0,3.2761110234911515,0.24831226043908844,3.2970898804121522,-0.1026044120101692,-0.08161463473578172,,,
sample,1779734151.652455,2.2446787357330322,1.8425,0.0,-0.024479499501849536,0,3.2761110234911515,0.24831226043908844,3.2970898804121522,-0.1026044120101692,-0.08161463473578172,,,
sample,1779734151.7051318,2.2973554134368896,1.9227,-0.1185672601837521,-0.024058972076574096,0,3.467888154331215,0.25939678970545177,3.4891870815950523,-0.10049770257654275,-0.08021205067688837,,,
sample,1779734151.752671,2.3448946475982666,1.9227,0.0,-0.024058972076574096,0,3.467888154331215,0.25939678970545177,3.4891870815950523,-0.10049770257654275,-0.08021205067688837,,,
sample,1779734151.8033836,2.3956072330474854,1.8425,-0.03436961677736044,-0.024103279749938835,0,3.6524653732900574,0.26974241564214974,3.6740540113975526,-0.10238642074096095,-0.0803598286014087,,,
sample,1779734151.8561819,2.4484055042266846,1.8425,0.0,-0.024417354256449433,0,3.6524653732900574,0.26974241564214974,3.6740540113975526,-0.10336023075099393,-0.08140736004901565,,,
sample,1779734151.9043183,2.496541976928711,1.8425,-0.1756725496823355,-0.023060129713958336,0,3.8096492212031237,0.27696078343839114,3.8314035168889897,-0.09785514794025034,-0.0768807271403915,,,
sample,1779734151.9516692,2.5438928604125977,1.8425,-0.10511934845952103,-0.021660504554046157,0,3.8366585158819455,0.27348026800588865,3.8586361441350583,-0.09108297407984853,-0.07221297576687258,,,
sample,1779734152.0055945,2.59781813621521,1.9227,-0.5704462721087578,-0.011930326939357482,0,4.0009550455931615,0.24733803855235495,4.024999498982061,-0.050414967905433546,-0.03976964332267818,,,
sample,1779734152.0529854,2.6452090740203857,1.9227,0.0,-0.011930326939357482,0,4.0009550455931615,0.24733803855235495,4.024999498982061,-0.050414967905433546,-0.03976964332267818,,,
sample,1779734152.1073024,2.699526071548462,1.8425,-0.1414503925422445,-0.009517452864600732,0,4.190367370320598,0.24083408719232968,4.214523455625926,-0.040050340933208785,-0.03172580081565502,,,
sample,1779734152.1533406,2.7455642223358154,1.8425,0.0,-0.009517452864600732,0,4.190367370320598,0.24083408719232968,4.214523455625926,-0.040050340933208785,-0.03172580081565502,,,
sample,1779734152.2066247,2.7988483905792236,1.8425,-0.0215853514966222,-0.009262384466838242,0,4.285021545483321,0.24101438080854018,4.3091778024966505,-0.03889557606546365,-0.03087549784900652,,,
sample,1779734152.2540605,2.8462841510772705,1.8425,-0.022314544432891503,-0.009028027180502735,0,4.37213321792712,0.24118030775695043,4.396289632965926,-0.037722518698803914,-0.030094241552594072,,,
sample,1779734152.3046238,2.8968474864959717,1.8425,-0.12243985832631431,-0.00747830946459814,0,4.533871107402297,0.24038593744083941,4.5580294731911595,-0.03138692140006663,-0.024928162920497876,,,
sample,1779734152.3529444,2.9451680183410645,1.8425,0.0,-0.00747830946459814,0,4.533871107402297,0.24038593744083941,4.5580294731911595,-0.03138692140006663,-0.024928162920497876,,,
sample,1779734152.4050286,2.9972522258758545,1.8425,0.0933432343055256,-0.008638493255751714,0,4.739025559946742,0.24041438116143599,4.7631839277073995,-0.036330982103959616,-0.028795693801852214,,,
sample,1779734152.4529417,3.0451653003692627,1.8425,0.0,-0.008638493255751714,0,4.739025559946742,0.24041438116143599,4.7631839277073995,-0.036330982103959616,-0.028795693801852214,,,
sample,1779734152.5005774,3.092801094055176,1.9227,-0.03274966956827158,-0.008244747117030118,0,4.807645186841238,0.2401470036488599,4.831804075520371,-0.03492662142837949,-0.027483113122293523,,,
sample,1779734152.549805,3.142028570175171,1.9227,0.0,-0.008244747117030118,0,4.807645186841238,0.2401470036488599,4.831804075520371,-0.03492662142837949,-0.027483113122293523,,,
sample,1779734152.6010566,3.1932802200317383,1.8425,0.004669285561698428,-0.008244747117030118,0,4.982683267954513,0.24070138483936254,5.006843034550417,-0.03492662142837949,-0.027483113122293523,,,
sample,1779734152.6519341,3.2441577911376953,1.8425,-0.002838985700373428,-0.008312128349728455,0,5.036815176010189,0.24065322427521527,5.060974964030051,-0.03492768966188462,-0.0277077326247644,,,
sample,1779734152.7025135,3.2947371006011963,1.8425,0.04555056938922446,-0.008886240179969841,0,5.225571285310185,0.24092016854537868,5.24973126209005,-0.03717916669991018,-0.029621580295978767,,,
sample,1779734152.750761,3.342984676361084,1.8425,0.0,-0.008886240179969841,0,5.225571285310185,0.24092016854537868,5.24973126209005,-0.03717916669991018,-0.029621580295978767,,,
sample,1779734152.8000877,3.3923113346099854,1.8425,-0.001217371831752028,-0.00887080147042361,0,5.232230498699815,0.24091733239714344,5.256390476083635,-0.03721016053474081,-0.029570113873928328,,,
sample,1779734152.8507984,3.4430220127105713,1.8425,-0.035102607662620355,-0.008438779500460312,0,5.429634879825196,0.2408332581898123,5.45379487511255,-0.0353616348713177,-0.02812993274366625,,,
sample,1779734152.9004376,3.492661237716675,1.9227,-0.01322976825318804,-0.008384811949724366,0,5.602656509522516,0.24064594251202512,5.626816606205149,-0.03518861478051473,-0.027950028178393812,,,
sample,1779734152.9504566,3.542680263519287,1.9227,0.0,-0.008267146969349479,0,5.602656509522516,0.24064594251202512,5.626816606205149,-0.03495318280862449,-0.027557784386221626,,,
sample,1779734153.0000577,3.5922813415527344,1.8425,-0.17402467180943756,-0.005086969212385724,0,5.717371288733529,0.22864180892701622,5.7421577514767215,-0.02121594620445172,-0.016956710305914603,,,
sample,1779734153.0507505,3.6429741382598877,1.8425,0.014528250836785637,-0.005222105072636913,0,5.771348007883565,0.22815719575765628,5.796136646057157,-0.02181314259110198,-0.0174071751425124,,,
sample,1779734153.1019638,3.6941874027252197,1.8425,-0.04717309216623729,-0.004486129648825956,0,5.942999920616676,0.22620133746240198,5.967799701274657,-0.018896544028553407,-0.01495386581352822,,,
sample,1779734153.1506906,3.7429141998291016,1.8425,0.0,-0.004486129648825956,0,5.942999920616676,0.22620133746240198,5.967799701274657,-0.018896544028553407,-0.01495386581352822,,,
sample,1779734153.2018893,3.7941129207611084,1.8425,-0.09285991138839367,-0.0030595429986683908,0,6.132190735063154,0.22314599133203541,6.157015185342157,-0.0128335567487697,-0.010198508484325332,,,
sample,1779734153.2497256,3.841949224472046,1.8425,0.0,-0.0030595429986683908,0,6.132190735063154,0.22314599133203541,6.157015185342157,-0.0128335567487697,-0.010198508484325332,,,
sample,1779734153.300456,3.8926796913146973,1.8425,-0.0217854369462286,-0.0027056611108958258,0,6.215049602676759,0.22159895394669557,6.239888493873194,-0.011495425188158935,-0.00901889237757083,,,
sample,1779734153.3500175,3.9422411918640137,1.8425,-0.028555502521148052,-0.002114196053493393,0,6.3211551558965535,0.21961788345477617,6.346012539519658,-0.008830700937811336,-0.007047330678425946,,,
sample,1779734153.4002697,3.9924933910369873,2.0028,0.0178558623485866,-0.002083718512198771,0,6.500976955031851,0.2164290283099676,6.525862611083141,-0.008804852680144238,-0.0069457384265263055,,,
sample,1779734153.4512084,4.043431997299194,2.0028,0.0007799045638651162,-0.0020931199204288456,0,6.508938456079366,0.21628784368331025,6.533825363875259,-0.008872124297588243,-0.006977076590641161,,,
sample,1779734153.5069487,4.099172353744507,1.8425,-0.00300888775401922,0.002889609765430331,0,6.690923184564632,0.21303010088129895,6.715839248757759,0.012166747809473539,0.009632059360182299,,,
sample,1779734153.5502582,4.142481803894043,1.8425,0.0,0.002889609765430331,0,6.690923184564632,0.21303010088129895,6.715839248757759,0.012166747809473539,0.009632059360182299,,,
sample,1779734153.6060357,4.198259353637695,1.8425,-0.03173853731035413,0.003425874252628605,0,6.742096480068832,0.21175128048919042,6.7670285206255585,0.014431476561890658,0.011419625518044057,,,
sample,1779734153.6502485,4.242472171783447,1.8425,0.0,0.003425874252628605,0,6.742096480068832,0.21175128048919042,6.7670285206255585,0.014431476561890658,0.011419625518044057,,,
sample,1779734153.7006183,4.292841911315918,1.8425,-0.032748641435786034,0.005629985432680218,0,6.961169506980007,0.19169602502017735,6.987017621246366,0.02389526691420557,0.0187668163916278,,,
sample,1779734153.7504976,4.342721223831177,1.8425,-0.0093164880743782,0.0059404312665643985,0,7.02488799431292,0.1903077737193552,7.050751229881596,0.024859884197885842,0.01980167048098833,,,
sample,1779734153.800066,4.392289638519287,1.9227,-0.022392270626438407,0.006628083324777946,0,7.220998280171708,0.1858167423211894,7.246912932521624,0.02769659783424518,0.022093934623352785,,,
sample,1779734153.8503058,4.4425294399261475,1.9227,0.0,0.006628083324777946,0,7.220998280171708,0.1858167423211894,7.246912932521624,0.02769659783424518,0.022093934623352785,,,
sample,1779734153.9005587,4.492782354354858,1.8425,0.19982920169360174,0.004403611212597394,0,7.402350377119319,0.18348099492883924,7.428280070623257,0.01862483960123995,0.014678798924851086,,,
sample,1779734153.9498403,4.54206395149231,1.8425,0.0,0.004403611212597394,0,7.402350377119319,0.18348099492883924,7.428280070623257,0.01862483960123995,0.014678798924851086,,,
sample,1779734154.004992,4.59721565246582,1.8425,0.34438752027684555,-0.00020052699585558818,0,7.591250189881599,0.18464119316683858,7.6171834462457575,0.01862483960123995,0.014678798924851086,,,
sample,1779734154.0513947,4.64361834526062,1.8425,0.0,-0.00020052699585558818,0,7.591250189881599,0.18464119316683858,7.6171834462457575,-0.0008444083311255071,-0.0006684233284779679,,,
sample,1779734154.101207,4.693430662155151,1.8425,0.726960060730263,-0.003086374932384603,0,7.73301722327974,0.19602181255671897,7.759406546536136,-0.012869798664658426,-0.010287949107976754,,,
sample,1779734154.1502798,4.74250340461731,1.8425,0.10756392473322263,-0.011354702040434726,0,7.793263085452693,0.19889360449154964,7.819720815974466,-0.047872465614059834,-0.0378506335001338,,,
sample,1779734154.2006834,4.792906999588013,1.8425,0.4974808447652341,-0.018632540070199047,0,7.970714768514187,0.21181830226368514,7.997642561789466,-0.07792739743974343,-0.062115655329808714,,,
sample,1779734154.24962,4.841843605041504,1.8425,0.0,-0.018632540070199047,0,7.970714768514187,0.21181830226368514,7.997642561789466,-0.07792739743974343,-0.062115655329808714,,,
sample,1779734154.3002527,4.892476320266724,1.8425,0.38853858416782505,-0.024597416366574042,0,8.153717960747397,0.22877228330036548,8.181429410721966,-0.10428660525261779,-0.08200792772029059,,,
sample,1779734154.349963,4.942186594009399,1.8425,0.0,-0.024597416366574042,0,8.153717960747397,0.22877228330036548,8.181429410721966,-0.10428660525261779,-0.08200792772029059,,,
sample,1779734154.4004724,4.992696046829224,1.8425,0.15771745696957643,-0.027453941542173163,0,8.254310782665543,0.23958005185024978,8.282601164104438,-0.11647561979512384,-0.09153613713529031,,,
sample,1779734154.450776,5.042999744415283,1.8425,0.13288395490674054,-0.03000576261569765,0,8.338719444680414,0.24864898207078162,8.367495614561966,-0.12658180009715997,-0.10004923682447797,,,
sample,1779734154.5002275,5.092451095581055,1.9227,-0.03966078758302114,-0.03098940661459277,0,8.50913008368665,0.26657226512260673,8.538846219935477,-0.13178578440702135,-0.10333110194448478,,,
sample,1779734154.551279,5.143502712249756,1.9227,-0.00542893008996619,-0.03140676662238708,0,8.53321144074822,0.269105070476801,8.563060407117563,-0.13222089584698402,-0.10472365695351818,,,
sample,1779734154.600409,5.192632675170898,1.8425,-0.061446664523660675,-0.03209898524677943,0,8.71163665662946,0.2873268725163223,8.742413666725062,-0.13663698894490778,-0.10703338044548553,,,
sample,1779734154.6497295,5.241953134536743,1.8425,0.0,-0.03209898524677943,0,8.71163665662946,0.2873268725163223,8.742413666725062,-0.13663698894490778,-0.10703338044548553,,,
sample,1779734154.7004786,5.2927021980285645,1.8425,-0.7065938356806222,-0.01634068729157507,0,8.858330180614653,0.2570125625375333,8.892206681811494,-0.06933171769624873,-0.05447380622160195,,,
sample,1779734154.7499955,5.342219114303589,1.8425,0.0,-0.01634068729157507,0,8.858330180614653,0.2570125625375333,8.892206681811494,-0.06933171769624873,-0.05447380622160195,,,
sample,1779734154.802184,5.394407749176025,1.9227,-0.08060224237007968,-0.015889770756560277,0,8.963394097684178,0.26317837965440954,8.997451367999021,-0.06754850089114409,-0.05297036066747492,,,
sample,1779734154.850996,5.4432196617126465,1.9227,-0.06326869117018057,-0.015704899933602127,0,9.04052798200457,0.2677050852779879,9.074717966048592,-0.06616667168217472,-0.05235397077831239,,,
sample,1779734154.9012318,5.493455410003662,1.8425,-0.09166882823815506,-0.010999992295432456,0,9.215290584377932,0.2771158618182639,9.249733765059428,-0.04587486917189623,-0.03666811994213772,,,
sample,1779734154.9507997,5.543023347854614,1.8425,-0.004379840713613533,-0.010947976016907883,0,9.22352955805473,0.2775595216124111,9.257984675388593,-0.04580309044382106,-0.03649471146456194,,,
sample,1779734155.0019925,5.5942161083221436,1.8425,-0.11230603279745369,-0.005631363487283808,0,9.410198710389652,0.28653545351259135,9.444869505663592,-0.023885136142054716,-0.01877141005261125,,,
sample,1779734155.050405,5.6426286697387695,1.8425,0.0,-0.005631363487283808,0,9.410198710389652,0.28653545351259135,9.444869505663592,-0.023885136142054716,-0.01877141005261125,,,
sample,1779734155.1005244,5.692748069763184,1.9227,0.015871362868353826,-0.0062795100104196195,0,9.466291145466133,0.28938752469719464,9.501034402021114,-0.026185675959571945,-0.020931975167053158,,,
sample,1779734155.1540105,5.746234178543091,1.9227,0.03662635524473271,-0.007217697079640708,0,9.604430975103782,0.2964113707295233,9.639352683334193,-0.03054923372192642,-0.024059408059753058,,,
sample,1779734155.2013192,5.793542861938477,1.8425,-0.17247108966217792,0.00016302462494351133,0,9.714351416425878,0.28767940435740463,9.74961940840195,0.0006920650818153038,0.0005434154212924936,,,
sample,1779734155.25098,5.843203544616699,1.8425,-0.06803362936703834,0.0005966866547264775,0,9.781631561494667,0.29032246305785564,9.816951448915892,0.0025011142226934184,0.001988955751800861,,,
sample,1779734155.300486,5.892709732055664,1.9227,-0.054373137786232255,0.005174568293781111,0,9.97283638465213,0.29731839827683093,10.008284215341993,0.021600607102268687,0.017248714930978355,,,
sample,1779734155.350258,5.942481756210327,1.9227,0.0,0.005174568293781111,0,9.97283638465213,0.29731839827683093,10.008284215341993,0.021600607102268687,0.017248714930978355,,,
sample,1779734155.4001894,5.99241304397583,1.8425,-0.34866974648904187,0.009078113227980317,0,10.159093098279495,0.3008880451661027,10.194575132324493,0.038441532379537416,0.030261208728156228,,,
sample,1779734155.4498463,6.042069911956787,1.8425,0.0,0.009078113227980317,0,10.159093098279495,0.3008880451661027,10.194575132324493,0.038441532379537416,0.030261208728156228,,,
sample,1779734155.5019171,6.0941407680511475,1.8425,0.15420129230727264,0.007959150355975107,0,10.339048609737489,0.30578264611764694,10.374597195479494,0.03348158520582391,0.026531061419500485,,,
sample,1779734155.5506654,6.142889022827148,1.8425,0.0,0.011292468915742697,0,10.339048609737489,0.30578264611764694,10.374597195479494,0.047399637249486135,0.03764316314963764,,,
sample,1779734155.6006815,6.1929051876068115,1.8425,0.14550552475158124,0.009061418992294505,0,10.490972579006703,0.31125365812786143,10.526619642542185,0.03806347084047972,0.030205556698021857,,,
sample,1779734155.6533291,6.2455527782440186,1.8425,0.028986780354194785,0.008532278880501556,0,10.522830314970182,0.3124009034039871,10.558498028831995,0.035591142840681135,0.028441619786270078,,,
sample,1779734155.701249,6.293472528457642,1.8425,0.0,0.012644326619719305,0,10.707028601058308,0.3190341623972618,10.742815713069495,0.05338809706684583,0.04215000172298806,,,
sample,1779734155.7501717,6.342395305633545,1.8425,0.0,0.012644326619719305,0,10.707028601058308,0.3190341623972618,10.742815713069495,0.05338809706684583,0.04215000172298806,,,
sample,1779734155.8009617,6.393185377120972,1.8425,1.1351302292255503,-0.00037944654084473475,0,10.874484284930022,0.3591061118365629,10.914999240716043,-0.001580786283561034,-0.0012648218635186647,,,
sample,1779734155.8497174,6.441941022872925,1.8425,0.0,-0.00037944654084473475,0,10.874484284930022,0.3591061118365629,10.914999240716043,-0.001580786283561034,-0.0012648218635186647,,,
sample,1779734155.9000354,6.4922590255737305,1.8425,0.13182088039402137,-0.0024861237698124744,0,10.965535264072317,0.3688412438244562,11.006569179001445,-0.010526480074987956,-0.008287096306375056,,,
sample,1779734155.9504108,6.5426344871521,1.8425,0.12372397090388215,-0.0049389744367362,0,11.051091152846563,0.37798884308593267,11.092612706801042,-0.020802901751494334,-0.016463381989001612,,,
sample,1779734156.000384,6.592607736587524,1.8425,0.37769809130545046,-0.006609044611347784,0,11.212652408307457,0.39875913804532886,11.25550360408754,-0.02793497386851271,-0.022030469465174986,,,
sample,1779734156.0504146,6.642638206481934,1.8425,0.0,-0.006609044611347784,0,11.212652408307457,0.39875913804532886,11.25550360408754,-0.02793497386851271,-0.022030469465174986,,,
sample,1779734156.1005533,6.692776918411255,1.8425,0.25525745315217246,-0.01215684410454382,0,11.42432677903758,0.42797542440824216,11.469184746476927,-0.05169070864481478,-0.040524810073290785,,,
sample,1779734156.1502428,6.742466449737549,1.8425,0.0,-0.01215684410454382,0,11.42432677903758,0.42797542440824216,11.469184746476927,-0.05169070864481478,-0.040524810073290785,,,
sample,1779734156.2027433,6.79496693611145,1.8425,-0.055586108517030226,-0.009388612321967096,0,11.598317299867803,0.4516556798046419,11.644779324509425,-0.039473994677279765,-0.031296293960100995,,,
sample,1779734156.251024,6.843247652053833,1.8425,0.0,-0.009388612321967096,0,11.598317299867803,0.4516556798046419,11.644779324509425,-0.039473994677279765,-0.031296293960100995,,,
sample,1779734156.3010793,6.893302917480469,1.9227,0.42918590525395967,-0.006492758325097196,0,11.727144869668976,0.46842952394148735,11.774694314360493,-0.02750031991085771,-0.021642831875607754,,,
sample,1779734156.3533819,6.945605516433716,1.9227,0.04924698220486579,-0.003277597415195633,0,11.787205961699128,0.47808077134339105,11.83552589622606,-0.013905077218699824,-0.010925363839781203,,,
sample,1779734156.40724,6.9994635581970215,1.8425,-0.13395569766772975,0.013867018157598573,0,11.973245057143293,0.5066002051410523,12.02373828460106,0.05786638597763357,0.0462263569166405,,,
sample,1779734156.4558523,7.048075914382935,1.8425,0.0,0.013867018157598573,0,11.973245057143293,0.5066002051410523,12.02373828460106,0.05786638597763357,0.0462263569166405,,,
sample,1779734156.5055463,7.0977699756622314,1.8425,0.08271491722501428,0.024397749916589304,0,12.149907355562945,0.5344258916638385,12.202578538776061,0.10184968654649408,0.08134197330446054,,,
sample,1779734156.5528388,7.145062446594238,1.8425,0.0,0.024397749916589304,0,12.149907355562945,0.5344258916638385,12.202578538776061,0.10184968654649408,0.08134197330446054,,,
sample,1779734156.6033525,7.195576190948486,1.8425,0.08942131650023795,0.027783267875975654,0,12.329331972336183,0.5635178303099654,12.38434634120106,0.11648635358828917,0.09263472937042803,,,
sample,1779734156.653828,7.246051549911499,1.8425,0.0,0.034757020783850116,0,12.329331972336183,0.5635178303099654,12.38434634120106,0.14508336286102966,0.11590341209684431,,,
sample,1779734156.7062755,7.29849910736084,1.8425,0.40143008587932,0.037042042029094176,0,12.465186767043003,0.5896065648847273,12.522683419804537,0.15534523478485918,0.12352997762355113,,,
sample,1779734156.755786,7.3480095863342285,1.8425,0.16014717574844922,0.03882279859589592,0,12.516349790001517,0.5994316029254356,12.57478127283856,0.16210001930206874,0.12947438353855215,,,
sample,1779734156.803909,7.396132707595825,1.8425,0.3688725425013868,0.041724566911718136,0,12.691488270278814,0.6362990902857166,12.75375808390106,0.17760809875687256,0.13916265700168123,,,
sample,1779734156.854182,7.446405649185181,1.8425,0.0,0.041724566911718136,0,12.691488270278814,0.6362990902857166,12.75375808390106,0.17760809875687256,0.13916265700168123,,,
sample,1779734156.9017386,7.493962287902832,1.8425,0.5834238851897252,0.060644599709123566,0,12.871139771820939,0.6838722154117698,12.93960173926922,0.2608745967814475,0.20239684940412284,,,
sample,1779734156.9530737,7.545297384262085,1.8425,0.0,0.060644599709123566,0,12.871139771820939,0.6838722154117698,12.93960173926922,0.2608745967814475,0.20239684940412284,,,
sample,1779734157.0068932,7.599116802215576,1.8425,0.3884702670420976,0.06880244711667362,0,12.936996737705234,0.7059240414486485,13.00905260670114,0.2962336327701057,0.22970406073864233,,,
sample,1779734157.0527265,7.6449501514434814,1.8425,0.0,0.06880244711667362,0,12.936996737705234,0.7059240414486485,13.00905260670114,0.2962336327701057,0.22970406073864233,,,
sample,1779734157.1032176,7.695441246032715,1.8425,0.0,0.06880244711667362,0,12.936996737705234,0.7059240414486485,13.00905260670114,0.2962336327701057,0.22970406073864233,,,
sample,1779734157.1527672,7.744990825653076,1.8425,0.0,0.06880244711667362,0,12.936996737705234,0.7059240414486485,13.00905260670114,0.2962336327701057,0.22970406073864233,,,
sample,1779734157.207901,7.800124645233154,1.7624,0.6465470227326724,0.08456134886871747,0,13.175002830744516,0.776444683945408,13.257286491056155,0.3647532504133561,0.28254494148915493,,,
sample,1779734157.25308,7.845303535461426,1.7624,0.0,0.08456134886871747,0,13.175002830744516,0.776444683945408,13.257286491056155,0.3647532504133561,0.28254494148915493,,,
sample,1779734157.3111913,7.903414964675903,1.8425,1.9196215822790887,0.10707803098712564,0,13.548336012361595,0.9205918895137797,13.657481545210377,0.467247632425284,0.3582971944370657,,,
sample,1779734157.3570197,7.9492433071136475,1.8425,0.0,0.10707803098712564,0,13.548336012361595,0.9205918895137797,13.657481545210377,0.467247632425284,0.3582971944370657,,,
sample,1779734157.403994,7.996217727661133,1.8425,0.4790854832293073,0.11046257318374228,0,13.64966926169523,0.9684195239609665,13.769534702405194,0.48810358815234245,0.369713547728342,,,
sample,1779734157.4547322,8.046955823898315,1.8425,0.0,0.11046257318374228,0,13.64966926169523,0.9684195239609665,13.769534702405194,0.48810358815234245,0.369713547728342,,,
sample,1779734157.507284,8.099507570266724,1.7624,1.2700060073016042,0.1158602370388031,0,13.843131457842626,1.0537768447559528,13.980990356270187,0.5033522329948683,0.3879381871756036,,,
sample,1779734157.5533283,8.145551919937134,1.7624,0.0,0.1158602370388031,0,13.843131457842626,1.0537768447559528,13.980990356270187,0.5033522329948683,0.3879381871756036,,,
sample,1779734157.6006258,8.192849397659302,1.7624,1.2606798653715467,0.11488226194968429,0,14.004337410394427,1.1527632758654796,14.170161370651183,0.5070778502000344,0.3846344907667003,,,
sample,1779734157.6501055,8.242329120635986,1.7624,0.0,0.11488226194968429,0,14.004337410394427,1.1527632758654796,14.170161370651183,0.5070778502000344,0.3846344907667003,,,
sample,1779734157.7003407,8.292564392089844,1.8425,0.3860716051344907,0.11447776766915595,0,14.04657482107662,1.1830260789586422,14.222121317843147,0.5057602833226722,0.3832682874778248,,,
sample,1779734157.7523777,8.344601392745972,1.8425,0.9630680613377545,0.11517462796073062,0,14.155716318656372,1.2612251824832748,14.356385856296185,0.5059703328995877,0.3856220535937072,,,
sample,1779734157.7998912,8.392114877700806,1.7624,1.0848228158151392,0.1112683521525628,0,14.239809747245648,1.3318976894860772,14.466232603985686,0.488768817636536,0.3724327633559222,,,
sample,1779734157.8500323,8.442255973815918,1.7624,0.5114338736351466,0.10939947366213011,0,14.281647627837332,1.367058438175963,14.520883189534583,0.48031734994700676,0.36612671032021826,,,
sample,1779734157.9005368,8.492760419845581,1.7624,1.4735580694021784,0.10339372839503037,0,14.410354672338563,1.492692909593209,14.700742922972985,0.45616080894301947,0.3458791536524378,,,
sample,1779734157.9496963,8.541919946670532,1.7624,0.0,0.10339372839503037,0,14.410354672338563,1.492692909593209,14.700742922972985,0.45616080894301947,0.3458791536524378,,,
sample,1779734158.0005755,8.592799186706543,1.7624,1.6523394568886738,0.09912769175955397,0,14.555573204773971,1.581719767126621,14.87107848451246,0.4333997272935802,0.331512197208921,,,
sample,1779734158.0497618,8.641985416412354,1.7624,0.0,0.09912769175955397,0,14.555573204773971,1.581719767126621,14.87107848451246,0.4333997272935802,0.331512197208921,,,
sample,1779734158.1012802,8.693503856658936,1.8425,1.1378598972644267,0.09993234978196537,0,14.670207576218216,1.7310248061187261,15.05931512755746,0.4318134645759572,0.33422113764410855,,,
sample,1779734158.1498923,8.74211597442627,1.8425,0.0,0.09761844299729511,0,14.670207576218216,1.7310248061187261,15.05931512755746,0.4228075831582285,0.3264323665443279,,,
sample,1779734158.200187,8.792410612106323,1.6823,0.9684623791698789,0.09197914699240739,0,14.737079075942374,1.8319451382108234,15.180380031245264,0.39933186747171096,0.30746471331758035,,,
sample,1779734158.2496386,8.841862201690674,1.6823,0.42234268070257663,0.08995951924190743,0,14.765752651543036,1.8752183829237903,15.23229099006626,0.3898946419660682,0.30067659875941877,,,
sample,1779734158.3004694,8.892693042755127,1.8425,1.4025009302395868,0.08321749010847468,0,14.857662810184092,2.0380369127440674,15.419259840183763,0.35617592734798537,0.2780337387082207,,,
sample,1779734158.3497777,8.942001342773438,1.8425,0.0,0.08321749010847468,0,14.857662810184092,2.0380369127440674,15.419259840183763,0.35617592734798537,0.2780337387082207,,,
sample,1779734158.4006946,8.992918252944946,1.7624,1.4186978931721115,0.07279916636925253,0,14.931613340427115,2.194440295335368,15.592264750545361,0.3119101429825706,0.24309348205378264,,,
sample,1779734158.4501505,9.04237413406372,1.7624,0.0,0.07279916636925253,0,14.931613340427115,2.194440295335368,15.592264750545361,0.3119101429825706,0.24309348205378264,,,
sample,1779734158.499718,9.091941595077515,1.7624,0.7602754050273283,0.07268277649042053,0,15.03376606940487,2.250252318960916,15.708669913741765,0.31353284931432024,0.2427034557013766,,,
sample,1779734158.5505157,9.142739295959473,1.7624,0.6586100012214305,0.06849250846961988,0,15.063625743379077,2.3271172765471033,15.79113094596046,0.29241814355794715,0.22866604797533172,,,
sample,1779734158.6009858,9.193209409713745,1.7624,1.149031179910932,0.05927016163122382,0,15.109644442907374,2.4763493298569217,15.947297288177149,0.25225636217256864,0.19779887902657378,,,
sample,1779734158.6501355,9.242359161376953,1.7624,0.27298296065369076,0.057541416604798536,0,15.120291390383136,2.5108758560207662,15.983428140637258,0.24330009094044866,0.19201669216817072,,,
sample,1779734158.7022552,9.29447889328003,1.7624,1.162595451875334,0.046681716517769374,0,15.163404779920828,2.688185818614147,16.165904405374057,0.198913136787223,0.15571885143574934,,,
sample,1779734158.7495394,9.341763019561768,1.7624,0.0,0.046681716517769374,0,15.163404779920828,2.688185818614147,16.165904405374057,0.198913136787223,0.15571885143574934,,,
sample,1779734158.801577,9.393800735473633,1.8425,1.0760889517659307,0.03700477375201207,0,15.195120549271378,2.860011583864634,16.340632719134057,0.15558680583045045,0.12340557959470967,,,
sample,1779734158.8505116,9.442735195159912,1.8425,0.0,0.03700477375201207,0,15.195120549271378,2.860011583864634,16.340632719134057,0.15558680583045045,0.12340557959470967,,,
sample,1779734158.9029167,9.495140314102173,1.7624,0.5031726377949283,0.0320484567711585,0,15.207477902699262,2.9497500611608456,16.431218029704723,0.1340769910230426,0.10686477880836749,,,
sample,1779734158.9510212,9.5432448387146,1.7624,0.40150751686699226,0.028085143463384143,0,15.216529273319459,3.0154806580593037,16.497568905198055,0.11813124003494278,0.09364176694314635,,,
sample,1779734159.0009384,9.593162059783936,1.8425,0.3650654158559909,0.03124734540211109,0,15.29997145568045,3.130358949678574,16.639553480707253,0.13229084951468512,0.10419173103172703,,,
sample,1779734159.049623,9.641846656799316,1.8425,0.0,0.03124734540211109,0,15.29997145568045,3.130358949678574,16.639553480707253,0.13229084951468512,0.10419173103172703,,,
sample,1779734159.1004303,9.692653894424438,1.7624,0.6873918838494423,0.024590148605865666,0,15.315230000051175,3.310175854333764,16.82001661371809,0.10315380483009673,0.08198368719223473,,,
sample,1779734159.1498003,9.742023944854736,1.7624,0.0,0.024590148605865666,0,15.315230000051175,3.310175854333764,16.82001661371809,0.10315380483009673,0.08198368719223473,,,
sample,1779734159.1996214,9.791845083236694,1.7624,0.0,0.024590148605865666,0,15.315230000051175,3.310175854333764,16.82001661371809,0.10315380483009673,0.08198368719223473,,,
sample,1779734159.251734,9.843957662582397,1.8425,0.5500461752986039,0.019042246978610806,0,15.330910923768432,3.5948322411737186,17.10510458248809,0.0808913851282323,0.06348182976974077,,,
sample,1779734159.3003132,9.892536878585815,1.8425,0.3808997427475725,0.014788191430796013,0,15.331810740519563,3.6413683068479745,17.151649346733105,0.062704234920303,0.04929756512650803,,,
sample,1779734159.350124,9.942347526550293,1.8425,0.345192811578627,0.010825967245895336,0,15.332646876336412,3.684610968463776,17.194900091313087,0.04576691614876223,0.036087967352772636,,,
sample,1779734159.4003282,9.992551803588867,1.7624,0.46452631410046086,0.005237412568765102,0,15.331967510072404,3.854974815642872,17.365265293053884,0.021881973556281326,0.01745820152518546,,,
sample,1779734159.449526,10.041749715805054,1.7624,0.0,0.005237412568765102,0,15.331967510072404,3.854974815642872,17.365265293053884,0.021881973556281326,0.01745820152518546,,,
sample,1779734159.5023835,10.09460711479187,1.9227,0.4761063434299834,-0.0013239667560385872,0,15.326304268189714,4.049176036549213,17.559549071352883,-0.005519053700069793,-0.0044132250987586556,,,
sample,1779734159.5504498,10.14267349243164,1.9227,0.0,-0.0013239667560385872,0,15.326304268189714,4.049176036549213,17.559549071352883,-0.005519053700069793,-0.0044132250987586556,,,
sample,1779734159.6006496,10.192873239517212,1.7624,0.15455607792728787,0.005038916528303044,0,15.377204407248684,4.170610238213127,17.691219453329904,0.021264321688517853,0.016796530586360624,,,
sample,1779734159.6503618,10.24258542060852,1.7624,0.0,0.0015813328522379165,0,15.377204407248684,4.170610238213127,17.691219453329904,0.0066422858570761405,0.0052711139011334725,,,
sample,1779734159.7004428,10.2926664352417,1.9227,0.3167052921086458,-0.0029671497397918303,0,15.368100111674845,4.33425627639662,17.855118550371493,-0.012531653543064998,-0.009890528157985851,,,
sample,1779734159.7495582,10.341781854629517,1.9227,0.0,-0.0029671497397918303,0,15.368100111674845,4.33425627639662,17.855118550371493,-0.012531653543064998,-0.009890528157985851,,,
sample,1779734159.8006852,10.392908811569214,1.8425,0.37808425341978014,-0.008828039676700124,0,15.353118473883107,4.548322218708095,18.069708105403006,-0.03750718756846894,-0.029427563398338692,,,
sample,1779734159.8494253,10.441648960113525,1.8425,0.0,-0.008828039676700124,0,15.353118473883107,4.548322218708095,18.069708105403006,-0.03750718756846894,-0.029427563398338692,,,
sample,1779734159.9003344,10.492558002471924,1.8425,0.37498892399558564,-0.014997145568242973,0,15.335952711944044,4.736034240549675,18.258203374645507,-0.06345631529772212,-0.04999423342426982,,,
sample,1779734159.9499488,10.5421724319458,1.8425,0.0,-0.014997145568242973,0,15.335952711944044,4.736034240549675,18.258203374645507,-0.06345631529772212,-0.04999423342426982,,,
sample,1779734160.0002964,10.592519998550415,1.8425,0.17372871889539948,-0.01848999111994373,0,15.323592763350886,4.853985391216643,18.37680034877591,-0.07730691880509595,-0.06164032842038813,,,
sample,1779734160.0545068,10.646730422973633,1.8425,0.08240415609639841,-0.02003648279118308,0,15.317280305579358,4.914225258079854,18.437370049805505,-0.08412614756166044,-0.06679721502748218,,,
sample,1779734160.1048987,10.69712233543396,1.8425,0.24216991413069236,-0.02454663313345479,0,15.2958058405761,5.097210031841107,18.621610599293486,-0.10448293771874015,-0.08183854802828862,,,
sample,1779734160.1558871,10.7481107711792,1.8425,0.0,-0.02454663313345479,0,15.2958058405761,5.097210031841107,18.621610599293486,-0.10448293771874015,-0.08183854802828862,,,
sample,1779734160.2002168,10.792440414428711,1.8425,0.0,-0.02454663313345479,0,15.2958058405761,5.097210031841107,18.621610599293486,-0.10448293771874015,-0.08183854802828862,,,
sample,1779734160.2507749,10.842998504638672,1.8425,0.0964032460215507,-0.026419524884934733,0,15.293028432808663,5.254383206907709,18.77880831223621,-0.1106277361365948,-0.08808557822577957,,,
sample,1779734160.301354,10.893577575683594,1.8425,-0.35604745969415463,-0.02435272746405594,0,15.281693527764265,5.427005699939051,18.95180254674338,-0.10224832311609883,-0.08119180926001945,,,
sample,1779734160.3501966,10.942420244216919,1.8425,0.0,-0.022958130078541767,0,15.281693527764265,5.427005699939051,18.95180254674338,-0.09693161687502637,-0.07654054828964746,,,
sample,1779734160.4006898,10.992913484573364,1.9227,-0.032407293266953296,-0.023969929980979677,0,15.267526952528105,5.566516138684559,19.092030412636312,-0.10080894655234314,-0.07991507245878288,,,
sample,1779734160.4496138,11.041837453842163,1.9227,-0.01312447072199533,-0.024283646323877774,0,15.261968007821743,5.6212598436392645,19.14705563502038,-0.10232207178155579,-0.08096140256294528,,,
sample,1779734160.5018764,11.094099998474121,1.8425,0.1214551303438831,-0.027763126897675006,0,15.242291345086823,5.80351505463993,19.33036993613538,-0.11624495086877698,-0.09256754096360345,,,
sample,1779734160.5502985,11.142522096633911,1.8425,0.0,-0.027763126897675006,0,15.242291345086823,5.80351505463993,19.33036993613538,-0.11624495086877698,-0.09256754096360345,,,
sample,1779734160.6091008,11.201324462890625,1.9227,-0.2578232629992569,-0.02585847478806338,0,15.223110438766085,6.0105433816488345,19.538284907581378,-0.1085190280382101,-0.08621413281819265,,,
sample,1779734160.649678,11.241901636123657,1.9227,0.0,-0.02585847478806338,0,15.223110438766085,6.0105433816488345,19.538284907581378,-0.1085190280382101,-0.08621413281819265,,,
sample,1779734160.7003777,11.292601346969604,1.8425,-0.7205069433214428,-0.01794165792322604,0,15.232686205464157,6.172654021301687,19.700678118019848,-0.07543814094535665,-0.05981194443171134,,,
sample,1779734160.7504375,11.342661142349243,1.8425,0.0,-0.016230730845696,0,15.232686205464157,6.172654021301687,19.700678118019848,-0.06834830588159382,-0.054107187507365866,,,
sample,1779734160.800871,11.393094539642334,1.8425,0.028408433086452127,-0.017368029591514907,0,15.224362550231064,6.316763222979621,19.845027504041024,-0.07297622716808773,-0.057899253828888705,,,
sample,1779734160.850711,11.44293475151062,1.8425,0.008167045911396111,-0.01773066537959084,0,15.221997755462526,6.357705414442738,19.886037933154846,-0.07424104208552984,-0.059108412160268076,,,
sample,1779734160.9012415,11.493465185165405,1.9227,-0.12417664348808356,-0.017183050631937195,0,15.211975063441491,6.552449645488265,20.081039907198345,-0.07179261160272807,-0.057282473238871624,,,
sample,1779734160.9507675,11.542991161346436,1.9227,0.0,-0.017183050631937195,0,15.211975063441491,6.552449645488265,20.081039907198345,-0.07179261160272807,-0.057282473238871624,,,
sample,1779734161.000278,11.592501640319824,1.8425,0.07963569761450767,-0.01889039436089866,0,15.202012596070992,6.732212702645806,20.261078812645845,-0.07985205318851998,-0.06297547225063793,,,
sample,1779734161.0500538,11.642277479171753,1.8425,0.0,-0.01889039436089866,0,15.202012596070992,6.732212702645806,20.261078812645845,-0.07985205318851998,-0.06297547225063793,,,
sample,1779734161.1007755,11.692999124526978,1.9227,-0.09328097888140605,-0.022810928551809714,0,15.196453514399659,6.849450061106714,20.378447895491032,-0.09705577372161137,-0.07604961947762007,,,
sample,1779734161.1581333,11.750356912612915,1.9227,-0.05666468751105512,-0.022486400488309164,0,15.192634761831128,6.929985028970057,20.459073350031947,-0.09493789581791615,-0.07496730416473381,,,
sample,1779734161.2037034,11.795927047729492,1.8425,0.10051019965028866,-0.028893172012814824,0,15.183678325880658,7.101520222999599,20.630842207906962,-0.12298644208510834,-0.09633738284472586,,,
sample,1779734161.2523978,11.844621419906616,1.8425,0.0,-0.028893172012814824,0,15.183678325880658,7.101520222999599,20.630842207906962,-0.12298644208510834,-0.09633738284472586,,,
sample,1779734161.3015504,11.893774032592773,1.8425,0.0,-0.028893172012814824,0,15.183678325880658,7.101520222999599,20.630842207906962,-0.12298644208510834,-0.09633738284472586,,,
sample,1779734161.3528404,11.945064067840576,1.8425,-0.26693369872808076,-0.01636890115709447,0,15.198886367948163,7.272892206875066,20.80288767108731,-0.032113788753871816,-0.05456787759990869,,,
sample,1779734161.4022593,11.99448299407959,1.8425,0.03188040894682166,-0.01672434457756667,0,15.19671839336517,7.448957756371866,20.978966567703008,-0.03389189677561038,-0.05575301346356626,,,
sample,1779734161.452378,12.044601678848267,1.8425,0.0,-0.01672434457756667,0,15.19671839336517,7.448957756371866,20.978966567703008,-0.03389189677561038,-0.05575301346356626,,,
sample,1779734161.5042531,12.096476793289185,1.8425,0.019745845648741142,-0.017235579336434107,0,15.192225777657931,7.557207134781545,21.087309133308477,-0.035650397216403805,-0.057457620787237075,,,
sample,1779734161.5552886,12.147512197494507,1.8425,0.011909120162511503,-0.017529233219480574,0,15.189560050468952,7.6214377144752925,21.15159500632301,-0.036708333709845255,-0.05843676288717808,,,
sample,1779734161.6051738,12.197397470474243,1.9227,-0.05784823299531541,-0.016151994515739922,0,15.18214883945174,7.813378057924779,21.34367837752481,-0.03512558984445065,-0.053844664256902736,,,
sample,1779734161.6540108,12.24623441696167,1.9227,0.0,-0.016151994515739922,0,15.18214883945174,7.813378057924779,21.34367837752481,-0.03512558984445065,-0.053844664256902736,,,
sample,1779734161.7026663,12.2948899269104,1.8425,-0.3399556017934532,-0.008547787502212084,0,15.17809404277035,7.99722116367047,21.527566193614806,-0.019296662701899333,-0.028493318962414162,,,
sample,1779734161.7582934,12.35051703453064,1.8425,0.0,-0.008547787502212084,0,15.17809404277035,7.99722116367047,21.527566193614806,-0.019296662701899333,-0.028493318962414162,,,
sample,1779734161.80511,12.39733362197876,1.9227,-0.05408785261047893,-0.007396737583103545,0,15.176612890447567,8.08948299528729,21.619839913521904,-0.017025012376361757,-0.024656241607170795,,,
sample,1779734161.8583498,12.450573444366455,1.9227,0.0,-0.007396737583103545,0,15.176612890447567,8.08948299528729,21.619839913521904,-0.017025012376361757,-0.024656241607170795,,,
sample,1779734161.9107327,12.50295639038086,1.8425,0.0,-0.007396737583103545,0,15.176612890447567,8.08948299528729,21.619839913521904,-0.017025012376361757,-0.024656241607170795,,,
sample,1779734161.9523566,12.544580221176147,1.8425,0.0,-0.007396737583103545,0,15.176612890447567,8.08948299528729,21.619839913521904,-0.017025012376361757,-0.024656241607170795,,,
sample,1779734162.002658,12.594881534576416,1.8425,0.0,-0.007396737583103545,0,15.176612890447567,8.08948299528729,21.619839913521904,-0.017025012376361757,-0.024656241607170795,,,
sample,1779734162.0534441,12.645667791366577,1.8425,-0.27325364596508167,0.001344581927369981,0,15.203499245840064,8.533771198946651,22.064940895341934,0.0034168918473392465,0.004481942458869023,,,
sample,1779734162.1032772,12.69550085067749,1.9227,0.04032917785511357,0.00073490100675332,0,15.204033192982996,8.720577048861585,22.251747508345844,0.0019530946631350675,0.0024496704635166744,,,
sample,1779734162.1529691,12.745192766189575,1.9227,0.0,0.00073490100675332,0,15.204033192982996,8.720577048861585,22.251747508345844,0.0019530946631350675,0.0024496704635166744,,,
sample,1779734162.2032356,12.795459270477295,1.8425,0.17209112995203713,-0.0009615159865415763,0,15.200989819281679,8.907241038382443,22.438436305833342,-0.0026164111238168447,-0.0032050542761767557,,,
sample,1779734162.255126,12.847349643707275,1.8425,0.0,-0.002520014864687678,0,15.200989819281679,8.907241038382443,22.438436305833342,-0.007018641081721624,-0.008400067330438753,,,
sample,1779734162.3049047,12.897128343582153,1.9227,0.01751661228209548,-0.0028365039606270586,0,15.198161712077564,9.0697320350004,22.600951911767833,-0.008244459614236598,-0.009455038559744168,,,
sample,1779734162.3524497,12.944673299789429,1.9227,0.0,-0.0028365039606270586,0,15.198161712077564,9.0697320350004,22.600951911767833,-0.008244459614236598,-0.009455038559744168,,,
sample,1779734162.4026253,12.99484896659851,1.8425,0.20768780129027178,-0.006724886259752966,0,15.189279785328607,9.272317232981385,22.803731721077757,-0.02067112376038222,-0.022416625457396682,,,
sample,1779734162.4524019,13.044625520706177,1.8425,0.0,-0.006724886259752966,0,15.189279785328607,9.272317232981385,22.803731721077757,-0.02067112376038222,-0.022416625457396682,,,
sample,1779734162.4996026,13.09182620048523,1.8425,0.15944796824050061,-0.009231485626130593,0,15.181972174627688,9.4621342799596,22.99368938082773,-0.02999357047173545,-0.03077249290603634,,,
sample,1779734162.550009,13.142232656478882,1.8425,0.0,-0.009231485626130593,0,15.181972174627688,9.4621342799596,22.99368938082773,-0.02999357047173545,-0.03077249290603634,,,
sample,1779734162.600027,13.192250728607178,1.8425,-0.027505117358002085,-0.008797090335974792,0,15.178967487432491,9.55470656995185,23.08631042065967,-0.02939779980871104,-0.02932439091694419,,,
sample,1779734162.6500053,13.242228984832764,1.8425,-0.025998446463264942,-0.008408390089328486,0,15.176129651312507,9.642138296179215,23.17378818963523,-0.02887713222416965,-0.02802862751842972,,,
sample,1779734162.6996405,13.291864156723022,1.8425,0.1379242249039454,-0.010401568131245868,0,15.16886578717694,9.826717569133793,23.35851033699883,-0.03794577025147012,-0.0346731442392739,,,
sample,1779734162.7495265,13.341750144958496,1.8425,0.0,-0.010401568131245868,0,15.16886578717694,9.826717569133793,23.35851033699883,-0.03794577025147012,-0.0346731442392739,,,
sample,1779734162.8006394,13.392863035202026,1.9227,0.10530640204122803,-0.01187546265120685,0,15.159590076545431,10.034339596676835,23.566339461831717,-0.04658311673955755,-0.03958673644930854,,,
sample,1779734162.849595,13.441818714141846,1.9227,0.0,-0.01187546265120685,0,15.159590076545431,10.034339596676835,23.566339461831717,-0.04658311673955755,-0.03958673644930854,,,
sample,1779734162.900209,13.492432594299316,1.8425,0.19081488673074798,-0.012901975902590753,0,15.174106952160262,10.053424696281343,23.590318217106553,-0.05096551473486102,-0.0430089728070717,,,
sample,1779734162.9499319,13.542155504226685,1.8425,0.044790457531603926,-0.013465184360238254,0,15.16741852401454,10.171552776481349,23.708635495653684,-0.05558749063196018,-0.04488666071820685,,,
sample,1779734163.0001366,13.592360258102417,1.8425,0.03443595431206977,-0.00521675023108641,0,15.159740984112938,10.301919439036952,23.839228034969018,-0.02176273719024479,-0.017389325184405616,,,
sample,1779734163.05011,13.642333745956421,1.8425,0.0107127970149295,-0.0053450570595189265,0,15.157363554572553,10.342288822799633,23.879667363803684,-0.02265062051274457,-0.017817026540701098,,,
sample,1779734163.1014926,13.693716287612915,1.8425,0.12772655411805497,0.010315379754320227,0,15.144870987339765,10.533072672535946,24.070859784041186,0.04333832658790412,0.034385818821008815,,,
sample,1779734163.1507893,13.74301290512085,1.8425,0.0,0.010315379754320227,0,15.144870987339765,10.533072672535946,24.070859784041186,0.04333832658790412,0.034385818821008815,,,
sample,1779734163.2001274,13.792351007461548,1.8425,0.17328670538250057,0.02105910305314341,0,15.131565282303487,10.712705865468184,24.250985089841183,0.08894953291183122,0.07020738914455804,,,
sample,1779734163.2503786,13.842602252960205,1.8425,0.0,0.02105910305314341,0,15.131565282303487,10.712705865468184,24.250985089841183,0.08894953291183122,0.07020738914455804,,,
sample,1779734163.301471,13.893694639205933,1.8425,0.05900646293588597,0.04788604626226695,0,15.124675435359343,10.79823004314952,24.336786342506763,0.20504172503272913,0.15974227313116593,,,
sample,1779734163.3498442,13.942067861557007,1.8425,0.0,0.04788604626226695,0,15.124675435359343,10.79823004314952,24.336786342506763,0.20504172503272913,0.15974227313116593,,,
sample,1779734163.4004524,13.992676019668579,1.8425,0.0,0.04788604626226695,0,15.124675435359343,10.79823004314952,24.336786342506763,0.20504172503272913,0.15974227313116593,,,
sample,1779734163.4542165,14.046440124511719,1.8425,0.2685387890759806,0.08449257742391583,0,15.102142872486189,11.046158512753713,24.585736623546794,0.3589819698681547,0.28231405764409623,,,
sample,1779734163.5006068,14.092830419540405,1.8425,0.30092501009893297,0.08123421132838968,0,15.095428903694408,11.097096452650286,24.637115131678538,0.3513127229804269,0.2713779078819204,,,
sample,1779734163.5498934,14.142117023468018,1.8425,0.0,0.08123421132838968,0,15.095428903694408,11.097096452650286,24.637115131678538,0.3513127229804269,0.2713779078819204,,,
sample,1779734163.6029994,14.195223093032837,1.8425,1.1674792358348265,0.12676993530313188,0,15.035396696003767,11.505853700697374,25.05025718205739,0.5705089292950831,0.4248447319431871,,,
sample,1779734163.6499538,14.242177486419678,1.8425,0.0,0.12676993530313188,0,15.035396696003767,11.505853700697374,25.05025718205739,0.5705089292950831,0.4248447319431871,,,
sample,1779734163.7006207,14.292844295501709,1.7624,0.3564792085658431,0.13648828300584262,0,15.015157281955931,11.607482232584603,25.153881466733104,0.6163270393435375,0.45780731894605137,,,
sample,1779734163.7497716,14.341995239257812,1.7624,0.2272195913150681,0.1387949663015987,0,15.002642657785586,11.67032213884606,25.217955405562194,0.6329931599032647,0.4656437954226545,,,
sample,1779734163.8004246,14.392648220062256,1.8425,0.8353274018674407,0.1483471044181279,0,14.959990570821608,11.845454931965996,25.398207162137194,0.6824926079224074,0.4981499599166098,,,
sample,1779734163.850516,14.442739725112915,1.8425,0.0,0.1483471044181279,0,14.959990570821608,11.845454931965996,25.398207162137194,0.6824926079224074,0.4981499599166098,,,
sample,1779734163.9003787,14.492602348327637,1.7624,1.7193996812111794,0.14951818210973752,0,14.90326392431364,12.014018459883404,25.576059840969993,0.6821666753190242,0.5021414346685159,,,
sample,1779734163.94988,14.54210352897644,1.7624,0.0,0.14951818210973752,0,14.90326392431364,12.014018459883404,25.576059840969993,0.6821666753190242,0.5021414346685159,,,
sample,1779734163.9997387,14.591962337493896,1.7624,2.469368629690913,0.1255700695209966,0,14.838819111898205,12.031794257030251,25.642911264376426,0.5618901902399677,0.42078082863732463,,,
sample,1779734164.0500824,14.642306089401245,1.7624,0.0,0.1255700695209966,0,14.838819111898205,12.031794257030251,25.642911264376426,0.5618901902399677,0.42078082863732463,,,
sample,1779734164.1005428,14.692766427993774,1.7624,1.2717002457565103,0.12419083564061734,0,14.775418424626457,12.13688568416965,25.765646162448352,0.5499169614800155,0.41611093176843683,,,
sample,1779734164.1503217,14.742545366287231,1.7624,0.6211637867292071,0.12182184951773792,0,14.74486845318847,12.187524568945841,25.824786651170022,0.5397983199512764,0.4080936115280586,,,
sample,1779734164.2001183,14.792341947555542,1.7624,1.7608402028342278,0.11473724786457286,0,14.644388099492694,12.325185732002094,25.99521815439882,0.5086037938949511,0.3841446824999137,,,
sample,1779734164.2498713,14.842094898223877,1.7624,0.0,0.11473724786457286,0,14.644388099492694,12.325185732002094,25.99521815439882,0.5086037938949511,0.3841446824999137,,,
sample,1779734164.3013067,14.893530368804932,1.6823,1.7478343104331766,0.10964764872351282,0,14.529232919869873,12.45637012879087,26.169774911228224,0.47841181211016715,0.36696396363311984,,,
sample,1779734164.3501482,14.942371845245361,1.6823,0.0,0.10964764872351282,0,14.529232919869873,12.45637012879087,26.169774911228224,0.47841181211016715,0.36696396363311984,,,
sample,1779734164.4018853,14.99410891532898,1.7624,1.683116288100892,0.10576767223660895,0,14.406888705244342,12.57342245643055,26.339095182484222,0.46224241341613975,0.3538794857080844,,,
sample,1779734164.4497175,15.041941165924072,1.7624,0.0,0.10043897855302088,0,14.406888705244342,12.57342245643055,26.339095182484222,0.43755474606234807,0.33592696471546524,,,
sample,1779734164.5011601,15.0933837890625,1.7624,1.8003495485090364,0.09135071808618903,0,14.326306877348332,12.712723230745704,26.500024162819848,0.3990496385635653,0.30535224999648836,,,
sample,1779734164.5495944,15.141818046569824,1.7624,0.4626737627391349,0.08926273399709125,0,14.290772980113097,12.73963953349976,26.544601569728194,0.3882762903798034,0.2983352299005116,,,
sample,1779734164.6005735,15.192797183990479,1.7624,1.6453467323955129,0.08055104825142159,0,14.142298900552946,12.833636703358392,26.72032868841699,0.3445997624422663,0.26908573109443834,,,
sample,1779734164.6501982,15.242421865463257,1.7624,0.0,0.08055104825142159,0,14.142298900552946,12.833636703358392,26.72032868841699,0.3445997624422663,0.26908573109443834,,,
sample,1779734164.7003849,15.292608499526978,1.7624,1.4989894638519006,0.06998254324653067,0,13.984491926794039,12.917639909946885,26.899101112700194,0.30067320583908935,0.2336567177390297,,,
sample,1779734164.7500157,15.342239379882812,1.7624,0.0,0.06998254324653067,0,13.984491926794039,12.917639909946885,26.899101112700194,0.30067320583908935,0.2336567177390297,,,
sample,1779734164.8003345,15.392558097839355,1.7624,0.7564847542732449,0.06510538733473223,0,13.893946531732071,12.958271709814111,26.998345315187684,0.2788464190294994,0.21732510405628613,,,
sample,1779734164.8505163,15.442739963531494,1.7624,0.5836753033600748,0.06219802933513566,0,13.82427509891566,12.98953642198111,27.074710168212995,0.2634468461638725,0.20759453323161767,,,
sample,1779734164.9007118,15.492935419082642,1.7624,1.2094376628551955,0.05293318418987983,0,13.672580554668343,13.046109255164396,27.236610508573307,0.22427431704533415,0.17660892626389954,,,
sample,1779734164.9541576,15.54638123512268,1.7624,0.0,0.05293318418987983,0,13.672580554668343,13.046109255164396,27.236610508573307,0.22427431704533415,0.17660892626389954,,,
sample,1779734165.0007637,15.592987298965454,1.7624,1.2811983869391042,0.04453276578447188,0,13.485527664301559,13.104898516901251,27.43268437498628,0.18775677673586608,0.1485407593216537,,,
sample,1779734165.0505083,15.64273190498352,1.7624,0.0,0.04453276578447188,0,13.485527664301559,13.104898516901251,27.43268437498628,0.18775677673586608,0.1485407593216537,,,
sample,1779734165.1004379,15.69266152381897,1.8425,0.15858529498671667,0.05153907946992187,0,13.491480550579816,13.203646947799355,27.531612073129313,0.21807873406608447,0.17194920675867756,,,
sample,1779734165.1500664,15.742290019989014,1.8425,0.8075738781193936,0.04450009144717416,0,13.363012975060515,13.236914843194855,27.664317275830086,0.190153156199666,0.1484316287413798,,,
sample,1779734165.2005818,15.792805433273315,1.8425,0.5333840277293455,0.041177905662785834,0,13.249257170355893,13.261045115289352,27.780604218929263,0.17339942337474978,0.13733731828272658,,,
sample,1779734165.2501538,15.842377424240112,1.8425,0.3514884787723734,0.03803563773162004,0,13.175694564355686,13.27664946799359,27.855803639305087,0.16156618001737513,0.12684663509329647,,,
sample,1779734165.3017554,15.8939790725708,1.7624,0.7876283175652272,0.03161810703889339,0,13.009629018194348,13.304879242861515,28.02425151198669,0.1324037789243366,0.10542882503505879,,,
sample,1779734165.3498275,15.94205117225647,1.7624,0.0,0.03161810703889339,0,13.009629018194348,13.304879242861515,28.02425151198669,0.1324037789243366,0.10542882503505879,,,
sample,1779734165.400381,15.992604732513428,1.8425,0.7012509668449564,0.02502084691104903,0,12.825368120094334,13.329518608696647,28.21015249885169,0.1060852073136515,0.08342023197474105,,,
sample,1779734165.4495013,16.041724920272827,1.8425,0.0,0.02502084691104903,0,12.825368120094334,13.329518608696647,28.21015249885169,0.1060852073136515,0.08342023197474105,,,
sample,1779734165.5015938,16.093817472457886,1.8425,0.7217898019239788,0.02189947621420356,0,12.643799360246685,13.346880466443194,28.39254945238169,0.09219132322829038,0.07300992595907312,,,
sample,1779734165.5501454,16.142369031906128,1.8425,0.0,0.017928456558103236,0,12.643799360246685,13.346880466443194,28.39254945238169,0.07540561416920186,0.05976792572348545,,,
sample,1779734165.600454,16.19267773628235,1.8425,0.38436656419728366,0.01955722242548808,0,12.532983254676267,13.415327363702982,28.522799930301296,0.08263450698368538,0.06519905418256769,,,
sample,1779734165.6511133,16.24333691596985,1.8425,0.20686958980376108,0.01768598299795058,0,12.458747544932958,13.420197865598473,28.59719524191303,0.07396629358891246,0.05895942417263226,,,
sample,1779734165.7002609,16.292484521865845,1.7624,0.6619326714985958,0.010218362606024546,0,12.320654132614845,13.424754157801162,28.73536379956743,0.04334242345648873,0.03406239423588708,,,
sample,1779734165.750031,16.342254638671875,1.7624,0.0,0.010218362606024546,0,12.320654132614845,13.424754157801162,28.73536379956743,0.04334242345648873,0.03406239423588708,,,
sample,1779734165.8003297,16.392553329467773,1.8425,0.5366496008564948,0.003966257610170858,0,12.134382999351404,13.425869849363375,28.921638274079932,0.01672845575797316,0.01322092802766072,,,
sample,1779734165.8497078,16.44193148612976,1.8425,0.0,0.003966257610170858,0,12.134382999351404,13.425869849363375,28.921638274079932,0.01672845575797316,0.01322092802766072,,,
sample,1779734165.9004583,16.492681980133057,1.8425,0.29921870828674296,0.0001455087740648447,0,12.04134450311961,13.423545832184656,29.01470579170515,0.0006120272209045915,0.0004850292503059588,,,
sample,1779734165.9548075,16.54703116416931,1.8425,0.29030685443180365,-0.0038359375292590873,0,11.944676225004532,13.421131146349488,29.111404223447433,-0.01611449082718316,-0.012786521146325365,,,
sample,1779734166.0058682,16.59809184074402,1.8425,0.2991948718372013,-0.008065579946423667,0,11.79400399614457,13.414660473195779,29.262215330998206,-0.03389797761540457,-0.026885849497526586,,,
sample,1779734166.0555303,16.647753953933716,1.8425,0.053722976631592846,-0.008700091313677168,0,11.767690547821246,13.413530432677126,29.28855303314243,-0.03694313734504793,-0.029001036094116455,,,
sample,1779734166.1087515,16.70097517967224,1.8425,0.1689534786275389,-0.011773623596447395,0,11.581043974984151,13.40383272873765,29.475451370784935,-0.04974512091276366,-0.03924722546499783,,,
sample,1779734166.1526349,16.744858503341675,1.8425,0.0,-0.011773623596447395,0,11.581043974984151,13.40383272873765,29.475451370784935,-0.04974512091276366,-0.03924722546499783,,,
sample,1779734166.2038078,16.79603147506714,1.8425,-0.12023712606625431,-0.005339747673114925,0,11.451966573682554,13.458807558235353,29.615748225365053,-0.02236443064441374,-0.01779932808088946,,,
sample,1779734166.2525275,16.844751119613647,1.8425,0.0,-0.005339747673114925,0,11.451966573682554,13.458807558235353,29.615748225365053,-0.02236443064441374,-0.01779932808088946,,,
sample,1779734166.303694,16.895917654037476,1.8425,0.17530386139777104,-0.008035471095973587,0,11.334605370912472,13.451834635657024,29.73331639097515,-0.03388826754991409,-0.026785480157792564,,,
sample,1779734166.3561392,16.948362827301025,1.8425,0.08802987279223606,-0.009403219423189736,0,11.274199011056602,13.448245639800033,29.793829275572552,-0.03982204259168341,-0.03134498859630417,,,
sample,1779734166.406421,16.998644590377808,1.8425,-0.030987056445155172,-0.010101234823897234,0,11.087095421194128,13.43742155405255,29.98124569473505,-0.04256859886408868,-0.03367192799188768,,,
sample,1779734166.4534578,17.045681476593018,1.8425,0.0,-0.010101234823897234,0,11.087095421194128,13.43742155405255,29.98124569473505,-0.04256859886408868,-0.03367192799188768,,,
sample,1779734166.507331,17.099554538726807,1.9227,0.2185499856348901,-0.014174811762549472,0,10.897745164724148,13.42422900584378,30.17105497520755,-0.059512157965232015,-0.04725253732745585,,,
sample,1779734166.5549867,17.147210359573364,1.9227,0.0,-0.014174811762549472,0,10.897745164724148,13.42422900584378,30.17105497520755,-0.059512157965232015,-0.04725253732745585,,,
sample,1779734166.6062078,17.198431491851807,1.7624,0.08107638778996225,-0.014876249486985696,0,10.71919228662904,13.411043422272682,30.35009404884835,-0.06282089400910879,-0.04959115656450622,,,
sample,1779734166.6571677,17.249391317367554,1.7624,0.0,-0.016181583091365068,0,10.71919228662904,13.411043422272682,30.35009404884835,-0.06871441769298695,-0.05394331862488558,,,
sample,1779734166.7039728,17.296196460723877,1.9227,-0.2124806244772051,-0.013212060580012822,0,10.611555153367846,13.420599702118452,30.458154564029332,-0.05517077591821803,-0.04404276464350036,,,
sample,1779734166.7534723,17.345695972442627,1.9227,0.004431354981593678,-0.013559487736959999,0,10.555006988259978,13.416976391155877,30.514818691653414,-0.056767189169251026,-0.0452010627085483,,,
sample,1779734166.804784,17.397007703781128,1.8425,-0.06908686174507328,-0.013549571269862556,0,10.367697062779886,13.405641134728024,30.702471286150914,-0.05755684707255266,-0.045168001744460645,,,
sample,1779734166.8525436,17.444767236709595,1.8425,0.0,-0.013549571269862556,0,10.367697062779886,13.405641134728024,30.702471286150914,-0.05755684707255266,-0.045168001744460645,,,
sample,1779734166.9050138,17.49723744392395,1.8425,-0.019190235935713833,-0.014408805385491536,0,10.168456720939858,13.393785237373324,30.902064061868415,-0.061193611192784304,-0.04803267541103057,,,
sample,1779734166.952999,17.545222759246826,1.8425,0.0,-0.014408805385491536,0,10.168456720939858,13.393785237373324,30.902064061868415,-0.061193611192784304,-0.04803267541103057,,,
sample,1779734167.0044148,17.596638441085815,1.9227,-0.1574885994972166,-0.013991582424612703,0,9.994850743606545,13.384864809092965,31.075899068143215,-0.058999067375841124,-0.046641651713088615,,,
sample,1779734167.0539558,17.64617943763733,1.9227,0.0,-0.013451156074388267,0,9.994850743606545,13.384864809092965,31.075899068143215,-0.05653574449023587,-0.04483989129489655,,,
sample,1779734167.104666,17.696889638900757,1.8425,-0.18400383339396237,-0.011795009588663781,0,9.834220875252559,13.37832261424772,31.236662107803493,-0.04977250661867678,-0.03931852200622257,,,
sample,1779734167.155497,17.74772071838379,1.8425,-0.025600079034796035,-0.011674630681837363,0,9.811819497105738,13.377410242332456,31.259082057968214,-0.04874000764622285,-0.0389172037215826,,,
sample,1779734167.2076733,17.799896955490112,1.9227,-0.4434758952387112,-0.006377279034662152,0,9.624769967775928,13.374124008546719,31.446160452645415,-0.027001010063539128,-0.021257884966837445,,,
sample,1779734167.253782,17.84600567817688,1.9227,0.0,-0.006377279034662152,0,9.624769967775928,13.374124008546719,31.446160452645415,-0.027001010063539128,-0.021257884966837445,,,
sample,1779734167.3043735,17.896597146987915,1.8425,-0.5706372764068869,0.0027693762999730985,0,9.493447852234354,13.39914464807737,31.579844896141424,0.011639675540339497,0.009231277932848805,,,
sample,1779734167.3532665,17.94549012184143,1.8425,0.0,0.0027693762999730985,0,9.493447852234354,13.39914464807737,31.579844896141424,0.011639675540339497,0.009231277932848805,,,
sample,1779734167.4034824,17.99570608139038,1.8425,-0.06658731723120834,0.0037219934807703635,0,9.386577412515058,13.400948202896506,31.686730553251166,0.01568562715835708,0.01240670222694325,,,
sample,1779734167.4527643,18.04498791694641,1.8425,-0.04521631682899207,0.004328538194131823,0,9.315356690640717,13.4021501299822,31.757961416316423,0.018393871234320028,0.01442855075949587,,,
sample,1779734167.5024698,18.094693422317505,1.8425,0.06429742207327722,0.0038274917710016754,0,9.136769230460668,13.404577357327822,31.93656537026523,0.016129028896601,0.012758368205459992,,,
sample,1779734167.5495803,18.141803979873657,1.8425,0.0018707683734521421,0.0038065794253678404,0,9.131844401298505,13.40464429192672,31.941490654268925,0.01607167233133183,0.012688659371041893,,,
sample,1779734167.6023853,18.19460892677307,1.8425,0.23122678639272862,0.0009401749437787427,0,8.947443226692194,13.40489885754126,32.12589200458893,0.00394533707578995,0.003133917402649278,,,
sample,1779734167.649994,18.242217540740967,1.8425,0.0,0.0009401749437787427,0,8.947443226692194,13.40489885754126,32.12589200458893,0.00394533707578995,0.003133917402649278,,,
sample,1779734167.700707,18.292930603027344,1.8425,0.18662784647061426,0.00016865908026025955,0,8.76239511791902,13.403402901297593,32.31094616002893,0.0007104437258822605,0.0005621969395315952,,,
sample,1779734167.750372,18.34259557723999,1.8425,0.0,-0.00146439044977673,0,8.76239511791902,13.403402901297593,32.31094616002893,-0.00610980799149772,-0.004881304988477163,,,
sample,1779734167.8000576,18.39228129386902,1.9227,0.8535755527424688,-0.015403013117099188,0,8.619050277979063,13.360200525494626,32.4606598481554,-0.0654000564535367,-0.0513474378959226,,,
sample,1779734167.8498173,18.44204092025757,1.9227,0.055903338986021026,-0.01654828891462953,0,8.556803904750412,13.35688113326784,32.52299466462963,-0.06924506444514399,-0.055165998800939,,,
sample,1779734167.9002976,18.492521286010742,1.8425,0.08580605407331979,-0.01837806232897311,0,8.367298767811366,13.345952078996614,32.71281468768713,-0.07810406636269197,-0.061267105638380615,,,
sample,1779734167.950127,18.54235053062439,1.8425,0.0,-0.01837806232897311,0,8.367298767811366,13.345952078996614,32.71281468768713,-0.07810406636269197,-0.061267105638380615,,,
sample,1779734168.000454,18.5926775932312,1.8425,0.5328628159875383,-0.026220997464857242,0,8.189027742407712,13.330865659611767,32.89172292826963,-0.1106060445710304,-0.087423361507899,,,
sample,1779734168.050292,18.642515659332275,1.8425,0.0,-0.026220997464857242,0,8.189027742407712,13.330865659611767,32.89172292826963,-0.1106060445710304,-0.087423361507899,,,
sample,1779734168.10051,18.69273352622986,1.8425,0.020271599910845324,-0.02725679555342946,0,8.097711329044813,13.322949559295035,32.98338181760224,-0.11459859388668395,-0.09087849183346236,,,
sample,1779734168.1509974,18.743221044540405,1.8425,0.02038840200378365,-0.02829670161226425,0,8.005375602733219,13.314945096073336,33.07606384274713,-0.11862876257402515,-0.09434752150981117,,,
sample,1779734168.2001672,18.792390823364258,1.8425,0.09357889756578715,-0.030657753606039038,0,7.85015615771389,13.300639607420456,33.23194111215389,-0.12882152174898986,-0.10222454090272334,,,
sample,1779734168.2499573,18.842180967330933,1.8425,0.016662035478245057,-0.03085396013625154,0,7.822170122007081,13.298060330602445,33.26004575346963,-0.13107090757098194,-0.1028791817166032,,,
sample,1779734168.3010733,18.89329695701599,1.9227,-0.18052621446879685,-0.030216823961734245,0,7.630681729299418,13.28219274446632,33.45219045111063,-0.12788656903650733,-0.1007534129236933,,,
sample,1779734168.3497293,18.94195294380188,1.9227,0.0,-0.030216823961734245,0,7.630681729299418,13.28219274446632,33.45219045111063,-0.12788656903650733,-0.1007534129236933,,,
sample,1779734168.40086,18.993083715438843,1.8425,-0.06792876032091373,-0.030322721281548413,0,7.494963939177605,13.273296195293126,33.5881995211859,-0.12760402059395426,-0.10110672761902746,,,
sample,1779734168.449633,19.04185652732849,1.8425,0.0,-0.030322721281548413,0,7.494963939177605,13.273296195293126,33.5881995211859,-0.12760402059395426,-0.10110672761902746,,,
sample,1779734168.500687,19.092910528182983,1.8425,-0.18928779571894677,-0.028603319206388554,0,7.395105958294697,13.267166399115181,33.688245464367995,-0.1203072919662936,-0.09537040786894954,,,
sample,1779734168.5497344,19.141957998275757,1.8425,-0.16780138209707718,-0.027220962620829767,0,7.310062183277384,13.261945975044418,33.7734493169609,-0.11379121788780411,-0.09075896005933498,,,
sample,1779734168.6002712,19.192494869232178,1.9227,-0.3490189987903666,-0.023589527432329022,0,7.139350562689858,13.25483098945669,33.94430914378843,-0.09932984460009604,-0.07864634664982635,,,
sample,1779734168.6495607,19.24178433418274,1.9227,0.0,-0.023589527432329022,0,7.139350562689858,13.25483098945669,33.94430914378843,-0.09932984460009604,-0.07864634664982635,,,
sample,1779734168.7006695,19.292893171310425,1.8425,-0.02127235466893546,-0.02411574841104564,0,6.936339933913873,13.246199167443343,34.14750319819773,-0.10165337859786001,-0.08040141497327032,,,
sample,1779734168.7497485,19.34197211265564,1.8425,0.0,-0.02411574841104564,0,6.936339933913873,13.246199167443343,34.14750319819773,-0.10165337859786001,-0.08040141497327032,,,
sample,1779734168.8003902,19.392613887786865,1.8425,-0.16420027658096303,-0.022781646194714133,0,6.752441425834483,13.23989499713764,34.33150973024773,-0.09539884184072504,-0.07595196087910439,,,
sample,1779734168.8503258,19.442549467086792,1.8425,0.0,-0.022781646194714133,0,6.752441425834483,13.23989499713764,34.33150973024773,-0.09539884184072504,-0.07595196087910439,,,
sample,1779734168.899799,19.49202275276184,1.9227,0.07967468652621351,-0.02354824970207973,0,6.676953213744287,13.24077978029122,34.407003127348425,-0.09960319434400265,-0.07850867775576241,,,
sample,1779734168.9501867,19.542410373687744,1.9227,0.0,-0.02354824970207973,0,6.676953213744287,13.24077978029122,34.407003127348425,-0.09960319434400265,-0.07850867775576241,,,
sample,1779734169.000269,19.59249258041382,1.8425,-0.22226496846477617,-0.021588225706926454,0,6.425575034941092,13.233545025535816,34.658485394028965,-0.09131878362981571,-0.07197193357943565,,,
sample,1779734169.0498886,19.642112255096436,1.8425,0.0,-0.021588225706926454,0,6.425575034941092,13.233545025535816,34.658485394028965,-0.09131878362981571,-0.07197193357943565,,,
sample,1779734169.1015909,19.693814516067505,1.8425,-0.3171721353876122,-0.017929663594703934,0,6.2552482930500695,13.231594082450979,34.82882330872247,-0.07493644062849497,-0.05977195047244285,,,
sample,1779734169.1496072,19.741830825805664,1.8425,0.0,-0.017929663594703934,0,6.2552482930500695,13.231594082450979,34.82882330872247,-0.07493644062849497,-0.05977195047244285,,,
sample,1779734169.2013445,19.79356813430786,1.9227,0.08960279338310044,-0.01842296444159256,0,6.0379015802038705,13.228265195506179,35.04619551272597,-0.07794158728292411,-0.06141683003493674,,,
sample,1779734169.2497885,19.84201216697693,1.9227,0.0,-0.01931882807032538,0,6.0379015802038705,13.228265195506179,35.04619551272597,-0.08129249354202393,-0.06440410600538914,,,
sample,1779734169.3009467,19.89317035675049,1.8425,-0.03754838618670396,-0.018976525892542832,0,5.918867288788899,13.226783818850466,35.16523902161856,-0.08043929862802741,-0.0632626803011622,,,
sample,1779734169.3530657,19.945289373397827,1.8425,-0.01821987451729901,-0.018810423282921176,0,5.8600226039554695,13.226051499269369,35.22408826311847,-0.0800084095868028,-0.06270880724560744,,,
sample,1779734169.4011757,19.993399381637573,1.8425,-0.008306633774538216,-0.018938882224756794,0,5.690749143206137,13.224012555577064,35.39337400323097,-0.07959322981618291,-0.0631371563012908,,,
sample,1779734169.449773,20.041996717453003,1.8425,0.0,-0.018938882224756794,0,5.690749143206137,13.224012555577064,35.39337400323097,-0.07959322981618291,-0.0631371563012908,,,
sample,1779734169.5006227,20.092846393585205,1.9227,0.08271233769897483,-0.019916287359343216,0,5.501699679369916,13.224416364861106,35.58242389833462,-0.08335864566719578,-0.06639640366264349,,,
sample,1779734169.5499864,20.142210006713867,1.9227,0.0,-0.019916287359343216,0,5.501699679369916,13.224416364861106,35.58242389833462,-0.08335864566719578,-0.06639640366264349,,,
sample,1779734169.6021726,20.194396257400513,1.8425,-0.2029713895746966,-0.01874655359615037,0,5.313333598082964,13.223350528795027,35.77079299501962,-0.07960896097746595,-0.06249583319707414,,,
sample,1779734169.651331,20.24355459213257,1.8425,0.0,-0.017469172311386304,0,5.313333598082964,13.223350528795027,35.77079299501962,-0.07418978995570756,-0.05823649854102828,,,
sample,1779734169.7011518,20.293375492095947,1.8425,-0.1538673147171433,-0.015622926633389362,0,5.142636340721387,13.223772331119983,35.94149077352879,-0.06558446503514322,-0.05208065939041652,,,
sample,1779734169.750687,20.342910528182983,1.8425,-0.009357098877617154,-0.015512689355360296,0,5.132315328251144,13.223797834910282,35.95181181750962,-0.06538195736064233,-0.0517131127264332,,,
sample,1779734169.8012507,20.393474340438843,1.9227,-0.3611147131913921,-0.010802198975368557,0,4.919909012405167,13.228201730831024,36.164263782222925,-0.04573526375646578,-0.036008730518403975,,,
sample,1779734169.8497837,20.442007303237915,1.9227,0.0,-0.010802198975368557,0,4.919909012405167,13.228201730831024,36.164263782222925,-0.04573526375646578,-0.036008730518403975,,,
sample,1779734169.9020221,20.494245767593384,1.8425,-0.13140768307115697,-0.008672710641422799,0,4.732008499699375,13.233388147373793,36.35223585885043,-0.03654663398593991,-0.0289097602996856,,,
sample,1779734169.9513638,20.54358744621277,1.8425,0.0,-0.008672710641422799,0,4.732008499699375,13.233388147373793,36.35223585885043,-0.03654663398593991,-0.0289097602996856,,,
sample,1779734170.0006874,20.59291100502014,1.8425,-0.3031059463224427,-0.0044115736182091725,0,4.685675164488014,13.240979233677388,36.399186924259816,-0.018563889353323138,-0.014705340792512586,,,
sample,1779734170.0500956,20.642319202423096,1.8425,-0.08536390120112175,-0.0031936965694395318,0,4.620989323874474,13.244006335598307,36.46394355574972,-0.01351655330620868,-0.010645691425768112,,,
sample,1779734170.1011934,20.693417072296143,1.8425,0.1667813177657765,-0.004501504107500388,0,4.436811097736585,13.251052873690945,36.64825653055722,-0.01893840641507433,-0.015005115044050662,,,
sample,1779734170.1500542,20.74227786064148,1.8425,0.0,-0.004501504107500388,0,4.436811097736585,13.251052873690945,36.64825653055722,-0.01893840641507433,-0.015005115044050662,,,
sample,1779734170.2010481,20.793271780014038,1.8425,-0.17263275536109848,-0.0015413196434144452,0,4.246718032902532,13.26000219834417,36.83856013984972,-0.00646058312051791,-0.005137736213230959,,,
sample,1779734170.249649,20.841872692108154,1.8425,0.0,-0.0015413196434144452,0,4.246718032902532,13.26000219834417,36.83856013984972,-0.00646058312051791,-0.005137736213230959,,,
sample,1779734170.299947,20.892170667648315,1.9227,-0.044163480424948505,-0.0007578814405125473,0,4.185447513295304,13.263308460837381,36.89991980041441,-0.0031908166227683815,-0.002526271952058807,,,
sample,1779734170.3502882,20.942511796951294,1.9227,-0.09225430155698305,0.0010909935763779375,0,4.057348039639349,13.270220928494968,37.028205642813525,0.004555204524833059,0.0036366466974534057,,,
sample,1779734170.39987,20.992093563079834,1.8425,0.009865960460974935,0.0014640948193961373,0,3.930800644504785,13.276961233967306,37.15493241556973,0.0061769027550268646,0.004880319551762407,,,
sample,1779734170.4510083,21.043231964111328,1.8425,0.0040566855758536954,0.0016603102803893742,0,3.8771332712434514,13.279819724174036,37.20867586092852,0.007015103765838062,0.005534372686705195,,,
sample,1779734170.5004253,21.09264898300171,1.8425,-0.0702998619353813,0.003528052429847115,0,3.688637799830196,13.290516392689264,37.39747459360602,0.014843330264333588,0.011760223559968579,,,
sample,1779734170.5497806,21.142004251480103,1.8425,0.0,0.003528052429847115,0,3.688637799830196,13.290516392689264,37.39747459360602,0.014843330264333588,0.011760223559968579,,,
sample,1779734170.6013315,21.193555116653442,1.9227,0.20389908299414486,0.001574915259775237,0,3.519884562291818,13.297297695521175,37.56636402858578,0.0066750839088142435,0.005249721872981523,,,
sample,1779734170.6507144,21.24293804168701,1.9227,0.0,0.001574915259775237,0,3.519884562291818,13.297297695521175,37.56636402858578,0.0066750839088142435,0.005249721872981523,,,
sample,1779734170.702863,21.29508662223816,1.8425,0.05998369572424768,0.001208087068971936,0,3.430730867801321,13.300857120415476,37.65558874907782,0.005098972583836572,0.0040269588556543865,,,
sample,1779734170.750202,21.34242558479309,1.8425,0.0664184375400026,0.0008312456783075194,0,3.341117866283165,13.304434882955551,37.745273142513284,0.0034944840786503375,0.002770819565875585,,,
sample,1779734170.8004625,21.392686128616333,1.8425,0.29918027191888985,-0.0024385759554968515,0,3.181950769315131,13.307991199184936,37.90447996442226,-0.010288808659871243,-0.00812860263098813,,,
sample,1779734170.850169,21.442392587661743,1.8425,0.050835761903337905,-0.00293438520052375,0,3.1552037542344626,13.308588815436227,37.931233655025785,-0.012269917300126377,-0.009781312076137685,,,
sample,1779734170.9003925,21.492616176605225,1.8425,0.3420590027063312,-0.011583682939252344,0,2.9753082080043374,13.309517109863231,38.111131596325784,-0.04897978636034079,-0.03861400357730661,,,
sample,1779734170.952489,21.54471254348755,1.8425,0.0,-0.011583682939252344,0,2.9753082080043374,13.309517109863231,38.111131596325784,-0.04897978636034079,-0.03861400357730661,,,
sample,1779734171.011784,21.604007720947266,1.8425,0.09721167569492889,-0.011583682939252344,0,2.7406127860258547,13.309375343566323,38.34582706112079,-0.04897978636034079,-0.03861400357730661,,,
sample,1779734171.0592022,21.65142583847046,1.8425,0.0,-0.017571930787810972,0,2.7406127860258547,13.309375343566323,38.34582706112079,-0.07381074139611585,-0.05857913196340513,,,
sample,1779734171.10417,21.696393728256226,1.9227,0.09877857065936538,-0.017898684686987028,0,2.596375647647449,13.31102821755793,38.49007366967719,-0.07540549911428,-0.059668654300694346,,,
sample,1779734171.1555586,21.747782230377197,1.9227,0.0,-0.018477281038556295,0,2.596375647647449,13.31102821755793,38.49007366967719,-0.07745286949454279,-0.06159794700468791,,,
sample,1779734171.2069046,21.79912829399109,1.8425,0.13106564746678276,-0.024465966826640265,0,2.4327684010546404,13.313293724505826,38.65369660101449,-0.10302848932068337,-0.08156949879123386,,,
sample,1779734171.255978,21.848201751708984,1.8425,0.0,-0.024465966826640265,0,2.4327684010546404,13.313293724505826,38.65369660101449,-0.10302848932068337,-0.08156949879123386,,,
sample,1779734171.308025,21.900248527526855,1.8425,0.08731379026140074,-0.025835241716329865,0,2.2294656953261507,13.31004390610297,38.85702527945453,-0.10894624164415141,-0.08613663748573379,,,
sample,1779734171.3532424,21.94546604156494,1.8425,0.0,-0.025835241716329865,0,2.2294656953261507,13.31004390610297,38.85702527945453,-0.10894624164415141,-0.08613663748573379,,,
sample,1779734171.4051688,21.997392416000366,1.8425,-0.2890904774596562,-0.024948677473937347,0,2.047882633709216,13.309806287554698,39.03860849654453,-0.10502615491433431,-0.08317951695198167,,,
sample,1779734171.4543877,22.046611309051514,1.8425,0.0,-0.02231219401374183,0,2.047882633709216,13.309806287554698,39.03860849654453,-0.09336934242402041,-0.07438632446937114,,,
sample,1779734171.503909,22.09613275527954,1.9227,-0.1272380052029595,-0.020732270582074074,0,1.9060444916557884,13.310867196719563,39.180450606192636,-0.08816140744890141,-0.06911747174353712,,,
sample,1779734171.5579205,22.15014410018921,1.9227,-0.04604886247855957,-0.015467993880695485,0,1.8500575478891306,13.311285963215617,39.23643911606484,-0.06472543837359897,-0.05156409205610724,,,
sample,1779734171.6065326,22.198756217956543,1.8425,-0.21863833836978835,-0.0034554331966810173,0,1.6663480548672236,13.31461294758433,39.42017873250984,-0.014669754891519178,-0.01151815649797407,,,
sample,1779734171.6549056,22.247129201889038,1.8425,0.0,-0.0034554331966810173,0,1.6663480548672236,13.31461294758433,39.42017873250984,-0.014669754891519178,-0.01151815649797407,,,
sample,1779734171.705185,22.29740858078003,1.9227,-0.45861133179308433,0.014358976996036521,0,1.4979274253167079,13.347636637876352,39.59180644757561,0.0602741701377217,0.047866546410369984,,,
sample,1779734171.752769,22.344992637634277,1.9227,0.0,0.014358976996036521,0,1.4979274253167079,13.347636637876352,39.59180644757561,0.0602741701377217,0.047866546410369984,,,
sample,1779734171.8038838,22.39610743522644,1.8425,-0.15761185037794623,0.02029065455693543,0,1.313990254024107,13.356697904174588,39.77596667544811,0.08465757782357072,0.06764479880623901,,,
sample,1779734171.8532538,22.44547748565674,1.8425,0.0,0.026167598686250907,0,1.313990254024107,13.356697904174588,39.77596667544811,0.1112911703094412,0.08724524339293199,,,
sample,1779734171.904591,22.496814727783203,1.8425,-0.04165031068231412,0.031988518074287355,0,1.1653229043657585,13.364416722653143,39.924834271026,0.13590548852448722,0.10666477818478108,,,
sample,1779734171.9556644,22.547888040542603,1.8425,-0.010029384955160236,0.05510048052422523,0,1.1297078879446056,13.366265856625716,39.96049725871811,0.23586039853107482,0.1838543705663446,,,
sample,1779734172.008943,22.60116672515869,1.8425,0.5202856556679024,0.1082885350068267,0,0.9165805342117322,13.371199785845025,40.173681715390536,0.47804526097707384,0.36237936120402814,,,
sample,1779734172.0532215,22.645445108413696,1.8425,0.0,0.1082885350068267,0,0.9165805342117322,13.371199785845025,40.173681715390536,0.47804526097707384,0.36237936120402814,,,
sample,1779734172.105838,22.69806170463562,1.8425,0.4459866838778183,0.1307088320727847,0,0.7614862145482466,13.371480319618422,40.328776288767806,0.586145325343429,0.4381944418246176,,,
sample,1779734172.1651595,22.757383108139038,1.8425,0.0,0.1307088320727847,0,0.7614862145482466,13.371480319618422,40.328776288767806,0.586145325343429,0.4381944418246176,,,
sample,1779734172.2127721,22.80499577522278,1.8425,0.21522307312935374,0.13310417373434985,0,0.6696024348464978,13.369560166855068,40.420680129595674,0.6005176328548174,0.44631947004539446,,,
sample,1779734172.2537,22.84592366218567,1.8425,0.5968229646420329,0.14147326308933272,0,0.5743061568062799,13.361016259141229,40.51635864843528,0.6423262249711243,0.47474909563021506,,,
sample,1779734172.3058553,22.89807891845703,1.7624,1.262446769103481,0.14058360919839916,0,0.4421973904568981,13.332689335737227,40.65147023467381,0.6329317633961055,0.47172381034488886,,,
sample,1779734172.3533251,22.94554877281189,1.7624,0.0,0.14058360919839916,0,0.4421973904568981,13.332689335737227,40.65147023467381,0.6329317633961055,0.47172381034488886,,,
sample,1779734172.410329,23.00255274772644,1.7624,1.6332487348248932,0.14035375139815642,0,0.243938863426031,13.296167146512843,40.85306466377886,0.6389778659011087,0.4709422984667641,,,
sample,1779734172.4523618,23.044585466384888,1.7624,0.0,0.14035375139815642,0,0.243938863426031,13.296167146512843,40.85306466377886,0.6389778659011087,0.4709422984667641,,,
sample,1779734172.5009527,23.09317636489868,1.6823,1.7413425051028648,0.1359100972768081,0,0.08244457570862551,13.250157662853193,41.02098511384966,0.6136332399946928,0.4558438347251034,,,
sample,1779734172.5495186,23.14174222946167,1.6823,0.0,0.1359100972768081,0,0.08244457570862551,13.250157662853193,41.02098511384966,0.6136332399946928,0.4558438347251034,,,
sample,1779734172.6008081,23.193031787872314,1.7624,1.2385895131209963,0.1360347240495054,0,-0.03126157916849115,13.20617780996355,41.14290031846801,0.6100313620061785,0.45626703350936126,,,
sample,1779734172.6553197,23.247543334960938,1.7624,0.5134804283080129,0.13482575754505277,0,-0.08136184355228004,13.186799771371774,41.19661758637126,0.6046923729756056,0.45216231777284294,,,
sample,1779734172.702208,23.294431686401367,1.7624,1.8716784503554007,0.1296128461145882,0,-0.2399372870735066,13.108860330440752,41.37331146781766,0.5839809682481575,0.4344785556656875,,,
sample,1779734172.7506156,23.342839241027832,1.7624,0.0,0.1296128461145882,0,-0.2399372870735066,13.108860330440752,41.37331146781766,0.5839809682481575,0.4344785556656875,,,
sample,1779734172.801592,23.393815755844116,1.7624,3.2893195388645458,0.11321817667205791,0,-0.41918419927942363,13.021538796999245,41.57269678758301,0.49850129059006426,0.3790147564761329,,,
sample,1779734172.8507113,23.4429349899292,1.7624,0.0,0.11321817667205791,0,-0.41918419927942363,13.021538796999245,41.57269678758301,0.49850129059006426,0.3790147564761329,,,
sample,1779734172.9008722,23.493095874786377,1.7624,1.988986344715432,0.10234167919771259,0,-0.5495464481633929,12.906213722189367,41.74674904644221,0.4506103290310852,0.34233495084086474,,,
sample,1779734172.9503276,23.542551279067993,1.7624,0.0,0.10234167919771259,0,-0.5495464481633929,12.906213722189367,41.74674904644221,0.4506103290310852,0.34233495084086474,,,
sample,1779734173.0003238,23.59254741668701,1.6823,1.2427292103625696,0.09853409707410779,0,-0.636146393973521,12.815685978367195,41.87202802718459,0.4283613871326477,0.3295140951042646,,,
sample,1779734173.0510051,23.643228769302368,1.6823,0.4176668823874054,0.09713250647078893,0,-0.6656505296529605,12.784843663034355,41.914709901994414,0.4204643012606677,0.3247971216709177,,,
sample,1779734173.1007254,23.692949056625366,1.8425,1.6261556408561968,0.08802093633288306,0,-0.7835805411337873,12.639716044870877,42.10171127407941,0.38374688639863824,0.2941632084397368,,,
sample,1779734173.1499128,23.742136478424072,1.8425,0.0,0.08802093633288306,0,-0.7835805411337873,12.639716044870877,42.10171127407941,0.38374688639863824,0.2941632084397368,,,
sample,1779734173.2074194,23.79964303970337,1.6823,1.3705177093417018,0.0810631472722161,0,-0.8783933186308959,12.502181855236731,42.26875951889221,0.34705110282175033,0.2708039228961279,,,
sample,1779734173.2506943,23.842917919158936,1.6823,0.0,0.0810631472722161,0,-0.8783933186308959,12.502181855236731,42.26875951889221,0.34705110282175033,0.2708039228961279,,,
sample,1779734173.3021235,23.894347190856934,1.8425,1.2119293431061282,0.08546638792276783,0,-1.0812135014635984,12.35591006882702,42.51882243510287,0.37268526284582826,0.28558364750440257,,,
sample,1779734173.3501437,23.94236731529236,1.8425,0.0,0.08547771922950068,0,-1.0812135014635984,12.35591006882702,42.51882243510287,0.3655832187212871,0.2856216958114662,,,
sample,1779734173.4001753,23.992398977279663,1.7624,0.998331537212795,0.0784278998017114,0,-1.1440348476121251,12.234648318858442,42.65539085582067,0.3382914558463806,0.26196366023855233,,,
sample,1779734173.449731,24.04195475578308,1.7624,0.0,0.0784278998017114,0,-1.1440348476121251,12.234648318858442,42.65539085582067,0.3382914558463806,0.26196366023855233,,,
sample,1779734173.5007117,24.09293532371521,1.7624,1.400246233915016,0.07005941362098198,0,-1.2320655279875934,12.042644329416083,42.86661332775287,0.30134255839263974,0.23391421274059945,,,
sample,1779734173.5504332,24.142656803131104,1.7624,0.0,0.07005941362098198,0,-1.2320655279875934,12.042644329416083,42.86661332775287,0.30134255839263974,0.23391421274059945,,,
sample,1779734173.6003969,24.192620515823364,1.7624,1.1862026765525857,0.0631055667639086,0,-1.295505732816877,11.874422940978578,43.04639957616087,0.2678791258665432,0.21063156371189126,,,
sample,1779734173.650494,24.242717742919922,1.7624,0.0,0.0631055667639086,0,-1.295505732816877,11.874422940978578,43.04639957616087,0.2678791258665432,0.21063156371189126,,,
sample,1779734173.701264,24.293487548828125,1.7624,0.771090865583806,0.05673347763551196,0,-1.3266873421946153,11.77215581327086,43.15331476765849,0.2406731525516944,0.18931475072225432,,,
sample,1779734173.750273,24.342496633529663,1.7624,0.5209931012932276,0.052166112534887114,0,-1.3470247702414806,11.705454626487336,43.22304753827527,0.2225197986360081,0.17404494679485982,,,
sample,1779734173.8007774,24.393001079559326,1.7624,1.57534041842184,0.0420800181239689,0,-1.4360271561055375,11.624433286466779,43.34340484893075,0.17793523028061703,0.14034957716591978,,,
sample,1779734173.850243,24.442466735839844,1.7624,0.0,0.0420800181239689,0,-1.4360271561055375,11.624433286466779,43.34340484893075,0.17793523028061703,0.14034957716591978,,,
sample,1779734173.9025455,24.49476909637451,1.7624,1.1708924220498127,0.03059743505068263,0,-1.4654265053799729,11.440564779474174,43.529608902596216,0.12826278446763004,0.10202329032748766,,,
sample,1779734173.9496408,24.5418643951416,1.7624,0.0,0.03059743505068263,0,-1.4654265053799729,11.440564779474174,43.529608902596216,0.12826278446763004,0.10202329032748766,,,
sample,1779734174.002517,24.594740629196167,1.8425,0.8996686270309842,0.021265407373892514,0,-1.486797103110593,11.242676140920684,43.72864813419621,0.08894645468128289,0.0708953782799459,,,
sample,1779734174.0497885,24.642012119293213,1.8425,0.0,0.021265407373892514,0,-1.486797103110593,11.242676140920684,43.72864813419621,0.08894645468128289,0.0708953782799459,,,
sample,1779734174.1006253,24.692848920822144,1.8425,0.47918149604053806,0.016084549356833167,0,-1.4939761978335895,11.13908475971434,43.83248798040796,0.06733073817080579,0.053619788643130856,,,
sample,1779734174.1497526,24.741976261138916,1.8425,0.28547583594309434,0.0130571314286191,0,-1.4981093751006331,11.079444713387591,43.89227107400622,0.054847664791173444,0.0435262450342156,,,
sample,1779734174.2004774,24.79270100593567,1.7624,0.4910639027771771,0.0077426932059363775,0,-1.5059531632446346,10.902429162578434,44.06946032379501,0.03285735353597155,0.025809493108847774,,,
sample,1779734174.2502952,24.84251880645752,1.7624,0.0,0.0077426932059363775,0,-1.5059531632446346,10.902429162578434,44.06946032379501,0.03285735353597155,0.025809493108847774,,,
sample,1779734174.3067958,24.899019479751587,1.8425,0.44016461637128024,0.01607770022751215,0,-1.5095073084038453,10.719368934786141,44.252555050500014,0.06774812992046472,0.025809493108847774,,,
sample,1779734174.350334,24.94255757331848,1.8425,0.0,0.01607770022751215,0,-1.5095073084038453,10.719368934786141,44.252555050500014,0.06774812992046472,0.05359695230703443,,,
sample,1779734174.4000065,24.99223017692566,1.8425,-0.6918336936598011,0.038105645323044626,0,-1.6102955268778125,10.673208906111402,44.3634108723156,0.16023488803523736,0.12708033228243495,,,
sample,1779734174.4505076,25.042731285095215,1.8425,0.2956796096446988,0.039366641799574824,0,-1.6138650012766718,10.581366744629161,44.45532237199444,0.16789850123901495,0.13128996778270144,,,
sample,1779734174.5004287,25.092652320861816,1.8425,0.22304787397310202,0.05094240696582033,0,-1.6178922841945063,10.424496647942654,44.612244155830005,0.21653275623932747,0.16995506709246938,,,
sample,1779734174.5499046,25.142128229141235,1.8425,0.0,0.05094240696582033,0,-1.6178922841945063,10.424496647942654,44.612244155830005,0.21653275623932747,0.16995506709246938,,,
sample,1779734174.6004782,25.192701816558838,1.7624,0.407863167245512,0.06011055137663022,0,-1.619884798374193,10.218786211538168,44.81796424176835,0.2585744679738108,0.20061018295761132,,,
sample,1779734174.6497047,25.241928339004517,1.7624,0.0,0.06011055137663022,0,-1.619884798374193,10.218786211538168,44.81796424176835,0.2585744679738108,0.20061018295761132,,,
sample,1779734174.7006924,25.29291605949402,1.8425,0.0,0.06011055137663022,0,-1.619884798374193,10.218786211538168,44.81796424176835,0.2585744679738108,0.20061018295761132,,,
sample,1779734174.7501316,25.342355251312256,1.8425,0.0,0.06011055137663022,0,-1.619884798374193,10.218786211538168,44.81796424176835,0.2585744679738108,0.20061018295761132,,,
sample,1779734174.8023322,25.394555807113647,1.8425,0.8917242497569211,0.07118960926173082,0,-1.6047847216425748,9.935229299464448,45.101922926618954,0.3033075588564349,0.2377003853265428,,,
sample,1779734174.851801,25.444024562835693,1.8425,0.27770035348482064,0.07240827593687951,0,-1.6001160026918446,9.847557723184506,45.18971872506085,0.3111290877040339,0.2417836213837134,,,
sample,1779734174.9014106,25.49363422393799,1.8425,0.8873925781518044,0.07430220327061664,0,-1.6232813459375952,9.68166613638438,45.35721992415733,0.3213864735586935,0.24813080734836057,,,
sample,1779734174.9502888,25.5425124168396,1.8425,0.0895732718850538,0.07742639047218568,0,-1.6212258188871806,9.661504939896018,45.37748563498368,0.32918743982522625,0.2586049404799128,,,
sample,1779734175.00219,25.59441375732422,1.7624,0.7622768485965017,0.07622748180028092,0,-1.5965506549751682,9.48787311766737,45.55286201139888,0.3282697315832884,0.25458489658068884,,,
sample,1779734175.0496325,25.64185619354248,1.7624,0.0,0.07622748180028092,0,-1.5965506549751682,9.48787311766737,45.55286201139888,0.3282697315832884,0.25458489658068884,,,
sample,1779734175.100022,25.692245721817017,1.8425,0.16990272743074608,0.07805734385727069,0,-1.5885513654665455,9.442868143697913,45.59857236377812,0.33329328445579726,0.26072088107600955,,,
sample,1779734175.1503084,25.7425320148468,1.8425,0.520563885148606,0.07957778822341882,0,-1.5640926058666091,9.305260192650039,45.738337091491374,0.33964329104398605,0.2658206452087326,,,
sample,1779734175.2012906,25.793514251708984,1.7624,0.5026180444333704,0.07721529306565447,0,-1.5414083777312364,9.203156899799742,45.84292990490115,0.3333164597880637,0.25789705880310465,,,
sample,1779734175.2514198,25.84364342689514,1.7624,0.34089426882992907,0.07689067962501835,0,-1.5262805244911999,9.135065377339908,45.91268166025218,0.3315184011695343,0.25680856420141446,,,
sample,1779734175.3003712,25.892594814300537,1.8425,1.0327963171975685,0.07515334397556286,0,-1.477331583647936,8.957630959942875,46.096744071642185,0.31966839091705307,0.25098384562249393,,,
sample,1779734175.3500643,25.942287921905518,1.8425,0.0,0.07515334397556286,0,-1.477331583647936,8.957630959942875,46.096744071642185,0.31966839091705307,0.25098384562249393,,,
sample,1779734175.4031124,25.995336055755615,1.7624,0.9598537944615725,0.06936417530767323,0,-1.4210751027006079,8.787924875378987,46.275531506286185,0.298039599582914,0.2315854527677511,,,
sample,1779734175.4505854,26.042809009552002,1.7624,0.0,0.06936417530767323,0,-1.4210751027006079,8.787924875378987,46.275531506286185,0.298039599582914,0.2315854527677511,,,
sample,1779734175.5005236,26.0927472114563,1.7624,0.547334010093923,0.06866467662475637,0,-1.4239694859592782,8.708799677924599,46.35470962401226,0.2940337918637497,0.2292426493484418,,,
sample,1779734175.550306,26.142529726028442,1.7624,0.5884818247607984,0.06717513822808233,0,-1.385131357744919,8.610628830702597,46.460283841733634,0.283093349393873,0.22425454509797726,,,
sample,1779734175.6005712,26.192794799804688,1.8425,0.6956918284728683,0.06369588524973635,0,-1.3285381612821907,8.484580679601786,46.59845375988444,0.2673336895499146,0.21260722288333425,,,
sample,1779734175.64978,26.242003679275513,1.8425,0.20959936177407243,0.06130000769091804,0,-1.3118459286199493,8.447402622938991,46.63920714659613,0.26103899007666215,0.20458968479135412,,,
sample,1779734175.7012541,26.293477773666382,1.7624,0.9494086105199896,0.04787549264128321,0,-1.232063171103205,8.290679554785584,46.81506904834973,0.20478360291329906,0.1597070136214808,,,
sample,1779734175.7502534,26.342477083206177,1.7624,0.0,0.04787549264128321,0,-1.232063171103205,8.290679554785584,46.81506904834973,0.20478360291329906,0.1597070136214808,,,
sample,1779734175.8004203,26.392643928527832,1.8425,0.9827093487012706,0.03759555924685348,0,-1.1401823409575407,8.130271604974604,46.999927906159726,0.16052052600049727,0.12537760704940676,,,
sample,1779734175.8495772,26.441800832748413,1.8425,0.0,0.03759555924685348,0,-1.1401823409575407,8.130271604974604,46.999927906159726,0.16052052600049727,0.12537760704940676,,,
sample,1779734175.9023175,26.49454116821289,1.7624,0.8827267740617215,0.03538696367327941,0,-1.0445104799749432,7.9799306000121835,47.178128699527726,0.14771523257778846,0.11800580677713494,,,
sample,1779734175.9502537,26.54247736930847,1.7624,0.0,0.030997631667741422,0,-1.0445104799749432,7.9799306000121835,47.178128699527726,0.1303839181413237,0.1033585451417605,,,
sample,1779734176.0005028,26.592726469039917,1.8425,0.5988064601224679,0.030595669089964254,0,-0.9989474604715229,7.830350350056762,47.334494424426104,0.12878364640885753,0.1020173982776442,,,
sample,1779734176.0503056,26.642529249191284,1.8425,0.11244955420663849,0.029272846131790965,0,-0.9816643836647279,7.805218497100824,47.364995486324155,0.1246516732476567,0.09760403431547016,,,
sample,1779734176.1005733,26.6927969455719,1.8425,0.6559834257456765,0.024481183143177508,0,-0.8727991437579554,7.657586769896401,47.54842603813415,0.10297167135496395,0.08162025023816763,,,
sample,1779734176.1498842,26.74210786819458,1.8425,0.0,0.024481183143177508,0,-0.8727991437579554,7.657586769896401,47.54842603813415,0.10297167135496395,0.08162025023816763,,,
sample,1779734176.2006795,26.792903184890747,1.8425,0.7255637049847875,0.017946546213113482,0,-0.7562198267472335,7.511116316646825,47.73562734910665,0.07468671415853559,0.0598282439790772,,,
sample,1779734176.2499273,26.842150926589966,1.8425,0.0,0.017946546213113482,0,-0.7562198267472335,7.511116316646825,47.73562734910665,0.07468671415853559,0.0598282439790772,,,
sample,1779734176.3037055,26.895929098129272,1.8425,0.38545023861065886,0.013452803186323423,0,-0.6790552059017836,7.420244413873806,47.854841783735225,0.05702053101301853,0.044845382661648225,,,
sample,1779734176.3544033,26.946626901626587,1.8425,0.2174816939136879,0.011384176413791965,0,-0.6380106343733807,7.371908813019116,47.918253037956646,0.048106378403150726,0.0379488941123588,,,
sample,1779734176.405651,26.99787473678589,1.7624,0.6602252845756595,0.004298861606694609,0,-0.5191514484288979,7.241335037903932,48.09482318501219,0.01791142065783768,0.014329626960601253,,,
sample,1779734176.453072,27.04529571533203,1.7624,0.0,0.004298861606694609,0,-0.5191514484288979,7.241335037903932,48.09482318501219,0.01791142065783768,0.014329626960601253,,,
sample,1779734176.5045652,27.09678888320923,1.9227,0.5013802799204181,-0.0016063601798787716,0,-0.3865368445470019,7.10270592972532,48.28666859881494,-0.00682508555770906,-0.005354538538534669,,,
sample,1779734176.5536892,27.145912885665894,1.9227,0.0,-0.0016063601798787716,0,-0.3865368445470019,7.10270592972532,48.28666859881494,-0.00682508555770906,-0.005354538538534669,,,
sample,1779734176.6036863,27.19590997695923,1.8425,0.12305286848813289,-0.0030238708218937784,0,-0.3403844442623223,7.0562015626695525,48.35218730001769,-0.012822014670742125,-0.010079600128262894,,,
sample,1779734176.651832,27.24405574798584,1.8425,0.11631723086909812,-0.004149362106762685,0,-0.282587566655365,6.946235928528591,48.476416603135505,-0.017203858158205982,-0.013831286401335309,,,
sample,1779734176.704424,27.296647548675537,1.8425,0.11267791225214949,-0.005554338218603724,0,-0.2258152255647461,6.839038388455633,48.5977195763497,-0.023117512656774915,-0.018514651125553488,,,
sample,1779734176.7538526,27.346076250076294,1.8425,0.12143290673093447,-0.010264460736692653,0,-0.18241194236629887,6.795803221746029,48.65898232712708,-0.04314071180284377,-0.034216070789508966,,,
sample,1779734176.8055017,27.397725343704224,1.8425,0.17421865537786674,0.00372808438279904,0,-0.05482848686393016,6.6709808604607534,48.83747087016208,0.015682247341324326,0.012427005515430968,,,
sample,1779734176.8531265,27.445350170135498,1.8425,0.0,0.00372808438279904,0,-0.05482848686393016,6.6709808604607534,48.83747087016208,0.015682247341324326,0.012427005515430968,,,
sample,1779734176.9084613,27.50068497657776,1.8425,0.06244051262173645,0.018979594401111518,0,0.07971369835442177,6.54025712470213,49.025061634044576,0.07993689404982127,0.06327291234785858,,,
sample,1779734176.9551826,27.54740619659424,1.8425,0.0,0.018979594401111518,0,0.07971369835442177,6.54025712470213,49.025061634044576,0.07993689404982127,0.06327291234785858,,,
sample,1779734177.0053818,27.59760546684265,1.9227,0.12266990677758804,0.024793763783170816,0,0.2154127986988137,6.4100241616772236,49.21314371849848,0.10432912957680227,0.08266281842948273,,,
sample,1779734177.0541728,27.64639639854431,1.9227,0.0,0.03348277244754185,0,0.2154127986988137,6.4100241616772236,49.21314371849848,0.14077815384281894,0.11165096843049065,,,
sample,1779734177.107744,27.699967622756958,1.7624,0.24007989901689356,0.03985684564283966,0,0.3262426030268599,6.306798744914191,49.36459909870432,0.1695788806892639,0.13292654722446026,,,
sample,1779734177.1526854,27.744909048080444,1.7624,-0.3157301894283163,0.046801975191079655,0,0.28944585832778735,6.287195725915373,49.40629176921505,0.19795346802886837,0.15612059076171625,,,
sample,1779734177.2051978,27.7974214553833,1.8425,0.36540239148091,0.054830824545279995,0,0.42454272054257847,6.16209834088084,49.59041270209005,0.23336254640793258,0.18295279618249216,,,
sample,1779734177.2522788,27.844502449035645,1.8425,0.0,0.054830824545279995,0,0.42454272054257847,6.16209834088084,49.59041270209005,0.23336254640793258,0.18295279618249216,,,
sample,1779734177.3056593,27.89788293838501,1.8425,0.3944349966125009,0.062182557555848894,0,0.5702703465399822,6.032748093219148,49.78526656412255,0.2667644546963229,0.20754276065470292,,,
sample,1779734177.3526978,27.944921493530273,1.8425,0.0,0.062182557555848894,0,0.5702703465399822,6.032748093219148,49.78526656412255,0.2667644546963229,0.20754276065470292,,,
sample,1779734177.4038432,27.99606680870056,1.8425,0.31451052339302704,0.06440084678646016,0,0.6447440321587455,5.970377707261251,49.88240767228063,0.27698357324493234,0.21496676082321114,,,
sample,1779734177.4535897,28.04581332206726,1.8425,0.25456219602572683,0.06743428752683348,0,0.7033738254147941,5.921276299111123,49.958882510885054,0.2883848988618106,0.22512230103555944,,,
sample,1779734177.5004857,28.09270930290222,1.8425,0.6445197305010484,0.07188626891547448,0,0.8395585848454261,5.814487661140705,50.13194348829116,0.3057576470655252,0.24003450919564945,,,
sample,1779734177.5497878,28.142011404037476,1.8425,0.0,0.07188626891547448,0,0.8395585848454261,5.814487661140705,50.13194348829116,0.3057576470655252,0.24003450919564945,,,
sample,1779734177.6024847,28.194708347320557,1.7624,0.6353199758431894,0.07243254852649127,0,0.992352245967212,5.701829409994783,50.32177969250483,0.31319444874683877,0.24186495584668896,,,
sample,1779734177.6504626,28.24268627166748,1.7624,0.0,0.07243254852649127,0,0.992352245967212,5.701829409994783,50.32177969250483,0.31319444874683877,0.24186495584668896,,,
sample,1779734177.7005053,28.292728900909424,1.8425,1.1301137994618613,0.07032248182046102,0,1.1514424502948126,5.590624067301465,50.51588358570777,0.3029393359325836,0.23479544122796006,,,
sample,1779734177.749798,28.342021703720093,1.8425,0.0,0.07032248182046102,0,1.1514424502948126,5.590624067301465,50.51588358570777,0.3029393359325836,0.23479544122796006,,,
sample,1779734177.7996132,28.391836881637573,1.7624,0.4620167637724549,0.0698390808960438,0,1.233712913258705,5.541453687934385,50.61172801842765,0.30026479542075957,0.23317616501537036,,,
sample,1779734177.8505878,28.442811489105225,1.7624,0.2982865227531606,0.0687679521786701,0,1.2880644769598317,5.508969526424909,50.67504715633817,0.29695856509508745,0.22958853185972802,,,
sample,1779734177.9025583,28.494781970977783,1.8425,0.7058575572681404,0.06932982915136568,0,1.4479663093478141,5.421372077912745,50.857370794374695,0.2971020106428928,0.231470413240442,,,
sample,1779734177.949456,28.541679620742798,1.8425,0.0,0.06932982915136568,0,1.4479663093478141,5.421372077912745,50.857370794374695,0.2971020106428928,0.231470413240442,,,
sample,1779734178.0008473,28.59307098388672,1.8425,0.7055222836962532,0.06936394774787476,0,1.6182480347687478,5.335613337133842,51.04802867549245,0.29568696801509675,0.23158469057376763,,,
sample,1779734178.0496957,28.641919374465942,1.8425,0.0,0.06936394774787476,0,1.6182480347687478,5.335613337133842,51.04802867549245,0.29568696801509675,0.23158469057376763,,,
sample,1779734178.1026077,28.694831371307373,1.7624,0.8002533183020789,0.06810883432024491,0,1.7754995527859987,5.264743439100977,51.220512246785255,0.2906965847968178,0.22738114941476678,,,
sample,1779734178.1500876,28.742311239242554,1.7624,0.0,0.06535235847329691,0,1.7754995527859987,5.264743439100977,51.220512246785255,0.2800926017281398,0.21815185386283775,,,
sample,1779734178.200163,28.792386531829834,1.8425,0.9606667316554124,0.06044055254229996,0,1.8555035460116882,5.201742582676204,51.3223442007207,0.2572918022698677,0.20171419302359955,,,
sample,1779734178.2503672,28.842590808868408,1.8425,0.2024068302299321,0.059750415513672196,0,1.89326865071319,5.187305177411188,51.36277490444821,0.2532270951130457,0.1994054081009478,,,
sample,1779734178.3011498,28.893373489379883,1.7624,0.7393902344675757,0.05549820042602969,0,2.057477874147843,5.13149894568979,51.53620790176981,0.23665784708768192,0.18518416598357365,,,
sample,1779734178.3500025,28.94222617149353,1.7624,0.0,0.05549820042602969,0,2.057477874147843,5.13149894568979,51.53620790176981,0.23665784708768192,0.18518416598357365,,,
sample,1779734178.3996577,28.991881370544434,1.8425,0.11389445015447014,0.05555220723480633,0,2.0834963872749466,5.123985970938534,51.56328940495848,0.2347303472597124,0.185364744840962,,,
sample,1779734178.451608,29.04383158683777,1.8425,0.7861086902137312,0.051144093288102675,0,2.2713783733174076,5.069734115328748,51.75884733631481,0.21509313808616407,0.17062910947009527,,,
sample,1779734178.4996152,29.091838836669922,1.8425,0.3601716654269752,0.04815757852539927,0,2.323334702278579,5.057251794743052,51.81228204831296,0.20254967433470614,0.16064947115720002,,,
sample,1779734178.550093,29.142316579818726,1.8425,0.555488272512636,0.042648297456943936,0,2.4075899404007757,5.037009777758915,51.898934713607304,0.18157997002062648,0.14224724541012124,,,
sample,1779734178.5998902,29.192113876342773,1.7624,0.7663131663506487,0.036398204150455866,0,2.5604553794324545,5.007273400641328,52.054665553759236,0.15497272526109532,0.12138095491688426,,,
sample,1779734178.6501281,29.242351770401,1.7624,0.0,0.036398204150455866,0,2.5604553794324545,5.007273400641328,52.054665553759236,0.15497272526109532,0.12138095491688426,,,
sample,1779734178.700739,29.292962551116943,1.8425,0.9251855647590821,0.03356357695525445,0,2.768817548236593,4.974676940728282,52.26556202738463,0.14062347852936694,0.11192061971116296,,,
sample,1779734178.749806,29.342029571533203,1.8425,0.0,0.03356357695525445,0,2.768817548236593,4.974676940728282,52.26556202738463,0.14062347852936694,0.11192061971116296,,,
sample,1779734178.8006532,29.392876863479614,1.8425,0.7290435546577149,0.03655777538974407,0,2.9393660101319012,4.8934898353830185,52.454448564568196,0.1543862569365998,0.12191356745221844,,,
sample,1779734178.8502169,29.442440509796143,1.8425,0.0,0.03655777538974407,0,2.9393660101319012,4.8934898353830185,52.454448564568196,0.1543862569365998,0.12191356745221844,,,
sample,1779734178.9003804,29.49260401725769,1.8425,0.4732725313860253,0.03622414236422148,0,3.042774784127334,4.885997779642731,52.558128386319844,0.152990354511715,0.12079998328604982,,,
sample,1779734178.949616,29.541839599609375,1.8425,0.35864004742984973,0.0370025329736116,0,3.119687129980749,4.880425413198513,52.63524232936819,0.1577094069358283,0.12339810009659326,,,
sample,1779734179.000605,29.59282875061035,1.7624,0.6314809473499736,0.03944586672475078,0,3.299882845136378,4.873191028695891,52.81558320681859,0.1661929182503471,0.1315544613738418,,,
sample,1779734179.0500455,29.642269134521484,1.7624,0.0,0.03944586672475078,0,3.299882845136378,4.873191028695891,52.81558320681859,0.1661929182503471,0.1315544613738418,,,
sample,1779734179.100544,29.69276762008667,1.8425,0.564573122548956,0.03749975749090263,0,3.4805076952413634,4.871092843813611,52.99622024304109,0.15935878200522194,0.12505781722627674,,,
sample,1779734179.1504807,29.742704391479492,1.8425,0.0,0.03749975749090263,0,3.4805076952413634,4.871092843813611,52.99622024304109,0.15935878200522194,0.12505781722627674,,,
sample,1779734179.2004118,29.792635440826416,1.8425,0.5211944591918967,0.039555196249504945,0,3.663660455765122,4.8737319006702124,53.17939201572609,0.16601086300086926,0.13191946233532473,,,
sample,1779734179.2518556,29.84407925605774,1.8425,0.0,0.04036901341787989,0,3.663660455765122,4.8737319006702124,53.17939201572609,0.16601086300086926,0.13191946233532473,,,
sample,1779734179.3005548,29.892778396606445,1.8425,0.0995595068479055,0.04101059559080534,0,3.798724215754856,4.806474874321978,53.33027517202848,0.17395567661091768,0.13677867517088144,,,
sample,1779734179.350258,29.942481756210327,1.8425,0.12066694782672495,0.04857192341538283,0,3.8515849819001953,4.8078101074515995,53.38315279910253,0.20549908008077175,0.1620338565701648,,,
sample,1779734179.4000332,29.99225687980652,1.7624,0.8628146380762984,0.0421875280028492,0,4.030034465506382,4.819999404548689,53.562018103628134,0.17945319705023716,0.14070858037433462,,,
sample,1779734179.4497235,30.04194712638855,1.7624,0.0,0.0421875280028492,0,4.030034465506382,4.819999404548689,53.562018103628134,0.17945319705023716,0.14070858037433462,,,
sample,1779734179.5009556,30.09317922592163,1.8425,0.4455405030341771,0.04437281497502197,0,4.217012678592299,4.83706658779629,53.74977363860064,0.18636077922751376,0.14800653499655264,,,
sample,1779734179.5509317,30.143155336380005,1.8425,0.0,0.04437281497502197,0,4.217012678592299,4.83706658779629,53.74977363860064,0.18636077922751376,0.14800653499655264,,,
sample,1779734179.6002796,30.192503213882446,1.8425,0.7139122824006809,0.04477684224894212,0,4.391044639373435,4.8591568100352,53.925201975228134,0.18896510944885253,0.14935597203656548,,,
sample,1779734179.6502335,30.242457151412964,1.8425,0.0,0.04346320237188441,0,4.391044639373435,4.8591568100352,53.925201975228134,0.18252756525931843,0.14496863707043436,,,
sample,1779734179.7005622,30.29278588294983,1.8425,0.5181072631534024,0.040372715843273836,0,4.537742666361856,4.882752463179553,54.073785507187786,0.17181963283682583,0.13464888468913683,,,
sample,1779734179.7497137,30.34193730354309,1.8425,0.0,0.040372715843273836,0,4.537742666361856,4.882752463179553,54.073785507187786,0.17181963283682583,0.13464888468913683,,,
sample,1779734179.8064373,30.398660898208618,1.8425,0.7187580646231616,0.03561320958937292,0,4.756732281931144,4.924178671811664,54.29665897462798,0.14854626030171073,0.11876091105912846,,,
sample,1779734179.852027,30.44425058364868,1.8425,0.0,0.03561320958937292,0,4.756732281931144,4.924178671811664,54.29665897462798,0.14854626030171073,0.11876091105912846,,,
sample,1779734179.9011912,30.493414878845215,1.7624,0.1601069868627613,0.0336366868831075,0,4.80186577250357,4.934521037831404,54.34296228451116,0.14277269279045696,0.11216459480743064,,,
sample,1779734179.950333,30.542556762695312,1.7624,0.6073097846109489,0.03158835375564701,0,4.870526283648319,4.922055158445097,54.412745261945005,0.13138796773714195,0.10532954830319345,,,
sample,1779734179.9997528,30.591976404190063,1.9227,0.40962482681181867,0.02820176170133179,0,4.92374422341889,4.919402352956785,54.46602927915826,0.11946275246928621,0.09403080245917507,,,
sample,1779734180.0509791,30.643202781677246,1.9227,0.22649542494015165,0.027533208364526322,0,4.994009057440705,4.938294960369602,54.53878969088723,0.11486003096254029,0.09180055970238565,,,
sample,1779734180.100736,30.692959547042847,1.7624,0.4553778712112742,0.02264230406291653,0,5.158359493341865,4.986614720850593,54.71009603937975,0.09484581422907637,0.07548724743199789,,,
sample,1779734180.1497238,30.741947412490845,1.7624,0.0,0.02264230406291653,0,5.158359493341865,4.986614720850593,54.71009603937975,0.09484581422907637,0.07548724743199789,,,
sample,1779734180.200366,30.79258966445923,1.8425,0.5447637002220855,0.016210279433076784,0,5.336252750822358,5.044036655123936,54.89702728233478,0.0686072241014575,0.05403899819260434,,,
sample,1779734180.2497637,30.841987371444702,1.8425,0.0,0.016210279433076784,0,5.336252750822358,5.044036655123936,54.89702728233478,0.0686072241014575,0.05403899819260434,,,
sample,1779734180.3014414,30.893665075302124,1.8425,0.2082160324117856,0.016450723736726746,0,5.394686714642233,5.065087661595221,54.959137450593744,0.06954170957143567,0.054840692989833316,,,
sample,1779734180.3500981,30.94232177734375,1.8425,0.45437075886027994,0.01243919653531717,0,5.514747454502753,5.108339894483995,55.08675146591228,0.052891857748718886,0.041466127207644504,,,
sample,1779734180.4016068,30.99383044242859,1.8425,0.5591111066237505,0.008511423090090769,0,5.636237179107507,5.1140241226219825,55.20837409388119,0.03557174766179988,0.02837209543602701,,,
sample,1779734180.4498084,31.04203200340271,1.8425,0.21798584734888105,0.008540562355923305,0,5.690215900683134,5.135902881198222,55.266618256333544,0.035587775767319745,0.02846923338317651,,,
sample,1779734180.5005355,31.092759132385254,1.8425,0.6138585162148295,-0.0003084641089371826,0,5.858816044556254,5.210432979145075,55.45095692296104,-0.0012984943657880243,-0.0010282137290688245,,,
sample,1779734180.5501027,31.14232635498047,1.8425,0.0,-0.0003084641089371826,0,5.858816044556254,5.210432979145075,55.45095692296104,-0.0012984943657880243,-0.0010282137290688245,,,
sample,1779734180.6012986,31.193522214889526,1.8425,0.2640771545077417,-0.002820620431140694,0,6.026271169981607,5.287179689487685,55.63516136530604,-0.011695886790390943,-0.009402093037851672,,,
sample,1779734180.6502411,31.242464780807495,1.8425,0.0,-0.002820620431140694,0,6.026271169981607,5.287179689487685,55.63516136530604,-0.011695886790390943,-0.009402093037851672,,,
sample,1779734180.7000098,31.29223346710205,1.8425,0.05345915375161868,-0.005423104049585541,0,6.091157890993448,5.317456286833433,55.70676415093973,-0.022713093294195862,-0.01807719071603893,,,
sample,1779734180.7504547,31.34267830848694,1.8425,0.08272058471581903,-0.0061399718810726525,0,6.192925114902053,5.3649415844910715,55.81906473578103,-0.025722319543091402,-0.020466830132302608,,,
sample,1779734180.8005254,31.392749071121216,1.8425,0.164438188748072,-0.007946726770895139,0,6.315830787257318,5.42396460208616,55.95540812910513,-0.03361392440992761,-0.026489646849848898,,,
sample,1779734180.8507519,31.442975521087646,1.8425,0.05764628823326817,-0.0064693537642192,0,6.359051195844268,5.444720348241802,56.00335398103103,-0.027171767140648853,-0.02156481339562837,,,
sample,1779734180.9044447,31.496668338775635,1.8425,0.0,-0.010299099261918946,0,6.533248042624068,5.528374937614808,56.19659639809103,-0.04309657577574764,-0.03433154474717409,,,
sample,1779734180.9504256,31.542649269104004,1.8425,0.0,-0.010299099261918946,0,6.533248042624068,5.528374937614808,56.19659639809103,-0.04309657577574764,-0.03433154474717409,,,
sample,1779734180.999774,31.591997623443604,1.8425,-0.12533938632710914,-0.005669762776860458,0,6.558836257672293,5.502683806412229,56.23285644458607,-0.023840798567215903,-0.01889941177145509,,,
sample,1779734181.0508187,31.64304232597351,1.8425,0.5354149237186836,-0.010187623056829208,0,6.711157714635753,5.579838029480747,56.40360362725325,-0.04272798954904477,-0.033959918404421766,,,
sample,1779734181.10024,31.692463636398315,1.8425,0.1981507335226484,-0.014724540051470721,0,6.7807308969731785,5.616911477209937,56.48243806279436,-0.06257952482611645,-0.049085347654948285,,,
sample,1779734181.1505034,31.742727041244507,1.8425,0.2178849029512427,-0.017564197364576574,0,6.8585365176511,5.658371742707789,56.57060079995825,-0.07398115601143258,-0.05855334592825443,,,
sample,1779734181.201846,31.794069528579712,1.9227,-0.11951856936170878,-0.018447636003068167,0,7.006926125052971,5.736149118972865,56.73813824605183,-0.07800200455831875,-0.06149909652914062,,,
sample,1779734181.2526817,31.844905376434326,1.9227,0.0,-0.018447636003068167,0,7.006926125052971,5.736149118972865,56.73813824605183,-0.07800200455831875,-0.06149909652914062,,,
sample,1779734181.3050146,31.89723825454712,1.8425,-0.10577325934265128,-0.01744398611291861,0,7.191297522856903,5.831751196733631,56.94582206728101,-0.0732888656168518,-0.05815251895745122,,,
sample,1779734181.3527417,31.944965362548828,1.8425,0.0,-0.01744398611291861,0,7.191297522856903,5.831751196733631,56.94582206728101,-0.0732888656168518,-0.05815251895745122,,,
sample,1779734181.4106648,32.002888441085815,1.9227,-0.2244648909700516,-0.012312134569257258,0,7.367916213361944,5.920342266958363,57.14341391822451,-0.052103854152002,-0.04104252244544413,,,
sample,1779734181.4523137,32.04453730583191,1.9227,0.0,-0.012312134569257258,0,7.367916213361944,5.920342266958363,57.14341391822451,-0.052103854152002,-0.04104252244544413,,,
sample,1779734181.5054317,32.097655296325684,1.8425,-0.5408311433641403,-0.0015989989816125242,0,7.45782070287067,5.918680596406527,57.233333762435045,-0.006684335146493257,-0.005330001147954158,,,
sample,1779734181.5536525,32.14587616920471,1.8425,-0.012167175745084153,-0.0034054058825194826,0,7.524301497946128,5.949622521034138,57.30666246632053,-0.014390333288506568,-0.01135139682168432,,,
sample,1779734181.6075954,32.19981908798218,1.8425,0.0,-0.0028269610092960602,0,7.683350071904297,6.02364794419517,57.48209396905678,-0.01172635789279933,-0.00942322846689874,,,
sample,1779734181.6549175,32.24714112281799,1.8425,0.0,-0.0028269610092960602,0,7.683350071904297,6.02364794419517,57.48209396905678,-0.01172635789279933,-0.00942322846689874,,,
sample,1779734181.7044015,32.2966251373291,1.8425,0.014683178138443186,-0.00466967480511831,0,7.856910180092099,6.104575058222429,57.673594122944294,-0.01962728613702755,-0.015565695825034621,,,
sample,1779734181.7529922,32.345215797424316,1.8425,0.0,-0.00466967480511831,0,7.856910180092099,6.104575058222429,57.673594122944294,-0.01962728613702755,-0.015565695825034621,,,
sample,1779734181.8034403,32.39566397666931,1.9227,0.2616111240861289,-0.0038774489992411897,0,8.032211133333469,6.189154059018701,57.8682323298386,-0.016407660689198942,-0.01292489477112281,,,
sample,1779734181.853639,32.44586253166199,1.9227,0.0,-0.005512724758747896,0,8.032211133333469,6.189154059018701,57.8682323298386,-0.023323179738273216,-0.018375935345250935,,,
sample,1779734181.9043605,32.49658417701721,1.8425,0.012264182308044606,-0.007530118515751005,0,8.160397993264649,6.251127086272783,58.010613954938364,-0.031675739049156916,-0.025100869483194135,,,
sample,1779734181.9551363,32.54735994338989,1.8425,0.0033935060676836184,-0.009579036429819603,0,8.195905215261213,6.268293354622685,58.050053067288594,-0.04020001539887233,-0.03193109808262227,,,
sample,1779734182.0045555,32.596779108047485,1.8425,0.020676898494198088,-0.007556431942349526,0,8.366593430780506,6.351029311641505,58.239736238658594,-0.03185596661488388,-0.025188585896251336,,,
sample,1779734182.0527048,32.64492845535278,1.8425,0.0,-0.007556431942349526,0,8.366593430780506,6.351029311641505,58.239736238658594,-0.03185596661488388,-0.025188585896251336,,,
sample,1779734182.1091309,32.70135450363159,1.9227,0.021469878332997936,-0.00970080234557684,0,8.49893877758925,6.414826509981613,58.38665585388397,-0.04073336306619434,-0.03233702218954691,,,
sample,1779734182.1527493,32.744972944259644,1.9227,0.0,-0.00970080234557684,0,8.49893877758925,6.414826509981613,58.38665585388397,-0.04073336306619434,-0.03233702218954691,,,
sample,1779734182.20351,32.79573369026184,1.8425,-0.19072007299398877,-0.006427556603465996,0,8.664027734299413,6.493128649947044,58.56937309103147,-0.02718578183864363,-0.021425483732824987,,,
sample,1779734182.25388,32.84610366821289,1.8425,0.0,-0.009158937154610636,0,8.664027734299413,6.493128649947044,58.56937309103147,-0.03883421502387486,-0.030530644219337707,,,
sample,1779734182.3056436,32.89786720275879,1.8425,-0.3328583836345869,-0.0023599227446119697,0,8.802565618909705,6.555370872003806,58.72125080394176,-0.009904524871084383,-0.007866423752033764,,,
sample,1779734182.3528676,32.945091247558594,1.8425,0.0,-0.0023599227446119697,0,8.802565618909705,6.555370872003806,58.72125080394176,-0.009904524871084383,-0.007866423752033764,,,
sample,1779734182.4064333,32.99865698814392,1.9227,-0.10661195295831585,-0.0001041015778008308,0,9.016682249482532,6.651049606376795,58.955772341756685,-0.0004387980745695312,-0.0003470052605896175,,,
sample,1779734182.4529474,33.04517102241516,1.9227,0.0,-0.0001041015778008308,0,9.016682249482532,6.651049606376795,58.955772341756685,-0.0004387980745695312,-0.0003470052605896175,,,
sample,1779734182.5006433,33.09286689758301,1.8425,0.25439198039605926,-0.0023737652510232403,0,9.182004784285988,6.727284995466331,59.137825562171685,-0.009917186324065224,-0.007912565698556487,,,
sample,1779734182.5509293,33.143152952194214,1.8425,0.0,-0.0003992482991349531,0,9.182004784285988,6.727284995466331,59.137825562171685,-0.001685599316838327,-0.0013308277344941386,,,
sample,1779734182.608749,33.20097255706787,1.9227,-0.01588322097654844,0.0043509865875374625,0,9.288842695391619,6.776358528666516,59.255394907284106,0.018260430910326766,0.014503380146811044,,,
sample,1779734182.6520426,33.24426627159119,1.9227,0.0,0.0043509865875374625,0,9.288842695391619,6.776358528666516,59.255394907284106,0.018260430910326766,0.014503380146811044,,,
sample,1779734182.7010684,33.29329204559326,1.8425,0.13394220833798032,-0.006894910278640374,0,9.514681719413012,6.880895857007815,59.504254943826076,-0.02918278398388971,-0.02298339847191727,,,
sample,1779734182.750364,33.34258770942688,1.8425,0.0,-0.006894910278640374,0,9.514681719413012,6.880895857007815,59.504254943826076,-0.02918278398388971,-0.02298339847191727,,,
sample,1779734182.8016431,33.393866777420044,1.8425,0.17884496428427826,-0.00671508213730854,0,9.678256839000136,6.959211077139009,59.68561120495907,-0.02846276402985811,-0.022383943573415898,,,
sample,1779734182.8497026,33.44192624092102,1.8425,0.0,-0.00671508213730854,0,9.678256839000136,6.959211077139009,59.68561120495907,-0.02846276402985811,-0.022383943573415898,,,
sample,1779734182.9005718,33.49279546737671,1.8425,0.04926167333211694,-0.011341634146161803,0,9.739051016937976,6.988862403856526,59.753250936236235,-0.04763647657892659,-0.03780706824242368,,,
sample,1779734182.9498048,33.54202842712402,1.8425,0.08914230762864284,-0.012283812152944702,0,9.845523532340023,7.040792563087393,59.87171248262907,-0.051732150246535685,-0.040948100111334686,,,
sample,1779734183.0001776,33.59240126609802,1.9227,0.024317492029786517,-0.012491281230880572,0,9.967821025553329,7.100698921691046,60.00789415778182,-0.053110489847829616,-0.041639769839135046,,,
sample,1779734183.0505114,33.64273500442505,1.9227,0.009472059694908028,-0.010489869052342707,0,10.015420916566667,7.12401531244949,60.060897966158976,-0.044371926220178055,-0.034967512761396556,,,
sample,1779734183.1004815,33.692705154418945,1.8425,-0.026987023360419943,-0.009975121182572166,0,10.18616429124998,7.20736714745002,60.25090014613647,-0.0416487987027775,-0.03325150682459003,,,
sample,1779734183.1497505,33.741974115371704,1.8425,0.0,-0.009975121182572166,0,10.18616429124998,7.20736714745002,60.25090014613647,-0.0416487987027775,-0.03325150682459003,,,
sample,1779734183.201646,33.793869733810425,1.8425,0.16125519139158984,-0.0590887633404916,0,10.355744066898563,7.263675324710524,60.42958397622589,-0.25258399293175826,-0.1971920954527006,,,
sample,1779734183.2503471,33.842570781707764,1.8425,0.0,-0.0590887633404916,0,10.355744066898563,7.263675324710524,60.42958397622589,-0.25258399293175826,-0.1971920954527006,,,
sample,1779734183.2998002,33.89202380180359,1.8425,0.046873463607028695,-0.07197830498124244,0,10.411595903738696,7.292042645658356,60.49222687347829,-0.30704523054108623,-0.24034288896682196,,,
sample,1779734183.3524084,33.944632053375244,1.8425,0.09740888345094345,-0.13223365838201823,0,10.535068343367334,7.354754680236251,60.630712405678395,-0.5881958848332277,-0.4433660734246862,,,
sample,1779734183.4019172,33.99414086341858,1.8425,0.18852333304727373,-0.15413702350199102,0,10.632748853894592,7.405948471731531,60.74099516237466,-0.7193818791169181,-0.5178980347743061,,,
sample,1779734183.4500067,34.04223036766052,1.8425,0.07180418538926091,-0.162702678317969,0,10.668886543456106,7.424888026147732,60.78179515414339,-0.771498147931257,-0.5471791419137703,,,
sample,1779734183.5015721,34.09379577636719,1.9227,-0.3264259402106178,-0.18789970458571753,0,10.840846498061039,7.511353646450916,60.97426990438909,-0.9386812148725475,-0.6338091162512604,,,
sample,1779734183.5496209,34.141844511032104,1.9227,0.0,-0.18789970458571753,0,10.840846498061039,7.511353646450916,60.97426990438909,-0.9386812148725475,-0.6338091162512604,,,
sample,1779734183.6021457,34.194369316101074,1.9227,-0.7085092315413395,-0.19469642625207456,0,11.050340374991533,7.607100001295851,61.20460672067659,-0.9802274375936771,-0.6573146959272399,,,
sample,1779734183.650308,34.242531538009644,1.9227,0.0,-0.2029765045729336,0,11.050340374991533,7.607100001295851,61.20460672067659,-1.0598118866516852,-0.6860357623735421,,,
sample,1779734183.7005234,34.292747020721436,2.0028,-1.6324083253516959,-0.19429732804600863,0,11.069132587312655,7.576659953413719,61.24038022706034,-0.9883662958000685,-0.6559327466359283,,,
sample,1779734183.7497728,34.34199643135071,2.0028,-1.2339418177908552,-0.19489194918629527,0,11.15096501577461,7.60071902876472,61.3256760971522,-0.9854327618877218,-0.6579918086014656,,,
sample,1779734183.8003306,34.39255428314209,2.0028,-2.271458456027528,-0.19215358459088658,0,11.334106868178363,7.630291967595941,61.51119023896622,-0.9706925127927932,-0.648513351340368,,,
sample,1779734183.8512328,34.443456411361694,2.0028,-0.2163612708965404,-0.1951162958291873,0,11.351670311208409,7.633128034937055,61.5289811863562,-0.9788285349206746,-0.6587688046475579,,,
sample,1779734183.900548,34.4927716255188,1.9227,-2.4254420319685597,-0.19180377391807157,0,11.545765662844722,7.640989794305627,61.72323569154769,-0.956266402648577,-0.6473032621531356,,,
sample,1779734183.9497492,34.54197287559509,1.9227,0.0,-0.19180377391807157,0,11.545765662844722,7.640989794305627,61.72323569154769,-0.956266402648577,-0.6473032621531356,,,
sample,1779734183.9997554,34.591979026794434,2.0028,-0.7000463628314436,-0.19105979553248076,0,11.595999255316475,7.636168403462982,61.773700130732884,-0.9473514550469494,-0.6447301870477985,,,
sample,1779734184.0505726,34.64279627799988,2.0028,-1.9907055246022471,-0.18541397130111564,0,11.741164348118382,7.622235542708491,61.919532324630495,-0.9115726595025045,-0.6252278107101973,,,
sample,1779734184.1015801,34.693803787231445,2.0028,-1.6691460665161688,-0.1810029640862298,0,11.862453282452908,7.593443115714257,62.04419189884854,-0.8811398792149296,-0.61001964559575,,,
sample,1779734184.1557379,34.74796152114868,2.0028,-0.9647305500557306,-0.1774754576985749,0,11.93688520483278,7.57577393836579,62.1206922968693,-0.8603909663428114,-0.5978752795455952,,,
sample,1779734184.2070785,34.799302101135254,1.9227,-2.1733185696387283,-0.1723662536633739,0,12.11454723420583,7.511996815342294,62.3094548940704,-0.825802426785928,-0.5803126480775723,,,
sample,1779734184.2557518,34.84797549247742,1.9227,0.0,-0.1723662536633739,0,12.11454723420583,7.511996815342294,62.3094548940704,-0.825802426785928,-0.5803126480775723,,,
sample,1779734184.3003883,34.89261198043823,2.0028,-3.4617416397159655,-0.15000855444895536,0,12.181933511836748,7.4226096124014544,62.42139676497909,-0.6972331814329757,-0.5038132263934613,,,
sample,1779734184.3497815,34.9420051574707,2.0028,0.0,-0.15000855444895536,0,12.181933511836748,7.4226096124014544,62.42139676497909,-0.6972331814329757,-0.5038132263934613,,,
sample,1779734184.4010684,34.99329209327698,2.0028,-2.5445021140472597,-0.14273343455729517,0,12.298565885660352,7.291153919865351,62.597134381111424,-0.6450507694135424,-0.479035646575528,,,
sample,1779734184.4500055,35.04222917556763,2.0028,0.0,-0.136962563682703,0,12.298565885660352,7.291153919865351,62.597134381111424,-0.6186349544631914,-0.4594181805821641,,,
sample,1779734184.5004952,35.092718839645386,1.9227,-1.8991378922261175,-0.12462001372686791,0,12.39616729095888,7.200391849696073,62.73041524131896,-0.5601296932838692,-0.41756389675988914,,,
sample,1779734184.5496614,35.14188504219055,1.9227,-0.47890567470243584,-0.12328173393888645,0,12.420134294479174,7.178104313480761,62.76314369267692,-0.5485413842378162,-0.413033718309718,,,
sample,1779734184.600752,35.192975759506226,1.9227,-1.8967811621241797,-0.11542928426267636,0,12.548588297775689,7.033051464947455,62.95689807283522,-0.5049898136205387,-0.38648229384642807,,,
sample,1779734184.649866,35.24208974838257,1.9227,0.0,-0.11542928426267636,0,12.548588297775689,7.033051464947455,62.95689807283522,-0.5049898136205387,-0.38648229384642807,,,
sample,1779734184.7041016,35.29632520675659,1.9227,-1.8327211962289205,-0.1023029189568645,0,12.659091719127087,6.880014499812857,63.14566067195902,-0.44726926961282876,-0.34220438782649076,,,
sample,1779734184.7503397,35.34256339073181,1.9227,0.0,-0.1023029189568645,0,12.659091719127087,6.880014499812857,63.14566067195902,-0.44726926961282876,-0.34220438782649076,,,
sample,1779734184.8001416,35.39236521720886,1.9227,0.0,-0.1023029189568645,0,12.659091719127087,6.880014499812857,63.14566067195902,-0.44726926961282876,-0.34220438782649076,,,
sample,1779734184.851524,35.443747758865356,1.9227,-0.6376094623925485,-0.09982053651963148,0,12.710984692971229,6.791379379747173,63.24836931445539,-0.4351246845124801,-0.33384468399971245,,,
sample,1779734184.8999455,35.49216914176941,1.9227,-2.4443390898608586,-0.08467136722932443,0,12.831226687830455,6.764943266886678,63.371483104872624,-0.3642031649060638,-0.2829143076878521,,,
sample,1779734184.9500732,35.54229688644409,1.9227,-0.5518907780303733,-0.07852134302808811,0,12.841562263292351,6.743359929539128,63.39541351588428,-0.3396253199260932,-0.2622770637235176,,,
sample,1779734185.000526,35.59274959564209,1.9227,-1.786591019696284,-0.06466667683470959,0,12.908520264544723,6.563543316630998,63.58729209261828,-0.2761964899879272,-0.21585656151764182,,,
sample,1779734185.049752,35.64197564125061,1.9227,0.0,-0.06466667683470959,0,12.908520264544723,6.563543316630998,63.58729209261828,-0.2761964899879272,-0.21585656151764182,,,
sample,1779734185.1029546,35.695178270339966,2.0028,-1.5694144533874348,-0.050409529723151256,0,12.963526331343184,6.36705957668587,63.79133014653828,-0.21411809293302994,-0.16817424022886446,,,
sample,1779734185.150055,35.74227857589722,2.0028,0.0,-0.050409529723151256,0,12.963526331343184,6.36705957668587,63.79133014653828,-0.21411809293302994,-0.16817424022886446,,,
sample,1779734185.2028835,35.79510712623596,1.8425,-0.5609456512018961,-0.04552412296442778,0,12.986296595084468,6.265299113085153,63.89560707046242,-0.19328783417162415,-0.15185199271789898,,,
sample,1779734185.2568765,35.84910011291504,1.8425,-0.4295632450107254,-0.04213560441273831,0,13.004118045562555,6.18565492963202,63.97722079513578,-0.19328783417162415,-0.15185199271789898,,,
sample,1779734185.3031282,35.89535188674927,1.9227,-0.4566231631795697,-0.04436848738036195,0,13.036709916905817,6.021578646366055,64.14450276310612,-0.188076809128787,-0.14799208124379507,,,
sample,1779734185.3509488,35.943172454833984,1.9227,0.610528173134824,-0.06182803558521938,0,13.127024493165809,6.146185016766388,64.29839711072606,-0.2512491816427061,-0.20635646568509147,,,
sample,1779734185.4006753,35.99289894104004,1.8425,-0.38303551401231356,-0.06367938443986777,0,13.171259516719754,5.939597532080685,64.50966737871846,-0.2694464263029911,-0.21255199648184392,,,
sample,1779734185.4496171,36.04184079170227,1.8425,0.0,-0.06367938443986777,0,13.171259516719754,5.939597532080685,64.50966737871846,-0.2694464263029911,-0.21255199648184392,,,
sample,1779734185.4999626,36.09218621253967,1.8425,-0.3449778962676991,-0.06259981556582747,0,13.205321394619048,5.764188279306684,64.68835318533097,-0.2694715328125287,-0.20893904893524176,,,
sample,1779734185.5504804,36.142704010009766,1.8425,0.0,-0.06681372710951185,0,13.205321394619048,5.764188279306684,64.68835318533097,-0.28523725143227285,-0.2230444181197672,,,
sample,1779734185.6003292,36.1925528049469,1.9227,-0.4342491940100076,-0.07317437785815603,0,13.228848411272281,5.621441752761036,64.83302554396747,-0.3106727198867763,-0.24435087335631267,,,
sample,1779734185.6504126,36.24263620376587,1.9227,-0.13583708560928665,-0.07162755541624569,0,13.236242511341445,5.576579196774425,64.87849335285996,-0.3091933680467754,-0.23916767513971876,,,
sample,1779734185.7013443,36.29356789588928,1.8425,-0.44649904602171897,-0.0781869835232076,0,13.263782241002264,5.382008870659991,65.07500301805246,-0.33502991355731077,-0.26115566139845925,,,
sample,1779734185.750898,36.34312152862549,1.8425,0.0,-0.0781869835232076,0,13.263782241002264,5.382008870659991,65.07500301805246,-0.33502991355731077,-0.26115566139845925,,,
sample,1779734185.8035562,36.395779848098755,1.8425,-0.5042646212526507,-0.07834242349068438,0,13.285707554366013,5.190606100587153,65.26765747493745,-0.33920971120197085,-0.261676981384355,,,
sample,1779734185.8500302,36.442253828048706,1.8425,0.0,-0.07834242349068438,0,13.285707554366013,5.190606100587153,65.26765747493745,-0.33920971120197085,-0.261676981384355,,,
sample,1779734185.9002953,36.49251890182495,2.0028,-0.36835947763427096,-0.07709607922667691,0,13.316819079525283,5.193004687388458,65.29886132432145,-0.33230268123673073,-0.25749730431941126,,,
sample,1779734185.9507735,36.54299712181091,2.0028,-0.4204672704399368,-0.08218245140733102,0,13.32483421083578,5.085347607760868,65.40681635720027,-0.3523816527515831,-0.27455990496490845,,,
sample,1779734186.0007932,36.59301686286926,1.8425,-0.528749412646936,-0.08577226397572611,0,13.331013277678338,4.935809994301917,65.5564815792996,-0.3709583550617871,-0.2866107452892597,,,
sample,1779734186.0499158,36.64213943481445,1.8425,-0.13370436805337457,-0.08909317994069033,0,13.332547747138234,4.89867479139744,65.59364847170777,-0.38161908255344407,-0.29776553106017195,,,
sample,1779734186.1003773,36.69260096549988,1.9227,-0.6131136223817129,-0.0960875385969664,0,13.334564464475166,4.703999297242888,65.78833441155227,-0.4112669967713471,-0.32128118104871706,,,
sample,1779734186.1506739,36.742897510528564,1.9227,0.0,-0.0960875385969664,0,13.334564464475166,4.703999297242888,65.78833441155227,-0.4112669967713471,-0.32128118104871706,,,
sample,1779734186.2041807,36.79640436172485,1.8425,-0.6619981832041,-0.09718354875235245,0,13.330040663592689,4.5235357985301885,65.96885460195227,-0.4221257021187894,-0.3249688788474786,,,
sample,1779734186.253046,36.84526968002319,1.8425,0.0,-0.09718354875235245,0,13.330040663592689,4.5235357985301885,65.96885460195227,-0.4221257021187894,-0.3249688788474786,,,
sample,1779734186.3036177,36.89584136009216,1.9227,-0.7573939488250012,-0.09721331418064881,0,13.31782403474694,4.330996508897491,66.16178107518137,-0.42625124324525493,-0.3250690402438654,,,
sample,1779734186.3535247,36.9457483291626,1.9227,0.0,-0.10169151695083016,0,13.31782403474694,4.330996508897491,66.16178107518137,-0.43862423708830395,-0.34014503088608566,,,
sample,1779734186.403199,36.99542260169983,1.8425,-0.3078706981432928,-0.1043296104792977,0,13.329050720638241,4.229582187356858,66.26381490824495,-0.453615676097325,-0.3490326563021691,,,
sample,1779734186.453365,37.04558873176575,1.8425,-0.10420600654532791,-0.10321746409494498,0,13.326836086916783,4.203243618887202,66.29024641958182,-0.4528539638315595,-0.3452852907652051,,,
sample,1779734186.5044127,37.0966362953186,1.8425,-0.6137781811467286,-0.10859472209976304,0,13.304978079981534,4.014373607654199,66.48037704207682,-0.47152044139923016,-0.36341208169196315,,,
sample,1779734186.5559232,37.148146867752075,1.8425,0.0,-0.10859472209976304,0,13.304978079981534,4.014373607654199,66.48037704207682,-0.47152044139923016,-0.36341208169196315,,,
sample,1779734186.6053247,37.197548389434814,1.9227,-0.497491408659975,-0.11112791886682245,0,13.276269569599162,3.81035117091728,66.68640940181783,-0.4927067288116776,-0.37195881614817256,,,
sample,1779734186.649733,37.24195671081543,1.9227,0.0,-0.11112791886682245,0,13.276269569599162,3.81035117091728,66.68640940181783,-0.4927067288116776,-0.37195881614817256,,,
sample,1779734186.7011309,37.293354511260986,1.9227,-0.4387709656724247,-0.11383792393883718,0,13.256611481253614,3.700689925990714,66.79781868812846,-0.4973059083131269,-0.3811074368484937,,,
sample,1779734186.7535665,37.34579014778137,1.9227,-0.2866638565512517,-0.11437910004329002,0,13.243508855082405,3.627597859636871,66.87207586944082,-0.4989192247192003,-0.38293505104919767,,,
sample,1779734186.804267,37.39649057388306,1.9227,-0.8587414051558402,-0.11210444637318108,0,13.203567719843132,3.449751273057559,67.05435231509992,-0.4924197152795307,-0.37525479980056253,,,
sample,1779734186.853143,37.445366621017456,1.9227,0.0,-0.11210444637318108,0,13.203567719843132,3.449751273057559,67.05435231509992,-0.4924197152795307,-0.37525479980056253,,,
sample,1779734186.9049363,37.49715995788574,1.8425,-0.9308693084145125,-0.11834067342204144,0,13.14919775387545,3.252630808956529,67.25883353811741,-0.5245070707267763,-0.3963207342450717,,,
sample,1779734186.9532206,37.54544425010681,1.8425,0.0,-0.11834067342204144,0,13.14919775387545,3.252630808956529,67.25883353811741,-0.5245070707267763,-0.3963207342450717,,,
sample,1779734187.0031612,37.5953848361969,1.8425,-1.12750615652606,-0.1151893187194004,0,13.145245542890198,3.1980213441242786,67.31358583141127,-0.4950301643483436,-0.38567167824761106,,,
sample,1779734187.0538797,37.646103382110596,1.8425,0.0,-0.11230480405724974,0,13.145245542890198,3.1980213441242786,67.31358583141127,-0.49593114445792236,-0.37593113809188955,,,
sample,1779734187.105765,37.697988748550415,1.9227,-0.6655224174135395,-0.11775729633413451,0,13.095077674607245,3.0697902316082755,67.45128126788303,-0.5246927264760244,-0.3943487911714118,,,
sample,1779734187.156951,37.74917459487915,1.9227,-0.25309303659961935,-0.11937314604486643,0,13.076256437954937,3.0216823849435563,67.50293979921948,-0.5340504617348472,-0.39981139057864645,,,
sample,1779734187.2133114,37.805535078048706,1.9227,-1.2105640912270508,-0.11997562655009208,0,12.991282196374831,2.8417237938559627,67.70195164871177,-0.533277567969339,-0.40184869819766467,,,
sample,1779734187.2567937,37.84901738166809,1.9227,0.0,-0.11997562655009208,0,12.991282196374831,2.8417237938559627,67.70195164871177,-0.533277567969339,-0.40184869819766467,,,
sample,1779734187.3067045,37.89892816543579,1.9227,-1.1988987678270722,-0.1236782934685097,0,12.90183498045696,2.6783760477056493,67.88818615305468,-0.5500436222954358,-0.4143759449750727,,,
sample,1779734187.3562696,37.948493242263794,1.9227,0.0,-0.1236782934685097,0,12.90183498045696,2.6783760477056493,67.88818615305468,-0.5500436222954358,-0.4143759449750727,,,
sample,1779734187.4034197,37.99564337730408,1.9227,-1.6739517814560945,-0.12475879437654004,0,12.789736113109813,2.5072455033333902,68.09276332499148,-0.5518821418222202,-0.41803376641903106,,,
sample,1779734187.4533787,38.045602321624756,1.9227,0.0,-0.12275768796630189,0,12.789736113109813,2.5072455033333902,68.09276332499148,-0.5457986528494934,-0.4112601932238484,,,
sample,1779734187.502487,38.0947105884552,1.9227,0.0,-0.12275768796630189,0,12.789736113109813,2.5072455033333902,68.09276332499148,-0.5457986528494934,-0.4112601932238484,,,
sample,1779734187.5526175,38.14484119415283,1.9227,0.0,-0.12275768796630189,0,12.789736113109813,2.5072455033333902,68.09276332499148,-0.5457986528494934,-0.4112601932238484,,,
sample,1779734187.6005347,38.192758321762085,1.9227,-1.2086220017199703,-0.1208274728422551,0,12.683617662301307,2.3843369597789295,68.25514446823378,-0.5385055436139478,-0.40472974985082466,,,
sample,1779734187.6502616,38.2424852848053,1.9227,0.0,-0.1208274728422551,0,12.683617662301307,2.3843369597789295,68.25514446823378,-0.5385055436139478,-0.40472974985082466,,,
sample,1779734187.7012687,38.29349231719971,1.9227,-3.4780651068206594,-0.1003648177362916,0,12.467769974706407,2.2096345506397306,68.53283342372013,-0.43611423948988426,-0.33567725321281583,,,
sample,1779734187.7503455,38.34256911277771,1.9227,0.0,-0.1003648177362916,0,12.467769974706407,2.2096345506397306,68.53283342372013,-0.43611423948988426,-0.33567725321281583,,,
sample,1779734187.8002794,38.39250302314758,1.9227,-0.8152769949622516,-0.0972869217461555,0,12.378037113264146,2.135749789591784,68.6490700114958,-0.42394388259856786,-0.32531673400481725,,,
sample,1779734187.8498597,38.44208335876465,1.9227,-0.5246389593603377,-0.09458715856718797,0,12.320701989820124,2.0885408649322077,68.72333978292303,-0.4148366854174587,-0.31623417887158645,,,
sample,1779734187.9003584,38.49258208274841,1.9227,-1.3433549612319133,-0.09046893199556079,0,12.169197299973124,1.9810932476841085,68.9090779359717,-0.392347033697095,-0.30238853633870627,,,
sample,1779734187.950863,38.543086528778076,1.9227,-0.08167812436144015,-0.08957114076512519,0,12.159984529385609,1.9745595209137936,68.92037239157644,-0.3898914941192391,-0.29937151592006117,,,
sample,1779734188.001373,38.59359669685364,1.9227,-1.3421028530378447,-0.08423227029619068,0,11.99802244737642,1.8754632603825958,69.11024546723493,-0.36289116745420835,-0.2814401624256915,,,
sample,1779734188.0505328,38.64275646209717,1.9227,0.0,-0.08423227029619068,0,11.99802244737642,1.8754632603825958,69.11024546723493,-0.36289116745420835,-0.2814401624256915,,,
sample,1779734188.099865,38.69208860397339,1.8425,-1.0301042837494667,-0.07896217839351774,0,12.014634966423124,1.8092598014442185,69.17850141030571,-0.3384582942034255,-0.2637556637458912,,,
sample,1779734188.1499972,38.742220878601074,1.8425,-0.9948084024764174,-0.07169932944154582,0,11.896620878503885,1.7524856566102633,69.30946181832675,-0.3093919615470143,-0.23940815479717012,,,
sample,1779734188.200128,38.792351722717285,1.9227,-0.9343307883513622,-0.06621453480155938,0,11.782636246938555,1.707872740702963,69.4318661013353,-0.28156661134521144,-0.2210382478900625,,,
sample,1779734188.2497041,38.84192776679993,1.9227,-0.5747230810380456,-0.061357891517106126,0,11.713298275703917,1.680734265652485,69.50632582926256,-0.2626796191510981,-0.2047833584188708,,,
sample,1779734188.3013349,38.893558502197266,1.8425,-0.6372229246923197,-0.05997145025463242,0,11.54314964980961,1.6205147764952863,69.68681666495256,-0.25418098986404175,-0.20014483702935104,,,
sample,1779734188.3501093,38.94233298301697,1.8425,0.0,-0.05997145025463242,0,11.54314964980961,1.6205147764952863,69.68681666495256,-0.25418098986404175,-0.20014483702935104,,,
sample,1779734188.4017847,38.9940083026886,1.9227,-0.7668504034571305,-0.054882494008387094,0,11.364578478701802,1.56517094792654,69.87376746733506,-0.2351744717853373,-0.18312554705607204,,,
sample,1779734188.4500148,39.04223847389221,1.9227,0.0,-0.054882494008387094,0,11.364578478701802,1.56517094792654,69.87376746733506,-0.2351744717853373,-0.18312554705607204,,,
sample,1779734188.5012188,39.09344244003296,1.8425,-0.36772042625131135,-0.05537076361395549,0,11.184156222749792,1.5129556852446568,70.06159351478256,-0.23621712846960777,-0.184758068560482,,,
sample,1779734188.550991,39.1432147026062,1.8425,0.0,-0.05568377570331696,0,11.184156222749792,1.5129556852446568,70.06159351478256,-0.23710368748393942,-0.1858046658351326,,,
sample,1779734188.600448,39.19267153739929,1.8425,0.23925016290197765,-0.06550671591984973,0,11.144874509626137,1.435429097947826,70.14850395560426,-0.27914201160128654,-0.21866858768081138,,,
sample,1779734188.6494718,39.241695404052734,1.8425,-0.08066179373183745,-0.06460499192971127,0,11.115662480482293,1.4267249759533822,70.17898516926768,-0.27843451894292714,-0.215650083747207,,,
sample,1779734188.7001574,39.292381048202515,1.9227,-0.4101655352252894,-0.06478656621032736,0,10.932720262316094,1.3763308881390217,70.36874137937478,-0.27734340321687384,-0.21625787172691868,,,
sample,1779734188.7501638,39.342387437820435,1.9227,0.0,-0.06478656621032736,0,10.932720262316094,1.3763308881390217,70.36874137937478,-0.27734340321687384,-0.21625787172691868,,,
sample,1779734188.8003528,39.392576456069946,1.8425,-0.41595847877335496,-0.06454464212702296,0,10.753938210082028,1.3310759602326043,70.55316217728229,-0.27387040177812644,-0.21544807655718085,,,
sample,1779734188.8501978,39.442421436309814,1.8425,0.0,-0.06454464212702296,0,10.753938210082028,1.3310759602326043,70.55316217728229,-0.27387040177812644,-0.21544807655718085,,,
sample,1779734188.9002662,39.4924898147583,1.8425,-0.5144132423053888,-0.06340998530002381,0,10.568432299777974,1.28917120594325,70.74334222668229,-0.26874206782447013,-0.21165036351314137,,,
sample,1779734188.9499886,39.54221224784851,1.8425,0.0,-0.06165937000158018,0,10.568432299777974,1.28917120594325,70.74334222668229,-0.2648655837699454,-0.20579209827498543,,,
sample,1779734189.0000448,39.59226846694946,1.9227,-0.5447669223896013,-0.05895806328218194,0,10.404164835766649,1.2573647302366413,70.91066064058101,-0.24926314446727194,-0.19675490729882658,,,
sample,1779734189.0504785,39.64270210266113,1.9227,0.0,-0.05895806328218194,0,10.404164835766649,1.2573647302366413,70.91066064058101,-0.24926314446727194,-0.19675490729882658,,,
sample,1779734189.101134,39.693357706069946,1.9227,-0.512861190456211,-0.05607281369175614,0,10.19410425442366,1.2210346990045686,71.12383971789274,-0.23752744795307143,-0.18710551667636222,,,
sample,1779734189.149789,39.74201273918152,1.9227,0.0,-0.05607281369175614,0,10.19410425442366,1.2210346990045686,71.12383971789274,-0.23752744795307143,-0.18710551667636222,,,
sample,1779734189.2002487,39.79247236251831,1.8425,0.1575668802462683,-0.059963467994798014,0,10.169292484416815,1.1938972152026408,71.16061018101155,-0.25670717823238787,-0.20011813358346411,,,
sample,1779734189.2500517,39.84227538108826,1.8425,-0.22077933465212388,-0.05973127650443371,0,10.032080034869914,1.1709263644665764,71.29973212857627,-0.2542005833260849,-0.19934138317222944,,,
sample,1779734189.3006027,39.892826318740845,1.8425,-0.2922115541834193,-0.058344505702731794,0,9.899655957066496,1.1515163136239186,71.43357116046084,-0.2462781581002201,-0.19470266373099052,,,
sample,1779734189.3497477,39.94197130203247,1.8425,-0.11318543264983885,-0.05772230045215647,0,9.849789319600486,1.1442071143859636,71.48397062400628,-0.24351211524067182,-0.19262164541461768,,,
sample,1779734189.4005663,39.99278998374939,1.9227,-0.6145611691265654,-0.05202694388531946,0,9.657995883116293,1.1221877199399763,71.67702392237277,-0.22244574327739608,-0.17357978997921478,,,
sample,1779734189.4496229,40.04184651374817,1.9227,0.0,-0.05202694388531946,0,9.657995883116293,1.1221877199399763,71.67702392237277,-0.22244574327739608,-0.17357978997921478,,,
sample,1779734189.5006912,40.09291481971741,1.8425,-0.31973638326258974,-0.05007135452939474,0,9.474281986955493,1.1041297949199083,71.86162317561777,-0.21240351460322573,-0.16704413948178481,,,
sample,1779734189.5501263,40.1423499584198,1.8425,0.0,-0.05007135452939474,0,9.474281986955493,1.1041297949199083,71.86162317561777,-0.21240351460322573,-0.16704413948178481,,,
sample,1779734189.600244,40.19246768951416,1.9227,-0.10356048818419226,-0.049667438919869356,0,9.393095770847356,1.097153194547813,71.94310860154602,-0.20905588885815715,-0.16569440013668002,,,
sample,1779734189.6505728,40.242796421051025,1.9227,-0.14039819343558124,-0.04880273822393625,0,9.282567261176474,1.0876551137323462,72.05404446134456,-0.2061095504244266,-0.16280506594277339,,,
sample,1779734189.7003598,40.29258346557617,1.8425,-0.27908005366089855,-0.0470502268781346,0,9.224754026253082,1.0708610582403932,72.11424753794513,-0.19903897613093463,-0.15694992128411833,,,
sample,1779734189.7505374,40.34276103973389,1.8425,-0.12675216958875685,-0.04586902810783826,0,9.18381019457909,1.068176710040103,72.15527927051163,-0.19326329236350911,-0.15300408063014717,,,
sample,1779734189.8003006,40.39252424240112,1.9227,-0.43797542228259767,-0.0415606336467804,0,8.991167775537164,1.0597580903170738,72.34810555184373,-0.17432080902375074,-0.13861526409514785,,,
sample,1779734189.850075,40.44229865074158,1.9227,0.0,-0.0415606336467804,0,8.991167775537164,1.0597580903170738,72.34810555184373,-0.17432080902375074,-0.13861526409514785,,,
sample,1779734189.9006999,40.49292349815369,1.8425,-0.20936032450082218,-0.03951668748763297,0,8.80219952019244,1.0535058485968127,72.53717721036122,-0.16812540206446952,-0.13179089894417703,,,
sample,1779734189.9495332,40.54175686836243,1.8425,0.0,-0.03951668748763297,0,8.80219952019244,1.0535058485968127,72.53717721036122,-0.16812540206446952,-0.13179089894417703,,,
sample,1779734190.0007029,40.59292650222778,1.9227,-0.22662226360759774,-0.03690757455709694,0,8.715643592929498,1.052808783229116,72.62373594443511,-0.1560943450906833,-0.1230811393726679,,,
sample,1779734190.050364,40.642587661743164,1.9227,-0.2703275515954803,-0.03383268509517986,0,8.61543866106587,1.0520017976201186,72.72394412571572,-0.142990931934065,-0.11281866625308037,,,
sample,1779734190.1011674,40.69339108467102,1.8425,-0.4500666316311724,-0.028164780821336156,0,8.439582317318655,1.0547858180189433,72.8998225053015,-0.11781352726772377,-0.09390743489465815,,,
sample,1779734190.1499348,40.74215841293335,1.8425,-0.020877705369850508,-0.027922618582068563,0,8.431751628288522,1.0549097873767281,72.90765417556322,-0.11714777602829958,-0.0930995922659095,,,
sample,1779734190.2005959,40.79281949996948,1.9227,-0.21809564993594335,-0.024804977539503465,0,8.237461044159152,1.0601333547979883,73.10201496568803,-0.10381169299599495,-0.08270022061521622,,,
sample,1779734190.2495127,40.84173631668091,1.9227,0.0,-0.024804977539503465,0,8.237461044159152,1.0601333547979883,73.10201496568803,-0.10381169299599495,-0.08270022061521622,,,
sample,1779734190.300259,40.89248275756836,1.8425,-0.32971225684589733,-0.016036495339265353,0,8.114555250519158,1.063034859182066,73.22495500325907,-0.06779853513201839,-0.05345956726052984,,,
sample,1779734190.3499415,40.94216513633728,1.8425,0.0,-0.016036495339265353,0,8.114555250519158,1.063034859182066,73.22495500325907,-0.06779853513201839,-0.05345956726052984,,,
sample,1779734190.4006262,40.992849826812744,1.8425,-0.17366013332461105,-0.013177921029071062,0,7.99425013371998,1.069938395716573,73.34545803203739,-0.05507958692562399,-0.04392894632484511,,,
sample,1779734190.4502006,41.04242420196533,1.8425,0.0,-0.013177921029071062,0,7.99425013371998,1.069938395716573,73.34545803203739,-0.05507958692562399,-0.04392894632484511,,,
sample,1779734190.5014658,41.09368944168091,1.9227,-0.22113087025930434,-0.009038283698943215,0,7.739425514856443,1.085772385542442,73.60077411381202,-0.037860100909617736,-0.030128432737248866,,,
sample,1779734190.5499203,41.142143964767456,1.9227,0.0,-0.009038283698943215,0,7.739425514856443,1.085772385542442,73.60077411381202,-0.037860100909617736,-0.030128432737248866,,,
sample,1779734190.6001415,41.19236516952515,1.8425,-0.26076567291370273,-0.004496110642096406,0,7.552725526042442,1.1001476133680774,73.78802670524452,-0.018744178903740513,-0.014987136462166468,,,
sample,1779734190.6502628,41.24248647689819,1.8425,0.0,-0.004496110642096406,0,7.552725526042442,1.1001476133680774,73.78802670524452,-0.018744178903740513,-0.014987136462166468,,,
sample,1779734190.7054648,41.297688484191895,1.8425,-0.1523191037734068,-0.0033990477010229603,0,7.371054492342579,1.1156732656751638,73.97035994512451,-0.014242941022030116,-0.011330202638037657,,,
sample,1779734190.7501402,41.3423638343811,1.8425,0.0,-0.001300803989847569,0,7.371054492342579,1.1156732656751638,73.97035994512451,-0.005492369260464419,-0.004336015745136609,,,
sample,1779734190.8004086,41.392632246017456,1.8425,0.041866949094068386,-0.002525450459511336,0,7.252493291820352,1.1051555203261723,74.08938675402275,-0.010530926124643753,-0.00841818609516183,,,
sample,1779734190.849583,41.44180655479431,1.8425,0.006420236572573331,-0.002219439491447364,0,7.193057437811476,1.1100900501030633,74.14902709545272,-0.009290061206317195,-0.0073981437856961065,,,
sample,1779734190.9004197,41.49264335632324,1.8425,-0.24515217455398167,0.0020749529679100075,0,7.013752915771441,1.1272288877383434,74.32914886365272,0.008789533405163613,0.006916519819233099,,,
sample,1779734190.9495468,41.541770458221436,1.8425,0.0,0.0020749529679100075,0,7.013752915771441,1.1272288877383434,74.32914886365272,0.008789533405163613,0.006916519819233099,,,
sample,1779734191.0000956,41.59231925010681,1.9227,-0.016256353087970687,-0.0005523143244030444,0,6.8248062938840945,1.1454460620196856,74.51897165301543,-0.002326901462058043,-0.001841047935214726,,,
sample,1779734191.0530138,41.6452374458313,1.9227,0.0,-0.0005523143244030444,0,6.8248062938840945,1.1454460620196856,74.51897165301543,-0.002326901462058043,-0.001841047935214726,,,
sample,1779734191.105281,41.69750475883484,1.8425,-0.20517159709910607,0.0017600071321341604,0,6.6373260562926,1.1655532175064314,74.70752704856042,0.007411797451911516,0.005866696498057241,,,
sample,1779734191.1557975,41.74802112579346,1.8425,0.0,0.003960984627606054,0,6.6373260562926,1.1655532175064314,74.70752704856042,0.016620181705955184,0.013203351142974785,,,
sample,1779734191.2040539,41.79627752304077,1.8425,0.09350005177177159,0.004275518127428307,0,6.48074115915197,1.1813704960430103,74.86490880199088,0.017995421297372232,0.014251813932848937,,,
sample,1779734191.255032,41.84725570678711,1.8425,0.03249447670047222,0.00434566228850402,0,6.423253181539536,1.1871775909225621,74.92268933436043,0.018347308165480962,0.014485632147790466,,,
sample,1779734191.306668,41.89889168739319,1.8425,-0.01272834127962701,0.005901364669086859,0,6.27020540711493,1.202739192615537,75.07652621129043,0.024958308302115068,0.019671443924076645,,,
sample,1779734191.3559916,41.94821524620056,1.8425,0.0,0.005901364669086859,0,6.27020540711493,1.202739192615537,75.07652621129043,0.024958308302115068,0.019671443924076645,,,
sample,1779734191.4056752,41.99789881706238,1.8425,0.5683922108751187,-0.00020140573059363026,0,6.119498787705443,1.2090345788556387,75.22736426027592,-0.000852087115640009,-0.0006713524443897411,,,
sample,1779734191.4531476,42.045371294021606,1.8425,0.0,-0.00020140573059363026,0,6.119498787705443,1.2090345788556387,75.22736426027592,-0.000852087115640009,-0.0006713524443897411,,,
sample,1779734191.5062172,42.09844088554382,1.8425,0.09865382803963248,-0.0008615817266177244,0,6.0141050578404744,1.2156722865119496,75.33296680502642,-0.003653462070550022,-0.0028719397993615084,,,
sample,1779734191.5559132,42.14813685417175,1.8425,0.09975709850995312,-0.0014506925222158803,0,5.914307467164298,1.2219575487620031,75.43296212304841,-0.0061521392467599415,-0.004835645132939314,,,
sample,1779734191.6072354,42.199459075927734,1.8425,0.3771858767368738,-0.005440639992845165,0,5.76563594281394,1.2281270139231517,75.58176160037624,-0.023066747889033273,-0.01813564558494678,,,
sample,1779734191.6532578,42.24548149108887,1.8425,0.04488067394078866,-0.005736432845585779,0,5.749772563886504,1.22878530113759,75.59763863199592,-0.02400163773402343,-0.01912165256233065,,,
sample,1779734191.704651,42.29687476158142,1.8425,0.2864878994305818,-0.008760243199311544,0,5.556876501913407,1.233946490970913,75.79060372885343,-0.0365632826539754,-0.029201557662152388,,,
sample,1779734191.7529655,42.34518909454346,1.8425,0.0,-0.008760243199311544,0,5.556876501913407,1.233946490970913,75.79060372885343,-0.0365632826539754,-0.029201557662152388,,,
sample,1779734191.803139,42.39536261558533,1.8425,0.09728762476683857,-0.009032651731449426,0,5.372583949834611,1.2379773685340427,75.97494035767593,-0.03830090243714459,-0.03010965797954608,,,
sample,1779734191.8561711,42.448394775390625,1.8425,0.0,-0.009626420997420712,0,5.372583949834611,1.2379773685340427,75.97494035767593,-0.04072145933805921,-0.032089061207033094,,,
sample,1779734191.9113579,42.503581523895264,1.7624,0.16123590240288876,-0.0116718860269475,0,5.272240503168142,1.2385917449444628,76.07528568515698,-0.04938862774104213,-0.03890805362516882,,,
sample,1779734191.9653726,42.55759620666504,1.7624,0.0,-0.0116718860269475,0,5.272240503168142,1.2385917449444628,76.07528568515698,-0.04938862774104213,-0.03890805362516882,,,
sample,1779734192.0025797,42.59480333328247,1.9227,0.0,-0.0116718860269475,0,5.272240503168142,1.2385917449444628,76.07528568515698,-0.04938862774104213,-0.03890805362516882,,,
sample,1779734192.052475,42.64469861984253,1.9227,0.0,-0.0116718860269475,0,5.272240503168142,1.2385917449444628,76.07528568515698,-0.04938862774104213,-0.03890805362516882,,,
sample,1779734192.1073875,42.6996111869812,1.8425,0.7533875411618208,-0.029743660349748607,0,4.799408887166057,1.2491230391534742,76.54823456743588,-0.12450352004599778,-0.09917478238261025,,,
sample,1779734192.1533818,42.74560546875,1.8425,0.0,-0.029743660349748607,0,4.799408887166057,1.2491230391534742,76.54823456743588,-0.12450352004599778,-0.09917478238261025,,,
sample,1779734192.205214,42.79743766784668,1.8425,0.03576288117288604,-0.03426060312167503,0,4.5894153257002435,1.246487194144889,76.75824467084999,-0.14538390173346616,-0.11424671441331874,,,
sample,1779734192.2541208,42.84634447097778,1.8425,0.0,-0.04407464804018662,0,4.5894153257002435,1.246487194144889,76.75824467084999,-0.18808193694378733,-0.1470106988807324,,,
sample,1779734192.3041568,42.89638042449951,1.8425,-0.007990179363036304,-0.05819106674836135,0,4.462452704932911,1.2427123309987231,76.88526339649263,-0.2445660820222636,-0.1941894601242568,,,
sample,1779734192.3547041,42.94692778587341,1.8425,0.0,-0.05819106674836135,0,4.462452704932911,1.2427123309987231,76.88526339649263,-0.2445660820222636,-0.1941894601242568,,,
sample,1779734192.4078958,43.00011944770813,1.9227,0.03331681324968175,-0.0728058138978079,0,4.235976299056465,1.2356262805989786,77.11185063030995,-0.3123992791363993,-0.24311575834269544,,,
sample,1779734192.4523373,43.04456090927124,1.9227,0.0,-0.0728058138978079,0,4.235976299056465,1.2356262805989786,77.11185063030995,-0.3123992791363993,-0.24311575834269544,,,
sample,1779734192.5002432,43.092466831207275,1.8425,-0.02988225719236005,-0.07718489136910982,0,4.205519902232386,1.234962675302278,77.14231425582457,-0.3275766553276548,-0.2577951134411869,,,
sample,1779734192.5497024,43.14192605018616,1.8425,0.0,-0.07718489136910982,0,4.205519902232386,1.234962675302278,77.14231425582457,-0.3275766553276548,-0.2577951134411869,,,
sample,1779734192.6009295,43.19315314292908,1.9227,0.0,-0.07718489136910982,0,4.205519902232386,1.234962675302278,77.14231425582457,-0.3275766553276548,-0.2577951134411869,,,
sample,1779734192.6514006,43.243624210357666,1.9227,-0.7171320907307441,-0.09033675703545763,0,3.867547086297585,1.2521440278536278,77.48072350981505,-0.3870211974247585,-0.3019443326849912,,,
sample,1779734192.7004168,43.29264044761658,1.8425,-0.5402798203747087,-0.09235926246835456,0,3.7184463691763816,1.2674682540360127,77.63060965245054,-0.3980103485604737,-0.3087425899836867,,,
sample,1779734192.7503548,43.342578411102295,1.8425,0.0,-0.09235926246835456,0,3.7184463691763816,1.2674682540360127,77.63060965245054,-0.3980103485604737,-0.3087425899836867,,,
sample,1779734192.800257,43.39248061180115,1.9227,-0.587217501022034,-0.10822406792209446,0,3.503849550996205,1.2800303025835362,77.84557383420362,-0.4703343145953523,-0.362161932723036,,,
sample,1779734192.8504274,43.44265103340149,1.9227,0.0,-0.10822406792209446,0,3.503849550996205,1.2800303025835362,77.84557383420362,-0.4703343145953523,-0.362161932723036,,,
sample,1779734192.8996708,43.491894483566284,1.9227,-0.12421307619005467,-0.10683886231866425,0,3.4603917564704054,1.2839863125613058,77.889211317174,-0.4715021501002465,-0.3574907751400745,,,
sample,1779734192.95024,43.542463541030884,1.9227,-0.6507805839360342,-0.1128279666505907,0,3.3325642998450324,1.2998038446111149,78.01801369676171,-0.4990832710786625,-0.3776972984347553,,,
sample,1779734193.0000348,43.59225845336914,1.8425,-0.6496768523572967,-0.1095449244414685,0,3.2437610993356953,1.3171836619069432,78.10850163225555,-0.4858642622351491,-0.3666174033434634,,,
sample,1779734193.050282,43.64250564575195,1.8425,-0.23425967900937536,-0.1161316964320257,0,3.1897813080875315,1.3250623868653586,78.16305337072616,-0.5155792730887611,-0.38885533688644225,,,
sample,1779734193.1010563,43.69327998161316,1.9227,-0.9299442173170182,-0.12873804900420097,0,3.0013346697357632,1.361724895486401,78.35503325260046,-0.5794695642597577,-0.43151336158606374,,,
sample,1779734193.1496167,43.74184036254883,1.9227,0.0,-0.12873804900420097,0,3.0013346697357632,1.361724895486401,78.35503325260046,-0.5794695642597577,-0.43151336158606374,,,
sample,1779734193.2007687,43.79299235343933,1.9227,-1.1480904166144679,-0.12803288417481629,0,2.8106720937598597,1.4105873871709351,78.55185744057387,-0.5735481414020507,-0.42912363860063424,,,
sample,1779734193.249553,43.841776609420776,1.9227,0.0,-0.12803288417481629,0,2.8106720937598597,1.4105873871709351,78.55185744057387,-0.5735481414020507,-0.42912363860063424,,,
sample,1779734193.3010967,43.89332032203674,2.0028,-1.4096519026251275,-0.12979085195883336,0,2.6172429884089676,1.475447849903825,78.75587140681827,-0.5722618696920457,-0.43508200322257856,,,
sample,1779734193.3496976,43.94192123413086,2.0028,0.0,-0.12348780880348208,0,2.6172429884089676,1.475447849903825,78.75587140681827,-0.550026935047511,-0.41373119906189526,,,
sample,1779734193.4001036,43.99232721328735,1.9227,-1.2976746972750497,-0.11655435246173237,0,2.4910748503011915,1.5309688512292865,78.89371545152737,-0.5185876203855768,-0.3902834335688819,,,
sample,1779734193.449623,44.04184675216675,1.9227,-0.517094891574153,-0.11550017364615286,0,2.4416837568124325,1.552703680705115,78.94767731702846,-0.5150481348731756,-0.38672177035367983,,,
sample,1779734193.5006504,44.09287405014038,1.9227,-1.8837121580482237,-0.10300815306312153,0,2.2807713438061983,1.6428539332120728,79.13212208568986,-0.4519149096420844,-0.34458011626512913,,,
sample,1779734193.5498803,44.14210391044617,1.9227,0.0,-0.10300815306312153,0,2.2807713438061983,1.6428539332120728,79.13212208568986,-0.4519149096420844,-0.34458011626512913,,,
sample,1779734193.600639,44.19286274909973,2.0028,-2.4187348136170947,-0.07860309186997035,0,2.205681977399535,1.7310370452368664,79.24794382023796,-0.3398194225609538,-0.26255124866001944,,,
sample,1779734193.650861,44.24308466911316,2.0028,0.0,-0.07860309186997035,0,2.205681977399535,1.7310370452368664,79.24794382023796,-0.3398194225609538,-0.26255124866001944,,,
sample,1779734193.700111,44.29233455657959,1.9227,-1.0260862636745056,-0.06814742149607116,0,2.128523673563775,1.8006367921555264,79.35185497758862,-0.28859967307943174,-0.2275103721868072,,,
sample,1779734193.7506313,44.34285497665405,1.9227,-0.9888886187315962,-0.05696130863008553,0,2.0522441648233385,1.8694438322210374,79.45458263801297,-0.24297141535585706,-0.19007664688656303,,,
sample,1779734193.801112,44.393335580825806,1.9227,-1.7726376989480446,-0.02572507895382203,0,1.94618053841975,1.9855789737899885,79.61186221059987,-0.10876221730032355,-0.08576918411546654,,,
sample,1779734193.8499403,44.442163944244385,1.9227,-0.14888548931314805,-0.024012377701913064,0,1.937563729004323,1.9950140121274986,79.62463990025536,-0.10199882952683573,-0.08005664633273077,,,
sample,1779734193.9011784,44.49340200424194,1.9227,-1.3420757305182716,0.007354701634888827,0,1.8137190545707513,2.1509046568200416,79.82373635047036,0.03124278990548978,0.024516114156798975,,,
sample,1779734193.9499147,44.54213833808899,1.9227,0.0,0.007354701634888827,0,1.8137190545707513,2.1509046568200416,79.82373635047036,0.03124278990548978,0.024516114156798975,,,
sample,1779734194.011206,44.603429555892944,1.9227,-0.7013840017344395,0.039834912465039694,0,1.7010019679340922,2.3060366308241114,80.01549419510326,0.16914794385807702,0.1328533204315617,,,
sample,1779734194.0503085,44.64253211021423,1.9227,0.0,0.039834912465039694,0,1.7010019679340922,2.3060366308241114,80.01549419510326,0.16914794385807702,0.1328533204315617,,,
sample,1779734194.1067111,44.69893479347229,1.8425,-0.18588231948955908,0.06642779210302,0,1.6413916334415397,2.39134778414251,80.1195681344869,0.28250704503445856,0.22175224146091724,,,
sample,1779734194.149886,44.742109537124634,1.8425,0.0,0.06642779210302,0,1.6413916334415397,2.39134778414251,80.1195681344869,0.28250704503445856,0.22175224146091724,,,
sample,1779734194.203734,44.79595756530762,1.8425,0.0,0.06642779210302,0,1.6413916334415397,2.39134778414251,80.1195681344869,0.28250704503445856,0.22175224146091724,,,
sample,1779734194.2514052,44.843628883361816,1.8425,0.7513273000294755,0.08509857171210415,0,1.499061946204342,2.51720889438382,80.30956486851203,0.36980736368599776,0.28434863282326645,,,
sample,1779734194.3011632,44.89338684082031,1.8425,0.968985349829101,0.1100022295469945,0,1.3862092578374232,2.597592096600659,80.44811878751209,0.48761473132954064,0.36816027108743204,,,
sample,1779734194.3499177,44.94214129447937,1.8425,0.0,0.1100022295469945,0,1.3862092578374232,2.597592096600659,80.44811878751209,0.48761473132954064,0.36816027108743204,,,
sample,1779734194.400699,44.99292254447937,1.8425,1.017463001430822,0.14277423611730847,0,1.2558908772920012,2.7169361281444644,80.62482724280812,0.6490855744791559,0.4791744614728469,,,
sample,1779734194.4501984,45.04242205619812,1.8425,0.0,0.14277423611730847,0,1.2558908772920012,2.7169361281444644,80.62482724280812,0.6490855744791559,0.4791744614728469,,,
sample,1779734194.5010297,45.09325337409973,1.7624,0.5807806004327569,0.16256807135881196,0,1.1749898429551844,2.7959052417180916,80.73788076223751,0.7672576807425868,0.5467183716288987,,,
sample,1779734194.5506272,45.14285087585449,1.7624,0.29026139989184613,0.16972699230283592,0,1.1355386909056533,2.8344142982752585,80.79301097931452,0.8068104353419605,0.5712526105802156,,,
sample,1779734194.6093166,45.20154023170471,1.7624,0.9050831546043586,0.19790198939920448,0,1.0022733222141682,2.950806102611564,80.96994800373038,1.019653558558635,0.6684224670922697,,,
sample,1779734194.6615262,45.25374984741211,1.7624,0.0,0.19790198939920448,0,1.0022733222141682,2.950806102611564,80.96994800373038,1.019653558558635,0.6684224670922697,,,
sample,1779734194.7007093,45.292932987213135,1.7624,0.0,0.19790198939920448,0,1.0022733222141682,2.950806102611564,80.96994800373038,1.019653558558635,0.6684224670922697,,,
sample,1779734194.7516243,45.34384799003601,1.7624,2.4599261889229695,0.2062715205413355,0,0.8199832143628717,3.0103389931054965,81.16171309041458,1.0881228254116078,0.6974921944751317,,,
sample,1779734194.80204,45.39426374435425,1.7624,2.396993663823232,0.20583414467899683,0,0.6585284007151568,3.069186925397459,81.3335581834055,1.0858585127029274,0.6959705796965113,,,
sample,1779734194.8519883,45.44421195983887,1.7624,0.0,0.22326072339284528,0,0.6585284007151568,3.069186925397459,81.3335581834055,1.294690111366761,0.7568190331649306,,,
sample,1779734194.901129,45.49335265159607,1.6823,2.002152710004596,0.2223590902539595,0,0.541633719882305,3.110387614451415,81.45750116701302,1.2818269069288848,0.7536593054568148,,,
sample,1779734194.9505908,45.54281449317932,1.6823,0.7450295741986135,0.222537648213053,0,0.497851267992398,3.1258191736419927,81.5039235335247,1.2897217692567986,0.7542849503207449,,,
sample,1779734195.0023417,45.59456539154053,1.6823,2.63148226395193,0.22664894658067022,0,0.3311141449432746,3.160084458745592,81.6741450890514,1.306258322328245,0.7687045061253029,,,
sample,1779734195.0503862,45.64260983467102,1.6823,0.0,0.22664894658067022,0,0.3311141449432746,3.160084458745592,81.6741450890514,1.306258322328245,0.7687045061253029,,,
sample,1779734195.1302423,45.72246599197388,1.6823,1.7228518411320268,0.2118358176524595,0,0.15268057997987783,3.171717404556161,81.85295745588819,1.5552391259494736,0.7168747203572131,,,
sample,1779734195.1812227,45.77344632148743,1.6823,1.3044669503829671,0.2118358176524595,0,0.07301558938020447,3.1663383623690917,81.93280383853697,1.5552391259494736,0.7168747203572131,,,
sample,1779734195.2467265,45.83895015716553,1.6823,0.0,0.21071643432398873,0,0.07301558938020447,3.1663383623690917,81.93280383853697,1.565880524649998,0.712971802070892,,,
sample,1779734195.2698872,45.86211085319519,1.6823,3.2113064311271584,0.21071643432398873,0,-0.014484083382521273,3.1815954381761427,82.02162371860763,1.565880524649998,0.712971802070892,,,
sample,1779734195.330935,45.92315864562988,1.6823,2.362380521262226,0.21679905178579537,0,-0.17356990496166458,3.1850835451477586,82.18074777561272,1.5568538416144582,0.7342026681093183,,,
sample,1779734195.3665385,45.95876216888428,1.6823,0.42414009750321296,0.2177556143960263,0,-0.19043483338221412,3.1810439955381895,82.19808974123598,1.5693954818041,0.7375466072522374,,,
sample,1779734195.4181497,46.01037335395813,1.6823,2.5509641254584254,0.22062094190203246,0,-0.34502654978708125,3.121660342568049,82.36369474424338,1.5656538556242754,0.747571682166842,,,
sample,1779734195.4637876,46.05601119995117,1.6823,0.0,0.22062094190203246,0,-0.34502654978708125,3.121660342568049,82.36369474424338,1.5656538556242754,0.747571682166842,,,
sample,1779734195.5177894,46.110013008117676,1.6823,0.0,0.22062094190203246,0,-0.34502654978708125,3.121660342568049,82.36369474424338,1.5656538556242754,0.747571682166842,,,
sample,1779734195.5661345,46.158358097076416,1.6823,0.0,0.22062094190203246,0,-0.34502654978708125,3.121660342568049,82.36369474424338,1.5656538556242754,0.747571682166842,,,
sample,1779734195.620856,46.21307969093323,1.6022,4.792729040686075,0.22642214690650217,0,-0.6233653858721064,2.919137474623078,82.70791563221188,1.5565643174527977,0.7679083436106017,,,
sample,1779734195.6525488,46.24477243423462,1.6022,0.0,0.23110049575386282,0,-0.6233653858721064,2.919137474623078,82.70791563221188,1.5649125013439709,0.7843483012354345,,,
sample,1779734195.7008452,46.29306888580322,1.6823,2.5571249003373184,0.23212939699709273,0,-0.7351932948640068,2.812881105888268,82.86217482035381,1.5168743457673484,0.7879687445618314,,,
sample,1779734195.7553394,46.34756302833557,1.6823,0.0,0.23212939699709273,0,-0.7351932948640068,2.812881105888268,82.86217482035381,1.5168743457673484,0.7879687445618314,,,
sample,1779734195.8006225,46.39284610748291,1.6823,0.0,0.23212939699709273,0,-0.7351932948640068,2.812881105888268,82.86217482035381,1.5168743457673484,0.7879687445618314,,,
sample,1779734195.8505807,46.44280433654785,1.6823,3.8050147319806,0.23913867703547514,0,-0.9569482344740441,2.7672713507468973,83.08857160258692,1.401137755121029,0.8126799683029092,,,
sample,1779734195.899714,46.4919376373291,1.6823,0.4506281596029818,0.23913413200038458,0,-0.974464098462152,2.7606349119778084,83.1073025345121,1.385385003258004,0.812663917674929,,,
sample,1779734195.9500968,46.54232048988342,1.6823,2.240002603075692,0.23279956811943797,0,-1.0339465972920623,2.6499675799364915,83.23294259996972,1.3177916202738422,0.7903278541093296,,,
sample,1779734196.000143,46.59236669540405,1.6022,2.107138095800764,0.2251040648969607,0,-1.0745229179806635,2.54075709564726,83.34944739677789,1.2535968273813662,0.7632829634747642,,,
sample,1779734196.050623,46.64284658432007,1.6022,0.6338595938612994,0.22270631498013882,0,-1.0868346731004963,2.507620213932278,83.38479753459832,1.234375445613994,0.7548759841151208,,,
sample,1779734196.100078,46.692301750183105,1.6823,2.7743953578818985,0.214573985858719,0,-1.1272536956199741,2.321767771139879,83.57499434811876,1.1757134350946525,0.7264297494137426,,,
sample,1779734196.1501226,46.74234628677368,1.6823,0.0,0.214573985858719,0,-1.1272536956199741,2.321767771139879,83.57499434811876,1.1757134350946525,0.7264297494137426,,,
sample,1779734196.2119977,46.804221391677856,1.6823,2.348690219647689,0.20867004476302897,0,-1.1407004234579237,2.150073320798835,83.74721455241391,1.1107911675135758,0.7058415429150989,,,
sample,1779734196.2500858,46.84230947494507,1.6823,0.0,0.20867004476302897,0,-1.1407004234579237,2.150073320798835,83.74721455241391,1.1107911675135758,0.7058415429150989,,,
sample,1779734196.3000395,46.89226317405701,1.6823,1.9287049018478033,0.2095906703021453,0,-1.2695170148281523,2.0781771301307783,83.89473667429677,1.0627452204931063,0.7090485208873035,,,
sample,1779734196.3499126,46.94213628768921,1.6823,1.8753157517824235,0.19809121136629246,0,-1.258952505069182,1.988039208288437,83.98549158502067,0.9981295229711646,0.6690785945515543,,,
sample,1779734196.4005933,46.99281692504883,1.6022,2.291004579842491,0.19070691716274552,0,-1.2253035436813795,1.8604345824484836,84.11745822147941,0.9374428382872614,0.6435100040182218,,,
sample,1779734196.451796,47.04401969909668,1.6022,0.48916786530347045,0.18722371847057806,0,-1.2180449071759933,1.8329081579415496,84.14592560369228,0.9211293494239856,0.6314746629764436,,,
sample,1779734196.504964,47.097187757492065,1.6823,2.6189675466652407,0.17435471180608883,0,-1.1537722907545185,1.6796400421622244,84.31212453430318,0.8426421587285686,0.5871441073942213,,,
sample,1779734196.5527909,47.14501452445984,1.6823,0.0,0.17435471180608883,0,-1.1537722907545185,1.6796400421622244,84.31212453430318,0.8426421587285686,0.5871441073942213,,,
sample,1779734196.6045892,47.196812868118286,1.6823,2.884957538230904,0.16121216037817906,0,-1.0599973178287738,1.5254841523785418,84.49256229061328,0.7571900551973046,0.5420781125302477,,,
sample,1779734196.6529257,47.24514937400818,1.6823,0.0,0.16121216037817906,0,-1.0599973178287738,1.5254841523785418,84.49256229061328,0.7571900551973046,0.5420781125302477,,,
sample,1779734196.704339,47.29656267166138,1.6823,1.6159646145440991,0.15354463776648514,0,-0.9986673097310728,1.4501040887169516,84.58974008586965,0.7061935664450151,0.5158759349090043,,,
sample,1779734196.7650812,47.35730481147766,1.6823,0.8790223513629621,0.14736137216714995,0,-0.9592528370728373,1.401660177647631,84.65219257320697,0.6719867504292225,0.4947912955951912,,,
sample,1779734196.8195481,47.41177177429199,1.6022,2.1085691159158864,0.13167346137190677,0,-0.8484720377425374,1.2948051809607086,84.80610935532388,0.597134172837876,0.44146585548545053,,,
sample,1779734196.8554254,47.447649002075195,1.6022,0.0,0.13167346137190677,0,-0.8484720377425374,1.2948051809607086,84.80610935532388,0.597134172837876,0.44146585548545053,,,
sample,1779734196.90258,47.49480366706848,1.7624,0.0,0.13167346137190677,0,-0.8484720377425374,1.2948051809607086,84.80610935532388,0.597134172837876,0.44146585548545053,,,
sample,1779734196.9543538,47.54657745361328,1.7624,2.0514754211525563,0.12288281771074926,0,-0.7506061921441143,1.1639815508081597,84.96948789106523,0.5443068650330043,0.41168364805541513,,,
sample,1779734197.0038502,47.5960738658905,1.6022,2.2892001701489146,0.10517678683958187,0,-0.6263698700633129,1.0735533927593823,85.12314958275272,0.46502588412946555,0.35188779333052084,,,
sample,1779734197.0530427,47.64526629447937,1.6022,0.0,0.10517678683958187,0,-0.6263698700633129,1.0735533927593823,85.12314958275272,0.46502588412946555,0.35188779333052084,,,
sample,1779734197.1062403,47.698463916778564,1.7624,1.4722522966887746,0.09446832628816769,0,-0.5175743166431348,1.0219919080250772,85.24354501103805,0.40795627315784044,0.31583451066572804,,,
sample,1779734197.1532993,47.74552297592163,1.7624,0.6916566962193504,0.08930359388302712,0,-0.47236056864098463,1.000563753067402,85.29357948748472,0.38378094505758337,0.2984725210293213,,,
sample,1779734197.2059908,47.79821443557739,1.6823,1.7726106163290598,0.07307507565012489,0,-0.3087841885571647,0.941006864176852,85.46766066146873,0.3131577735196308,0.24401808969608527,,,
sample,1779734197.252895,47.84511876106262,1.6823,0.0,0.07307507565012489,0,-0.3087841885571647,0.941006864176852,85.46766066146873,0.3131577735196308,0.24401808969608527,,,
sample,1779734197.3086436,47.900867223739624,1.7624,1.4729472383343143,0.05800311415153782,0,-0.1442811378488833,0.8959997401744315,85.63820946651673,0.24841239247538816,0.19356083206180147,,,
sample,1779734197.3526118,47.94483542442322,1.7624,0.0,0.05800311415153782,0,-0.1442811378488833,0.8959997401744315,85.63820946651673,0.24841239247538816,0.19356083206180147,,,
sample,1779734197.403538,47.99576163291931,1.7624,0.8342500499776626,0.07087568614368638,0,-0.003253276503386582,0.7043362270635896,85.87616694156989,0.3064593412330529,0.2366486773063468,,,
sample,1779734197.450358,48.04258155822754,1.7624,0.0,0.06562378912910492,0,-0.003253276503386582,0.7043362270635896,85.87616694156989,0.280563513964534,0.21906051411353455,,,
sample,1779734197.5006285,48.0928521156311,1.7624,1.1280536517543882,0.054713629139589236,0,0.1525568215428048,0.6804715703796195,86.03379406008636,0.23326165104969449,0.18256097052902334,,,
sample,1779734197.55131,48.14353370666504,1.7624,0.3133696784533346,0.05175265625694152,0,0.19619427076212292,0.673787839625054,86.07794039890588,0.21980857120865308,0.17266303167468422,,,
sample,1779734197.6028175,48.19504117965698,1.7624,1.028466244798294,0.041250972953552435,0,0.37557115107229067,0.655969440127802,86.25820010197468,0.1731434931378955,0.13758129010198292,,,
sample,1779734197.6506748,48.24289846420288,1.7624,0.0,0.041250972953552435,0,0.37557115107229067,0.655969440127802,86.25820010197468,0.1731434931378955,0.13758129010198292,,,
sample,1779734197.7009664,48.293190002441406,1.8425,0.9894761755644336,0.03015667034695116,0,0.53072013736015,0.6483224954254637,86.41353742430718,0.12647061307015064,0.10055271804876005,,,
sample,1779734197.750979,48.34320259094238,1.8425,0.0,0.03015667034695116,0,0.53072013736015,0.6483224954254637,86.41353742430718,0.12647061307015064,0.10055271804876005,,,
sample,1779734197.8004105,48.39263415336609,1.7624,0.5317159618034027,0.02395697458883509,0,0.6342083505078384,0.6477963389281995,86.51702697499304,0.10049369201714589,0.07987186301015131,,,
sample,1779734197.8521752,48.44439888000488,1.7624,0.3454123293560871,0.01972989141301635,0,0.7046093156814669,0.6474384051682756,86.58742885006718,0.08336774516018323,0.06577483962512656,,,
sample,1779734197.902959,48.49518275260925,1.7624,0.0,0.019800232787914967,0,0.8673693775918483,0.6466108977501402,86.75019101557747,0.08408106214461161,0.06600940249674077,,,
sample,1779734197.9500406,48.542264223098755,1.7624,0.0,0.019800232787914967,0,0.8673693775918483,0.6466108977501402,86.75019101557747,0.08408106214461161,0.06600940249674077,,,
sample,1779734198.0003996,48.592623233795166,1.8425,0.8118681547467373,0.0220942731064984,0,1.0466285010932435,0.5166515511964096,86.97160299609153,0.09261364316490397,0.07365956321985619,,,
sample,1779734198.049767,48.641990661621094,1.8425,0.0,0.0220942731064984,0,1.0466285010932435,0.5166515511964096,86.97160299609153,0.09261364316490397,0.07365956321985619,,,
sample,1779734198.1006083,48.69283199310303,1.8425,-0.03156860999609388,0.02561266344481366,0,1.0915912302401252,0.4824451223161199,87.02809836571664,0.10702306652083007,0.0853942187446784,,,
sample,1779734198.149807,48.74203062057495,1.8425,0.5130957352849868,0.019040794535234273,0,1.2219245604308742,0.49020118312839933,87.15866227128757,0.0804518108549489,0.06347698653597389,,,
sample,1779734198.200527,48.79275059700012,1.8425,0.29527747697903933,0.014407054949086458,0,1.3623229974430378,0.5013933318223067,87.29950610433625,0.0606532780593865,0.04802683941161138,,,
sample,1779734198.2497327,48.84195637702942,1.8425,0.10431779212751224,0.012822698000397944,0,1.4104431966085087,0.5052293319637736,87.34777895866256,0.05394723230056612,0.04274466940909049,,,
sample,1779734198.3014333,48.893656969070435,1.8425,0.0,0.011356431523089463,0,1.5927474667404837,0.5197620898937965,87.53066156571256,0.04748413948464193,0.0378563991857631,,,
sample,1779734198.3501182,48.942341804504395,1.8425,0.0,0.011356431523089463,0,1.5927474667404837,0.5197620898937965,87.53066156571256,0.04748413948464193,0.0378563991857631,,,
sample,1779734198.400805,48.99302864074707,1.7624,0.6843556354872901,0.0014839051174180865,0,1.7628954798701573,0.5392842237453339,87.70192586462537,0.006256086597577197,0.004946354021975795,,,
sample,1779734198.4503157,49.04253935813904,1.7624,0.0,0.0014839051174180865,0,1.7628954798701573,0.5392842237453339,87.70192586462537,0.006256086597577197,0.004946354021975795,,,
sample,1779734198.4997394,49.091963052749634,1.8425,-0.3263729156527922,0.009748313628493653,0,1.7906990908736602,0.4887589040532362,87.75959603642,0.04065938440594097,0.03249540811024642,,,
sample,1779734198.5503125,49.14253616333008,1.8425,0.28088090904880086,0.005826652721895649,0,1.88606532268707,0.49951485418494834,87.85556691030122,0.02473954461989318,0.019422395536161464,,,
sample,1779734198.6002405,49.192464113235474,1.8425,0.2957078072775908,-3.87532411319149e-05,0,2.037546596568272,0.5194106080937388,88.00834916503085,-0.0001616449665404324,-0.0001291774705043832,,,
sample,1779734198.6500816,49.242305278778076,1.8425,0.07059687050085722,-0.000882317835066327,0,2.0736481644235205,0.5241522364902154,88.04476078737122,-0.0037325839341164667,-0.002941060213411317,,,
sample,1779734198.7004766,49.29270029067993,1.8425,0.36112355803530455,-0.007919399637789032,0,2.2514041770039945,0.5507979549672173,88.22450280895121,-0.033264371422749725,-0.026398550673275997,,,
sample,1779734198.749887,49.3421106338501,1.8425,0.0,-0.007919399637789032,0,2.2514041770039945,0.5507979549672173,88.22450280895121,-0.033264371422749725,-0.026398550673275997,,,
sample,1779734198.8015072,49.393730878829956,1.8425,0.4252686128510389,-0.01627602236669459,0,2.433033988830526,0.5821152936760727,88.40881277679871,-0.06801856483745504,-0.054258199133622134,,,
sample,1779734198.8509796,49.44320321083069,1.8425,0.0,-0.01627602236669459,0,2.433033988830526,0.5821152936760727,88.40881277679871,-0.06801856483745504,-0.054258199133622134,,,
sample,1779734198.9005833,49.492806911468506,1.8425,0.0972982999385162,-0.019079500464813326,0,2.5288769563112687,0.5995536774337753,88.50622926228036,-0.07968611341675101,-0.06360605318409804,,,
sample,1779734198.9505932,49.54281687736511,1.8425,0.0881254586792493,-0.02095754554094878,0,2.6163952558416614,0.6154774090663461,88.59518440817871,-0.08888353592173263,-0.06986871465172437,,,
sample,1779734199.007919,49.60014271736145,1.8425,0.02863443707332962,-0.024678270100561457,0,2.773806648728671,0.6444215629384267,88.75523474605401,-0.10310619194917563,-0.08227760383363131,,,
sample,1779734199.054413,49.646636724472046,1.8425,0.0,-0.024678270100561457,0,2.773806648728671,0.6444215629384267,88.75523474605401,-0.10310619194917563,-0.08227760383363131,,,
sample,1779734199.1011734,49.6933970451355,1.9227,-0.782496074452684,-0.013476755433312778,0,2.9225910232816696,0.624573799122797,88.90533712391529,-0.05726392348689168,-0.04492523796186341,,,
sample,1779734199.150007,49.74223065376282,1.9227,0.0,-0.013476755433312778,0,2.9225910232816696,0.624573799122797,88.90533712391529,-0.05726392348689168,-0.04492523796186341,,,
sample,1779734199.200521,49.792744636535645,1.8425,-0.25175830305118246,-0.011470874440234233,0,3.086002353578597,0.6304697117273854,89.06885478245665,-0.04805519523313372,-0.03823792527647033,,,
sample,1779734199.2500384,49.84226202964783,1.8425,0.0,-0.011470874440234233,0,3.086002353578597,0.6304697117273854,89.06885478245665,-0.04805519523313372,-0.03823792527647033,,,
sample,1779734199.3004355,49.892659187316895,1.8425,-0.08014056055345381,-0.011665375907686818,0,3.214018564418665,0.6467371185261649,89.19790042849637,-0.04942981277110296,-0.03888635027270503,,,
sample,1779734199.3513324,49.94355607032776,1.8425,-0.03690962688829394,-0.012385425664374073,0,3.273562480021871,0.6543035438339698,89.25792316316667,-0.051680212677670125,-0.04128686335417334,,,
sample,1779734199.4002028,49.99242639541626,1.9227,-0.18560675237772914,-0.011833172619066261,0,3.4686082429867904,0.6772928565719959,89.45431908509667,-0.0502752861455541,-0.03944574986429533,,,
sample,1779734199.4501388,50.042362451553345,1.9227,0.0,-0.011833172619066261,0,3.4686082429867904,0.6772928565719959,89.45431908509667,-0.0502752861455541,-0.03944574986429533,,,
sample,1779734199.5055673,50.09779095649719,1.8425,-0.1606565275748505,-0.011735388615098251,0,3.6495584612261154,0.6969887116790574,89.63633806264917,-0.04951433638344292,-0.039119757915973864,,,
sample,1779734199.5499706,50.14219427108765,1.8425,0.0,-0.011735388615098251,0,3.6495584612261154,0.6969887116790574,89.63633806264917,-0.04951433638344292,-0.039119757915973864,,,
sample,1779734199.6000993,50.192322969436646,1.8425,-0.07236788865300696,-0.008856434221573065,0,3.6647715807096692,0.6765757733728524,89.66179640223984,-0.03756326800552995,-0.029522219281746833,,,
sample,1779734199.6505601,50.24278378486633,1.8425,-0.06268630083084523,-0.009515077257828339,0,3.7778346858127363,0.6881059962905601,89.775445915112,-0.039795781703184985,-0.031717881409259435,,,
sample,1779734199.7012742,50.293497800827026,1.9227,-0.015767478675800795,-0.010249220093734093,0,3.918063568036887,0.7022553232353552,89.91638683487211,-0.043557695082914835,-0.03416526330141146,,,
sample,1779734199.749765,50.3419885635376,1.9227,-0.005529716718885959,-0.010649288800208764,0,3.965086436218558,0.7070000086755556,89.9636484701798,-0.04521121481545352,-0.03549897129228551,,,
sample,1779734199.8022635,50.394487142562866,1.8425,-0.046284244341280374,-0.011885183458016061,0,4.148647895790983,0.7250712049614223,90.14809731830731,-0.05015848183790878,-0.03961914371248603,,,
sample,1779734199.8505244,50.442748069763184,1.8425,0.0,-0.011885183458016061,0,4.148647895790983,0.7250712049614223,90.14809731830731,-0.05015848183790878,-0.03961914371248603,,,
sample,1779734199.9005542,50.492777824401855,1.8425,-0.10601994414850283,-0.01233973426940478,0,4.332437913463094,0.7421811084075606,90.3326820397548,-0.051767457472795465,-0.041134535424642335,,,
sample,1779734199.9500642,50.542287826538086,1.8425,0.0,-0.01233973426940478,0,4.332437913463094,0.7421811084075606,90.3326820397548,-0.051767457472795465,-0.041134535424642335,,,
sample,1779734200.0004816,50.59270524978638,1.8425,-0.024989986060899697,-0.012449408842173038,0,4.416359465079777,0.7497555559031979,90.4169447188044,-0.052928961260027864,-0.04150017350265757,,,
sample,1779734200.0506716,50.642895221710205,1.8425,-0.030981706863594905,-0.013327990711637731,0,4.519933080998037,0.7591037257188546,90.52093934459481,-0.05566237077489269,-0.04442926647251251,,,
sample,1779734200.1009607,50.69318437576294,1.8425,0.05590036869923194,-0.014883256475032787,0,4.626414978334919,0.7693198219003603,90.6279101961463,-0.06233024082667835,-0.04961451836341518,,,
sample,1779734200.1511824,50.74340605735779,1.8425,0.0,-0.014883256475032787,0,4.626414978334919,0.7693198219003603,90.6279101961463,-0.06233024082667835,-0.04961451836341518,,,
sample,1779734200.2028594,50.79508304595947,1.9227,-0.3907571124615343,-0.01142908729928159,0,4.83824707637072,0.7849997488948336,90.84032181981318,-0.04807796738894532,-0.03809861654374392,,,
sample,1779734200.2499611,50.8421847820282,1.9227,0.0,-0.01142908729928159,0,4.83824707637072,0.7849997488948336,90.84032181981318,-0.04807796738894532,-0.03809861654374392,,,
sample,1779734200.3003576,50.89258122444153,1.8425,-0.35693910060945727,-0.008162564996953389,0,5.029013060542495,0.7954339638058314,91.03137294793818,-0.034210226881808956,-0.027209154284874876,,,
sample,1779734200.3499608,50.94218444824219,1.8425,0.0,-0.008162564996953389,0,5.029013060542495,0.7954339638058314,91.03137294793818,-0.034210226881808956,-0.027209154284874876,,,
sample,1779734200.4002357,50.992459297180176,1.8425,-0.07461737452163213,-0.007711100065829299,0,5.131333096575945,0.8003627537675245,91.13381162590882,-0.032347553593111776,-0.025704176354010917,,,
sample,1779734200.4501843,51.04240798950195,1.8425,-0.05520591225298519,-0.00727596223626078,0,5.206543801576529,0.8039856782912956,91.20910953908567,-0.03082307646686384,-0.02425363544851347,,,
sample,1779734200.5020106,51.094234228134155,1.8425,-0.007545606546295547,-0.008064234210018848,0,5.379461838304181,0.8122461731963926,91.38222477007885,-0.03380758042685604,-0.02688136341773,,,
sample,1779734200.5521135,51.14433717727661,1.8425,-0.00014361266072111068,-0.00806251859125458,0,5.382643488781224,0.8123981643249802,91.38541004888317,-0.03384206725067256,-0.026875644316679086,,,
sample,1779734200.6016653,51.193888902664185,1.8425,-0.15964109114854777,-0.006913179624038501,0,5.573410318953549,0.8199993534004898,91.57632825537317,-0.02891379219113102,-0.023044299192750403,,,
sample,1779734200.6495752,51.241798877716064,1.8425,0.0,-0.006913179624038501,0,5.573410318953549,0.8199993534004898,91.57632825537317,-0.02891379219113102,-0.023044299192750403,,,
sample,1779734200.701594,51.29381775856018,1.9227,0.2894884232716572,-0.011869743513435324,0,5.744909785582926,0.8359239186816853,91.7485654721225,-0.05007741967569667,-0.03956766996927668,,,
sample,1779734200.7496655,51.34188914299011,1.9227,0.0,-0.011869743513435324,0,5.744909785582926,0.8359239186816853,91.7485654721225,-0.05007741967569667,-0.03956766996927668,,,
sample,1779734200.8003738,51.39259743690491,1.8425,-0.01628281858434996,-0.012168114671579822,0,5.8551787183213175,0.8418408227528776,91.85899303788871,-0.0515440082233499,-0.04056238418798871,,,
sample,1779734200.8524692,51.444692850112915,1.8425,-0.008640457409238373,-0.012556290870666334,0,5.915293435603353,0.8450665093228976,91.91919423627999,-0.05237329439001613,-0.04185650263022172,,,
sample,1779734200.9010923,51.49331593513489,1.8425,0.10304181133862862,-0.014566752955034895,0,6.10323276226127,0.8560957060275469,92.10745690832249,-0.06167075209060887,-0.048559277834478644,,,
sample,1779734200.9504662,51.54268980026245,1.8425,0.0,-0.014566752955034895,0,6.10323276226127,0.8560957060275469,92.10745690832249,-0.06167075209060887,-0.048559277834478644,,,
sample,1779734201.0007062,51.59292984008789,1.9227,-0.004079577207457732,-0.015595525481493675,0,6.300166643764258,0.8676122453785986,92.30472724152659,-0.06595241825571597,-0.05198929995969603,,,
sample,1779734201.0510468,51.64327049255371,1.9227,0.0,-0.015595525481493675,0,6.300166643764258,0.8676122453785986,92.30472724152659,-0.06595241825571597,-0.05198929995969603,,,
sample,1779734201.1013346,51.69355821609497,1.8425,-0.08754067116987847,-0.015646062591074286,0,6.49116855408427,0.87793839126488,92.49600807965409,-0.06572766673983392,-0.05215779810342155,,,
sample,1779734201.1581085,51.75033211708069,1.8425,0.0,-0.015552085068839145,0,6.49116855408427,0.87793839126488,92.49600807965409,-0.06553565453272825,-0.051844463457859,,,
sample,1779734201.2038553,51.79607892036438,1.8425,0.0788168644780919,-0.01721349345477108,0,6.627839908410649,0.8859351473640321,92.6329131825594,-0.0721724761494474,-0.057383979335562656,,,
sample,1779734201.2504575,51.84268116950989,1.8425,0.01533306551993279,-0.01796752596920862,0,6.6189437785424365,0.8917568765392384,92.64354491135681,-0.07507925081689278,-0.059898199054346374,,,
sample,1779734201.3016443,51.89386796951294,1.9227,-0.137542760889874,-0.01699510549395811,0,6.813849344685053,0.9017624113201863,92.83870712706371,-0.07225440266510892,-0.05665580645194582,,,
sample,1779734201.352802,51.94502568244934,1.9227,0.0,-0.01699510549395811,0,6.813849344685053,0.9017624113201863,92.83870712706371,-0.07225440266510892,-0.05665580645194582,,,
sample,1779734201.4068713,51.99909496307373,1.8425,-0.16107419888790991,-0.015735265803079598,0,7.004404466731041,0.9098813666305858,93.02943513227872,-0.0666372212415645,-0.05245521536084722,,,
sample,1779734201.4527066,52.04493021965027,1.8425,0.0,-0.015735265803079598,0,7.004404466731041,0.9098813666305858,93.02943513227872,-0.0666372212415645,-0.05245521536084722,,,
sample,1779734201.5040982,52.09632182121277,1.8425,-0.0005517241653206036,-0.016120793724600683,0,7.0957591544654735,0.9137687936695303,93.12087249368005,-0.06804016555211394,-0.05374063453452086,,,
sample,1779734201.553702,52.145925760269165,1.8425,-0.0005097923542719612,-0.01650700015863255,0,7.17723449080126,0.9172358234775633,93.20242156312122,-0.06917143694505716,-0.05502833201220916,,,
sample,1779734201.6045904,52.19681406021118,1.9227,-0.022671594108733758,-0.016802600800475243,0,7.351655168029045,0.9244359672612247,93.37699078926119,-0.07107822691124088,-0.05601394085744826,,,
sample,1779734201.6556242,52.24784779548645,1.9227,-0.002289373350546082,-0.016965268136532607,0,7.369318472204549,0.9251651143542156,93.39466913674842,-0.07087220940807211,-0.05655631991197999,,,
sample,1779734201.7053316,52.29755520820618,1.8425,-0.16801249184309872,-0.015424457649113517,0,7.555341003440577,0.9312884784419508,93.58079242308092,-0.06532734871887878,-0.051418936654867936,,,
sample,1779734201.753646,52.34586954116821,1.8425,0.0,-0.015424457649113517,0,7.555341003440577,0.9312884784419508,93.58079242308092,-0.06532734871887878,-0.051418936654867936,,,
sample,1779734201.8047214,52.396944999694824,1.8425,-0.025267517872502518,-0.015957972371012298,0,7.739393945372145,0.9310122280030354,93.76484557232855,-0.06754042974716983,-0.053197757038355914,,,
sample,1779734201.8535945,52.445818185806274,1.8425,0.0,-0.015141243521434219,0,7.739393945372145,0.9310122280030354,93.76484557232855,-0.06372903359469337,-0.05047466902509741,,,
sample,1779734201.9007843,52.49300789833069,1.8425,0.012455960760661636,-0.015581619659538146,0,7.851492155191959,0.9346658313389827,93.87700330706916,-0.06589205064960246,-0.05194293595413608,,,
sample,1779734201.9505394,52.542762994766235,1.8425,0.007610441933730657,-0.015971523147055227,0,7.923706182028683,0.9370194943437443,93.94925568005105,-0.0668170216324111,-0.05324293780622034,,,
sample,1779734202.0080793,52.600302934646606,1.9227,-0.0301772221029008,-0.015983873563440415,0,8.11524030269329,0.9429292288878667,94.14088095067355,-0.06795277780851203,-0.05328411637228982,,,
sample,1779734202.0528414,52.64506506919861,1.9227,0.0,-0.015983873563440415,0,8.11524030269329,0.9429292288878667,94.14088095067355,-0.06795277780851203,-0.05328411637228982,,,
sample,1779734202.1055849,52.697808504104614,1.8425,0.09097437748920245,-0.017767829590928683,0,8.299479907083727,0.9494989096074601,94.32523764984855,-0.07508048141381127,-0.05923233189979499,,,
sample,1779734202.1529634,52.74518704414368,1.8425,0.0,-0.017767829590928683,0,8.299479907083727,0.9494989096074601,94.32523764984855,-0.07508048141381127,-0.05923233189979499,,,
sample,1779734202.2056315,52.79785513877869,1.8425,-0.022427721131906355,-0.017967741761915963,0,8.487572315667789,0.9559835222182995,94.51344180593354,-0.07534582277045937,-0.05989891859563958,,,
sample,1779734202.2554214,52.84764504432678,1.8425,0.0,-0.018124512369497383,0,8.487572315667789,0.9559835222182995,94.51344180593354,-0.07622916394489948,-0.06042165750673613,,,
sample,1779734202.3034265,52.895650148391724,1.8425,-0.02323497790713647,-0.017857151892792765,0,8.579699038156745,0.9556913842998508,94.60556899161247,-0.07487389906373978,-0.059530167394896215,,,
sample,1779734202.3552394,52.947463035583496,1.8425,0.0038499448883157154,-0.018059316516403936,0,8.624602581495726,0.9571982885504372,94.65049781270558,-0.0755725073381023,-0.060204266848372594,,,
sample,1779734202.4045208,52.99674439430237,1.9227,-0.084341412316422,-0.017474594698590203,0,8.813353559080932,0.9627472104761624,94.83933033658298,-0.07422415228396138,-0.05825457868374549,,,
sample,1779734202.4500606,53.0422842502594,1.9227,0.0,-0.017474594698590203,0,8.813353559080932,0.9627472104761624,94.83933033658298,-0.07422415228396138,-0.05825457868374549,,,
sample,1779734202.5020144,53.09423804283142,1.8425,-0.079967453912215,-0.01696382401517298,0,8.994467434866555,0.967318595400272,95.02050189495297,-0.0715153639400629,-0.05655150478847508,,,
sample,1779734202.5507526,53.1429762840271,1.8425,0.0,-0.01696382401517298,0,8.994467434866555,0.967318595400272,95.02050189495297,-0.0715153639400629,-0.05655150478847508,,,
sample,1779734202.600994,53.193217754364014,1.8425,0.15819596515597678,-0.01819019736592123,0,9.178993746211873,0.9734439859904459,95.20512984513547,-0.07641295795507407,-0.060640679696283215,,,
sample,1779734202.6510363,53.2432599067688,1.8425,0.0,-0.01945697454724893,0,9.178993746211873,0.9734439859904459,95.20512984513547,-0.08155033580694403,-0.0648647673991807,,,
sample,1779734202.7008874,53.293111085891724,1.9227,-0.10859965835175339,-0.01853779978678033,0,9.34124744586204,0.9777930152558466,95.36744181975754,-0.0780521665474228,-0.06179974527937635,,,
sample,1779734202.7516608,53.34388446807861,1.9227,-0.019138808426870876,-0.018431094428361314,0,9.370370820950466,0.9785736348092985,95.39657565478537,-0.07697661858414676,-0.06179974527937635,,,
sample,1779734202.8003724,53.39259600639343,1.8425,-0.03721295182408966,-0.01834364788711953,0,9.55489869181519,0.9831849802501825,95.58116113534287,-0.07763606759716364,-0.06115235215072724,,,
sample,1779734202.8507466,53.442970275878906,1.8425,0.0,-0.01834364788711953,0,9.55489869181519,0.9831849802501825,95.58116113534287,-0.07763606759716364,-0.06115235215072724,,,
sample,1779734202.9020555,53.49427914619446,1.8425,-0.4412825201907161,-0.010423010169972744,0,9.746213430829965,0.9552200346622319,95.77450892443296,-0.04395382650850814,-0.0347446254511098,,,
sample,1779734202.9496007,53.54182434082031,1.8425,0.0,-0.010423010169972744,0,9.746213430829965,0.9552200346622319,95.77450892443296,-0.04395382650850814,-0.0347446254511098,,,
sample,1779734203.0010014,53.59322500228882,1.9227,-0.032887937616266794,-0.0100147761268243,0,9.843008619666291,0.9551351743885461,95.87130415046775,-0.04217863411168304,-0.03338370317795803,,,
sample,1779734203.0502706,53.642494201660156,1.9227,-0.031039611469998233,-0.009643802206603333,0,9.93057556598016,0.9550584045085619,95.95887113043366,-0.04042012712155923,-0.03214700394994646,,,
sample,1779734203.1006784,53.69290208816528,1.8425,0.1162014290813764,-0.011109218730938538,0,10.114434674474856,0.9559741718991646,96.14273251954616,-0.047183640351178606,-0.03703225255761332,,,
sample,1779734203.1500602,53.74228382110596,1.8425,0.0,-0.011109218730938538,0,10.114434674474856,0.9559741718991646,96.14273251954616,-0.047183640351178606,-0.03703225255761332,,,
sample,1779734203.2002778,53.79250144958496,1.8425,0.12923716771109034,-0.012847377999010706,0,10.298652786085507,0.9580873851242003,96.32696275136365,-0.05423638646712784,-0.04282694962508762,,,
sample,1779734203.2497873,53.84201097488403,1.8425,0.0,-0.012847377999010706,0,10.298652786085507,0.9580873851242003,96.32696275136365,-0.05423638646712784,-0.04282694962508762,,,
sample,1779734203.301083,53.893306732177734,1.9227,-0.0971179436680997,-0.011788165399326391,0,10.490728925474457,0.9593337875654787,96.51904293472886,-0.049606476610266244,-0.0392957048693818,,,
sample,1779734203.3502326,53.94245624542236,1.9227,0.0,-0.011788165399326391,0,10.490728925474457,0.9593337875654787,96.51904293472886,-0.049606476610266244,-0.0392957048693818,,,
sample,1779734203.4001515,53.99237513542175,1.8425,-0.15772353443341033,-0.008879190705055542,0,10.579565351715168,0.948084632422106,96.60858875606442,-0.03720316795404974,-0.029598080192093017,,,
sample,1779734203.450332,54.04255557060242,1.8425,-0.007311930653219732,-0.008783585004778214,0,10.634585403081779,0.9479882765526617,96.66360889180433,-0.036873963725658654,-0.029279369667584283,,,
sample,1779734203.5003793,54.09260296821594,1.8425,-0.04982528822391758,-0.008111527359243566,0,10.817374348808055,0.9472123491492318,96.84639948440433,-0.03382637168614014,-0.027039017561042645,,,
sample,1779734203.54976,54.1419837474823,1.8425,0.0,-0.008111527359243566,0,10.817374348808055,0.9472123491492318,96.84639948440433,-0.03382637168614014,-0.027039017561042645,,,
sample,1779734203.6005085,54.192732095718384,1.8425,-0.05325065711960067,-0.011980650311745545,0,10.997975486681097,0.9459576398438795,97.02700498071184,-0.050523148957415935,-0.03993741187597945,,,
sample,1779734203.6500237,54.242247343063354,1.8425,0.0,-0.011980650311745545,0,10.997975486681097,0.9459576398438795,97.02700498071184,-0.050523148957415935,-0.03993741187597945,,,
sample,1779734203.7011573,54.29338097572327,1.9227,0.04208450955150436,-0.012148335784809507,0,11.194868008512918,0.9450134621437981,97.22389976638384,-0.0508877615717383,-0.0404964448185806,,,
sample,1779734203.7510903,54.34331393241882,1.9227,0.0,-0.017014496808368074,0,11.194868008512918,0.9450134621437981,97.22389976638384,-0.07160775211110786,-0.05672046286110392,,,
sample,1779734203.8008072,54.393030881881714,1.8425,0.013599134981826145,-0.017120456497995165,0,11.333845644091754,0.9444693645744143,97.36287846702983,-0.07174924380298173,-0.05707376473326256,,,
sample,1779734203.849831,54.442054748535156,1.8425,0.004166772097572171,-0.01715104831574601,0,11.375834734863723,0.9443049772459455,97.40486787958883,-0.07165652879484963,-0.057175767407629564,,,
sample,1779734203.900372,54.49259567260742,1.8425,0.011530209264509303,-0.02185596558315833,0,11.574056706624555,0.9436444529114977,97.60309095186133,-0.0929407494819467,-0.07286482108108716,,,
sample,1779734203.9496925,54.54191613197327,1.8425,0.0,-0.02185596558315833,0,11.574056706624555,0.9436444529114977,97.60309095186133,-0.0929407494819467,-0.07286482108108716,,,
sample,1779734203.999862,54.59208559989929,1.8425,-0.03280005857129243,-0.02091796241605478,0,11.594302781853672,0.9378049228804775,97.62416234652724,-0.08793593269149558,-0.06973671304239118,,,
sample,1779734204.0507138,54.642937421798706,1.8425,0.04302719535580033,-0.002934316638153553,0,11.799377231418859,0.9372328080424579,97.82923759413127,-0.01239448713181795,-0.009781083532935851,,,
sample,1779734204.100117,54.6923406124115,1.8425,-0.014235729229733837,0.0018681144827305501,0,11.842475123740046,0.9370145017710158,97.87233603934867,0.007870399149301426,0.006227055519603661,,,
sample,1779734204.1506069,54.74283051490784,1.8425,-0.031139710776444254,0.011514623640661206,0,11.938822617368025,0.9365264671836168,97.96868476900377,0.04841797541529076,0.0383837752080728,,,
sample,1779734204.2000434,54.792267084121704,1.9227,-0.003927943668161677,0.025469366616169886,0,12.12252406260843,0.9355585021637721,98.15238876444126,0.10823038980957393,0.08491625091699323,,,
sample,1779734204.2499278,54.842151403427124,1.9227,-0.00019407475064039083,0.03010590145951157,0,12.131682725742019,0.9355102430685306,98.16154755471808,0.12575991127529224,0.1003833346882559,,,
sample,1779734204.3006275,54.89285111427307,1.8425,0.073981799582825,0.04305653569006493,0,12.328060982262965,0.935212076903492,98.35792603759559,0.1820683741007124,0.14361054146842367,,,
sample,1779734204.3495605,54.941784143447876,1.8425,0.0,0.04305653569006493,0,12.328060982262965,0.935212076903492,98.35792603759559,0.1820683741007124,0.14361054146842367,,,
sample,1779734204.4053907,54.99761438369751,1.8425,0.10700475832439706,0.05540664723465518,0,12.50544752286694,0.9360024769621018,98.53531433912559,0.2348583160967039,0.1848780483402375,,,
sample,1779734204.449606,55.04182958602905,1.8425,0.0,0.05540664723465518,0,12.50544752286694,0.9360024769621018,98.53531433912559,0.2348583160967039,0.1848780483402375,,,
sample,1779734204.501369,55.09359264373779,1.8425,0.0008733012024652669,0.06185080280532115,0,12.579350198287127,0.9159163916576474,98.6118979944126,0.2634319962178696,0.20643264737504954,,,
sample,1779734204.550136,55.14235973358154,1.8425,0.1251632916593763,0.06959226267398477,0,12.651562743482515,0.9166822222051314,98.68411460039782,0.29664214416644663,0.23234942593065447,,,
sample,1779734204.6024795,55.194703102111816,1.7624,0.4539283198181629,0.09623734122608059,0,12.82086475242649,0.9225882385763657,98.85351959224234,0.4218222986536453,0.3217851692864308,,,
sample,1779734204.649641,55.2418646812439,1.7624,0.010716221739267024,0.09612961328169811,0,12.82446591887111,0.9227138634765671,98.85712294920181,0.4218943442557743,0.32142273347679884,,,
sample,1779734204.7011278,55.29335141181946,1.8425,0.5296659678555976,0.11278933147795336,0,13.007211059457326,0.9340844929852881,99.04022149540931,0.50165925371832,0.37756686164386033,,,
sample,1779734204.7501576,55.34238123893738,1.8425,0.0,0.11278933147795336,0,13.007211059457326,0.9340844929852881,99.04022149540931,0.50165925371832,0.37756686164386033,,,
sample,1779734204.8003774,55.392601013183594,1.8425,0.7775776317655477,0.11417571031693996,0,13.191548866577469,0.9528017317270756,99.22550711859681,0.5054340883796187,0.3822481538596518,,,
sample,1779734204.852157,55.44438076019287,1.8425,0.0,0.12691910738425222,0,13.191548866577469,0.9528017317270756,99.22550711859681,0.5665253831987539,0.4253500591818681,,,
sample,1779734204.9006677,55.49289131164551,1.7624,0.8347400076038439,0.13210564140218892,0,13.309879221805083,0.9718883259697316,99.34536691606067,0.5945709225798359,0.4429318081278977,,,
sample,1779734204.951275,55.54349875450134,1.7624,0.36036585658856984,0.13303810174778988,0,13.363171803237778,0.9804843778956557,99.39934831419441,0.6022997327510647,0.44609528359008027,,,
sample,1779734205.0006204,55.592844009399414,1.8425,1.4507404667157167,0.14107221185901603,0,13.546355964013692,1.023667407196457,99.58755354998442,0.6377134389425526,0.47338521854237703,,,
sample,1779734205.0503297,55.64255332946777,1.8425,0.0,0.14107221185901603,0,13.546355964013692,1.023667407196457,99.58755354998442,0.6377134389425526,0.47338521854237703,,,
sample,1779734205.1005154,55.69273900985718,1.7624,2.523182054689953,0.1304834460292339,0,13.715630898747115,1.1186019487397025,99.78163232447311,0.5880449871183129,0.43743019443596015,,,
sample,1779734205.1497102,55.741933822631836,1.7624,0.0,0.1304834460292339,0,13.715630898747115,1.1186019487397025,99.78163232447311,0.5880449871183129,0.43743019443596015,,,
sample,1779734205.199775,55.791998624801636,1.7624,0.5481162598336294,0.12728692572705946,0,13.77838155789359,1.148049576054975,99.85094904668223,0.5692945854230118,0.4265961428695828,,,
sample,1779734205.2500927,55.84231638908386,1.7624,1.057143021386314,0.12897535582592215,0,13.900019253964427,1.2051317101728245,99.98531458966431,0.5753527240691205,0.4323176652769533,,,
sample,1779734205.3002698,55.89249348640442,1.7624,1.5310323869953333,0.12121627114913583,0,14.007990127610272,1.2685537883643516,100.11053467414752,0.5419085615122641,0.4060449126273869,,,
sample,1779734205.349721,55.94194459915161,1.7624,0.3136320917535955,0.12202951041565747,0,14.029787957875294,1.28135783123992,100.13581488218112,0.5408304873796368,0.4087962075721294,,,
sample,1779734205.4006522,55.992875814437866,1.6823,1.869642565790007,0.11339247203592084,0,14.171434513849375,1.3838395603410174,100.31064694908783,0.5031130122594993,0.3796032640644255,,,
sample,1779734205.4495366,56.041760206222534,1.6823,0.0,0.11339247203592084,0,14.171434513849375,1.3838395603410174,100.31064694908783,0.5031130122594993,0.3796032640644255,,,
sample,1779734205.5012095,56.093433141708374,1.7624,1.7568865303638617,0.10813828437281045,0,14.300666759701594,1.496525865923587,100.48210883066463,0.47192507045695503,0.3618726148108993,,,
sample,1779734205.5495152,56.14173889160156,1.7624,0.0,0.10813828437281045,0,14.300666759701594,1.496525865923587,100.48210883066463,0.47192507045695503,0.3618726148108993,,,
sample,1779734205.6000595,56.192283153533936,1.7624,1.346356087728431,0.10189907743855321,0,14.405512190860755,1.522514822070184,100.59012730258745,0.4451700390416516,0.34084411833531836,,,
sample,1779734205.6505647,56.242788314819336,1.7624,0.7049957719018585,0.10050908790681701,0,14.46128787199795,1.582382296833956,100.6719505336463,0.4350053900241416,0.33616303771731976,,,
sample,1779734205.7000933,56.292316913604736,1.7624,1.2259271702741328,0.09595129504857461,0,14.56030792289853,1.7033762601555922,100.82829793413838,0.4140796660127686,0.3208228229206118,,,
sample,1779734205.7502942,56.3425178527832,1.7624,0.06888947577084603,0.09520026403797889,0,14.565947767728908,1.7102676641928567,100.8372029495407,0.41199684078013504,0.3182963778915232,,,
sample,1779734205.7999935,56.39221715927124,1.7624,1.4963278862320601,0.08671820154537782,0,14.667186430005147,1.8546603695182466,101.0135506744783,0.3762410599765662,0.28978744126136774,,,
sample,1779734205.8503351,56.44255876541138,1.7624,0.0,0.08671820154537782,0,14.667186430005147,1.8546603695182466,101.0135506744783,0.3762410599765662,0.28978744126136774,,,
sample,1779734205.9004126,56.49263620376587,1.7624,0.474060780132669,0.08377973895769956,0,14.694030751797406,1.9002260591454263,101.06643592463074,0.36309239404665056,0.279921029262902,,,
sample,1779734205.951519,56.543742656707764,1.7624,1.0831337605270919,0.07848297755271068,0,14.756624958067853,2.0064737862234554,101.18975102576549,0.33504190596559963,0.2621483874541896,,,
sample,1779734206.0013845,56.593608140945435,1.8425,0.9770334915768409,0.07142328292063943,0,14.809700751486762,2.1144265499594788,101.31004582634013,0.305933761711549,0.23848327145440906,,,
sample,1779734206.0531626,56.64538621902466,1.8425,0.5160527151301677,0.06740095091078585,0,14.838809732085105,2.1736323517517873,101.37602051631549,0.2897681120546209,0.22501067238293707,,,
sample,1779734206.1047337,56.69695734977722,1.7624,1.2120690150160456,0.06020818256916288,0,14.913515920663276,2.354224796753518,101.5714550214664,0.25720571080904603,0.2009368009201769,,,
sample,1779734206.1505592,56.74278283119202,1.7624,0.0,0.06020818256916288,0,14.913515920663276,2.354224796753518,101.5714550214664,0.25720571080904603,0.2009368009201769,,,
sample,1779734206.202083,56.79430675506592,1.7624,1.1177243493533175,0.056721882046844536,0,15.01388523067998,2.4697358223111276,101.72448049457007,0.23982577531097013,0.18927597410953506,,,
sample,1779734206.252928,56.84515166282654,1.7624,0.0,0.056721882046844536,0,15.01388523067998,2.4697358223111276,101.72448049457007,0.23982577531097013,0.18927597410953506,,,
sample,1779734206.3048546,56.89707827568054,1.8425,1.1067133523553117,0.054864251071502355,0,15.092178564151128,2.632092242016161,101.90472880409186,0.23378518892387476,0.18306455379469805,,,
sample,1779734206.3537805,56.946004152297974,1.8425,0.0,0.049939982039232174,0,15.092178564151128,2.632092242016161,101.90472880409186,0.21219453570984326,0.16660513433358695,,,
sample,1779734206.405508,56.99773168563843,1.7624,0.5602602854784497,0.04654946177116789,0,15.126690324380183,2.7707200044813365,102.04758788892796,0.19684985351684875,0.15527704291925068,,,
sample,1779734206.452721,57.044944763183594,1.7624,0.1358223290090339,0.045053814512308596,0,15.134326729966942,2.8013941228903327,102.07919827061586,0.19278352018470787,0.15028107796212736,,,
sample,1779734206.5049033,57.097126960754395,1.7624,0.6859648458333132,0.0405823016856142,0,15.171031353217344,2.9751365094600404,102.25677542640706,0.1717472662532382,0.13534865005582103,,,
sample,1779734206.5540237,57.14624738693237,1.7624,0.0,0.0405823016856142,0,15.171031353217344,2.9751365094600404,102.25677542640706,0.1717472662532382,0.13534865005582103,,,
sample,1779734206.606097,57.198320627212524,1.8425,0.7677689054075012,0.034291903440364646,0,15.201948071653293,3.1571899184226595,102.44143534949207,0.14394020676601968,0.11435117148350041,,,
sample,1779734206.65253,57.24475359916687,1.8425,0.0,0.034291903440364646,0,15.201948071653293,3.1571899184226595,102.44143534949207,0.14394020676601968,0.11435117148350041,,,
sample,1779734206.706521,57.298744678497314,1.8425,0.3698853557530925,0.030068076741358328,0,15.213317995376103,3.246271064169271,102.53123916730063,0.12805111389093335,0.10025713809230755,,,
sample,1779734206.753487,57.34571075439453,1.8425,0.3783934775827183,0.02950436384785304,0,15.248767828979133,3.317239882006911,102.61056926126095,0.12423871828120368,0.09837642695497557,,,
sample,1779734206.8043258,57.396549463272095,1.7624,0.6588912002786771,0.025826443646652878,0,15.296370322614148,3.430798294411483,102.73370134655198,0.10924848518564213,0.08610729101024468,,,
sample,1779734206.8529112,57.44513487815857,1.7624,0.0,0.025826443646652878,0,15.296370322614148,3.430798294411483,102.73370134655198,0.10924848518564213,0.08610729101024468,,,
sample,1779734206.9054189,57.497642517089844,1.8425,0.7483205251279165,0.017698333251645403,0,15.309201591122765,3.6388024660023,102.94210090713386,0.07500644718118245,0.05900060457358257,,,
sample,1779734206.9525142,57.544737815856934,1.8425,0.0,0.017698333251645403,0,15.309201591122765,3.6388024660023,102.94210090713386,0.07500644718118245,0.05900060457358257,,,
sample,1779734207.00489,57.597113609313965,1.8425,0.0,0.01876194278716181,0,15.320602571781357,3.836223510851501,103.13985087883886,0.0794372537285185,0.06254714854705921,,,
sample,1779734207.0524852,57.64470887184143,1.8425,0.0,0.01876194278716181,0,15.320602571781357,3.836223510851501,103.13985087883886,0.0794372537285185,0.06254714854705921,,,
sample,1779734207.1037598,57.69598340988159,1.8425,0.6521566858233167,0.011034423163533412,0,15.321495777736404,3.9506946326467354,103.25432548537646,0.04604449923468022,0.03678290343421201,,,
sample,1779734207.156968,57.749191761016846,1.8425,0.30904421117186376,0.007131369386842189,0,15.32193501412949,4.006986109842856,103.31061867620386,0.02982309712439628,0.02377163427098638,,,
sample,1779734207.204457,57.79668068885803,1.8425,0.3430192423177427,0.003119119605572882,0,15.32037485787883,4.190813217032859,103.49445240386386,0.01321489908642016,0.010397099069401844,,,
sample,1779734207.2527807,57.84500432014465,1.8425,0.0,0.003119119605572882,0,15.32037485787883,4.190813217032859,103.49445240386386,0.01321489908642016,0.010397099069401844,,,
sample,1779734207.304376,57.896599531173706,1.7624,0.8547668511642208,-0.0050481934042463225,0,15.34668478756709,4.353040119814763,103.65879892918889,-0.021072138922065296,-0.016827454292785236,,,
sample,1779734207.3524408,57.944664478302,1.7624,0.0,-0.0050481934042463225,0,15.34668478756709,4.353040119814763,103.65879892918889,-0.021072138922065296,-0.016827454292785236,,,
sample,1779734207.4037356,57.99595928192139,1.9227,0.32732706172658943,-0.0068932738405420736,0,15.333804764916506,4.538389612290207,103.8445954020951,-0.028994400283523774,-0.022977943418989857,,,
sample,1779734207.4527073,58.044930934906006,1.9227,0.0,-0.010028305974246518,0,15.333804764916506,4.538389612290207,103.8445954020951,-0.042454511783278165,-0.03342880719906927,,,
sample,1779734207.4997818,58.092005491256714,1.7624,0.5435625026060072,-0.017478836294499405,0,15.320185666115448,4.669630502453549,103.9765410390181,-0.07351667057596128,-0.058268721656103424,,,
sample,1779734207.5500665,58.142290115356445,1.7624,0.0,-0.017478836294499405,0,15.320185666115448,4.669630502453549,103.9765410390181,-0.07351667057596128,-0.058268721656103424,,,
sample,1779734207.601172,58.19339561462402,1.9227,0.50640316031407,-0.026321498956525,0,15.292529836787299,4.9036592806897,104.21219823483129,-0.1101847595800313,-0.08775859780005822,,,
sample,1779734207.6500518,58.24227547645569,1.9227,0.0,-0.026321498956525,0,15.292529836787299,4.9036592806897,104.21219823483129,-0.1101847595800313,-0.08775859780005822,,,
sample,1779734207.7093492,58.30157279968262,1.8425,0.05544237833823656,-0.028815527154168966,0,15.268998290858764,5.092249549062689,104.40225091957629,-0.12251726519115663,-0.09607835104594574,,,
sample,1779734207.7496047,58.34182834625244,1.8425,0.0,-0.028815527154168966,0,15.268998290858764,5.092249549062689,104.40225091957629,-0.12251726519115663,-0.09607835104594574,,,
sample,1779734207.8016114,58.39383506774902,1.8425,-0.5685481445259422,-0.01785676524466549,0,15.31323354855244,5.255822350013274,104.57169949358635,-0.07492338632361502,-0.059528878156748365,,,
sample,1779734207.8500705,58.442294120788574,1.8425,0.0,-0.01814243473308551,0,15.31323354855244,5.255822350013274,104.57169949358635,-0.07591073424511467,-0.060481418367281645,,,
sample,1779734207.900506,58.49272966384888,1.9227,-0.11100467453537353,-0.018029367709734255,0,15.298819295968489,5.418261562943457,104.73477698613186,-0.07580768410979208,-0.06010440498147596,,,
sample,1779734207.9500408,58.542264461517334,1.9227,-0.009348761726244508,-0.017919463820402545,0,15.297627014913587,5.431697791774727,104.74826601053395,-0.075740172957362,-0.05973794029881334,,,
sample,1779734208.0009084,58.59313201904297,1.8425,-0.18791430216467583,-0.017116881776509163,0,15.283155918596957,5.614621174863971,104.93176090612896,-0.07186624655211556,-0.05706184550240035,,,
sample,1779734208.0499809,58.64220452308655,1.8425,0.0,-0.017116881776509163,0,15.283155918596957,5.614621174863971,104.93176090612896,-0.07186624655211556,-0.05706184550240035,,,
sample,1779734208.101686,58.693909645080566,1.8425,-0.21815981668410758,-0.015681750552158813,0,15.269500121110987,5.816125612357843,105.13372753489396,-0.06587056465674314,-0.05227678716624308,,,
sample,1779734208.1513824,58.743606090545654,1.8425,0.0,-0.015681750552158813,0,15.269500121110987,5.816125612357843,105.13372753489396,-0.06587056465674314,-0.05227678716624308,,,
sample,1779734208.2008371,58.79306077957153,1.9227,-0.056398534196384,-0.015598659637481584,0,15.26297222478242,5.91963903336182,105.23744658694528,-0.06561047557034905,-0.05199974968821438,,,
sample,1779734208.256755,58.848978757858276,1.9227,-0.033919277968792176,-0.015438720479695819,0,15.25853311366064,5.990030405299189,105.30797779245587,-0.06545484068114087,-0.051466490746820866,,,
sample,1779734208.3011525,58.89337611198425,1.8425,-0.1583108560968669,-0.014809437449315094,0,15.248467317392581,6.170808868353933,105.48903627184566,-0.062313026741637745,-0.0493684007004469,,,
sample,1779734208.3529868,58.945210456848145,1.8425,0.0,-0.014809437449315094,0,15.248467317392581,6.170808868353933,105.48903627184566,-0.062313026741637745,-0.0493684007004469,,,
sample,1779734208.4000604,58.992284059524536,1.8425,0.0,-0.014809437449315094,0,15.248467317392581,6.170808868353933,105.48903627184566,-0.062313026741637745,-0.0493684007004469,,,
sample,1779734208.4499269,59.04215049743652,1.8425,0.0,-0.014809437449315094,0,15.248467317392581,6.170808868353933,105.48903627184566,-0.062313026741637745,-0.0493684007004469,,,
sample,1779734208.5001376,59.09236121177673,1.8425,0.0,-0.014809437449315094,0,15.248467317392581,6.170808868353933,105.48903627184566,-0.062313026741637745,-0.0493684007004469,,,
sample,1779734208.5509562,59.14317989349365,1.8425,-0.4133786439063321,-0.011013343386262933,0,15.236218689281067,6.551203128874731,105.86962768310947,-0.04597360368460189,-0.03671262897014574,,,
sample,1779734208.6012473,59.19347095489502,1.9227,-0.12681512650628826,-0.00958772152161319,0,15.23431907410198,6.679267337402323,105.99770597964572,-0.04045575330834781,-0.03196005104759335,,,
sample,1779734208.6498053,59.2420289516449,1.9227,-0.04089009772031361,-0.009240035826585993,0,15.232688611708761,6.740592897566516,106.05905321052917,-0.03916023510368193,-0.0308009960054458,,,
sample,1779734208.700553,59.292776584625244,1.8425,0.06951670115756076,-0.015238131301436895,0,15.226766178179242,6.937236224527119,106.25578570214417,-0.06449450077737975,-0.050797702818783874,,,
sample,1779734208.7496662,59.34188985824585,1.8425,0.0,-0.015238131301436895,0,15.226766178179242,6.937236224527119,106.25578570214417,-0.06449450077737975,-0.050797702818783874,,,
sample,1779734208.8033392,59.39556288719177,1.8425,-0.09359448538890151,-0.019126481639487495,0,15.222295133108775,7.115434338869189,106.43403989760417,-0.08022782180186411,-0.06376271426218272,,,
sample,1779734208.850379,59.44260263442993,1.8425,0.0,-0.019126481639487495,0,15.222295133108775,7.115434338869189,106.43403989760417,-0.08022782180186411,-0.06376271426218272,,,
sample,1779734208.9074745,59.49969816207886,1.8425,-0.042066710552097354,-0.018639898547295686,0,15.220543944533564,7.202133856402141,106.52075709890744,-0.07930477684988925,-0.062140192107646756,,,
sample,1779734208.9505386,59.5427622795105,1.8425,0.0,-0.018639898547295686,0,15.220543944533564,7.202133856402141,106.52075709890744,-0.07930477684988925,-0.062140192107646756,,,
sample,1779734209.000351,59.59257459640503,1.9227,-0.008188229950293167,-0.006765131392662315,0,15.21118487703215,7.427456163932127,106.74627369345235,-0.01365113867359505,-0.0225507820038248,,,
sample,1779734209.0502248,59.64244842529297,1.9227,-0.010110780812345137,-0.0065152541321361005,0,15.21051259069712,7.45833106859621,106.77715591660633,-0.013222902002477346,-0.021717821071229434,,,
sample,1779734209.0996675,59.69189119338989,1.8425,0.06074612356203399,-0.007994957094883737,0,15.205949682296017,7.642470709562622,106.96135208244134,-0.016806017274617984,-0.02665042481121103,,,
sample,1779734209.149788,59.74201154708862,1.8425,0.0,-0.007994957094883737,0,15.205949682296017,7.642470709562622,106.96135208244134,-0.016806017274617984,-0.02665042481121103,,,
sample,1779734209.2014527,59.79367637634277,1.8425,-0.08011037532459786,-0.00602618320924375,0,15.20180627196738,7.843231142886318,107.16215526826633,-0.013180435912737048,-0.020087520523394225,,,
sample,1779734209.250702,59.84292554855347,1.8425,0.0,-0.00602618320924375,0,15.20180627196738,7.843231142886318,107.16215526826633,-0.013180435912737048,-0.020087520523394225,,,
sample,1779734209.3001924,59.89241600036621,1.9227,-0.10102046969398108,-0.0036981625501221007,0,15.200913285863017,7.9296488010244905,107.24857754006167,-0.008231969034993807,-0.012327264698018219,,,
sample,1779734209.3518662,59.94408988952637,1.9227,-0.1026261905251716,-0.0013157975255626549,0,15.199966082445258,8.021313274574421,107.34024690738522,-0.0029850778245145283,-0.004385994283066924,,,
sample,1779734209.400427,59.992650747299194,1.8425,0.0047227925001486004,-0.0014175601596170138,0,15.19825827797974,8.18230702105468,107.50124971171435,-0.0033281096248806343,-0.0047252036971195495,,,
sample,1779734209.4496982,60.041921854019165,1.8425,-0.14166517589448172,0.004107050655900894,0,15.225983781975494,8.162119133123316,107.5355462770081,0.009600030020212222,0.01369024582816277,,,
sample,1779734209.5001736,60.09239721298218,1.9227,0.039818732416568865,0.0032529684247207128,0,15.224820883431063,8.381201100840165,107.75463133106636,0.007980691135593665,0.010843266329534154,,,
sample,1779734209.5499735,60.142197132110596,1.9227,0.0,0.0032529684247207128,0,15.224820883431063,8.381201100840165,107.75463133106636,0.007980691135593665,0.010843266329534154,,,
sample,1779734209.6004014,60.19262504577637,1.8425,0.08133381821256455,0.0026725883102619147,0,15.223097583589121,8.558970587385236,107.93240917026137,0.006647244782163842,0.008908648911569311,,,
sample,1779734209.6505005,60.24272418022156,1.8425,0.0,0.0015811963397807125,0,15.223097583589121,8.558970587385236,107.93240917026137,0.0040418571093467715,0.005270658858471673,,,
sample,1779734209.7004588,60.2926824092865,1.8425,-0.019999310677190907,0.0019783119302190723,0,15.222021174632346,8.690565760879723,108.06400874603305,0.005218969504429677,0.006594381703582817,,,
sample,1779734209.7502832,60.342506885528564,1.8425,-0.010337549539685156,0.002173549999522014,0,15.221466273530973,8.75840457460141,108.13184982917888,0.005830313473845417,0.007245178074589237,,,
sample,1779734209.801746,60.39396953582764,1.8425,0.19553326392739162,-0.0015778308149888033,0,15.218221380393256,8.936263456300754,108.30973830865638,-0.004427273842818152,-0.0052594404145101725,,,
sample,1779734209.8509028,60.44312644004822,1.8425,0.0,-0.0015778308149888033,0,15.218221380393256,8.936263456300754,108.30973830865638,-0.004427273842818152,-0.0052594404145101725,,,
sample,1779734209.9005537,60.4927773475647,1.9227,0.225250698727384,-0.005563387507015816,0,15.211730555006929,9.15678049918081,108.53035085819688,-0.016556830245372075,-0.018544816352385425,,,
sample,1779734209.9497156,60.54193925857544,1.9227,0.0,-0.005563387507015816,0,15.211730555006929,9.15678049918081,108.53035085819688,-0.016556830245372075,-0.018544816352385425,,,
sample,1779734210.0022674,60.59449100494385,1.8425,0.11497539457795335,-0.0077159703815521076,0,15.212231819389961,9.263436175278622,108.63700771221885,-0.0229700694743891,-0.025720411705715596,,,
sample,1779734210.0505424,60.64276599884033,1.8425,0.0,-0.007198107959568417,0,15.212231819389961,9.263436175278622,108.63700771221885,-0.022068951043932507,-0.02399410760029123,,,
sample,1779734210.1004343,60.69265794754028,1.8425,0.07467391056937166,-0.00842617685721257,0,15.206382626548077,9.408944714859723,108.78263376808772,-0.026944871317015114,-0.028087920945590865,,,
sample,1779734210.1496563,60.74187994003296,1.8425,0.0199663674334599,-0.008733418492441686,0,15.204839665983984,9.447328461879424,108.82104851476885,-0.02824774976517047,-0.029112135131301283,,,
sample,1779734210.2000103,60.79223394393921,1.9227,-0.015429813201666217,-0.008493279270254025,0,15.197271273909605,9.639321711826348,109.01319088017475,-0.029141402448949267,-0.02831161166430452,,,
sample,1779734210.251034,60.843257665634155,1.9227,0.0,-0.008493279270254025,0,15.197271273909605,9.639321711826348,109.01319088017475,-0.029141402448949267,-0.02831161166430452,,,
sample,1779734210.3017757,60.893999338150024,1.8425,0.16815110662908117,-0.010978793611173578,0,15.187852528239619,9.83567359992656,109.20976854098724,-0.040172770224367306,-0.036597449126930505,,,
sample,1779734210.350546,60.9427695274353,1.8425,0.0,-0.010978793611173578,0,15.187852528239619,9.83567359992656,109.20976854098724,-0.040172770224367306,-0.036597449126930505,,,
sample,1779734210.4004295,60.992653131484985,1.8425,0.10756514185846498,-0.012509852669463443,0,15.182964399192054,9.91392121338125,109.28816868650331,-0.04702264100789216,-0.0417016843089226,,,
sample,1779734210.4507754,61.042999029159546,1.8425,0.18057548091078474,-0.014925811970395744,0,15.174682381495977,10.046497115736015,109.42100302582224,-0.058821180080694604,-0.0497564015309688,,,
sample,1779734210.5014408,61.0936644077301,1.8425,0.468529883282422,-0.020999280423370185,0,15.16632247644863,10.135363625225512,109.51026188824636,-0.0855797309744603,-0.07000789216866156,,,
sample,1779734210.5511472,61.14337086677551,1.8425,0.006015161999536007,-0.021072444461517435,0,15.165752000965288,10.141947908468179,109.51687083885116,-0.0860921273807628,-0.07025188024656011,,,
sample,1779734210.600734,61.192957639694214,1.8425,-0.023935823934746043,-0.012376930638131002,0,15.150127753463815,10.324802459833103,109.70039169342866,-0.05211985457585159,-0.041258542258809566,,,
sample,1779734210.6499462,61.24216985702515,1.8425,0.0,-0.012376930638131002,0,15.150127753463815,10.324802459833103,109.70039169342866,-0.05211985457585159,-0.041258542258809566,,,
sample,1779734210.7006998,61.29292345046997,1.8425,0.1273125677031211,0.0027765615327538387,0,15.132606459017278,10.515336747576239,109.89172990332115,0.011588107414304657,0.00925522889295171,,,
sample,1779734210.7496617,61.34188532829285,1.8425,0.0,0.0027765615327538387,0,15.132606459017278,10.515336747576239,109.89172990332115,0.011588107414304657,0.00925522889295171,,,
sample,1779734210.8005624,61.39278602600098,1.8425,-0.0410680321492614,0.011654356439454835,0,15.122402548513756,10.63047924783483,110.0073236538242,0.04873926379464996,0.03884961371773198,,,
sample,1779734210.8497567,61.44198036193848,1.8425,-0.024830278059859708,0.01613367788601551,0,15.11643994821296,10.697762149467437,110.07487024111364,0.0677778568656803,0.053783592911215816,,,
sample,1779734210.9037611,61.49598479270935,1.9227,-0.10667732860086564,0.07255144259156847,0,15.100780245672878,10.886905546933633,110.26466078642268,0.3128888960345677,0.2422633593787429,,,
sample,1779734210.951107,61.543330669403076,1.9227,0.0,0.07255144259156847,0,15.100780245672878,10.886905546933633,110.26466078642268,0.3128888960345677,0.2422633593787429,,,
sample,1779734211.0018468,61.59407043457031,1.8425,0.15813435994518193,0.08321313062496447,0,15.083831376105602,11.073429190823475,110.45195289493117,0.35793086099751215,0.2780191060018087,,,
sample,1779734211.0508032,61.64302682876587,1.8425,0.0,0.08321313062496447,0,15.083831376105602,11.073429190823475,110.45195289493117,0.35793086099751215,0.2780191060018087,,,
sample,1779734211.1047516,61.696975231170654,1.7624,0.01660974591451482,0.10925996937702225,0,15.107305075974912,11.234959594569439,110.61517999415152,0.4803579809905493,0.3656560931314149,,,
sample,1779734211.1514814,61.74370503425598,1.7624,0.0,0.10925996937702225,0,15.107305075974912,11.234959594569439,110.61517999415152,0.4803579809905493,0.3656560931314149,,,
sample,1779734211.2019577,61.79418134689331,1.8425,0.6755646745480506,0.12002350863331993,0,15.08972856740389,11.360156468435896,110.74160463921521,0.5322268559642417,0.4020106257103663,,,
sample,1779734211.2513628,61.843586444854736,1.8425,0.2799647144094,0.12172320253957519,0,15.082599165144401,11.41093895870225,110.79288513935153,0.5437530835464677,0.40775986368512435,,,
sample,1779734211.3020127,61.89423632621765,1.7624,1.1825745037038304,0.13183764564726674,0,15.047574409529613,11.584276390801149,110.96972574236032,0.5911524876092731,0.44202274798322455,,,
sample,1779734211.3514044,61.94362807273865,1.7624,0.0,0.13183764564726674,0,15.047574409529613,11.584276390801149,110.96972574236032,0.5911524876092731,0.44202274798322455,,,
sample,1779734211.4017563,61.993979930877686,1.8425,1.132128833138416,0.13810222229922445,0,15.000883793188502,11.762382486122005,111.15385014282033,0.6253863450351949,0.46328981508228323,,,
sample,1779734211.453209,62.045432567596436,1.8425,0.0,0.13810222229922445,0,15.000883793188502,11.762382486122005,111.15385014282033,0.6253863450351949,0.46328981508228323,,,
sample,1779734211.5040488,62.096272468566895,1.7624,1.6497869669508598,0.13783225449700293,0,14.94125543301946,11.930812094743656,111.33252323647713,0.6245094440329375,0.46237257324225745,,,
sample,1779734211.5560863,62.14830994606018,1.7624,0.0,0.13886951401012465,0,14.94125543301946,11.930812094743656,111.33252323647713,0.6264762700496472,0.46589713954608414,,,
sample,1779734211.603778,62.1960015296936,1.7624,2.2577112784515263,0.12311504166649406,0,14.865576143814142,12.01870686467909,111.44850963825175,0.552526828086464,0.4124695578960719,,,
sample,1779734211.6538017,62.2460253238678,1.7624,0.19603396317618033,0.1252465668033083,0,14.85658305973606,12.036962006640508,111.46885971857756,0.5572577613761799,0.4196853474648754,,,
sample,1779734211.704935,62.29715871810913,1.7624,1.683598197614897,0.1193408702209273,0,14.764592939982077,12.189102179711762,111.64664839761676,0.5337953582109481,0.39970225714240915,,,
sample,1779734211.7529767,62.345200300216675,1.7624,0.0,0.1193408702209273,0,14.764592939982077,12.189102179711762,111.64664839761676,0.5337953582109481,0.39970225714240915,,,
sample,1779734211.8075585,62.39978218078613,1.7624,1.6090352188979586,0.11602350336428206,0,14.660283591114789,12.331670786238115,111.82330129973836,0.5123416725530524,0.38848979002702705,,,
sample,1779734211.8556213,62.44784498214722,1.7624,0.0,0.11602350336428206,0,14.660283591114789,12.331670786238115,111.82330129973836,0.5123416725530524,0.38848979002702705,,,
sample,1779734211.9046319,62.49685549736023,1.7624,1.0227021735101467,0.11237277252462918,0,14.593883249860676,12.407726216177412,111.92426383606701,0.4944871588986766,0.37616058308617406,,,
sample,1779734211.9537873,62.546010971069336,1.7624,0.7314259726039467,0.10830174708157027,0,14.546253957618674,12.462281151148407,111.99668476128316,0.4785741416895193,0.36242392201532614,,,
sample,1779734212.0078332,62.600056886672974,1.6823,1.4878027955393924,0.10078556091051324,0,14.432517174907796,12.572014105796685,112.15472708813664,0.4433443185458213,0.33709401327578814,,,
sample,1779734212.0637712,62.65599489212036,1.6823,0.09255988756757384,0.10078556091051324,0,14.425193610837827,12.57907986152495,112.16490350669615,0.4433443185458213,0.33709401327578814,,,
sample,1779734212.1037686,62.69599223136902,1.8425,2.2549918361746557,0.0917803589937401,0,14.27243655410385,12.70192534710132,112.36092833091115,0.4011785980899148,0.3067964611994877,,,
sample,1779734212.1510305,62.7432541847229,1.8425,0.0,0.0917803589937401,0,14.27243655410385,12.70192534710132,112.36092833091115,0.4011785980899148,0.3067964611994877,,,
sample,1779734212.2048879,62.79711151123047,1.7624,1.6429372955682617,0.09537096307487432,0,14.161931500420485,12.867880053728701,112.56030819835354,0.41340911223815763,0.3188705722342056,,,
sample,1779734212.2539647,62.84618830680847,1.7624,0.0,0.08704246843331155,0,14.161931500420485,12.867880053728701,112.56030819835354,0.3795089860474811,0.29087653089290766,,,
sample,1779734212.3061717,62.8983952999115,1.7624,1.0247480365071857,0.08211030073003149,0,14.053049835853352,12.92988905671723,112.68560916934156,0.35282370467936847,0.2743177724623806,,,
sample,1779734212.3563468,62.94857048988342,1.7624,0.3509557191715313,0.08045644776670968,0,14.017211294452448,12.950299400641233,112.72685214679034,0.34395178946658456,0.26876834364334445,,,
sample,1779734212.4052513,62.997474908828735,1.7624,1.6037273201859439,0.06852456742768875,0,13.854020310403358,13.026980640072797,112.90716107545353,0.294069512582075,0.22877341429624862,,,
sample,1779734212.4538372,63.04606080055237,1.7624,0.0,0.06852456742768875,0,13.854020310403358,13.026980640072797,112.90716107545353,0.294069512582075,0.22877341429624862,,,
sample,1779734212.5056608,63.0978844165802,1.7624,1.3632178303414453,0.05904507751164305,0,13.694012573672866,13.088788044218411,113.07869133815034,0.24919626027350772,0.1970459667873603,,,
sample,1779734212.5507948,63.1430184841156,1.7624,0.0,0.05904507751164305,0,13.694012573672866,13.088788044218411,113.07869133815034,0.24919626027350772,0.1970459667873603,,,
sample,1779734212.6005716,63.192795276641846,1.8425,1.5296047792984253,0.051825632121435684,0,13.51792488507371,13.141811226570782,113.26258895081284,0.22127157694801394,0.17290693815712885,,,
sample,1779734212.6512544,63.24347805976868,1.8425,0.0,0.04523339910399813,0,13.51792488507371,13.141811226570782,113.26258895081284,0.19236462276158545,0.15088091487396169,,,
sample,1779734212.700838,63.29306173324585,1.7624,0.534607863616524,0.03826136762114681,0,13.426076849354278,13.288583429476423,113.43573091918357,0.16209035710284286,0.12760016414677888,,,
sample,1779734212.7504892,63.34271287918091,1.7624,0.1982244884184486,0.05120446253738374,0,13.394428115456602,13.296871738995204,113.46844694632632,0.21684233392654703,0.17083086820716076,,,
sample,1779734212.8009198,63.39314341545105,1.8425,0.9845527922830207,0.0433967455649503,0,13.207164708538016,13.336097075974305,113.65977444208133,0.18249979740619687,0.14474669602679444,,,
sample,1779734212.8499699,63.44219350814819,1.8425,0.0,0.0433967455649503,0,13.207164708538016,13.336097075974305,113.65977444208133,0.18249979740619687,0.14474669602679444,,,
sample,1779734212.9008808,63.493104457855225,1.7624,0.8957742989867703,0.03485507348324162,0,13.038622270679685,13.363447886786398,113.83052168279492,0.14734530353636852,0.11623065070513328,,,
sample,1779734212.9503107,63.54253435134888,1.7624,0.0,0.03485507348324162,0,13.038622270679685,13.363447886786398,113.83052168279492,0.14734530353636852,0.11623065070513328,,,
sample,1779734213.0002325,63.592456102371216,1.8425,0.38297906195974835,0.031512054240452045,0,12.945384298880143,13.3750843073533,113.92448298157747,0.13277052486267546,0.10507496325195374,,,
sample,1779734213.0510626,63.64328622817993,1.8425,0.3461653400827714,0.028499836202199744,0,12.859575318174699,13.385793564200416,114.01095765620492,0.11935118436160133,0.09502518317319475,,,
sample,1779734213.1004996,63.69272327423096,1.8425,0.6314387785446552,0.02235437185879569,0,12.675597957121315,13.40293615068479,114.195731944599,0.09476525619207274,0.07452698743381858,,,
sample,1779734213.151758,63.74398159980774,1.8425,0.0,0.02235437185879569,0,12.675597957121315,13.40293615068479,114.195731944599,0.09476525619207274,0.07452698743381858,,,
sample,1779734213.2033331,63.79555678367615,1.8425,0.4198733914310798,0.018572236617164815,0,12.492539217053501,13.416013114345366,114.37925717254818,0.0781713019518486,0.06191457424378073,,,
sample,1779734213.2510922,63.843315839767456,1.8425,0.0,0.018572236617164815,0,12.492539217053501,13.416013114345366,114.37925717254818,0.0781713019518486,0.06191457424378073,,,
sample,1779734213.3024836,63.89470720291138,1.8425,-0.15706048934078057,0.030061042091405536,0,12.371878646134375,13.521833078039993,114.53974654319578,0.12764520183142777,0.10023366805147502,,,
sample,1779734213.3514307,63.94365429878235,1.8425,0.0,0.030061042091405536,0,12.371878646134375,13.521833078039993,114.53974654319578,0.12764520183142777,0.10023366805147502,,,
sample,1779734213.4036653,63.99588894844055,1.8425,0.3368279382076013,0.02669043091586199,0,12.24331879875061,13.52868674470451,114.66848894920905,0.12764520183142777,0.10023366805147502,,,
sample,1779734213.4524844,64.04470801353455,1.8425,0.17425020788834406,0.024922535389307127,0,12.181160185302918,13.532000488657761,114.73073582965078,0.10532198813778106,0.08309232246493418,,,
sample,1779734213.5021331,64.09435677528381,1.7624,0.5220584477591532,0.019310147730965753,0,12.009772280729168,13.536687594612633,114.90218781358918,0.08063072866342198,0.06437516074418595,,,
sample,1779734213.5512671,64.1434907913208,1.7624,0.0,0.019310147730965753,0,12.009772280729168,13.536687594612633,114.90218781358918,0.08063072866342198,0.06437516074418595,,,
sample,1779734213.606737,64.19896054267883,1.8425,0.6844943172991896,0.010078880853079513,0,11.81985827575737,13.534669187500505,115.09211254407917,0.04270516784940581,0.03359740716917263,,,
sample,1779734213.652776,64.2449996471405,1.8425,0.0,0.010078880853079513,0,11.81985827575737,13.534669187500505,115.09211254407917,0.04270516784940581,0.03359740716917263,,,
sample,1779734213.7032957,64.29551935195923,1.8425,0.5475069190989583,0.007454182283523971,0,11.635480644323952,13.527606378612278,115.27662540065667,0.031164360608221173,0.02484773450019497,,,
sample,1779734213.7551572,64.34738087654114,1.8425,0.0,0.002845505121313556,0,11.635480644323952,13.527606378612278,115.27662540065667,0.031164360608221173,0.02484773450019497,,,
sample,1779734213.8026295,64.39485311508179,1.8425,0.43984446805860977,-0.0013634934518387146,0,11.533119218211914,13.535607965498363,115.37929909226453,-0.005745486227820278,-0.00454498098934259,,,
sample,1779734213.8538868,64.44611048698425,1.8425,0.08011490559751006,-0.002629723988324471,0,11.49699138560758,13.533318943863463,115.41549936724597,-0.011022457552606293,-0.008765766834159874,,,
sample,1779734213.9019873,64.49421095848083,1.8425,0.33573861671804817,-0.007579912190506593,0,11.326442378898447,13.519744780147347,115.58658771170597,-0.0320391275828028,-0.02526685787322813,,,
sample,1779734213.950422,64.54264569282532,1.8425,0.0,-0.007579912190506593,0,11.326442378898447,13.519744780147347,115.58658771170597,-0.0320391275828028,-0.02526685787322813,,,
sample,1779734214.0013916,64.59361529350281,1.8425,0.31632659781277317,-0.013151930440698642,0,11.141357522890257,13.502006540087493,115.77252062725347,-0.05530756051422127,-0.043842296013310966,,,
sample,1779734214.0505922,64.64281582832336,1.8425,0.0,-0.013151930440698642,0,11.141357522890257,13.502006540087493,115.77252062725347,-0.05530756051422127,-0.043842296013310966,,,
sample,1779734214.102903,64.6951265335083,1.8425,-0.07482270847874271,-0.013469485294205585,0,10.957375744684208,13.4851004726283,115.95727752111347,-0.05674198047863567,-0.04490099976526758,,,
sample,1779734214.1503992,64.74262285232544,1.8425,0.0,-0.013910509549823513,0,10.957375744684208,13.4851004726283,115.95727752111347,-0.058154186698900726,-0.04637135619231709,,,
sample,1779734214.2011817,64.79340529441833,1.9227,-0.05842317399060876,-0.014423080290285006,0,10.782091220123103,13.469560791995018,116.13324952520729,-0.060905185204829355,-0.048080268317054004,,,
sample,1779734214.2562973,64.8485209941864,1.9227,-0.004405909475094325,-0.014365652708900323,0,10.767744397098314,13.468288888223336,116.14765261758737,-0.06100426290226048,-0.047888803377347154,,,
sample,1779734214.3022895,64.89451313018799,1.8425,-0.02726620189488878,-0.015677000160217423,0,10.585333563045362,13.452347952657343,116.33075866829736,-0.06613569484061776,-0.052260948632967937,,,
sample,1779734214.3507247,64.94294834136963,1.8425,0.0,-0.015677000160217423,0,10.585333563045362,13.452347952657343,116.33075866829736,-0.06613569484061776,-0.052260948632967937,,,
sample,1779734214.400657,64.99288058280945,1.8425,0.01224895161180282,-0.013758887073869163,0,10.424913911804213,13.463938378148589,116.49159648246867,-0.05754625607915098,-0.04586585119125007,,,
sample,1779734214.4515686,65.04379224777222,1.8425,0.0,-0.014672364902476316,0,10.424913911804213,13.463938378148589,116.49159648246867,-0.06213679058291285,-0.04891139291233421,,,
sample,1779734214.5012796,65.09350323677063,1.9227,-0.056584007894859095,-0.01516529273908076,0,10.303436606757913,13.453788944551043,116.61349704294179,-0.06352509162336034,-0.05055485149413552,,,
sample,1779734214.5506527,65.14287638664246,1.9227,-0.03263243478981779,-0.015165257811773993,0,10.233855817099316,13.447975466848064,116.68332026839376,-0.06401253417006639,-0.0505547350429996,,,
sample,1779734214.6010737,65.19329738616943,1.8425,-0.19300011177123605,-0.014219797855995928,0,10.047505706392178,13.434230561753445,116.87017659335126,-0.059704046347332694,-0.047402521201540745,,,
sample,1779734214.6502028,65.24242639541626,1.8425,0.0,-0.014219797855995928,0,10.047505706392178,13.434230561753445,116.87017659335126,-0.059704046347332694,-0.047402521201540745,,,
sample,1779734214.700673,65.29289674758911,1.8425,-0.05542576763038083,-0.014533670733429432,0,9.866080748000828,13.421359096165347,117.05205757133876,-0.06177977662559098,-0.048448980413178404,,,
sample,1779734214.7504828,65.34270644187927,1.8425,0.0,-0.014533670733429432,0,9.866080748000828,13.421359096165347,117.05205757133876,-0.06177977662559098,-0.048448980413178404,,,
sample,1779734214.809748,65.40197157859802,1.9227,0.017633422053174832,-0.015309114063792956,0,9.674108525564977,13.407537694268262,117.24452669960966,-0.06479698911216622,-0.05103436723235829,,,
sample,1779734214.8514166,65.44364023208618,1.9227,0.0,-0.01610407703504705,0,9.674108525564977,13.407537694268262,117.24452669960966,-0.06825355519545648,-0.053684897767405496,,,
sample,1779734214.9010923,65.49331593513489,1.8425,-0.3525872894143707,-0.010486428103627514,0,9.582971696377472,13.424190417213403,117.3371724486532,-0.04426691698864981,-0.034956041670557714,,,
sample,1779734214.9505763,65.542799949646,1.8425,-0.025890008527803574,-0.01042788264146066,0,9.546867426792495,13.422272319958612,117.37332763333457,-0.04378288121166987,-0.03476086878815946,,,
sample,1779734215.003553,65.59577655792236,1.8425,-0.26893609431237786,-0.007752279978876153,0,9.363993091159735,13.415167851130542,117.55633991737707,-0.03233002600765511,-0.025841450936831132,,,
sample,1779734215.051206,65.64342975616455,1.8425,0.0,-0.007752279978876153,0,9.363993091159735,13.415167851130542,117.55633991737707,-0.03233002600765511,-0.025841450936831132,,,
sample,1779734215.1033409,65.69556450843811,1.9227,-0.16862437705781472,-0.006060469682949612,0,9.17155558350434,13.409385636622437,117.74886427520548,-0.02569249071579388,-0.020201812943205083,,,
sample,1779734215.149685,65.74190855026245,1.9227,0.0,-0.006060469682949612,0,9.17155558350434,13.409385636622437,117.74886427520548,-0.02569249071579388,-0.020201812943205083,,,
sample,1779734215.2001343,65.79235792160034,1.8425,-0.07327554948524957,-0.005399175393892582,0,9.077778411312304,13.4072670840045,117.8426653748234,-0.022832942645968378,-0.017997426194875002,,,
sample,1779734215.250207,65.84243059158325,1.8425,-0.07497072993845007,-0.004720021342818748,0,8.98254819323355,13.405115705123032,117.93791989107548,-0.019923335088647298,-0.01573352131651978,,,
sample,1779734215.3006964,65.89292001724243,1.8425,-0.05922230246393376,-0.004276003554853345,0,8.828768784163234,13.402176868194093,118.09172737924335,-0.01807553776433295,-0.014253432053848242,,,
sample,1779734215.352781,65.94500470161438,1.8425,-0.009388548676856378,-0.004248489581942185,0,8.803619769836397,13.40169625214493,118.11688098561298,-0.017786802341143458,-0.014161717144653904,,,
sample,1779734215.4003797,65.99260330200195,1.9227,-0.0218852298383512,-0.004333085039694594,0,8.602109536925198,13.39805523132002,118.31842411003198,-0.01815162030991546,-0.014443707195643066,,,
sample,1779734215.449808,66.04203152656555,1.9227,0.0,-0.004333085039694594,0,8.602109536925198,13.39805523132002,118.31842411003198,-0.01815162030991546,-0.014443707195643066,,,
sample,1779734215.50016,66.09238362312317,1.8425,0.09834092429703886,-0.005438616467143767,0,8.437734879576965,13.3985514743654,118.48279951645128,-0.022910891220940754,-0.018128900299687428,,,
sample,1779734215.550409,66.14263272285461,1.8425,0.0,-0.005438616467143767,0,8.437734879576965,13.3985514743654,118.48279951645128,-0.022910891220940754,-0.018128900299687428,,,
sample,1779734215.6005235,66.19274711608887,1.8425,-0.025448031016288744,-0.00543010511409962,0,8.314525843790438,13.395945174486236,118.60603611531097,-0.02263923960806976,-0.01810052828499148,,,
sample,1779734215.650095,66.2423186302185,1.8425,-0.011957110942257472,-0.005385531454749939,0,8.25726149317361,13.394733834188505,118.66331327652628,-0.022516284679582187,-0.01795194507526883,,,
sample,1779734215.7008653,66.29308891296387,1.9227,-0.06868991252504549,-0.004877457764851359,0,8.064821126164103,13.391334421969814,118.85578366608839,-0.020332389305036693,-0.016258321475999364,,,
sample,1779734215.7496693,66.34189295768738,1.9227,0.0,-0.004877457764851359,0,8.064821126164103,13.391334421969814,118.85578366608839,-0.020332389305036693,-0.016258321475999364,,,
sample,1779734215.8003848,66.39260840415955,1.8425,-0.18692593876334157,-0.002716728575657997,0,7.880351736118334,13.389824896106617,119.04025923230839,-0.011476615202247154,-0.009055784197953961,,,
sample,1779734215.8502831,66.44250679016113,1.8425,0.0,-0.002716728575657997,0,7.880351736118334,13.389824896106617,119.04025923230839,-0.011476615202247154,-0.009055784197953961,,,
sample,1779734215.9018042,66.49402785301208,1.8425,-0.026913366950913044,-0.002513926361148943,0,7.69476456252261,13.388563573972556,119.22585069207089,-0.010560506796717791,-0.008379772190070602,,,
sample,1779734215.950218,66.5424416065216,1.8425,0.0,-0.002513926361148943,0,7.69476456252261,13.388563573972556,119.22585069207089,-0.010560506796717791,-0.008379772190070602,,,
sample,1779734216.0027757,66.59499931335449,1.9227,-0.12886111470704617,0.0013212594775385941,0,7.593857306708642,13.41265506412801,119.32959400112654,0.005552171831532142,0.004404200821305799,,,
sample,1779734216.0532389,66.64546251296997,1.9227,-0.047495513115480524,0.0019025614333580123,0,7.543941155463655,13.412773522292431,119.3795102929304,0.00799469513265453,0.006341879096513052,,,
sample,1779734216.1049287,66.69715237617493,1.8425,-0.1273932008673042,0.003634847757095083,0,7.36006979334893,13.414420699926833,119.5633890328654,0.015179374407630194,0.012116212550641468,,,
sample,1779734216.1530352,66.74525880813599,1.8425,0.0,0.003634847757095083,0,7.36006979334893,13.414420699926833,119.5633890328654,0.015179374407630194,0.012116212550641468,,,
sample,1779734216.2012444,66.79346799850464,1.8425,-0.16068613048090466,0.005720720294267824,0,7.175963775403037,13.417496407808867,119.7475207406804,0.024209644485176915,0.01906927567245763,,,
sample,1779734216.2501893,66.8424129486084,1.8425,0.0,0.005720720294267824,0,7.175963775403037,13.417496407808867,119.7475207406804,0.024209644485176915,0.01906927567245763,,,
sample,1779734216.300349,66.89257264137268,1.8425,0.22583331517225522,0.004621004436382536,0,6.98840102960316,13.41850492256987,119.9350861978254,0.01941338158937071,0.015403457761610787,,,
sample,1779734216.350312,66.9425356388092,1.8425,0.0,0.0031434496265898694,0,6.98840102960316,13.41850492256987,119.9350861978254,0.013237502161181653,0.010478199934649258,,,
sample,1779734216.4005938,66.99281740188599,1.8425,0.2705733612779463,-0.000248823301144051,0,6.845227680491507,13.416809966823385,120.07826957944083,-0.001045028835940982,-0.0008294110209306212,,,
sample,1779734216.451484,67.04370760917664,1.8425,0.07093549328594574,-0.0011629624285806215,0,6.807238103046256,13.41636022772741,120.1162618189079,-0.004861705088378,-0.0038765431762533492,,,
sample,1779734216.5020592,67.09428286552429,1.8425,0.25797126322353287,-0.004628058979086746,0,6.621732199772996,13.411742979458277,120.3018251750179,-0.01961754867717569,-0.015426973406867163,,,
sample,1779734216.5504687,67.14269232749939,1.8425,0.0,-0.004628058979086746,0,6.621732199772996,13.411742979458277,120.3018251750179,-0.01961754867717569,-0.015426973406867163,,,
sample,1779734216.6010854,67.19330906867981,1.8425,0.632407138245043,-0.013673355211328621,0,6.445859618421572,13.396845624991244,120.47832757171928,-0.05744907067231989,-0.04558069133828435,,,
sample,1779734216.6495225,67.24174618721008,1.8425,0.0,-0.013673355211328621,0,6.445859618421572,13.396845624991244,120.47832757171928,-0.05744907067231989,-0.04558069133828435,,,
sample,1779734216.7002642,67.29248785972595,1.9227,0.11971878246671996,-0.015742520835883112,0,6.349313362501361,13.390270644182227,120.57509745290578,-0.06606710731969753,-0.052479404795062544,,,
sample,1779734216.7497091,67.34193277359009,1.9227,0.10166599163596471,-0.01725153628702916,0,6.269420921128633,13.384829819327816,120.65517494514668,-0.07326002703792593,-0.057510826441171496,,,
sample,1779734216.7998996,67.39212322235107,1.9227,0.0,-0.01725153628702916,0,6.269420921128633,13.384829819327816,120.65517494514668,-0.07326002703792593,-0.057510826441171496,,,
sample,1779734216.8509767,67.44320034980774,1.8425,0.06592414050439208,-0.019380974800342614,0,6.097645960842028,13.372302645280396,120.82740608945885,-0.08141970022875461,-0.06461133935453468,,,
sample,1779734216.9060342,67.4982578754425,1.8425,-0.22840406691846776,-0.017572132039506336,0,5.907729683760477,13.360094848380644,121.01771431998412,-0.07351273104922697,-0.05857980300957152,,,
sample,1779734216.9536738,67.54589748382568,1.8425,0.0,-0.017572132039506336,0,5.907729683760477,13.360094848380644,121.01771431998412,-0.07351273104922697,-0.05857980300957152,,,
sample,1779734217.00951,67.6017336845398,1.9227,-0.05099898392258275,-0.017924257258300942,0,5.709102257643359,13.348971797344142,121.21665294536962,-0.07494372616181352,-0.05975392355830417,,,
sample,1779734217.0576417,67.64986538887024,1.9227,0.0,-0.017924257258300942,0,5.709102257643359,13.348971797344142,121.21665294536962,-0.07494372616181352,-0.05975392355830417,,,
sample,1779734217.1056032,67.6978268623352,1.8425,-0.12398959250521935,-0.01476969010391159,0,5.5983476125382845,13.367263963462042,121.32890798870235,-0.06199740013806461,-0.04923588056490994,,,
sample,1779734217.1528606,67.74508428573608,1.8425,-0.05270627619810621,-0.014396146205010096,0,5.5296561768161965,13.363998412198523,121.39767700183049,-0.060867119363198725,-0.04799046938851335,,,
sample,1779734217.205384,67.79760766029358,1.8425,-0.06497218214342955,-0.014403286485991748,0,5.3527176088552935,13.356191936630182,121.57478769572799,-0.06035141270782321,-0.048014275260969026,,,
sample,1779734217.252635,67.84485864639282,1.8425,0.0,-0.014403286485991748,0,5.3527176088552935,13.356191936630182,121.57478769572799,-0.06035141270782321,-0.048014275260969026,,,
sample,1779734217.3053033,67.89752697944641,1.9227,0.1337518580748202,-0.01702482421052956,0,5.157927839968787,13.346222556216292,121.76983241523789,-0.07120659738706593,-0.0567548975086573,,,
sample,1779734217.35235,67.94457364082336,1.9227,0.0,-0.01702482421052956,0,5.157927839968787,13.346222556216292,121.76983241523789,-0.07120659738706593,-0.0567548975086573,,,
sample,1779734217.4031942,67.99541783332825,1.8425,0.007283650274959122,-0.017304963558766248,0,4.975086331094634,13.336796799613829,121.95291671892039,-0.0734252237008923,-0.0576889705244762,,,
sample,1779734217.453472,68.04569554328918,1.8425,0.0,-0.01782555082330216,0,4.975086331094634,13.336796799613829,121.95291671892039,-0.07551412513417027,-0.059424796959278416,,,
sample,1779734217.5004485,68.09267210960388,1.8425,-0.14176863570109288,-0.016858603714807602,0,4.821421865325727,13.33009718218854,122.10672716366875,-0.07150759720609852,-0.05620067012825668,,,
sample,1779734217.5503078,68.1425313949585,1.8425,-0.0255660971438215,-0.01675953542460756,0,4.792010004306407,13.328814854386799,122.13616696552289,-0.0705172202282438,-0.05587034917230093,,,
sample,1779734217.6011438,68.19336748123169,1.9227,-0.13543065394567283,-0.01580257115721572,0,4.600477623046012,13.321785019947162,122.32782831176549,-0.06626091469114632,-0.05267962233752804,,,
sample,1779734217.650071,68.24229454994202,1.9227,0.0,-0.01580257115721572,0,4.600477623046012,13.321785019947162,122.32782831176549,-0.06626091469114632,-0.05267962233752804,,,
sample,1779734217.700203,68.29242658615112,1.8425,-0.22008905499781212,-0.01326945047837553,0,4.465104229420605,13.319847468073396,122.46321557043085,-0.05639642392195871,-0.04423409784688104,,,
sample,1779734217.7505505,68.34277415275574,1.8425,0.0,-0.01326945047837553,0,4.465104229420605,13.319847468073396,122.46321557043085,-0.05639642392195871,-0.04423409784688104,,,
sample,1779734217.8003597,68.39258337020874,1.8425,-0.15449615101158864,-0.011566228501179438,0,4.368553256671962,13.31876367947014,122.5597726257735,-0.04908359130041337,-0.03855581432123705,,,
sample,1779734217.85048,68.44270372390747,1.8425,-0.13434123020375846,-0.010084283526450985,0,4.284073487439981,13.31781539061822,122.64425771712834,-0.042531195285878926,-0.033615417910930055,,,
sample,1779734217.900062,68.49228572845459,1.8425,0.18984720131300106,-0.01261930352257756,0,4.119179221237719,13.314199175700725,122.80919163127795,-0.05354089012663358,-0.04206657808858118,,,
sample,1779734217.9497566,68.54198026657104,1.8425,0.0,-0.01261930352257756,0,4.119179221237719,13.314199175700725,122.80919163127795,-0.05354089012663358,-0.04206657808858118,,,
sample,1779734218.0013587,68.59358239173889,1.9227,-0.12300260681719656,-0.011470136159552207,0,3.896778554760904,13.310848219071381,123.03161754109887,-0.04813865170339939,-0.03823546401704376,,,
sample,1779734218.0504491,68.6426727771759,1.9227,0.0,-0.011470136159552207,0,3.896778554760904,13.310848219071381,123.03161754109887,-0.04813865170339939,-0.03823546401704376,,,
sample,1779734218.102646,68.69486975669861,1.8425,-0.056408664364646276,-0.010978478877160509,0,3.703167081268824,13.308651405867332,123.22524147726386,-0.045958562924682804,-0.03659639988709333,,,
sample,1779734218.1505804,68.74280405044556,1.8425,0.0,-0.010978478877160509,0,3.703167081268824,13.308651405867332,123.22524147726386,-0.045958562924682804,-0.03659639988709333,,,
sample,1779734218.2011428,68.79336643218994,1.8425,-0.03985448610592475,-0.010587806482427003,0,3.597541310803324,13.307619633928542,123.33087228687812,-0.04441777133863476,-0.03529400712337849,,,
sample,1779734218.2510335,68.843257188797,1.8425,-0.09339298370054745,-0.009499380358403307,0,3.5398015773846447,13.307349904730867,123.38861265030874,-0.0399683234891583,-0.031665553681550204,,,
sample,1779734218.3020577,68.8942813873291,1.8425,-0.0758096402832273,-0.008595324079177862,0,3.355026579777335,13.307201473868647,123.57338770753374,-0.03595012753097768,-0.02865178586152313,,,
sample,1779734218.351958,68.94418168067932,1.8425,0.0,-0.008595324079177862,0,3.355026579777335,13.307201473868647,123.57338770753374,-0.03595012753097768,-0.02865178586152313,,,
sample,1779734218.4021006,68.99432420730591,1.9227,-0.009717766786860156,-0.008483250410955255,0,3.16934757388662,13.307142793278055,123.75906672269694,-0.03597628696732928,-0.028278179724573544,,,
sample,1779734218.450259,69.04248261451721,1.9227,0.0,-0.008483250410955255,0,3.16934757388662,13.307142793278055,123.75906672269694,-0.03597628696732928,-0.028278179724573544,,,
sample,1779734218.5002592,69.09248280525208,1.8425,-0.16414210328484558,-0.012241170719493523,0,2.980549794532959,13.308632647120874,123.94787038037694,-0.05142608325070877,-0.04080594062454393,,,
sample,1779734218.5505502,69.14277386665344,1.8425,0.0,-0.011016122016720992,0,2.980549794532959,13.308632647120874,123.94787038037694,-0.046482147929032984,-0.03672189219548182,,,
sample,1779734218.6007202,69.19294381141663,1.8425,-0.09070012105500605,-0.009749188175233871,0,2.8420401200554704,13.31054092846093,124.08639319965785,-0.04095146292797386,-0.0324983235431157,,,
sample,1779734218.6504588,69.24268245697021,1.8425,-0.026837211677025394,-0.013980577268547456,0,2.8014088904491037,13.311100714754373,124.12702828523693,-0.05846230027418701,-0.04660496068285721,,,
sample,1779734218.700287,69.29251074790955,1.9227,-0.030895624594912335,-0.013330295633716169,0,2.6066738915451504,13.314083479400987,124.32178612637064,-0.05563162104726332,-0.044436950911290386,,,
sample,1779734218.7499137,69.34213733673096,1.9227,0.0,-0.013330295633716169,0,2.6066738915451504,13.314083479400987,124.32178612637064,-0.05563162104726332,-0.044436950911290386,,,
sample,1779734218.800431,69.39265465736389,1.8425,0.30004509269219276,-0.021951569800257482,0,2.4399750368282334,13.309928722281747,124.48853674907008,-0.09213633149226647,-0.07318365474896765,,,
sample,1779734218.8498707,69.44209432601929,1.8425,0.0,-0.021951569800257482,0,2.4399750368282334,13.309928722281747,124.48853674907008,-0.09213633149226647,-0.07318365474896765,,,
sample,1779734218.9008896,69.49311327934265,1.8425,-0.1511516345498596,-0.019978296976406584,0,2.3521713968024374,13.311362152229359,124.57635208897828,-0.08344272293865586,-0.06660318465235365,,,
sample,1779734218.950124,69.54234766960144,1.8425,-0.17170891254260034,-0.01788338355785894,0,2.2559150157403636,13.312933576594258,124.67262129625507,-0.07602836620511237,-0.05961763420769969,,,
sample,1779734219.0008984,69.59312200546265,1.9227,-0.197701890112402,-0.015009476013817694,0,2.095920040389829,13.31748305799394,124.83268094113292,-0.06281832213470709,-0.05003534416282498,,,
sample,1779734219.050146,69.64236974716187,1.9227,-0.0419380646715688,-0.014516679116687392,0,2.0630010902290525,13.318419113336464,124.86561319704246,-0.0615344857815765,-0.048392329739344916,,,
sample,1779734219.1015823,69.69380593299866,1.8425,-0.24598673839520402,-0.006167587222382969,0,1.8796442381186926,13.32595567319415,125.04912487228496,-0.026005837366448188,-0.020558884755982307,,,
sample,1779734219.149851,69.74207472801208,1.8425,0.0,-0.006167587222382969,0,1.8796442381186926,13.32595567319415,125.04912487228496,-0.026005837366448188,-0.020558884755982307,,,
sample,1779734219.206329,69.79855275154114,1.8425,-0.06818594387175546,0.004792264469849749,0,1.6886865654641503,13.334541393433401,125.24027546040246,0.020173957450543307,0.015974337187490726,,,
sample,1779734219.24975,69.84197354316711,1.8425,0.0,0.004792264469849749,0,1.6886865654641503,13.334541393433401,125.24027546040246,0.020173957450543307,0.015974337187490726,,,
sample,1779734219.3012698,69.89349341392517,1.9227,0.056486213630087476,0.009584598922530994,0,1.6208494440825116,13.344774813179683,125.30888010978609,0.04065157087757701,0.031949641427428815,,,
sample,1779734219.3519316,69.94415521621704,1.9227,0.03185286553216956,0.014186240197733839,0,1.554909776204715,13.347440703737929,125.37487364562334,0.05938753992461753,0.04729063977280913,,,
sample,1779734219.4015026,69.99372625350952,1.8425,-0.12764134587118625,0.020949115731452052,0,1.3709225277500714,13.356049175318333,125.55906217234762,0.08887382080320273,0.06984060294632007,,,
sample,1779734219.4504678,70.0426914691925,1.8425,0.0,0.020949115731452052,0,1.3709225277500714,13.356049175318333,125.55906217234762,0.08887382080320273,0.06984060294632007,,,
sample,1779734219.501176,70.0933997631073,1.8425,0.2668116624044576,0.027597651052681197,0,1.1876762178749343,13.362143904864347,125.74240980885024,0.1161408519257817,0.09201553196891066,,,
sample,1779734219.550904,70.14312767982483,1.8425,0.0,0.027597651052681197,0,1.1876762178749343,13.362143904864347,125.74240980885024,0.1161408519257817,0.09201553196891066,,,
sample,1779734219.6051514,70.19737505912781,1.8425,0.4752060910685868,0.08587363454180562,0,1.003911317350915,13.363508622718882,125.92617977679774,0.3732756452966353,0.2869511482917876,,,
sample,1779734219.6513133,70.24353694915771,1.8425,0.0,0.08587363454180562,0,1.003911317350915,13.363508622718882,125.92617977679774,0.3732756452966353,0.2869511482917876,,,
sample,1779734219.7044213,70.29664492607117,1.8425,0.16702513418983356,0.11130958583899944,0,0.8715136848367591,13.362859608748778,126.05857900003748,0.4923137841525831,0.3725719254285131,,,
sample,1779734219.7523263,70.34454989433289,1.8425,0.07218242595016935,0.11970241487489862,0,0.8199016878896814,13.362606606437422,126.11019161709024,0.5326144919458063,0.4009247873603235,,,
sample,1779734219.8034015,70.39562511444092,1.7624,0.633013659076158,0.13113142027548058,0,0.640749077120629,13.35593308321748,126.28946848078864,0.5909085649566466,0.43962749176420046,,,
sample,1779734219.8496025,70.4418261051178,1.7624,0.0,0.13113142027548058,0,0.640749077120629,13.35593308321748,126.28946848078864,0.5909085649566466,0.43962749176420046,,,
sample,1779734219.8999333,70.49215698242188,1.8425,0.0,0.13113142027548058,0,0.640749077120629,13.35593308321748,126.28946848078864,0.5909085649566466,0.43962749176420046,,,
sample,1779734219.949671,70.54189467430115,1.8425,0.0,0.13113142027548058,0,0.640749077120629,13.35593308321748,126.28946848078864,0.5909085649566466,0.43962749176420046,,,
sample,1779734220.002011,70.59423470497131,1.7624,2.7807510578476373,0.1372355061523573,0,0.2779095077626834,13.302047714701377,126.6562874906995,0.6185215155443385,0.46034530630037346,,,
sample,1779734220.0512567,70.64348030090332,1.7624,0.0,0.13775532851351988,0,0.2779095077626834,13.302047714701377,126.6562874906995,0.6276999849451091,0.46211122232075663,,,
sample,1779734220.101692,70.69391560554504,1.7624,1.3075917452554422,0.13691210294928996,0,0.15178650496702706,13.267263205639114,126.78711934425549,0.6136724368377589,0.45924678417994363,,,
sample,1779734220.1508508,70.74307441711426,1.7624,0.4146065463932812,0.13296998520502457,0,0.112808014717517,13.256513004507969,126.8275531114123,0.6021236870074796,0.44586416397596457,,,
sample,1779734220.2011573,70.79338097572327,1.7624,1.7317280383274658,0.1328271984081794,0,-0.052334290494514546,13.195063605055198,127.0037575655667,0.5990441276233055,0.4453797016518862,,,
sample,1779734220.2524564,70.84468007087708,1.7624,0.0,0.1328271984081794,0,-0.052334290494514546,13.195063605055198,127.0037575655667,0.5990441276233055,0.4453797016518862,,,
sample,1779734220.302794,70.89501762390137,1.7624,1.7442174617940092,0.131834350804476,0,-0.21305847197018135,13.1186059637069,127.1817408047539,0.5897103120201549,0.44201157205082736,,,
sample,1779734220.356931,70.94915461540222,1.7624,0.0,0.131834350804476,0,-0.21305847197018135,13.1186059637069,127.1817408047539,0.5897103120201549,0.44201157205082736,,,
sample,1779734220.4004202,70.9926438331604,1.7624,1.7880821629536856,0.1266588431836747,0,-0.32914630255330923,13.133529541853289,127.29878394891104,0.5634269549841628,0.42446841479856595,,,
sample,1779734220.4502738,71.04249739646912,1.7624,0.7308083952508722,0.12319978409242836,0,-0.39092657157614985,13.09494938191966,127.37162096135003,0.5503668960819355,0.41275636085487993,,,
sample,1779734220.501466,71.09368968009949,1.7624,1.6373817656138299,0.11696206442242908,0,-0.522938740336627,12.9951152396044,127.53713249772339,0.5215578414260472,0.39166117023063923,,,
sample,1779734220.5503783,71.14260196685791,1.7624,0.1113560622992433,0.11949075466568883,0,-0.5315168450962235,12.988628051798871,127.54788737972603,0.5257967162557439,0.40020906481765056,,,
sample,1779734220.6015565,71.19378018379211,1.7624,1.6758832362623322,0.11171396020812781,0,-0.669494677935146,12.864337461573216,127.73359153469724,0.49350155720041705,0.37393674109540204,,,
sample,1779734220.6519272,71.2441508769989,1.7624,0.0,0.11171396020812781,0,-0.669494677935146,12.864337461573216,127.73359153469724,0.49350155720041705,0.37393674109540204,,,
sample,1779734220.7014823,71.29370594024658,1.7624,1.8437590569102287,0.1017275878821508,0,-0.7843272388675455,12.740122994525116,127.90275344197644,0.44787036578528006,0.34026651977838196,,,
sample,1779734220.7497323,71.34195590019226,1.7624,0.0,0.1017275878821508,0,-0.7843272388675455,12.740122994525116,127.90275344197644,0.44787036578528006,0.34026651977838196,,,
sample,1779734220.8004746,71.39269828796387,1.7624,1.0128159269254882,0.09927357081346452,0,-0.8528303291878183,12.6530099483229,128.0135747224331,0.4288253434448605,0.33200327749728487,,,
sample,1779734220.8582284,71.45045208930969,1.7624,0.49181038239957264,0.09593034887206596,0,-0.8906908870852188,12.604863966675381,128.07482386441163,0.41472455206872977,0.320752355694386,,,
sample,1779734220.902473,71.49469661712646,1.7624,1.8104405345152057,0.08575373780212314,0,-0.9847158379480279,12.460919928324545,128.24675576244542,0.37061906036758224,0.2865485349225831,,,
sample,1779734220.9504366,71.54266023635864,1.7624,-0.10013529324093433,0.09645212019290748,0,-1.1031015044060544,12.473674462700426,128.36582651523491,0.4216400358324116,0.32250778600078844,,,
sample,1779734221.0005937,71.59281730651855,1.7624,1.6315494473441237,0.08768004035882414,0,-1.198420876930021,12.305457981224551,128.5591722351733,0.3783206913832513,0.2930180734093327,,,
sample,1779734221.0500185,71.64224219322205,1.7624,0.0,0.08768004035882414,0,-1.198420876930021,12.305457981224551,128.5591722351733,0.3783206913832513,0.2930180734093327,,,
sample,1779734221.0999951,71.69221878051758,1.7624,0.44841064703523326,0.08464708410886546,0,-1.2191803397289598,12.260771971066132,128.60844489290128,0.36415100554439245,0.2828327810310293,,,
sample,1779734221.1533124,71.74553608894348,1.7624,0.9740425329639667,0.07691502092839739,0,-1.2672886094287752,12.15721598557022,128.72263003968288,0.330606976901539,0.256890183629774,,,
sample,1779734221.202036,71.79425954818726,1.7624,1.074174622108801,0.07010392695731263,0,-1.3198918264041017,12.021780342229459,128.86792254438728,0.2991165871317614,0.23406332166986618,,,
sample,1779734221.2511938,71.84341740608215,1.7624,0.24602550578568153,0.06735791370996243,0,-1.3320473140220914,11.990484037928614,128.9014965602645,0.29074940336875854,0.22486656177593703,,,
sample,1779734221.3020296,71.89425325393677,1.7624,1.349358588664302,0.05727273529965033,0,-1.383926464528514,11.823877535091322,129.0759934744061,0.24322991446847367,0.19111812978648382,,,
sample,1779734221.3515577,71.94378137588501,1.7624,0.0,0.05727273529965033,0,-1.383926464528514,11.823877535091322,129.0759934744061,0.24322991446847367,0.19111812978648382,,,
sample,1779734221.4043596,71.9965832233429,1.7624,1.1587072131492375,0.046366408184611185,0,-1.426300634252443,11.651236759793958,129.25375850908688,0.198083912808334,0.15466554542561575,,,
sample,1779734221.449749,72.04197263717651,1.7624,0.0,0.046366408184611185,0,-1.426300634252443,11.651236759793958,129.25375850908688,0.198083912808334,0.15466554542561575,,,
sample,1779734221.501048,72.09327173233032,1.8425,0.4514642226875087,0.05710512972939878,0,-1.5539103983043043,11.54842213069221,129.4176337660316,0.24128526216166726,0.19055761333814644,,,
sample,1779734221.5500095,72.14223313331604,1.8425,0.0,0.05242705817250059,0,-1.5539103983043043,11.54842213069221,129.4176337660316,0.22489137911579962,0.17491714883201903,,,
sample,1779734221.6042976,72.19652128219604,1.7624,0.46615209751385156,0.049142655385992745,0,-1.5808729886398118,11.403314566868177,129.5652250474697,0.21012167759511566,0.1639408449508865,,,
sample,1779734221.6567965,72.24902009963989,1.7624,0.16203898108075573,0.04802460483919896,0,-1.5899365308492894,11.354536296187652,129.6148382260412,0.20515051979189894,0.1602051988355536,,,
sample,1779734221.7058673,72.29809093475342,1.8425,0.675870831080194,0.04242640205869171,0,-1.6133162905960703,11.200416039253714,129.7707217298612,0.18117413136185226,0.14150625411904152,,,
sample,1779734221.7549572,72.34718084335327,1.8425,0.0,0.04242640205869171,0,-1.6133162905960703,11.200416039253714,129.7707217298612,0.18117413136185226,0.14150625411904152,,,
sample,1779734221.8077042,72.39992785453796,1.7624,0.6890934013526728,0.03608956941810428,0,-1.6348198882165368,11.0129421065795,129.9594248833668,0.15305147547559833,0.1203508198546126,,,
sample,1779734221.8535676,72.44579124450684,1.7624,0.0,0.03608956941810428,0,-1.6348198882165368,11.0129421065795,129.9594248833668,0.15305147547559833,0.1203508198546126,,,
sample,1779734221.9015005,72.49372410774231,1.8425,0.4084089226650426,0.03222732119472365,0,-1.6418484356987275,10.9216808946602,130.05095634943552,0.13607031235174727,0.10746160977621136,,,
sample,1779734221.9536853,72.54590892791748,1.8425,0.34037708110028425,0.033347398158409015,0,-1.6482258038753488,10.838874831226944,130.1340076285718,0.13973562849759963,0.1111992165754333,,,
sample,1779734222.002606,72.59482955932617,1.8425,0.38222133979209816,0.044350279583275073,0,-1.7191603655475034,10.685603215155357,130.3028978305754,0.1890571011715033,0.14793126900171857,,,
sample,1779734222.0516372,72.64386081695557,1.8425,0.0,0.044350279583275073,0,-1.7191603655475034,10.685603215155357,130.3028978305754,0.1890571011715033,0.14793126900171857,,,
sample,1779734222.103127,72.69535064697266,1.8425,0.6745517540039173,0.05518712515638818,0,-1.7245758651483958,10.48367077094793,130.50490287917447,0.2330706352181173,0.18414406603178984,,,
sample,1779734222.1515734,72.74379706382751,1.8425,0.0,0.05518712515638818,0,-1.7245758651483958,10.48367077094793,130.50490287917447,0.2330706352181173,0.18414406603178984,,,
sample,1779734222.2007594,72.79298305511475,1.7624,0.59376934037442,0.05711377219984985,0,-1.7235648192559148,10.308515344318826,130.68006122379848,0.2419859827181409,0.19058651573540886,,,
sample,1779734222.2517848,72.84400844573975,1.7624,0.0,0.06210486170064903,0,-1.7235648192559148,10.308515344318826,130.68006122379848,0.26189503668460745,0.20728277172657134,,,
sample,1779734222.3022254,72.89444899559021,1.8425,0.5198713616847153,0.06480473881767343,0,-1.717983742276059,10.172261463808367,130.8164293592789,0.2744680833542716,0.21631870212250887,,,
sample,1779734222.3523953,72.9446189403534,1.8425,0.17825751544262472,0.06274938593107768,0,-1.7160803260003545,10.125792322686033,130.86293746685345,0.27031091656043155,0.20943958038768593,,,
sample,1779734222.4041352,72.99635887145996,1.8425,0.8641554511338037,0.06514775019932413,0,-1.7000839352230495,9.93948313484551,131.04993211381344,0.27979394950538816,0.2174669142386649,,,
sample,1779734222.4517424,73.04396605491638,1.8425,0.0,0.06514775019932413,0,-1.7000839352230495,9.93948313484551,131.04993211381344,0.27979394950538816,0.2174669142386649,,,
sample,1779734222.5015345,73.09375810623169,1.8425,0.7330450004192988,0.06885323111864626,0,-1.6780111820096093,9.759679447136032,131.23108556409343,0.2937255461084691,0.22987414521003588,,,
sample,1779734222.5503087,73.14253234863281,1.8425,0.0,0.06885323111864626,0,-1.6780111820096093,9.759679447136032,131.23108556409343,0.2937255461084691,0.22987414521003588,,,
sample,1779734222.6007419,73.19296550750732,1.8425,0.748471628510129,0.06844698148970645,0,-1.6639276038619726,9.586927397594582,131.40441074343622,0.2936905498345246,0.22851357769507788,,,
sample,1779734222.650633,73.24285674095154,1.8425,0.0,0.06909413608900118,0,-1.6639276038619726,9.586927397594582,131.40441074343622,0.2983059520259587,0.23068099417695237,,,
sample,1779734222.7011757,73.29339933395386,1.7624,0.5576127461184314,0.07183625959172898,0,-1.6594692041443835,9.459962385596047,131.5314540100812,0.30808719992282274,0.23986694764346753,,,
sample,1779734222.7498593,73.34208297729492,1.7624,0.14952597719651367,0.07380800137511238,0,-1.6530341590869642,9.427443016188581,131.56460396017997,0.3123067130830338,0.246474400257994,,,
sample,1779734222.8002899,73.39251351356506,1.8425,0.6493050508642054,0.07317576015332851,0,-1.6114353252971816,9.248249475519449,131.74856261855246,0.31442308432610866,0.24435550576731127,,,
sample,1779734222.8496685,73.44189214706421,1.8425,0.0,0.07317576015332851,0,-1.6114353252971816,9.248249475519449,131.74856261855246,0.31442308432610866,0.24435550576731127,,,
sample,1779734222.900495,73.49271869659424,1.8425,0.706182697801367,0.07478044523706925,0,-1.5615530218326097,9.063709496967867,131.93972550167246,0.3184844039106184,0.2497338378757783,,,
sample,1779734222.9497254,73.54194903373718,1.8425,0.0,0.07478044523706925,0,-1.5615530218326097,9.063709496967867,131.93972550167246,0.3184844039106184,0.2497338378757783,,,
sample,1779734223.0011706,73.59339427947998,1.7624,0.4204112302337584,0.07284408617870293,0,-1.530298094759025,8.962736298399998,132.04542534696753,0.3139175439265574,0.24324401159848275,,,
sample,1779734223.0517092,73.64393281936646,1.7624,0.28805146627522576,0.07260861515036632,0,-1.50926071164484,8.894772234445032,132.11657087021086,0.31264523668559435,0.2424549420345931,,,
sample,1779734223.1022952,73.69451880455017,1.8425,1.0809556003746918,0.06855157187195121,0,-1.4832395648050247,8.734616448295098,132.27882676662193,0.29515692780512426,0.22886385327980402,,,
sample,1779734223.1505363,73.74275994300842,1.8425,0.0,0.06855157187195121,0,-1.4832395648050247,8.734616448295098,132.27882676662193,0.29515692780512426,0.22886385327980402,,,
sample,1779734223.2025733,73.79479694366455,1.7624,0.5944831324115609,0.06915551694738119,0,-1.4033761453047742,8.537715769112033,132.49130745571398,0.29706790498195795,0.2308865778029224,,,
sample,1779734223.250323,73.84254670143127,1.7624,0.0,0.06915551694738119,0,-1.4033761453047742,8.537715769112033,132.49130745571398,0.29706790498195795,0.2308865778029224,,,
sample,1779734223.3005679,73.8927915096283,1.8425,0.9454298660525086,0.0628608991401855,0,-1.3405034322663596,8.401811217450042,132.64105065324648,0.2696628122771488,0.20981276115697678,,,
sample,1779734223.3503458,73.94256949424744,1.8425,0.0,0.0628608991401855,0,-1.3405034322663596,8.401811217450042,132.64105065324648,0.2696628122771488,0.20981276115697678,,,
sample,1779734223.4003868,73.99261045455933,1.7624,0.6965452744619142,0.05469107546216273,0,-1.2842304697261073,8.294779973354819,132.7619734944537,0.23471284674210371,0.18248556619327164,,,
sample,1779734223.451061,74.04328465461731,1.7624,0.31349360580679775,0.04677372276565283,0,-1.258583244673182,8.245998919699767,132.81708584650488,0.1983618832220695,0.15602620955083268,,,
sample,1779734223.5019634,74.0941870212555,1.8425,0.818960421670298,0.04206333550111888,0,-1.166003174913679,8.086432311725472,133.0015650369224,0.17610951436428188,0.1402938698779006,,,
sample,1779734223.5504744,74.14269804954529,1.8425,0.0,0.04206333550111888,0,-1.166003174913679,8.086432311725472,133.0015650369224,0.17610951436428188,0.1402938698779006,,,
sample,1779734223.602808,74.19503164291382,1.8425,0.999471990086291,0.03234049099488992,0,-1.065082084502242,7.9317323638997115,133.1862732943099,0.1373172771656813,0.10783923588815741,,,
sample,1779734223.6510873,74.24331092834473,1.8425,0.0,0.03234049099488992,0,-1.065082084502242,7.9317323638997115,133.1862732943099,0.1373172771656813,0.10783923588815741,,,
sample,1779734223.7008808,74.29310441017151,1.7624,0.6329702543446634,0.035242553694137736,0,-0.9940166119534579,7.746931745843142,133.38426715740337,0.14988814672613024,0.11752383935190285,,,
sample,1779734223.7507899,74.34301352500916,1.7624,0.0,0.03275649555909931,0,-0.9940166119534579,7.746931745843142,133.38426715740337,0.1376459652563386,0.10922738788401805,,,
sample,1779734223.8022294,74.39445304870605,1.8425,0.6141655763780448,0.027007785212271453,0,-0.9144512558581166,7.642881653784607,133.51525214718453,0.11288018543054429,0.09004784601947033,,,
sample,1779734223.8520288,74.44425249099731,1.8425,0.23464055272270712,0.02422328842290607,0,-0.885022686251975,7.604396997560596,133.56369912308338,0.1031138201660661,0.08076009116532196,,,
sample,1779734223.9011915,74.4934151172638,1.8425,0.5012923751836427,0.020556580508513313,0,-0.7677160846516025,7.458583446152141,133.75084193099588,0.08658730974065398,0.0685315885000335,,,
sample,1779734223.9496818,74.5419054031372,1.8425,0.0,0.020556580508513313,0,-0.7677160846516025,7.458583446152141,133.75084193099588,0.08658730974065398,0.0685315885000335,,,
sample,1779734224.000696,74.59291958808899,1.8425,0.3556195361273577,0.018012532530765214,0,-0.6486304502430291,7.315936268070846,133.93666336608086,0.07506588235670619,0.060048269489956334,,,
sample,1779734224.0502634,74.64248704910278,1.8425,0.0,0.018012532530765214,0,-0.6486304502430291,7.315936268070846,133.93666336608086,0.07506588235670619,0.060048269489956334,,,
sample,1779734224.101069,74.69329261779785,1.8425,0.5573809672315709,0.01464282559610026,0,-0.530057353806699,7.181812507177943,134.11568504754587,0.06166036337214176,0.04881290740012588,,,
sample,1779734224.150221,74.74244475364685,1.8425,0.0,0.01202604242868967,0,-0.530057353806699,7.181812507177943,134.11568504754587,0.05081921136880868,0.04008874073494976,,,
sample,1779734224.2023,74.7945237159729,1.8425,0.21139164491129736,0.015566002279662684,0,-0.47882541378168586,7.036460373682026,134.26980173836986,0.06573361119288328,0.051890865392857075,,,
sample,1779734224.2515554,74.84377908706665,1.8425,0.04735711792728008,0.01501447272723204,0,-0.46770868921697617,7.024218786884774,134.28633769955638,0.06381157009778932,0.05005200362829086,,,
sample,1779734224.3014674,74.89369106292725,1.8425,0.41967216186522244,0.007449569249698671,0,-0.33979513979959486,6.889157670623421,134.47235754056888,0.03090091036789664,0.024832356866866145,,,
sample,1779734224.3513918,74.94361543655396,1.8425,0.0,0.007449569249698671,0,-0.33979513979959486,6.889157670623421,134.47235754056888,0.03090091036789664,0.024832356866866145,,,
sample,1779734224.4005642,74.99278783798218,1.8425,0.31716380441700043,-0.0026828347263592608,0,-0.20505112486661248,6.7512570304336394,134.66515934586388,-0.011346926633848587,-0.008942803876789359,,,
sample,1779734224.449604,75.04182767868042,1.8425,0.0,-0.0026828347263592608,0,-0.20505112486661248,6.7512570304336394,134.66515934586388,-0.011346926633848587,-0.008942803876789359,,,
sample,1779734224.5015383,75.09376192092896,1.8425,0.2429967762442554,0.004021671619278415,0,-0.13189305815337438,6.679611116694253,134.76755680521111,0.01698732152440972,0.013405644337933197,,,
sample,1779734224.5504203,75.14264392852783,1.8425,0.19229586488026984,0.008252343068822927,0,-0.07740179336869013,6.626246168278971,134.84382682328638,0.03490886067303465,0.027508434684404944,,,
sample,1779734224.6012747,75.19349837303162,1.8425,0.3649061501451809,0.019685561154734264,0,0.04839946393381822,6.507684391252538,135.0166933941165,0.08279649681828143,0.06562701469054026,,,
sample,1779734224.649594,75.24181771278381,1.8425,0.0,0.019685561154734264,0,0.04839946393381822,6.507684391252538,135.0166933941165,0.08279649681828143,0.06562701469054026,,,
sample,1779734224.7052162,75.29743981361389,1.8425,0.14497534255950456,0.030325789642944124,0,0.18778407980186596,6.378208557699643,135.20693550989242,0.12926434097922018,0.10111696490126143,,,
sample,1779734224.7511175,75.34334111213684,1.8425,0.0,0.030325789642944124,0,0.18778407980186596,6.378208557699643,135.20693550989242,0.12926434097922018,0.10111696490126143,,,
sample,1779734224.8005557,75.39277935028076,1.8425,0.3478455517898555,0.03299787645182758,0,0.2982115537385541,6.25953239071694,135.36904121494237,0.14000780706285693,0.11003286119368723,,,
sample,1779734224.852863,75.44508671760559,1.8425,0.0,0.03996677997113716,0,0.2982115537385541,6.25953239071694,135.36904121494237,0.17018584904524003,0.13329357934027797,,,
sample,1779734224.9028745,75.49509811401367,1.8425,0.3794071489596274,0.04752145641484654,0,0.4069022922162946,6.166674328644039,135.51199678958977,0.20034737388162166,0.15852420383135887,,,
sample,1779734224.9504042,75.54262781143188,1.8425,0.10854683283346385,0.04631525813787312,0,0.4364552024334327,6.141426308345236,135.55086627673987,0.19814258153938635,0.15449467860050592,,,
sample,1779734225.0008678,75.59309148788452,1.8425,0.4947293979563405,0.05504715752302212,0,0.5997064817699802,6.009000233377721,135.76107485300716,0.2347115092519864,0.18367608701908378,,,
sample,1779734225.050499,75.64272260665894,1.8425,0.0,0.05504715752302212,0,0.5997064817699802,6.009000233377721,135.76107485300716,0.2347115092519864,0.18367608701908378,,,
sample,1779734225.1001685,75.69239211082458,1.8425,0.32868679629735925,0.06265559506556066,0,0.725037334184267,5.910490413560559,135.9204862928956,0.26506915645795787,0.20912571177887526,,,
sample,1779734225.1497407,75.74196434020996,1.8425,0.0,0.06265559506556066,0,0.725037334184267,5.910490413560559,135.9204862928956,0.26506915645795787,0.20912571177887526,,,
sample,1779734225.2039928,75.79621648788452,1.7624,0.3923541228677705,0.06314034158615439,0,0.87566395317008,5.79730250975197,136.1089004110388,0.2710968942321124,0.21074794288415918,,,
sample,1779734225.2502577,75.8424813747406,1.7624,0.0,0.06602298824556735,0,0.87566395317008,5.79730250975197,136.1089004110388,0.28452700276674486,0.22039695993856803,,,
sample,1779734225.301006,75.89322972297668,1.8425,0.7782145675166748,0.06645817394130213,0,0.9584675999273226,5.719715688914526,136.2223735738746,0.28221515860623264,0.22185396266028887,,,
sample,1779734225.3497446,75.94196820259094,1.8425,0.11192453146469476,0.06521046356981743,0,0.981887458417848,5.703711230741571,136.25073961789073,0.2797844243250305,0.21767684941574356,,,
sample,1779734225.4005857,75.9928092956543,1.8425,0.7598649356763857,0.06619516115468571,0,1.1381257981202935,5.605573452142388,136.43524284924823,0.28267360730639457,0.22097338518371962,,,
sample,1779734225.4496043,76.041827917099,1.8425,0.0,0.06619516115468571,0,1.1381257981202935,5.605573452142388,136.43524284924823,0.28267360730639457,0.22097338518371962,,,
sample,1779734225.500199,76.09242272377014,1.8425,0.0,0.06619516115468571,0,1.1381257981202935,5.605573452142388,136.43524284924823,0.28267360730639457,0.22097338518371962,,,
sample,1779734225.5496135,76.14183712005615,1.8425,0.0,0.06619516115468571,0,1.1381257981202935,5.605573452142388,136.43524284924823,0.28267360730639457,0.22097338518371962,,,
sample,1779734225.6016865,76.19391012191772,1.8425,1.4175640112807748,0.0594132561977033,0,1.3819466606547455,5.4837065594404475,136.70782339247145,0.25547457344259117,0.19827754452911106,,,
sample,1779734225.651099,76.2433226108551,1.8425,0.47608238929056,0.05816935199784391,0,1.4625080807864126,5.443440235053564,136.79788736580852,0.24899577847864585,0.19411683205837965,,,
sample,1779734225.701121,76.29334473609924,1.8425,0.6145663812914159,0.05683737156016033,0,1.6034489264248393,5.379211639425378,136.95277324142552,0.24355326043109962,0.18966218292553305,,,
sample,1779734225.7516446,76.34386825561523,1.8425,0.0,0.05683737156016033,0,1.6034489264248393,5.379211639425378,136.95277324142552,0.24355326043109962,0.18966218292553305,,,
sample,1779734225.8021383,76.39436197280884,1.7624,0.8007970153883601,0.05468178249103311,0,1.787276940212939,5.302153991504566,137.15209865314304,0.23387867278351096,0.18245449679912634,,,
sample,1779734225.8512685,76.44349217414856,1.7624,0.0,0.05468178249103311,0,1.787276940212939,5.302153991504566,137.15209865314304,0.23387867278351096,0.18245449679912634,,,
sample,1779734225.901376,76.49359965324402,1.8425,0.7803309370015133,0.05522730975570336,0,1.9218985317311938,5.197281829413558,137.32274783504718,0.2361826259371114,0.18427842378083062,,,
sample,1779734225.9517632,76.54398679733276,1.8425,0.0,0.05522730975570336,0,1.9218985317311938,5.197281829413558,137.32274783504718,0.2361826259371114,0.18427842378083062,,,
sample,1779734226.0020957,76.5943193435669,1.7624,0.5361683151091413,0.05332699999874915,0,2.0368791574785803,5.159792192173713,137.44368590679315,0.22514377552542156,0.17792535818149402,,,
sample,1779734226.0510635,76.64328718185425,1.7624,0.2258130539820858,0.05218005150383905,0,2.08399148902048,5.144431132799157,137.49323925106398,0.220093390358602,0.17409153672889435,,,
sample,1779734226.1013038,76.69352746009827,1.8425,0.8551493382328443,0.04584178523046475,0,2.261354713923187,5.094920258336837,137.677383325739,0.19536179308655102,0.15291307982391414,,,
sample,1779734226.1509123,76.74313592910767,1.8425,0.0,0.04584178523046475,0,2.261354713923187,5.094920258336837,137.677383325739,0.19536179308655102,0.15291307982391414,,,
sample,1779734226.2022567,76.7944803237915,1.7624,0.8473994812103813,0.0399101989151803,0,2.4365972330888663,5.054126632276672,137.85731125700778,0.1683359342450138,0.133104674661917,,,
sample,1779734226.2511933,76.843416929245,1.7624,0.0,0.0399101989151803,0,2.4365972330888663,5.054126632276672,137.85731125700778,0.1683359342450138,0.133104674661917,,,
sample,1779734226.3006215,76.8928451538086,1.8425,0.8410654967133321,0.03727345913448107,0,2.6090187856723936,4.996967629458012,138.03896021351053,0.15854634024116782,0.12430243401686435,,,
sample,1779734226.3502598,76.94248342514038,1.8425,0.0,0.034914545448692165,0,2.6090187856723936,4.996967629458012,138.03896021351053,0.1485430055393713,0.11642913203390096,,,
sample,1779734226.4022276,76.99445128440857,1.7624,0.49656572035656255,0.038229214333451916,0,2.7283993157760476,4.949250496440221,138.16752395548806,0.1609556899507745,0.12749282959916464,,,
sample,1779734226.451545,77.04376864433289,1.7624,0.1360477472312143,0.03735955370865927,0,2.7721389969383323,4.9424328988755954,138.21179176935698,0.15687659118391817,0.1245898159307859,,,
sample,1779734226.5030181,77.09524178504944,1.8425,0.7963796783600512,0.033802184884805776,0,2.9598746674567504,4.921007969910094,138.40074602193198,0.14386356965918526,0.11271688252773222,,,
sample,1779734226.5502703,77.14249396324158,1.8425,0.0,0.033802184884805776,0,2.9598746674567504,4.921007969910094,138.40074602193198,0.14386356965918526,0.11271688252773222,,,
sample,1779734226.599672,77.1918957233429,1.8425,0.0,0.033802184884805776,0,2.9598746674567504,4.921007969910094,138.40074602193198,0.14386356965918526,0.11271688252773222,,,
sample,1779734226.6516626,77.2438862323761,1.8425,0.0,0.033802184884805776,0,2.9598746674567504,4.921007969910094,138.40074602193198,0.14386356965918526,0.11271688252773222,,,
sample,1779734226.701955,77.29417872428894,1.8425,1.5663753451497828,0.034013900445960595,0,3.3094786758249377,4.9088178246023695,138.75056249139809,0.14268990683917832,0.11342341309358137,,,
sample,1779734226.750634,77.34285759925842,1.8425,0.0,0.034895110438752285,0,3.3094786758249377,4.9088178246023695,138.75056249139809,0.14764685136987507,0.11636426967465897,,,
sample,1779734226.802786,77.39500975608826,1.8425,0.7186275744108007,0.030621704036314736,0,3.478119883089358,4.909651569354314,138.919205759624,0.13007916755150556,0.10210426278937779,,,
sample,1779734226.855982,77.4482057094574,1.8425,0.04361600214319329,0.03005605551579431,0,3.488560159650507,4.909703185005867,138.9296461637756,0.12572489636187398,0.10021703110554474,,,
sample,1779734226.9039087,77.49613237380981,1.7624,0.7110552302361625,0.030613535587330803,0,3.664255359396136,4.916562708819856,139.105475217918,0.12864697026341915,0.10207700908540504,,,
sample,1779734226.9570193,77.54924297332764,1.7624,0.0,0.030613535587330803,0,3.664255359396136,4.916562708819856,139.105475217918,0.12864697026341915,0.10207700908540504,,,
sample,1779734227.005755,77.59797859191895,1.8425,0.18725170206174854,0.028113699249104583,0,3.7174380978039956,4.920409825754307,139.15879692056586,0.1182583166989179,0.10207700908540504,,,
sample,1779734227.053564,77.64578771591187,1.8425,0.0,0.028113699249104583,0,3.7174380978039956,4.920409825754307,139.15879692056586,0.1182583166989179,0.09373702809181787,,,
sample,1779734227.1071875,77.69941115379333,1.8425,0.8243394932142712,0.028924596061607463,0,3.9648165651901426,4.901831752696783,139.4068720118686,0.1228367023192037,0.09644221726223368,,,
sample,1779734227.1520143,77.74423789978027,1.8425,0.2792905533158074,0.02961016701017137,0,4.031418852923335,4.908842173370296,139.47384223457476,0.12372191883637501,0.09872941245264528,,,
sample,1779734227.2023554,77.79457902908325,1.8425,0.6412249741410155,0.024587837029819887,0,4.213581997942919,4.934001149855874,139.6577345549724,0.10366585699986477,0.081975977278131,,,
sample,1779734227.2519634,77.8441870212555,1.8425,0.0,0.024587837029819887,0,4.213581997942919,4.934001149855874,139.6577345549724,0.10366585699986477,0.081975977278131,,,
sample,1779734227.3012342,77.89345788955688,1.8425,0.001873276877748135,0.024566032617155807,0,4.214102855922077,4.934073086765223,139.65826035717225,0.10359466975372777,0.08190325198347616,,,
sample,1779734227.350667,77.94289064407349,1.8425,0.0,0.024566032617155807,0,4.214102855922077,4.934073086765223,139.65826035717225,0.10359466975372777,0.08190325198347616,,,
sample,1779734227.4030204,77.99524402618408,1.7624,0.8295294504446625,0.02325074620198623,0,4.45754633049935,4.984080934033069,139.9067870360271,0.09682187520128689,0.07751645623643628,,,
sample,1779734227.4519603,78.04418396949768,1.7624,0.0,0.02325074620198623,0,4.45754633049935,4.984080934033069,139.9067870360271,0.09682187520128689,0.07751645623643628,,,
sample,1779734227.5039315,78.09615516662598,1.8425,1.052643133743406,0.014014581964718976,0,4.722172605719019,5.044263914450313,140.17817063293109,0.05835847682831123,0.04671833188172821,,,
sample,1779734227.5523164,78.14454007148743,1.8425,0.0,0.014014581964718976,0,4.722172605719019,5.044263914450313,140.17817063293109,0.05835847682831123,0.04671833188172821,,,
sample,1779734227.6021175,78.19434118270874,1.8425,0.0,0.014014581964718976,0,4.722172605719019,5.044263914450313,140.17817063293109,0.05835847682831123,0.04671833188172821,,,
sample,1779734227.652385,78.24460864067078,1.8425,0.0,0.014014581964718976,0,4.722172605719019,5.044263914450313,140.17817063293109,0.05835847682831123,0.04671833188172821,,,
sample,1779734227.7025523,78.29477596282959,1.8425,0.0,0.014014581964718976,0,4.722172605719019,5.044263914450313,140.17817063293109,0.05835847682831123,0.04671833188172821,,,
sample,1779734227.750641,78.3428647518158,1.8425,0.0,0.014014581964718976,0,4.722172605719019,5.044263914450313,140.17817063293109,0.05835847682831123,0.04671833188172821,,,
sample,1779734227.804012,78.396235704422,1.8425,1.143455722049936,0.015652884095185494,0,5.125268885546219,5.041095216224939,140.58127936697065,0.06642282700736332,0.052180542020126314,,,
sample,1779734227.8522685,78.44449210166931,1.8425,0.6032185887348926,0.005984056982913261,0,5.2121640202046216,5.068861066673404,140.67250275694508,0.02534996531984869,0.019947094705038294,,,
sample,1779734227.9014602,78.49368381500244,1.8425,0.31793090335440216,0.006322680236340711,0,5.360368096465192,5.121873730683584,140.829902854676,0.026595560959396407,0.02107588163370373,,,
sample,1779734227.9511497,78.54337334632874,1.8425,0.047544121623838524,0.005761174051985773,0,5.3827551627069745,5.12988159423764,140.85367903211505,0.02445877617460099,0.019204125975947308,,,
sample,1779734228.0006042,78.59282779693604,1.8425,0.3934267101421746,0.0032519726084329716,0,5.5558614778092705,5.195627933822376,141.03885024342256,0.013605133323020314,0.010839946906793746,,,
sample,1779734228.0499923,78.64221596717834,1.8425,0.0,0.0032519726084329716,0,5.5558614778092705,5.195627933822376,141.03885024342256,0.013605133323020314,0.010839946906793746,,,
sample,1779734228.1020446,78.69426822662354,1.7624,0.4159459470621728,0.0014286103023049205,0,5.7304575920131775,5.216395767274669,141.2146771640047,0.0060041552814425175,0.004762037580674496,,,
sample,1779734228.1514285,78.74365210533142,1.7624,0.0,0.0014286103023049205,0,5.7304575920131775,5.216395767274669,141.2146771640047,0.0060041552814425175,0.004762037580674496,,,
sample,1779734228.2021577,78.79438138008118,1.9227,0.17007641004695773,7.273072886648995e-06,0,5.82343228932184,5.256071156361552,141.31576341845522,3.0443810889083056e-05,2.424357628925747e-05,,,
sample,1779734228.2516186,78.84384226799011,1.9227,0.20387647448347074,-0.0017799463279729224,0,5.932097634235648,5.302442265539812,141.4339092476311,-0.0074696754354637565,-0.00593316069240863,,,
sample,1779734228.3005676,78.89279127120972,1.9227,0.0,-0.0017799463279729224,0,5.932097634235648,5.302442265539812,141.4339092476311,-0.0074696754354637565,-0.00593316069240863,,,
sample,1779734228.3509057,78.94312930107117,1.7624,0.22885597507923527,-0.0041289404489210126,0,6.050454679707014,5.355838899534413,141.563753734363,-0.01745148686431052,-0.013763213042262213,,,
sample,1779734228.4011474,78.99337100982666,1.8425,0.6977305319473767,-0.011890916191472964,0,6.224344189686768,5.436894197678629,141.75560660256738,-0.049670079939177984,-0.03963825552487266,,,
sample,1779734228.449786,79.04200959205627,1.8425,0.0,-0.011890916191472964,0,6.224344189686768,5.436894197678629,141.75560660256738,-0.049670079939177984,-0.03963825552487266,,,
sample,1779734228.5005949,79.09281849861145,1.8425,0.4435746100153184,-0.016229604807630815,0,6.388787454248292,5.520933374106518,141.94027974743238,-0.06859006570337084,-0.05410343305824462,,,
sample,1779734228.5592275,79.15145111083984,1.8425,0.0,-0.019467126919165093,0,6.388787454248292,5.520933374106518,141.94027974743238,-0.08221905163335681,-0.06489862146023335,,,
sample,1779734228.6012979,79.19352149963379,1.8425,0.15464780739903103,-0.02331614632457396,0,6.512057560284119,5.585310929212391,142.07934803513126,-0.09778997849886442,-0.0777345748700007,,,
sample,1779734228.6497953,79.24201893806458,1.8425,-0.24727899463285216,-0.017071334012062324,0,6.540008932328565,5.558197738752109,142.118289071277,-0.07197448484165105,-0.05690997524742383,,,
sample,1779734228.7010248,79.29324841499329,1.9227,0.16063103249308774,-0.01714678341577427,0,6.708433955006282,5.644855217298664,142.3077000182997,-0.07262682325787037,-0.057161546892755745,,,
sample,1779734228.7494783,79.34170198440552,1.9227,0.0,-0.01714678341577427,0,6.708433955006282,5.644855217298664,142.3077000182997,-0.07262682325787037,-0.057161546892755745,,,
sample,1779734228.8001583,79.3923819065094,1.8425,-0.1791602196114364,-0.015057392323536697,0,6.880342456075375,5.731340017293828,142.5001374194722,-0.06299572989640961,-0.050195101298306774,,,
sample,1779734228.8499825,79.44220614433289,1.8425,0.0,-0.015057392323536697,0,6.880342456075375,5.731340017293828,142.5001374194722,-0.06299572989640961,-0.050195101298306774,,,
sample,1779734228.8997786,79.49200224876404,1.8425,-0.028462786908105813,-0.016773129860658525,0,6.946881342523719,5.764538457666133,142.5744984297729,-0.07095743971286328,-0.05591567669996149,,,
sample,1779734228.9512048,79.54342842102051,1.8425,-0.03699740695960729,-0.01631537703931019,0,7.036203298555789,5.809104121288569,142.6743208230697,-0.06869692702154885,-0.05438941621728097,,,
sample,1779734229.000156,79.59237957000732,1.8425,-0.24433151674285794,-0.015317290884347039,0,7.170405222332704,5.873600218576688,142.823216433854,-0.06426055335119468,-0.05106162969326051,,,
sample,1779734229.05055,79.64277362823486,1.8425,-0.05623508109297085,-0.01464276084844893,0,7.202203457699115,5.8888821312651505,142.85849623866972,-0.06227594941539752,-0.0488126915283394,,,
sample,1779734229.1006644,79.69288802146912,1.9227,-0.251548192798325,-0.011098945001073007,0,7.382029286188037,5.972530777066385,143.0568253200877,-0.046733755254585445,-0.03699800256852277,,,
sample,1779734229.1502924,79.742516040802,1.9227,0.0,-0.011098945001073007,0,7.382029286188037,5.972530777066385,143.0568253200877,-0.046733755254585445,-0.03699800256852277,,,
sample,1779734229.200131,79.79235458374023,1.8425,-0.5505589138686099,-0.0011326377414747953,0,7.401915828497557,5.940378415778573,143.0946307284496,-0.0047782669409949215,-0.00377546075272237,,,
sample,1779734229.2502973,79.84252095222473,1.8425,-0.1912879006871276,0.002488185575090861,0,7.56911278905592,6.010744748023578,143.27603151216778,0.0103288681306885,0.008293969033150524,,,
sample,1779734229.3003337,79.89255738258362,1.8425,0.007151265273668666,0.0006076542959520989,0,7.631117612771331,6.0369034945275155,143.34332845253385,0.002543214197122829,0.002025514569143197,,,
sample,1779734229.3496585,79.94188213348389,1.8425,0.010367428419106463,0.0029429273051138375,0,7.719729546847632,6.074287313750429,143.43950342225276,0.012464071982271984,0.009809786003996426,,,
sample,1779734229.4004278,79.99265146255493,1.9227,0.04157114881216758,0.0037268212136706367,0,7.888432562763673,6.145910339272453,143.6227807131649,0.015540956955728193,0.01242279489316791,,,
sample,1779734229.4494286,80.0416522026062,1.9227,0.0,0.0037268212136706367,0,7.888432562763673,6.145910339272453,143.6227807131649,0.015540956955728193,0.01242279489316791,,,
sample,1779734229.5004344,80.09265804290771,1.8425,0.036967404716471,0.0020894831429899225,0,8.06680530031922,6.221978780467421,143.8166962650139,0.008836939187883542,0.006964953946159252,,,
sample,1779734229.5494125,80.14163613319397,1.8425,0.0,0.0020894831429899225,0,8.06680530031922,6.221978780467421,143.8166962650139,0.008836939187883542,0.006964953946159252,,,
sample,1779734229.6002855,80.19250917434692,1.8425,0.3172525890893187,0.0020894831429899225,0,8.28301619841575,6.318367430263458,144.0534195724114,0.008836939187883542,0.006964953946159252,,,
sample,1779734229.6507657,80.24298930168152,1.8425,0.0,-0.0026918554308561675,0,8.28301619841575,6.318367430263458,144.0534195724114,-0.01124235814331151,-0.00897287310893342,,,
sample,1779734229.6999412,80.29216480255127,1.8425,0.515150422207855,-0.00995743065198001,0,8.316809658499652,6.348901183293737,144.09896414419066,-0.042301863329189185,-0.03319253253175597,,,
sample,1779734229.7520232,80.34424686431885,1.8425,0.21380154177409594,-0.010464758569933725,0,8.368423511367261,6.374205742769436,144.1564472768306,-0.044314566149375456,-0.03488380196442066,,,
sample,1779734229.8004644,80.39268803596497,1.8425,0.15782478186403626,-0.012264941741396284,0,8.536291919673204,6.458103941892218,144.3441137637781,-0.05122600801743055,-0.04088518926181142,,,
sample,1779734229.8500848,80.44230842590332,1.8425,0.0,-0.012264941741396284,0,8.536291919673204,6.458103941892218,144.3441137637781,-0.05122600801743055,-0.04088518926181142,,,
sample,1779734229.9001758,80.49239945411682,1.8425,0.23225856586052665,-0.017274851225605483,0,8.697540015729539,6.541051786490448,144.5254457615206,-0.07284230644783987,-0.057588566068592015,,,
sample,1779734229.950102,80.54232573509216,1.8425,0.0,-0.017274851225605483,0,8.697540015729539,6.541051786490448,144.5254457615206,-0.07284230644783987,-0.057588566068592015,,,
sample,1779734230.0002482,80.59247183799744,1.8425,-0.056097779526415495,-0.016665779593097445,0,8.76104580005632,6.573100130786553,144.59658000795,-0.06917552381011483,-0.05555774242673064,,,
sample,1779734230.05016,80.64238357543945,1.8425,-0.09886295015965453,-0.015517189034133735,0,8.872441051831558,6.629316008122607,144.7213563157281,-0.06472078547638763,-0.05172811526669983,,,
sample,1779734230.1019657,80.69418931007385,1.9227,-0.03590762129980377,-0.015082073226605142,0,8.988363110595246,6.68743794114876,144.8510331556291,-0.0633381365511437,-0.05027738966121886,,,
sample,1779734230.1522129,80.74443650245667,1.9227,-0.014825338190313902,-0.016972270935229496,0,9.03478448792507,6.710713064217837,144.9029626812102,-0.07144871351848131,-0.05657966929685957,,,
sample,1779734230.2013423,80.79356598854065,1.8425,-0.10695800865549937,-0.009460423288546242,0,9.20361507116653,6.79425541030275,145.0913322366777,-0.03966144735670029,-0.031535685111261216,,,
sample,1779734230.2497554,80.84197902679443,1.8425,0.0,-0.009460423288546242,0,9.20361507116653,6.79425541030275,145.0913322366777,-0.03966144735670029,-0.031535685111261216,,,
sample,1779734230.301316,80.89353966712952,1.8425,-0.3848694988539853,-0.004250383785117459,0,9.374018335258185,6.8481314418676025,145.27004960905728,-0.017955287996391258,-0.014168031269256106,,,
sample,1779734230.349802,80.9420256614685,1.8425,0.0,-0.004250383785117459,0,9.374018335258185,6.8481314418676025,145.27004960905728,-0.017955287996391258,-0.014168031269256106,,,
sample,1779734230.4003901,80.99261379241943,1.9227,0.02273007676598765,-0.008471308694232224,0,9.447892664716392,6.883126217905507,145.35179342168456,-0.03565532351988016,-0.028238371141416772,,,
sample,1779734230.4505947,81.04281830787659,1.9227,0.031557596529115675,-0.00862829971806185,0,9.549679289745326,6.93134323960527,145.4644228948094,-0.036329650749094645,-0.028761712810157245,,,
sample,1779734230.5005882,81.09281182289124,1.8425,-0.08276406391783228,-0.009333884790691301,0,9.697606844101273,7.0005750260824815,145.6277495662276,-0.03938828935254386,-0.031113852868414272,,,
sample,1779734230.5504298,81.142653465271,1.8425,0.0,-0.009333884790691301,0,9.697606844101273,7.0005750260824815,145.6277495662276,-0.03938828935254386,-0.031113852868414272,,,
sample,1779734230.6006906,81.19291424751282,1.8425,-0.010429207550735318,-0.008675109880542006,0,9.890744945144702,7.090965865235261,145.8409931590444,-0.03646397842355678,-0.028917758365149412,,,
sample,1779734230.6511543,81.24337792396545,1.8425,0.0,-0.008675109880542006,0,9.890744945144702,7.090965865235261,145.8409931590444,-0.03646397842355678,-0.028917758365149412,,,
sample,1779734230.699895,81.29211854934692,1.8425,0.0,-0.008675109880542006,0,9.890744945144702,7.090965865235261,145.8409931590444,-0.03646397842355678,-0.028917758365149412,,,
sample,1779734230.7505553,81.34277892112732,1.8425,0.0,-0.008675109880542006,0,9.890744945144702,7.090965865235261,145.8409931590444,-0.03646397842355678,-0.028917758365149412,,,
sample,1779734230.8020003,81.39422392845154,1.9227,-0.22655600646928148,-0.003021430790920025,0,10.104918635732894,7.163102884048306,146.0669889979959,-0.012706926328600168,-0.010071466617372786,,,
sample,1779734230.8503816,81.4426052570343,1.9227,-0.06967986128385754,-0.0017975986955541,0,10.183936528835897,7.198646737495101,146.15363305692833,-0.007487121170962061,-0.005992002105955838,,,
sample,1779734230.9037359,81.49595952033997,1.8425,-0.07483616665433623,-0.043902625653078176,0,10.332010088809998,7.264452938955158,146.31567081584274,-0.18776569326787798,-0.1464361799449005,,,
sample,1779734230.9499507,81.54217433929443,1.8425,0.0,-0.043902625653078176,0,10.332010088809998,7.264452938955158,146.31567081584274,-0.18776569326787798,-0.1464361799449005,,,
sample,1779734231.001899,81.59412264823914,1.8425,0.0,-0.043902625653078176,0,10.332010088809998,7.264452938955158,146.31567081584274,-0.18776569326787798,-0.1464361799449005,,,
sample,1779734231.0506,81.64282369613647,1.8425,0.0,-0.043902625653078176,0,10.332010088809998,7.264452938955158,146.31567081584274,-0.18776569326787798,-0.1464361799449005,,,
sample,1779734231.1061254,81.69834899902344,1.8425,0.10675335770395884,-0.12236269369922234,0,10.67429768363699,7.417884001735355,146.69077331996436,-0.5441226844642941,-0.4099235685356973,,,
sample,1779734231.1529794,81.74520301818848,1.8425,0.0,-0.1562028364503575,0,10.67429768363699,7.417884001735355,146.69077331996436,-0.7301095642462346,-0.5249525789237721,,,
sample,1779734231.202685,81.79490876197815,1.9227,-0.1141130776733848,-0.175693331768313,0,10.791499618730821,7.469669003630265,146.8189059856316,-0.8510454894544937,-0.5917457037206212,,,
sample,1779734231.250522,81.84274554252625,1.9227,-0.060960464640498285,-0.18342407394275545,0,10.851755993421381,7.496292936716635,146.88478211563205,-0.9029162682383309,-0.6183640111900622,,,
sample,1779734231.302517,81.89474058151245,1.9227,-0.6999847520504069,-0.1947037617366884,0,11.028758614339974,7.566919280379654,147.07535495795554,-0.9930689665446402,-0.6573400983959523,,,
sample,1779734231.350273,81.94249653816223,1.9227,0.0,-0.1947037617366884,0,11.028758614339974,7.566919280379654,147.07535495795554,-0.9930689665446402,-0.6573400983959523,,,
sample,1779734231.4051404,81.99736404418945,1.9227,-1.908787201745394,-0.19646259059437057,0,11.205046073839963,7.6007290656031286,147.25485529208842,-1.0029804117522934,-0.6634329756961804,,,
sample,1779734231.4530728,82.04529643058777,1.9227,0.0,-0.19646259059437057,0,11.205046073839963,7.6007290656031286,147.25485529208842,-1.0029804117522934,-0.6634329756961804,,,
sample,1779734231.5039752,82.09619879722595,2.0028,-2.371954726231286,-0.1975432156750033,0,11.391984026119806,7.62978301722549,147.4440375589832,-1.0025658453420143,-0.6671785553141464,,,
sample,1779734231.5532804,82.14550399780273,2.0028,0.0,-0.19351368072779773,0,11.391984026119806,7.62978301722549,147.4440375589832,-0.9835660529967373,-0.6532198579439968,,,
sample,1779734231.6043298,82.19655346870422,2.0028,-2.1814507877947733,-0.19138029512453755,0,11.559955640602125,7.633355285099853,147.61204715504712,-0.9611866982936289,-0.6458385550618453,,,
sample,1779734231.6561203,82.24834394454956,2.0028,-0.4163103724250211,-0.19297056701132562,0,11.592476825762363,7.634046916155144,147.64457569386678,-0.9615530858705553,-0.6513401553994983,,,
sample,1779734231.704794,82.2970175743103,1.9227,-2.879058642870816,-0.1860094820275444,0,11.790185519600586,7.610433891544018,147.84368948683579,-0.9123765646377633,-0.6272829135571674,,,
sample,1779734231.752918,82.34514164924622,1.9227,0.0,-0.1860094820275444,0,11.790185519600586,7.610433891544018,147.84368948683579,-0.9123765646377633,-0.6272829135571674,,,
sample,1779734231.806915,82.39913868904114,2.0829,-2.427275767668853,-0.1790190399550921,0,11.990314111302089,7.559346304137009,148.05023583709038,-0.8679959120370158,-0.6031875570041472,,,
sample,1779734231.8555772,82.44780087471008,2.0829,0.0,-0.1790190399550921,0,11.990314111302089,7.559346304137009,148.05023583709038,-0.8679959120370158,-0.6031875570041472,,,
sample,1779734231.9127283,82.50495195388794,1.9227,-1.0949576936385539,-0.17736515761842694,0,12.080874890595169,7.523849666125795,148.14750487664702,-0.8477545408400524,-0.5974957919283239,,,
sample,1779734231.967148,82.55937170982361,1.9227,0.0,-0.17736515761842694,0,12.080874890595169,7.523849666125795,148.14750487664702,-0.8477545408400524,-0.5974957919283239,,,
sample,1779734232.0101552,82.60237884521484,2.0028,0.0,-0.17736515761842694,0,12.080874890595169,7.523849666125795,148.14750487664702,-0.8477545408400524,-0.5974957919283239,,,
sample,1779734232.0521944,82.64441800117493,2.0028,0.0,-0.17736515761842694,0,12.080874890595169,7.523849666125795,148.14750487664702,-0.8477545408400524,-0.5974957919283239,,,
sample,1779734232.1024818,82.69470548629761,2.0028,0.0,-0.17736515761842694,0,12.080874890595169,7.523849666125795,148.14750487664702,-0.8477545408400524,-0.5974957919283239,,,
sample,1779734232.15627,82.74849367141724,2.0028,-6.5658534483195075,-0.13220404711110856,0,12.33877536253507,7.240082569651484,148.53095815733226,-0.5973801036557159,-0.44326562334679587,,,
sample,1779734232.2056882,82.79791188240051,1.9227,-2.5092924880700913,-0.11916138877158312,0,12.451510594886603,7.1102810479455965,148.70288159276362,-0.522932433263574,-0.3990953964098738,,,
sample,1779734232.2528713,82.84509491920471,1.9227,0.0,-0.11916138877158312,0,12.451510594886603,7.1102810479455965,148.70288159276362,-0.522932433263574,-0.3990953964098738,,,
sample,1779734232.3047736,82.89699721336365,2.0028,-1.427558009095436,-0.1090175212930224,0,12.539969113756642,6.997273839558318,148.84639305121962,-0.4809024575978842,-0.3648382296759988,,,
sample,1779734232.3561702,82.94839382171631,2.0028,-0.8341636123551193,-0.10565261415594296,0,12.591154389345958,6.931883810663756,148.92943393462042,-0.4603109446196501,-0.353491640867484,,,
sample,1779734232.4058359,82.99805951118469,1.9227,-2.3164083721620568,-0.08779265597320879,0,12.680302091160561,6.786185924144567,149.1002413901807,-0.37951559276738944,-0.2933963632762923,,,
sample,1779734232.4535909,83.04581451416016,1.9227,0.0,-0.08779265597320879,0,12.680302091160561,6.786185924144567,149.1002413901807,-0.37951559276738944,-0.2933963632762923,,,
sample,1779734232.5163596,83.1085832118988,1.9227,-0.07328658127616848,-0.08670799715713004,0,12.684377632799945,6.777847358985617,149.10952264594513,-0.3759325668093103,-0.28975316958483516,,,
sample,1779734232.5606103,83.15283393859863,1.9227,0.0,-0.08670799715713004,0,12.684377632799945,6.777847358985617,149.10952264594513,-0.3759325668093103,-0.28975316958483516,,,
sample,1779734232.6071296,83.19935321807861,1.9227,0.0,-0.08670799715713004,0,12.684377632799945,6.777847358985617,149.10952264594513,-0.3759325668093103,-0.28975316958483516,,,
sample,1779734232.6522384,83.24446201324463,1.9227,0.0,-0.08670799715713004,0,12.684377632799945,6.777847358985617,149.10952264594513,-0.3759325668093103,-0.28975316958483516,,,
sample,1779734232.703954,83.29617762565613,1.8425,0.0,-0.08670799715713004,0,12.684377632799945,6.777847358985617,149.10952264594513,-0.3759325668093103,-0.28975316958483516,,,
sample,1779734232.7606456,83.35286927223206,1.8425,-3.469477696744356,-0.062036823783045564,0,12.869716620517504,6.490959224068739,149.45107109393496,-0.2622431103599938,-0.20705510263263294,,,
sample,1779734232.8043897,83.3966133594513,1.9227,0.0,-0.06490010289169165,0,12.937169478019767,6.304906732414578,149.64897363973955,-0.27841691069868135,-0.21663792307944513,,,
sample,1779734232.8524978,83.44472146034241,1.9227,0.0,-0.06490010289169165,0,12.937169478019767,6.304906732414578,149.64897363973955,-0.27841691069868135,-0.21663792307944513,,,
sample,1779734232.9044044,83.49662804603577,1.9227,-1.8977890959048422,-0.04683384098700922,0,12.982825307469836,6.125581330786595,149.83401972705784,-0.19811440953209616,-0.15622704324601547,,,
sample,1779734232.9501495,83.5423731803894,1.9227,0.0,-0.04683384098700922,0,12.982825307469836,6.125581330786595,149.83401972705784,-0.19811440953209616,-0.15622704324601547,,,
sample,1779734233.0001388,83.59236240386963,1.9227,-0.5568977381685866,-0.04657822320652018,0,13.00004765981925,6.035910844245366,149.92532912184822,-0.1964188066380603,-0.1553731225389244,,,
sample,1779734233.055479,83.64770269393921,1.9227,0.0,-0.04657822320652018,0,13.00004765981925,6.035910844245366,149.92532912184822,-0.1964188066380603,-0.1553731225389244,,,
sample,1779734233.1001952,83.69241881370544,1.8425,0.0,-0.04657822320652018,0,13.00004765981925,6.035910844245366,149.92532912184822,-0.1964188066380603,-0.1553731225389244,,,
sample,1779734233.151582,83.74380564689636,1.8425,-1.1304825724280645,-0.05178850913114634,0,13.11218188061596,5.808486709615739,150.17889532717874,-0.22084802875946158,-0.17278286213734598,,,
sample,1779734233.2009027,83.79312634468079,1.8425,-0.3175774820965942,-0.05838235030636811,0,13.170775956632664,5.6824433781239065,150.31789240325523,-0.24641581842698954,-0.19482924308641528,,,
sample,1779734233.2502804,83.84250402450562,1.8425,0.0,-0.05838235030636811,0,13.170775956632664,5.6824433781239065,150.31789240325523,-0.24641581842698954,-0.19482924308641528,,,
sample,1779734233.3022516,83.89447522163391,1.9227,-0.5231683318318857,-0.0635166516689684,0,13.201301439730447,5.490613162209189,150.5121361595416,-0.2713634350606607,-0.2120073539595093,,,
sample,1779734233.3495643,83.94178795814514,1.9227,0.0,-0.0635166516689684,0,13.201301439730447,5.490613162209189,150.5121361595416,-0.2713634350606607,-0.2120073539595093,,,
sample,1779734233.4002664,83.99249005317688,1.9227,-0.14789992974894844,-0.06734602924696723,0,13.210925685769919,5.399767178311858,150.60349051850767,-0.28609319993943677,-0.22482676664993267,,,
sample,1779734233.4506135,84.04283714294434,1.9227,0.0,-0.06734602924696723,0,13.210925685769919,5.399767178311858,150.60349051850767,-0.28609319993943677,-0.22482676664993267,,,
sample,1779734233.501181,84.09340453147888,1.8425,0.7494110435515628,-0.07920548121428385,0,13.316579043219228,5.213649073695956,150.81750589367059,-0.3368288076253758,-0.2645717666338172,,,
sample,1779734233.5497603,84.14198398590088,1.8425,0.0,-0.09996006633125294,0,13.316579043219228,5.213649073695956,150.81750589367059,-0.4130445207152273,-0.33431445521399517,,,
sample,1779734233.6001472,84.19237089157104,1.8425,-0.29324951016900996,-0.1017568850599137,0,13.342455906654607,5.025580286308904,151.00734656594733,-0.4402855056021722,-0.3403651949523609,,,
sample,1779734233.6498091,84.24203276634216,1.8425,0.0,-0.1017568850599137,0,13.342455906654607,5.025580286308904,151.00734656594733,-0.4402855056021722,-0.3403651949523609,,,
sample,1779734233.7003179,84.29254150390625,1.9227,-0.2160277702013312,-0.10438352089974484,0,13.348769238050817,4.9643132721763745,151.06893800345316,-0.451311498604972,-0.34921432900097404,,,
sample,1779734233.7507064,84.34293007850647,1.9227,-0.4473930200289727,-0.10454488424486716,0,13.361813027124057,4.837731288855844,151.19619026840252,-0.4617854039397534,-0.34975811952494096,,,
sample,1779734233.7999346,84.3921582698822,1.9227,-0.45178669021379103,-0.10959850532063668,0,13.371230054141721,4.705793880981717,151.32846331930253,-0.48390062840815584,-0.3667981678542541,,,
sample,1779734233.8501334,84.44235706329346,1.9227,-0.18305185638556634,-0.11256347959065693,0,13.375120809461077,4.651282391257233,151.38311348388544,-0.49460370145448496,-0.3768043825002167,,,
sample,1779734233.9003012,84.49252486228943,1.8425,-1.0991122064012009,-0.11487205451818139,0,13.37808346267021,4.467443406252014,151.56697633962793,-0.498091351675551,-0.3846000129981028,,,
sample,1779734233.9496949,84.54191851615906,1.8425,0.0,-0.11487205451818139,0,13.37808346267021,4.467443406252014,151.56697633962793,-0.498091351675551,-0.3846000129981028,,,
sample,1779734234.0004842,84.59270787239075,1.9227,-0.9118779780066857,-0.11388323226140262,0,13.37221695545193,4.27324476271466,151.76126357301882,-0.5010389695709794,-0.381260439596424,,,
sample,1779734234.0500808,84.64230442047119,1.9227,0.0,-0.11388323226140262,0,13.37221695545193,4.27324476271466,151.76126357301882,-0.5010389695709794,-0.381260439596424,,,
sample,1779734234.1003668,84.6925904750824,1.9227,-0.8862154440971637,-0.10441908904645487,0,13.370647622480355,4.275518301380828,151.76402614139667,-0.45550450457746866,-0.3493341912042545,,,
sample,1779734234.1501055,84.74232912063599,1.9227,-0.6119536737126052,-0.10604884720702373,0,13.358186771033234,4.15750827629588,151.8826922226471,-0.4574726441614107,-0.3548273274488066,,,
sample,1779734234.200564,84.79278755187988,1.8425,-0.8787603726456954,-0.10010489363203479,0,13.33603052364799,4.024513778894671,152.01751965174518,-0.4396551543060098,-0.3348020760067067,,,
sample,1779734234.250008,84.84223175048828,1.8425,-0.31422600311756016,-0.10056329175783284,0,13.328267168383551,3.9779136704201306,152.0647620034521,-0.43697723636310487,-0.336345555820017,,,
sample,1779734234.3014927,84.89371633529663,2.0028,-1.342624944685597,-0.09569970123918382,0,13.282809847998088,3.7873823363871915,152.2606409385753,-0.40963881812779146,-0.31997642860676323,,,
sample,1779734234.349941,84.94216465950012,2.0028,0.0,-0.09569970123918382,0,13.282809847998088,3.7873823363871915,152.2606409385753,-0.40963881812779146,-0.31997642860676323,,,
sample,1779734234.4002497,84.99247336387634,1.8425,-1.2379115706063926,-0.08794881057665287,0,13.226972467018838,3.6045996745287012,152.45176214250282,-0.3803978831984664,-0.2939209184384298,,,
sample,1779734234.451354,85.04357767105103,1.8425,0.0,-0.08794881057665287,0,13.226972467018838,3.6045996745287012,152.45176214250282,-0.3803978831984664,-0.2939209184384298,,,
sample,1779734234.5010417,85.09326529502869,2.0028,-1.3061768864581043,-0.08506277707870577,0,13.158626234844673,3.4237807843912345,152.645066768632,-0.3620860324605947,-0.2842284495021836,,,
sample,1779734234.557016,85.1492395401001,2.0028,0.0,-0.08318140613069419,0,13.158626234844673,3.4237807843912345,152.645066768632,-0.36007251141079316,-0.27791262232944475,,,
sample,1779734234.6024027,85.19462633132935,1.8425,-1.2241126013691126,-0.085660649337124,0,13.087493743297129,3.265378076939927,152.81870791894397,-0.3699756121319719,-0.286235949489841,,,
sample,1779734234.6524754,85.24469900131226,1.8425,-0.29524103417953923,-0.08299213626125729,0,13.135677413418195,3.3545557762541307,152.92007027942017,-0.3442838446849498,-0.2772773472801235,,,
sample,1779734234.7016442,85.29386782646179,1.9227,-0.8737327479553224,-0.08117142752381654,0,13.048966838606415,3.1858166127433196,153.10978487845387,-0.3511593446260356,-0.27116724247763485,,,
sample,1779734234.7506776,85.3429012298584,1.9227,0.0,-0.08117142752381654,0,13.048966838606415,3.1858166127433196,153.10978487845387,-0.3511593446260356,-0.27116724247763485,,,
sample,1779734234.8017793,85.39400291442871,1.9227,-0.814253982717005,-0.08560426101249259,0,12.951992070280966,3.014981674426393,153.30622489943107,-0.3715291807654146,-0.28604660333850507,,,
sample,1779734234.8501706,85.4423942565918,1.9227,0.0,-0.08560426101249259,0,12.951992070280966,3.014981674426393,153.30622489943107,-0.3715291807654146,-0.28604660333850507,,,
sample,1779734234.902029,85.49425268173218,1.8425,-0.5652539950554538,-0.09070745687049625,0,12.892668949921555,2.9213581071005015,153.4170608365995,-0.39264017692532527,-0.30319017974687185,,,
sample,1779734234.95039,85.54261374473572,1.8425,-0.39653186887444564,-0.09424313829722848,0,12.853859726055783,2.8601095085532644,153.48956977867607,-0.40649960665294554,-0.3150771613279703,,,
sample,1779734235.001692,85.59391570091248,1.9227,-0.7561817658565412,-0.10075375844154326,0,12.748798494451934,2.708356080869209,153.67414216339267,-0.4368248114862583,-0.3369869212532612,,,
sample,1779734235.0502768,85.64250040054321,1.9227,0.0,-0.10075375844154326,0,12.748798494451934,2.708356080869209,153.67414216339267,-0.4368248114862583,-0.3369869212532612,,,
sample,1779734235.1041756,85.69639921188354,1.9227,-0.9375134023620244,-0.10433762512065577,0,12.620355323272726,2.540082070752768,153.88583484324542,-0.4568426364920233,-0.34905966470823696,,,
sample,1779734235.151079,85.74330258369446,1.9227,0.0,-0.10433762512065577,0,12.620355323272726,2.540082070752768,153.88583484324542,-0.4568426364920233,-0.34905966470823696,,,
sample,1779734235.207131,85.79935455322266,1.9227,-0.4143590351945074,-0.10273700368754385,0,12.574234246731468,2.4868357019867164,153.95627864700484,-0.4529818589156377,-0.3436666520815712,,,
sample,1779734235.2505379,85.84276151657104,1.9227,0.0,-0.10273700368754385,0,12.574234246731468,2.4868357019867164,153.95627864700484,-0.4529818589156377,-0.3436666520815712,,,
sample,1779734235.3060372,85.89826083183289,1.9227,0.0,-0.10273700368754385,0,12.574234246731468,2.4868357019867164,153.95627864700484,-0.4529818589156377,-0.3436666520815712,,,
sample,1779734235.3516345,85.94385814666748,1.9227,0.0,-0.10273700368754385,0,12.574234246731468,2.4868357019867164,153.95627864700484,-0.4529818589156377,-0.3436666520815712,,,
sample,1779734235.4016504,85.99387407302856,2.0028,0.0,-0.10273700368754385,0,12.574234246731468,2.4868357019867164,153.95627864700484,-0.4529818589156377,-0.3436666520815712,,,
sample,1779734235.4549272,86.04715085029602,2.0028,-2.3424604783656306,-0.10400016103149075,0,12.295957132249317,2.175709040390224,154.37369684497983,-0.459152536384417,-0.34792248929833725,,,
sample,1779734235.5020435,86.09426712989807,1.9227,-0.9398289380849291,-0.10677231764625916,0,12.166376263519563,2.060732825926842,154.54693290194572,-0.4655015134385982,-0.3572664098504558,,,
sample,1779734235.5505378,86.14276146888733,1.9227,0.0,-0.10677231764625916,0,12.166376263519563,2.060732825926842,154.54693290194572,-0.4655015134385982,-0.3572664098504558,,,
sample,1779734235.600627,86.1928505897522,1.8425,-1.24260726389936,-0.10259571950292186,0,12.024470730391766,1.950111649398988,154.72686129055822,-0.45267818163491064,-0.34319070574364113,,,
sample,1779734235.6576333,86.24985694885254,1.8425,0.0,-0.10185629562005254,0,12.024470730391766,1.950111649398988,154.72686129055822,-0.445695608440728,-0.3407000218542773,,,
sample,1779734235.7036872,86.29591083526611,1.9227,-1.3129834913370875,-0.09649775790598916,0,11.884354198127118,1.8556245788627632,154.89585966070536,-0.42210336227488643,-0.32266133644015477,,,
sample,1779734235.7521508,86.34437441825867,1.9227,-0.6475224673153992,-0.09335404312049979,0,11.92505815763444,1.8348887163155227,154.9415410389152,-0.40137719355301105,-0.31208728211235287,,,
sample,1779734235.8030179,86.39524149894714,1.9227,-1.3736985961346313,-0.08676423467515738,0,11.736009944602499,1.7298699381384186,155.15780053725084,-0.3721556385742351,-0.28994204536006907,,,
sample,1779734235.8504786,86.442702293396,1.9227,0.0,-0.08676423467515738,0,11.736009944602499,1.7298699381384186,155.15780053725084,-0.3721556385742351,-0.28994204536006907,,,
sample,1779734235.9012463,86.49346995353699,1.8425,-1.1118414983217113,-0.0837792328548797,0,11.569879709470518,1.6508518420108564,155.34176551908334,-0.364482053347899,-0.27991933035675004,,,
sample,1779734235.951488,86.54371166229248,1.8425,0.0,-0.08004632007076089,0,11.569879709470518,1.6508518420108564,155.34176551908334,-0.3454346826475222,-0.26739240889962057,,,
sample,1779734236.0017104,86.59393405914307,1.9227,-0.5378439739121429,-0.0793241267176101,0,11.445997520844706,1.5993268817492587,155.47593562823096,-0.33922213013701175,-0.2649697468867845,,,
sample,1779734236.0519757,86.64419937133789,1.9227,-0.453677172205898,-0.07772011835877088,0,11.341412270943927,1.5558278856073358,155.58920626503576,-0.33308103572031694,-0.25958994895898985,,,
sample,1779734236.1002502,86.69247388839722,1.9227,-1.210840127331357,-0.06904363062094364,0,11.210621253733665,1.5101939219510891,155.72772972449977,-0.2926116833731255,-0.23051183693268734,,,
sample,1779734236.1502764,86.7425000667572,1.9227,0.0,-0.06904363062094364,0,11.210621253733665,1.5101939219510891,155.72772972449977,-0.2926116833731255,-0.23051183693268734,,,
sample,1779734236.2006564,86.79288005828857,1.9227,-0.9915024055226624,-0.06142970798080569,0,11.02788829037931,1.4565089128019038,155.91818553591966,-0.263032340944768,-0.20502365120518853,,,
sample,1779734236.2503233,86.84254693984985,1.9227,0.0,-0.06142970798080569,0,11.02788829037931,1.4565089128019038,155.91818553591966,-0.263032340944768,-0.20502365120518853,,,
sample,1779734236.3000278,86.89225149154663,1.9227,-0.31547438596139243,-0.061953153418244096,0,11.072154744376174,1.422494044910887,155.97401142764653,-0.2607800020965948,-0.20677512674096354,,,
sample,1779734236.3504193,86.9426429271698,1.9227,-0.5600835832590619,-0.0575941010835667,0,10.960444561608046,1.394938105103245,156.0890700855249,-0.24313089645182911,-0.19219289038180407,,,
sample,1779734236.40173,86.99395370483398,1.8425,-0.6116717143864706,-0.05208378185080245,0,10.824482431704174,1.3673526926088273,156.22780240241784,-0.22254017990527572,-0.17376976418405024,,,
sample,1779734236.4510736,87.043297290802,1.8425,-0.20847246305460898,-0.05063245916103927,0,10.779919847258515,1.3583113715099306,156.2732729359499,-0.2157519249943802,-0.1689192382522823,,,
sample,1779734236.501139,87.09336256980896,1.9227,-0.641608782865315,-0.04627709994085426,0,10.588452641029157,1.3258287709687797,156.4674759493127,-0.1961932979197139,-0.15436721160092787,,,
sample,1779734236.5501702,87.14239382743835,1.9227,0.0,-0.04627709994085426,0,10.588452641029157,1.3258287709687797,156.4674759493127,-0.1961932979197139,-0.15436721160092787,,,
sample,1779734236.600903,87.1931266784668,1.8425,-0.44094052141996737,-0.043737647301472844,0,10.408620068596168,1.2994437051331538,156.6492338261902,-0.18376579413023272,-0.14588519477786233,,,
sample,1779734236.6497936,87.24201726913452,1.8425,0.0,-0.043737647301472844,0,10.408620068596168,1.2994437051331538,156.6492338261902,-0.18376579413023272,-0.14588519477786233,,,
sample,1779734236.7001328,87.29235649108887,1.9227,-0.21235259743247073,-0.041728590646028796,0,10.32135220557643,1.2888387381958988,156.73714369616945,-0.17777215508578337,-0.139176092829028,,,
sample,1779734236.7517855,87.34400916099548,1.9227,-0.27224198527218674,-0.04012909343815169,0,10.20655319552344,1.27488813067654,156.8527872526666,-0.16850173483181213,-0.13383549290812358,,,
sample,1779734236.8002067,87.39243030548096,1.8425,0.6616878442935084,-0.05539005123517106,0,10.114951267724061,1.1834256216797725,156.98223339485918,-0.237021947634249,-0.18482255821818427,,,
sample,1779734236.8501885,87.44241213798523,1.8425,-0.0790478782304899,-0.05516838964055429,0,10.079256855010579,1.178066793638493,157.0183278284596,-0.23467905891622082,-0.1840814237861814,,,
sample,1779734236.9019396,87.49416327476501,1.9227,-0.41916510397548606,-0.05249638166725584,0,9.888501500828907,1.153646660984487,157.210639939435,-0.22209232770070525,-0.1751488642978463,,,
sample,1779734236.9529114,87.54513502120972,1.9227,0.0,-0.05249638166725584,0,9.888501500828907,1.153646660984487,157.210639939435,-0.22209232770070525,-0.1751488642978463,,,
sample,1779734237.0049117,87.59713530540466,1.8425,-0.4251645816971846,-0.04928603740983654,0,9.676475493074397,1.131255264073889,157.423845011185,-0.20908063919283085,-0.1644199444986059,,,
sample,1779734237.05325,87.64547371864319,1.8425,0.0,-0.04928603740983654,0,9.676475493074397,1.131255264073889,157.423845011185,-0.20908063919283085,-0.1644199444986059,,,
sample,1779734237.104574,87.69679760932922,1.9227,-0.26264001688840477,-0.04691050447321142,0,9.586961344708808,1.123981443372626,157.5136542046187,-0.1979775233024635,-0.15648315045589678,,,
sample,1779734237.1536748,87.74589848518372,1.9227,-0.21703049842948116,-0.04479224165318161,0,9.516195902957381,1.1182311218363783,157.58465289435338,-0.190406822919525,-0.14940740647483072,,,
sample,1779734237.204566,87.79678964614868,1.8425,-0.4403314722762092,-0.04064629006522508,0,9.335345734880562,1.1077560512138787,157.76580617309259,-0.17121532780404994,-0.1355622968757902,,,
sample,1779734237.2529206,87.84514427185059,1.8425,0.0,-0.04064629006522508,0,9.335345734880562,1.1077560512138787,157.76580617309259,-0.17121532780404994,-0.1355622968757902,,,
sample,1779734237.3074064,87.89963006973267,1.9227,-0.40426571801579003,-0.03615171815949686,0,9.131204027255025,1.1001320628101483,157.9700901959418,-0.1523008763279486,-0.12055825284632057,,,
sample,1779734237.3532856,87.94550919532776,1.9227,0.0,-0.03615171815949686,0,9.131204027255025,1.1001320628101483,157.9700901959418,-0.1523008763279486,-0.12055825284632057,,,
sample,1779734237.401916,87.99413967132568,1.8425,-0.22576037546267674,-0.03529657217055882,0,8.9935506676883,1.0902731681583373,158.10809615669626,-0.148835559476361,-0.11770412511208321,,,
sample,1779734237.4518626,88.04408621788025,1.8425,0.0,-0.03450329251411511,0,8.9935506676883,1.0902731681583373,158.10809615669626,-0.1445443045728781,-0.11505663610484929,,,
sample,1779734237.5005603,88.09278392791748,1.9227,-0.1587499599545853,-0.03330426766940368,0,8.90217399400174,1.0826607482960977,158.19978937035015,-0.14168902871657368,-0.11105528848975887,,,
sample,1779734237.5500948,88.14231848716736,1.9227,-0.09689072496649839,-0.03230519731829963,0,8.841481919637912,1.0818634516594277,158.26048668143153,-0.13532528438669725,-0.10772146730170953,,,
sample,1779734237.6005776,88.19280123710632,1.8425,-0.3194719628509507,-0.02843545145324759,0,8.657745677373418,1.082413160597921,158.44422374601402,-0.12058924841547095,-0.09481039332315329,,,
sample,1779734237.6500318,88.24225544929504,1.8425,0.0,-0.02843545145324759,0,8.657745677373418,1.082413160597921,158.44422374601402,-0.12058924841547095,-0.09481039332315329,,,
sample,1779734237.7013402,88.29356384277344,1.8425,-0.34171554085174344,-0.02394026185232972,0,8.461824774404873,1.0864349438543164,158.64018592338653,-0.10130502180726168,-0.07981612192504035,,,
sample,1779734237.7506752,88.34289884567261,1.8425,0.0,-0.02394026185232972,0,8.461824774404873,1.0864349438543164,158.64018592338653,-0.10130502180726168,-0.07981612192504035,,,
sample,1779734237.799679,88.3919026851654,1.9227,-0.0799273524355511,-0.022860669758782513,0,8.399054968498799,1.088453389437583,158.70298817379253,-0.09721139330667644,-0.07621550999340576,,,
sample,1779734237.8511114,88.44333505630493,1.9227,-0.14978477905126214,-0.020609972147792317,0,8.27559405686531,1.0924234372686303,158.82651289998591,-0.0867307522497059,-0.06870963605398572,,,
sample,1779734237.9000797,88.49230337142944,1.8425,0.09157788186088724,-0.018171374206317373,0,8.15824658590417,1.080875428943024,158.9444272139485,-0.07708969662591907,-0.06057791508694593,,,
sample,1779734237.9498372,88.54206085205078,1.8425,-0.03190356253921144,-0.017663107015160568,0,8.130041432761299,1.081700616015293,158.97264443559624,-0.07430042388450314,-0.05888314707097457,,,
sample,1779734238.0011947,88.59341835975647,1.9227,-0.19449522492822496,-0.014568693936578222,0,7.933326289816739,1.0894231020723608,159.16951110178073,-0.061204620341414495,-0.04856574914619175,,,
sample,1779734238.049961,88.64218473434448,1.9227,0.0,-0.014568693936578222,0,7.933326289816739,1.0894231020723608,159.16951110178073,-0.061204620341414495,-0.04856574914619175,,,
sample,1779734238.1016324,88.69385600090027,1.8425,-0.10986869703641824,-0.012597659537881157,0,7.752525107357091,1.0975490908271461,159.3504948006932,-0.053568161146663754,-0.041994420002285905,,,
sample,1779734238.1496089,88.74183249473572,1.8425,0.0,-0.012597659537881157,0,7.752525107357091,1.0975490908271461,159.3504948006932,-0.053568161146663754,-0.041994420002285905,,,
sample,1779734238.200541,88.79276466369629,1.8425,-0.14609512811648945,-0.010060790849738816,0,7.652832816354861,1.1034704950744594,159.4503627931309,-0.041957544718840147,-0.03353710104310469,,,
sample,1779734238.249605,88.84182858467102,1.8425,-0.142101544104176,-0.008116298969579378,0,7.559422526211401,1.10901876849899,159.5439377130757,-0.0344238000703899,-0.027054923976013893,,,
sample,1779734238.3010812,88.8933048248291,1.8425,-0.2698370634957634,-0.003462098704234677,0,7.4043673935394905,1.1207173710017853,159.69943353767695,-0.01443439538693443,-0.011540375122288065,,,
sample,1779734238.351701,88.94392466545105,1.8425,-0.04124941255862982,-0.0029613121014122256,0,7.381058789296036,1.1224759590036166,159.72280838876821,-0.012458381035688273,-0.009871069192408204,,,
sample,1779734238.4004507,88.99267435073853,1.9227,-0.12468100962741493,-1.6359337894179044e-05,0,7.188532138458702,1.1381791368261576,159.91597438234982,-6.865942967009964e-05,-5.4531126318794844e-05,,,
sample,1779734238.4498844,89.04210805892944,1.9227,0.0,-1.6359337894179044e-05,0,7.188532138458702,1.1381791368261576,159.91597438234982,-6.865942967009964e-05,-5.4531126318794844e-05,,,
sample,1779734238.500689,89.0929126739502,1.8425,0.1182797377195187,-0.0018857791106711022,0,7.02883026153732,1.1341553482335056,160.07572694216296,-0.007943350240432141,-0.006285937820178302,,,
sample,1779734238.5503466,89.14257025718689,1.8425,0.0,-0.0018857791106711022,0,7.02883026153732,1.1341553482335056,160.07572694216296,-0.007943350240432141,-0.006285937820178302,,,
sample,1779734238.6002047,89.19242835044861,1.8425,-0.0378163139440291,-0.005313203222635733,0,6.920699100927987,1.1426629940761601,160.18419227271843,-0.02241982241035435,-0.01771084406890065,,,
sample,1779734238.650514,89.24273753166199,1.8425,-0.024993420751464216,-0.004291531768148693,0,6.848586866319359,1.1483367087529976,160.25652736391547,-0.017918390759774756,-0.014305193714688887,,,
sample,1779734238.7004929,89.29271650314331,1.9227,-0.09177490062539648,-0.0016611909857947229,0,6.652407010911978,1.1646776774837704,160.45338661040066,-0.0069295102159616035,-0.005537308379486596,,,
sample,1779734238.7500858,89.34230947494507,1.9227,0.0,-0.0016611909857947229,0,6.652407010911978,1.1646776774837704,160.45338661040066,-0.0069295102159616035,-0.005537308379486596,,,
sample,1779734238.8023639,89.39458751678467,1.7624,0.13001926290879237,-0.0022354490363682765,0,6.479935233353583,1.1778640606736153,160.62636173796466,-0.009410318141233321,-0.007451509200206112,,,
sample,1779734238.8496068,89.44183039665222,1.7624,0.0,-0.0022354490363682765,0,6.479935233353583,1.1778640606736153,160.62636173796466,-0.009410318141233321,-0.007451509200206112,,,
sample,1779734238.9010286,89.49325227737427,1.9227,-0.15063821368257432,-0.0006869217068923438,0,6.288110567679301,1.194025569261619,160.81886601511425,-0.002871631418754321,-0.0022897393831210586,,,
sample,1779734238.955014,89.54723763465881,1.9227,0.0,0.001153977595878437,0,6.288110567679301,1.194025569261619,160.81886601511425,0.004844883488798736,0.003846593693718763,,,
sample,1779734239.0017865,89.5940101146698,1.8425,-0.16895054060136933,0.004342770036334681,0,6.146101378929135,1.2075101017446768,160.96151398147117,0.01818494599761813,0.0144759911252797,,,
sample,1779734239.0500236,89.6422472000122,1.8425,-0.06163082323134422,0.005546176846411615,0,6.101991216533584,1.2123225679224099,161.00588588989615,0.023175525595811236,0.018487445713515772,,,
sample,1779734239.10129,89.69351363182068,1.8425,-0.23647703547946386,0.010157144649965203,0,5.938645169417352,1.232406181559928,161.1704619593754,0.04269491685552231,0.0338583132013883,,,
sample,1779734239.1501136,89.74233722686768,1.8425,0.0,0.010157144649965203,0,5.938645169417352,1.232406181559928,161.1704619593754,0.04269491685552231,0.0338583132013883,,,
sample,1779734239.2009227,89.79314637184143,1.8425,-0.12931177597350554,0.013837054370534728,0,5.755529037432723,1.2535878793115014,161.35479910189596,0.057830267326143915,0.046126458459239184,,,
sample,1779734239.2497416,89.84196519851685,1.8425,0.0,0.013837054370534728,0,5.755529037432723,1.2535878793115014,161.35479910189596,0.057830267326143915,0.046126458459239184,,,
sample,1779734239.3003128,89.89253640174866,1.8425,0.3329845246415962,0.012480288201180894,0,5.572200906925578,1.2713863878874117,161.53898919485096,0.052789846081634645,0.04160312069368737,,,
sample,1779734239.351035,89.94325876235962,1.8425,0.0,0.011148223705287088,0,5.572200906925578,1.2713863878874117,161.53898919485096,0.04720547287342943,0.037162285242471456,,,
sample,1779734239.40036,89.99258375167847,1.8425,0.38844518649967197,0.007643517646054359,0,5.426412301784146,1.2821300299109972,161.68517313115387,0.03231156896571447,0.025478888342886197,,,
sample,1779734239.4509866,90.04321026802063,1.8425,0.08023141274033614,0.007022024310002555,0,5.3955058377826095,1.2844076289395718,161.71616340340844,0.029465341997835227,0.02340713242734196,,,
sample,1779734239.5032227,90.09544634819031,1.8425,0.4155637820978333,0.0028055855557035125,0,5.208444579719264,1.294115999937867,161.90347642147094,0.011714241129226092,0.00935197638979398,,,
sample,1779734239.5502074,90.1424310207367,1.8425,0.0,0.0028055855557035125,0,5.208444579719264,1.294115999937867,161.90347642147094,0.011714241129226092,0.00935197638979398,,,
sample,1779734239.601345,90.19356870651245,1.8425,1.0058639939492602,-0.011227352894628914,0,5.004349896613487,1.275517665652538,162.10841674866458,-0.04695517640040475,-0.03742608222427747,,,
sample,1779734239.6497874,90.24201107025146,1.8425,0.0,-0.011227352894628914,0,5.004349896613487,1.275517665652538,162.10841674866458,-0.04695517640040475,-0.03742608222427747,,,
sample,1779734239.7007625,90.29298615455627,1.8425,0.2554080603482302,-0.014536439548353694,0,4.891122115121767,1.2731856087541014,162.22166854331223,-0.0611206023184039,-0.04845821174640566,,,
sample,1779734239.7503197,90.34254336357117,1.8425,0.16121039342151752,-0.02113930382311371,0,4.82164203286247,1.271754586234698,162.29116336078957,-0.08952396249540742,-0.07047484409156198,,,
sample,1779734239.8012753,90.39349889755249,1.8425,0.17085680344766158,-0.042156554240783795,0,4.642955200541795,1.2664939011698266,162.46992761575166,-0.17631753892184018,-0.1406051506620147,,,
sample,1779734239.8500972,90.44232082366943,1.8425,0.0,-0.042156554240783795,0,4.642955200541795,1.2664939011698266,162.46992761575166,-0.17631753892184018,-0.1406051506620147,,,
sample,1779734239.9020708,90.49429440498352,1.8425,0.0757767889390341,-0.05734288132712261,0,4.461867178840915,1.2604831235788712,162.65111536658154,-0.24132810315563002,-0.1913527194710043,,,
sample,1779734239.950803,90.54302668571472,1.8425,0.0,-0.05734288132712261,0,4.461867178840915,1.2604831235788712,162.65111536658154,-0.24132810315563002,-0.1913527194710043,,,
sample,1779734240.0020623,90.59428596496582,1.8425,-0.04899651539514331,-0.07096001261615567,0,4.274531546709181,1.2547251978891814,162.83853946528404,-0.3003482092967208,-0.23693118399029325,,,
sample,1779734240.0499644,90.64218807220459,1.8425,0.0,-0.07096001261615567,0,4.274531546709181,1.2547251978891814,162.83853946528404,-0.3003482092967208,-0.23693118399029325,,,
sample,1779734240.1001318,90.6923553943634,1.9227,-0.02633584637464314,-0.07792251789605839,0,4.158122934942777,1.2750454389082266,162.95670831519152,-0.33012747987778274,-0.26026871651720457,,,
sample,1779734240.1507707,90.74299430847168,1.9227,-0.010296889031060576,-0.07780441404125191,0,4.104569054272395,1.273498180514636,163.01028454260063,-0.3363805510073428,-0.25987264055218295,,,
sample,1779734240.2006142,90.79283785820007,1.8425,-0.47333193273791485,-0.08637881978990554,0,3.920160289693137,1.2725224569130518,163.19469588848312,-0.372696118378436,-0.2886476522741703,,,
sample,1779734240.2510157,90.84323930740356,1.8425,0.0,-0.08637881978990554,0,3.920160289693137,1.2725224569130518,163.19469588848312,-0.372696118378436,-0.2886476522741703,,,
sample,1779734240.300241,90.89246463775635,1.9227,-0.6294945592196365,-0.09290303042234939,0,3.716802881942229,1.2777490865411334,163.39812045176012,-0.4014467843074683,-0.3105707920009966,,,
sample,1779734240.350119,90.94234275817871,1.9227,0.0,-0.09290303042234939,0,3.716802881942229,1.2777490865411334,163.39812045176012,-0.4014467843074683,-0.3105707920009966,,,
sample,1779734240.4001567,90.9923803806305,1.9227,-0.22523348984888378,-0.09945673751726915,0,3.6469769306836595,1.281705415888022,163.46805839576098,-0.43558506284556664,-0.3326199013625728,,,
sample,1779734240.4503062,91.04252982139587,1.9227,-0.3914933050886353,-0.10842723876594602,0,3.525336580139731,1.2885975423818037,163.58989384334524,-0.4685220064702036,-0.36284717844840236,,,
sample,1779734240.5018508,91.09407448768616,1.9227,-0.5516160166517786,-0.11092613010501125,0,3.3879763354581023,1.3015491870379776,163.72786333967792,-0.48621575021512053,-0.371277826820802,,,
sample,1779734240.549789,91.14201259613037,1.9227,0.0,-0.11092613010501125,0,3.3879763354581023,1.3015491870379776,163.72786333967792,-0.48621575021512053,-0.371277826820802,,,
sample,1779734240.6053083,91.19753193855286,1.9227,-0.16173553406630553,-0.11358874244533432,0,3.34459626867275,1.3056394768555828,163.77143581568163,-0.5013704515395713,-0.38026599827366997,,,
sample,1779734240.6513016,91.24352526664734,1.8425,-0.6212081213341575,-0.1296108646912355,0,3.1170471784088254,1.334507525280721,164.00080877114894,-0.5832215578242537,-0.4344718387119671,,,
sample,1779734240.7006586,91.29288220405579,1.9227,-1.2231782693223423,-0.1295090333397141,0,3.0355223178124433,1.366746255886933,164.0884765454241,-0.5780432028764863,-0.43412663877185065,,,
sample,1779734240.7496853,91.34190893173218,1.9227,0.0,-0.1295090333397141,0,3.0355223178124433,1.366746255886933,164.0884765454241,-0.5780432028764863,-0.43412663877185065,,,
sample,1779734240.8004315,91.39265513420105,1.9227,-0.5797113834767686,-0.1313896086976348,0,2.931043595256914,1.3915590525518788,164.19586126661466,-0.5840608249325847,-0.44050311987790536,,,
sample,1779734240.8504217,91.44264531135559,1.9227,-0.41604303580840446,-0.13063893317739483,0,2.8571791551761567,1.4091012208294407,164.27178019163551,-0.5785301559375564,-0.43795742120651415,,,
sample,1779734240.9002857,91.49250936508179,1.9227,-1.2717412142130118,-0.12511338956144202,0,2.681594844629501,1.4636599575884612,164.45564564751803,-0.5630601592975201,-0.41923439370049304,,,
sample,1779734240.9509127,91.54313635826111,1.9227,-0.09249451204999481,-0.12718251695711932,0,2.6686290995357056,1.4676887610234295,164.46922290066271,-0.5591230977463255,-0.4262424181355679,,,
sample,1779734241.0003593,91.5925829410553,2.0028,-1.8646176997571642,-0.11896462695506359,0,2.4867349049990226,1.543195609680751,164.66616650223511,-0.5243780111006371,-0.3984301374541914,,,
sample,1779734241.0501363,91.64235997200012,2.0028,0.0,-0.11896462695506359,0,2.4867349049990226,1.543195609680751,164.66616650223511,-0.5243780111006371,-0.3984301374541914,,,
sample,1779734241.1023319,91.69455552101135,1.9227,-1.9394798138965994,-0.10544052443847098,0,2.312270114349526,1.637308926559736,164.86439687223512,-0.45912551123208345,-0.3527767406246317,,,
sample,1779734241.1504133,91.7426369190216,1.9227,0.0,-0.10544052443847098,0,2.312270114349526,1.637308926559736,164.86439687223512,-0.45912551123208345,-0.3527767406246317,,,
sample,1779734241.199821,91.7920446395874,1.9227,-2.3145368296734237,-0.07841633674812014,0,2.3071070521743535,1.6691368291824416,164.89664082665118,-0.3392195929830419,-0.261924878707597,,,
sample,1779734241.2535386,91.84576225280762,1.9227,-0.7604397505259195,-0.07018373973827194,0,2.2489509411145487,1.7133386181387589,164.96968828656964,-0.30228079717797657,-0.23433067755024456,,,
sample,1779734241.3074386,91.89966225624084,2.0028,-1.907062232427024,-0.050533278423000934,0,2.107877598793699,1.8456792455099953,165.16311974617895,-0.21662832204098453,-0.16858778845865757,,,
sample,1779734241.3530183,91.94524192810059,2.0028,0.0,-0.050533278423000934,0,2.107877598793699,1.8456792455099953,165.16311974617895,-0.21662832204098453,-0.16858778845865757,,,
sample,1779734241.406139,91.99836254119873,1.9227,-1.591787823973218,-0.020038213325509258,0,1.969579851329729,1.998936195288864,165.36955123507812,-0.08453478559141828,-0.06680298579186093,,,
sample,1779734241.4530313,92.045254945755,1.9227,0.0,-0.020038213325509258,0,1.969579851329729,1.998936195288864,165.36955123507812,-0.08453478559141828,-0.06680298579186093,,,
sample,1779734241.5034118,92.09563541412354,1.9227,-1.2029403945621713,-0.013105828626134297,0,1.8578483984630805,2.1391174509044957,165.54881278138873,-0.055401057895331104,-0.04368859680684682,,,
sample,1779734241.5549626,92.14718627929688,1.9227,0.0,0.005876175416172291,0,1.8578483984630805,2.1391174509044957,165.54881278138873,0.024909301661068715,0.019587476835945822,,,
sample,1779734241.6059904,92.19821405410767,1.8425,-0.5695009520622364,0.03134656546386801,0,1.7687773519693475,2.2610485226434474,165.69981224356957,0.132370124275076,0.10452278873615764,,,
sample,1779734241.6584737,92.25069737434387,1.8425,-0.2471859829332179,0.04183581184087534,0,1.7290142175088428,2.3154810435503443,165.76722148770125,0.1767964724962476,0.13953412147791502,,,
sample,1779734241.7080321,92.30025577545166,1.9227,-0.27445534131560584,0.06908470309065753,0,1.6388729622094411,2.4424678529195454,165.92294912064006,0.29814485220931747,0.230649400280281,,,
sample,1779734241.7529192,92.34514284133911,1.9227,0.0,0.06908470309065753,0,1.6388729622094411,2.4424678529195454,165.92294912064006,0.29814485220931747,0.230649400280281,,,
sample,1779734241.8065603,92.39878392219543,1.8425,0.016556585288913447,0.07261363607566163,0,1.6212150240080114,2.4670528431394745,165.9532183215816,0.31254784210822956,0.2424717670040115,,,
sample,1779734241.854519,92.44674253463745,1.8425,0.0,0.07261363607566163,0,1.6212150240080114,2.4670528431394745,165.9532183215816,0.31254784210822956,0.2424717670040115,,,
sample,1779734241.902274,92.49449753761292,1.7624,0.0,0.07261363607566163,0,1.6212150240080114,2.4670528431394745,165.9532183215816,0.31254784210822956,0.2424717670040115,,,
sample,1779734241.9532309,92.54545450210571,1.7624,0.0,0.07261363607566163,0,1.6212150240080114,2.4670528431394745,165.9532183215816,0.31254784210822956,0.2424717670040115,,,
sample,1779734242.0103948,92.60261845588684,1.8425,2.3203696346083227,0.12180787805604354,0,1.281375566718207,2.64962202170494,166.3389933359269,0.5439373476488247,0.4080463420261007,,,
sample,1779734242.0527427,92.64496636390686,1.8425,0.0,0.12180787805604354,0,1.281375566718207,2.64962202170494,166.3389933359269,0.5439373476488247,0.4080463420261007,,,
sample,1779734242.116355,92.70857858657837,1.7624,0.09937776324981855,0.174142354037415,0,1.1356929300144831,2.8037750138702533,166.55109372638026,0.8352257554479817,0.5864143131019138,,,
sample,1779734242.152996,92.74521970748901,1.7624,0.0,0.174142354037415,0,1.1356929300144831,2.8037750138702533,166.55109372638026,0.8352257554479817,0.5864143131019138,,,
sample,1779734242.2085729,92.80079650878906,1.8425,1.7959226505673487,0.2017360989741923,0,0.992207439140322,2.9280633697652405,166.74092439171775,1.0432253939609855,0.6817270375707604,,,
sample,1779734242.2597396,92.85196328163147,1.8425,0.0,0.2017360989741923,0,0.992207439140322,2.9280633697652405,166.74092439171775,1.0432253939609855,0.6817270375707604,,,
sample,1779734242.3196967,92.91192030906677,1.7624,0.5574496831456607,0.20444116892988243,0,0.9277733234747658,2.976637493863481,166.8216164036738,1.0729655552307906,0.691126316168355,,,
sample,1779734242.354651,92.94687461853027,1.7624,0.0,0.20444116892988243,0,0.9277733234747658,2.976637493863481,166.8216164036738,1.0729655552307906,0.691126316168355,,,
sample,1779734242.4027903,92.99501395225525,1.6823,0.0,0.20444116892988243,0,0.9277733234747658,2.976637493863481,166.8216164036738,1.0729655552307906,0.691126316168355,,,
sample,1779734242.466005,93.0582287311554,1.6823,0.0,0.20444116892988243,0,0.9277733234747658,2.976637493863481,166.8216164036738,1.0729655552307906,0.691126316168355,,,
sample,1779734242.512018,93.10424160957336,1.7624,0.0,0.20444116892988243,0,0.9277733234747658,2.976637493863481,166.8216164036738,1.0729655552307906,0.691126316168355,,,
sample,1779734242.5538025,93.14602613449097,1.7624,0.0,0.20444116892988243,0,0.9277733234747658,2.976637493863481,166.8216164036738,1.0729655552307906,0.691126316168355,,,
sample,1779734242.6026227,93.19484639167786,1.6823,0.0,0.20444116892988243,0,0.9277733234747658,2.976637493863481,166.8216164036738,1.0729655552307906,0.691126316168355,,,
sample,1779734242.661758,93.253981590271,1.6823,7.494075826162847,0.2232312101949233,0,0.34816660210805295,3.1812379702684392,167.43627509465492,1.3034187645860833,0.7567155852046674,,,
sample,1779734242.7036154,93.2958390712738,1.6823,1.9555809165374387,0.2241533225442889,0,0.24464535862222792,3.180041817021736,167.53980324848487,1.2925099611742328,0.7599483762528265,,,
sample,1779734242.7534776,93.34570121765137,1.6823,1.0523786146119891,0.22451937146387546,0,0.17405990615159128,3.1873317159610934,167.61076414424465,1.2919142197907223,0.7612320668440328,,,
sample,1779734242.803008,93.3952317237854,1.6823,2.389890831974948,0.22447190803564235,0,0.01776559872376593,3.183852938563462,167.76709716195532,1.2797409302555371,0.7610656060702867,,,
sample,1779734242.8495326,93.44175624847412,1.6823,0.0,0.22447190803564235,0,0.01776559872376593,3.183852938563462,167.76709716195532,1.2797409302555371,0.7610656060702867,,,
sample,1779734242.9003413,93.49256491661072,1.6823,0.0,0.22447190803564235,0,0.01776559872376593,3.183852938563462,167.76709716195532,1.2797409302555371,0.7610656060702867,,,
sample,1779734242.955307,93.54753065109253,1.6823,0.0,0.22447190803564235,0,0.01776559872376593,3.183852938563462,167.76709716195532,1.2797409302555371,0.7610656060702867,,,
sample,1779734243.0073278,93.59955143928528,1.6823,0.0,0.22447190803564235,0,0.01776559872376593,3.183852938563462,167.76709716195532,1.2797409302555371,0.7610656060702867,,,
sample,1779734243.0505314,93.6427550315857,1.6823,7.35534114450938,0.2116915203259818,0,-0.34522899612065383,3.146006800825542,168.1320593600361,1.1436715326880658,0.7163714981577087,,,
sample,1779734243.100105,93.69232869148254,1.6823,2.361490506762525,0.20623272005928744,0,-0.4606017790986374,3.102629750876022,168.25531700691616,1.091320889032482,0.6973571977545694,,,
sample,1779734243.1502926,93.74251627922058,1.6823,0.6226638747867219,0.20884194391003025,0,-0.4926093116254604,3.0859029852570057,168.2914316414364,1.0921299701275953,0.7064402545507895,,,
sample,1779734243.200382,93.79260563850403,1.6823,2.792959052611693,0.2045014105144152,0,-0.6292416783309196,2.988060065021945,168.4594841352342,1.0433238032815029,0.6913357564851585,,,
sample,1779734243.2499866,93.84221029281616,1.6823,0.0,0.2045014105144152,0,-0.6292416783309196,2.988060065021945,168.4594841352342,1.0433238032815029,0.6913357564851585,,,
sample,1779734243.3068635,93.89908719062805,1.6022,2.4200407503917685,0.19295341516238637,0,-0.7527082840422827,2.8709231786903002,168.6296753596418,0.9757418136919951,0.6512807997979353,,,
sample,1779734243.3582854,93.9505090713501,1.6022,0.0,0.19295341516238637,0,-0.7527082840422827,2.8709231786903002,168.6296753596418,0.9757418136919951,0.6512807997979353,,,
sample,1779734243.4003375,93.99256110191345,1.6823,1.336866223062297,0.19128668417324757,0,-0.7954526745235555,2.8174549799615027,168.69812922142415,0.9553499082080719,0.6455148106811862,,,
sample,1779734243.450398,94.04262161254883,1.6823,1.8249339244527225,0.18447668540902007,0,-0.8963294676812454,2.798347600624875,168.80079966187753,0.9038923503476088,0.6219941736698887,,,
sample,1779734243.5002294,94.09245300292969,1.6823,2.388355621407155,0.17280254776103351,0,-1.0077919332467105,2.754711816117811,168.9204991310471,0.8312265972553478,0.5818111539347681,,,
sample,1779734243.5499024,94.14212608337402,1.6823,0.5806705114057691,0.1743789103211307,0,-1.0252068177528522,2.7240309687806046,168.95577791497868,0.8251733289940225,0.5872272721113015,,,
sample,1779734243.6023514,94.19457507133484,1.6823,2.65349437563839,0.16077470334346822,0,-1.0832707662335652,2.577421749852326,169.11346648523008,0.7563218176081495,0.5405814649400561,,,
sample,1779734243.6507978,94.2430214881897,1.6823,0.0,0.16077470334346822,0,-1.0832707662335652,2.577421749852326,169.11346648523008,0.7563218176081495,0.5405814649400561,,,
sample,1779734243.7021542,94.29437780380249,1.6823,2.698165686770015,0.1606239973568175,0,-1.132927133426788,2.373203921043941,169.32363469501936,0.7590468142973918,0.5400659120805702,,,
sample,1779734243.7505803,94.34280395507812,1.6823,0.0,0.1590282933766081,0,-1.132927133426788,2.373203921043941,169.32363469501936,0.7496396625439872,0.5346086788070581,,,
sample,1779734243.8024566,94.39468026161194,1.6823,1.443692903586454,0.15896098332047923,0,-1.140708089215581,2.3004930494530482,169.39676071036612,0.7421695048561157,0.534378543143101,,,
sample,1779734243.8515043,94.44372797012329,1.6823,1.162642863294416,0.1539405481003302,0,-1.14663262231803,2.2451299324605727,169.45243992386276,0.7043039916837621,0.5172273277404676,,,
sample,1779734243.9071693,94.49939298629761,1.6823,2.1982097154955396,0.1445088224886701,0,-1.1436240870653223,2.077234883634842,169.6203619257105,0.6667373035850577,0.4850773764189889,,,
sample,1779734243.9514556,94.54367923736572,1.6823,0.0,0.1445088224886701,0,-1.1436240870653223,2.077234883634842,169.6203619257105,0.6667373035850577,0.4850773764189889,,,
sample,1779734244.0009568,94.59318041801453,1.6823,2.8450215655357223,0.1392287805081426,0,-1.215790362613661,1.9048917319391205,169.80720446172128,0.6217685207291272,0.46711815063572,,,
sample,1779734244.0496461,94.64186978340149,1.6823,0.0,0.1392287805081426,0,-1.215790362613661,1.9048917319391205,169.80720446172128,0.6217685207291272,0.46711815063572,,,
sample,1779734244.0997856,94.69200921058655,1.6823,1.0523397566348003,0.13175965193663902,0,-1.2343595945177512,1.8410245201972693,169.87371639380257,0.5915509750981721,0.441758200063834,,,
sample,1779734244.1504269,94.74265050888062,1.6823,1.5496750329242939,0.12484898974036376,0,-1.2033649673728288,1.7363310075909348,169.982901550732,0.5613072510002474,0.41833914963920604,,,
sample,1779734244.2002742,94.79249787330627,1.7624,1.9518051809079755,0.11739184827560892,0,-1.1528838549675318,1.6236956385754753,170.1063319726827,0.5227618789005121,0.39311363496780993,,,
sample,1779734244.2502825,94.84250617027283,1.7624,0.7242490117593721,0.11229458986432553,0,-1.134091542486197,1.581765519563937,170.15228070377202,0.491503786119766,0.37589665776800446,,,
sample,1779734244.3002157,94.89243936538696,1.6823,2.0550054035814513,0.1022241117679644,0,-1.0477781299509827,1.4323887993578486,170.32480145534413,0.45046996766303904,0.3419389307565374,,,
sample,1779734244.3501663,94.94238996505737,1.6823,0.0,0.1022241117679644,0,-1.0477781299509827,1.4323887993578486,170.32480145534413,0.45046996766303904,0.3419389307565374,,,
sample,1779734244.418034,95.01025772094727,1.7624,1.385995902869227,0.09694206291674326,0,-0.9491290104088606,1.2936264578204195,170.49505607705933,0.42340533178125517,0.32415629455967865,,,
sample,1779734244.4501297,95.04235339164734,1.7624,0.0,0.09694206291674326,0,-0.9491290104088606,1.2936264578204195,170.49505607705933,0.42340533178125517,0.32415629455967865,,,
sample,1779734244.5014048,95.09362840652466,1.6823,-0.2063179259279162,0.1155469057551929,0,-1.0470704801255095,1.1204768261006146,170.69398653338757,0.5114614193588795,0.38687964159485755,,,
sample,1779734244.5500925,95.14231610298157,1.6823,0.8956124840331382,0.11378569165623863,0,-0.989899425393282,1.0454348132723337,170.7883254606049,0.5013152544021793,0.3809310543828768,,,
sample,1779734244.6008842,95.19310784339905,1.7624,1.3782538213425637,0.10927560790760707,0,-0.8826269433071492,0.9249690898516557,170.94963068659646,0.4809100951139713,0.36570884893920774,,,
sample,1779734244.6506207,95.24284434318542,1.7624,0.13034170250138968,0.10792622161995201,0,-0.8726929322840784,0.9138133134485126,170.9645684214369,0.47709602761802433,0.3611574244232839,,,
sample,1779734244.7007093,95.29293298721313,1.7624,0.0,0.11133050300537123,0,-0.7554745147865962,0.7821784226782668,171.14082931292648,0.5174639043689413,0.3726425205340295,,,
sample,1779734244.749774,95.3419976234436,1.7624,0.0,0.11133050300537123,0,-0.7554745147865962,0.7821784226782668,171.14082931292648,0.5174639043689413,0.3726425205340295,,,
sample,1779734244.799635,95.39185857772827,1.7624,3.174400040767144,0.07927203559396526,0,-0.6148891305809341,0.6673282974623126,171.3223638868081,0.3871749466498851,0.2647950133521513,,,
sample,1779734244.8500233,95.44224691390991,1.7624,0.0,0.07927203559396526,0,-0.6148891305809341,0.6673282974623126,171.3223638868081,0.3871749466498851,0.2647950133521513,,,
sample,1779734244.9000723,95.49229598045349,1.7624,0.9143269383630288,0.07004269564177164,0,-0.5302719069894102,0.6082890366759403,171.4255419311903,0.3559006418480256,0.2338582117873476,,,
sample,1779734244.9527466,95.54497027397156,1.7624,0.57010928563293,0.06436997755222462,0,-0.47474313001809865,0.5695454120850002,171.4932509669121,0.33610438608910115,0.21486343563466875,,,
sample,1779734245.0005684,95.59279203414917,1.7624,1.2486693663237884,0.053199944420576024,0,-0.3286215807131243,0.4811162418206639,171.6640468255414,0.29980135422606197,0.1775006357896934,,,
sample,1779734245.0501845,95.6424081325531,1.7624,-1.879167509595878,0.07564176499157955,0,-0.3928448009091985,0.43809771840658696,171.74134634280432,0.4217258106690126,0.2526212061367329,,,
sample,1779734245.0996985,95.69192218780518,1.7624,0.0,0.07564176499157955,0,-0.3928448009091985,0.43809771840658696,171.74134634280432,0.4217258106690126,0.2526212061367329,,,
sample,1779734245.1497777,95.74200129508972,1.7624,1.1744151040430355,0.06570572323704127,0,-0.20699825385034631,0.3143309024983426,171.964633520613,0.4073863318109259,0.2193348088283442,,,
sample,1779734245.2000117,95.79223537445068,1.7624,0.08913337520382533,0.06497442493069432,0,-0.19410824425973439,0.30655718137047894,171.97968619769782,0.40592674849747595,0.21688671083598055,,,
sample,1779734245.249927,95.84215068817139,1.7624,0.736155551072483,0.0593906065079771,0,-0.08832476739085648,0.24276116606623688,172.1032178760122,0.39585840260085403,0.19820177853055562,,,
sample,1779734245.3010325,95.89325618743896,1.8425,0.6175474743160253,0.05475033074215841,0,0.03617307176885731,0.17463210216677305,172.24513785805578,0.3962646950720148,0.18268367641385416,,,
sample,1779734245.3491557,95.94137930870056,1.8425,0.21626047540802917,0.0,0,0.07722700481228562,0.15216612166046117,172.2919368505497,0.3962646950720148,0.18268367641385416,,,
sample,1779734245.398347,95.99057054519653,1.7624,0.8903259917652506,0.0,0,0.2510213372031811,0.06724582192820983,172.48536882122107,0.3962646950720148,0.18268367641385416,,,
sample,1779734245.4481425,96.04036617279053,1.7624,0.0,0.0,0,0.2510213372031811,0.06724582192820983,172.48536882122107,0.3962646950720148,0.18268367641385416,,,
sample,1779734245.501219,96.09344267845154,1.8425,0.9036045597026666,0.0,0,0.3980067612753343,0.0030146696112964833,172.64577566589307,0.3962646950720148,0.18268367641385416,,,
sample,1779734245.5482466,96.14047026634216,1.8425,0.0,0.0,0,0.3980067612753343,0.0030146696112964833,172.64577566589307,0.3962646950720148,0.18268367641385416,,,
sample,1779734245.5983517,96.19057536125183,1.6823,0.31882141875717024,0.0,0,0.4726982170210945,-0.026478827344154077,172.72607933905988,0.3962646950720148,0.18268367641385416,,,
sample,1779734245.6482193,96.24044299125671,1.6823,0.2951457802241476,0.0,0,0.5311198838685461,-0.08216460140763648,172.80678867303237,0.3962646950720148,0.18268367641385416,,,
sample,1779734245.6982021,96.2904257774353,1.6823,0.2017993064772638,0.0,0,0.6294630623606378,-0.17413733557581101,172.94143771531006,0.3962646950720148,0.18268367641385416,,,
sample,1779734245.7483127,96.34053635597229,1.6823,0.04985220838870692,0.0,0,0.6536023347025823,-0.18338032565968299,172.96728606796336,0.3962646950720148,0.18268367641385416,,,
sample,1779734245.7981784,96.39040207862854,1.5221,0.2151075757637131,0.0,0,0.7995039350069778,-0.23745923308753802,173.12288749854795,0.3962646950720148,0.18268367641385416,,,
sample,1779734245.848234,96.44045758247375,1.5221,0.0,0.0,0,0.7995039350069778,-0.23745923308753802,173.12288749854795,0.3962646950720148,0.18268367641385416,,,
sample,1779734245.8982184,96.4904420375824,1.5221,0.025487108882484417,0.0,0,0.8244654643350635,-0.24649206668063495,173.1494331202042,0.3962646950720148,0.18268367641385416,,,
sample,1779734245.948213,96.54043674468994,1.5221,0.12941839221259313,0.0,0,0.9512410665210145,-0.29236837911161484,173.28425407314504,0.3962646950720148,0.18268367641385416,,,
sample,1779734245.99816,96.59038352966309,1.2818,0.03297856225278024,0.0,0,1.007295275395853,-0.31242979775147683,173.34379006940298,0.3962646950720148,0.18268367641385416,,,
sample,1779734246.0485835,96.64080715179443,1.2818,0.037161734073499986,0.0,0,1.07106271535544,-0.33525172913361345,173.41151840136982,0.3962646950720148,0.18268367641385416,,,
sample,1779734246.098247,96.6904706954956,1.2818,-0.23852106957361954,0.0,0,1.103947354233278,-0.39889366819443894,173.48315425748635,0.3962646950720148,0.18268367641385416,,,
sample,1779734246.1481419,96.7403655052185,1.2818,0.0,0.0,0,1.103947354233278,-0.39889366819443894,173.48315425748635,0.3962646950720148,0.18268367641385416,,,
sample,1779734246.1983316,96.79055523872375,1.1215,0.18267729341301095,0.0,0,1.2124621569214016,-0.43806218170846256,173.59852164825747,0.3962646950720148,0.18268367641385416,,,
sample,1779734246.248242,96.8404655456543,1.1215,0.0,0.0,0,1.2124621569214016,-0.43806218170846256,173.59852164825747,0.3962646950720148,0.18268367641385416,,,
sample,1779734246.2982814,96.89050507545471,1.1215,0.0,0.0,0,1.2124621569214016,-0.43806218170846256,173.59852164825747,0.3962646950720148,0.18268367641385416,,,
sample,1779734246.348225,96.94044876098633,1.1215,0.0,0.0,0,1.2124621569214016,-0.43806218170846256,173.59852164825747,0.3962646950720148,0.18268367641385416,,,
sample,1779734246.3983543,96.99057793617249,0.9613,0.15170111952725623,0.0,0,1.3625327383660557,-0.49078240142245755,173.7575832746223,0.3962646950720148,0.18268367641385416,,,
sample,1779734246.4483383,97.04056191444397,0.9613,0.11046462227022219,0.0,0,1.3917435724972589,-0.5009879734419889,173.78852558434357,0.3962646950720148,0.18268367641385416,,,
sample,1779734246.498318,97.09054160118103,0.9613,0.0,0.0,0,1.3917435724972589,-0.5009879734419889,173.78852558434357,0.3962646950720148,0.18268367641385416,,,
sample,1779734246.5482678,97.1404914855957,0.9613,0.0,0.0,0,1.3917435724972589,-0.5009879734419889,173.78852558434357,0.3962646950720148,0.18268367641385416,,,
sample,1779734246.5984309,97.19065451622009,0.6409,0.171421198484588,0.0,0,1.5419392312002766,-0.5517599323256606,173.94707061801577,0.3962646950720148,0.18268367641385416,,,
sample,1779734246.648304,97.2405276298523,0.6409,0.0,0.0,0,1.5419392312002766,-0.5517599323256606,173.94707061801577,0.3962646950720148,0.18268367641385416,,,
sample,1779734246.698496,97.29071974754333,0.6409,0.0,0.0,0,1.5419392312002766,-0.5517599323256606,173.94707061801577,0.3962646950720148,0.18268367641385416,,,
sample,1779734246.7485282,97.3407518863678,0.2403,-0.7057396106859105,0.0,0,1.5466547754765316,-0.5425137212141868,173.95744986547112,0.3962646950720148,0.18268367641385416,,,
sample,1779734246.7989697,97.39119338989258,0.2403,0.0983136470222918,0.0,0,1.5535534324712004,-0.5450056427425386,173.96478479159438,0.3962646950720148,0.18268367641385416,,,
sample,1779734246.8485577,97.44078135490417,0.2403,0.0,0.0,0,1.5535534324712004,-0.5450056427425386,173.96478479159438,0.3962646950720148,0.18268367641385416,,,
sample,1779734246.8987856,97.49100923538208,0.0801,0.16640594154780697,0.0,0,1.5721274601759356,-0.5517149224677664,173.98453343558853,0.3962646950720148,0.18268367641385416,,,
sample,1779734246.9487178,97.5409414768219,0.0801,0.0,0.0,0,1.5721274601759356,-0.5517149224677664,173.98453343558853,0.3962646950720148,0.18268367641385416,,,
sample,1779734246.9986303,97.59085392951965,0.0801,0.0,0.0,0,1.5785750400531287,-0.5540439066619597,173.99138875860424,0.3962646950720148,0.18268367641385416,,,
sample,1779734247.0485847,97.64080834388733,0.0801,0.0,0.0,0,1.5785750400531287,-0.5540439066619597,173.99138875860424,0.3962646950720148,0.18268367641385416,,,
sample,1779734247.0986812,97.69090485572815,0.0801,0.0,0.0,0,1.5826099008455616,-0.5555013724383182,173.99567878285868,0.3962646950720148,0.18268367641385416,,,
sample,1779734247.1485887,97.74081230163574,0.0801,0.0,0.0,0,1.586272227270305,-0.5568242719633594,173.99957271377676,0.3962646950720148,0.18268367641385416,,,
sample,1779734247.198899,97.79112267494202,0.0,0.0,0.0,0,1.586272227270305,-0.5568242719633594,173.99957271377676,0.3962646950720148,0.18268367641385416,,,
sample,1779734247.2488515,97.84107518196106,0.0,0.0,0.0,0,1.586272227270305,-0.5568242719633594,173.99957271377676,0.3962646950720148,0.18268367641385416,,,
sample,1779734247.2988431,97.89106678962708,0.0,0.0,0.0,0,1.586272227270305,-0.5568242719633594,173.99957271377676,0.3962646950720148,0.18268367641385416,,,
sample,1779734247.3485565,97.94078016281128,0.1602,0.0,0.0,0,1.6054830483021818,-0.5637635731264179,174.019998421729,0.3962646950720148,0.18268367641385416,,,
sample,1779734247.3985958,97.99081945419312,0.0,0.0,0.0,0,1.6054830483021818,-0.5637635731264179,174.019998421729,0.3962646950720148,0.18268367641385416,,,
sample,1779734247.4483902,98.04061388969421,0.0,0.022365142651763606,0.0,0,1.609691491680988,-0.5652837401190081,174.02447300588378,0.3962646950720148,0.18268367641385416,,,
sample,1779734247.4983492,98.09057283401489,0.0,0.0,0.0,0,1.609691491680988,-0.5652837401190081,174.02447300588378,0.3962646950720148,0.18268367641385416,,,
sample,1779734247.5484583,98.1406819820404,0.0,0.0,0.0,0,1.609691491680988,-0.5652837401190083,174.02447300588378,0.3962646950720148,0.18268367641385416,,,
sample,1779734247.5981998,98.19042348861694,0.0,0.0,0.0,0,1.609691491680988,-0.5652837401190083,174.02447300588378,0.3962646950720148,0.18268367641385416,,,
sample,1779734247.6482167,98.24044036865234,0.0,0.0,0.0,0,1.609691491680988,-0.5652837401190081,174.02447300588378,0.3962646950720148,0.18268367641385416,,,
sample,1779734247.6982853,98.29050898551941,0.0,0.0,0.0,0,1.609691491680988,-0.5652837401190081,174.02447300588378,0.3962646950720148,0.18268367641385416,,,
sample,1779734247.7481966,98.34042024612427,0.0,0.0,0.0,0,1.609691491680988,-0.5652837401190081,174.02447300588378,0.3962646950720148,0.18268367641385416,,,
sample,1779734247.7982635,98.39048719406128,0.0,0.0,0.0,0,1.609691491680988,-0.5652837401190081,174.02447300588378,0.3962646950720148,0.18268367641385416,,,
sample,1779734247.8481345,98.44035816192627,0.0,0.0,0.0,0,1.609691491680988,-0.5652837401190081,174.02447300588378,0.3962646950720148,0.18268367641385416,,,
sample,1779734247.89821,98.49043369293213,0.0,0.0,0.0,0,1.609691491680988,-0.5652837401190081,174.02447300588378,0.3962646950720148,0.18268367641385416,,,
sample,1779734247.9481685,98.54039216041565,0.0,0.0,0.0,0,1.609691491680988,-0.5652837401190081,174.02447300588378,0.3962646950720148,0.18268367641385416,,,
sample,1779734247.9983165,98.59054017066956,0.0,0.0,0.0,0,1.609691491680988,-0.5652837401190081,174.02447300588378,0.3962646950720148,0.18268367641385416,,,
sample,1779734248.0484755,98.6406991481781,0.0,0.0,0.0,0,1.609691491680988,-0.5652837401190081,174.02447300588378,0.3962646950720148,0.18268367641385416,,,
sample,1779734248.0983906,98.69061422348022,0.0,0.0,0.0,0,1.609691491680988,-0.5652837401190081,174.02447300588378,0.3962646950720148,0.18268367641385416,,,
sample,1779734248.1484313,98.74065494537354,0.0,0.0,0.0,0,1.609691491680988,-0.5652837401190081,174.02447300588378,0.3962646950720148,0.18268367641385416,,,
sample,1779734248.198172,98.79039573669434,0.0,0.0,0.0,0,1.609691491680988,-0.5652837401190081,174.02447300588378,0.3962646950720148,0.18268367641385416,,,
sample,1779734248.2482746,98.84049820899963,0.0,0.0,0.0,0,1.609691491680988,-0.5652837401190081,174.02447300588378,0.3962646950720148,0.18268367641385416,,,
sample,1779734248.2982085,98.8904321193695,0.0,0.0,0.0,0,1.609691491680988,-0.5652837401190081,174.02447300588378,0.3962646950720148,0.18268367641385416,,,
sample,1779734248.348314,98.94053769111633,0.0,0.0,0.0,0,1.609691491680988,-0.5652837401190081,174.02447300588378,0.3962646950720148,0.18268367641385416,,,
sample,1779734248.398199,98.99042272567749,0.0,0.0,0.0,0,1.609691491680988,-0.5652837401190081,174.02447300588378,0.3962646950720148,0.18268367641385416,,,
sample,1779734248.4481623,99.04038596153259,0.0,0.0,0.0,0,1.609691491680988,-0.5652837401190081,174.02447300588378,0.3962646950720148,0.18268367641385416,,,
sample,1779734248.4983196,99.09054327011108,0.0,0.0,0.0,0,1.609691491680988,-0.5652837401190081,174.02447300588378,0.3962646950720148,0.18268367641385416,,,
sample,1779734248.5481532,99.14037680625916,0.0,0.0,0.0,0,1.609691491680988,-0.5652837401190081,174.02447300588378,0.3962646950720148,0.18268367641385416,,,
sample,1779734248.598331,99.19055461883545,0.0,0.0,0.0,0,1.609691491680988,-0.5652837401190081,174.02447300588378,0.3962646950720148,0.18268367641385416,,,
sample,1779734248.6482103,99.24043393135071,0.0,0.0,0.0,0,1.6096914916809881,-0.5652837401190081,174.02447300588378,0.3962646950720148,0.18268367641385416,,,
sample,1779734248.698271,99.29049468040466,0.0,0.0,0.0,0,1.609691491680988,-0.5652837401190081,174.02447300588378,0.3962646950720148,0.18268367641385416,,,
sample,1779734248.7482178,99.34044146537781,0.0,0.0,0.0,0,1.609691491680988,-0.5652837401190081,174.02447300588378,0.3962646950720148,0.18268367641385416,,,
sample,1779734248.798331,99.39055466651917,0.0,0.0,0.0,0,1.609691491680988,-0.5652837401190081,174.02447300588378,0.3962646950720148,0.18268367641385416,,,
sample,1779734248.8483655,99.44058918952942,0.0,0.0,0.0,0,1.609691491680988,-0.5652837401190081,174.02447300588378,0.3962646950720148,0.18268367641385416,,,
sample,1779734248.898231,99.49045467376709,0.0,0.0,0.0,0,1.6096914916809877,-0.5652837401190081,174.02447300588378,0.3962646950720148,0.18268367641385416,,,
sample,1779734248.9482124,99.5404360294342,0.0,0.0,0.0,0,1.609691491680988,-0.5652837401190081,174.02447300588378,0.3962646950720148,0.18268367641385416,,,
sample,1779734248.9982247,99.5904483795166,0.0,0.0,0.0,0,1.609691491680988,-0.5652837401190081,174.02447300588378,0.3962646950720148,0.18268367641385416,,,
sample,1779734249.0481634,99.64038705825806,0.0,0.0,0.0,0,1.609691491680988,-0.5652837401190083,174.02447300588378,0.3962646950720148,0.18268367641385416,,,
sample,1779734249.098146,99.69036960601807,0.0,0.0,0.0,0,1.609691491680988,-0.5652837401190081,174.02447300588378,0.3962646950720148,0.18268367641385416,,,
sample,1779734249.148171,99.74039459228516,0.0,0.0,0.0,0,1.609691491680988,-0.5652837401190081,174.02447300588378,0.3962646950720148,0.18268367641385416,,,
sample,1779734249.1983926,99.79061627388,0.0,0.0,0.0,0,1.609691491680988,-0.5652837401190081,174.02447300588378,0.3962646950720148,0.18268367641385416,,,
sample,1779734249.2482378,99.84046149253845,0.0,0.0,0.0,0,1.609691491680988,-0.5652837401190081,174.02447300588378,0.3962646950720148,0.18268367641385416,,,
sample,1779734249.2982607,99.89048433303833,0.0,0.0,0.0,0,1.6096914916809877,-0.5652837401190081,174.02447300588378,0.3962646950720148,0.18268367641385416,,,
sample,1779734249.3482864,99.94051003456116,0.0,0.0,0.0,0,1.609691491680988,-0.5652837401190081,174.02447300588378,0.3962646950720148,0.18268367641385416,,,
sample,1779734249.3982916,99.99051523208618,0.0,0.0,0.0,0,1.609691491680988,-0.5652837401190081,174.02447300588378,0.3962646950720148,0.18268367641385416,,,
sample,1779734249.4482553,100.04047894477844,0.0,0.0,0.0,0,1.609691491680988,-0.5652837401190081,174.02447300588378,0.3962646950720148,0.18268367641385416,,,
sample,1779734249.4983397,100.09056329727173,0.0,0.0,0.0,0,1.609691491680988,-0.5652837401190081,174.02447300588378,0.3962646950720148,0.18268367641385416,,,
sample,1779734249.5482433,100.14046692848206,0.0,0.0,0.0,0,1.609691491680988,-0.5652837401190081,174.02447300588378,0.3962646950720148,0.18268367641385416,,,
sample,1779734249.5982661,100.19048976898193,0.0,0.0,0.0,0,1.609691491680988,-0.5652837401190081,174.02447300588378,0.3962646950720148,0.18268367641385416,,,
sample,1779734249.648371,100.24059462547302,0.0,0.0,0.0,0,1.609691491680988,-0.5652837401190081,174.02447300588378,0.3962646950720148,0.18268367641385416,,,
sample,1779734249.6982572,100.29048085212708,0.0,0.0,0.0,0,1.609691491680988,-0.5652837401190081,174.02447300588378,0.3962646950720148,0.18268367641385416,,,
sample,1779734249.7486148,100.34083843231201,0.0,0.0,0.0,0,1.6096914916809877,-0.5652837401190081,174.02447300588378,0.3962646950720148,0.18268367641385416,,,
sample,1779734249.798363,100.39058661460876,0.0,0.0,0.0,0,1.609691491680988,-0.5652837401190081,174.02447300588378,0.3962646950720148,0.18268367641385416,,,
sample,1779734249.8483686,100.44059228897095,0.0,0.0,0.0,0,1.609691491680988,-0.5652837401190081,174.02447300588378,0.3962646950720148,0.18268367641385416,,,
sample,1779734249.8983984,100.49062204360962,0.0,0.0,0.0,0,1.609691491680988,-0.5652837401190081,174.02447300588378,0.3962646950720148,0.18268367641385416,,,
sample,1779734249.9482803,100.54050397872925,0.0,0.0,0.0,0,1.609691491680988,-0.5652837401190081,174.02447300588378,0.3962646950720148,0.18268367641385416,,,
sample,1779734249.9983103,100.5905339717865,0.0,0.0,0.0,0,1.609691491680988,-0.5652837401190081,174.02447300588378,0.3962646950720148,0.18268367641385416,,,
sample,1779734250.0483677,100.64059138298035,0.0,0.0,0.0,0,1.609691491680988,-0.5652837401190081,174.02447300588378,0.3962646950720148,0.18268367641385416,,,
sample,1779734250.0983515,100.69057512283325,0.0,0.0,0.0,0,1.609691491680988,-0.5652837401190081,174.02447300588378,0.3962646950720148,0.18268367641385416,,,
sample,1779734250.1481886,100.74041223526001,0.0,0.0,0.0,0,1.6096914916809881,-0.5652837401190081,174.02447300588378,0.3962646950720148,0.18268367641385416,,,
sample,1779734250.1983924,100.79061603546143,0.0,0.0,0.0,0,1.609691491680988,-0.5652837401190081,174.02447300588378,0.3962646950720148,0.18268367641385416,,,
sample,1779734250.2482247,100.8404483795166,0.0,0.0,0.0,0,1.609691491680988,-0.5652837401190081,174.02447300588378,0.3962646950720148,0.18268367641385416,,,
sample,1779734250.2982137,100.89043736457825,0.0,0.0,0.0,0,1.609691491680988,-0.5652837401190081,174.02447300588378,0.3962646950720148,0.18268367641385416,,,
sample,1779734250.3482475,100.94047117233276,0.0,0.0,0.0,0,1.609691491680988,-0.5652837401190081,174.02447300588378,0.3962646950720148,0.18268367641385416,,,
sample,1779734250.3981814,100.99040508270264,0.0,0.0,0.0,0,1.609691491680988,-0.5652837401190081,174.02447300588378,0.3962646950720148,0.18268367641385416,,,
sample,1779734250.4484046,101.04062819480896,0.0,0.0,0.0,0,1.609691491680988,-0.5652837401190081,174.02447300588378,0.3962646950720148,0.18268367641385416,,,
sample,1779734250.498361,101.09058475494385,0.0,0.0,0.0,0,1.6096914916809877,-0.5652837401190081,174.02447300588378,0.3962646950720148,0.18268367641385416,,,
sample,1779734250.5483303,101.14055395126343,0.0,0.0,0.0,0,1.609691491680988,-0.5652837401190081,174.02447300588378,0.3962646950720148,0.18268367641385416,,,
sample,1779734250.598247,101.1904706954956,0.0,0.0,0.0,0,1.609691491680988,-0.5652837401190081,174.02447300588378,0.3962646950720148,0.18268367641385416,,,
sample,1779734250.648398,101.24062156677246,0.0,0.0,0.0,0,1.609691491680988,-0.5652837401190081,174.02447300588378,0.3962646950720148,0.18268367641385416,,,
sample,1779734250.6982121,101.29043579101562,0.0,0.0,0.0,0,1.609691491680988,-0.5652837401190081,174.02447300588378,0.3962646950720148,0.18268367641385416,,,
sample,1779734250.7482154,101.34043908119202,0.0,0.0,0.0,0,1.609691491680988,-0.5652837401190081,174.02447300588378,0.3962646950720148,0.18268367641385416,,,
sample,1779734250.7981887,101.39041233062744,0.0,0.0,0.0,0,1.609691491680988,-0.5652837401190081,174.02447300588378,0.3962646950720148,0.18268367641385416,,,
sample,1779734250.848173,101.4403965473175,0.0,0.0,0.0,0,1.609691491680988,-0.5652837401190081,174.02447300588378,0.3962646950720148,0.18268367641385416,,,
sample,1779734250.8982623,101.49048590660095,0.0,0.0,0.0,0,1.609691491680988,-0.5652837401190081,174.02447300588378,0.3962646950720148,0.18268367641385416,,,
sample,1779734250.94812,101.54034376144409,0.0,0.0,0.0,0,1.609691491680988,-0.5652837401190081,174.02447300588378,0.3962646950720148,0.18268367641385416,,,
sample,1779734250.998261,101.59048461914062,0.0,0.0,0.0,0,1.609691491680988,-0.5652837401190081,174.02447300588378,0.3962646950720148,0.18268367641385416,,,
sample,1779734251.0484078,101.64063143730164,0.0,0.0,0.0,0,1.609691491680988,-0.5652837401190081,174.02447300588378,0.3962646950720148,0.18268367641385416,,,
