row_type,timestamp_s,elapsed_s,v_real,w_real,steering_angle_rad,brake,x,y,distance_m,heading_error_rad,kappa,path_index,path_x,path_y
planned_path,,,,,,,,,,,,0,-0.005329999931293905,-0.006986179470462872
planned_path,,,,,,,,,,,,1,0.044670000813764155,-0.006986179470462872
planned_path,,,,,,,,,,,,2,0.09467000155882221,-0.006986179470462872
planned_path,,,,,,,,,,,,3,0.14467000230388027,-0.006986179470462872
planned_path,,,,,,,,,,,,4,0.19467000304893833,-0.006986179470462872
planned_path,,,,,,,,,,,,5,0.2446700037939964,-0.006986179470462872
planned_path,,,,,,,,,,,,6,0.29467000453905445,-0.006986179470462872
planned_path,,,,,,,,,,,,7,0.3446700052841125,-0.006986179470462872
planned_path,,,,,,,,,,,,8,0.3946700060291706,-0.006986179470462872
planned_path,,,,,,,,,,,,9,0.44467000677422863,-0.006986179470462872
planned_path,,,,,,,,,,,,10,0.4946700075192867,-0.006986179470462872
planned_path,,,,,,,,,,,,11,0.5446700082643448,-0.006986179470462872
planned_path,,,,,,,,,,,,12,0.5946700090094028,-0.006986179470462872
planned_path,,,,,,,,,,,,13,0.6446700097544609,-0.006986179470462872
planned_path,,,,,,,,,,,,14,0.6946700104995189,-0.006986179470462872
planned_path,,,,,,,,,,,,15,0.744670011244577,0.04301382127459519
planned_path,,,,,,,,,,,,16,0.794670011989635,0.09301382201965325
planned_path,,,,,,,,,,,,17,0.8446700127346931,0.09301382201965325
planned_path,,,,,,,,,,,,18,0.8946700134797512,0.09301382201965325
planned_path,,,,,,,,,,,,19,0.9446700142248092,0.09301382201965325
planned_path,,,,,,,,,,,,20,0.9946700149698673,0.09301382201965325
planned_path,,,,,,,,,,,,21,1.0446700157149253,0.09301382201965325
planned_path,,,,,,,,,,,,22,1.0946700164599834,0.09301382201965325
planned_path,,,,,,,,,,,,23,1.1446700172050415,0.09301382201965325
planned_path,,,,,,,,,,,,24,1.1946700179500995,0.09301382201965325
planned_path,,,,,,,,,,,,25,1.2446700186951576,0.09301382201965325
planned_path,,,,,,,,,,,,26,1.2946700194402156,0.09301382201965325
planned_path,,,,,,,,,,,,27,1.3446700201852737,0.09301382201965325
planned_path,,,,,,,,,,,,28,1.3946700209303318,0.09301382201965325
planned_path,,,,,,,,,,,,29,1.4446700216753898,0.09301382201965325
planned_path,,,,,,,,,,,,30,1.4946700224204479,0.09301382201965325
planned_path,,,,,,,,,,,,31,1.544670023165506,0.09301382201965325
planned_path,,,,,,,,,,,,32,1.594670023910564,0.1430138227647113
planned_path,,,,,,,,,,,,33,1.644670024655622,0.1430138227647113
planned_path,,,,,,,,,,,,34,1.6946700254006801,0.1430138227647113
planned_path,,,,,,,,,,,,35,1.7446700261457382,0.1430138227647113
planned_path,,,,,,,,,,,,36,1.7946700268907962,0.1430138227647113
planned_path,,,,,,,,,,,,37,1.8446700276358543,0.1430138227647113
planned_path,,,,,,,,,,,,38,1.8946700283809124,0.1430138227647113
planned_path,,,,,,,,,,,,39,1.9446700291259704,0.1430138227647113
planned_path,,,,,,,,,,,,40,1.9946700298710285,0.1430138227647113
planned_path,,,,,,,,,,,,41,2.0446700306160865,0.1430138227647113
planned_path,,,,,,,,,,,,42,2.0946700313611446,0.1430138227647113
planned_path,,,,,,,,,,,,43,2.1446700321062027,0.1430138227647113
planned_path,,,,,,,,,,,,44,2.1946700328512607,0.1430138227647113
planned_path,,,,,,,,,,,,45,2.244670033596319,0.1430138227647113
planned_path,,,,,,,,,,,,46,2.294670034341377,0.1430138227647113
planned_path,,,,,,,,,,,,47,2.344670035086435,0.1430138227647113
planned_path,,,,,,,,,,,,48,2.394670035831493,0.1430138227647113
planned_path,,,,,,,,,,,,49,2.444670036576551,0.1430138227647113
planned_path,,,,,,,,,,,,50,2.494670037321609,0.1430138227647113
planned_path,,,,,,,,,,,,51,2.544670038066667,0.1430138227647113
planned_path,,,,,,,,,,,,52,2.594670038811725,0.1430138227647113
planned_path,,,,,,,,,,,,53,2.6446700395567833,0.1430138227647113
planned_path,,,,,,,,,,,,54,2.6946700403018413,0.1430138227647113
planned_path,,,,,,,,,,,,55,2.7446700410468994,0.1430138227647113
planned_path,,,,,,,,,,,,56,2.7946700417919574,0.1430138227647113
planned_path,,,,,,,,,,,,57,2.8446700425370155,0.1430138227647113
planned_path,,,,,,,,,,,,58,2.8946700432820736,0.1430138227647113
planned_path,,,,,,,,,,,,59,2.9446700440271316,0.1430138227647113
planned_path,,,,,,,,,,,,60,2.9946700447721897,0.1430138227647113
planned_path,,,,,,,,,,,,61,3.0446700455172477,0.1430138227647113
planned_path,,,,,,,,,,,,62,3.094670046262306,0.1430138227647113
planned_path,,,,,,,,,,,,63,3.144670047007364,0.1430138227647113
planned_path,,,,,,,,,,,,64,3.194670047752422,0.1430138227647113
planned_path,,,,,,,,,,,,65,3.24467004849748,0.1430138227647113
planned_path,,,,,,,,,,,,66,3.294670049242538,0.1430138227647113
planned_path,,,,,,,,,,,,67,3.344670049987596,0.1430138227647113
planned_path,,,,,,,,,,,,68,3.394670050732654,0.1430138227647113
planned_path,,,,,,,,,,,,69,3.444670051477712,0.1430138227647113
planned_path,,,,,,,,,,,,70,3.4946700522227703,0.1430138227647113
planned_path,,,,,,,,,,,,71,3.5446700529678283,0.1430138227647113
planned_path,,,,,,,,,,,,72,3.5946700537128864,0.1430138227647113
planned_path,,,,,,,,,,,,73,3.6446700544579445,0.1430138227647113
planned_path,,,,,,,,,,,,74,3.6946700552030025,0.1430138227647113
planned_path,,,,,,,,,,,,75,3.7446700559480606,0.1430138227647113
planned_path,,,,,,,,,,,,76,3.7946700566931186,0.1430138227647113
planned_path,,,,,,,,,,,,77,3.8446700574381767,0.1430138227647113
planned_path,,,,,,,,,,,,78,3.8946700581832348,0.1430138227647113
planned_path,,,,,,,,,,,,79,3.944670058928293,0.1430138227647113
planned_path,,,,,,,,,,,,80,3.994670059673351,0.1430138227647113
planned_path,,,,,,,,,,,,81,4.044670060418409,0.1430138227647113
planned_path,,,,,,,,,,,,82,4.094670061163467,0.1430138227647113
planned_path,,,,,,,,,,,,83,4.144670061908525,0.1430138227647113
planned_path,,,,,,,,,,,,84,4.194670062653583,0.1430138227647113
planned_path,,,,,,,,,,,,85,4.244670063398641,0.1430138227647113
planned_path,,,,,,,,,,,,86,4.294670064143699,0.1430138227647113
planned_path,,,,,,,,,,,,87,4.344670064888757,0.1430138227647113
planned_path,,,,,,,,,,,,88,4.394670065633815,0.1430138227647113
planned_path,,,,,,,,,,,,89,4.444670066378873,0.1430138227647113
planned_path,,,,,,,,,,,,90,4.4946700671239315,0.1430138227647113
planned_path,,,,,,,,,,,,91,4.5446700678689895,0.1430138227647113
planned_path,,,,,,,,,,,,92,4.594670068614048,0.1430138227647113
planned_path,,,,,,,,,,,,93,4.644670069359106,0.1430138227647113
planned_path,,,,,,,,,,,,94,4.694670070104164,0.1430138227647113
planned_path,,,,,,,,,,,,95,4.744670070849222,0.1430138227647113
planned_path,,,,,,,,,,,,96,4.79467007159428,0.1430138227647113
planned_path,,,,,,,,,,,,97,4.844670072339338,0.1430138227647113
planned_path,,,,,,,,,,,,98,4.894670073084396,0.1430138227647113
planned_path,,,,,,,,,,,,99,4.944670073829454,0.1430138227647113
planned_path,,,,,,,,,,,,100,4.994670074574512,0.1430138227647113
planned_path,,,,,,,,,,,,101,5.04467007531957,0.1430138227647113
planned_path,,,,,,,,,,,,102,5.094670076064628,0.1430138227647113
planned_path,,,,,,,,,,,,103,5.144670076809686,0.1430138227647113
planned_path,,,,,,,,,,,,104,5.194670077554744,0.1430138227647113
planned_path,,,,,,,,,,,,105,5.244670078299802,0.1430138227647113
planned_path,,,,,,,,,,,,106,5.29467007904486,0.1430138227647113
planned_path,,,,,,,,,,,,107,5.3446700797899185,0.1430138227647113
planned_path,,,,,,,,,,,,108,5.3946700805349765,0.1430138227647113
planned_path,,,,,,,,,,,,109,5.444670081280035,0.1430138227647113
planned_path,,,,,,,,,,,,110,5.494670082025093,0.1430138227647113
planned_path,,,,,,,,,,,,111,5.544670082770151,0.1430138227647113
planned_path,,,,,,,,,,,,112,5.594670083515209,0.1430138227647113
planned_path,,,,,,,,,,,,113,5.644670084260267,0.1430138227647113
planned_path,,,,,,,,,,,,114,5.694670085005325,0.1430138227647113
planned_path,,,,,,,,,,,,115,5.744670085750383,0.1430138227647113
planned_path,,,,,,,,,,,,116,5.794670086495441,0.1430138227647113
planned_path,,,,,,,,,,,,117,5.844670087240499,0.1430138227647113
planned_path,,,,,,,,,,,,118,5.894670087985557,0.1430138227647113
planned_path,,,,,,,,,,,,119,5.944670088730615,0.1430138227647113
planned_path,,,,,,,,,,,,120,5.994670089475673,0.1430138227647113
planned_path,,,,,,,,,,,,121,6.044670090220731,0.1430138227647113
planned_path,,,,,,,,,,,,122,6.094670090965789,0.1430138227647113
planned_path,,,,,,,,,,,,123,6.144670091710847,0.1430138227647113
planned_path,,,,,,,,,,,,124,6.1946700924559055,0.1430138227647113
planned_path,,,,,,,,,,,,125,6.244670093200964,0.1430138227647113
planned_path,,,,,,,,,,,,126,6.294670093946022,0.1430138227647113
planned_path,,,,,,,,,,,,127,6.34467009469108,0.1430138227647113
planned_path,,,,,,,,,,,,128,6.394670095436138,0.1430138227647113
planned_path,,,,,,,,,,,,129,6.444670096181196,0.1430138227647113
planned_path,,,,,,,,,,,,130,6.494670096926254,0.1430138227647113
planned_path,,,,,,,,,,,,131,6.544670097671312,0.1430138227647113
planned_path,,,,,,,,,,,,132,6.59467009841637,0.1430138227647113
planned_path,,,,,,,,,,,,133,6.644670099161428,0.1430138227647113
planned_path,,,,,,,,,,,,134,6.694670099906486,0.1430138227647113
planned_path,,,,,,,,,,,,135,6.744670100651544,0.1430138227647113
planned_path,,,,,,,,,,,,136,6.794670101396602,0.1430138227647113
planned_path,,,,,,,,,,,,137,6.84467010214166,0.1430138227647113
planned_path,,,,,,,,,,,,138,6.894670102886718,0.1430138227647113
planned_path,,,,,,,,,,,,139,6.944670103631776,0.1430138227647113
planned_path,,,,,,,,,,,,140,6.9946701043768345,0.1430138227647113
planned_path,,,,,,,,,,,,141,7.0446701051218925,0.1430138227647113
planned_path,,,,,,,,,,,,142,7.094670105866951,0.1430138227647113
planned_path,,,,,,,,,,,,143,7.144670106612009,0.1430138227647113
planned_path,,,,,,,,,,,,144,7.194670107357067,0.1430138227647113
planned_path,,,,,,,,,,,,145,7.244670108102125,0.1430138227647113
planned_path,,,,,,,,,,,,146,7.294670108847183,0.1430138227647113
planned_path,,,,,,,,,,,,147,7.344670109592241,0.1430138227647113
planned_path,,,,,,,,,,,,148,7.394670110337299,0.1430138227647113
planned_path,,,,,,,,,,,,149,7.444670111082357,0.1430138227647113
planned_path,,,,,,,,,,,,150,7.494670111827415,0.1430138227647113
planned_path,,,,,,,,,,,,151,7.544670112572473,0.1430138227647113
planned_path,,,,,,,,,,,,152,7.594670113317531,0.1430138227647113
planned_path,,,,,,,,,,,,153,7.644670114062589,0.1430138227647113
planned_path,,,,,,,,,,,,154,7.694670114807647,0.1430138227647113
planned_path,,,,,,,,,,,,155,7.744670115552705,0.1430138227647113
planned_path,,,,,,,,,,,,156,7.794670116297763,0.1430138227647113
planned_path,,,,,,,,,,,,157,7.8446701170428215,0.1430138227647113
planned_path,,,,,,,,,,,,158,7.8946701177878795,0.1430138227647113
planned_path,,,,,,,,,,,,159,7.944670118532938,0.1430138227647113
planned_path,,,,,,,,,,,,160,7.994670119277996,0.1430138227647113
planned_path,,,,,,,,,,,,161,8.044670120023053,0.1430138227647113
planned_path,,,,,,,,,,,,162,8.09467012076811,0.1430138227647113
planned_path,,,,,,,,,,,,163,8.144670121513169,0.1430138227647113
planned_path,,,,,,,,,,,,164,8.194670122258227,0.1430138227647113
planned_path,,,,,,,,,,,,165,8.244670123003285,0.1430138227647113
planned_path,,,,,,,,,,,,166,8.294670123748343,0.1430138227647113
planned_path,,,,,,,,,,,,167,8.344670124493401,0.1430138227647113
planned_path,,,,,,,,,,,,168,8.39467012523846,0.1430138227647113
planned_path,,,,,,,,,,,,169,8.444670125983517,0.1430138227647113
planned_path,,,,,,,,,,,,170,8.494670126728575,0.1430138227647113
planned_path,,,,,,,,,,,,171,8.544670127473633,0.1430138227647113
planned_path,,,,,,,,,,,,172,8.594670128218691,0.1430138227647113
planned_path,,,,,,,,,,,,173,8.64467012896375,0.1430138227647113
planned_path,,,,,,,,,,,,174,8.694670129708808,0.1430138227647113
planned_path,,,,,,,,,,,,175,8.744670130453866,0.1430138227647113
planned_path,,,,,,,,,,,,176,8.794670131198924,0.1430138227647113
planned_path,,,,,,,,,,,,177,8.844670131943982,0.1430138227647113
planned_path,,,,,,,,,,,,178,8.89467013268904,0.1430138227647113
planned_path,,,,,,,,,,,,179,8.944670133434098,0.1430138227647113
planned_path,,,,,,,,,,,,180,8.994670134179156,0.1430138227647113
planned_path,,,,,,,,,,,,181,9.044670134924214,0.1430138227647113
planned_path,,,,,,,,,,,,182,9.094670135669272,0.1430138227647113
planned_path,,,,,,,,,,,,183,9.14467013641433,0.1430138227647113
planned_path,,,,,,,,,,,,184,9.194670137159388,0.1430138227647113
planned_path,,,,,,,,,,,,185,9.244670137904446,0.1430138227647113
planned_path,,,,,,,,,,,,186,9.294670138649504,0.1430138227647113
planned_path,,,,,,,,,,,,187,9.344670139394562,0.1430138227647113
planned_path,,,,,,,,,,,,188,9.39467014013962,0.1430138227647113
planned_path,,,,,,,,,,,,189,9.444670140884678,0.1430138227647113
planned_path,,,,,,,,,,,,190,9.494670141629737,0.1430138227647113
planned_path,,,,,,,,,,,,191,9.544670142374795,0.1430138227647113
planned_path,,,,,,,,,,,,192,9.594670143119853,0.1430138227647113
planned_path,,,,,,,,,,,,193,9.64467014386491,0.1430138227647113
planned_path,,,,,,,,,,,,194,9.694670144609969,0.1430138227647113
planned_path,,,,,,,,,,,,195,9.744670145355027,0.1430138227647113
planned_path,,,,,,,,,,,,196,9.794670146100085,0.19301382350976937
planned_path,,,,,,,,,,,,197,9.844670146845143,0.19301382350976937
planned_path,,,,,,,,,,,,198,9.894670147590201,0.19301382350976937
planned_path,,,,,,,,,,,,199,9.944670148335259,0.19301382350976937
planned_path,,,,,,,,,,,,200,9.994670149080317,0.19301382350976937
planned_path,,,,,,,,,,,,201,10.044670149825375,0.19301382350976937
planned_path,,,,,,,,,,,,202,10.094670150570433,0.19301382350976937
planned_path,,,,,,,,,,,,203,10.144670151315491,0.19301382350976937
planned_path,,,,,,,,,,,,204,10.19467015206055,0.19301382350976937
planned_path,,,,,,,,,,,,205,10.244670152805607,0.19301382350976937
planned_path,,,,,,,,,,,,206,10.294670153550666,0.19301382350976937
planned_path,,,,,,,,,,,,207,10.344670154295724,0.19301382350976937
planned_path,,,,,,,,,,,,208,10.394670155040782,0.19301382350976937
planned_path,,,,,,,,,,,,209,10.44467015578584,0.19301382350976937
planned_path,,,,,,,,,,,,210,10.494670156530898,0.19301382350976937
planned_path,,,,,,,,,,,,211,10.544670157275956,0.19301382350976937
planned_path,,,,,,,,,,,,212,10.594670158021014,0.19301382350976937
planned_path,,,,,,,,,,,,213,10.644670158766072,0.19301382350976937
planned_path,,,,,,,,,,,,214,10.69467015951113,0.19301382350976937
planned_path,,,,,,,,,,,,215,10.744670160256188,0.19301382350976937
planned_path,,,,,,,,,,,,216,10.794670161001246,0.19301382350976937
planned_path,,,,,,,,,,,,217,10.844670161746304,0.19301382350976937
planned_path,,,,,,,,,,,,218,10.894670162491362,0.19301382350976937
planned_path,,,,,,,,,,,,219,10.94467016323642,0.19301382350976937
planned_path,,,,,,,,,,,,220,10.994670163981478,0.19301382350976937
planned_path,,,,,,,,,,,,221,11.044670164726536,0.19301382350976937
planned_path,,,,,,,,,,,,222,11.094670165471594,0.19301382350976937
planned_path,,,,,,,,,,,,223,11.144670166216653,0.19301382350976937
planned_path,,,,,,,,,,,,224,11.19467016696171,0.19301382350976937
planned_path,,,,,,,,,,,,225,11.244670167706769,0.19301382350976937
planned_path,,,,,,,,,,,,226,11.294670168451827,0.19301382350976937
planned_path,,,,,,,,,,,,227,11.344670169196885,0.19301382350976937
planned_path,,,,,,,,,,,,228,11.394670169941943,0.19301382350976937
planned_path,,,,,,,,,,,,229,11.444670170687,0.19301382350976937
planned_path,,,,,,,,,,,,230,11.494670171432059,0.19301382350976937
planned_path,,,,,,,,,,,,231,11.544670172177117,0.19301382350976937
planned_path,,,,,,,,,,,,232,11.594670172922175,0.19301382350976937
planned_path,,,,,,,,,,,,233,11.644670173667233,0.19301382350976937
planned_path,,,,,,,,,,,,234,11.694670174412291,0.19301382350976937
planned_path,,,,,,,,,,,,235,11.74467017515735,0.19301382350976937
planned_path,,,,,,,,,,,,236,11.794670175902407,0.19301382350976937
planned_path,,,,,,,,,,,,237,11.844670176647465,0.19301382350976937
planned_path,,,,,,,,,,,,238,11.894670177392523,0.19301382350976937
planned_path,,,,,,,,,,,,239,11.944670178137581,0.19301382350976937
planned_path,,,,,,,,,,,,240,11.99467017888264,0.19301382350976937
planned_path,,,,,,,,,,,,241,12.044670179627698,0.19301382350976937
planned_path,,,,,,,,,,,,242,12.094670180372756,0.19301382350976937
planned_path,,,,,,,,,,,,243,12.144670181117814,0.19301382350976937
planned_path,,,,,,,,,,,,244,12.194670181862872,0.19301382350976937
planned_path,,,,,,,,,,,,245,12.24467018260793,0.19301382350976937
planned_path,,,,,,,,,,,,246,12.294670183352988,0.19301382350976937
planned_path,,,,,,,,,,,,247,12.344670184098046,0.19301382350976937
planned_path,,,,,,,,,,,,248,12.394670184843104,0.19301382350976937
planned_path,,,,,,,,,,,,249,12.444670185588162,0.19301382350976937
planned_path,,,,,,,,,,,,250,12.49467018633322,0.19301382350976937
planned_path,,,,,,,,,,,,251,12.544670187078278,0.19301382350976937
planned_path,,,,,,,,,,,,252,12.594670187823336,0.19301382350976937
planned_path,,,,,,,,,,,,253,12.644670188568394,0.19301382350976937
planned_path,,,,,,,,,,,,254,12.694670189313452,0.19301382350976937
planned_path,,,,,,,,,,,,255,12.74467019005851,0.19301382350976937
planned_path,,,,,,,,,,,,256,12.794670190803568,0.19301382350976937
planned_path,,,,,,,,,,,,257,12.844670191548627,0.19301382350976937
planned_path,,,,,,,,,,,,258,12.894670192293685,0.19301382350976937
planned_path,,,,,,,,,,,,259,12.944670193038743,0.19301382350976937
planned_path,,,,,,,,,,,,260,12.9946701937838,0.19301382350976937
planned_path,,,,,,,,,,,,261,13.044670194528859,0.24301382425482743
planned_path,,,,,,,,,,,,262,13.094670195273917,0.24301382425482743
planned_path,,,,,,,,,,,,263,13.144670196018975,0.24301382425482743
planned_path,,,,,,,,,,,,264,13.194670196764033,0.2930138249998855
planned_path,,,,,,,,,,,,265,13.244670197509091,0.2930138249998855
planned_path,,,,,,,,,,,,266,13.294670198254149,0.34301382574494355
planned_path,,,,,,,,,,,,267,13.344670198999207,0.34301382574494355
planned_path,,,,,,,,,,,,268,13.394670199744265,0.3930138264900016
planned_path,,,,,,,,,,,,269,13.444670200489323,0.3930138264900016
planned_path,,,,,,,,,,,,270,13.494670201234381,0.44301382723505967
planned_path,,,,,,,,,,,,271,13.54467020197944,0.44301382723505967
planned_path,,,,,,,,,,,,272,13.594670202724497,0.4930138279801177
planned_path,,,,,,,,,,,,273,13.644670203469556,0.4930138279801177
planned_path,,,,,,,,,,,,274,13.694670204214614,0.4930138279801177
planned_path,,,,,,,,,,,,275,13.744670204959672,0.5430138287251758
planned_path,,,,,,,,,,,,276,13.79467020570473,0.5430138287251758
planned_path,,,,,,,,,,,,277,13.844670206449788,0.5930138294702338
planned_path,,,,,,,,,,,,278,13.894670207194846,0.5930138294702338
planned_path,,,,,,,,,,,,279,13.944670207939904,0.6430138302152919
planned_path,,,,,,,,,,,,280,13.994670208684962,0.6430138302152919
planned_path,,,,,,,,,,,,281,14.04467020943002,0.69301383096035
planned_path,,,,,,,,,,,,282,14.094670210175078,0.69301383096035
planned_path,,,,,,,,,,,,283,14.144670210920136,0.743013831705408
planned_path,,,,,,,,,,,,284,14.194670211665194,0.743013831705408
planned_path,,,,,,,,,,,,285,14.194670211665194,0.743013831705408
planned_path,,,,,,,,,,,,286,14.244670212410252,0.7930138324504661
planned_path,,,,,,,,,,,,287,14.29467021315531,0.8430138331955241
planned_path,,,,,,,,,,,,288,14.344670213900368,0.8930138339405822
planned_path,,,,,,,,,,,,289,14.394670214645426,0.9430138346856403
planned_path,,,,,,,,,,,,290,14.444670215390484,0.9930138354306983
planned_path,,,,,,,,,,,,291,14.494670216135543,1.0430138361757564
planned_path,,,,,,,,,,,,292,14.5446702168806,1.0930138369208144
planned_path,,,,,,,,,,,,293,14.594670217625659,1.1430138376658725
planned_path,,,,,,,,,,,,294,14.644670218370717,1.1930138384109306
planned_path,,,,,,,,,,,,295,14.694670219115775,1.2430138391559886
planned_path,,,,,,,,,,,,296,14.744670219860833,1.2930138399010467
planned_path,,,,,,,,,,,,297,14.79467022060589,1.3430138406461047
planned_path,,,,,,,,,,,,298,14.844670221350949,1.3930138413911628
planned_path,,,,,,,,,,,,299,14.894670222096007,1.4430138421362209
planned_path,,,,,,,,,,,,300,14.944670222841065,1.493013842881279
planned_path,,,,,,,,,,,,301,14.994670223586123,1.543013843626337
planned_path,,,,,,,,,,,,302,15.044670224331181,1.593013844371395
planned_path,,,,,,,,,,,,303,15.044670224331181,1.643013845116453
planned_path,,,,,,,,,,,,304,15.044670224331181,1.6930138458615112
planned_path,,,,,,,,,,,,305,15.09467022507624,1.7430138466065692
planned_path,,,,,,,,,,,,306,15.09467022507624,1.7930138473516273
planned_path,,,,,,,,,,,,307,15.09467022507624,1.8430138480966853
planned_path,,,,,,,,,,,,308,15.09467022507624,1.8430138480966853
planned_path,,,,,,,,,,,,309,15.09467022507624,1.8930138488417434
planned_path,,,,,,,,,,,,310,15.09467022507624,1.9430138495868015
planned_path,,,,,,,,,,,,311,15.09467022507624,1.9930138503318595
planned_path,,,,,,,,,,,,312,15.09467022507624,2.0430138510769176
planned_path,,,,,,,,,,,,313,15.09467022507624,2.0930138518219756
planned_path,,,,,,,,,,,,314,15.09467022507624,2.1430138525670337
planned_path,,,,,,,,,,,,315,15.09467022507624,2.1930138533120918
planned_path,,,,,,,,,,,,316,15.144670225821297,2.24301385405715
planned_path,,,,,,,,,,,,317,15.144670225821297,2.293013854802208
planned_path,,,,,,,,,,,,318,15.194670226566355,2.343013855547266
planned_path,,,,,,,,,,,,319,15.194670226566355,2.393013856292324
planned_path,,,,,,,,,,,,320,15.194670226566355,2.443013857037382
planned_path,,,,,,,,,,,,321,15.194670226566355,2.49301385778244
planned_path,,,,,,,,,,,,322,15.194670226566355,2.543013858527498
planned_path,,,,,,,,,,,,323,15.194670226566355,2.5930138592725562
planned_path,,,,,,,,,,,,324,15.194670226566355,2.6430138600176143
planned_path,,,,,,,,,,,,325,15.194670226566355,2.6930138607626724
planned_path,,,,,,,,,,,,326,15.194670226566355,2.7430138615077304
planned_path,,,,,,,,,,,,327,15.194670226566355,2.7930138622527885
planned_path,,,,,,,,,,,,328,15.194670226566355,2.8430138629978465
planned_path,,,,,,,,,,,,329,15.194670226566355,2.8930138637429046
planned_path,,,,,,,,,,,,330,15.194670226566355,2.9430138644879626
planned_path,,,,,,,,,,,,331,15.194670226566355,2.9930138652330207
planned_path,,,,,,,,,,,,332,15.194670226566355,3.0430138659780788
planned_path,,,,,,,,,,,,333,15.194670226566355,3.093013866723137
planned_path,,,,,,,,,,,,334,15.194670226566355,3.143013867468195
planned_path,,,,,,,,,,,,335,15.194670226566355,3.193013868213253
planned_path,,,,,,,,,,,,336,15.194670226566355,3.243013868958311
planned_path,,,,,,,,,,,,337,15.244670227311413,3.293013869703369
planned_path,,,,,,,,,,,,338,15.244670227311413,3.343013870448427
planned_path,,,,,,,,,,,,339,15.244670227311413,3.393013871193485
planned_path,,,,,,,,,,,,340,15.244670227311413,3.393013871193485
planned_path,,,,,,,,,,,,341,15.244670227311413,3.4430138719385432
planned_path,,,,,,,,,,,,342,15.244670227311413,3.4930138726836013
planned_path,,,,,,,,,,,,343,15.244670227311413,3.5430138734286594
planned_path,,,,,,,,,,,,344,15.244670227311413,3.5930138741737174
planned_path,,,,,,,,,,,,345,15.244670227311413,3.6430138749187755
planned_path,,,,,,,,,,,,346,15.244670227311413,3.6930138756638335
planned_path,,,,,,,,,,,,347,15.244670227311413,3.7430138764088916
planned_path,,,,,,,,,,,,348,15.244670227311413,3.7930138771539497
planned_path,,,,,,,,,,,,349,15.244670227311413,3.8430138778990077
planned_path,,,,,,,,,,,,350,15.244670227311413,3.893013878644066
planned_path,,,,,,,,,,,,351,15.244670227311413,3.943013879389124
planned_path,,,,,,,,,,,,352,15.244670227311413,3.993013880134182
planned_path,,,,,,,,,,,,353,15.244670227311413,4.04301388087924
planned_path,,,,,,,,,,,,354,15.244670227311413,4.093013881624298
planned_path,,,,,,,,,,,,355,15.244670227311413,4.143013882369356
planned_path,,,,,,,,,,,,356,15.244670227311413,4.193013883114414
planned_path,,,,,,,,,,,,357,15.244670227311413,4.243013883859472
planned_path,,,,,,,,,,,,358,15.244670227311413,4.29301388460453
planned_path,,,,,,,,,,,,359,15.244670227311413,4.343013885349588
planned_path,,,,,,,,,,,,360,15.244670227311413,4.393013886094646
planned_path,,,,,,,,,,,,361,15.244670227311413,4.443013886839704
planned_path,,,,,,,,,,,,362,15.244670227311413,4.4930138875847625
planned_path,,,,,,,,,,,,363,15.244670227311413,4.543013888329821
planned_path,,,,,,,,,,,,364,15.244670227311413,4.593013889074879
planned_path,,,,,,,,,,,,365,15.244670227311413,4.643013889819937
planned_path,,,,,,,,,,,,366,15.244670227311413,4.693013890564995
planned_path,,,,,,,,,,,,367,15.244670227311413,4.743013891310053
planned_path,,,,,,,,,,,,368,15.244670227311413,4.793013892055111
planned_path,,,,,,,,,,,,369,15.244670227311413,4.843013892800169
planned_path,,,,,,,,,,,,370,15.194670226566355,4.893013893545227
planned_path,,,,,,,,,,,,371,15.194670226566355,4.943013894290285
planned_path,,,,,,,,,,,,372,15.194670226566355,4.993013895035343
planned_path,,,,,,,,,,,,373,15.194670226566355,5.043013895780401
planned_path,,,,,,,,,,,,374,15.194670226566355,5.093013896525459
planned_path,,,,,,,,,,,,375,15.194670226566355,5.143013897270517
planned_path,,,,,,,,,,,,376,15.194670226566355,5.193013898015575
planned_path,,,,,,,,,,,,377,15.194670226566355,5.243013898760633
planned_path,,,,,,,,,,,,378,15.194670226566355,5.2930138995056915
planned_path,,,,,,,,,,,,379,15.194670226566355,5.3430139002507495
planned_path,,,,,,,,,,,,380,15.194670226566355,5.393013900995808
planned_path,,,,,,,,,,,,381,15.194670226566355,5.443013901740866
planned_path,,,,,,,,,,,,382,15.194670226566355,5.493013902485924
planned_path,,,,,,,,,,,,383,15.194670226566355,5.543013903230982
planned_path,,,,,,,,,,,,384,15.194670226566355,5.59301390397604
planned_path,,,,,,,,,,,,385,15.194670226566355,5.643013904721098
planned_path,,,,,,,,,,,,386,15.194670226566355,5.693013905466156
planned_path,,,,,,,,,,,,387,15.194670226566355,5.743013906211214
planned_path,,,,,,,,,,,,388,15.194670226566355,5.793013906956272
planned_path,,,,,,,,,,,,389,15.194670226566355,5.84301390770133
planned_path,,,,,,,,,,,,390,15.194670226566355,5.893013908446388
planned_path,,,,,,,,,,,,391,15.194670226566355,5.943013909191446
planned_path,,,,,,,,,,,,392,15.194670226566355,5.993013909936504
planned_path,,,,,,,,,,,,393,15.194670226566355,6.043013910681562
planned_path,,,,,,,,,,,,394,15.194670226566355,6.09301391142662
planned_path,,,,,,,,,,,,395,15.194670226566355,6.1430139121716785
planned_path,,,,,,,,,,,,396,15.194670226566355,6.1930139129167365
planned_path,,,,,,,,,,,,397,15.194670226566355,6.243013913661795
planned_path,,,,,,,,,,,,398,15.194670226566355,6.293013914406853
planned_path,,,,,,,,,,,,399,15.194670226566355,6.343013915151911
planned_path,,,,,,,,,,,,400,15.194670226566355,6.393013915896969
planned_path,,,,,,,,,,,,401,15.194670226566355,6.443013916642027
planned_path,,,,,,,,,,,,402,15.194670226566355,6.493013917387085
planned_path,,,,,,,,,,,,403,15.194670226566355,6.543013918132143
planned_path,,,,,,,,,,,,404,15.194670226566355,6.593013918877201
planned_path,,,,,,,,,,,,405,15.194670226566355,6.643013919622259
planned_path,,,,,,,,,,,,406,15.194670226566355,6.693013920367317
planned_path,,,,,,,,,,,,407,15.194670226566355,6.743013921112375
planned_path,,,,,,,,,,,,408,15.194670226566355,6.793013921857433
planned_path,,,,,,,,,,,,409,15.194670226566355,6.843013922602491
planned_path,,,,,,,,,,,,410,15.194670226566355,6.893013923347549
planned_path,,,,,,,,,,,,411,15.194670226566355,6.943013924092607
planned_path,,,,,,,,,,,,412,15.194670226566355,6.9930139248376655
planned_path,,,,,,,,,,,,413,15.194670226566355,7.0430139255827235
planned_path,,,,,,,,,,,,414,15.194670226566355,7.093013926327782
planned_path,,,,,,,,,,,,415,15.194670226566355,7.14301392707284
planned_path,,,,,,,,,,,,416,15.194670226566355,7.193013927817898
planned_path,,,,,,,,,,,,417,15.194670226566355,7.243013928562956
planned_path,,,,,,,,,,,,418,15.194670226566355,7.293013929308014
planned_path,,,,,,,,,,,,419,15.194670226566355,7.343013930053072
planned_path,,,,,,,,,,,,420,15.194670226566355,7.39301393079813
planned_path,,,,,,,,,,,,421,15.194670226566355,7.443013931543188
planned_path,,,,,,,,,,,,422,15.194670226566355,7.493013932288246
planned_path,,,,,,,,,,,,423,15.194670226566355,7.543013933033304
planned_path,,,,,,,,,,,,424,15.194670226566355,7.593013933778362
planned_path,,,,,,,,,,,,425,15.194670226566355,7.64301393452342
planned_path,,,,,,,,,,,,426,15.194670226566355,7.693013935268478
planned_path,,,,,,,,,,,,427,15.194670226566355,7.743013936013536
planned_path,,,,,,,,,,,,428,15.194670226566355,7.793013936758594
planned_path,,,,,,,,,,,,429,15.194670226566355,7.8430139375036525
planned_path,,,,,,,,,,,,430,15.194670226566355,7.893013938248711
planned_path,,,,,,,,,,,,431,15.194670226566355,7.943013938993769
planned_path,,,,,,,,,,,,432,15.194670226566355,7.993013939738827
planned_path,,,,,,,,,,,,433,15.194670226566355,8.043013940483885
planned_path,,,,,,,,,,,,434,15.194670226566355,8.093013941228943
planned_path,,,,,,,,,,,,435,15.194670226566355,8.143013941974
planned_path,,,,,,,,,,,,436,15.194670226566355,8.193013942719059
planned_path,,,,,,,,,,,,437,15.194670226566355,8.243013943464117
planned_path,,,,,,,,,,,,438,15.194670226566355,8.293013944209175
planned_path,,,,,,,,,,,,439,15.194670226566355,8.343013944954233
planned_path,,,,,,,,,,,,440,15.194670226566355,8.393013945699291
planned_path,,,,,,,,,,,,441,15.194670226566355,8.44301394644435
planned_path,,,,,,,,,,,,442,15.194670226566355,8.493013947189407
planned_path,,,,,,,,,,,,443,15.194670226566355,8.543013947934465
planned_path,,,,,,,,,,,,444,15.194670226566355,8.593013948679523
planned_path,,,,,,,,,,,,445,15.194670226566355,8.643013949424581
planned_path,,,,,,,,,,,,446,15.194670226566355,8.69301395016964
planned_path,,,,,,,,,,,,447,15.194670226566355,8.743013950914698
planned_path,,,,,,,,,,,,448,15.194670226566355,8.793013951659756
planned_path,,,,,,,,,,,,449,15.194670226566355,8.843013952404814
planned_path,,,,,,,,,,,,450,15.194670226566355,8.893013953149872
planned_path,,,,,,,,,,,,451,15.194670226566355,8.94301395389493
planned_path,,,,,,,,,,,,452,15.194670226566355,8.993013954639988
planned_path,,,,,,,,,,,,453,15.244670227311413,9.043013955385046
planned_path,,,,,,,,,,,,454,15.244670227311413,9.093013956130104
planned_path,,,,,,,,,,,,455,15.244670227311413,9.143013956875162
planned_path,,,,,,,,,,,,456,15.244670227311413,9.19301395762022
planned_path,,,,,,,,,,,,457,15.244670227311413,9.243013958365278
planned_path,,,,,,,,,,,,458,15.244670227311413,9.293013959110336
planned_path,,,,,,,,,,,,459,15.294670228056471,9.343013959855394
planned_path,,,,,,,,,,,,460,15.294670228056471,9.393013960600452
planned_path,,,,,,,,,,,,461,15.294670228056471,9.44301396134551
planned_path,,,,,,,,,,,,462,15.294670228056471,9.493013962090568
planned_path,,,,,,,,,,,,463,15.294670228056471,9.543013962835627
planned_path,,,,,,,,,,,,464,15.294670228056471,9.593013963580685
planned_path,,,,,,,,,,,,465,15.34467022880153,9.643013964325743
planned_path,,,,,,,,,,,,466,15.34467022880153,9.6930139650708
planned_path,,,,,,,,,,,,467,15.34467022880153,9.743013965815859
planned_path,,,,,,,,,,,,468,15.444670230291646,11.993013999343471
planned_path,,,,,,,,,,,,469,15.394670229546588,11.993013999343471
planned_path,,,,,,,,,,,,470,15.394670229546588,12.04301400008853
planned_path,,,,,,,,,,,,471,15.394670229546588,12.093014000833588
planned_path,,,,,,,,,,,,472,15.394670229546588,12.143014001578646
planned_path,,,,,,,,,,,,473,15.394670229546588,12.193014002323704
planned_path,,,,,,,,,,,,474,15.394670229546588,12.243014003068762
planned_path,,,,,,,,,,,,475,15.394670229546588,12.29301400381382
planned_path,,,,,,,,,,,,476,15.394670229546588,12.343014004558878
planned_path,,,,,,,,,,,,477,15.394670229546588,12.393014005303936
planned_path,,,,,,,,,,,,478,15.34467022880153,12.443014006048994
planned_path,,,,,,,,,,,,479,15.34467022880153,12.493014006794052
planned_path,,,,,,,,,,,,480,15.294670228056471,12.54301400753911
planned_path,,,,,,,,,,,,481,15.294670228056471,12.593014008284168
planned_path,,,,,,,,,,,,482,15.244670227311413,12.643014009029226
planned_path,,,,,,,,,,,,483,15.244670227311413,12.693014009774284
planned_path,,,,,,,,,,,,484,15.194670226566355,12.743014010519342
planned_path,,,,,,,,,,,,485,15.194670226566355,12.7930140112644
planned_path,,,,,,,,,,,,486,15.194670226566355,12.7930140112644
planned_path,,,,,,,,,,,,487,15.144670225821297,12.843014012009458
planned_path,,,,,,,,,,,,488,15.09467022507624,12.893014012754517
planned_path,,,,,,,,,,,,489,15.044670224331181,12.943014013499575
planned_path,,,,,,,,,,,,490,14.994670223586123,12.993014014244633
planned_path,,,,,,,,,,,,491,14.944670222841065,13.04301401498969
planned_path,,,,,,,,,,,,492,14.894670222096007,13.093014015734749
planned_path,,,,,,,,,,,,493,14.844670221350949,13.143014016479807
planned_path,,,,,,,,,,,,494,14.79467022060589,13.193014017224865
planned_path,,,,,,,,,,,,495,14.744670219860833,13.243014017969923
planned_path,,,,,,,,,,,,496,14.694670219115775,13.243014017969923
planned_path,,,,,,,,,,,,497,14.644670218370717,13.243014017969923
planned_path,,,,,,,,,,,,498,14.644670218370717,13.243014017969923
planned_path,,,,,,,,,,,,499,14.594670217625659,13.243014017969923
planned_path,,,,,,,,,,,,500,14.5446702168806,13.243014017969923
planned_path,,,,,,,,,,,,501,14.494670216135543,13.243014017969923
planned_path,,,,,,,,,,,,502,14.444670215390484,13.243014017969923
planned_path,,,,,,,,,,,,503,14.394670214645426,13.243014017969923
planned_path,,,,,,,,,,,,504,14.344670213900368,13.243014017969923
planned_path,,,,,,,,,,,,505,14.29467021315531,13.243014017969923
planned_path,,,,,,,,,,,,506,14.244670212410252,13.243014017969923
planned_path,,,,,,,,,,,,507,14.194670211665194,13.243014017969923
planned_path,,,,,,,,,,,,508,14.144670210920136,13.243014017969923
planned_path,,,,,,,,,,,,509,14.094670210175078,13.243014017969923
planned_path,,,,,,,,,,,,510,14.04467020943002,13.293014018714981
planned_path,,,,,,,,,,,,511,13.994670208684962,13.343014019460039
planned_path,,,,,,,,,,,,512,13.944670207939904,13.393014020205097
planned_path,,,,,,,,,,,,513,13.894670207194846,13.393014020205097
planned_path,,,,,,,,,,,,514,13.844670206449788,13.393014020205097
planned_path,,,,,,,,,,,,515,13.79467020570473,13.393014020205097
planned_path,,,,,,,,,,,,516,13.744670204959672,13.393014020205097
planned_path,,,,,,,,,,,,517,13.694670204214614,13.393014020205097
planned_path,,,,,,,,,,,,518,13.644670203469556,13.393014020205097
planned_path,,,,,,,,,,,,519,13.594670202724497,13.393014020205097
planned_path,,,,,,,,,,,,520,13.54467020197944,13.393014020205097
planned_path,,,,,,,,,,,,521,13.494670201234381,13.393014020205097
planned_path,,,,,,,,,,,,522,13.444670200489323,13.393014020205097
planned_path,,,,,,,,,,,,523,13.394670199744265,13.393014020205097
planned_path,,,,,,,,,,,,524,13.344670198999207,13.393014020205097
planned_path,,,,,,,,,,,,525,13.294670198254149,13.393014020205097
planned_path,,,,,,,,,,,,526,13.244670197509091,13.393014020205097
planned_path,,,,,,,,,,,,527,13.244670197509091,13.393014020205097
planned_path,,,,,,,,,,,,528,13.194670196764033,13.393014020205097
planned_path,,,,,,,,,,,,529,13.144670196018975,13.393014020205097
planned_path,,,,,,,,,,,,530,13.094670195273917,13.393014020205097
planned_path,,,,,,,,,,,,531,13.044670194528859,13.393014020205097
planned_path,,,,,,,,,,,,532,12.9946701937838,13.393014020205097
planned_path,,,,,,,,,,,,533,12.944670193038743,13.393014020205097
planned_path,,,,,,,,,,,,534,12.894670192293685,13.393014020205097
planned_path,,,,,,,,,,,,535,12.844670191548627,13.393014020205097
planned_path,,,,,,,,,,,,536,12.794670190803568,13.393014020205097
planned_path,,,,,,,,,,,,537,12.74467019005851,13.393014020205097
planned_path,,,,,,,,,,,,538,12.694670189313452,13.393014020205097
planned_path,,,,,,,,,,,,539,12.644670188568394,13.393014020205097
planned_path,,,,,,,,,,,,540,12.594670187823336,13.393014020205097
planned_path,,,,,,,,,,,,541,12.544670187078278,13.393014020205097
planned_path,,,,,,,,,,,,542,12.49467018633322,13.393014020205097
planned_path,,,,,,,,,,,,543,12.444670185588162,13.393014020205097
planned_path,,,,,,,,,,,,544,12.394670184843104,13.393014020205097
planned_path,,,,,,,,,,,,545,12.344670184098046,13.393014020205097
planned_path,,,,,,,,,,,,546,12.294670183352988,13.393014020205097
planned_path,,,,,,,,,,,,547,12.24467018260793,13.393014020205097
planned_path,,,,,,,,,,,,548,12.194670181862872,13.393014020205097
planned_path,,,,,,,,,,,,549,12.144670181117814,13.393014020205097
planned_path,,,,,,,,,,,,550,12.094670180372756,13.393014020205097
planned_path,,,,,,,,,,,,551,12.044670179627698,13.393014020205097
planned_path,,,,,,,,,,,,552,11.99467017888264,13.393014020205097
planned_path,,,,,,,,,,,,553,11.944670178137581,13.393014020205097
planned_path,,,,,,,,,,,,554,11.894670177392523,13.393014020205097
planned_path,,,,,,,,,,,,555,11.844670176647465,13.393014020205097
planned_path,,,,,,,,,,,,556,11.794670175902407,13.393014020205097
planned_path,,,,,,,,,,,,557,11.74467017515735,13.393014020205097
planned_path,,,,,,,,,,,,558,11.694670174412291,13.393014020205097
planned_path,,,,,,,,,,,,559,11.644670173667233,13.393014020205097
planned_path,,,,,,,,,,,,560,11.594670172922175,13.393014020205097
planned_path,,,,,,,,,,,,561,11.544670172177117,13.393014020205097
planned_path,,,,,,,,,,,,562,11.494670171432059,13.393014020205097
planned_path,,,,,,,,,,,,563,11.444670170687,13.393014020205097
planned_path,,,,,,,,,,,,564,11.394670169941943,13.393014020205097
planned_path,,,,,,,,,,,,565,11.344670169196885,13.393014020205097
planned_path,,,,,,,,,,,,566,11.294670168451827,13.393014020205097
planned_path,,,,,,,,,,,,567,11.244670167706769,13.393014020205097
planned_path,,,,,,,,,,,,568,11.19467016696171,13.393014020205097
planned_path,,,,,,,,,,,,569,11.144670166216653,13.393014020205097
planned_path,,,,,,,,,,,,570,11.094670165471594,13.393014020205097
planned_path,,,,,,,,,,,,571,11.044670164726536,13.393014020205097
planned_path,,,,,,,,,,,,572,10.994670163981478,13.393014020205097
planned_path,,,,,,,,,,,,573,10.94467016323642,13.393014020205097
planned_path,,,,,,,,,,,,574,10.894670162491362,13.393014020205097
planned_path,,,,,,,,,,,,575,10.844670161746304,13.393014020205097
planned_path,,,,,,,,,,,,576,10.794670161001246,13.393014020205097
planned_path,,,,,,,,,,,,577,10.744670160256188,13.393014020205097
planned_path,,,,,,,,,,,,578,10.69467015951113,13.393014020205097
planned_path,,,,,,,,,,,,579,10.644670158766072,13.393014020205097
planned_path,,,,,,,,,,,,580,10.594670158021014,13.393014020205097
planned_path,,,,,,,,,,,,581,10.544670157275956,13.393014020205097
planned_path,,,,,,,,,,,,582,10.494670156530898,13.393014020205097
planned_path,,,,,,,,,,,,583,10.44467015578584,13.393014020205097
planned_path,,,,,,,,,,,,584,10.394670155040782,13.393014020205097
planned_path,,,,,,,,,,,,585,10.344670154295724,13.393014020205097
planned_path,,,,,,,,,,,,586,10.294670153550666,13.393014020205097
planned_path,,,,,,,,,,,,587,10.244670152805607,13.393014020205097
planned_path,,,,,,,,,,,,588,10.19467015206055,13.393014020205097
planned_path,,,,,,,,,,,,589,10.144670151315491,13.393014020205097
planned_path,,,,,,,,,,,,590,10.094670150570433,13.393014020205097
planned_path,,,,,,,,,,,,591,10.044670149825375,13.393014020205097
planned_path,,,,,,,,,,,,592,9.994670149080317,13.393014020205097
planned_path,,,,,,,,,,,,593,9.944670148335259,13.393014020205097
planned_path,,,,,,,,,,,,594,9.894670147590201,13.393014020205097
planned_path,,,,,,,,,,,,595,9.844670146845143,13.393014020205097
planned_path,,,,,,,,,,,,596,9.794670146100085,13.393014020205097
planned_path,,,,,,,,,,,,597,9.744670145355027,13.393014020205097
planned_path,,,,,,,,,,,,598,9.694670144609969,13.393014020205097
planned_path,,,,,,,,,,,,599,9.64467014386491,13.393014020205097
planned_path,,,,,,,,,,,,600,9.594670143119853,13.393014020205097
planned_path,,,,,,,,,,,,601,9.544670142374795,13.393014020205097
planned_path,,,,,,,,,,,,602,9.494670141629737,13.393014020205097
planned_path,,,,,,,,,,,,603,9.444670140884678,13.393014020205097
planned_path,,,,,,,,,,,,604,9.39467014013962,13.393014020205097
planned_path,,,,,,,,,,,,605,9.344670139394562,13.393014020205097
planned_path,,,,,,,,,,,,606,9.294670138649504,13.393014020205097
planned_path,,,,,,,,,,,,607,9.244670137904446,13.393014020205097
planned_path,,,,,,,,,,,,608,9.194670137159388,13.393014020205097
planned_path,,,,,,,,,,,,609,9.14467013641433,13.393014020205097
planned_path,,,,,,,,,,,,610,9.094670135669272,13.393014020205097
planned_path,,,,,,,,,,,,611,9.044670134924214,13.393014020205097
planned_path,,,,,,,,,,,,612,8.994670134179156,13.393014020205097
planned_path,,,,,,,,,,,,613,8.944670133434098,13.393014020205097
planned_path,,,,,,,,,,,,614,8.89467013268904,13.393014020205097
planned_path,,,,,,,,,,,,615,8.844670131943982,13.393014020205097
planned_path,,,,,,,,,,,,616,8.794670131198924,13.393014020205097
planned_path,,,,,,,,,,,,617,8.744670130453866,13.393014020205097
planned_path,,,,,,,,,,,,618,8.694670129708808,13.393014020205097
planned_path,,,,,,,,,,,,619,8.64467012896375,13.393014020205097
planned_path,,,,,,,,,,,,620,8.594670128218691,13.393014020205097
planned_path,,,,,,,,,,,,621,8.544670127473633,13.393014020205097
planned_path,,,,,,,,,,,,622,8.494670126728575,13.393014020205097
planned_path,,,,,,,,,,,,623,8.444670125983517,13.393014020205097
planned_path,,,,,,,,,,,,624,8.39467012523846,13.393014020205097
planned_path,,,,,,,,,,,,625,8.344670124493401,13.393014020205097
planned_path,,,,,,,,,,,,626,8.294670123748343,13.393014020205097
planned_path,,,,,,,,,,,,627,8.244670123003285,13.393014020205097
planned_path,,,,,,,,,,,,628,8.194670122258227,13.393014020205097
planned_path,,,,,,,,,,,,629,8.144670121513169,13.393014020205097
planned_path,,,,,,,,,,,,630,8.09467012076811,13.393014020205097
planned_path,,,,,,,,,,,,631,8.044670120023053,13.393014020205097
planned_path,,,,,,,,,,,,632,7.994670119277996,13.393014020205097
planned_path,,,,,,,,,,,,633,7.944670118532938,13.393014020205097
planned_path,,,,,,,,,,,,634,7.8946701177878795,13.393014020205097
planned_path,,,,,,,,,,,,635,7.8446701170428215,13.393014020205097
planned_path,,,,,,,,,,,,636,7.794670116297763,13.393014020205097
planned_path,,,,,,,,,,,,637,7.744670115552705,13.393014020205097
planned_path,,,,,,,,,,,,638,7.694670114807647,13.393014020205097
planned_path,,,,,,,,,,,,639,7.644670114062589,13.393014020205097
planned_path,,,,,,,,,,,,640,7.594670113317531,13.393014020205097
planned_path,,,,,,,,,,,,641,7.544670112572473,13.393014020205097
planned_path,,,,,,,,,,,,642,7.494670111827415,13.393014020205097
planned_path,,,,,,,,,,,,643,7.444670111082357,13.393014020205097
planned_path,,,,,,,,,,,,644,7.394670110337299,13.393014020205097
planned_path,,,,,,,,,,,,645,7.344670109592241,13.393014020205097
planned_path,,,,,,,,,,,,646,7.294670108847183,13.393014020205097
planned_path,,,,,,,,,,,,647,7.244670108102125,13.393014020205097
planned_path,,,,,,,,,,,,648,7.194670107357067,13.393014020205097
planned_path,,,,,,,,,,,,649,7.144670106612009,13.393014020205097
planned_path,,,,,,,,,,,,650,7.094670105866951,13.393014020205097
planned_path,,,,,,,,,,,,651,7.0446701051218925,13.393014020205097
planned_path,,,,,,,,,,,,652,6.9946701043768345,13.393014020205097
planned_path,,,,,,,,,,,,653,6.944670103631776,13.393014020205097
planned_path,,,,,,,,,,,,654,6.894670102886718,13.393014020205097
planned_path,,,,,,,,,,,,655,6.84467010214166,13.393014020205097
planned_path,,,,,,,,,,,,656,6.794670101396602,13.393014020205097
planned_path,,,,,,,,,,,,657,6.744670100651544,13.393014020205097
planned_path,,,,,,,,,,,,658,6.694670099906486,13.393014020205097
planned_path,,,,,,,,,,,,659,6.644670099161428,13.393014020205097
planned_path,,,,,,,,,,,,660,6.59467009841637,13.393014020205097
planned_path,,,,,,,,,,,,661,6.544670097671312,13.393014020205097
planned_path,,,,,,,,,,,,662,6.494670096926254,13.393014020205097
planned_path,,,,,,,,,,,,663,6.444670096181196,13.393014020205097
planned_path,,,,,,,,,,,,664,6.394670095436138,13.393014020205097
planned_path,,,,,,,,,,,,665,6.34467009469108,13.393014020205097
planned_path,,,,,,,,,,,,666,6.294670093946022,13.393014020205097
planned_path,,,,,,,,,,,,667,6.244670093200964,13.393014020205097
planned_path,,,,,,,,,,,,668,6.1946700924559055,13.393014020205097
planned_path,,,,,,,,,,,,669,6.144670091710847,13.393014020205097
planned_path,,,,,,,,,,,,670,6.094670090965789,13.393014020205097
planned_path,,,,,,,,,,,,671,6.044670090220731,13.393014020205097
planned_path,,,,,,,,,,,,672,5.994670089475673,13.393014020205097
planned_path,,,,,,,,,,,,673,5.944670088730615,13.393014020205097
planned_path,,,,,,,,,,,,674,5.894670087985557,13.393014020205097
planned_path,,,,,,,,,,,,675,5.844670087240499,13.393014020205097
planned_path,,,,,,,,,,,,676,5.794670086495441,13.393014020205097
planned_path,,,,,,,,,,,,677,5.744670085750383,13.393014020205097
planned_path,,,,,,,,,,,,678,5.694670085005325,13.393014020205097
planned_path,,,,,,,,,,,,679,5.644670084260267,13.393014020205097
planned_path,,,,,,,,,,,,680,5.594670083515209,13.393014020205097
planned_path,,,,,,,,,,,,681,5.544670082770151,13.393014020205097
planned_path,,,,,,,,,,,,682,5.494670082025093,13.393014020205097
planned_path,,,,,,,,,,,,683,5.444670081280035,13.393014020205097
planned_path,,,,,,,,,,,,684,5.3946700805349765,13.393014020205097
planned_path,,,,,,,,,,,,685,5.3446700797899185,13.393014020205097
planned_path,,,,,,,,,,,,686,5.29467007904486,13.393014020205097
planned_path,,,,,,,,,,,,687,5.244670078299802,13.393014020205097
planned_path,,,,,,,,,,,,688,5.194670077554744,13.393014020205097
planned_path,,,,,,,,,,,,689,5.144670076809686,13.393014020205097
planned_path,,,,,,,,,,,,690,5.094670076064628,13.393014020205097
planned_path,,,,,,,,,,,,691,5.04467007531957,13.393014020205097
planned_path,,,,,,,,,,,,692,4.994670074574512,13.393014020205097
planned_path,,,,,,,,,,,,693,4.944670073829454,13.393014020205097
planned_path,,,,,,,,,,,,694,4.894670073084396,13.393014020205097
planned_path,,,,,,,,,,,,695,4.844670072339338,13.393014020205097
planned_path,,,,,,,,,,,,696,4.79467007159428,13.393014020205097
planned_path,,,,,,,,,,,,697,4.744670070849222,13.393014020205097
planned_path,,,,,,,,,,,,698,4.694670070104164,13.393014020205097
planned_path,,,,,,,,,,,,699,4.644670069359106,13.393014020205097
planned_path,,,,,,,,,,,,700,4.594670068614048,13.393014020205097
planned_path,,,,,,,,,,,,701,4.5446700678689895,13.393014020205097
planned_path,,,,,,,,,,,,702,4.4946700671239315,13.393014020205097
planned_path,,,,,,,,,,,,703,4.444670066378873,13.393014020205097
planned_path,,,,,,,,,,,,704,4.394670065633815,13.393014020205097
planned_path,,,,,,,,,,,,705,4.344670064888757,13.393014020205097
planned_path,,,,,,,,,,,,706,4.294670064143699,13.393014020205097
planned_path,,,,,,,,,,,,707,4.244670063398641,13.393014020205097
planned_path,,,,,,,,,,,,708,4.194670062653583,13.393014020205097
planned_path,,,,,,,,,,,,709,4.144670061908525,13.393014020205097
planned_path,,,,,,,,,,,,710,4.094670061163467,13.393014020205097
planned_path,,,,,,,,,,,,711,4.044670060418409,13.393014020205097
planned_path,,,,,,,,,,,,712,3.994670059673351,13.393014020205097
planned_path,,,,,,,,,,,,713,3.944670058928293,13.393014020205097
planned_path,,,,,,,,,,,,714,3.8946700581832348,13.393014020205097
planned_path,,,,,,,,,,,,715,3.8446700574381767,13.393014020205097
planned_path,,,,,,,,,,,,716,3.7946700566931186,13.393014020205097
planned_path,,,,,,,,,,,,717,3.7446700559480606,13.393014020205097
planned_path,,,,,,,,,,,,718,3.6946700552030025,13.393014020205097
planned_path,,,,,,,,,,,,719,3.6446700544579445,13.393014020205097
planned_path,,,,,,,,,,,,720,3.5946700537128864,13.393014020205097
planned_path,,,,,,,,,,,,721,3.5446700529678283,13.393014020205097
planned_path,,,,,,,,,,,,722,3.4946700522227703,13.393014020205097
planned_path,,,,,,,,,,,,723,3.444670051477712,13.393014020205097
planned_path,,,,,,,,,,,,724,3.394670050732654,13.393014020205097
planned_path,,,,,,,,,,,,725,3.344670049987596,13.393014020205097
planned_path,,,,,,,,,,,,726,3.294670049242538,13.393014020205097
planned_path,,,,,,,,,,,,727,3.24467004849748,13.393014020205097
planned_path,,,,,,,,,,,,728,3.194670047752422,13.393014020205097
planned_path,,,,,,,,,,,,729,3.144670047007364,13.393014020205097
planned_path,,,,,,,,,,,,730,3.094670046262306,13.393014020205097
planned_path,,,,,,,,,,,,731,3.0446700455172477,13.393014020205097
planned_path,,,,,,,,,,,,732,2.9946700447721897,13.393014020205097
planned_path,,,,,,,,,,,,733,2.9446700440271316,13.393014020205097
planned_path,,,,,,,,,,,,734,2.8946700432820736,13.393014020205097
planned_path,,,,,,,,,,,,735,2.8446700425370155,13.393014020205097
planned_path,,,,,,,,,,,,736,2.7946700417919574,13.393014020205097
planned_path,,,,,,,,,,,,737,2.7446700410468994,13.393014020205097
planned_path,,,,,,,,,,,,738,2.6946700403018413,13.393014020205097
planned_path,,,,,,,,,,,,739,2.6446700395567833,13.393014020205097
planned_path,,,,,,,,,,,,740,2.594670038811725,13.393014020205097
planned_path,,,,,,,,,,,,741,2.544670038066667,13.393014020205097
planned_path,,,,,,,,,,,,742,2.494670037321609,13.393014020205097
planned_path,,,,,,,,,,,,743,2.444670036576551,13.393014020205097
planned_path,,,,,,,,,,,,744,2.394670035831493,13.393014020205097
planned_path,,,,,,,,,,,,745,2.344670035086435,13.393014020205097
planned_path,,,,,,,,,,,,746,2.294670034341377,13.393014020205097
planned_path,,,,,,,,,,,,747,2.244670033596319,13.393014020205097
planned_path,,,,,,,,,,,,748,2.1946700328512607,13.393014020205097
planned_path,,,,,,,,,,,,749,2.1446700321062027,13.393014020205097
planned_path,,,,,,,,,,,,750,2.0946700313611446,13.393014020205097
planned_path,,,,,,,,,,,,751,2.0446700306160865,13.393014020205097
planned_path,,,,,,,,,,,,752,1.9946700298710285,13.393014020205097
planned_path,,,,,,,,,,,,753,1.9446700291259704,13.393014020205097
planned_path,,,,,,,,,,,,754,1.8946700283809124,13.393014020205097
planned_path,,,,,,,,,,,,755,1.8446700276358543,13.393014020205097
planned_path,,,,,,,,,,,,756,1.7946700268907962,13.393014020205097
planned_path,,,,,,,,,,,,757,1.7446700261457382,13.393014020205097
planned_path,,,,,,,,,,,,758,1.6946700254006801,13.393014020205097
planned_path,,,,,,,,,,,,759,1.644670024655622,13.393014020205097
planned_path,,,,,,,,,,,,760,1.594670023910564,13.393014020205097
planned_path,,,,,,,,,,,,761,1.544670023165506,13.393014020205097
planned_path,,,,,,,,,,,,762,1.4946700224204479,13.393014020205097
planned_path,,,,,,,,,,,,763,1.4446700216753898,13.393014020205097
planned_path,,,,,,,,,,,,764,1.3946700209303318,13.393014020205097
planned_path,,,,,,,,,,,,765,1.3446700201852737,13.393014020205097
planned_path,,,,,,,,,,,,766,1.2946700194402156,13.393014020205097
planned_path,,,,,,,,,,,,767,1.2446700186951576,13.393014020205097
planned_path,,,,,,,,,,,,768,1.1946700179500995,13.393014020205097
planned_path,,,,,,,,,,,,769,1.1446700172050415,13.393014020205097
planned_path,,,,,,,,,,,,770,1.0946700164599834,13.393014020205097
planned_path,,,,,,,,,,,,771,1.0446700157149253,13.393014020205097
planned_path,,,,,,,,,,,,772,0.9946700149698673,13.393014020205097
planned_path,,,,,,,,,,,,773,0.9446700142248092,13.393014020205097
planned_path,,,,,,,,,,,,774,0.8946700134797512,13.393014020205097
planned_path,,,,,,,,,,,,775,0.8446700127346931,13.393014020205097
planned_path,,,,,,,,,,,,776,0.794670011989635,13.393014020205097
planned_path,,,,,,,,,,,,777,0.744670011244577,13.393014020205097
planned_path,,,,,,,,,,,,778,0.6946700104995189,13.393014020205097
planned_path,,,,,,,,,,,,779,0.6446700097544609,13.393014020205097
planned_path,,,,,,,,,,,,780,0.5946700090094028,13.393014020205097
planned_path,,,,,,,,,,,,781,0.5446700082643448,13.393014020205097
planned_path,,,,,,,,,,,,782,0.4946700075192867,13.443014020950155
planned_path,,,,,,,,,,,,783,0.44467000677422863,13.443014020950155
planned_path,,,,,,,,,,,,784,0.3946700060291706,13.443014020950155
planned_path,,,,,,,,,,,,785,0.3446700052841125,13.443014020950155
planned_path,,,,,,,,,,,,786,0.29467000453905445,13.443014020950155
planned_path,,,,,,,,,,,,787,0.2446700037939964,13.443014020950155
planned_path,,,,,,,,,,,,788,0.19467000304893833,13.493014021695213
planned_path,,,,,,,,,,,,789,0.14467000230388027,13.493014021695213
planned_path,,,,,,,,,,,,790,0.09467000155882221,13.493014021695213
planned_path,,,,,,,,,,,,791,0.044670000813764155,13.493014021695213
planned_path,,,,,,,,,,,,792,-0.005329999931293905,13.493014021695213
planned_path,,,,,,,,,,,,793,-0.055330000676351965,13.493014021695213
planned_path,,,,,,,,,,,,794,-0.10533000142141002,13.543014022440271
planned_path,,,,,,,,,,,,795,-0.15533000216646808,13.543014022440271
planned_path,,,,,,,,,,,,796,-0.20533000291152614,13.543014022440271
planned_path,,,,,,,,,,,,797,-0.20533000291152614,13.543014022440271
planned_path,,,,,,,,,,,,798,-0.2553300036565842,13.543014022440271
planned_path,,,,,,,,,,,,799,-0.30533000440164226,13.543014022440271
planned_path,,,,,,,,,,,,800,-0.3553300051467003,13.543014022440271
planned_path,,,,,,,,,,,,801,-0.4053300058917584,13.543014022440271
planned_path,,,,,,,,,,,,802,-0.45533000663681644,13.543014022440271
planned_path,,,,,,,,,,,,803,-0.5053300073818745,13.543014022440271
planned_path,,,,,,,,,,,,804,-0.5553300081269326,13.543014022440271
planned_path,,,,,,,,,,,,805,-0.6053300088719906,13.543014022440271
planned_path,,,,,,,,,,,,806,-0.6553300096170487,13.543014022440271
planned_path,,,,,,,,,,,,807,-0.7053300103621067,13.493014021695213
planned_path,,,,,,,,,,,,808,-0.7553300111071648,13.493014021695213
planned_path,,,,,,,,,,,,809,-0.8053300118522229,13.443014020950155
planned_path,,,,,,,,,,,,810,-0.8553300125972809,13.443014020950155
planned_path,,,,,,,,,,,,811,-0.8553300125972809,13.443014020950155
planned_path,,,,,,,,,,,,812,-0.905330013342339,13.393014020205097
planned_path,,,,,,,,,,,,813,-0.955330014087397,13.343014019460039
planned_path,,,,,,,,,,,,814,-1.005330014832455,13.293014018714981
planned_path,,,,,,,,,,,,815,-1.0553300155775132,13.293014018714981
planned_path,,,,,,,,,,,,816,-1.1053300163225712,13.293014018714981
planned_path,,,,,,,,,,,,817,-1.1553300170676293,13.293014018714981
planned_path,,,,,,,,,,,,818,-1.2053300178126873,13.243014017969923
planned_path,,,,,,,,,,,,819,-1.2553300185577454,13.193014017224865
planned_path,,,,,,,,,,,,820,-1.3053300193028035,13.193014017224865
planned_path,,,,,,,,,,,,821,-1.3553300200478615,13.143014016479807
planned_path,,,,,,,,,,,,822,-1.4053300207929196,13.143014016479807
planned_path,,,,,,,,,,,,823,-1.4053300207929196,13.143014016479807
planned_path,,,,,,,,,,,,824,-1.4053300207929196,13.093014015734749
planned_path,,,,,,,,,,,,825,-1.4053300207929196,13.04301401498969
planned_path,,,,,,,,,,,,826,-1.4053300207929196,12.993014014244633
planned_path,,,,,,,,,,,,827,-1.4053300207929196,12.943014013499575
planned_path,,,,,,,,,,,,828,-1.4053300207929196,12.893014012754517
planned_path,,,,,,,,,,,,829,-1.4053300207929196,12.843014012009458
planned_path,,,,,,,,,,,,830,-1.4053300207929196,12.7930140112644
planned_path,,,,,,,,,,,,831,-1.4053300207929196,12.743014010519342
planned_path,,,,,,,,,,,,832,-1.4053300207929196,12.693014009774284
planned_path,,,,,,,,,,,,833,-1.4053300207929196,12.643014009029226
planned_path,,,,,,,,,,,,834,-1.4053300207929196,12.593014008284168
planned_path,,,,,,,,,,,,835,-1.4053300207929196,12.54301400753911
planned_path,,,,,,,,,,,,836,-1.4053300207929196,12.493014006794052
planned_path,,,,,,,,,,,,837,-1.4053300207929196,12.443014006048994
planned_path,,,,,,,,,,,,838,-1.4053300207929196,12.393014005303936
planned_path,,,,,,,,,,,,839,-1.4053300207929196,12.343014004558878
planned_path,,,,,,,,,,,,840,-1.4053300207929196,12.29301400381382
planned_path,,,,,,,,,,,,841,-1.4053300207929196,12.243014003068762
planned_path,,,,,,,,,,,,842,-1.4053300207929196,12.193014002323704
planned_path,,,,,,,,,,,,843,-1.4053300207929196,12.143014001578646
planned_path,,,,,,,,,,,,844,-1.4053300207929196,12.093014000833588
planned_path,,,,,,,,,,,,845,-1.4053300207929196,12.04301400008853
planned_path,,,,,,,,,,,,846,-1.4053300207929196,11.993013999343471
planned_path,,,,,,,,,,,,847,-1.4053300207929196,11.943013998598413
planned_path,,,,,,,,,,,,848,-1.4553300215379776,11.893013997853355
planned_path,,,,,,,,,,,,849,-1.4553300215379776,11.843013997108297
planned_path,,,,,,,,,,,,850,-1.4553300215379776,11.79301399636324
planned_path,,,,,,,,,,,,851,-1.4553300215379776,11.743013995618181
planned_path,,,,,,,,,,,,852,-1.4553300215379776,11.693013994873123
planned_path,,,,,,,,,,,,853,-1.4553300215379776,11.643013994128065
planned_path,,,,,,,,,,,,854,-1.5053300222830357,11.593013993383007
planned_path,,,,,,,,,,,,855,-1.5053300222830357,11.543013992637949
planned_path,,,,,,,,,,,,856,-1.5053300222830357,11.49301399189289
planned_path,,,,,,,,,,,,857,-1.5053300222830357,11.49301399189289
planned_path,,,,,,,,,,,,858,-1.5053300222830357,11.443013991147833
planned_path,,,,,,,,,,,,859,-1.5053300222830357,11.393013990402775
planned_path,,,,,,,,,,,,860,-1.5053300222830357,11.343013989657717
planned_path,,,,,,,,,,,,861,-1.5553300230280938,11.293013988912659
planned_path,,,,,,,,,,,,862,-1.5553300230280938,11.2430139881676
planned_path,,,,,,,,,,,,863,-1.5553300230280938,11.193013987422542
planned_path,,,,,,,,,,,,864,-1.5553300230280938,11.143013986677484
planned_path,,,,,,,,,,,,865,-1.5553300230280938,11.093013985932426
planned_path,,,,,,,,,,,,866,-1.5553300230280938,11.043013985187368
planned_path,,,,,,,,,,,,867,-1.5553300230280938,10.99301398444231
planned_path,,,,,,,,,,,,868,-1.5553300230280938,10.943013983697252
planned_path,,,,,,,,,,,,869,-1.5553300230280938,10.893013982952194
planned_path,,,,,,,,,,,,870,-1.5553300230280938,10.843013982207136
planned_path,,,,,,,,,,,,871,-1.5553300230280938,10.793013981462078
planned_path,,,,,,,,,,,,872,-1.5553300230280938,10.74301398071702
planned_path,,,,,,,,,,,,873,-1.5553300230280938,10.693013979971962
planned_path,,,,,,,,,,,,874,-1.5553300230280938,10.643013979226904
planned_path,,,,,,,,,,,,875,-1.5553300230280938,10.593013978481846
planned_path,,,,,,,,,,,,876,-1.5553300230280938,10.543013977736788
planned_path,,,,,,,,,,,,877,-1.5553300230280938,10.49301397699173
planned_path,,,,,,,,,,,,878,-1.5553300230280938,10.443013976246672
planned_path,,,,,,,,,,,,879,-1.5553300230280938,10.393013975501614
planned_path,,,,,,,,,,,,880,-1.5553300230280938,10.343013974756555
planned_path,,,,,,,,,,,,881,-1.5553300230280938,10.293013974011497
planned_path,,,,,,,,,,,,882,-1.5553300230280938,10.24301397326644
planned_path,,,,,,,,,,,,883,-1.5553300230280938,10.193013972521381
planned_path,,,,,,,,,,,,884,-1.5553300230280938,10.143013971776323
planned_path,,,,,,,,,,,,885,-1.5553300230280938,10.093013971031265
planned_path,,,,,,,,,,,,886,-1.5553300230280938,10.043013970286207
planned_path,,,,,,,,,,,,887,-1.5553300230280938,9.993013969541149
planned_path,,,,,,,,,,,,888,-1.5553300230280938,9.943013968796091
planned_path,,,,,,,,,,,,889,-1.5553300230280938,9.893013968051033
planned_path,,,,,,,,,,,,890,-1.5553300230280938,9.843013967305975
planned_path,,,,,,,,,,,,891,-1.5553300230280938,9.793013966560917
planned_path,,,,,,,,,,,,892,-1.5553300230280938,9.743013965815859
planned_path,,,,,,,,,,,,893,-1.5553300230280938,9.6930139650708
planned_path,,,,,,,,,,,,894,-1.5553300230280938,9.643013964325743
planned_path,,,,,,,,,,,,895,-1.5553300230280938,9.593013963580685
planned_path,,,,,,,,,,,,896,-1.5553300230280938,9.543013962835627
planned_path,,,,,,,,,,,,897,-1.5553300230280938,9.493013962090568
planned_path,,,,,,,,,,,,898,-1.5553300230280938,9.44301396134551
planned_path,,,,,,,,,,,,899,-1.5553300230280938,9.393013960600452
planned_path,,,,,,,,,,,,900,-1.5553300230280938,9.343013959855394
planned_path,,,,,,,,,,,,901,-1.5553300230280938,9.293013959110336
planned_path,,,,,,,,,,,,902,-1.5553300230280938,9.243013958365278
planned_path,,,,,,,,,,,,903,-1.5553300230280938,9.19301395762022
planned_path,,,,,,,,,,,,904,-1.5553300230280938,9.143013956875162
planned_path,,,,,,,,,,,,905,-1.5553300230280938,9.093013956130104
planned_path,,,,,,,,,,,,906,-1.5553300230280938,9.043013955385046
planned_path,,,,,,,,,,,,907,-1.5553300230280938,8.993013954639988
planned_path,,,,,,,,,,,,908,-1.5553300230280938,8.94301395389493
planned_path,,,,,,,,,,,,909,-1.5553300230280938,8.893013953149872
planned_path,,,,,,,,,,,,910,-1.5553300230280938,8.843013952404814
planned_path,,,,,,,,,,,,911,-1.5553300230280938,8.793013951659756
planned_path,,,,,,,,,,,,912,-1.5553300230280938,8.743013950914698
planned_path,,,,,,,,,,,,913,-1.5553300230280938,8.69301395016964
planned_path,,,,,,,,,,,,914,-1.5553300230280938,8.643013949424581
planned_path,,,,,,,,,,,,915,-1.5553300230280938,8.593013948679523
planned_path,,,,,,,,,,,,916,-1.5553300230280938,8.543013947934465
planned_path,,,,,,,,,,,,917,-1.5553300230280938,8.493013947189407
planned_path,,,,,,,,,,,,918,-1.5553300230280938,8.44301394644435
planned_path,,,,,,,,,,,,919,-1.5553300230280938,8.393013945699291
planned_path,,,,,,,,,,,,920,-1.5553300230280938,8.343013944954233
planned_path,,,,,,,,,,,,921,-1.5553300230280938,8.293013944209175
planned_path,,,,,,,,,,,,922,-1.5053300222830357,8.243013943464117
planned_path,,,,,,,,,,,,923,-1.4553300215379776,8.193013942719059
planned_path,,,,,,,,,,,,924,-1.4053300207929196,8.143013941974
planned_path,,,,,,,,,,,,925,-1.3553300200478615,8.093013941228943
planned_path,,,,,,,,,,,,926,-1.3053300193028035,8.043013940483885
planned_path,,,,,,,,,,,,927,-1.2553300185577454,7.993013939738827
planned_path,,,,,,,,,,,,928,-1.2053300178126873,7.943013938993769
planned_path,,,,,,,,,,,,929,-1.1553300170676293,7.893013938248711
planned_path,,,,,,,,,,,,930,-1.1053300163225712,7.8430139375036525
planned_path,,,,,,,,,,,,931,-1.0553300155775132,7.793013936758594
planned_path,,,,,,,,,,,,932,-1.005330014832455,7.743013936013536
planned_path,,,,,,,,,,,,933,-0.955330014087397,7.693013935268478
planned_path,,,,,,,,,,,,934,-0.905330013342339,7.64301393452342
planned_path,,,,,,,,,,,,935,-0.8553300125972809,7.593013933778362
planned_path,,,,,,,,,,,,936,-0.8053300118522229,7.543013933033304
planned_path,,,,,,,,,,,,937,-0.7553300111071648,7.493013932288246
planned_path,,,,,,,,,,,,938,-0.7053300103621067,7.443013931543188
planned_path,,,,,,,,,,,,939,-0.6553300096170487,7.39301393079813
planned_path,,,,,,,,,,,,940,-0.6053300088719906,7.343013930053072
planned_path,,,,,,,,,,,,941,-0.5553300081269326,7.293013929308014
planned_path,,,,,,,,,,,,942,-0.5053300073818745,7.243013928562956
planned_path,,,,,,,,,,,,943,-0.45533000663681644,7.193013927817898
planned_path,,,,,,,,,,,,944,-0.4053300058917584,7.14301392707284
planned_path,,,,,,,,,,,,945,-0.3553300051467003,7.093013926327782
planned_path,,,,,,,,,,,,946,-0.30533000440164226,7.0430139255827235
planned_path,,,,,,,,,,,,947,-0.2553300036565842,6.9930139248376655
planned_path,,,,,,,,,,,,948,-0.20533000291152614,6.943013924092607
planned_path,,,,,,,,,,,,949,-0.15533000216646808,6.893013923347549
planned_path,,,,,,,,,,,,950,-0.10533000142141002,6.843013922602491
planned_path,,,,,,,,,,,,951,-0.055330000676351965,6.793013921857433
planned_path,,,,,,,,,,,,952,-0.005329999931293905,6.743013921112375
planned_path,,,,,,,,,,,,953,0.044670000813764155,6.693013920367317
planned_path,,,,,,,,,,,,954,0.09467000155882221,6.643013919622259
planned_path,,,,,,,,,,,,955,0.14467000230388027,6.593013918877201
planned_path,,,,,,,,,,,,956,0.19467000304893833,6.543013918132143
planned_path,,,,,,,,,,,,957,0.2446700037939964,6.493013917387085
planned_path,,,,,,,,,,,,958,0.29467000453905445,6.443013916642027
planned_path,,,,,,,,,,,,959,0.3446700052841125,6.393013915896969
planned_path,,,,,,,,,,,,960,0.3446700052841125,6.343013915151911
planned_path,,,,,,,,,,,,961,0.3446700052841125,6.293013914406853
planned_path,,,,,,,,,,,,962,0.3446700052841125,6.243013913661795
planned_path,,,,,,,,,,,,963,0.3446700052841125,6.1930139129167365
planned_path,,,,,,,,,,,,964,0.3946700060291706,6.1430139121716785
planned_path,,,,,,,,,,,,965,0.44467000677422863,6.09301391142662
planned_path,,,,,,,,,,,,966,0.4946700075192867,6.043013910681562
planned_path,,,,,,,,,,,,967,0.5446700082643448,5.993013909936504
planned_path,,,,,,,,,,,,968,0.5946700090094028,5.943013909191446
planned_path,,,,,,,,,,,,969,0.6446700097544609,5.893013908446388
planned_path,,,,,,,,,,,,970,0.6946700104995189,5.84301390770133
planned_path,,,,,,,,,,,,971,0.744670011244577,5.793013906956272
planned_path,,,,,,,,,,,,972,0.794670011989635,5.743013906211214
planned_path,,,,,,,,,,,,973,0.8446700127346931,5.693013905466156
planned_path,,,,,,,,,,,,974,0.8946700134797512,5.643013904721098
planned_path,,,,,,,,,,,,975,0.9446700142248092,5.59301390397604
planned_path,,,,,,,,,,,,976,0.9946700149698673,5.543013903230982
planned_path,,,,,,,,,,,,977,1.0446700157149253,5.493013902485924
planned_path,,,,,,,,,,,,978,1.0946700164599834,5.443013901740866
planned_path,,,,,,,,,,,,979,1.1446700172050415,5.393013900995808
planned_path,,,,,,,,,,,,980,1.1946700179500995,5.3430139002507495
planned_path,,,,,,,,,,,,981,1.2446700186951576,5.2930138995056915
planned_path,,,,,,,,,,,,982,1.2946700194402156,5.243013898760633
planned_path,,,,,,,,,,,,983,1.3446700201852737,5.193013898015575
planned_path,,,,,,,,,,,,984,1.3946700209303318,5.143013897270517
planned_path,,,,,,,,,,,,985,1.4446700216753898,5.093013896525459
planned_path,,,,,,,,,,,,986,1.4946700224204479,5.043013895780401
planned_path,,,,,,,,,,,,987,1.544670023165506,4.993013895035343
planned_path,,,,,,,,,,,,988,1.594670023910564,4.943013894290285
planned_path,,,,,,,,,,,,989,1.594670023910564,4.893013893545227
planned_path,,,,,,,,,,,,990,1.594670023910564,4.893013893545227
planned_path,,,,,,,,,,,,991,1.644670024655622,4.893013893545227
planned_path,,,,,,,,,,,,992,1.6946700254006801,4.893013893545227
planned_path,,,,,,,,,,,,993,1.7446700261457382,4.893013893545227
planned_path,,,,,,,,,,,,994,1.7946700268907962,4.893013893545227
planned_path,,,,,,,,,,,,995,1.8446700276358543,4.893013893545227
planned_path,,,,,,,,,,,,996,1.8946700283809124,4.893013893545227
planned_path,,,,,,,,,,,,997,1.9446700291259704,4.893013893545227
planned_path,,,,,,,,,,,,998,1.9946700298710285,4.893013893545227
planned_path,,,,,,,,,,,,999,2.0446700306160865,4.893013893545227
planned_path,,,,,,,,,,,,1000,2.0946700313611446,4.893013893545227
planned_path,,,,,,,,,,,,1001,2.1446700321062027,4.893013893545227
planned_path,,,,,,,,,,,,1002,2.1946700328512607,4.893013893545227
planned_path,,,,,,,,,,,,1003,2.244670033596319,4.893013893545227
planned_path,,,,,,,,,,,,1004,2.294670034341377,4.893013893545227
planned_path,,,,,,,,,,,,1005,2.344670035086435,4.893013893545227
planned_path,,,,,,,,,,,,1006,2.394670035831493,4.893013893545227
planned_path,,,,,,,,,,,,1007,2.444670036576551,4.893013893545227
planned_path,,,,,,,,,,,,1008,2.494670037321609,4.893013893545227
planned_path,,,,,,,,,,,,1009,2.544670038066667,4.893013893545227
planned_path,,,,,,,,,,,,1010,2.594670038811725,4.893013893545227
planned_path,,,,,,,,,,,,1011,2.6446700395567833,4.893013893545227
planned_path,,,,,,,,,,,,1012,2.6946700403018413,4.893013893545227
planned_path,,,,,,,,,,,,1013,2.7446700410468994,4.893013893545227
planned_path,,,,,,,,,,,,1014,2.7946700417919574,4.893013893545227
planned_path,,,,,,,,,,,,1015,2.8446700425370155,4.893013893545227
planned_path,,,,,,,,,,,,1016,2.8946700432820736,4.893013893545227
planned_path,,,,,,,,,,,,1017,2.9446700440271316,4.893013893545227
planned_path,,,,,,,,,,,,1018,2.9946700447721897,4.893013893545227
planned_path,,,,,,,,,,,,1019,3.0446700455172477,4.893013893545227
planned_path,,,,,,,,,,,,1020,3.094670046262306,4.893013893545227
planned_path,,,,,,,,,,,,1021,3.144670047007364,4.893013893545227
planned_path,,,,,,,,,,,,1022,3.194670047752422,4.893013893545227
planned_path,,,,,,,,,,,,1023,3.24467004849748,4.893013893545227
planned_path,,,,,,,,,,,,1024,3.294670049242538,4.893013893545227
planned_path,,,,,,,,,,,,1025,3.344670049987596,4.893013893545227
planned_path,,,,,,,,,,,,1026,3.394670050732654,4.893013893545227
planned_path,,,,,,,,,,,,1027,3.444670051477712,4.893013893545227
planned_path,,,,,,,,,,,,1028,3.4946700522227703,4.893013893545227
planned_path,,,,,,,,,,,,1029,3.5446700529678283,4.893013893545227
planned_path,,,,,,,,,,,,1030,3.5946700537128864,4.893013893545227
planned_path,,,,,,,,,,,,1031,3.6446700544579445,4.893013893545227
planned_path,,,,,,,,,,,,1032,3.6946700552030025,4.893013893545227
planned_path,,,,,,,,,,,,1033,3.7446700559480606,4.893013893545227
planned_path,,,,,,,,,,,,1034,3.7946700566931186,4.893013893545227
planned_path,,,,,,,,,,,,1035,3.8446700574381767,4.893013893545227
planned_path,,,,,,,,,,,,1036,3.8946700581832348,4.893013893545227
planned_path,,,,,,,,,,,,1037,3.944670058928293,4.893013893545227
planned_path,,,,,,,,,,,,1038,3.994670059673351,4.893013893545227
planned_path,,,,,,,,,,,,1039,4.044670060418409,4.893013893545227
planned_path,,,,,,,,,,,,1040,4.094670061163467,4.893013893545227
planned_path,,,,,,,,,,,,1041,4.144670061908525,4.893013893545227
planned_path,,,,,,,,,,,,1042,4.194670062653583,4.893013893545227
planned_path,,,,,,,,,,,,1043,4.244670063398641,4.893013893545227
planned_path,,,,,,,,,,,,1044,4.294670064143699,4.893013893545227
planned_path,,,,,,,,,,,,1045,4.344670064888757,4.893013893545227
planned_path,,,,,,,,,,,,1046,4.394670065633815,4.893013893545227
planned_path,,,,,,,,,,,,1047,4.444670066378873,4.893013893545227
planned_path,,,,,,,,,,,,1048,4.4946700671239315,4.893013893545227
planned_path,,,,,,,,,,,,1049,4.5446700678689895,4.893013893545227
planned_path,,,,,,,,,,,,1050,4.594670068614048,4.893013893545227
planned_path,,,,,,,,,,,,1051,4.644670069359106,4.893013893545227
planned_path,,,,,,,,,,,,1052,4.694670070104164,4.893013893545227
planned_path,,,,,,,,,,,,1053,4.744670070849222,4.893013893545227
planned_path,,,,,,,,,,,,1054,4.79467007159428,4.893013893545227
planned_path,,,,,,,,,,,,1055,4.844670072339338,4.893013893545227
planned_path,,,,,,,,,,,,1056,4.894670073084396,4.893013893545227
planned_path,,,,,,,,,,,,1057,4.944670073829454,4.893013893545227
planned_path,,,,,,,,,,,,1058,4.994670074574512,4.893013893545227
planned_path,,,,,,,,,,,,1059,5.04467007531957,4.893013893545227
planned_path,,,,,,,,,,,,1060,5.094670076064628,4.893013893545227
planned_path,,,,,,,,,,,,1061,5.144670076809686,4.893013893545227
planned_path,,,,,,,,,,,,1062,5.194670077554744,4.893013893545227
planned_path,,,,,,,,,,,,1063,5.244670078299802,4.893013893545227
planned_path,,,,,,,,,,,,1064,5.29467007904486,4.943013894290285
planned_path,,,,,,,,,,,,1065,5.3446700797899185,4.943013894290285
planned_path,,,,,,,,,,,,1066,5.3946700805349765,4.943013894290285
planned_path,,,,,,,,,,,,1067,5.444670081280035,4.993013895035343
planned_path,,,,,,,,,,,,1068,5.494670082025093,4.993013895035343
planned_path,,,,,,,,,,,,1069,5.544670082770151,5.043013895780401
planned_path,,,,,,,,,,,,1070,5.594670083515209,5.043013895780401
planned_path,,,,,,,,,,,,1071,5.644670084260267,5.093013896525459
planned_path,,,,,,,,,,,,1072,5.694670085005325,5.093013896525459
planned_path,,,,,,,,,,,,1073,5.744670085750383,5.143013897270517
planned_path,,,,,,,,,,,,1074,5.794670086495441,5.143013897270517
planned_path,,,,,,,,,,,,1075,5.844670087240499,5.193013898015575
planned_path,,,,,,,,,,,,1076,5.894670087985557,5.193013898015575
planned_path,,,,,,,,,,,,1077,5.944670088730615,5.193013898015575
planned_path,,,,,,,,,,,,1078,5.994670089475673,5.243013898760633
planned_path,,,,,,,,,,,,1079,6.044670090220731,5.243013898760633
planned_path,,,,,,,,,,,,1080,6.094670090965789,5.2930138995056915
planned_path,,,,,,,,,,,,1081,6.144670091710847,5.2930138995056915
planned_path,,,,,,,,,,,,1082,6.1946700924559055,5.3430139002507495
planned_path,,,,,,,,,,,,1083,6.244670093200964,5.3430139002507495
planned_path,,,,,,,,,,,,1084,6.294670093946022,5.393013900995808
planned_path,,,,,,,,,,,,1085,6.34467009469108,5.393013900995808
planned_path,,,,,,,,,,,,1086,6.394670095436138,5.443013901740866
planned_path,,,,,,,,,,,,1087,6.444670096181196,5.443013901740866
planned_path,,,,,,,,,,,,1088,6.494670096926254,5.443013901740866
planned_path,,,,,,,,,,,,1089,6.544670097671312,5.493013902485924
planned_path,,,,,,,,,,,,1090,6.59467009841637,5.493013902485924
planned_path,,,,,,,,,,,,1091,6.644670099161428,5.543013903230982
planned_path,,,,,,,,,,,,1092,6.694670099906486,5.543013903230982
planned_path,,,,,,,,,,,,1093,6.744670100651544,5.59301390397604
planned_path,,,,,,,,,,,,1094,6.794670101396602,5.59301390397604
planned_path,,,,,,,,,,,,1095,6.84467010214166,5.643013904721098
planned_path,,,,,,,,,,,,1096,6.894670102886718,5.643013904721098
planned_path,,,,,,,,,,,,1097,6.944670103631776,5.693013905466156
planned_path,,,,,,,,,,,,1098,6.9946701043768345,5.693013905466156
planned_path,,,,,,,,,,,,1099,7.0446701051218925,5.693013905466156
planned_path,,,,,,,,,,,,1100,7.094670105866951,5.743013906211214
planned_path,,,,,,,,,,,,1101,7.144670106612009,5.743013906211214
planned_path,,,,,,,,,,,,1102,7.194670107357067,5.793013906956272
planned_path,,,,,,,,,,,,1103,7.244670108102125,5.793013906956272
planned_path,,,,,,,,,,,,1104,7.294670108847183,5.84301390770133
planned_path,,,,,,,,,,,,1105,7.344670109592241,5.84301390770133
planned_path,,,,,,,,,,,,1106,7.394670110337299,5.893013908446388
planned_path,,,,,,,,,,,,1107,7.444670111082357,5.893013908446388
planned_path,,,,,,,,,,,,1108,7.494670111827415,5.943013909191446
planned_path,,,,,,,,,,,,1109,7.544670112572473,5.943013909191446
planned_path,,,,,,,,,,,,1110,7.594670113317531,5.943013909191446
planned_path,,,,,,,,,,,,1111,7.644670114062589,5.993013909936504
planned_path,,,,,,,,,,,,1112,7.694670114807647,5.993013909936504
planned_path,,,,,,,,,,,,1113,7.744670115552705,6.043013910681562
planned_path,,,,,,,,,,,,1114,7.794670116297763,6.043013910681562
planned_path,,,,,,,,,,,,1115,7.8446701170428215,6.09301391142662
planned_path,,,,,,,,,,,,1116,7.8946701177878795,6.09301391142662
planned_path,,,,,,,,,,,,1117,7.944670118532938,6.1430139121716785
planned_path,,,,,,,,,,,,1118,7.994670119277996,6.1430139121716785
planned_path,,,,,,,,,,,,1119,8.044670120023053,6.1930139129167365
planned_path,,,,,,,,,,,,1120,8.09467012076811,6.1930139129167365
planned_path,,,,,,,,,,,,1121,8.144670121513169,6.1930139129167365
planned_path,,,,,,,,,,,,1122,8.194670122258227,6.243013913661795
planned_path,,,,,,,,,,,,1123,8.244670123003285,6.243013913661795
planned_path,,,,,,,,,,,,1124,8.294670123748343,6.293013914406853
planned_path,,,,,,,,,,,,1125,8.344670124493401,6.293013914406853
planned_path,,,,,,,,,,,,1126,8.39467012523846,6.343013915151911
planned_path,,,,,,,,,,,,1127,8.444670125983517,6.343013915151911
planned_path,,,,,,,,,,,,1128,8.494670126728575,6.393013915896969
planned_path,,,,,,,,,,,,1129,8.544670127473633,6.393013915896969
planned_path,,,,,,,,,,,,1130,8.594670128218691,6.443013916642027
planned_path,,,,,,,,,,,,1131,8.64467012896375,6.443013916642027
planned_path,,,,,,,,,,,,1132,8.694670129708808,6.493013917387085
planned_path,,,,,,,,,,,,1133,8.744670130453866,6.493013917387085
planned_path,,,,,,,,,,,,1134,8.794670131198924,6.493013917387085
planned_path,,,,,,,,,,,,1135,8.844670131943982,6.543013918132143
planned_path,,,,,,,,,,,,1136,8.89467013268904,6.543013918132143
planned_path,,,,,,,,,,,,1137,8.944670133434098,6.593013918877201
planned_path,,,,,,,,,,,,1138,8.994670134179156,6.593013918877201
planned_path,,,,,,,,,,,,1139,9.044670134924214,6.643013919622259
planned_path,,,,,,,,,,,,1140,9.094670135669272,6.643013919622259
planned_path,,,,,,,,,,,,1141,9.14467013641433,6.693013920367317
planned_path,,,,,,,,,,,,1142,9.194670137159388,6.693013920367317
planned_path,,,,,,,,,,,,1143,9.244670137904446,6.743013921112375
planned_path,,,,,,,,,,,,1144,9.294670138649504,6.743013921112375
planned_path,,,,,,,,,,,,1145,9.344670139394562,6.743013921112375
planned_path,,,,,,,,,,,,1146,9.39467014013962,6.793013921857433
planned_path,,,,,,,,,,,,1147,9.444670140884678,6.793013921857433
planned_path,,,,,,,,,,,,1148,9.494670141629737,6.843013922602491
planned_path,,,,,,,,,,,,1149,9.544670142374795,6.843013922602491
planned_path,,,,,,,,,,,,1150,9.594670143119853,6.893013923347549
planned_path,,,,,,,,,,,,1151,9.64467014386491,6.893013923347549
planned_path,,,,,,,,,,,,1152,9.694670144609969,6.943013924092607
planned_path,,,,,,,,,,,,1153,9.744670145355027,6.943013924092607
planned_path,,,,,,,,,,,,1154,9.794670146100085,6.9930139248376655
planned_path,,,,,,,,,,,,1155,9.844670146845143,6.9930139248376655
planned_path,,,,,,,,,,,,1156,9.894670147590201,6.9930139248376655
planned_path,,,,,,,,,,,,1157,9.944670148335259,7.0430139255827235
planned_path,,,,,,,,,,,,1158,9.994670149080317,7.0430139255827235
planned_path,,,,,,,,,,,,1159,10.044670149825375,7.093013926327782
planned_path,,,,,,,,,,,,1160,10.094670150570433,7.093013926327782
planned_path,,,,,,,,,,,,1161,10.144670151315491,7.14301392707284
planned_path,,,,,,,,,,,,1162,10.19467015206055,7.14301392707284
planned_path,,,,,,,,,,,,1163,10.244670152805607,7.193013927817898
planned_path,,,,,,,,,,,,1164,10.294670153550666,7.193013927817898
planned_path,,,,,,,,,,,,1165,10.344670154295724,7.243013928562956
planned_path,,,,,,,,,,,,1166,10.394670155040782,7.243013928562956
planned_path,,,,,,,,,,,,1167,10.44467015578584,7.243013928562956
planned_path,,,,,,,,,,,,1168,10.494670156530898,7.293013929308014
planned_path,,,,,,,,,,,,1169,10.544670157275956,7.293013929308014
planned_path,,,,,,,,,,,,1170,10.594670158021014,7.343013930053072
planned_path,,,,,,,,,,,,1171,10.644670158766072,7.343013930053072
planned_path,,,,,,,,,,,,1172,10.69467015951113,7.39301393079813
planned_path,,,,,,,,,,,,1173,10.744670160256188,7.39301393079813
planned_path,,,,,,,,,,,,1174,10.794670161001246,7.443013931543188
planned_path,,,,,,,,,,,,1175,10.844670161746304,7.443013931543188
planned_path,,,,,,,,,,,,1176,10.894670162491362,7.493013932288246
planned_path,,,,,,,,,,,,1177,10.94467016323642,7.493013932288246
planned_path,,,,,,,,,,,,1178,10.994670163981478,7.493013932288246
planned_path,,,,,,,,,,,,1179,11.044670164726536,7.543013933033304
planned_path,,,,,,,,,,,,1180,11.094670165471594,7.543013933033304
planned_path,,,,,,,,,,,,1181,11.144670166216653,7.593013933778362
planned_path,,,,,,,,,,,,1182,11.19467016696171,7.593013933778362
planned_path,,,,,,,,,,,,1183,11.244670167706769,7.64301393452342
planned_path,,,,,,,,,,,,1184,11.294670168451827,7.64301393452342
planned_path,,,,,,,,,,,,1185,11.344670169196885,7.693013935268478
planned_path,,,,,,,,,,,,1186,11.394670169941943,7.693013935268478
planned_path,,,,,,,,,,,,1187,11.444670170687,7.743013936013536
planned_path,,,,,,,,,,,,1188,11.494670171432059,7.743013936013536
planned_path,,,,,,,,,,,,1189,11.544670172177117,7.793013936758594
planned_path,,,,,,,,,,,,1190,11.594670172922175,7.8430139375036525
planned_path,,,,,,,,,,,,1191,11.644670173667233,7.893013938248711
planned_path,,,,,,,,,,,,1192,11.694670174412291,7.893013938248711
planned_path,,,,,,,,,,,,1193,11.74467017515735,7.893013938248711
planned_path,,,,,,,,,,,,1194,11.794670175902407,7.893013938248711
planned_path,,,,,,,,,,,,1195,11.844670176647465,7.893013938248711
planned_path,,,,,,,,,,,,1196,11.894670177392523,7.943013938993769
planned_path,,,,,,,,,,,,1197,11.944670178137581,7.943013938993769
planned_path,,,,,,,,,,,,1198,11.99467017888264,7.993013939738827
planned_path,,,,,,,,,,,,1199,12.044670179627698,7.993013939738827
planned_path,,,,,,,,,,,,1200,12.094670180372756,7.993013939738827
planned_path,,,,,,,,,,,,1201,12.144670181117814,8.043013940483885
planned_path,,,,,,,,,,,,1202,12.194670181862872,8.043013940483885
planned_path,,,,,,,,,,,,1203,12.24467018260793,8.093013941228943
planned_path,,,,,,,,,,,,1204,12.294670183352988,8.093013941228943
planned_path,,,,,,,,,,,,1205,12.344670184098046,8.143013941974
planned_path,,,,,,,,,,,,1206,12.394670184843104,8.143013941974
planned_path,,,,,,,,,,,,1207,12.444670185588162,8.193013942719059
planned_path,,,,,,,,,,,,1208,12.49467018633322,8.193013942719059
planned_path,,,,,,,,,,,,1209,12.544670187078278,8.243013943464117
planned_path,,,,,,,,,,,,1210,12.594670187823336,8.243013943464117
planned_path,,,,,,,,,,,,1211,12.594670187823336,8.243013943464117
planned_path,,,,,,,,,,,,1212,12.594670187823336,8.193013942719059
planned_path,,,,,,,,,,,,1213,12.594670187823336,8.143013941974
planned_path,,,,,,,,,,,,1214,12.594670187823336,8.093013941228943
planned_path,,,,,,,,,,,,1215,12.594670187823336,8.043013940483885
planned_path,,,,,,,,,,,,1216,12.644670188568394,7.993013939738827
planned_path,,,,,,,,,,,,1217,12.694670189313452,7.943013938993769
planned_path,,,,,,,,,,,,1218,12.74467019005851,7.893013938248711
planned_path,,,,,,,,,,,,1219,12.794670190803568,7.8430139375036525
planned_path,,,,,,,,,,,,1220,12.844670191548627,7.793013936758594
planned_path,,,,,,,,,,,,1221,12.894670192293685,7.743013936013536
planned_path,,,,,,,,,,,,1222,12.944670193038743,7.693013935268478
planned_path,,,,,,,,,,,,1223,12.9946701937838,7.64301393452342
planned_path,,,,,,,,,,,,1224,12.9946701937838,7.593013933778362
planned_path,,,,,,,,,,,,1225,12.9946701937838,7.543013933033304
planned_path,,,,,,,,,,,,1226,12.9946701937838,7.493013932288246
planned_path,,,,,,,,,,,,1227,12.9946701937838,7.443013931543188
planned_path,,,,,,,,,,,,1228,12.9946701937838,7.39301393079813
planned_path,,,,,,,,,,,,1229,12.9946701937838,7.343013930053072
planned_path,,,,,,,,,,,,1230,12.9946701937838,7.293013929308014
planned_path,,,,,,,,,,,,1231,12.9946701937838,7.243013928562956
planned_path,,,,,,,,,,,,1232,12.9946701937838,7.193013927817898
planned_path,,,,,,,,,,,,1233,13.044670194528859,7.14301392707284
planned_path,,,,,,,,,,,,1234,13.044670194528859,7.093013926327782
planned_path,,,,,,,,,,,,1235,13.094670195273917,7.0430139255827235
planned_path,,,,,,,,,,,,1236,13.094670195273917,6.9930139248376655
planned_path,,,,,,,,,,,,1237,13.094670195273917,6.9930139248376655
planned_path,,,,,,,,,,,,1238,13.094670195273917,6.943013924092607
planned_path,,,,,,,,,,,,1239,13.094670195273917,6.893013923347549
planned_path,,,,,,,,,,,,1240,13.094670195273917,6.843013922602491
planned_path,,,,,,,,,,,,1241,13.094670195273917,6.793013921857433
planned_path,,,,,,,,,,,,1242,13.094670195273917,6.743013921112375
planned_path,,,,,,,,,,,,1243,13.094670195273917,6.693013920367317
planned_path,,,,,,,,,,,,1244,13.094670195273917,6.643013919622259
planned_path,,,,,,,,,,,,1245,13.094670195273917,6.593013918877201
planned_path,,,,,,,,,,,,1246,13.094670195273917,6.543013918132143
planned_path,,,,,,,,,,,,1247,13.094670195273917,6.493013917387085
planned_path,,,,,,,,,,,,1248,13.094670195273917,6.443013916642027
planned_path,,,,,,,,,,,,1249,13.094670195273917,6.393013915896969
planned_path,,,,,,,,,,,,1250,13.094670195273917,6.343013915151911
planned_path,,,,,,,,,,,,1251,13.094670195273917,6.293013914406853
planned_path,,,,,,,,,,,,1252,13.094670195273917,6.243013913661795
planned_path,,,,,,,,,,,,1253,13.094670195273917,6.1930139129167365
planned_path,,,,,,,,,,,,1254,13.094670195273917,6.1430139121716785
planned_path,,,,,,,,,,,,1255,13.094670195273917,6.09301391142662
planned_path,,,,,,,,,,,,1256,13.094670195273917,6.043013910681562
planned_path,,,,,,,,,,,,1257,13.094670195273917,5.993013909936504
planned_path,,,,,,,,,,,,1258,13.094670195273917,5.943013909191446
planned_path,,,,,,,,,,,,1259,13.094670195273917,5.893013908446388
planned_path,,,,,,,,,,,,1260,13.094670195273917,5.84301390770133
planned_path,,,,,,,,,,,,1261,13.094670195273917,5.793013906956272
planned_path,,,,,,,,,,,,1262,13.094670195273917,5.743013906211214
planned_path,,,,,,,,,,,,1263,13.094670195273917,5.693013905466156
planned_path,,,,,,,,,,,,1264,13.094670195273917,5.643013904721098
planned_path,,,,,,,,,,,,1265,13.094670195273917,5.59301390397604
planned_path,,,,,,,,,,,,1266,13.094670195273917,5.543013903230982
planned_path,,,,,,,,,,,,1267,13.094670195273917,5.493013902485924
planned_path,,,,,,,,,,,,1268,13.094670195273917,5.443013901740866
planned_path,,,,,,,,,,,,1269,13.094670195273917,5.393013900995808
planned_path,,,,,,,,,,,,1270,13.094670195273917,5.3430139002507495
planned_path,,,,,,,,,,,,1271,13.094670195273917,5.2930138995056915
planned_path,,,,,,,,,,,,1272,13.094670195273917,5.243013898760633
planned_path,,,,,,,,,,,,1273,13.094670195273917,5.193013898015575
planned_path,,,,,,,,,,,,1274,13.094670195273917,5.143013897270517
planned_path,,,,,,,,,,,,1275,13.094670195273917,5.093013896525459
planned_path,,,,,,,,,,,,1276,13.094670195273917,5.043013895780401
planned_path,,,,,,,,,,,,1277,13.094670195273917,4.993013895035343
planned_path,,,,,,,,,,,,1278,13.094670195273917,4.943013894290285
planned_path,,,,,,,,,,,,1279,13.094670195273917,4.893013893545227
planned_path,,,,,,,,,,,,1280,13.094670195273917,4.843013892800169
planned_path,,,,,,,,,,,,1281,13.094670195273917,4.793013892055111
planned_path,,,,,,,,,,,,1282,13.094670195273917,4.743013891310053
planned_path,,,,,,,,,,,,1283,13.094670195273917,4.693013890564995
planned_path,,,,,,,,,,,,1284,13.094670195273917,4.643013889819937
planned_path,,,,,,,,,,,,1285,13.094670195273917,4.593013889074879
planned_path,,,,,,,,,,,,1286,13.094670195273917,4.543013888329821
planned_path,,,,,,,,,,,,1287,13.094670195273917,4.4930138875847625
planned_path,,,,,,,,,,,,1288,13.094670195273917,4.443013886839704
planned_path,,,,,,,,,,,,1289,13.094670195273917,4.393013886094646
planned_path,,,,,,,,,,,,1290,13.094670195273917,4.343013885349588
planned_path,,,,,,,,,,,,1291,13.094670195273917,4.29301388460453
planned_path,,,,,,,,,,,,1292,13.094670195273917,4.243013883859472
planned_path,,,,,,,,,,,,1293,13.094670195273917,4.193013883114414
planned_path,,,,,,,,,,,,1294,13.094670195273917,4.143013882369356
planned_path,,,,,,,,,,,,1295,13.094670195273917,4.093013881624298
planned_path,,,,,,,,,,,,1296,13.094670195273917,4.04301388087924
planned_path,,,,,,,,,,,,1297,13.094670195273917,3.993013880134182
planned_path,,,,,,,,,,,,1298,13.094670195273917,3.943013879389124
planned_path,,,,,,,,,,,,1299,13.094670195273917,3.893013878644066
planned_path,,,,,,,,,,,,1300,13.094670195273917,3.8430138778990077
planned_path,,,,,,,,,,,,1301,13.094670195273917,3.7930138771539497
planned_path,,,,,,,,,,,,1302,13.094670195273917,3.7430138764088916
planned_path,,,,,,,,,,,,1303,13.094670195273917,3.6930138756638335
planned_path,,,,,,,,,,,,1304,13.094670195273917,3.6430138749187755
planned_path,,,,,,,,,,,,1305,13.094670195273917,3.5930138741737174
planned_path,,,,,,,,,,,,1306,13.044670194528859,3.5430138734286594
planned_path,,,,,,,,,,,,1307,13.044670194528859,3.4930138726836013
planned_path,,,,,,,,,,,,1308,12.9946701937838,3.4430138719385432
planned_path,,,,,,,,,,,,1309,12.9946701937838,3.393013871193485
planned_path,,,,,,,,,,,,1310,12.944670193038743,3.343013870448427
planned_path,,,,,,,,,,,,1311,12.944670193038743,3.293013869703369
planned_path,,,,,,,,,,,,1312,12.944670193038743,3.243013868958311
planned_path,,,,,,,,,,,,1313,12.894670192293685,3.193013868213253
planned_path,,,,,,,,,,,,1314,12.894670192293685,3.143013867468195
planned_path,,,,,,,,,,,,1315,12.844670191548627,3.093013866723137
planned_path,,,,,,,,,,,,1316,12.844670191548627,3.0430138659780788
planned_path,,,,,,,,,,,,1317,12.794670190803568,2.9930138652330207
planned_path,,,,,,,,,,,,1318,12.794670190803568,2.9430138644879626
planned_path,,,,,,,,,,,,1319,12.74467019005851,2.8930138637429046
planned_path,,,,,,,,,,,,1320,12.74467019005851,2.8430138629978465
planned_path,,,,,,,,,,,,1321,12.694670189313452,2.7930138622527885
planned_path,,,,,,,,,,,,1322,12.694670189313452,2.7430138615077304
planned_path,,,,,,,,,,,,1323,12.694670189313452,2.7430138615077304
planned_path,,,,,,,,,,,,1324,12.644670188568394,2.6930138607626724
planned_path,,,,,,,,,,,,1325,12.594670187823336,2.6430138600176143
planned_path,,,,,,,,,,,,1326,12.544670187078278,2.5930138592725562
planned_path,,,,,,,,,,,,1327,12.49467018633322,2.543013858527498
planned_path,,,,,,,,,,,,1328,12.444670185588162,2.49301385778244
planned_path,,,,,,,,,,,,1329,12.394670184843104,2.443013857037382
planned_path,,,,,,,,,,,,1330,12.344670184098046,2.393013856292324
planned_path,,,,,,,,,,,,1331,12.294670183352988,2.343013855547266
planned_path,,,,,,,,,,,,1332,12.24467018260793,2.293013854802208
planned_path,,,,,,,,,,,,1333,12.194670181862872,2.24301385405715
planned_path,,,,,,,,,,,,1334,12.144670181117814,2.1930138533120918
planned_path,,,,,,,,,,,,1335,12.094670180372756,2.1430138525670337
planned_path,,,,,,,,,,,,1336,12.044670179627698,2.0930138518219756
planned_path,,,,,,,,,,,,1337,11.99467017888264,2.0430138510769176
planned_path,,,,,,,,,,,,1338,11.944670178137581,1.9930138503318595
planned_path,,,,,,,,,,,,1339,11.894670177392523,1.9430138495868015
planned_path,,,,,,,,,,,,1340,11.844670176647465,1.8930138488417434
planned_path,,,,,,,,,,,,1341,11.794670175902407,1.8430138480966853
planned_path,,,,,,,,,,,,1342,11.74467017515735,1.7930138473516273
planned_path,,,,,,,,,,,,1343,11.694670174412291,1.7430138466065692
planned_path,,,,,,,,,,,,1344,11.644670173667233,1.6930138458615112
planned_path,,,,,,,,,,,,1345,11.594670172922175,1.643013845116453
planned_path,,,,,,,,,,,,1346,11.544670172177117,1.593013844371395
planned_path,,,,,,,,,,,,1347,11.494670171432059,1.543013843626337
planned_path,,,,,,,,,,,,1348,11.444670170687,1.493013842881279
planned_path,,,,,,,,,,,,1349,11.394670169941943,1.493013842881279
planned_path,,,,,,,,,,,,1350,11.344670169196885,1.493013842881279
planned_path,,,,,,,,,,,,1351,11.294670168451827,1.4430138421362209
planned_path,,,,,,,,,,,,1352,11.244670167706769,1.4430138421362209
planned_path,,,,,,,,,,,,1353,11.19467016696171,1.4430138421362209
planned_path,,,,,,,,,,,,1354,11.144670166216653,1.4430138421362209
planned_path,,,,,,,,,,,,1355,11.094670165471594,1.4430138421362209
planned_path,,,,,,,,,,,,1356,11.044670164726536,1.4430138421362209
planned_path,,,,,,,,,,,,1357,10.994670163981478,1.3930138413911628
planned_path,,,,,,,,,,,,1358,10.94467016323642,1.3930138413911628
planned_path,,,,,,,,,,,,1359,10.894670162491362,1.3930138413911628
planned_path,,,,,,,,,,,,1360,10.894670162491362,1.3930138413911628
planned_path,,,,,,,,,,,,1361,10.844670161746304,1.3930138413911628
planned_path,,,,,,,,,,,,1362,10.794670161001246,1.3930138413911628
planned_path,,,,,,,,,,,,1363,10.744670160256188,1.3930138413911628
planned_path,,,,,,,,,,,,1364,10.69467015951113,1.3930138413911628
planned_path,,,,,,,,,,,,1365,10.644670158766072,1.3930138413911628
planned_path,,,,,,,,,,,,1366,10.594670158021014,1.3930138413911628
planned_path,,,,,,,,,,,,1367,10.544670157275956,1.3930138413911628
planned_path,,,,,,,,,,,,1368,10.494670156530898,1.3930138413911628
planned_path,,,,,,,,,,,,1369,10.44467015578584,1.3930138413911628
planned_path,,,,,,,,,,,,1370,10.394670155040782,1.3930138413911628
planned_path,,,,,,,,,,,,1371,10.344670154295724,1.3930138413911628
planned_path,,,,,,,,,,,,1372,10.294670153550666,1.3930138413911628
planned_path,,,,,,,,,,,,1373,10.244670152805607,1.3930138413911628
planned_path,,,,,,,,,,,,1374,10.19467015206055,1.3930138413911628
planned_path,,,,,,,,,,,,1375,10.144670151315491,1.3930138413911628
planned_path,,,,,,,,,,,,1376,10.094670150570433,1.3930138413911628
planned_path,,,,,,,,,,,,1377,10.044670149825375,1.3930138413911628
planned_path,,,,,,,,,,,,1378,9.994670149080317,1.3930138413911628
planned_path,,,,,,,,,,,,1379,9.944670148335259,1.3930138413911628
planned_path,,,,,,,,,,,,1380,9.894670147590201,1.3930138413911628
planned_path,,,,,,,,,,,,1381,9.844670146845143,1.3930138413911628
planned_path,,,,,,,,,,,,1382,9.794670146100085,1.3930138413911628
planned_path,,,,,,,,,,,,1383,9.744670145355027,1.3930138413911628
planned_path,,,,,,,,,,,,1384,9.694670144609969,1.3930138413911628
planned_path,,,,,,,,,,,,1385,9.64467014386491,1.3930138413911628
planned_path,,,,,,,,,,,,1386,9.594670143119853,1.3930138413911628
planned_path,,,,,,,,,,,,1387,9.544670142374795,1.3930138413911628
planned_path,,,,,,,,,,,,1388,9.494670141629737,1.3930138413911628
planned_path,,,,,,,,,,,,1389,9.444670140884678,1.3930138413911628
planned_path,,,,,,,,,,,,1390,9.39467014013962,1.3930138413911628
planned_path,,,,,,,,,,,,1391,9.344670139394562,1.3930138413911628
planned_path,,,,,,,,,,,,1392,9.294670138649504,1.3930138413911628
planned_path,,,,,,,,,,,,1393,9.244670137904446,1.3930138413911628
planned_path,,,,,,,,,,,,1394,9.194670137159388,1.3930138413911628
planned_path,,,,,,,,,,,,1395,9.14467013641433,1.3930138413911628
planned_path,,,,,,,,,,,,1396,9.094670135669272,1.3930138413911628
planned_path,,,,,,,,,,,,1397,9.044670134924214,1.3930138413911628
planned_path,,,,,,,,,,,,1398,8.994670134179156,1.3930138413911628
planned_path,,,,,,,,,,,,1399,8.944670133434098,1.3930138413911628
planned_path,,,,,,,,,,,,1400,8.89467013268904,1.3930138413911628
planned_path,,,,,,,,,,,,1401,8.844670131943982,1.3930138413911628
planned_path,,,,,,,,,,,,1402,8.794670131198924,1.3930138413911628
planned_path,,,,,,,,,,,,1403,8.744670130453866,1.3930138413911628
planned_path,,,,,,,,,,,,1404,8.694670129708808,1.3930138413911628
planned_path,,,,,,,,,,,,1405,8.64467012896375,1.3930138413911628
planned_path,,,,,,,,,,,,1406,8.594670128218691,1.3930138413911628
planned_path,,,,,,,,,,,,1407,8.544670127473633,1.3930138413911628
planned_path,,,,,,,,,,,,1408,8.494670126728575,1.3930138413911628
planned_path,,,,,,,,,,,,1409,8.444670125983517,1.3930138413911628
planned_path,,,,,,,,,,,,1410,8.39467012523846,1.3930138413911628
planned_path,,,,,,,,,,,,1411,8.344670124493401,1.3930138413911628
planned_path,,,,,,,,,,,,1412,8.294670123748343,1.3930138413911628
planned_path,,,,,,,,,,,,1413,8.244670123003285,1.3930138413911628
planned_path,,,,,,,,,,,,1414,8.194670122258227,1.3930138413911628
planned_path,,,,,,,,,,,,1415,8.144670121513169,1.3930138413911628
planned_path,,,,,,,,,,,,1416,8.09467012076811,1.3930138413911628
planned_path,,,,,,,,,,,,1417,8.044670120023053,1.3930138413911628
planned_path,,,,,,,,,,,,1418,7.994670119277996,1.3930138413911628
planned_path,,,,,,,,,,,,1419,7.944670118532938,1.3930138413911628
planned_path,,,,,,,,,,,,1420,7.8946701177878795,1.3930138413911628
planned_path,,,,,,,,,,,,1421,7.8446701170428215,1.3930138413911628
planned_path,,,,,,,,,,,,1422,7.794670116297763,1.3930138413911628
planned_path,,,,,,,,,,,,1423,7.744670115552705,1.3930138413911628
planned_path,,,,,,,,,,,,1424,7.694670114807647,1.3930138413911628
planned_path,,,,,,,,,,,,1425,7.644670114062589,1.3930138413911628
planned_path,,,,,,,,,,,,1426,7.594670113317531,1.3930138413911628
planned_path,,,,,,,,,,,,1427,7.544670112572473,1.3930138413911628
planned_path,,,,,,,,,,,,1428,7.494670111827415,1.3930138413911628
planned_path,,,,,,,,,,,,1429,7.444670111082357,1.3930138413911628
planned_path,,,,,,,,,,,,1430,7.394670110337299,1.3930138413911628
planned_path,,,,,,,,,,,,1431,7.344670109592241,1.3930138413911628
planned_path,,,,,,,,,,,,1432,7.294670108847183,1.3930138413911628
planned_path,,,,,,,,,,,,1433,7.244670108102125,1.3930138413911628
planned_path,,,,,,,,,,,,1434,7.194670107357067,1.3930138413911628
planned_path,,,,,,,,,,,,1435,7.144670106612009,1.3930138413911628
planned_path,,,,,,,,,,,,1436,7.094670105866951,1.3930138413911628
planned_path,,,,,,,,,,,,1437,7.0446701051218925,1.3930138413911628
planned_path,,,,,,,,,,,,1438,6.9946701043768345,1.3930138413911628
planned_path,,,,,,,,,,,,1439,6.944670103631776,1.3930138413911628
planned_path,,,,,,,,,,,,1440,6.894670102886718,1.3930138413911628
planned_path,,,,,,,,,,,,1441,6.84467010214166,1.3930138413911628
planned_path,,,,,,,,,,,,1442,6.794670101396602,1.3930138413911628
planned_path,,,,,,,,,,,,1443,6.744670100651544,1.3930138413911628
planned_path,,,,,,,,,,,,1444,6.694670099906486,1.3930138413911628
planned_path,,,,,,,,,,,,1445,6.644670099161428,1.3930138413911628
planned_path,,,,,,,,,,,,1446,6.59467009841637,1.3930138413911628
planned_path,,,,,,,,,,,,1447,6.544670097671312,1.3930138413911628
planned_path,,,,,,,,,,,,1448,6.494670096926254,1.3930138413911628
planned_path,,,,,,,,,,,,1449,6.444670096181196,1.3930138413911628
planned_path,,,,,,,,,,,,1450,6.394670095436138,1.3930138413911628
planned_path,,,,,,,,,,,,1451,6.34467009469108,1.3930138413911628
planned_path,,,,,,,,,,,,1452,6.294670093946022,1.3930138413911628
planned_path,,,,,,,,,,,,1453,6.244670093200964,1.3930138413911628
planned_path,,,,,,,,,,,,1454,6.1946700924559055,1.3930138413911628
planned_path,,,,,,,,,,,,1455,6.144670091710847,1.3930138413911628
planned_path,,,,,,,,,,,,1456,6.094670090965789,1.3930138413911628
planned_path,,,,,,,,,,,,1457,6.044670090220731,1.3930138413911628
planned_path,,,,,,,,,,,,1458,5.994670089475673,1.3930138413911628
planned_path,,,,,,,,,,,,1459,5.944670088730615,1.3930138413911628
planned_path,,,,,,,,,,,,1460,5.894670087985557,1.3930138413911628
planned_path,,,,,,,,,,,,1461,5.844670087240499,1.3930138413911628
planned_path,,,,,,,,,,,,1462,5.794670086495441,1.3930138413911628
planned_path,,,,,,,,,,,,1463,5.744670085750383,1.3930138413911628
planned_path,,,,,,,,,,,,1464,5.694670085005325,1.3930138413911628
planned_path,,,,,,,,,,,,1465,5.644670084260267,1.3930138413911628
planned_path,,,,,,,,,,,,1466,5.594670083515209,1.3430138406461047
planned_path,,,,,,,,,,,,1467,5.544670082770151,1.3430138406461047
planned_path,,,,,,,,,,,,1468,5.494670082025093,1.3430138406461047
planned_path,,,,,,,,,,,,1469,5.494670082025093,1.3430138406461047
planned_path,,,,,,,,,,,,1470,5.444670081280035,1.3430138406461047
planned_path,,,,,,,,,,,,1471,5.3946700805349765,1.3430138406461047
planned_path,,,,,,,,,,,,1472,5.3446700797899185,1.3430138406461047
planned_path,,,,,,,,,,,,1473,5.29467007904486,1.3430138406461047
planned_path,,,,,,,,,,,,1474,5.244670078299802,1.3430138406461047
planned_path,,,,,,,,,,,,1475,5.194670077554744,1.3430138406461047
planned_path,,,,,,,,,,,,1476,5.144670076809686,1.3430138406461047
planned_path,,,,,,,,,,,,1477,5.094670076064628,1.3430138406461047
planned_path,,,,,,,,,,,,1478,5.04467007531957,1.3430138406461047
planned_path,,,,,,,,,,,,1479,4.994670074574512,1.3430138406461047
planned_path,,,,,,,,,,,,1480,4.944670073829454,1.3430138406461047
planned_path,,,,,,,,,,,,1481,4.894670073084396,1.3430138406461047
planned_path,,,,,,,,,,,,1482,4.844670072339338,1.3430138406461047
planned_path,,,,,,,,,,,,1483,4.79467007159428,1.3430138406461047
planned_path,,,,,,,,,,,,1484,4.744670070849222,1.3430138406461047
planned_path,,,,,,,,,,,,1485,4.694670070104164,1.3430138406461047
planned_path,,,,,,,,,,,,1486,4.644670069359106,1.3430138406461047
planned_path,,,,,,,,,,,,1487,4.594670068614048,1.3430138406461047
planned_path,,,,,,,,,,,,1488,4.5446700678689895,1.3430138406461047
planned_path,,,,,,,,,,,,1489,4.4946700671239315,1.3430138406461047
planned_path,,,,,,,,,,,,1490,4.444670066378873,1.3430138406461047
planned_path,,,,,,,,,,,,1491,4.394670065633815,1.3430138406461047
planned_path,,,,,,,,,,,,1492,4.344670064888757,1.3930138413911628
planned_path,,,,,,,,,,,,1493,4.294670064143699,1.3930138413911628
planned_path,,,,,,,,,,,,1494,4.244670063398641,1.3930138413911628
planned_path,,,,,,,,,,,,1495,4.194670062653583,1.3930138413911628
planned_path,,,,,,,,,,,,1496,4.144670061908525,1.3930138413911628
planned_path,,,,,,,,,,,,1497,4.094670061163467,1.3930138413911628
planned_path,,,,,,,,,,,,1498,4.044670060418409,1.3930138413911628
planned_path,,,,,,,,,,,,1499,3.994670059673351,1.3930138413911628
planned_path,,,,,,,,,,,,1500,3.944670058928293,1.3930138413911628
planned_path,,,,,,,,,,,,1501,3.8946700581832348,1.3930138413911628
planned_path,,,,,,,,,,,,1502,3.8446700574381767,1.3930138413911628
planned_path,,,,,,,,,,,,1503,3.7946700566931186,1.3930138413911628
planned_path,,,,,,,,,,,,1504,3.7446700559480606,1.3930138413911628
planned_path,,,,,,,,,,,,1505,3.6946700552030025,1.3930138413911628
planned_path,,,,,,,,,,,,1506,3.6446700544579445,1.3930138413911628
planned_path,,,,,,,,,,,,1507,3.5946700537128864,1.3930138413911628
planned_path,,,,,,,,,,,,1508,3.5446700529678283,1.3930138413911628
planned_path,,,,,,,,,,,,1509,3.4946700522227703,1.3930138413911628
planned_path,,,,,,,,,,,,1510,3.444670051477712,1.3930138413911628
planned_path,,,,,,,,,,,,1511,3.394670050732654,1.3930138413911628
planned_path,,,,,,,,,,,,1512,3.344670049987596,1.3930138413911628
planned_path,,,,,,,,,,,,1513,3.294670049242538,1.3930138413911628
planned_path,,,,,,,,,,,,1514,3.24467004849748,1.3930138413911628
planned_path,,,,,,,,,,,,1515,3.194670047752422,1.3930138413911628
planned_path,,,,,,,,,,,,1516,3.144670047007364,1.3930138413911628
planned_path,,,,,,,,,,,,1517,3.094670046262306,1.3930138413911628
planned_path,,,,,,,,,,,,1518,3.0446700455172477,1.3930138413911628
planned_path,,,,,,,,,,,,1519,2.9946700447721897,1.3930138413911628
planned_path,,,,,,,,,,,,1520,2.9446700440271316,1.3930138413911628
planned_path,,,,,,,,,,,,1521,2.8946700432820736,1.3930138413911628
planned_path,,,,,,,,,,,,1522,2.8446700425370155,1.3930138413911628
planned_path,,,,,,,,,,,,1523,2.7946700417919574,1.3930138413911628
planned_path,,,,,,,,,,,,1524,2.7446700410468994,1.3930138413911628
planned_path,,,,,,,,,,,,1525,2.6946700403018413,1.3930138413911628
planned_path,,,,,,,,,,,,1526,2.6446700395567833,1.3930138413911628
planned_path,,,,,,,,,,,,1527,2.594670038811725,1.3930138413911628
planned_path,,,,,,,,,,,,1528,2.544670038066667,1.3930138413911628
planned_path,,,,,,,,,,,,1529,2.494670037321609,1.3930138413911628
planned_path,,,,,,,,,,,,1530,2.444670036576551,1.3930138413911628
planned_path,,,,,,,,,,,,1531,2.394670035831493,1.3930138413911628
planned_path,,,,,,,,,,,,1532,2.344670035086435,1.3930138413911628
planned_path,,,,,,,,,,,,1533,2.294670034341377,1.3930138413911628
planned_path,,,,,,,,,,,,1534,2.244670033596319,1.4430138421362209
planned_path,,,,,,,,,,,,1535,2.1946700328512607,1.493013842881279
planned_path,,,,,,,,,,,,1536,2.1446700321062027,1.543013843626337
planned_path,,,,,,,,,,,,1537,2.0946700313611446,1.593013844371395
planned_path,,,,,,,,,,,,1538,2.0446700306160865,1.643013845116453
planned_path,,,,,,,,,,,,1539,1.9946700298710285,1.6930138458615112
planned_path,,,,,,,,,,,,1540,1.9446700291259704,1.7430138466065692
planned_path,,,,,,,,,,,,1541,1.8946700283809124,1.7930138473516273
planned_path,,,,,,,,,,,,1542,1.8446700276358543,1.8430138480966853
planned_path,,,,,,,,,,,,1543,1.7946700268907962,1.8930138488417434
planned_path,,,,,,,,,,,,1544,1.7446700261457382,1.9430138495868015
planned_path,,,,,,,,,,,,1545,1.6946700254006801,1.9930138503318595
planned_path,,,,,,,,,,,,1546,1.644670024655622,2.0430138510769176
planned_path,,,,,,,,,,,,1547,1.594670023910564,2.0930138518219756
planned_path,,,,,,,,,,,,1548,1.544670023165506,2.1430138525670337
planned_path,,,,,,,,,,,,1549,1.4946700224204479,2.1930138533120918
planned_path,,,,,,,,,,,,1550,1.4446700216753898,2.24301385405715
planned_path,,,,,,,,,,,,1551,1.3946700209303318,2.293013854802208
planned_path,,,,,,,,,,,,1552,1.3446700201852737,2.343013855547266
planned_path,,,,,,,,,,,,1553,1.3446700201852737,2.393013856292324
planned_path,,,,,,,,,,,,1554,1.3446700201852737,2.443013857037382
planned_path,,,,,,,,,,,,1555,1.2946700194402156,2.49301385778244
planned_path,,,,,,,,,,,,1556,1.2946700194402156,2.543013858527498
planned_path,,,,,,,,,,,,1557,1.2446700186951576,2.5930138592725562
planned_path,,,,,,,,,,,,1558,1.2446700186951576,2.6430138600176143
planned_path,,,,,,,,,,,,1559,1.1946700179500995,2.6930138607626724
planned_path,,,,,,,,,,,,1560,1.1946700179500995,2.7430138615077304
planned_path,,,,,,,,,,,,1561,1.1446700172050415,2.7930138622527885
planned_path,,,,,,,,,,,,1562,1.1446700172050415,2.8430138629978465
planned_path,,,,,,,,,,,,1563,1.1446700172050415,2.8430138629978465
planned_path,,,,,,,,,,,,1564,1.1446700172050415,2.8930138637429046
planned_path,,,,,,,,,,,,1565,1.1446700172050415,2.9430138644879626
planned_path,,,,,,,,,,,,1566,1.1446700172050415,2.9930138652330207
planned_path,,,,,,,,,,,,1567,1.1446700172050415,3.0430138659780788
planned_path,,,,,,,,,,,,1568,1.1446700172050415,3.093013866723137
planned_path,,,,,,,,,,,,1569,1.1446700172050415,3.143013867468195
planned_path,,,,,,,,,,,,1570,1.1446700172050415,3.193013868213253
planned_path,,,,,,,,,,,,1571,1.0946700164599834,3.243013868958311
planned_path,,,,,,,,,,,,1572,1.0446700157149253,3.293013869703369
planned_path,,,,,,,,,,,,1573,1.0446700157149253,3.343013870448427
planned_path,,,,,,,,,,,,1574,1.0446700157149253,3.343013870448427
planned_path,,,,,,,,,,,,1575,0.9946700149698673,3.393013871193485
planned_path,,,,,,,,,,,,1576,0.9446700142248092,3.4430138719385432
planned_path,,,,,,,,,,,,1577,0.8946700134797512,3.4930138726836013
planned_path,,,,,,,,,,,,1578,0.8946700134797512,3.5430138734286594
planned_path,,,,,,,,,,,,1579,0.8946700134797512,3.5930138741737174
planned_path,,,,,,,,,,,,1580,0.8946700134797512,3.6430138749187755
planned_path,,,,,,,,,,,,1581,0.8946700134797512,3.6930138756638335
planned_path,,,,,,,,,,,,1582,0.8446700127346931,3.7430138764088916
planned_path,,,,,,,,,,,,1583,0.8446700127346931,3.7930138771539497
planned_path,,,,,,,,,,,,1584,0.794670011989635,3.8430138778990077
planned_path,,,,,,,,,,,,1585,0.794670011989635,3.893013878644066
planned_path,,,,,,,,,,,,1586,0.794670011989635,3.893013878644066
planned_path,,,,,,,,,,,,1587,0.744670011244577,3.943013879389124
planned_path,,,,,,,,,,,,1588,0.6946700104995189,3.993013880134182
planned_path,,,,,,,,,,,,1589,0.6446700097544609,4.04301388087924
planned_path,,,,,,,,,,,,1590,0.5946700090094028,4.04301388087924
planned_path,,,,,,,,,,,,1591,0.5446700082643448,4.04301388087924
planned_path,,,,,,,,,,,,1592,0.4946700075192867,4.04301388087924
planned_path,,,,,,,,,,,,1593,0.44467000677422863,4.093013881624298
planned_path,,,,,,,,,,,,1594,0.3946700060291706,4.093013881624298
planned_path,,,,,,,,,,,,1595,0.3446700052841125,4.093013881624298
planned_path,,,,,,,,,,,,1596,0.3446700052841125,4.093013881624298
planned_path,,,,,,,,,,,,1597,0.29467000453905445,4.093013881624298
planned_path,,,,,,,,,,,,1598,0.2446700037939964,4.093013881624298
planned_path,,,,,,,,,,,,1599,0.19467000304893833,4.093013881624298
planned_path,,,,,,,,,,,,1600,0.14467000230388027,4.093013881624298
planned_path,,,,,,,,,,,,1601,0.09467000155882221,4.093013881624298
planned_path,,,,,,,,,,,,1602,0.044670000813764155,4.093013881624298
planned_path,,,,,,,,,,,,1603,-0.005329999931293905,4.093013881624298
planned_path,,,,,,,,,,,,1604,-0.055330000676351965,4.093013881624298
planned_path,,,,,,,,,,,,1605,-0.10533000142141002,4.093013881624298
planned_path,,,,,,,,,,,,1606,-0.15533000216646808,4.093013881624298
planned_path,,,,,,,,,,,,1607,-0.20533000291152614,4.093013881624298
planned_path,,,,,,,,,,,,1608,-0.20533000291152614,4.093013881624298
planned_path,,,,,,,,,,,,1609,-0.2553300036565842,4.04301388087924
planned_path,,,,,,,,,,,,1610,-0.30533000440164226,3.993013880134182
planned_path,,,,,,,,,,,,1611,-0.3553300051467003,3.993013880134182
planned_path,,,,,,,,,,,,1612,-0.4053300058917584,3.993013880134182
planned_path,,,,,,,,,,,,1613,-0.45533000663681644,3.943013879389124
planned_path,,,,,,,,,,,,1614,-0.5053300073818745,3.943013879389124
planned_path,,,,,,,,,,,,1615,-0.5553300081269326,3.943013879389124
planned_path,,,,,,,,,,,,1616,-0.5553300081269326,3.943013879389124
planned_path,,,,,,,,,,,,1617,-0.6053300088719906,3.893013878644066
planned_path,,,,,,,,,,,,1618,-0.6553300096170487,3.8430138778990077
planned_path,,,,,,,,,,,,1619,-0.7053300103621067,3.7930138771539497
planned_path,,,,,,,,,,,,1620,-0.7553300111071648,3.7430138764088916
planned_path,,,,,,,,,,,,1621,-0.8053300118522229,3.6930138756638335
planned_path,,,,,,,,,,,,1622,-0.8553300125972809,3.6930138756638335
planned_path,,,,,,,,,,,,1623,-0.905330013342339,3.6930138756638335
planned_path,,,,,,,,,,,,1624,-0.905330013342339,3.6930138756638335
planned_path,,,,,,,,,,,,1625,-0.955330014087397,3.6430138749187755
planned_path,,,,,,,,,,,,1626,-1.005330014832455,3.5930138741737174
planned_path,,,,,,,,,,,,1627,-1.0553300155775132,3.5430138734286594
planned_path,,,,,,,,,,,,1628,-1.1053300163225712,3.4930138726836013
planned_path,,,,,,,,,,,,1629,-1.1553300170676293,3.4430138719385432
planned_path,,,,,,,,,,,,1630,-1.1553300170676293,3.393013871193485
planned_path,,,,,,,,,,,,1631,-1.2053300178126873,3.343013870448427
planned_path,,,,,,,,,,,,1632,-1.2053300178126873,3.293013869703369
planned_path,,,,,,,,,,,,1633,-1.2053300178126873,3.243013868958311
planned_path,,,,,,,,,,,,1634,-1.2053300178126873,3.243013868958311
planned_path,,,,,,,,,,,,1635,-1.2553300185577454,3.193013868213253
planned_path,,,,,,,,,,,,1636,-1.3053300193028035,3.143013867468195
planned_path,,,,,,,,,,,,1637,-1.3553300200478615,3.093013866723137
planned_path,,,,,,,,,,,,1638,-1.3553300200478615,3.0430138659780788
planned_path,,,,,,,,,,,,1639,-1.3553300200478615,2.9930138652330207
planned_path,,,,,,,,,,,,1640,-1.3553300200478615,2.9430138644879626
planned_path,,,,,,,,,,,,1641,-1.3553300200478615,2.8930138637429046
planned_path,,,,,,,,,,,,1642,-1.4053300207929196,2.8430138629978465
planned_path,,,,,,,,,,,,1643,-1.4053300207929196,2.7930138622527885
planned_path,,,,,,,,,,,,1644,-1.4553300215379776,2.7430138615077304
planned_path,,,,,,,,,,,,1645,-1.4553300215379776,2.6930138607626724
planned_path,,,,,,,,,,,,1646,-1.4553300215379776,2.6930138607626724
planned_path,,,,,,,,,,,,1647,-1.4553300215379776,2.6430138600176143
planned_path,,,,,,,,,,,,1648,-1.4553300215379776,2.5930138592725562
planned_path,,,,,,,,,,,,1649,-1.4553300215379776,2.543013858527498
planned_path,,,,,,,,,,,,1650,-1.4553300215379776,2.49301385778244
planned_path,,,,,,,,,,,,1651,-1.4553300215379776,2.443013857037382
planned_path,,,,,,,,,,,,1652,-1.4553300215379776,2.393013856292324
planned_path,,,,,,,,,,,,1653,-1.4553300215379776,2.343013855547266
planned_path,,,,,,,,,,,,1654,-1.4553300215379776,2.293013854802208
planned_path,,,,,,,,,,,,1655,-1.4553300215379776,2.24301385405715
planned_path,,,,,,,,,,,,1656,-1.4553300215379776,2.1930138533120918
planned_path,,,,,,,,,,,,1657,-1.4053300207929196,2.1430138525670337
planned_path,,,,,,,,,,,,1658,-1.4053300207929196,2.0930138518219756
planned_path,,,,,,,,,,,,1659,-1.4053300207929196,2.0430138510769176
planned_path,,,,,,,,,,,,1660,-1.4053300207929196,2.0430138510769176
planned_path,,,,,,,,,,,,1661,-1.4053300207929196,1.9930138503318595
planned_path,,,,,,,,,,,,1662,-1.4053300207929196,1.9430138495868015
planned_path,,,,,,,,,,,,1663,-1.4053300207929196,1.8930138488417434
planned_path,,,,,,,,,,,,1664,-1.4053300207929196,1.8430138480966853
planned_path,,,,,,,,,,,,1665,-1.4053300207929196,1.7930138473516273
planned_path,,,,,,,,,,,,1666,-1.4053300207929196,1.7430138466065692
planned_path,,,,,,,,,,,,1667,-1.4053300207929196,1.6930138458615112
planned_path,,,,,,,,,,,,1668,-1.3553300200478615,1.643013845116453
planned_path,,,,,,,,,,,,1669,-1.3053300193028035,1.593013844371395
planned_path,,,,,,,,,,,,1670,-1.3053300193028035,1.543013843626337
planned_path,,,,,,,,,,,,1671,-1.2553300185577454,1.493013842881279
planned_path,,,,,,,,,,,,1672,-1.2553300185577454,1.4430138421362209
planned_path,,,,,,,,,,,,1673,-1.2553300185577454,1.4430138421362209
planned_path,,,,,,,,,,,,1674,-1.2053300178126873,1.3930138413911628
planned_path,,,,,,,,,,,,1675,-1.1553300170676293,1.3430138406461047
planned_path,,,,,,,,,,,,1676,-1.1053300163225712,1.2930138399010467
planned_path,,,,,,,,,,,,1677,-1.1053300163225712,1.2430138391559886
planned_path,,,,,,,,,,,,1678,-1.1053300163225712,1.1930138384109306
planned_path,,,,,,,,,,,,1679,-1.1053300163225712,1.1430138376658725
planned_path,,,,,,,,,,,,1680,-1.0553300155775132,1.0930138369208144
planned_path,,,,,,,,,,,,1681,-1.005330014832455,1.0430138361757564
planned_path,,,,,,,,,,,,1682,-0.955330014087397,0.9930138354306983
planned_path,,,,,,,,,,,,1683,-0.905330013342339,0.9430138346856403
planned_path,,,,,,,,,,,,1684,-0.8553300125972809,0.8930138339405822
planned_path,,,,,,,,,,,,1685,-0.8553300125972809,0.8430138331955241
planned_path,,,,,,,,,,,,1686,-0.8553300125972809,0.8430138331955241
planned_path,,,,,,,,,,,,1687,-0.8053300118522229,0.8430138331955241
planned_path,,,,,,,,,,,,1688,-0.7553300111071648,0.8430138331955241
planned_path,,,,,,,,,,,,1689,-0.7053300103621067,0.8430138331955241
planned_path,,,,,,,,,,,,1690,-0.6553300096170487,0.8430138331955241
planned_path,,,,,,,,,,,,1691,-0.6053300088719906,0.8430138331955241
planned_path,,,,,,,,,,,,1692,-0.5553300081269326,0.8430138331955241
planned_path,,,,,,,,,,,,1693,-0.5053300073818745,0.8430138331955241
planned_path,,,,,,,,,,,,1694,-0.45533000663681644,0.8430138331955241
planned_path,,,,,,,,,,,,1695,-0.4053300058917584,0.8430138331955241
planned_path,,,,,,,,,,,,1696,-0.3553300051467003,0.8430138331955241
planned_path,,,,,,,,,,,,1697,-0.30533000440164226,0.8430138331955241
planned_path,,,,,,,,,,,,1698,-0.2553300036565842,0.8430138331955241
planned_path,,,,,,,,,,,,1699,-0.20533000291152614,0.8430138331955241
planned_path,,,,,,,,,,,,1700,-0.15533000216646808,0.8430138331955241
planned_path,,,,,,,,,,,,1701,-0.10533000142141002,0.8430138331955241
planned_path,,,,,,,,,,,,1702,-0.055330000676351965,0.8430138331955241
planned_path,,,,,,,,,,,,1703,-0.005329999931293905,0.8430138331955241
planned_path,,,,,,,,,,,,1704,0.044670000813764155,0.8430138331955241
planned_path,,,,,,,,,,,,1705,0.09467000155882221,0.8430138331955241
planned_path,,,,,,,,,,,,1706,0.14467000230388027,0.8430138331955241
planned_path,,,,,,,,,,,,1707,0.19467000304893833,0.8430138331955241
planned_path,,,,,,,,,,,,1708,0.2446700037939964,0.8430138331955241
planned_path,,,,,,,,,,,,1709,0.29467000453905445,0.8430138331955241
planned_path,,,,,,,,,,,,1710,0.3446700052841125,0.8430138331955241
planned_path,,,,,,,,,,,,1711,0.3946700060291706,0.8430138331955241
planned_path,,,,,,,,,,,,1712,0.44467000677422863,0.8430138331955241
planned_path,,,,,,,,,,,,1713,0.4946700075192867,0.8430138331955241
planned_path,,,,,,,,,,,,1714,0.5446700082643448,0.8430138331955241
planned_path,,,,,,,,,,,,1715,0.5946700090094028,0.8430138331955241
planned_path,,,,,,,,,,,,1716,0.6446700097544609,0.8430138331955241
planned_path,,,,,,,,,,,,1717,0.6946700104995189,0.8430138331955241
planned_path,,,,,,,,,,,,1718,0.744670011244577,0.8430138331955241
planned_path,,,,,,,,,,,,1719,0.794670011989635,0.8430138331955241
planned_path,,,,,,,,,,,,1720,0.8446700127346931,0.8430138331955241
planned_path,,,,,,,,,,,,1721,0.8946700134797512,0.8430138331955241
planned_path,,,,,,,,,,,,1722,0.9446700142248092,0.8430138331955241
planned_path,,,,,,,,,,,,1723,0.9946700149698673,0.8430138331955241
planned_path,,,,,,,,,,,,1724,1.0446700157149253,0.8430138331955241
planned_path,,,,,,,,,,,,1725,1.0946700164599834,0.8430138331955241
planned_path,,,,,,,,,,,,1726,1.1446700172050415,0.8430138331955241
planned_path,,,,,,,,,,,,1727,1.1946700179500995,0.8430138331955241
planned_path,,,,,,,,,,,,1728,1.2446700186951576,0.8430138331955241
planned_path,,,,,,,,,,,,1729,1.2946700194402156,0.8430138331955241
planned_path,,,,,,,,,,,,1730,1.3446700201852737,0.8430138331955241
planned_path,,,,,,,,,,,,1731,1.3946700209303318,0.8430138331955241
planned_path,,,,,,,,,,,,1732,1.4446700216753898,0.8430138331955241
planned_path,,,,,,,,,,,,1733,1.4946700224204479,0.8430138331955241
planned_path,,,,,,,,,,,,1734,1.544670023165506,0.8430138331955241
planned_path,,,,,,,,,,,,1735,1.594670023910564,0.8430138331955241
planned_path,,,,,,,,,,,,1736,1.644670024655622,0.8430138331955241
planned_path,,,,,,,,,,,,1737,1.6946700254006801,0.8430138331955241
planned_path,,,,,,,,,,,,1738,1.7446700261457382,0.8430138331955241
planned_path,,,,,,,,,,,,1739,1.7946700268907962,0.8430138331955241
planned_path,,,,,,,,,,,,1740,1.8446700276358543,0.8430138331955241
planned_path,,,,,,,,,,,,1741,1.8946700283809124,0.8430138331955241
planned_path,,,,,,,,,,,,1742,1.9446700291259704,0.8430138331955241
planned_path,,,,,,,,,,,,1743,1.9946700298710285,0.8430138331955241
planned_path,,,,,,,,,,,,1744,2.0446700306160865,0.8430138331955241
planned_path,,,,,,,,,,,,1745,2.0946700313611446,0.8430138331955241
planned_path,,,,,,,,,,,,1746,2.1446700321062027,0.8430138331955241
planned_path,,,,,,,,,,,,1747,2.1946700328512607,0.8430138331955241
planned_path,,,,,,,,,,,,1748,2.244670033596319,0.8430138331955241
planned_path,,,,,,,,,,,,1749,2.294670034341377,0.8430138331955241
planned_path,,,,,,,,,,,,1750,2.344670035086435,0.8430138331955241
planned_path,,,,,,,,,,,,1751,2.394670035831493,0.8430138331955241
planned_path,,,,,,,,,,,,1752,2.444670036576551,0.8430138331955241
planned_path,,,,,,,,,,,,1753,2.494670037321609,0.8430138331955241
planned_path,,,,,,,,,,,,1754,2.544670038066667,0.8430138331955241
planned_path,,,,,,,,,,,,1755,2.594670038811725,0.8430138331955241
planned_path,,,,,,,,,,,,1756,2.6446700395567833,0.8430138331955241
planned_path,,,,,,,,,,,,1757,2.6946700403018413,0.8430138331955241
planned_path,,,,,,,,,,,,1758,2.7446700410468994,0.8430138331955241
planned_path,,,,,,,,,,,,1759,2.7946700417919574,0.8430138331955241
planned_path,,,,,,,,,,,,1760,2.8446700425370155,0.8430138331955241
planned_path,,,,,,,,,,,,1761,2.8946700432820736,0.8430138331955241
planned_path,,,,,,,,,,,,1762,2.9446700440271316,0.8430138331955241
planned_path,,,,,,,,,,,,1763,2.9946700447721897,0.8430138331955241
planned_path,,,,,,,,,,,,1764,3.0446700455172477,0.8430138331955241
planned_path,,,,,,,,,,,,1765,3.094670046262306,0.8430138331955241
planned_path,,,,,,,,,,,,1766,3.144670047007364,0.8430138331955241
planned_path,,,,,,,,,,,,1767,3.194670047752422,0.8430138331955241
planned_path,,,,,,,,,,,,1768,3.24467004849748,0.8430138331955241
planned_path,,,,,,,,,,,,1769,3.294670049242538,0.8430138331955241
planned_path,,,,,,,,,,,,1770,3.344670049987596,0.8430138331955241
planned_path,,,,,,,,,,,,1771,3.394670050732654,0.8430138331955241
planned_path,,,,,,,,,,,,1772,3.444670051477712,0.8430138331955241
planned_path,,,,,,,,,,,,1773,3.4946700522227703,0.8430138331955241
planned_path,,,,,,,,,,,,1774,3.5446700529678283,0.8430138331955241
planned_path,,,,,,,,,,,,1775,3.5946700537128864,0.8430138331955241
planned_path,,,,,,,,,,,,1776,3.6446700544579445,0.8430138331955241
planned_path,,,,,,,,,,,,1777,3.6946700552030025,0.8430138331955241
planned_path,,,,,,,,,,,,1778,3.7446700559480606,0.8430138331955241
planned_path,,,,,,,,,,,,1779,3.7946700566931186,0.8430138331955241
planned_path,,,,,,,,,,,,1780,3.8446700574381767,0.8430138331955241
planned_path,,,,,,,,,,,,1781,3.8946700581832348,0.8430138331955241
planned_path,,,,,,,,,,,,1782,3.944670058928293,0.8430138331955241
planned_path,,,,,,,,,,,,1783,3.994670059673351,0.8430138331955241
planned_path,,,,,,,,,,,,1784,4.044670060418409,0.8430138331955241
planned_path,,,,,,,,,,,,1785,4.094670061163467,0.8430138331955241
planned_path,,,,,,,,,,,,1786,4.144670061908525,0.8430138331955241
planned_path,,,,,,,,,,,,1787,4.194670062653583,0.8430138331955241
planned_path,,,,,,,,,,,,1788,4.244670063398641,0.8430138331955241
planned_path,,,,,,,,,,,,1789,4.294670064143699,0.8430138331955241
planned_path,,,,,,,,,,,,1790,4.344670064888757,0.8430138331955241
planned_path,,,,,,,,,,,,1791,4.394670065633815,0.8430138331955241
planned_path,,,,,,,,,,,,1792,4.444670066378873,0.8430138331955241
planned_path,,,,,,,,,,,,1793,4.4946700671239315,0.8430138331955241
planned_path,,,,,,,,,,,,1794,4.5446700678689895,0.8430138331955241
planned_path,,,,,,,,,,,,1795,4.594670068614048,0.8430138331955241
planned_path,,,,,,,,,,,,1796,4.644670069359106,0.8430138331955241
planned_path,,,,,,,,,,,,1797,4.694670070104164,0.8430138331955241
planned_path,,,,,,,,,,,,1798,4.744670070849222,0.8430138331955241
planned_path,,,,,,,,,,,,1799,4.79467007159428,0.8430138331955241
planned_path,,,,,,,,,,,,1800,4.844670072339338,0.8430138331955241
planned_path,,,,,,,,,,,,1801,4.894670073084396,0.8430138331955241
planned_path,,,,,,,,,,,,1802,4.944670073829454,0.8430138331955241
planned_path,,,,,,,,,,,,1803,4.994670074574512,0.8430138331955241
planned_path,,,,,,,,,,,,1804,5.04467007531957,0.8430138331955241
planned_path,,,,,,,,,,,,1805,5.094670076064628,0.8430138331955241
planned_path,,,,,,,,,,,,1806,5.144670076809686,0.8430138331955241
planned_path,,,,,,,,,,,,1807,5.194670077554744,0.8430138331955241
planned_path,,,,,,,,,,,,1808,5.244670078299802,0.8430138331955241
planned_path,,,,,,,,,,,,1809,5.29467007904486,0.8430138331955241
planned_path,,,,,,,,,,,,1810,5.3446700797899185,0.8430138331955241
planned_path,,,,,,,,,,,,1811,5.3946700805349765,0.8430138331955241
planned_path,,,,,,,,,,,,1812,5.444670081280035,0.8430138331955241
planned_path,,,,,,,,,,,,1813,5.494670082025093,0.8430138331955241
planned_path,,,,,,,,,,,,1814,5.544670082770151,0.8430138331955241
planned_path,,,,,,,,,,,,1815,5.594670083515209,0.8430138331955241
planned_path,,,,,,,,,,,,1816,5.644670084260267,0.8430138331955241
planned_path,,,,,,,,,,,,1817,5.694670085005325,0.8430138331955241
planned_path,,,,,,,,,,,,1818,5.744670085750383,0.8430138331955241
planned_path,,,,,,,,,,,,1819,5.794670086495441,0.8430138331955241
planned_path,,,,,,,,,,,,1820,5.844670087240499,0.8430138331955241
planned_path,,,,,,,,,,,,1821,5.894670087985557,0.8430138331955241
planned_path,,,,,,,,,,,,1822,5.944670088730615,0.8430138331955241
planned_path,,,,,,,,,,,,1823,5.994670089475673,0.8430138331955241
planned_path,,,,,,,,,,,,1824,6.044670090220731,0.8430138331955241
planned_path,,,,,,,,,,,,1825,6.094670090965789,0.8430138331955241
planned_path,,,,,,,,,,,,1826,6.144670091710847,0.8430138331955241
planned_path,,,,,,,,,,,,1827,6.1946700924559055,0.8430138331955241
planned_path,,,,,,,,,,,,1828,6.244670093200964,0.8430138331955241
planned_path,,,,,,,,,,,,1829,6.294670093946022,0.8430138331955241
planned_path,,,,,,,,,,,,1830,6.34467009469108,0.8430138331955241
planned_path,,,,,,,,,,,,1831,6.394670095436138,0.8430138331955241
planned_path,,,,,,,,,,,,1832,6.444670096181196,0.8430138331955241
planned_path,,,,,,,,,,,,1833,6.494670096926254,0.8430138331955241
planned_path,,,,,,,,,,,,1834,6.544670097671312,0.8430138331955241
planned_path,,,,,,,,,,,,1835,6.59467009841637,0.8430138331955241
planned_path,,,,,,,,,,,,1836,6.644670099161428,0.8430138331955241
planned_path,,,,,,,,,,,,1837,6.694670099906486,0.8430138331955241
planned_path,,,,,,,,,,,,1838,6.744670100651544,0.8430138331955241
planned_path,,,,,,,,,,,,1839,6.794670101396602,0.8430138331955241
planned_path,,,,,,,,,,,,1840,6.84467010214166,0.8430138331955241
planned_path,,,,,,,,,,,,1841,6.894670102886718,0.8430138331955241
planned_path,,,,,,,,,,,,1842,6.944670103631776,0.8430138331955241
planned_path,,,,,,,,,,,,1843,6.9946701043768345,0.8430138331955241
planned_path,,,,,,,,,,,,1844,7.0446701051218925,0.8430138331955241
planned_path,,,,,,,,,,,,1845,7.094670105866951,0.8430138331955241
planned_path,,,,,,,,,,,,1846,7.144670106612009,0.8430138331955241
planned_path,,,,,,,,,,,,1847,7.194670107357067,0.8430138331955241
planned_path,,,,,,,,,,,,1848,7.244670108102125,0.8430138331955241
planned_path,,,,,,,,,,,,1849,7.294670108847183,0.8430138331955241
planned_path,,,,,,,,,,,,1850,7.344670109592241,0.8430138331955241
planned_path,,,,,,,,,,,,1851,7.394670110337299,0.8430138331955241
planned_path,,,,,,,,,,,,1852,7.444670111082357,0.8430138331955241
planned_path,,,,,,,,,,,,1853,7.494670111827415,0.8430138331955241
planned_path,,,,,,,,,,,,1854,7.544670112572473,0.8430138331955241
planned_path,,,,,,,,,,,,1855,7.594670113317531,0.8430138331955241
planned_path,,,,,,,,,,,,1856,7.644670114062589,0.8430138331955241
planned_path,,,,,,,,,,,,1857,7.694670114807647,0.8430138331955241
planned_path,,,,,,,,,,,,1858,7.744670115552705,0.8430138331955241
planned_path,,,,,,,,,,,,1859,7.794670116297763,0.8430138331955241
planned_path,,,,,,,,,,,,1860,7.8446701170428215,0.8430138331955241
planned_path,,,,,,,,,,,,1861,7.8946701177878795,0.8430138331955241
planned_path,,,,,,,,,,,,1862,7.944670118532938,0.8430138331955241
planned_path,,,,,,,,,,,,1863,7.994670119277996,0.8430138331955241
planned_path,,,,,,,,,,,,1864,8.044670120023053,0.8430138331955241
planned_path,,,,,,,,,,,,1865,8.09467012076811,0.8430138331955241
planned_path,,,,,,,,,,,,1866,8.144670121513169,0.8430138331955241
planned_path,,,,,,,,,,,,1867,8.194670122258227,0.8430138331955241
planned_path,,,,,,,,,,,,1868,8.244670123003285,0.8430138331955241
planned_path,,,,,,,,,,,,1869,8.294670123748343,0.8430138331955241
planned_path,,,,,,,,,,,,1870,8.344670124493401,0.8430138331955241
planned_path,,,,,,,,,,,,1871,8.39467012523846,0.8430138331955241
planned_path,,,,,,,,,,,,1872,8.444670125983517,0.8430138331955241
planned_path,,,,,,,,,,,,1873,8.494670126728575,0.8430138331955241
planned_path,,,,,,,,,,,,1874,8.544670127473633,0.8430138331955241
planned_path,,,,,,,,,,,,1875,8.594670128218691,0.8430138331955241
planned_path,,,,,,,,,,,,1876,8.64467012896375,0.8430138331955241
planned_path,,,,,,,,,,,,1877,8.694670129708808,0.8430138331955241
planned_path,,,,,,,,,,,,1878,8.744670130453866,0.8430138331955241
planned_path,,,,,,,,,,,,1879,8.794670131198924,0.8430138331955241
planned_path,,,,,,,,,,,,1880,8.844670131943982,0.8430138331955241
planned_path,,,,,,,,,,,,1881,8.89467013268904,0.8430138331955241
planned_path,,,,,,,,,,,,1882,8.944670133434098,0.8430138331955241
planned_path,,,,,,,,,,,,1883,8.994670134179156,0.8430138331955241
planned_path,,,,,,,,,,,,1884,9.044670134924214,0.8430138331955241
planned_path,,,,,,,,,,,,1885,9.094670135669272,0.8430138331955241
planned_path,,,,,,,,,,,,1886,9.14467013641433,0.8430138331955241
planned_path,,,,,,,,,,,,1887,9.194670137159388,0.8430138331955241
planned_path,,,,,,,,,,,,1888,9.244670137904446,0.8430138331955241
planned_path,,,,,,,,,,,,1889,9.294670138649504,0.8430138331955241
planned_path,,,,,,,,,,,,1890,9.344670139394562,0.8430138331955241
planned_path,,,,,,,,,,,,1891,9.39467014013962,0.8430138331955241
planned_path,,,,,,,,,,,,1892,9.444670140884678,0.8430138331955241
planned_path,,,,,,,,,,,,1893,9.494670141629737,0.8430138331955241
planned_path,,,,,,,,,,,,1894,9.544670142374795,0.8430138331955241
planned_path,,,,,,,,,,,,1895,9.594670143119853,0.8430138331955241
planned_path,,,,,,,,,,,,1896,9.64467014386491,0.8430138331955241
planned_path,,,,,,,,,,,,1897,9.694670144609969,0.8430138331955241
planned_path,,,,,,,,,,,,1898,9.744670145355027,0.8430138331955241
planned_path,,,,,,,,,,,,1899,9.794670146100085,0.8430138331955241
planned_path,,,,,,,,,,,,1900,9.844670146845143,0.8430138331955241
planned_path,,,,,,,,,,,,1901,9.894670147590201,0.8430138331955241
planned_path,,,,,,,,,,,,1902,9.944670148335259,0.8430138331955241
planned_path,,,,,,,,,,,,1903,9.994670149080317,0.8430138331955241
planned_path,,,,,,,,,,,,1904,10.044670149825375,0.8430138331955241
planned_path,,,,,,,,,,,,1905,10.094670150570433,0.8430138331955241
planned_path,,,,,,,,,,,,1906,10.144670151315491,0.8430138331955241
planned_path,,,,,,,,,,,,1907,10.19467015206055,0.8430138331955241
planned_path,,,,,,,,,,,,1908,10.244670152805607,0.8430138331955241
planned_path,,,,,,,,,,,,1909,10.294670153550666,0.8430138331955241
planned_path,,,,,,,,,,,,1910,10.344670154295724,0.8430138331955241
planned_path,,,,,,,,,,,,1911,10.394670155040782,0.8430138331955241
planned_path,,,,,,,,,,,,1912,10.44467015578584,0.8430138331955241
planned_path,,,,,,,,,,,,1913,10.494670156530898,0.8430138331955241
planned_path,,,,,,,,,,,,1914,10.544670157275956,0.8430138331955241
planned_path,,,,,,,,,,,,1915,10.594670158021014,0.8430138331955241
planned_path,,,,,,,,,,,,1916,10.644670158766072,0.8430138331955241
planned_path,,,,,,,,,,,,1917,10.69467015951113,0.8430138331955241
planned_path,,,,,,,,,,,,1918,10.744670160256188,0.8430138331955241
planned_path,,,,,,,,,,,,1919,10.794670161001246,0.8430138331955241
planned_path,,,,,,,,,,,,1920,10.844670161746304,0.8430138331955241
planned_path,,,,,,,,,,,,1921,10.894670162491362,0.8430138331955241
planned_path,,,,,,,,,,,,1922,10.94467016323642,0.8430138331955241
planned_path,,,,,,,,,,,,1923,10.994670163981478,0.8430138331955241
planned_path,,,,,,,,,,,,1924,11.044670164726536,0.8430138331955241
planned_path,,,,,,,,,,,,1925,11.094670165471594,0.8430138331955241
planned_path,,,,,,,,,,,,1926,11.144670166216653,0.8430138331955241
planned_path,,,,,,,,,,,,1927,11.19467016696171,0.8430138331955241
planned_path,,,,,,,,,,,,1928,11.244670167706769,0.8430138331955241
planned_path,,,,,,,,,,,,1929,11.294670168451827,0.8430138331955241
planned_path,,,,,,,,,,,,1930,11.344670169196885,0.8430138331955241
planned_path,,,,,,,,,,,,1931,11.394670169941943,0.8430138331955241
planned_path,,,,,,,,,,,,1932,11.444670170687,0.8430138331955241
planned_path,,,,,,,,,,,,1933,11.494670171432059,0.8430138331955241
planned_path,,,,,,,,,,,,1934,11.544670172177117,0.8430138331955241
planned_path,,,,,,,,,,,,1935,11.594670172922175,0.8430138331955241
planned_path,,,,,,,,,,,,1936,11.644670173667233,0.8430138331955241
planned_path,,,,,,,,,,,,1937,11.694670174412291,0.8430138331955241
planned_path,,,,,,,,,,,,1938,11.74467017515735,0.8430138331955241
planned_path,,,,,,,,,,,,1939,11.794670175902407,0.8430138331955241
planned_path,,,,,,,,,,,,1940,11.844670176647465,0.8430138331955241
planned_path,,,,,,,,,,,,1941,11.894670177392523,0.8430138331955241
planned_path,,,,,,,,,,,,1942,11.944670178137581,0.8430138331955241
planned_path,,,,,,,,,,,,1943,11.99467017888264,0.8430138331955241
planned_path,,,,,,,,,,,,1944,12.044670179627698,0.8430138331955241
planned_path,,,,,,,,,,,,1945,12.094670180372756,0.8430138331955241
planned_path,,,,,,,,,,,,1946,12.144670181117814,0.8430138331955241
planned_path,,,,,,,,,,,,1947,12.194670181862872,0.8430138331955241
planned_path,,,,,,,,,,,,1948,12.24467018260793,0.8430138331955241
planned_path,,,,,,,,,,,,1949,12.294670183352988,0.8430138331955241
planned_path,,,,,,,,,,,,1950,12.344670184098046,0.8430138331955241
planned_path,,,,,,,,,,,,1951,12.394670184843104,0.8430138331955241
planned_path,,,,,,,,,,,,1952,12.444670185588162,0.8430138331955241
planned_path,,,,,,,,,,,,1953,12.49467018633322,0.8430138331955241
planned_path,,,,,,,,,,,,1954,12.544670187078278,0.8430138331955241
planned_path,,,,,,,,,,,,1955,12.594670187823336,0.8430138331955241
planned_path,,,,,,,,,,,,1956,12.644670188568394,0.8430138331955241
planned_path,,,,,,,,,,,,1957,12.694670189313452,0.8430138331955241
planned_path,,,,,,,,,,,,1958,12.74467019005851,0.8430138331955241
planned_path,,,,,,,,,,,,1959,12.794670190803568,0.8430138331955241
planned_path,,,,,,,,,,,,1960,12.844670191548627,0.8430138331955241
planned_path,,,,,,,,,,,,1961,12.894670192293685,0.8430138331955241
planned_path,,,,,,,,,,,,1962,12.944670193038743,0.8430138331955241
planned_path,,,,,,,,,,,,1963,12.9946701937838,0.8430138331955241
planned_path,,,,,,,,,,,,1964,13.044670194528859,0.8430138331955241
planned_path,,,,,,,,,,,,1965,13.094670195273917,0.8430138331955241
planned_path,,,,,,,,,,,,1966,13.144670196018975,0.8430138331955241
planned_path,,,,,,,,,,,,1967,13.194670196764033,0.8430138331955241
planned_path,,,,,,,,,,,,1968,13.244670197509091,0.8430138331955241
planned_path,,,,,,,,,,,,1969,13.294670198254149,0.8430138331955241
planned_path,,,,,,,,,,,,1970,13.344670198999207,0.8430138331955241
planned_path,,,,,,,,,,,,1971,13.394670199744265,0.8430138331955241
planned_path,,,,,,,,,,,,1972,13.444670200489323,0.8430138331955241
planned_path,,,,,,,,,,,,1973,13.494670201234381,0.8430138331955241
planned_path,,,,,,,,,,,,1974,13.54467020197944,0.8430138331955241
planned_path,,,,,,,,,,,,1975,13.594670202724497,0.8430138331955241
planned_path,,,,,,,,,,,,1976,13.644670203469556,0.8430138331955241
planned_path,,,,,,,,,,,,1977,13.694670204214614,0.8430138331955241
planned_path,,,,,,,,,,,,1978,13.744670204959672,0.8430138331955241
planned_path,,,,,,,,,,,,1979,13.79467020570473,0.7930138324504661
planned_path,,,,,,,,,,,,1980,13.844670206449788,0.7930138324504661
planned_path,,,,,,,,,,,,1981,13.894670207194846,0.7930138324504661
planned_path,,,,,,,,,,,,1982,13.944670207939904,0.7930138324504661
planned_path,,,,,,,,,,,,1983,13.994670208684962,0.7930138324504661
planned_path,,,,,,,,,,,,1984,14.04467020943002,0.7930138324504661
planned_path,,,,,,,,,,,,1985,14.094670210175078,0.743013831705408
planned_path,,,,,,,,,,,,1986,14.144670210920136,0.743013831705408
planned_path,,,,,,,,,,,,1987,14.194670211665194,0.743013831705408
planned_path,,,,,,,,,,,,1988,14.194670211665194,0.743013831705408
planned_path,,,,,,,,,,,,1989,14.244670212410252,0.7930138324504661
planned_path,,,,,,,,,,,,1990,14.29467021315531,0.8430138331955241
planned_path,,,,,,,,,,,,1991,14.344670213900368,0.8930138339405822
planned_path,,,,,,,,,,,,1992,14.394670214645426,0.9430138346856403
planned_path,,,,,,,,,,,,1993,14.444670215390484,0.9930138354306983
planned_path,,,,,,,,,,,,1994,14.494670216135543,1.0430138361757564
planned_path,,,,,,,,,,,,1995,14.5446702168806,1.0930138369208144
planned_path,,,,,,,,,,,,1996,14.594670217625659,1.1430138376658725
planned_path,,,,,,,,,,,,1997,14.644670218370717,1.1930138384109306
planned_path,,,,,,,,,,,,1998,14.694670219115775,1.2430138391559886
planned_path,,,,,,,,,,,,1999,14.744670219860833,1.2930138399010467
planned_path,,,,,,,,,,,,2000,14.79467022060589,1.3430138406461047
planned_path,,,,,,,,,,,,2001,14.844670221350949,1.3930138413911628
planned_path,,,,,,,,,,,,2002,14.894670222096007,1.4430138421362209
planned_path,,,,,,,,,,,,2003,14.944670222841065,1.493013842881279
planned_path,,,,,,,,,,,,2004,14.994670223586123,1.543013843626337
planned_path,,,,,,,,,,,,2005,15.044670224331181,1.593013844371395
planned_path,,,,,,,,,,,,2006,15.044670224331181,1.643013845116453
planned_path,,,,,,,,,,,,2007,15.044670224331181,1.6930138458615112
planned_path,,,,,,,,,,,,2008,15.09467022507624,1.7430138466065692
planned_path,,,,,,,,,,,,2009,15.09467022507624,1.7930138473516273
planned_path,,,,,,,,,,,,2010,15.09467022507624,1.8430138480966853
planned_path,,,,,,,,,,,,2011,15.09467022507624,1.8430138480966853
planned_path,,,,,,,,,,,,2012,15.09467022507624,1.8930138488417434
planned_path,,,,,,,,,,,,2013,15.09467022507624,1.9430138495868015
planned_path,,,,,,,,,,,,2014,15.09467022507624,1.9930138503318595
planned_path,,,,,,,,,,,,2015,15.09467022507624,2.0430138510769176
planned_path,,,,,,,,,,,,2016,15.09467022507624,2.0930138518219756
planned_path,,,,,,,,,,,,2017,15.09467022507624,2.1430138525670337
planned_path,,,,,,,,,,,,2018,15.09467022507624,2.1930138533120918
planned_path,,,,,,,,,,,,2019,15.144670225821297,2.24301385405715
planned_path,,,,,,,,,,,,2020,15.144670225821297,2.293013854802208
planned_path,,,,,,,,,,,,2021,15.194670226566355,2.343013855547266
planned_path,,,,,,,,,,,,2022,15.194670226566355,2.393013856292324
planned_path,,,,,,,,,,,,2023,15.194670226566355,2.443013857037382
planned_path,,,,,,,,,,,,2024,15.194670226566355,2.49301385778244
planned_path,,,,,,,,,,,,2025,15.194670226566355,2.543013858527498
planned_path,,,,,,,,,,,,2026,15.194670226566355,2.5930138592725562
planned_path,,,,,,,,,,,,2027,15.194670226566355,2.6430138600176143
planned_path,,,,,,,,,,,,2028,15.194670226566355,2.6930138607626724
planned_path,,,,,,,,,,,,2029,15.194670226566355,2.7430138615077304
planned_path,,,,,,,,,,,,2030,15.194670226566355,2.7930138622527885
planned_path,,,,,,,,,,,,2031,15.194670226566355,2.8430138629978465
planned_path,,,,,,,,,,,,2032,15.194670226566355,2.8930138637429046
planned_path,,,,,,,,,,,,2033,15.194670226566355,2.9430138644879626
planned_path,,,,,,,,,,,,2034,15.194670226566355,2.9930138652330207
planned_path,,,,,,,,,,,,2035,15.194670226566355,3.0430138659780788
planned_path,,,,,,,,,,,,2036,15.194670226566355,3.093013866723137
planned_path,,,,,,,,,,,,2037,15.194670226566355,3.143013867468195
planned_path,,,,,,,,,,,,2038,15.194670226566355,3.193013868213253
planned_path,,,,,,,,,,,,2039,15.194670226566355,3.243013868958311
planned_path,,,,,,,,,,,,2040,15.244670227311413,3.293013869703369
planned_path,,,,,,,,,,,,2041,15.244670227311413,3.343013870448427
planned_path,,,,,,,,,,,,2042,15.244670227311413,3.393013871193485
planned_path,,,,,,,,,,,,2043,15.244670227311413,3.393013871193485
planned_path,,,,,,,,,,,,2044,15.244670227311413,3.4430138719385432
planned_path,,,,,,,,,,,,2045,15.244670227311413,3.4930138726836013
planned_path,,,,,,,,,,,,2046,15.244670227311413,3.5430138734286594
planned_path,,,,,,,,,,,,2047,15.244670227311413,3.5930138741737174
planned_path,,,,,,,,,,,,2048,15.244670227311413,3.6430138749187755
planned_path,,,,,,,,,,,,2049,15.244670227311413,3.6930138756638335
planned_path,,,,,,,,,,,,2050,15.244670227311413,3.7430138764088916
planned_path,,,,,,,,,,,,2051,15.244670227311413,3.7930138771539497
planned_path,,,,,,,,,,,,2052,15.244670227311413,3.8430138778990077
planned_path,,,,,,,,,,,,2053,15.244670227311413,3.893013878644066
planned_path,,,,,,,,,,,,2054,15.244670227311413,3.943013879389124
planned_path,,,,,,,,,,,,2055,15.244670227311413,3.993013880134182
planned_path,,,,,,,,,,,,2056,15.244670227311413,4.04301388087924
planned_path,,,,,,,,,,,,2057,15.244670227311413,4.093013881624298
planned_path,,,,,,,,,,,,2058,15.244670227311413,4.143013882369356
planned_path,,,,,,,,,,,,2059,15.244670227311413,4.193013883114414
planned_path,,,,,,,,,,,,2060,15.244670227311413,4.243013883859472
planned_path,,,,,,,,,,,,2061,15.244670227311413,4.29301388460453
planned_path,,,,,,,,,,,,2062,15.244670227311413,4.343013885349588
planned_path,,,,,,,,,,,,2063,15.244670227311413,4.393013886094646
planned_path,,,,,,,,,,,,2064,15.244670227311413,4.443013886839704
planned_path,,,,,,,,,,,,2065,15.244670227311413,4.4930138875847625
planned_path,,,,,,,,,,,,2066,15.244670227311413,4.543013888329821
planned_path,,,,,,,,,,,,2067,15.244670227311413,4.593013889074879
planned_path,,,,,,,,,,,,2068,15.244670227311413,4.643013889819937
planned_path,,,,,,,,,,,,2069,15.244670227311413,4.693013890564995
planned_path,,,,,,,,,,,,2070,15.244670227311413,4.743013891310053
planned_path,,,,,,,,,,,,2071,15.244670227311413,4.793013892055111
planned_path,,,,,,,,,,,,2072,15.244670227311413,4.843013892800169
planned_path,,,,,,,,,,,,2073,15.194670226566355,4.893013893545227
planned_path,,,,,,,,,,,,2074,15.194670226566355,4.943013894290285
planned_path,,,,,,,,,,,,2075,15.194670226566355,4.993013895035343
planned_path,,,,,,,,,,,,2076,15.194670226566355,5.043013895780401
planned_path,,,,,,,,,,,,2077,15.194670226566355,5.093013896525459
planned_path,,,,,,,,,,,,2078,15.194670226566355,5.143013897270517
planned_path,,,,,,,,,,,,2079,15.194670226566355,5.193013898015575
planned_path,,,,,,,,,,,,2080,15.194670226566355,5.243013898760633
planned_path,,,,,,,,,,,,2081,15.194670226566355,5.2930138995056915
planned_path,,,,,,,,,,,,2082,15.194670226566355,5.3430139002507495
planned_path,,,,,,,,,,,,2083,15.194670226566355,5.393013900995808
planned_path,,,,,,,,,,,,2084,15.194670226566355,5.443013901740866
planned_path,,,,,,,,,,,,2085,15.194670226566355,5.493013902485924
planned_path,,,,,,,,,,,,2086,15.194670226566355,5.543013903230982
planned_path,,,,,,,,,,,,2087,15.194670226566355,5.59301390397604
planned_path,,,,,,,,,,,,2088,15.194670226566355,5.643013904721098
planned_path,,,,,,,,,,,,2089,15.194670226566355,5.693013905466156
planned_path,,,,,,,,,,,,2090,15.194670226566355,5.743013906211214
planned_path,,,,,,,,,,,,2091,15.194670226566355,5.793013906956272
planned_path,,,,,,,,,,,,2092,15.194670226566355,5.84301390770133
planned_path,,,,,,,,,,,,2093,15.194670226566355,5.893013908446388
planned_path,,,,,,,,,,,,2094,15.194670226566355,5.943013909191446
planned_path,,,,,,,,,,,,2095,15.194670226566355,5.993013909936504
planned_path,,,,,,,,,,,,2096,15.194670226566355,6.043013910681562
planned_path,,,,,,,,,,,,2097,15.194670226566355,6.09301391142662
planned_path,,,,,,,,,,,,2098,15.194670226566355,6.1430139121716785
planned_path,,,,,,,,,,,,2099,15.194670226566355,6.1930139129167365
planned_path,,,,,,,,,,,,2100,15.194670226566355,6.243013913661795
planned_path,,,,,,,,,,,,2101,15.194670226566355,6.293013914406853
planned_path,,,,,,,,,,,,2102,15.194670226566355,6.343013915151911
planned_path,,,,,,,,,,,,2103,15.194670226566355,6.393013915896969
planned_path,,,,,,,,,,,,2104,15.194670226566355,6.443013916642027
planned_path,,,,,,,,,,,,2105,15.194670226566355,6.493013917387085
planned_path,,,,,,,,,,,,2106,15.194670226566355,6.543013918132143
planned_path,,,,,,,,,,,,2107,15.194670226566355,6.593013918877201
planned_path,,,,,,,,,,,,2108,15.194670226566355,6.643013919622259
planned_path,,,,,,,,,,,,2109,15.194670226566355,6.693013920367317
planned_path,,,,,,,,,,,,2110,15.194670226566355,6.743013921112375
planned_path,,,,,,,,,,,,2111,15.194670226566355,6.793013921857433
planned_path,,,,,,,,,,,,2112,15.194670226566355,6.843013922602491
planned_path,,,,,,,,,,,,2113,15.194670226566355,6.893013923347549
planned_path,,,,,,,,,,,,2114,15.194670226566355,6.943013924092607
planned_path,,,,,,,,,,,,2115,15.194670226566355,6.9930139248376655
planned_path,,,,,,,,,,,,2116,15.194670226566355,7.0430139255827235
planned_path,,,,,,,,,,,,2117,15.194670226566355,7.093013926327782
planned_path,,,,,,,,,,,,2118,15.194670226566355,7.14301392707284
planned_path,,,,,,,,,,,,2119,15.194670226566355,7.193013927817898
planned_path,,,,,,,,,,,,2120,15.194670226566355,7.243013928562956
planned_path,,,,,,,,,,,,2121,15.194670226566355,7.293013929308014
planned_path,,,,,,,,,,,,2122,15.194670226566355,7.343013930053072
planned_path,,,,,,,,,,,,2123,15.194670226566355,7.39301393079813
planned_path,,,,,,,,,,,,2124,15.194670226566355,7.443013931543188
planned_path,,,,,,,,,,,,2125,15.194670226566355,7.493013932288246
planned_path,,,,,,,,,,,,2126,15.194670226566355,7.543013933033304
planned_path,,,,,,,,,,,,2127,15.194670226566355,7.593013933778362
planned_path,,,,,,,,,,,,2128,15.194670226566355,7.64301393452342
planned_path,,,,,,,,,,,,2129,15.194670226566355,7.693013935268478
planned_path,,,,,,,,,,,,2130,15.194670226566355,7.743013936013536
planned_path,,,,,,,,,,,,2131,15.194670226566355,7.793013936758594
planned_path,,,,,,,,,,,,2132,15.194670226566355,7.8430139375036525
planned_path,,,,,,,,,,,,2133,15.194670226566355,7.893013938248711
planned_path,,,,,,,,,,,,2134,15.194670226566355,7.943013938993769
planned_path,,,,,,,,,,,,2135,15.194670226566355,7.993013939738827
planned_path,,,,,,,,,,,,2136,15.194670226566355,8.043013940483885
planned_path,,,,,,,,,,,,2137,15.194670226566355,8.093013941228943
planned_path,,,,,,,,,,,,2138,15.194670226566355,8.143013941974
planned_path,,,,,,,,,,,,2139,15.194670226566355,8.193013942719059
planned_path,,,,,,,,,,,,2140,15.194670226566355,8.243013943464117
planned_path,,,,,,,,,,,,2141,15.194670226566355,8.293013944209175
planned_path,,,,,,,,,,,,2142,15.194670226566355,8.343013944954233
planned_path,,,,,,,,,,,,2143,15.194670226566355,8.393013945699291
planned_path,,,,,,,,,,,,2144,15.194670226566355,8.44301394644435
planned_path,,,,,,,,,,,,2145,15.194670226566355,8.493013947189407
planned_path,,,,,,,,,,,,2146,15.194670226566355,8.543013947934465
planned_path,,,,,,,,,,,,2147,15.194670226566355,8.593013948679523
planned_path,,,,,,,,,,,,2148,15.194670226566355,8.643013949424581
planned_path,,,,,,,,,,,,2149,15.194670226566355,8.69301395016964
planned_path,,,,,,,,,,,,2150,15.194670226566355,8.743013950914698
planned_path,,,,,,,,,,,,2151,15.194670226566355,8.793013951659756
planned_path,,,,,,,,,,,,2152,15.194670226566355,8.843013952404814
planned_path,,,,,,,,,,,,2153,15.194670226566355,8.893013953149872
planned_path,,,,,,,,,,,,2154,15.194670226566355,8.94301395389493
planned_path,,,,,,,,,,,,2155,15.194670226566355,8.993013954639988
planned_path,,,,,,,,,,,,2156,15.244670227311413,9.043013955385046
planned_path,,,,,,,,,,,,2157,15.244670227311413,9.093013956130104
planned_path,,,,,,,,,,,,2158,15.244670227311413,9.143013956875162
planned_path,,,,,,,,,,,,2159,15.244670227311413,9.19301395762022
planned_path,,,,,,,,,,,,2160,15.244670227311413,9.243013958365278
planned_path,,,,,,,,,,,,2161,15.244670227311413,9.293013959110336
planned_path,,,,,,,,,,,,2162,15.294670228056471,9.343013959855394
planned_path,,,,,,,,,,,,2163,15.294670228056471,9.393013960600452
planned_path,,,,,,,,,,,,2164,15.294670228056471,9.44301396134551
planned_path,,,,,,,,,,,,2165,15.294670228056471,9.493013962090568
planned_path,,,,,,,,,,,,2166,15.294670228056471,9.543013962835627
planned_path,,,,,,,,,,,,2167,15.294670228056471,9.593013963580685
planned_path,,,,,,,,,,,,2168,15.34467022880153,9.643013964325743
planned_path,,,,,,,,,,,,2169,15.34467022880153,9.6930139650708
planned_path,,,,,,,,,,,,2170,15.34467022880153,9.743013965815859
planned_path,,,,,,,,,,,,2171,15.444670230291646,11.993013999343471
planned_path,,,,,,,,,,,,2172,15.394670229546588,11.993013999343471
planned_path,,,,,,,,,,,,2173,15.394670229546588,12.04301400008853
planned_path,,,,,,,,,,,,2174,15.394670229546588,12.093014000833588
planned_path,,,,,,,,,,,,2175,15.394670229546588,12.143014001578646
planned_path,,,,,,,,,,,,2176,15.394670229546588,12.193014002323704
planned_path,,,,,,,,,,,,2177,15.394670229546588,12.243014003068762
planned_path,,,,,,,,,,,,2178,15.394670229546588,12.29301400381382
planned_path,,,,,,,,,,,,2179,15.394670229546588,12.343014004558878
planned_path,,,,,,,,,,,,2180,15.394670229546588,12.393014005303936
planned_path,,,,,,,,,,,,2181,15.34467022880153,12.443014006048994
planned_path,,,,,,,,,,,,2182,15.34467022880153,12.493014006794052
planned_path,,,,,,,,,,,,2183,15.294670228056471,12.54301400753911
planned_path,,,,,,,,,,,,2184,15.294670228056471,12.593014008284168
planned_path,,,,,,,,,,,,2185,15.244670227311413,12.643014009029226
planned_path,,,,,,,,,,,,2186,15.244670227311413,12.693014009774284
planned_path,,,,,,,,,,,,2187,15.194670226566355,12.743014010519342
planned_path,,,,,,,,,,,,2188,15.194670226566355,12.7930140112644
planned_path,,,,,,,,,,,,2189,15.194670226566355,12.7930140112644
planned_path,,,,,,,,,,,,2190,15.144670225821297,12.843014012009458
planned_path,,,,,,,,,,,,2191,15.09467022507624,12.893014012754517
planned_path,,,,,,,,,,,,2192,15.044670224331181,12.943014013499575
planned_path,,,,,,,,,,,,2193,14.994670223586123,12.993014014244633
planned_path,,,,,,,,,,,,2194,14.944670222841065,13.04301401498969
planned_path,,,,,,,,,,,,2195,14.894670222096007,13.093014015734749
planned_path,,,,,,,,,,,,2196,14.844670221350949,13.143014016479807
planned_path,,,,,,,,,,,,2197,14.79467022060589,13.193014017224865
planned_path,,,,,,,,,,,,2198,14.744670219860833,13.243014017969923
planned_path,,,,,,,,,,,,2199,14.694670219115775,13.243014017969923
planned_path,,,,,,,,,,,,2200,14.644670218370717,13.243014017969923
planned_path,,,,,,,,,,,,2201,14.644670218370717,13.243014017969923
planned_path,,,,,,,,,,,,2202,14.594670217625659,13.243014017969923
planned_path,,,,,,,,,,,,2203,14.5446702168806,13.243014017969923
planned_path,,,,,,,,,,,,2204,14.494670216135543,13.243014017969923
planned_path,,,,,,,,,,,,2205,14.444670215390484,13.243014017969923
planned_path,,,,,,,,,,,,2206,14.394670214645426,13.243014017969923
planned_path,,,,,,,,,,,,2207,14.344670213900368,13.243014017969923
planned_path,,,,,,,,,,,,2208,14.29467021315531,13.243014017969923
planned_path,,,,,,,,,,,,2209,14.244670212410252,13.243014017969923
planned_path,,,,,,,,,,,,2210,14.194670211665194,13.243014017969923
planned_path,,,,,,,,,,,,2211,14.144670210920136,13.243014017969923
planned_path,,,,,,,,,,,,2212,14.094670210175078,13.243014017969923
planned_path,,,,,,,,,,,,2213,14.04467020943002,13.293014018714981
planned_path,,,,,,,,,,,,2214,13.994670208684962,13.343014019460039
planned_path,,,,,,,,,,,,2215,13.944670207939904,13.393014020205097
planned_path,,,,,,,,,,,,2216,13.894670207194846,13.393014020205097
planned_path,,,,,,,,,,,,2217,13.844670206449788,13.393014020205097
planned_path,,,,,,,,,,,,2218,13.79467020570473,13.393014020205097
planned_path,,,,,,,,,,,,2219,13.744670204959672,13.393014020205097
planned_path,,,,,,,,,,,,2220,13.694670204214614,13.393014020205097
planned_path,,,,,,,,,,,,2221,13.644670203469556,13.393014020205097
planned_path,,,,,,,,,,,,2222,13.594670202724497,13.393014020205097
planned_path,,,,,,,,,,,,2223,13.54467020197944,13.393014020205097
planned_path,,,,,,,,,,,,2224,13.494670201234381,13.393014020205097
planned_path,,,,,,,,,,,,2225,13.444670200489323,13.393014020205097
planned_path,,,,,,,,,,,,2226,13.394670199744265,13.393014020205097
planned_path,,,,,,,,,,,,2227,13.344670198999207,13.393014020205097
planned_path,,,,,,,,,,,,2228,13.294670198254149,13.393014020205097
planned_path,,,,,,,,,,,,2229,13.244670197509091,13.393014020205097
planned_path,,,,,,,,,,,,2230,13.244670197509091,13.393014020205097
planned_path,,,,,,,,,,,,2231,13.194670196764033,13.393014020205097
planned_path,,,,,,,,,,,,2232,13.144670196018975,13.393014020205097
planned_path,,,,,,,,,,,,2233,13.094670195273917,13.393014020205097
planned_path,,,,,,,,,,,,2234,13.044670194528859,13.393014020205097
planned_path,,,,,,,,,,,,2235,12.9946701937838,13.393014020205097
planned_path,,,,,,,,,,,,2236,12.944670193038743,13.393014020205097
planned_path,,,,,,,,,,,,2237,12.894670192293685,13.393014020205097
planned_path,,,,,,,,,,,,2238,12.844670191548627,13.393014020205097
planned_path,,,,,,,,,,,,2239,12.794670190803568,13.393014020205097
planned_path,,,,,,,,,,,,2240,12.74467019005851,13.393014020205097
planned_path,,,,,,,,,,,,2241,12.694670189313452,13.393014020205097
planned_path,,,,,,,,,,,,2242,12.644670188568394,13.393014020205097
planned_path,,,,,,,,,,,,2243,12.594670187823336,13.393014020205097
planned_path,,,,,,,,,,,,2244,12.544670187078278,13.393014020205097
planned_path,,,,,,,,,,,,2245,12.49467018633322,13.393014020205097
planned_path,,,,,,,,,,,,2246,12.444670185588162,13.393014020205097
planned_path,,,,,,,,,,,,2247,12.394670184843104,13.393014020205097
planned_path,,,,,,,,,,,,2248,12.344670184098046,13.393014020205097
planned_path,,,,,,,,,,,,2249,12.294670183352988,13.393014020205097
planned_path,,,,,,,,,,,,2250,12.24467018260793,13.393014020205097
planned_path,,,,,,,,,,,,2251,12.194670181862872,13.393014020205097
planned_path,,,,,,,,,,,,2252,12.144670181117814,13.393014020205097
planned_path,,,,,,,,,,,,2253,12.094670180372756,13.393014020205097
planned_path,,,,,,,,,,,,2254,12.044670179627698,13.393014020205097
planned_path,,,,,,,,,,,,2255,11.99467017888264,13.393014020205097
planned_path,,,,,,,,,,,,2256,11.944670178137581,13.393014020205097
planned_path,,,,,,,,,,,,2257,11.894670177392523,13.393014020205097
planned_path,,,,,,,,,,,,2258,11.844670176647465,13.393014020205097
planned_path,,,,,,,,,,,,2259,11.794670175902407,13.393014020205097
planned_path,,,,,,,,,,,,2260,11.74467017515735,13.393014020205097
planned_path,,,,,,,,,,,,2261,11.694670174412291,13.393014020205097
planned_path,,,,,,,,,,,,2262,11.644670173667233,13.393014020205097
planned_path,,,,,,,,,,,,2263,11.594670172922175,13.393014020205097
planned_path,,,,,,,,,,,,2264,11.544670172177117,13.393014020205097
planned_path,,,,,,,,,,,,2265,11.494670171432059,13.393014020205097
planned_path,,,,,,,,,,,,2266,11.444670170687,13.393014020205097
planned_path,,,,,,,,,,,,2267,11.394670169941943,13.393014020205097
planned_path,,,,,,,,,,,,2268,11.344670169196885,13.393014020205097
planned_path,,,,,,,,,,,,2269,11.294670168451827,13.393014020205097
planned_path,,,,,,,,,,,,2270,11.244670167706769,13.393014020205097
planned_path,,,,,,,,,,,,2271,11.19467016696171,13.393014020205097
planned_path,,,,,,,,,,,,2272,11.144670166216653,13.393014020205097
planned_path,,,,,,,,,,,,2273,11.094670165471594,13.393014020205097
planned_path,,,,,,,,,,,,2274,11.044670164726536,13.393014020205097
planned_path,,,,,,,,,,,,2275,10.994670163981478,13.393014020205097
planned_path,,,,,,,,,,,,2276,10.94467016323642,13.393014020205097
planned_path,,,,,,,,,,,,2277,10.894670162491362,13.393014020205097
planned_path,,,,,,,,,,,,2278,10.844670161746304,13.393014020205097
planned_path,,,,,,,,,,,,2279,10.794670161001246,13.393014020205097
planned_path,,,,,,,,,,,,2280,10.744670160256188,13.393014020205097
planned_path,,,,,,,,,,,,2281,10.69467015951113,13.393014020205097
planned_path,,,,,,,,,,,,2282,10.644670158766072,13.393014020205097
planned_path,,,,,,,,,,,,2283,10.594670158021014,13.393014020205097
planned_path,,,,,,,,,,,,2284,10.544670157275956,13.393014020205097
planned_path,,,,,,,,,,,,2285,10.494670156530898,13.393014020205097
planned_path,,,,,,,,,,,,2286,10.44467015578584,13.393014020205097
planned_path,,,,,,,,,,,,2287,10.394670155040782,13.393014020205097
planned_path,,,,,,,,,,,,2288,10.344670154295724,13.393014020205097
planned_path,,,,,,,,,,,,2289,10.294670153550666,13.393014020205097
planned_path,,,,,,,,,,,,2290,10.244670152805607,13.393014020205097
planned_path,,,,,,,,,,,,2291,10.19467015206055,13.393014020205097
planned_path,,,,,,,,,,,,2292,10.144670151315491,13.393014020205097
planned_path,,,,,,,,,,,,2293,10.094670150570433,13.393014020205097
planned_path,,,,,,,,,,,,2294,10.044670149825375,13.393014020205097
planned_path,,,,,,,,,,,,2295,9.994670149080317,13.393014020205097
planned_path,,,,,,,,,,,,2296,9.944670148335259,13.393014020205097
planned_path,,,,,,,,,,,,2297,9.894670147590201,13.393014020205097
planned_path,,,,,,,,,,,,2298,9.844670146845143,13.393014020205097
planned_path,,,,,,,,,,,,2299,9.794670146100085,13.393014020205097
planned_path,,,,,,,,,,,,2300,9.744670145355027,13.393014020205097
planned_path,,,,,,,,,,,,2301,9.694670144609969,13.393014020205097
planned_path,,,,,,,,,,,,2302,9.64467014386491,13.393014020205097
planned_path,,,,,,,,,,,,2303,9.594670143119853,13.393014020205097
planned_path,,,,,,,,,,,,2304,9.544670142374795,13.393014020205097
planned_path,,,,,,,,,,,,2305,9.494670141629737,13.393014020205097
planned_path,,,,,,,,,,,,2306,9.444670140884678,13.393014020205097
planned_path,,,,,,,,,,,,2307,9.39467014013962,13.393014020205097
planned_path,,,,,,,,,,,,2308,9.344670139394562,13.393014020205097
planned_path,,,,,,,,,,,,2309,9.294670138649504,13.393014020205097
planned_path,,,,,,,,,,,,2310,9.244670137904446,13.393014020205097
planned_path,,,,,,,,,,,,2311,9.194670137159388,13.393014020205097
planned_path,,,,,,,,,,,,2312,9.14467013641433,13.393014020205097
planned_path,,,,,,,,,,,,2313,9.094670135669272,13.393014020205097
planned_path,,,,,,,,,,,,2314,9.044670134924214,13.393014020205097
planned_path,,,,,,,,,,,,2315,8.994670134179156,13.393014020205097
planned_path,,,,,,,,,,,,2316,8.944670133434098,13.393014020205097
planned_path,,,,,,,,,,,,2317,8.89467013268904,13.393014020205097
planned_path,,,,,,,,,,,,2318,8.844670131943982,13.393014020205097
planned_path,,,,,,,,,,,,2319,8.794670131198924,13.393014020205097
planned_path,,,,,,,,,,,,2320,8.744670130453866,13.393014020205097
planned_path,,,,,,,,,,,,2321,8.694670129708808,13.393014020205097
planned_path,,,,,,,,,,,,2322,8.64467012896375,13.393014020205097
planned_path,,,,,,,,,,,,2323,8.594670128218691,13.393014020205097
planned_path,,,,,,,,,,,,2324,8.544670127473633,13.393014020205097
planned_path,,,,,,,,,,,,2325,8.494670126728575,13.393014020205097
planned_path,,,,,,,,,,,,2326,8.444670125983517,13.393014020205097
planned_path,,,,,,,,,,,,2327,8.39467012523846,13.393014020205097
planned_path,,,,,,,,,,,,2328,8.344670124493401,13.393014020205097
planned_path,,,,,,,,,,,,2329,8.294670123748343,13.393014020205097
planned_path,,,,,,,,,,,,2330,8.244670123003285,13.393014020205097
planned_path,,,,,,,,,,,,2331,8.194670122258227,13.393014020205097
planned_path,,,,,,,,,,,,2332,8.144670121513169,13.393014020205097
planned_path,,,,,,,,,,,,2333,8.09467012076811,13.393014020205097
planned_path,,,,,,,,,,,,2334,8.044670120023053,13.393014020205097
planned_path,,,,,,,,,,,,2335,7.994670119277996,13.393014020205097
planned_path,,,,,,,,,,,,2336,7.944670118532938,13.393014020205097
planned_path,,,,,,,,,,,,2337,7.8946701177878795,13.393014020205097
planned_path,,,,,,,,,,,,2338,7.8446701170428215,13.393014020205097
planned_path,,,,,,,,,,,,2339,7.794670116297763,13.393014020205097
planned_path,,,,,,,,,,,,2340,7.744670115552705,13.393014020205097
planned_path,,,,,,,,,,,,2341,7.694670114807647,13.393014020205097
planned_path,,,,,,,,,,,,2342,7.644670114062589,13.393014020205097
planned_path,,,,,,,,,,,,2343,7.594670113317531,13.393014020205097
planned_path,,,,,,,,,,,,2344,7.544670112572473,13.393014020205097
planned_path,,,,,,,,,,,,2345,7.494670111827415,13.393014020205097
planned_path,,,,,,,,,,,,2346,7.444670111082357,13.393014020205097
planned_path,,,,,,,,,,,,2347,7.394670110337299,13.393014020205097
planned_path,,,,,,,,,,,,2348,7.344670109592241,13.393014020205097
planned_path,,,,,,,,,,,,2349,7.294670108847183,13.393014020205097
planned_path,,,,,,,,,,,,2350,7.244670108102125,13.393014020205097
planned_path,,,,,,,,,,,,2351,7.194670107357067,13.393014020205097
planned_path,,,,,,,,,,,,2352,7.144670106612009,13.393014020205097
planned_path,,,,,,,,,,,,2353,7.094670105866951,13.393014020205097
planned_path,,,,,,,,,,,,2354,7.0446701051218925,13.393014020205097
planned_path,,,,,,,,,,,,2355,6.9946701043768345,13.393014020205097
planned_path,,,,,,,,,,,,2356,6.944670103631776,13.393014020205097
planned_path,,,,,,,,,,,,2357,6.894670102886718,13.393014020205097
planned_path,,,,,,,,,,,,2358,6.84467010214166,13.393014020205097
planned_path,,,,,,,,,,,,2359,6.794670101396602,13.393014020205097
planned_path,,,,,,,,,,,,2360,6.744670100651544,13.393014020205097
planned_path,,,,,,,,,,,,2361,6.694670099906486,13.393014020205097
planned_path,,,,,,,,,,,,2362,6.644670099161428,13.393014020205097
planned_path,,,,,,,,,,,,2363,6.59467009841637,13.393014020205097
planned_path,,,,,,,,,,,,2364,6.544670097671312,13.393014020205097
planned_path,,,,,,,,,,,,2365,6.494670096926254,13.393014020205097
planned_path,,,,,,,,,,,,2366,6.444670096181196,13.393014020205097
planned_path,,,,,,,,,,,,2367,6.394670095436138,13.393014020205097
planned_path,,,,,,,,,,,,2368,6.34467009469108,13.393014020205097
planned_path,,,,,,,,,,,,2369,6.294670093946022,13.393014020205097
planned_path,,,,,,,,,,,,2370,6.244670093200964,13.393014020205097
planned_path,,,,,,,,,,,,2371,6.1946700924559055,13.393014020205097
planned_path,,,,,,,,,,,,2372,6.144670091710847,13.393014020205097
planned_path,,,,,,,,,,,,2373,6.094670090965789,13.393014020205097
planned_path,,,,,,,,,,,,2374,6.044670090220731,13.393014020205097
planned_path,,,,,,,,,,,,2375,5.994670089475673,13.393014020205097
planned_path,,,,,,,,,,,,2376,5.944670088730615,13.393014020205097
planned_path,,,,,,,,,,,,2377,5.894670087985557,13.393014020205097
planned_path,,,,,,,,,,,,2378,5.844670087240499,13.393014020205097
planned_path,,,,,,,,,,,,2379,5.794670086495441,13.393014020205097
planned_path,,,,,,,,,,,,2380,5.744670085750383,13.393014020205097
planned_path,,,,,,,,,,,,2381,5.694670085005325,13.393014020205097
planned_path,,,,,,,,,,,,2382,5.644670084260267,13.393014020205097
planned_path,,,,,,,,,,,,2383,5.594670083515209,13.393014020205097
planned_path,,,,,,,,,,,,2384,5.544670082770151,13.393014020205097
planned_path,,,,,,,,,,,,2385,5.494670082025093,13.393014020205097
planned_path,,,,,,,,,,,,2386,5.444670081280035,13.393014020205097
planned_path,,,,,,,,,,,,2387,5.3946700805349765,13.393014020205097
planned_path,,,,,,,,,,,,2388,5.3446700797899185,13.393014020205097
planned_path,,,,,,,,,,,,2389,5.29467007904486,13.393014020205097
planned_path,,,,,,,,,,,,2390,5.244670078299802,13.393014020205097
planned_path,,,,,,,,,,,,2391,5.194670077554744,13.393014020205097
planned_path,,,,,,,,,,,,2392,5.144670076809686,13.393014020205097
planned_path,,,,,,,,,,,,2393,5.094670076064628,13.393014020205097
planned_path,,,,,,,,,,,,2394,5.04467007531957,13.393014020205097
planned_path,,,,,,,,,,,,2395,4.994670074574512,13.393014020205097
planned_path,,,,,,,,,,,,2396,4.944670073829454,13.393014020205097
planned_path,,,,,,,,,,,,2397,4.894670073084396,13.393014020205097
planned_path,,,,,,,,,,,,2398,4.844670072339338,13.393014020205097
planned_path,,,,,,,,,,,,2399,4.79467007159428,13.393014020205097
planned_path,,,,,,,,,,,,2400,4.744670070849222,13.393014020205097
planned_path,,,,,,,,,,,,2401,4.694670070104164,13.393014020205097
planned_path,,,,,,,,,,,,2402,4.644670069359106,13.393014020205097
planned_path,,,,,,,,,,,,2403,4.594670068614048,13.393014020205097
planned_path,,,,,,,,,,,,2404,4.5446700678689895,13.393014020205097
planned_path,,,,,,,,,,,,2405,4.4946700671239315,13.393014020205097
planned_path,,,,,,,,,,,,2406,4.444670066378873,13.393014020205097
planned_path,,,,,,,,,,,,2407,4.394670065633815,13.393014020205097
planned_path,,,,,,,,,,,,2408,4.344670064888757,13.393014020205097
planned_path,,,,,,,,,,,,2409,4.294670064143699,13.393014020205097
planned_path,,,,,,,,,,,,2410,4.244670063398641,13.393014020205097
planned_path,,,,,,,,,,,,2411,4.194670062653583,13.393014020205097
planned_path,,,,,,,,,,,,2412,4.144670061908525,13.393014020205097
planned_path,,,,,,,,,,,,2413,4.094670061163467,13.393014020205097
planned_path,,,,,,,,,,,,2414,4.044670060418409,13.393014020205097
planned_path,,,,,,,,,,,,2415,3.994670059673351,13.393014020205097
planned_path,,,,,,,,,,,,2416,3.944670058928293,13.393014020205097
planned_path,,,,,,,,,,,,2417,3.8946700581832348,13.393014020205097
planned_path,,,,,,,,,,,,2418,3.8446700574381767,13.393014020205097
planned_path,,,,,,,,,,,,2419,3.7946700566931186,13.393014020205097
planned_path,,,,,,,,,,,,2420,3.7446700559480606,13.393014020205097
planned_path,,,,,,,,,,,,2421,3.6946700552030025,13.393014020205097
planned_path,,,,,,,,,,,,2422,3.6446700544579445,13.393014020205097
planned_path,,,,,,,,,,,,2423,3.5946700537128864,13.393014020205097
planned_path,,,,,,,,,,,,2424,3.5446700529678283,13.393014020205097
planned_path,,,,,,,,,,,,2425,3.4946700522227703,13.393014020205097
planned_path,,,,,,,,,,,,2426,3.444670051477712,13.393014020205097
planned_path,,,,,,,,,,,,2427,3.394670050732654,13.393014020205097
planned_path,,,,,,,,,,,,2428,3.344670049987596,13.393014020205097
planned_path,,,,,,,,,,,,2429,3.294670049242538,13.393014020205097
planned_path,,,,,,,,,,,,2430,3.24467004849748,13.393014020205097
planned_path,,,,,,,,,,,,2431,3.194670047752422,13.393014020205097
planned_path,,,,,,,,,,,,2432,3.144670047007364,13.393014020205097
planned_path,,,,,,,,,,,,2433,3.094670046262306,13.393014020205097
planned_path,,,,,,,,,,,,2434,3.0446700455172477,13.393014020205097
planned_path,,,,,,,,,,,,2435,2.9946700447721897,13.393014020205097
planned_path,,,,,,,,,,,,2436,2.9446700440271316,13.393014020205097
planned_path,,,,,,,,,,,,2437,2.8946700432820736,13.393014020205097
planned_path,,,,,,,,,,,,2438,2.8446700425370155,13.393014020205097
planned_path,,,,,,,,,,,,2439,2.7946700417919574,13.393014020205097
planned_path,,,,,,,,,,,,2440,2.7446700410468994,13.393014020205097
planned_path,,,,,,,,,,,,2441,2.6946700403018413,13.393014020205097
planned_path,,,,,,,,,,,,2442,2.6446700395567833,13.393014020205097
planned_path,,,,,,,,,,,,2443,2.594670038811725,13.393014020205097
planned_path,,,,,,,,,,,,2444,2.544670038066667,13.393014020205097
planned_path,,,,,,,,,,,,2445,2.494670037321609,13.393014020205097
planned_path,,,,,,,,,,,,2446,2.444670036576551,13.393014020205097
planned_path,,,,,,,,,,,,2447,2.394670035831493,13.393014020205097
planned_path,,,,,,,,,,,,2448,2.344670035086435,13.393014020205097
planned_path,,,,,,,,,,,,2449,2.294670034341377,13.393014020205097
planned_path,,,,,,,,,,,,2450,2.244670033596319,13.393014020205097
planned_path,,,,,,,,,,,,2451,2.1946700328512607,13.393014020205097
planned_path,,,,,,,,,,,,2452,2.1446700321062027,13.393014020205097
planned_path,,,,,,,,,,,,2453,2.0946700313611446,13.393014020205097
planned_path,,,,,,,,,,,,2454,2.0446700306160865,13.393014020205097
planned_path,,,,,,,,,,,,2455,1.9946700298710285,13.393014020205097
planned_path,,,,,,,,,,,,2456,1.9446700291259704,13.393014020205097
planned_path,,,,,,,,,,,,2457,1.8946700283809124,13.393014020205097
planned_path,,,,,,,,,,,,2458,1.8446700276358543,13.393014020205097
planned_path,,,,,,,,,,,,2459,1.7946700268907962,13.393014020205097
planned_path,,,,,,,,,,,,2460,1.7446700261457382,13.393014020205097
planned_path,,,,,,,,,,,,2461,1.6946700254006801,13.393014020205097
planned_path,,,,,,,,,,,,2462,1.644670024655622,13.393014020205097
planned_path,,,,,,,,,,,,2463,1.594670023910564,13.393014020205097
planned_path,,,,,,,,,,,,2464,1.544670023165506,13.393014020205097
planned_path,,,,,,,,,,,,2465,1.4946700224204479,13.393014020205097
planned_path,,,,,,,,,,,,2466,1.4446700216753898,13.393014020205097
planned_path,,,,,,,,,,,,2467,1.3946700209303318,13.393014020205097
planned_path,,,,,,,,,,,,2468,1.3446700201852737,13.393014020205097
planned_path,,,,,,,,,,,,2469,1.2946700194402156,13.393014020205097
planned_path,,,,,,,,,,,,2470,1.2446700186951576,13.393014020205097
planned_path,,,,,,,,,,,,2471,1.1946700179500995,13.393014020205097
planned_path,,,,,,,,,,,,2472,1.1446700172050415,13.393014020205097
planned_path,,,,,,,,,,,,2473,1.0946700164599834,13.393014020205097
planned_path,,,,,,,,,,,,2474,1.0446700157149253,13.393014020205097
planned_path,,,,,,,,,,,,2475,0.9946700149698673,13.393014020205097
planned_path,,,,,,,,,,,,2476,0.9446700142248092,13.393014020205097
planned_path,,,,,,,,,,,,2477,0.8946700134797512,13.393014020205097
planned_path,,,,,,,,,,,,2478,0.8446700127346931,13.393014020205097
planned_path,,,,,,,,,,,,2479,0.794670011989635,13.393014020205097
planned_path,,,,,,,,,,,,2480,0.744670011244577,13.393014020205097
planned_path,,,,,,,,,,,,2481,0.6946700104995189,13.393014020205097
planned_path,,,,,,,,,,,,2482,0.6446700097544609,13.393014020205097
planned_path,,,,,,,,,,,,2483,0.5946700090094028,13.393014020205097
planned_path,,,,,,,,,,,,2484,0.5446700082643448,13.393014020205097
planned_path,,,,,,,,,,,,2485,0.4946700075192867,13.443014020950155
planned_path,,,,,,,,,,,,2486,0.44467000677422863,13.443014020950155
planned_path,,,,,,,,,,,,2487,0.3946700060291706,13.443014020950155
planned_path,,,,,,,,,,,,2488,0.3446700052841125,13.443014020950155
planned_path,,,,,,,,,,,,2489,0.29467000453905445,13.443014020950155
planned_path,,,,,,,,,,,,2490,0.2446700037939964,13.443014020950155
planned_path,,,,,,,,,,,,2491,0.19467000304893833,13.493014021695213
planned_path,,,,,,,,,,,,2492,0.14467000230388027,13.493014021695213
planned_path,,,,,,,,,,,,2493,0.09467000155882221,13.493014021695213
planned_path,,,,,,,,,,,,2494,0.044670000813764155,13.493014021695213
planned_path,,,,,,,,,,,,2495,-0.005329999931293905,13.493014021695213
planned_path,,,,,,,,,,,,2496,-0.055330000676351965,13.493014021695213
planned_path,,,,,,,,,,,,2497,-0.10533000142141002,13.543014022440271
planned_path,,,,,,,,,,,,2498,-0.15533000216646808,13.543014022440271
planned_path,,,,,,,,,,,,2499,-0.20533000291152614,13.543014022440271
planned_path,,,,,,,,,,,,2500,-0.20533000291152614,13.543014022440271
planned_path,,,,,,,,,,,,2501,-0.2553300036565842,13.543014022440271
planned_path,,,,,,,,,,,,2502,-0.30533000440164226,13.543014022440271
planned_path,,,,,,,,,,,,2503,-0.3553300051467003,13.543014022440271
planned_path,,,,,,,,,,,,2504,-0.4053300058917584,13.543014022440271
planned_path,,,,,,,,,,,,2505,-0.45533000663681644,13.543014022440271
planned_path,,,,,,,,,,,,2506,-0.5053300073818745,13.543014022440271
planned_path,,,,,,,,,,,,2507,-0.5553300081269326,13.543014022440271
planned_path,,,,,,,,,,,,2508,-0.6053300088719906,13.543014022440271
planned_path,,,,,,,,,,,,2509,-0.6553300096170487,13.543014022440271
planned_path,,,,,,,,,,,,2510,-0.7053300103621067,13.493014021695213
planned_path,,,,,,,,,,,,2511,-0.7553300111071648,13.493014021695213
planned_path,,,,,,,,,,,,2512,-0.8053300118522229,13.443014020950155
planned_path,,,,,,,,,,,,2513,-0.8553300125972809,13.443014020950155
planned_path,,,,,,,,,,,,2514,-0.8553300125972809,13.443014020950155
planned_path,,,,,,,,,,,,2515,-0.905330013342339,13.393014020205097
planned_path,,,,,,,,,,,,2516,-0.955330014087397,13.343014019460039
planned_path,,,,,,,,,,,,2517,-1.005330014832455,13.293014018714981
planned_path,,,,,,,,,,,,2518,-1.0553300155775132,13.293014018714981
planned_path,,,,,,,,,,,,2519,-1.1053300163225712,13.293014018714981
planned_path,,,,,,,,,,,,2520,-1.1553300170676293,13.293014018714981
planned_path,,,,,,,,,,,,2521,-1.2053300178126873,13.243014017969923
planned_path,,,,,,,,,,,,2522,-1.2553300185577454,13.193014017224865
planned_path,,,,,,,,,,,,2523,-1.3053300193028035,13.193014017224865
planned_path,,,,,,,,,,,,2524,-1.3553300200478615,13.143014016479807
planned_path,,,,,,,,,,,,2525,-1.4053300207929196,13.143014016479807
planned_path,,,,,,,,,,,,2526,-1.4053300207929196,13.143014016479807
planned_path,,,,,,,,,,,,2527,-1.4053300207929196,13.093014015734749
planned_path,,,,,,,,,,,,2528,-1.4053300207929196,13.04301401498969
planned_path,,,,,,,,,,,,2529,-1.4053300207929196,12.993014014244633
planned_path,,,,,,,,,,,,2530,-1.4053300207929196,12.943014013499575
planned_path,,,,,,,,,,,,2531,-1.4053300207929196,12.893014012754517
planned_path,,,,,,,,,,,,2532,-1.4053300207929196,12.843014012009458
planned_path,,,,,,,,,,,,2533,-1.4053300207929196,12.7930140112644
planned_path,,,,,,,,,,,,2534,-1.4053300207929196,12.743014010519342
planned_path,,,,,,,,,,,,2535,-1.4053300207929196,12.693014009774284
planned_path,,,,,,,,,,,,2536,-1.4053300207929196,12.643014009029226
planned_path,,,,,,,,,,,,2537,-1.4053300207929196,12.593014008284168
planned_path,,,,,,,,,,,,2538,-1.4053300207929196,12.54301400753911
planned_path,,,,,,,,,,,,2539,-1.4053300207929196,12.493014006794052
planned_path,,,,,,,,,,,,2540,-1.4053300207929196,12.443014006048994
planned_path,,,,,,,,,,,,2541,-1.4053300207929196,12.393014005303936
planned_path,,,,,,,,,,,,2542,-1.4053300207929196,12.343014004558878
planned_path,,,,,,,,,,,,2543,-1.4053300207929196,12.29301400381382
planned_path,,,,,,,,,,,,2544,-1.4053300207929196,12.243014003068762
planned_path,,,,,,,,,,,,2545,-1.4053300207929196,12.193014002323704
planned_path,,,,,,,,,,,,2546,-1.4053300207929196,12.143014001578646
planned_path,,,,,,,,,,,,2547,-1.4053300207929196,12.093014000833588
planned_path,,,,,,,,,,,,2548,-1.4053300207929196,12.04301400008853
planned_path,,,,,,,,,,,,2549,-1.4053300207929196,11.993013999343471
planned_path,,,,,,,,,,,,2550,-1.4053300207929196,11.943013998598413
planned_path,,,,,,,,,,,,2551,-1.4553300215379776,11.893013997853355
planned_path,,,,,,,,,,,,2552,-1.4553300215379776,11.843013997108297
planned_path,,,,,,,,,,,,2553,-1.4553300215379776,11.79301399636324
planned_path,,,,,,,,,,,,2554,-1.4553300215379776,11.743013995618181
planned_path,,,,,,,,,,,,2555,-1.4553300215379776,11.693013994873123
planned_path,,,,,,,,,,,,2556,-1.4553300215379776,11.643013994128065
planned_path,,,,,,,,,,,,2557,-1.5053300222830357,11.593013993383007
planned_path,,,,,,,,,,,,2558,-1.5053300222830357,11.543013992637949
planned_path,,,,,,,,,,,,2559,-1.5053300222830357,11.49301399189289
planned_path,,,,,,,,,,,,2560,-1.5053300222830357,11.49301399189289
planned_path,,,,,,,,,,,,2561,-1.5053300222830357,11.443013991147833
planned_path,,,,,,,,,,,,2562,-1.5053300222830357,11.393013990402775
planned_path,,,,,,,,,,,,2563,-1.5053300222830357,11.343013989657717
planned_path,,,,,,,,,,,,2564,-1.5553300230280938,11.293013988912659
planned_path,,,,,,,,,,,,2565,-1.5553300230280938,11.2430139881676
planned_path,,,,,,,,,,,,2566,-1.5553300230280938,11.193013987422542
planned_path,,,,,,,,,,,,2567,-1.5553300230280938,11.143013986677484
planned_path,,,,,,,,,,,,2568,-1.5553300230280938,11.093013985932426
planned_path,,,,,,,,,,,,2569,-1.5553300230280938,11.043013985187368
planned_path,,,,,,,,,,,,2570,-1.5553300230280938,10.99301398444231
planned_path,,,,,,,,,,,,2571,-1.5553300230280938,10.943013983697252
planned_path,,,,,,,,,,,,2572,-1.5553300230280938,10.893013982952194
planned_path,,,,,,,,,,,,2573,-1.5553300230280938,10.843013982207136
planned_path,,,,,,,,,,,,2574,-1.5553300230280938,10.793013981462078
planned_path,,,,,,,,,,,,2575,-1.5553300230280938,10.74301398071702
planned_path,,,,,,,,,,,,2576,-1.5553300230280938,10.693013979971962
planned_path,,,,,,,,,,,,2577,-1.5553300230280938,10.643013979226904
planned_path,,,,,,,,,,,,2578,-1.5553300230280938,10.593013978481846
planned_path,,,,,,,,,,,,2579,-1.5553300230280938,10.543013977736788
planned_path,,,,,,,,,,,,2580,-1.5553300230280938,10.49301397699173
planned_path,,,,,,,,,,,,2581,-1.5553300230280938,10.443013976246672
planned_path,,,,,,,,,,,,2582,-1.5553300230280938,10.393013975501614
planned_path,,,,,,,,,,,,2583,-1.5553300230280938,10.343013974756555
planned_path,,,,,,,,,,,,2584,-1.5553300230280938,10.293013974011497
planned_path,,,,,,,,,,,,2585,-1.5553300230280938,10.24301397326644
planned_path,,,,,,,,,,,,2586,-1.5553300230280938,10.193013972521381
planned_path,,,,,,,,,,,,2587,-1.5553300230280938,10.143013971776323
planned_path,,,,,,,,,,,,2588,-1.5553300230280938,10.093013971031265
planned_path,,,,,,,,,,,,2589,-1.5553300230280938,10.043013970286207
planned_path,,,,,,,,,,,,2590,-1.5553300230280938,9.993013969541149
planned_path,,,,,,,,,,,,2591,-1.5553300230280938,9.943013968796091
planned_path,,,,,,,,,,,,2592,-1.5553300230280938,9.893013968051033
planned_path,,,,,,,,,,,,2593,-1.5553300230280938,9.843013967305975
planned_path,,,,,,,,,,,,2594,-1.5553300230280938,9.793013966560917
planned_path,,,,,,,,,,,,2595,-1.5553300230280938,9.743013965815859
planned_path,,,,,,,,,,,,2596,-1.5553300230280938,9.6930139650708
planned_path,,,,,,,,,,,,2597,-1.5553300230280938,9.643013964325743
planned_path,,,,,,,,,,,,2598,-1.5553300230280938,9.593013963580685
planned_path,,,,,,,,,,,,2599,-1.5553300230280938,9.543013962835627
planned_path,,,,,,,,,,,,2600,-1.5553300230280938,9.493013962090568
planned_path,,,,,,,,,,,,2601,-1.5553300230280938,9.44301396134551
planned_path,,,,,,,,,,,,2602,-1.5553300230280938,9.393013960600452
planned_path,,,,,,,,,,,,2603,-1.5553300230280938,9.343013959855394
planned_path,,,,,,,,,,,,2604,-1.5553300230280938,9.293013959110336
planned_path,,,,,,,,,,,,2605,-1.5553300230280938,9.243013958365278
planned_path,,,,,,,,,,,,2606,-1.5553300230280938,9.19301395762022
planned_path,,,,,,,,,,,,2607,-1.5553300230280938,9.143013956875162
planned_path,,,,,,,,,,,,2608,-1.5553300230280938,9.093013956130104
planned_path,,,,,,,,,,,,2609,-1.5553300230280938,9.043013955385046
planned_path,,,,,,,,,,,,2610,-1.5553300230280938,8.993013954639988
planned_path,,,,,,,,,,,,2611,-1.5553300230280938,8.94301395389493
planned_path,,,,,,,,,,,,2612,-1.5553300230280938,8.893013953149872
planned_path,,,,,,,,,,,,2613,-1.5553300230280938,8.843013952404814
planned_path,,,,,,,,,,,,2614,-1.5553300230280938,8.793013951659756
planned_path,,,,,,,,,,,,2615,-1.5553300230280938,8.743013950914698
planned_path,,,,,,,,,,,,2616,-1.5553300230280938,8.69301395016964
planned_path,,,,,,,,,,,,2617,-1.5553300230280938,8.643013949424581
planned_path,,,,,,,,,,,,2618,-1.5553300230280938,8.593013948679523
planned_path,,,,,,,,,,,,2619,-1.5553300230280938,8.543013947934465
planned_path,,,,,,,,,,,,2620,-1.5553300230280938,8.493013947189407
planned_path,,,,,,,,,,,,2621,-1.5553300230280938,8.44301394644435
planned_path,,,,,,,,,,,,2622,-1.5553300230280938,8.393013945699291
planned_path,,,,,,,,,,,,2623,-1.5553300230280938,8.343013944954233
planned_path,,,,,,,,,,,,2624,-1.5553300230280938,8.293013944209175
planned_path,,,,,,,,,,,,2625,-1.5053300222830357,8.243013943464117
planned_path,,,,,,,,,,,,2626,-1.4553300215379776,8.193013942719059
planned_path,,,,,,,,,,,,2627,-1.4053300207929196,8.143013941974
planned_path,,,,,,,,,,,,2628,-1.3553300200478615,8.093013941228943
planned_path,,,,,,,,,,,,2629,-1.3053300193028035,8.043013940483885
planned_path,,,,,,,,,,,,2630,-1.2553300185577454,7.993013939738827
planned_path,,,,,,,,,,,,2631,-1.2053300178126873,7.943013938993769
planned_path,,,,,,,,,,,,2632,-1.1553300170676293,7.893013938248711
planned_path,,,,,,,,,,,,2633,-1.1053300163225712,7.8430139375036525
planned_path,,,,,,,,,,,,2634,-1.0553300155775132,7.793013936758594
planned_path,,,,,,,,,,,,2635,-1.005330014832455,7.743013936013536
planned_path,,,,,,,,,,,,2636,-0.955330014087397,7.693013935268478
planned_path,,,,,,,,,,,,2637,-0.905330013342339,7.64301393452342
planned_path,,,,,,,,,,,,2638,-0.8553300125972809,7.593013933778362
planned_path,,,,,,,,,,,,2639,-0.8053300118522229,7.543013933033304
planned_path,,,,,,,,,,,,2640,-0.7553300111071648,7.493013932288246
planned_path,,,,,,,,,,,,2641,-0.7053300103621067,7.443013931543188
planned_path,,,,,,,,,,,,2642,-0.6553300096170487,7.39301393079813
planned_path,,,,,,,,,,,,2643,-0.6053300088719906,7.343013930053072
planned_path,,,,,,,,,,,,2644,-0.5553300081269326,7.293013929308014
planned_path,,,,,,,,,,,,2645,-0.5053300073818745,7.243013928562956
planned_path,,,,,,,,,,,,2646,-0.45533000663681644,7.193013927817898
planned_path,,,,,,,,,,,,2647,-0.4053300058917584,7.14301392707284
planned_path,,,,,,,,,,,,2648,-0.3553300051467003,7.093013926327782
planned_path,,,,,,,,,,,,2649,-0.30533000440164226,7.0430139255827235
planned_path,,,,,,,,,,,,2650,-0.2553300036565842,6.9930139248376655
planned_path,,,,,,,,,,,,2651,-0.20533000291152614,6.943013924092607
planned_path,,,,,,,,,,,,2652,-0.15533000216646808,6.893013923347549
planned_path,,,,,,,,,,,,2653,-0.10533000142141002,6.843013922602491
planned_path,,,,,,,,,,,,2654,-0.055330000676351965,6.793013921857433
planned_path,,,,,,,,,,,,2655,-0.005329999931293905,6.743013921112375
planned_path,,,,,,,,,,,,2656,0.044670000813764155,6.693013920367317
planned_path,,,,,,,,,,,,2657,0.09467000155882221,6.643013919622259
planned_path,,,,,,,,,,,,2658,0.14467000230388027,6.593013918877201
planned_path,,,,,,,,,,,,2659,0.19467000304893833,6.543013918132143
planned_path,,,,,,,,,,,,2660,0.2446700037939964,6.493013917387085
planned_path,,,,,,,,,,,,2661,0.29467000453905445,6.443013916642027
planned_path,,,,,,,,,,,,2662,0.3446700052841125,6.393013915896969
planned_path,,,,,,,,,,,,2663,0.3446700052841125,6.343013915151911
planned_path,,,,,,,,,,,,2664,0.3446700052841125,6.293013914406853
planned_path,,,,,,,,,,,,2665,0.3446700052841125,6.243013913661795
planned_path,,,,,,,,,,,,2666,0.3446700052841125,6.1930139129167365
planned_path,,,,,,,,,,,,2667,0.3946700060291706,6.1430139121716785
planned_path,,,,,,,,,,,,2668,0.44467000677422863,6.09301391142662
planned_path,,,,,,,,,,,,2669,0.4946700075192867,6.043013910681562
planned_path,,,,,,,,,,,,2670,0.5446700082643448,5.993013909936504
planned_path,,,,,,,,,,,,2671,0.5946700090094028,5.943013909191446
planned_path,,,,,,,,,,,,2672,0.6446700097544609,5.893013908446388
planned_path,,,,,,,,,,,,2673,0.6946700104995189,5.84301390770133
planned_path,,,,,,,,,,,,2674,0.744670011244577,5.793013906956272
planned_path,,,,,,,,,,,,2675,0.794670011989635,5.743013906211214
planned_path,,,,,,,,,,,,2676,0.8446700127346931,5.693013905466156
planned_path,,,,,,,,,,,,2677,0.8946700134797512,5.643013904721098
planned_path,,,,,,,,,,,,2678,0.9446700142248092,5.59301390397604
planned_path,,,,,,,,,,,,2679,0.9946700149698673,5.543013903230982
planned_path,,,,,,,,,,,,2680,1.0446700157149253,5.493013902485924
planned_path,,,,,,,,,,,,2681,1.0946700164599834,5.443013901740866
planned_path,,,,,,,,,,,,2682,1.1446700172050415,5.393013900995808
planned_path,,,,,,,,,,,,2683,1.1946700179500995,5.3430139002507495
planned_path,,,,,,,,,,,,2684,1.2446700186951576,5.2930138995056915
planned_path,,,,,,,,,,,,2685,1.2946700194402156,5.243013898760633
planned_path,,,,,,,,,,,,2686,1.3446700201852737,5.193013898015575
planned_path,,,,,,,,,,,,2687,1.3946700209303318,5.143013897270517
planned_path,,,,,,,,,,,,2688,1.4446700216753898,5.093013896525459
planned_path,,,,,,,,,,,,2689,1.4946700224204479,5.043013895780401
planned_path,,,,,,,,,,,,2690,1.544670023165506,4.993013895035343
planned_path,,,,,,,,,,,,2691,1.594670023910564,4.943013894290285
planned_path,,,,,,,,,,,,2692,1.594670023910564,4.893013893545227
planned_path,,,,,,,,,,,,2693,1.594670023910564,4.893013893545227
planned_path,,,,,,,,,,,,2694,1.644670024655622,4.893013893545227
planned_path,,,,,,,,,,,,2695,1.6946700254006801,4.893013893545227
planned_path,,,,,,,,,,,,2696,1.7446700261457382,4.893013893545227
planned_path,,,,,,,,,,,,2697,1.7946700268907962,4.893013893545227
planned_path,,,,,,,,,,,,2698,1.8446700276358543,4.893013893545227
planned_path,,,,,,,,,,,,2699,1.8946700283809124,4.893013893545227
planned_path,,,,,,,,,,,,2700,1.9446700291259704,4.893013893545227
planned_path,,,,,,,,,,,,2701,1.9946700298710285,4.893013893545227
planned_path,,,,,,,,,,,,2702,2.0446700306160865,4.893013893545227
planned_path,,,,,,,,,,,,2703,2.0946700313611446,4.893013893545227
planned_path,,,,,,,,,,,,2704,2.1446700321062027,4.893013893545227
planned_path,,,,,,,,,,,,2705,2.1946700328512607,4.893013893545227
planned_path,,,,,,,,,,,,2706,2.244670033596319,4.893013893545227
planned_path,,,,,,,,,,,,2707,2.294670034341377,4.893013893545227
planned_path,,,,,,,,,,,,2708,2.344670035086435,4.893013893545227
planned_path,,,,,,,,,,,,2709,2.394670035831493,4.893013893545227
planned_path,,,,,,,,,,,,2710,2.444670036576551,4.893013893545227
planned_path,,,,,,,,,,,,2711,2.494670037321609,4.893013893545227
planned_path,,,,,,,,,,,,2712,2.544670038066667,4.893013893545227
planned_path,,,,,,,,,,,,2713,2.594670038811725,4.893013893545227
planned_path,,,,,,,,,,,,2714,2.6446700395567833,4.893013893545227
planned_path,,,,,,,,,,,,2715,2.6946700403018413,4.893013893545227
planned_path,,,,,,,,,,,,2716,2.7446700410468994,4.893013893545227
planned_path,,,,,,,,,,,,2717,2.7946700417919574,4.893013893545227
planned_path,,,,,,,,,,,,2718,2.8446700425370155,4.893013893545227
planned_path,,,,,,,,,,,,2719,2.8946700432820736,4.893013893545227
planned_path,,,,,,,,,,,,2720,2.9446700440271316,4.893013893545227
planned_path,,,,,,,,,,,,2721,2.9946700447721897,4.893013893545227
planned_path,,,,,,,,,,,,2722,3.0446700455172477,4.893013893545227
planned_path,,,,,,,,,,,,2723,3.094670046262306,4.893013893545227
planned_path,,,,,,,,,,,,2724,3.144670047007364,4.893013893545227
planned_path,,,,,,,,,,,,2725,3.194670047752422,4.893013893545227
planned_path,,,,,,,,,,,,2726,3.24467004849748,4.893013893545227
planned_path,,,,,,,,,,,,2727,3.294670049242538,4.893013893545227
planned_path,,,,,,,,,,,,2728,3.344670049987596,4.893013893545227
planned_path,,,,,,,,,,,,2729,3.394670050732654,4.893013893545227
planned_path,,,,,,,,,,,,2730,3.444670051477712,4.893013893545227
planned_path,,,,,,,,,,,,2731,3.4946700522227703,4.893013893545227
planned_path,,,,,,,,,,,,2732,3.5446700529678283,4.893013893545227
planned_path,,,,,,,,,,,,2733,3.5946700537128864,4.893013893545227
planned_path,,,,,,,,,,,,2734,3.6446700544579445,4.893013893545227
planned_path,,,,,,,,,,,,2735,3.6946700552030025,4.893013893545227
planned_path,,,,,,,,,,,,2736,3.7446700559480606,4.893013893545227
planned_path,,,,,,,,,,,,2737,3.7946700566931186,4.893013893545227
planned_path,,,,,,,,,,,,2738,3.8446700574381767,4.893013893545227
planned_path,,,,,,,,,,,,2739,3.8946700581832348,4.893013893545227
planned_path,,,,,,,,,,,,2740,3.944670058928293,4.893013893545227
planned_path,,,,,,,,,,,,2741,3.994670059673351,4.893013893545227
planned_path,,,,,,,,,,,,2742,4.044670060418409,4.893013893545227
planned_path,,,,,,,,,,,,2743,4.094670061163467,4.893013893545227
planned_path,,,,,,,,,,,,2744,4.144670061908525,4.893013893545227
planned_path,,,,,,,,,,,,2745,4.194670062653583,4.893013893545227
planned_path,,,,,,,,,,,,2746,4.244670063398641,4.893013893545227
planned_path,,,,,,,,,,,,2747,4.294670064143699,4.893013893545227
planned_path,,,,,,,,,,,,2748,4.344670064888757,4.893013893545227
planned_path,,,,,,,,,,,,2749,4.394670065633815,4.893013893545227
planned_path,,,,,,,,,,,,2750,4.444670066378873,4.893013893545227
planned_path,,,,,,,,,,,,2751,4.4946700671239315,4.893013893545227
planned_path,,,,,,,,,,,,2752,4.5446700678689895,4.893013893545227
planned_path,,,,,,,,,,,,2753,4.594670068614048,4.893013893545227
planned_path,,,,,,,,,,,,2754,4.644670069359106,4.893013893545227
planned_path,,,,,,,,,,,,2755,4.694670070104164,4.893013893545227
planned_path,,,,,,,,,,,,2756,4.744670070849222,4.893013893545227
planned_path,,,,,,,,,,,,2757,4.79467007159428,4.893013893545227
planned_path,,,,,,,,,,,,2758,4.844670072339338,4.893013893545227
planned_path,,,,,,,,,,,,2759,4.894670073084396,4.893013893545227
planned_path,,,,,,,,,,,,2760,4.944670073829454,4.893013893545227
planned_path,,,,,,,,,,,,2761,4.994670074574512,4.893013893545227
planned_path,,,,,,,,,,,,2762,5.04467007531957,4.893013893545227
planned_path,,,,,,,,,,,,2763,5.094670076064628,4.893013893545227
planned_path,,,,,,,,,,,,2764,5.144670076809686,4.893013893545227
planned_path,,,,,,,,,,,,2765,5.194670077554744,4.893013893545227
planned_path,,,,,,,,,,,,2766,5.244670078299802,4.893013893545227
planned_path,,,,,,,,,,,,2767,5.29467007904486,4.943013894290285
planned_path,,,,,,,,,,,,2768,5.3446700797899185,4.943013894290285
planned_path,,,,,,,,,,,,2769,5.3946700805349765,4.943013894290285
planned_path,,,,,,,,,,,,2770,5.444670081280035,4.993013895035343
planned_path,,,,,,,,,,,,2771,5.494670082025093,4.993013895035343
planned_path,,,,,,,,,,,,2772,5.544670082770151,5.043013895780401
planned_path,,,,,,,,,,,,2773,5.594670083515209,5.043013895780401
planned_path,,,,,,,,,,,,2774,5.644670084260267,5.093013896525459
planned_path,,,,,,,,,,,,2775,5.694670085005325,5.093013896525459
planned_path,,,,,,,,,,,,2776,5.744670085750383,5.143013897270517
planned_path,,,,,,,,,,,,2777,5.794670086495441,5.143013897270517
planned_path,,,,,,,,,,,,2778,5.844670087240499,5.193013898015575
planned_path,,,,,,,,,,,,2779,5.894670087985557,5.193013898015575
planned_path,,,,,,,,,,,,2780,5.944670088730615,5.193013898015575
planned_path,,,,,,,,,,,,2781,5.994670089475673,5.243013898760633
planned_path,,,,,,,,,,,,2782,6.044670090220731,5.243013898760633
planned_path,,,,,,,,,,,,2783,6.094670090965789,5.2930138995056915
planned_path,,,,,,,,,,,,2784,6.144670091710847,5.2930138995056915
planned_path,,,,,,,,,,,,2785,6.1946700924559055,5.3430139002507495
planned_path,,,,,,,,,,,,2786,6.244670093200964,5.3430139002507495
planned_path,,,,,,,,,,,,2787,6.294670093946022,5.393013900995808
planned_path,,,,,,,,,,,,2788,6.34467009469108,5.393013900995808
planned_path,,,,,,,,,,,,2789,6.394670095436138,5.443013901740866
planned_path,,,,,,,,,,,,2790,6.444670096181196,5.443013901740866
planned_path,,,,,,,,,,,,2791,6.494670096926254,5.443013901740866
planned_path,,,,,,,,,,,,2792,6.544670097671312,5.493013902485924
planned_path,,,,,,,,,,,,2793,6.59467009841637,5.493013902485924
planned_path,,,,,,,,,,,,2794,6.644670099161428,5.543013903230982
planned_path,,,,,,,,,,,,2795,6.694670099906486,5.543013903230982
planned_path,,,,,,,,,,,,2796,6.744670100651544,5.59301390397604
planned_path,,,,,,,,,,,,2797,6.794670101396602,5.59301390397604
planned_path,,,,,,,,,,,,2798,6.84467010214166,5.643013904721098
planned_path,,,,,,,,,,,,2799,6.894670102886718,5.643013904721098
planned_path,,,,,,,,,,,,2800,6.944670103631776,5.693013905466156
planned_path,,,,,,,,,,,,2801,6.9946701043768345,5.693013905466156
planned_path,,,,,,,,,,,,2802,7.0446701051218925,5.693013905466156
planned_path,,,,,,,,,,,,2803,7.094670105866951,5.743013906211214
planned_path,,,,,,,,,,,,2804,7.144670106612009,5.743013906211214
planned_path,,,,,,,,,,,,2805,7.194670107357067,5.793013906956272
planned_path,,,,,,,,,,,,2806,7.244670108102125,5.793013906956272
planned_path,,,,,,,,,,,,2807,7.294670108847183,5.84301390770133
planned_path,,,,,,,,,,,,2808,7.344670109592241,5.84301390770133
planned_path,,,,,,,,,,,,2809,7.394670110337299,5.893013908446388
planned_path,,,,,,,,,,,,2810,7.444670111082357,5.893013908446388
planned_path,,,,,,,,,,,,2811,7.494670111827415,5.943013909191446
planned_path,,,,,,,,,,,,2812,7.544670112572473,5.943013909191446
planned_path,,,,,,,,,,,,2813,7.594670113317531,5.943013909191446
planned_path,,,,,,,,,,,,2814,7.644670114062589,5.993013909936504
planned_path,,,,,,,,,,,,2815,7.694670114807647,5.993013909936504
planned_path,,,,,,,,,,,,2816,7.744670115552705,6.043013910681562
planned_path,,,,,,,,,,,,2817,7.794670116297763,6.043013910681562
planned_path,,,,,,,,,,,,2818,7.8446701170428215,6.09301391142662
planned_path,,,,,,,,,,,,2819,7.8946701177878795,6.09301391142662
planned_path,,,,,,,,,,,,2820,7.944670118532938,6.1430139121716785
planned_path,,,,,,,,,,,,2821,7.994670119277996,6.1430139121716785
planned_path,,,,,,,,,,,,2822,8.044670120023053,6.1930139129167365
planned_path,,,,,,,,,,,,2823,8.09467012076811,6.1930139129167365
planned_path,,,,,,,,,,,,2824,8.144670121513169,6.1930139129167365
planned_path,,,,,,,,,,,,2825,8.194670122258227,6.243013913661795
planned_path,,,,,,,,,,,,2826,8.244670123003285,6.243013913661795
planned_path,,,,,,,,,,,,2827,8.294670123748343,6.293013914406853
planned_path,,,,,,,,,,,,2828,8.344670124493401,6.293013914406853
planned_path,,,,,,,,,,,,2829,8.39467012523846,6.343013915151911
planned_path,,,,,,,,,,,,2830,8.444670125983517,6.343013915151911
planned_path,,,,,,,,,,,,2831,8.494670126728575,6.393013915896969
planned_path,,,,,,,,,,,,2832,8.544670127473633,6.393013915896969
planned_path,,,,,,,,,,,,2833,8.594670128218691,6.443013916642027
planned_path,,,,,,,,,,,,2834,8.64467012896375,6.443013916642027
planned_path,,,,,,,,,,,,2835,8.694670129708808,6.493013917387085
planned_path,,,,,,,,,,,,2836,8.744670130453866,6.493013917387085
planned_path,,,,,,,,,,,,2837,8.794670131198924,6.493013917387085
planned_path,,,,,,,,,,,,2838,8.844670131943982,6.543013918132143
planned_path,,,,,,,,,,,,2839,8.89467013268904,6.543013918132143
planned_path,,,,,,,,,,,,2840,8.944670133434098,6.593013918877201
planned_path,,,,,,,,,,,,2841,8.994670134179156,6.593013918877201
planned_path,,,,,,,,,,,,2842,9.044670134924214,6.643013919622259
planned_path,,,,,,,,,,,,2843,9.094670135669272,6.643013919622259
planned_path,,,,,,,,,,,,2844,9.14467013641433,6.693013920367317
planned_path,,,,,,,,,,,,2845,9.194670137159388,6.693013920367317
planned_path,,,,,,,,,,,,2846,9.244670137904446,6.743013921112375
planned_path,,,,,,,,,,,,2847,9.294670138649504,6.743013921112375
planned_path,,,,,,,,,,,,2848,9.344670139394562,6.743013921112375
planned_path,,,,,,,,,,,,2849,9.39467014013962,6.793013921857433
planned_path,,,,,,,,,,,,2850,9.444670140884678,6.793013921857433
planned_path,,,,,,,,,,,,2851,9.494670141629737,6.843013922602491
planned_path,,,,,,,,,,,,2852,9.544670142374795,6.843013922602491
planned_path,,,,,,,,,,,,2853,9.594670143119853,6.893013923347549
planned_path,,,,,,,,,,,,2854,9.64467014386491,6.893013923347549
planned_path,,,,,,,,,,,,2855,9.694670144609969,6.943013924092607
planned_path,,,,,,,,,,,,2856,9.744670145355027,6.943013924092607
planned_path,,,,,,,,,,,,2857,9.794670146100085,6.9930139248376655
planned_path,,,,,,,,,,,,2858,9.844670146845143,6.9930139248376655
planned_path,,,,,,,,,,,,2859,9.894670147590201,6.9930139248376655
planned_path,,,,,,,,,,,,2860,9.944670148335259,7.0430139255827235
planned_path,,,,,,,,,,,,2861,9.994670149080317,7.0430139255827235
planned_path,,,,,,,,,,,,2862,10.044670149825375,7.093013926327782
planned_path,,,,,,,,,,,,2863,10.094670150570433,7.093013926327782
planned_path,,,,,,,,,,,,2864,10.144670151315491,7.14301392707284
planned_path,,,,,,,,,,,,2865,10.19467015206055,7.14301392707284
planned_path,,,,,,,,,,,,2866,10.244670152805607,7.193013927817898
planned_path,,,,,,,,,,,,2867,10.294670153550666,7.193013927817898
planned_path,,,,,,,,,,,,2868,10.344670154295724,7.243013928562956
planned_path,,,,,,,,,,,,2869,10.394670155040782,7.243013928562956
planned_path,,,,,,,,,,,,2870,10.44467015578584,7.243013928562956
planned_path,,,,,,,,,,,,2871,10.494670156530898,7.293013929308014
planned_path,,,,,,,,,,,,2872,10.544670157275956,7.293013929308014
planned_path,,,,,,,,,,,,2873,10.594670158021014,7.343013930053072
planned_path,,,,,,,,,,,,2874,10.644670158766072,7.343013930053072
planned_path,,,,,,,,,,,,2875,10.69467015951113,7.39301393079813
planned_path,,,,,,,,,,,,2876,10.744670160256188,7.39301393079813
planned_path,,,,,,,,,,,,2877,10.794670161001246,7.443013931543188
planned_path,,,,,,,,,,,,2878,10.844670161746304,7.443013931543188
planned_path,,,,,,,,,,,,2879,10.894670162491362,7.493013932288246
planned_path,,,,,,,,,,,,2880,10.94467016323642,7.493013932288246
planned_path,,,,,,,,,,,,2881,10.994670163981478,7.493013932288246
planned_path,,,,,,,,,,,,2882,11.044670164726536,7.543013933033304
planned_path,,,,,,,,,,,,2883,11.094670165471594,7.543013933033304
planned_path,,,,,,,,,,,,2884,11.144670166216653,7.593013933778362
planned_path,,,,,,,,,,,,2885,11.19467016696171,7.593013933778362
planned_path,,,,,,,,,,,,2886,11.244670167706769,7.64301393452342
planned_path,,,,,,,,,,,,2887,11.294670168451827,7.64301393452342
planned_path,,,,,,,,,,,,2888,11.344670169196885,7.693013935268478
planned_path,,,,,,,,,,,,2889,11.394670169941943,7.693013935268478
planned_path,,,,,,,,,,,,2890,11.444670170687,7.743013936013536
planned_path,,,,,,,,,,,,2891,11.494670171432059,7.743013936013536
planned_path,,,,,,,,,,,,2892,11.544670172177117,7.793013936758594
planned_path,,,,,,,,,,,,2893,11.594670172922175,7.8430139375036525
planned_path,,,,,,,,,,,,2894,11.644670173667233,7.893013938248711
planned_path,,,,,,,,,,,,2895,11.694670174412291,7.893013938248711
planned_path,,,,,,,,,,,,2896,11.74467017515735,7.893013938248711
planned_path,,,,,,,,,,,,2897,11.794670175902407,7.893013938248711
planned_path,,,,,,,,,,,,2898,11.844670176647465,7.893013938248711
planned_path,,,,,,,,,,,,2899,11.894670177392523,7.943013938993769
planned_path,,,,,,,,,,,,2900,11.944670178137581,7.943013938993769
planned_path,,,,,,,,,,,,2901,11.99467017888264,7.993013939738827
planned_path,,,,,,,,,,,,2902,12.044670179627698,7.993013939738827
planned_path,,,,,,,,,,,,2903,12.094670180372756,7.993013939738827
planned_path,,,,,,,,,,,,2904,12.144670181117814,8.043013940483885
planned_path,,,,,,,,,,,,2905,12.194670181862872,8.043013940483885
planned_path,,,,,,,,,,,,2906,12.24467018260793,8.093013941228943
planned_path,,,,,,,,,,,,2907,12.294670183352988,8.093013941228943
planned_path,,,,,,,,,,,,2908,12.344670184098046,8.143013941974
planned_path,,,,,,,,,,,,2909,12.394670184843104,8.143013941974
planned_path,,,,,,,,,,,,2910,12.444670185588162,8.193013942719059
planned_path,,,,,,,,,,,,2911,12.49467018633322,8.193013942719059
planned_path,,,,,,,,,,,,2912,12.544670187078278,8.243013943464117
planned_path,,,,,,,,,,,,2913,12.594670187823336,8.243013943464117
planned_path,,,,,,,,,,,,2914,12.594670187823336,8.243013943464117
planned_path,,,,,,,,,,,,2915,12.594670187823336,8.193013942719059
planned_path,,,,,,,,,,,,2916,12.594670187823336,8.143013941974
planned_path,,,,,,,,,,,,2917,12.594670187823336,8.093013941228943
planned_path,,,,,,,,,,,,2918,12.594670187823336,8.043013940483885
planned_path,,,,,,,,,,,,2919,12.644670188568394,7.993013939738827
planned_path,,,,,,,,,,,,2920,12.694670189313452,7.943013938993769
planned_path,,,,,,,,,,,,2921,12.74467019005851,7.893013938248711
planned_path,,,,,,,,,,,,2922,12.794670190803568,7.8430139375036525
planned_path,,,,,,,,,,,,2923,12.844670191548627,7.793013936758594
planned_path,,,,,,,,,,,,2924,12.894670192293685,7.743013936013536
planned_path,,,,,,,,,,,,2925,12.944670193038743,7.693013935268478
planned_path,,,,,,,,,,,,2926,12.9946701937838,7.64301393452342
planned_path,,,,,,,,,,,,2927,12.9946701937838,7.593013933778362
planned_path,,,,,,,,,,,,2928,12.9946701937838,7.543013933033304
planned_path,,,,,,,,,,,,2929,12.9946701937838,7.493013932288246
planned_path,,,,,,,,,,,,2930,12.9946701937838,7.443013931543188
planned_path,,,,,,,,,,,,2931,12.9946701937838,7.39301393079813
planned_path,,,,,,,,,,,,2932,12.9946701937838,7.343013930053072
planned_path,,,,,,,,,,,,2933,12.9946701937838,7.293013929308014
planned_path,,,,,,,,,,,,2934,12.9946701937838,7.243013928562956
planned_path,,,,,,,,,,,,2935,12.9946701937838,7.193013927817898
planned_path,,,,,,,,,,,,2936,13.044670194528859,7.14301392707284
planned_path,,,,,,,,,,,,2937,13.044670194528859,7.093013926327782
planned_path,,,,,,,,,,,,2938,13.094670195273917,7.0430139255827235
planned_path,,,,,,,,,,,,2939,13.094670195273917,6.9930139248376655
planned_path,,,,,,,,,,,,2940,13.094670195273917,6.9930139248376655
planned_path,,,,,,,,,,,,2941,13.094670195273917,6.943013924092607
planned_path,,,,,,,,,,,,2942,13.094670195273917,6.893013923347549
planned_path,,,,,,,,,,,,2943,13.094670195273917,6.843013922602491
planned_path,,,,,,,,,,,,2944,13.094670195273917,6.793013921857433
planned_path,,,,,,,,,,,,2945,13.094670195273917,6.743013921112375
planned_path,,,,,,,,,,,,2946,13.094670195273917,6.693013920367317
planned_path,,,,,,,,,,,,2947,13.094670195273917,6.643013919622259
planned_path,,,,,,,,,,,,2948,13.094670195273917,6.593013918877201
planned_path,,,,,,,,,,,,2949,13.094670195273917,6.543013918132143
planned_path,,,,,,,,,,,,2950,13.094670195273917,6.493013917387085
planned_path,,,,,,,,,,,,2951,13.094670195273917,6.443013916642027
planned_path,,,,,,,,,,,,2952,13.094670195273917,6.393013915896969
planned_path,,,,,,,,,,,,2953,13.094670195273917,6.343013915151911
planned_path,,,,,,,,,,,,2954,13.094670195273917,6.293013914406853
planned_path,,,,,,,,,,,,2955,13.094670195273917,6.243013913661795
planned_path,,,,,,,,,,,,2956,13.094670195273917,6.1930139129167365
planned_path,,,,,,,,,,,,2957,13.094670195273917,6.1430139121716785
planned_path,,,,,,,,,,,,2958,13.094670195273917,6.09301391142662
planned_path,,,,,,,,,,,,2959,13.094670195273917,6.043013910681562
planned_path,,,,,,,,,,,,2960,13.094670195273917,5.993013909936504
planned_path,,,,,,,,,,,,2961,13.094670195273917,5.943013909191446
planned_path,,,,,,,,,,,,2962,13.094670195273917,5.893013908446388
planned_path,,,,,,,,,,,,2963,13.094670195273917,5.84301390770133
planned_path,,,,,,,,,,,,2964,13.094670195273917,5.793013906956272
planned_path,,,,,,,,,,,,2965,13.094670195273917,5.743013906211214
planned_path,,,,,,,,,,,,2966,13.094670195273917,5.693013905466156
planned_path,,,,,,,,,,,,2967,13.094670195273917,5.643013904721098
planned_path,,,,,,,,,,,,2968,13.094670195273917,5.59301390397604
planned_path,,,,,,,,,,,,2969,13.094670195273917,5.543013903230982
planned_path,,,,,,,,,,,,2970,13.094670195273917,5.493013902485924
planned_path,,,,,,,,,,,,2971,13.094670195273917,5.443013901740866
planned_path,,,,,,,,,,,,2972,13.094670195273917,5.393013900995808
planned_path,,,,,,,,,,,,2973,13.094670195273917,5.3430139002507495
planned_path,,,,,,,,,,,,2974,13.094670195273917,5.2930138995056915
planned_path,,,,,,,,,,,,2975,13.094670195273917,5.243013898760633
planned_path,,,,,,,,,,,,2976,13.094670195273917,5.193013898015575
planned_path,,,,,,,,,,,,2977,13.094670195273917,5.143013897270517
planned_path,,,,,,,,,,,,2978,13.094670195273917,5.093013896525459
planned_path,,,,,,,,,,,,2979,13.094670195273917,5.043013895780401
planned_path,,,,,,,,,,,,2980,13.094670195273917,4.993013895035343
planned_path,,,,,,,,,,,,2981,13.094670195273917,4.943013894290285
planned_path,,,,,,,,,,,,2982,13.094670195273917,4.893013893545227
planned_path,,,,,,,,,,,,2983,13.094670195273917,4.843013892800169
planned_path,,,,,,,,,,,,2984,13.094670195273917,4.793013892055111
planned_path,,,,,,,,,,,,2985,13.094670195273917,4.743013891310053
planned_path,,,,,,,,,,,,2986,13.094670195273917,4.693013890564995
planned_path,,,,,,,,,,,,2987,13.094670195273917,4.643013889819937
planned_path,,,,,,,,,,,,2988,13.094670195273917,4.593013889074879
planned_path,,,,,,,,,,,,2989,13.094670195273917,4.543013888329821
planned_path,,,,,,,,,,,,2990,13.094670195273917,4.4930138875847625
planned_path,,,,,,,,,,,,2991,13.094670195273917,4.443013886839704
planned_path,,,,,,,,,,,,2992,13.094670195273917,4.393013886094646
planned_path,,,,,,,,,,,,2993,13.094670195273917,4.343013885349588
planned_path,,,,,,,,,,,,2994,13.094670195273917,4.29301388460453
planned_path,,,,,,,,,,,,2995,13.094670195273917,4.243013883859472
planned_path,,,,,,,,,,,,2996,13.094670195273917,4.193013883114414
planned_path,,,,,,,,,,,,2997,13.094670195273917,4.143013882369356
planned_path,,,,,,,,,,,,2998,13.094670195273917,4.093013881624298
planned_path,,,,,,,,,,,,2999,13.094670195273917,4.04301388087924
planned_path,,,,,,,,,,,,3000,13.094670195273917,3.993013880134182
planned_path,,,,,,,,,,,,3001,13.094670195273917,3.943013879389124
planned_path,,,,,,,,,,,,3002,13.094670195273917,3.893013878644066
planned_path,,,,,,,,,,,,3003,13.094670195273917,3.8430138778990077
planned_path,,,,,,,,,,,,3004,13.094670195273917,3.7930138771539497
planned_path,,,,,,,,,,,,3005,13.094670195273917,3.7430138764088916
planned_path,,,,,,,,,,,,3006,13.094670195273917,3.6930138756638335
planned_path,,,,,,,,,,,,3007,13.094670195273917,3.6430138749187755
planned_path,,,,,,,,,,,,3008,13.094670195273917,3.5930138741737174
planned_path,,,,,,,,,,,,3009,13.044670194528859,3.5430138734286594
planned_path,,,,,,,,,,,,3010,13.044670194528859,3.4930138726836013
planned_path,,,,,,,,,,,,3011,12.9946701937838,3.4430138719385432
planned_path,,,,,,,,,,,,3012,12.9946701937838,3.393013871193485
planned_path,,,,,,,,,,,,3013,12.944670193038743,3.343013870448427
planned_path,,,,,,,,,,,,3014,12.944670193038743,3.293013869703369
planned_path,,,,,,,,,,,,3015,12.944670193038743,3.243013868958311
planned_path,,,,,,,,,,,,3016,12.894670192293685,3.193013868213253
planned_path,,,,,,,,,,,,3017,12.894670192293685,3.143013867468195
planned_path,,,,,,,,,,,,3018,12.844670191548627,3.093013866723137
planned_path,,,,,,,,,,,,3019,12.844670191548627,3.0430138659780788
planned_path,,,,,,,,,,,,3020,12.794670190803568,2.9930138652330207
planned_path,,,,,,,,,,,,3021,12.794670190803568,2.9430138644879626
planned_path,,,,,,,,,,,,3022,12.74467019005851,2.8930138637429046
planned_path,,,,,,,,,,,,3023,12.74467019005851,2.8430138629978465
planned_path,,,,,,,,,,,,3024,12.694670189313452,2.7930138622527885
planned_path,,,,,,,,,,,,3025,12.694670189313452,2.7430138615077304
planned_path,,,,,,,,,,,,3026,12.694670189313452,2.7430138615077304
planned_path,,,,,,,,,,,,3027,12.644670188568394,2.6930138607626724
planned_path,,,,,,,,,,,,3028,12.594670187823336,2.6430138600176143
planned_path,,,,,,,,,,,,3029,12.544670187078278,2.5930138592725562
planned_path,,,,,,,,,,,,3030,12.49467018633322,2.543013858527498
planned_path,,,,,,,,,,,,3031,12.444670185588162,2.49301385778244
planned_path,,,,,,,,,,,,3032,12.394670184843104,2.443013857037382
planned_path,,,,,,,,,,,,3033,12.344670184098046,2.393013856292324
planned_path,,,,,,,,,,,,3034,12.294670183352988,2.343013855547266
planned_path,,,,,,,,,,,,3035,12.24467018260793,2.293013854802208
planned_path,,,,,,,,,,,,3036,12.194670181862872,2.24301385405715
planned_path,,,,,,,,,,,,3037,12.144670181117814,2.1930138533120918
planned_path,,,,,,,,,,,,3038,12.094670180372756,2.1430138525670337
planned_path,,,,,,,,,,,,3039,12.044670179627698,2.0930138518219756
planned_path,,,,,,,,,,,,3040,11.99467017888264,2.0430138510769176
planned_path,,,,,,,,,,,,3041,11.944670178137581,1.9930138503318595
planned_path,,,,,,,,,,,,3042,11.894670177392523,1.9430138495868015
planned_path,,,,,,,,,,,,3043,11.844670176647465,1.8930138488417434
planned_path,,,,,,,,,,,,3044,11.794670175902407,1.8430138480966853
planned_path,,,,,,,,,,,,3045,11.74467017515735,1.7930138473516273
planned_path,,,,,,,,,,,,3046,11.694670174412291,1.7430138466065692
planned_path,,,,,,,,,,,,3047,11.644670173667233,1.6930138458615112
planned_path,,,,,,,,,,,,3048,11.594670172922175,1.643013845116453
planned_path,,,,,,,,,,,,3049,11.544670172177117,1.593013844371395
planned_path,,,,,,,,,,,,3050,11.494670171432059,1.543013843626337
planned_path,,,,,,,,,,,,3051,11.444670170687,1.493013842881279
planned_path,,,,,,,,,,,,3052,11.394670169941943,1.493013842881279
planned_path,,,,,,,,,,,,3053,11.344670169196885,1.493013842881279
planned_path,,,,,,,,,,,,3054,11.294670168451827,1.4430138421362209
planned_path,,,,,,,,,,,,3055,11.244670167706769,1.4430138421362209
planned_path,,,,,,,,,,,,3056,11.19467016696171,1.4430138421362209
planned_path,,,,,,,,,,,,3057,11.144670166216653,1.4430138421362209
planned_path,,,,,,,,,,,,3058,11.094670165471594,1.4430138421362209
planned_path,,,,,,,,,,,,3059,11.044670164726536,1.4430138421362209
planned_path,,,,,,,,,,,,3060,10.994670163981478,1.3930138413911628
planned_path,,,,,,,,,,,,3061,10.94467016323642,1.3930138413911628
planned_path,,,,,,,,,,,,3062,10.894670162491362,1.3930138413911628
planned_path,,,,,,,,,,,,3063,10.894670162491362,1.3930138413911628
planned_path,,,,,,,,,,,,3064,10.844670161746304,1.3930138413911628
planned_path,,,,,,,,,,,,3065,10.794670161001246,1.3930138413911628
planned_path,,,,,,,,,,,,3066,10.744670160256188,1.3930138413911628
planned_path,,,,,,,,,,,,3067,10.69467015951113,1.3930138413911628
planned_path,,,,,,,,,,,,3068,10.644670158766072,1.3930138413911628
planned_path,,,,,,,,,,,,3069,10.594670158021014,1.3930138413911628
planned_path,,,,,,,,,,,,3070,10.544670157275956,1.3930138413911628
planned_path,,,,,,,,,,,,3071,10.494670156530898,1.3930138413911628
planned_path,,,,,,,,,,,,3072,10.44467015578584,1.3930138413911628
planned_path,,,,,,,,,,,,3073,10.394670155040782,1.3930138413911628
planned_path,,,,,,,,,,,,3074,10.344670154295724,1.3930138413911628
planned_path,,,,,,,,,,,,3075,10.294670153550666,1.3930138413911628
planned_path,,,,,,,,,,,,3076,10.244670152805607,1.3930138413911628
planned_path,,,,,,,,,,,,3077,10.19467015206055,1.3930138413911628
planned_path,,,,,,,,,,,,3078,10.144670151315491,1.3930138413911628
planned_path,,,,,,,,,,,,3079,10.094670150570433,1.3930138413911628
planned_path,,,,,,,,,,,,3080,10.044670149825375,1.3930138413911628
planned_path,,,,,,,,,,,,3081,9.994670149080317,1.3930138413911628
planned_path,,,,,,,,,,,,3082,9.944670148335259,1.3930138413911628
planned_path,,,,,,,,,,,,3083,9.894670147590201,1.3930138413911628
planned_path,,,,,,,,,,,,3084,9.844670146845143,1.3930138413911628
planned_path,,,,,,,,,,,,3085,9.794670146100085,1.3930138413911628
planned_path,,,,,,,,,,,,3086,9.744670145355027,1.3930138413911628
planned_path,,,,,,,,,,,,3087,9.694670144609969,1.3930138413911628
planned_path,,,,,,,,,,,,3088,9.64467014386491,1.3930138413911628
planned_path,,,,,,,,,,,,3089,9.594670143119853,1.3930138413911628
planned_path,,,,,,,,,,,,3090,9.544670142374795,1.3930138413911628
planned_path,,,,,,,,,,,,3091,9.494670141629737,1.3930138413911628
planned_path,,,,,,,,,,,,3092,9.444670140884678,1.3930138413911628
planned_path,,,,,,,,,,,,3093,9.39467014013962,1.3930138413911628
planned_path,,,,,,,,,,,,3094,9.344670139394562,1.3930138413911628
planned_path,,,,,,,,,,,,3095,9.294670138649504,1.3930138413911628
planned_path,,,,,,,,,,,,3096,9.244670137904446,1.3930138413911628
planned_path,,,,,,,,,,,,3097,9.194670137159388,1.3930138413911628
planned_path,,,,,,,,,,,,3098,9.14467013641433,1.3930138413911628
planned_path,,,,,,,,,,,,3099,9.094670135669272,1.3930138413911628
planned_path,,,,,,,,,,,,3100,9.044670134924214,1.3930138413911628
planned_path,,,,,,,,,,,,3101,8.994670134179156,1.3930138413911628
planned_path,,,,,,,,,,,,3102,8.944670133434098,1.3930138413911628
planned_path,,,,,,,,,,,,3103,8.89467013268904,1.3930138413911628
planned_path,,,,,,,,,,,,3104,8.844670131943982,1.3930138413911628
planned_path,,,,,,,,,,,,3105,8.794670131198924,1.3930138413911628
planned_path,,,,,,,,,,,,3106,8.744670130453866,1.3930138413911628
planned_path,,,,,,,,,,,,3107,8.694670129708808,1.3930138413911628
planned_path,,,,,,,,,,,,3108,8.64467012896375,1.3930138413911628
planned_path,,,,,,,,,,,,3109,8.594670128218691,1.3930138413911628
planned_path,,,,,,,,,,,,3110,8.544670127473633,1.3930138413911628
planned_path,,,,,,,,,,,,3111,8.494670126728575,1.3930138413911628
planned_path,,,,,,,,,,,,3112,8.444670125983517,1.3930138413911628
planned_path,,,,,,,,,,,,3113,8.39467012523846,1.3930138413911628
planned_path,,,,,,,,,,,,3114,8.344670124493401,1.3930138413911628
planned_path,,,,,,,,,,,,3115,8.294670123748343,1.3930138413911628
planned_path,,,,,,,,,,,,3116,8.244670123003285,1.3930138413911628
planned_path,,,,,,,,,,,,3117,8.194670122258227,1.3930138413911628
planned_path,,,,,,,,,,,,3118,8.144670121513169,1.3930138413911628
planned_path,,,,,,,,,,,,3119,8.09467012076811,1.3930138413911628
planned_path,,,,,,,,,,,,3120,8.044670120023053,1.3930138413911628
planned_path,,,,,,,,,,,,3121,7.994670119277996,1.3930138413911628
planned_path,,,,,,,,,,,,3122,7.944670118532938,1.3930138413911628
planned_path,,,,,,,,,,,,3123,7.8946701177878795,1.3930138413911628
planned_path,,,,,,,,,,,,3124,7.8446701170428215,1.3930138413911628
planned_path,,,,,,,,,,,,3125,7.794670116297763,1.3930138413911628
planned_path,,,,,,,,,,,,3126,7.744670115552705,1.3930138413911628
planned_path,,,,,,,,,,,,3127,7.694670114807647,1.3930138413911628
planned_path,,,,,,,,,,,,3128,7.644670114062589,1.3930138413911628
planned_path,,,,,,,,,,,,3129,7.594670113317531,1.3930138413911628
planned_path,,,,,,,,,,,,3130,7.544670112572473,1.3930138413911628
planned_path,,,,,,,,,,,,3131,7.494670111827415,1.3930138413911628
planned_path,,,,,,,,,,,,3132,7.444670111082357,1.3930138413911628
planned_path,,,,,,,,,,,,3133,7.394670110337299,1.3930138413911628
planned_path,,,,,,,,,,,,3134,7.344670109592241,1.3930138413911628
planned_path,,,,,,,,,,,,3135,7.294670108847183,1.3930138413911628
planned_path,,,,,,,,,,,,3136,7.244670108102125,1.3930138413911628
planned_path,,,,,,,,,,,,3137,7.194670107357067,1.3930138413911628
planned_path,,,,,,,,,,,,3138,7.144670106612009,1.3930138413911628
planned_path,,,,,,,,,,,,3139,7.094670105866951,1.3930138413911628
planned_path,,,,,,,,,,,,3140,7.0446701051218925,1.3930138413911628
planned_path,,,,,,,,,,,,3141,6.9946701043768345,1.3930138413911628
planned_path,,,,,,,,,,,,3142,6.944670103631776,1.3930138413911628
planned_path,,,,,,,,,,,,3143,6.894670102886718,1.3930138413911628
planned_path,,,,,,,,,,,,3144,6.84467010214166,1.3930138413911628
planned_path,,,,,,,,,,,,3145,6.794670101396602,1.3930138413911628
planned_path,,,,,,,,,,,,3146,6.744670100651544,1.3930138413911628
planned_path,,,,,,,,,,,,3147,6.694670099906486,1.3930138413911628
planned_path,,,,,,,,,,,,3148,6.644670099161428,1.3930138413911628
planned_path,,,,,,,,,,,,3149,6.59467009841637,1.3930138413911628
planned_path,,,,,,,,,,,,3150,6.544670097671312,1.3930138413911628
planned_path,,,,,,,,,,,,3151,6.494670096926254,1.3930138413911628
planned_path,,,,,,,,,,,,3152,6.444670096181196,1.3930138413911628
planned_path,,,,,,,,,,,,3153,6.394670095436138,1.3930138413911628
planned_path,,,,,,,,,,,,3154,6.34467009469108,1.3930138413911628
planned_path,,,,,,,,,,,,3155,6.294670093946022,1.3930138413911628
planned_path,,,,,,,,,,,,3156,6.244670093200964,1.3930138413911628
planned_path,,,,,,,,,,,,3157,6.1946700924559055,1.3930138413911628
planned_path,,,,,,,,,,,,3158,6.144670091710847,1.3930138413911628
planned_path,,,,,,,,,,,,3159,6.094670090965789,1.3930138413911628
planned_path,,,,,,,,,,,,3160,6.044670090220731,1.3930138413911628
planned_path,,,,,,,,,,,,3161,5.994670089475673,1.3930138413911628
planned_path,,,,,,,,,,,,3162,5.944670088730615,1.3930138413911628
planned_path,,,,,,,,,,,,3163,5.894670087985557,1.3930138413911628
planned_path,,,,,,,,,,,,3164,5.844670087240499,1.3930138413911628
planned_path,,,,,,,,,,,,3165,5.794670086495441,1.3930138413911628
planned_path,,,,,,,,,,,,3166,5.744670085750383,1.3930138413911628
planned_path,,,,,,,,,,,,3167,5.694670085005325,1.3930138413911628
planned_path,,,,,,,,,,,,3168,5.644670084260267,1.3930138413911628
planned_path,,,,,,,,,,,,3169,5.594670083515209,1.3430138406461047
planned_path,,,,,,,,,,,,3170,5.544670082770151,1.3430138406461047
planned_path,,,,,,,,,,,,3171,5.494670082025093,1.3430138406461047
planned_path,,,,,,,,,,,,3172,5.494670082025093,1.3430138406461047
planned_path,,,,,,,,,,,,3173,5.444670081280035,1.3430138406461047
planned_path,,,,,,,,,,,,3174,5.3946700805349765,1.3430138406461047
planned_path,,,,,,,,,,,,3175,5.3446700797899185,1.3430138406461047
planned_path,,,,,,,,,,,,3176,5.29467007904486,1.3430138406461047
planned_path,,,,,,,,,,,,3177,5.244670078299802,1.3430138406461047
planned_path,,,,,,,,,,,,3178,5.194670077554744,1.3430138406461047
planned_path,,,,,,,,,,,,3179,5.144670076809686,1.3430138406461047
planned_path,,,,,,,,,,,,3180,5.094670076064628,1.3430138406461047
planned_path,,,,,,,,,,,,3181,5.04467007531957,1.3430138406461047
planned_path,,,,,,,,,,,,3182,4.994670074574512,1.3430138406461047
planned_path,,,,,,,,,,,,3183,4.944670073829454,1.3430138406461047
planned_path,,,,,,,,,,,,3184,4.894670073084396,1.3430138406461047
planned_path,,,,,,,,,,,,3185,4.844670072339338,1.3430138406461047
planned_path,,,,,,,,,,,,3186,4.79467007159428,1.3430138406461047
planned_path,,,,,,,,,,,,3187,4.744670070849222,1.3430138406461047
planned_path,,,,,,,,,,,,3188,4.694670070104164,1.3430138406461047
planned_path,,,,,,,,,,,,3189,4.644670069359106,1.3430138406461047
planned_path,,,,,,,,,,,,3190,4.594670068614048,1.3430138406461047
planned_path,,,,,,,,,,,,3191,4.5446700678689895,1.3430138406461047
planned_path,,,,,,,,,,,,3192,4.4946700671239315,1.3430138406461047
planned_path,,,,,,,,,,,,3193,4.444670066378873,1.3430138406461047
planned_path,,,,,,,,,,,,3194,4.394670065633815,1.3430138406461047
planned_path,,,,,,,,,,,,3195,4.344670064888757,1.3930138413911628
planned_path,,,,,,,,,,,,3196,4.294670064143699,1.3930138413911628
planned_path,,,,,,,,,,,,3197,4.244670063398641,1.3930138413911628
planned_path,,,,,,,,,,,,3198,4.194670062653583,1.3930138413911628
planned_path,,,,,,,,,,,,3199,4.144670061908525,1.3930138413911628
planned_path,,,,,,,,,,,,3200,4.094670061163467,1.3930138413911628
planned_path,,,,,,,,,,,,3201,4.044670060418409,1.3930138413911628
planned_path,,,,,,,,,,,,3202,3.994670059673351,1.3930138413911628
planned_path,,,,,,,,,,,,3203,3.944670058928293,1.3930138413911628
planned_path,,,,,,,,,,,,3204,3.8946700581832348,1.3930138413911628
planned_path,,,,,,,,,,,,3205,3.8446700574381767,1.3930138413911628
planned_path,,,,,,,,,,,,3206,3.7946700566931186,1.3930138413911628
planned_path,,,,,,,,,,,,3207,3.7446700559480606,1.3930138413911628
planned_path,,,,,,,,,,,,3208,3.6946700552030025,1.3930138413911628
planned_path,,,,,,,,,,,,3209,3.6446700544579445,1.3930138413911628
planned_path,,,,,,,,,,,,3210,3.5946700537128864,1.3930138413911628
planned_path,,,,,,,,,,,,3211,3.5446700529678283,1.3930138413911628
planned_path,,,,,,,,,,,,3212,3.4946700522227703,1.3930138413911628
planned_path,,,,,,,,,,,,3213,3.444670051477712,1.3930138413911628
planned_path,,,,,,,,,,,,3214,3.394670050732654,1.3930138413911628
planned_path,,,,,,,,,,,,3215,3.344670049987596,1.3930138413911628
planned_path,,,,,,,,,,,,3216,3.294670049242538,1.3930138413911628
planned_path,,,,,,,,,,,,3217,3.24467004849748,1.3930138413911628
planned_path,,,,,,,,,,,,3218,3.194670047752422,1.3930138413911628
planned_path,,,,,,,,,,,,3219,3.144670047007364,1.3930138413911628
planned_path,,,,,,,,,,,,3220,3.094670046262306,1.3930138413911628
planned_path,,,,,,,,,,,,3221,3.0446700455172477,1.3930138413911628
planned_path,,,,,,,,,,,,3222,2.9946700447721897,1.3930138413911628
planned_path,,,,,,,,,,,,3223,2.9446700440271316,1.3930138413911628
planned_path,,,,,,,,,,,,3224,2.8946700432820736,1.3930138413911628
planned_path,,,,,,,,,,,,3225,2.8446700425370155,1.3930138413911628
planned_path,,,,,,,,,,,,3226,2.7946700417919574,1.3930138413911628
planned_path,,,,,,,,,,,,3227,2.7446700410468994,1.3930138413911628
planned_path,,,,,,,,,,,,3228,2.6946700403018413,1.3930138413911628
planned_path,,,,,,,,,,,,3229,2.6446700395567833,1.3930138413911628
planned_path,,,,,,,,,,,,3230,2.594670038811725,1.3930138413911628
planned_path,,,,,,,,,,,,3231,2.544670038066667,1.3930138413911628
planned_path,,,,,,,,,,,,3232,2.494670037321609,1.3930138413911628
planned_path,,,,,,,,,,,,3233,2.444670036576551,1.3930138413911628
planned_path,,,,,,,,,,,,3234,2.394670035831493,1.3930138413911628
planned_path,,,,,,,,,,,,3235,2.344670035086435,1.3930138413911628
planned_path,,,,,,,,,,,,3236,2.294670034341377,1.3930138413911628
planned_path,,,,,,,,,,,,3237,2.244670033596319,1.4430138421362209
planned_path,,,,,,,,,,,,3238,2.1946700328512607,1.493013842881279
planned_path,,,,,,,,,,,,3239,2.1446700321062027,1.543013843626337
planned_path,,,,,,,,,,,,3240,2.0946700313611446,1.593013844371395
planned_path,,,,,,,,,,,,3241,2.0446700306160865,1.643013845116453
planned_path,,,,,,,,,,,,3242,1.9946700298710285,1.6930138458615112
planned_path,,,,,,,,,,,,3243,1.9446700291259704,1.7430138466065692
planned_path,,,,,,,,,,,,3244,1.8946700283809124,1.7930138473516273
planned_path,,,,,,,,,,,,3245,1.8446700276358543,1.8430138480966853
planned_path,,,,,,,,,,,,3246,1.7946700268907962,1.8930138488417434
planned_path,,,,,,,,,,,,3247,1.7446700261457382,1.9430138495868015
planned_path,,,,,,,,,,,,3248,1.6946700254006801,1.9930138503318595
planned_path,,,,,,,,,,,,3249,1.644670024655622,2.0430138510769176
planned_path,,,,,,,,,,,,3250,1.594670023910564,2.0930138518219756
planned_path,,,,,,,,,,,,3251,1.544670023165506,2.1430138525670337
planned_path,,,,,,,,,,,,3252,1.4946700224204479,2.1930138533120918
planned_path,,,,,,,,,,,,3253,1.4446700216753898,2.24301385405715
planned_path,,,,,,,,,,,,3254,1.3946700209303318,2.293013854802208
planned_path,,,,,,,,,,,,3255,1.3446700201852737,2.343013855547266
planned_path,,,,,,,,,,,,3256,1.3446700201852737,2.393013856292324
planned_path,,,,,,,,,,,,3257,1.3446700201852737,2.443013857037382
planned_path,,,,,,,,,,,,3258,1.2946700194402156,2.49301385778244
planned_path,,,,,,,,,,,,3259,1.2946700194402156,2.543013858527498
planned_path,,,,,,,,,,,,3260,1.2446700186951576,2.5930138592725562
planned_path,,,,,,,,,,,,3261,1.2446700186951576,2.6430138600176143
planned_path,,,,,,,,,,,,3262,1.1946700179500995,2.6930138607626724
planned_path,,,,,,,,,,,,3263,1.1946700179500995,2.7430138615077304
planned_path,,,,,,,,,,,,3264,1.1446700172050415,2.7930138622527885
planned_path,,,,,,,,,,,,3265,1.1446700172050415,2.8430138629978465
planned_path,,,,,,,,,,,,3266,1.1446700172050415,2.8430138629978465
planned_path,,,,,,,,,,,,3267,1.1446700172050415,2.8930138637429046
planned_path,,,,,,,,,,,,3268,1.1446700172050415,2.9430138644879626
planned_path,,,,,,,,,,,,3269,1.1446700172050415,2.9930138652330207
planned_path,,,,,,,,,,,,3270,1.1446700172050415,3.0430138659780788
planned_path,,,,,,,,,,,,3271,1.1446700172050415,3.093013866723137
planned_path,,,,,,,,,,,,3272,1.1446700172050415,3.143013867468195
planned_path,,,,,,,,,,,,3273,1.1446700172050415,3.193013868213253
planned_path,,,,,,,,,,,,3274,1.0946700164599834,3.243013868958311
planned_path,,,,,,,,,,,,3275,1.0446700157149253,3.293013869703369
planned_path,,,,,,,,,,,,3276,1.0446700157149253,3.343013870448427
planned_path,,,,,,,,,,,,3277,1.0446700157149253,3.343013870448427
planned_path,,,,,,,,,,,,3278,0.9946700149698673,3.393013871193485
planned_path,,,,,,,,,,,,3279,0.9446700142248092,3.4430138719385432
planned_path,,,,,,,,,,,,3280,0.8946700134797512,3.4930138726836013
planned_path,,,,,,,,,,,,3281,0.8946700134797512,3.5430138734286594
planned_path,,,,,,,,,,,,3282,0.8946700134797512,3.5930138741737174
planned_path,,,,,,,,,,,,3283,0.8946700134797512,3.6430138749187755
planned_path,,,,,,,,,,,,3284,0.8946700134797512,3.6930138756638335
planned_path,,,,,,,,,,,,3285,0.8446700127346931,3.7430138764088916
planned_path,,,,,,,,,,,,3286,0.8446700127346931,3.7930138771539497
planned_path,,,,,,,,,,,,3287,0.794670011989635,3.8430138778990077
planned_path,,,,,,,,,,,,3288,0.794670011989635,3.893013878644066
planned_path,,,,,,,,,,,,3289,0.794670011989635,3.893013878644066
planned_path,,,,,,,,,,,,3290,0.744670011244577,3.943013879389124
planned_path,,,,,,,,,,,,3291,0.6946700104995189,3.993013880134182
planned_path,,,,,,,,,,,,3292,0.6446700097544609,4.04301388087924
planned_path,,,,,,,,,,,,3293,0.5946700090094028,4.04301388087924
planned_path,,,,,,,,,,,,3294,0.5446700082643448,4.04301388087924
planned_path,,,,,,,,,,,,3295,0.4946700075192867,4.04301388087924
planned_path,,,,,,,,,,,,3296,0.44467000677422863,4.093013881624298
planned_path,,,,,,,,,,,,3297,0.3946700060291706,4.093013881624298
planned_path,,,,,,,,,,,,3298,0.3446700052841125,4.093013881624298
planned_path,,,,,,,,,,,,3299,0.3446700052841125,4.093013881624298
planned_path,,,,,,,,,,,,3300,0.29467000453905445,4.093013881624298
planned_path,,,,,,,,,,,,3301,0.2446700037939964,4.093013881624298
planned_path,,,,,,,,,,,,3302,0.19467000304893833,4.093013881624298
planned_path,,,,,,,,,,,,3303,0.14467000230388027,4.093013881624298
planned_path,,,,,,,,,,,,3304,0.09467000155882221,4.093013881624298
planned_path,,,,,,,,,,,,3305,0.044670000813764155,4.093013881624298
planned_path,,,,,,,,,,,,3306,-0.005329999931293905,4.093013881624298
planned_path,,,,,,,,,,,,3307,-0.055330000676351965,4.093013881624298
planned_path,,,,,,,,,,,,3308,-0.10533000142141002,4.093013881624298
planned_path,,,,,,,,,,,,3309,-0.15533000216646808,4.093013881624298
planned_path,,,,,,,,,,,,3310,-0.20533000291152614,4.093013881624298
planned_path,,,,,,,,,,,,3311,-0.20533000291152614,4.093013881624298
planned_path,,,,,,,,,,,,3312,-0.2553300036565842,4.04301388087924
planned_path,,,,,,,,,,,,3313,-0.30533000440164226,3.993013880134182
planned_path,,,,,,,,,,,,3314,-0.3553300051467003,3.993013880134182
planned_path,,,,,,,,,,,,3315,-0.4053300058917584,3.993013880134182
planned_path,,,,,,,,,,,,3316,-0.45533000663681644,3.943013879389124
planned_path,,,,,,,,,,,,3317,-0.5053300073818745,3.943013879389124
planned_path,,,,,,,,,,,,3318,-0.5553300081269326,3.943013879389124
planned_path,,,,,,,,,,,,3319,-0.5553300081269326,3.943013879389124
planned_path,,,,,,,,,,,,3320,-0.6053300088719906,3.893013878644066
planned_path,,,,,,,,,,,,3321,-0.6553300096170487,3.8430138778990077
planned_path,,,,,,,,,,,,3322,-0.7053300103621067,3.7930138771539497
planned_path,,,,,,,,,,,,3323,-0.7553300111071648,3.7430138764088916
planned_path,,,,,,,,,,,,3324,-0.8053300118522229,3.6930138756638335
planned_path,,,,,,,,,,,,3325,-0.8553300125972809,3.6930138756638335
planned_path,,,,,,,,,,,,3326,-0.905330013342339,3.6930138756638335
planned_path,,,,,,,,,,,,3327,-0.905330013342339,3.6930138756638335
planned_path,,,,,,,,,,,,3328,-0.955330014087397,3.6430138749187755
planned_path,,,,,,,,,,,,3329,-1.005330014832455,3.5930138741737174
planned_path,,,,,,,,,,,,3330,-1.0553300155775132,3.5430138734286594
planned_path,,,,,,,,,,,,3331,-1.1053300163225712,3.4930138726836013
planned_path,,,,,,,,,,,,3332,-1.1553300170676293,3.4430138719385432
planned_path,,,,,,,,,,,,3333,-1.1553300170676293,3.393013871193485
planned_path,,,,,,,,,,,,3334,-1.2053300178126873,3.343013870448427
planned_path,,,,,,,,,,,,3335,-1.2053300178126873,3.293013869703369
planned_path,,,,,,,,,,,,3336,-1.2053300178126873,3.243013868958311
planned_path,,,,,,,,,,,,3337,-1.2053300178126873,3.243013868958311
planned_path,,,,,,,,,,,,3338,-1.2553300185577454,3.193013868213253
planned_path,,,,,,,,,,,,3339,-1.3053300193028035,3.143013867468195
planned_path,,,,,,,,,,,,3340,-1.3553300200478615,3.093013866723137
planned_path,,,,,,,,,,,,3341,-1.3553300200478615,3.0430138659780788
planned_path,,,,,,,,,,,,3342,-1.3553300200478615,2.9930138652330207
planned_path,,,,,,,,,,,,3343,-1.3553300200478615,2.9430138644879626
planned_path,,,,,,,,,,,,3344,-1.3553300200478615,2.8930138637429046
planned_path,,,,,,,,,,,,3345,-1.4053300207929196,2.8430138629978465
planned_path,,,,,,,,,,,,3346,-1.4053300207929196,2.7930138622527885
planned_path,,,,,,,,,,,,3347,-1.4553300215379776,2.7430138615077304
planned_path,,,,,,,,,,,,3348,-1.4553300215379776,2.6930138607626724
planned_path,,,,,,,,,,,,3349,-1.4553300215379776,2.6930138607626724
planned_path,,,,,,,,,,,,3350,-1.4553300215379776,2.6430138600176143
planned_path,,,,,,,,,,,,3351,-1.4553300215379776,2.5930138592725562
planned_path,,,,,,,,,,,,3352,-1.4553300215379776,2.543013858527498
planned_path,,,,,,,,,,,,3353,-1.4553300215379776,2.49301385778244
planned_path,,,,,,,,,,,,3354,-1.4553300215379776,2.443013857037382
planned_path,,,,,,,,,,,,3355,-1.4553300215379776,2.393013856292324
planned_path,,,,,,,,,,,,3356,-1.4553300215379776,2.343013855547266
planned_path,,,,,,,,,,,,3357,-1.4553300215379776,2.293013854802208
planned_path,,,,,,,,,,,,3358,-1.4553300215379776,2.24301385405715
planned_path,,,,,,,,,,,,3359,-1.4553300215379776,2.1930138533120918
planned_path,,,,,,,,,,,,3360,-1.4053300207929196,2.1430138525670337
planned_path,,,,,,,,,,,,3361,-1.4053300207929196,2.0930138518219756
planned_path,,,,,,,,,,,,3362,-1.4053300207929196,2.0430138510769176
planned_path,,,,,,,,,,,,3363,-1.4053300207929196,2.0430138510769176
planned_path,,,,,,,,,,,,3364,-1.4053300207929196,1.9930138503318595
planned_path,,,,,,,,,,,,3365,-1.4053300207929196,1.9430138495868015
planned_path,,,,,,,,,,,,3366,-1.4053300207929196,1.8930138488417434
planned_path,,,,,,,,,,,,3367,-1.4053300207929196,1.8430138480966853
planned_path,,,,,,,,,,,,3368,-1.4053300207929196,1.7930138473516273
planned_path,,,,,,,,,,,,3369,-1.4053300207929196,1.7430138466065692
planned_path,,,,,,,,,,,,3370,-1.4053300207929196,1.6930138458615112
planned_path,,,,,,,,,,,,3371,-1.3553300200478615,1.643013845116453
planned_path,,,,,,,,,,,,3372,-1.3053300193028035,1.593013844371395
planned_path,,,,,,,,,,,,3373,-1.3053300193028035,1.543013843626337
planned_path,,,,,,,,,,,,3374,-1.2553300185577454,1.493013842881279
planned_path,,,,,,,,,,,,3375,-1.2553300185577454,1.4430138421362209
planned_path,,,,,,,,,,,,3376,-1.2553300185577454,1.4430138421362209
planned_path,,,,,,,,,,,,3377,-1.2053300178126873,1.3930138413911628
planned_path,,,,,,,,,,,,3378,-1.1553300170676293,1.3430138406461047
planned_path,,,,,,,,,,,,3379,-1.1053300163225712,1.2930138399010467
planned_path,,,,,,,,,,,,3380,-1.1053300163225712,1.2430138391559886
planned_path,,,,,,,,,,,,3381,-1.1053300163225712,1.1930138384109306
planned_path,,,,,,,,,,,,3382,-1.1053300163225712,1.1430138376658725
planned_path,,,,,,,,,,,,3383,-1.0553300155775132,1.0930138369208144
planned_path,,,,,,,,,,,,3384,-1.005330014832455,1.0430138361757564
planned_path,,,,,,,,,,,,3385,-0.955330014087397,0.9930138354306983
planned_path,,,,,,,,,,,,3386,-0.905330013342339,0.9430138346856403
planned_path,,,,,,,,,,,,3387,-0.8553300125972809,0.8930138339405822
planned_path,,,,,,,,,,,,3388,-0.8553300125972809,0.8430138331955241
planned_path,,,,,,,,,,,,3389,-0.8553300125972809,0.8430138331955241
planned_path,,,,,,,,,,,,3390,-0.8053300118522229,0.7930138324504661
planned_path,,,,,,,,,,,,3391,-0.7553300111071648,0.743013831705408
planned_path,,,,,,,,,,,,3392,-0.7053300103621067,0.69301383096035
planned_path,,,,,,,,,,,,3393,-0.6553300096170487,0.6430138302152919
planned_path,,,,,,,,,,,,3394,-0.6053300088719906,0.5930138294702338
planned_path,,,,,,,,,,,,3395,-0.5553300081269326,0.5430138287251758
planned_path,,,,,,,,,,,,3396,-0.5053300073818745,0.4930138279801177
planned_path,,,,,,,,,,,,3397,-0.45533000663681644,0.44301382723505967
planned_path,,,,,,,,,,,,3398,-0.4053300058917584,0.3930138264900016
planned_path,,,,,,,,,,,,3399,-0.3553300051467003,0.34301382574494355
planned_path,,,,,,,,,,,,3400,-0.30533000440164226,0.2930138249998855
planned_path,,,,,,,,,,,,3401,-0.2553300036565842,0.24301382425482743
planned_path,,,,,,,,,,,,3402,-0.20533000291152614,0.19301382350976937
planned_path,,,,,,,,,,,,3403,-0.15533000216646808,0.19301382350976937
planned_path,,,,,,,,,,,,3404,-0.10533000142141002,0.19301382350976937
planned_path,,,,,,,,,,,,3405,-0.055330000676351965,0.19301382350976937
planned_path,,,,,,,,,,,,3406,-0.005329999931293905,0.1430138227647113
planned_path,,,,,,,,,,,,3407,0.044670000813764155,0.1430138227647113
planned_path,,,,,,,,,,,,3408,0.09467000155882221,0.1430138227647113
planned_path,,,,,,,,,,,,3409,0.14467000230388027,0.1430138227647113
planned_path,,,,,,,,,,,,3410,0.19467000304893833,0.1430138227647113
planned_path,,,,,,,,,,,,3411,0.2446700037939964,0.1430138227647113
planned_path,,,,,,,,,,,,3412,0.29467000453905445,0.09301382201965325
planned_path,,,,,,,,,,,,3413,0.3446700052841125,0.09301382201965325
planned_path,,,,,,,,,,,,3414,0.3946700060291706,0.09301382201965325
planned_path,,,,,,,,,,,,3415,0.44467000677422863,0.09301382201965325
planned_path,,,,,,,,,,,,3416,0.4946700075192867,0.09301382201965325
planned_path,,,,,,,,,,,,3417,0.5446700082643448,0.09301382201965325
planned_path,,,,,,,,,,,,3418,0.5946700090094028,0.04301382127459519
planned_path,,,,,,,,,,,,3419,0.6446700097544609,0.04301382127459519
planned_path,,,,,,,,,,,,3420,0.6946700104995189,0.04301382127459519
planned_path,,,,,,,,,,,,3421,0.744670011244577,0.04301382127459519
planned_path,,,,,,,,,,,,3422,0.794670011989635,0.04301382127459519
planned_path,,,,,,,,,,,,3423,0.8446700127346931,0.04301382127459519
planned_path,,,,,,,,,,,,3424,0.8946700134797512,-0.006986179470462872
planned_path,,,,,,,,,,,,3425,0.9446700142248092,-0.006986179470462872
planned_path,,,,,,,,,,,,3426,0.9946700149698673,-0.006986179470462872
planned_path,,,,,,,,,,,,3427,0.9946700149698673,-0.006986179470462872
planned_path,,,,,,,,,,,,3428,1.0446700157149253,-0.006986179470462872
planned_path,,,,,,,,,,,,3429,1.0946700164599834,-0.006986179470462872
planned_path,,,,,,,,,,,,3430,1.1446700172050415,-0.006986179470462872
planned_path,,,,,,,,,,,,3431,1.1946700179500995,-0.006986179470462872
planned_path,,,,,,,,,,,,3432,1.2446700186951576,-0.006986179470462872
planned_path,,,,,,,,,,,,3433,1.2946700194402156,-0.006986179470462872
planned_path,,,,,,,,,,,,3434,1.3446700201852737,-0.006986179470462872
planned_path,,,,,,,,,,,,3435,1.3946700209303318,-0.006986179470462872
planned_path,,,,,,,,,,,,3436,1.4446700216753898,0.04301382127459519
planned_path,,,,,,,,,,,,3437,1.4946700224204479,0.04301382127459519
planned_path,,,,,,,,,,,,3438,1.544670023165506,0.04301382127459519
sample,1779735808.60258,0.0,0.0,0.0,0.043115812261720406,0,-0.00113033354546727,0.0038329207382023778,0.0,0.0,0.0,,,
sample,1779735808.640928,0.03834795951843262,0.0,0.0,0.043115812261720406,0,-0.00113033354546727,0.0038329207382023778,0.0,0.09021915279428265,0.1438084973021685,,,
sample,1779735808.6934834,0.09090328216552734,0.0,0.0,0.043115812261720406,0,-0.0011303335454672702,0.0038329207382023778,2.168404344971009e-19,0.09021915279428265,0.1438084973021685,,,
sample,1779735808.7451415,0.1425614356994629,0.4006,0.0,0.04290499394588796,0,0.03560087013598872,0.00294937143434992,0.03674182879581451,0.11087784228946582,0.1431044680028782,,,
sample,1779735808.7912753,0.18869519233703613,0.4006,0.0,0.04290499394588796,0,0.04005204064673518,0.0028423009272082185,0.041194286882,0.11118370884327161,0.1431044680028782,,,
sample,1779735808.8489447,0.24636459350585938,1.1215,0.0,0.026650313326781923,0,0.14065877497842336,0.00042226016697281387,0.1418301233925,0.09171764399634294,0.08885541495167866,,,
sample,1779735808.8913517,0.2887716293334961,1.1215,0.0,0.026650313326781923,0,0.14065877497842336,0.00042226016697281387,0.1418301233925,0.09171764399634294,0.08885541495167866,,,
sample,1779735808.9420347,0.33945465087890625,1.0414,0.8837136325665027,0.014266231910209098,0,0.24746183248120976,0.0026376148985825998,0.24865615434250005,0.04772296227723889,0.04755733278577116,,,
sample,1779735808.990411,0.3878309726715088,1.0414,0.0,0.014266231910209098,0,0.24746183248120976,0.0026376148985825998,0.24865615434250005,0.04772296227723889,0.04755733278577116,,,
sample,1779735809.0493457,0.446765661239624,1.2818,0.21790112755193297,0.011778409708280816,0,0.33331590195270755,0.0064500697743813855,0.3345948304842511,0.04306227462344975,0.03926318138368711,,,
sample,1779735809.0943544,0.491774320602417,1.2818,0.23985782415546547,0.004211928093160997,0,0.40548983657641774,0.009655041543985107,0.4068398904061001,0.015109631375925995,0.014039843334491485,,,
sample,1779735809.141713,0.539132833480835,1.2818,0.0,0.004211928093160997,0,0.40548983657641774,0.009655041543985107,0.4068398904061001,0.015109631375925995,0.014039843334491485,,,
sample,1779735809.1935754,0.5909953117370605,1.442,0.22429926950811696,-0.0005085525826800641,0,0.5188747128131523,0.01713770112613911,0.5204714016767068,-0.001940781769331448,-0.0016951754217388766,,,
sample,1779735809.2447214,0.6421413421630859,1.5221,0.7626036024037204,-0.011956061732991428,0,0.65926733413196,0.027692587920672532,0.6612602284919464,-0.04670698610428097,-0.03985543820532026,,,
sample,1779735809.2897563,0.6871762275695801,1.5221,0.0,-0.011956061732991428,0,0.65926733413196,0.027692587920672532,0.6612602284919464,-0.04670698610428097,-0.03985543820532026,,,
sample,1779735809.3399112,0.7373311519622803,1.5221,0.0,-0.011956061732991428,0,0.65926733413196,0.027692587920672532,0.6612602284919464,-0.04670698610428097,-0.03985543820532026,,,
sample,1779735809.3997881,0.7972080707550049,1.6823,0.22571233352443423,-0.01828183449009326,0,0.9368047919137359,0.05793223967158894,0.9404402367482464,-0.0746159983192558,-0.06094623838004312,,,
sample,1779735809.44419,0.8416099548339844,1.6823,0.0,-0.01828183449009326,0,0.9368047919137359,0.05793223967158894,0.9404402367482464,-0.0746159983192558,-0.06094623838004312,,,
sample,1779735809.4943628,0.8917827606201172,1.6823,0.03402469150424632,-0.018717435567113784,0,0.9509642780066397,0.05968726213187761,0.9547080729630077,-0.07683368029694689,-0.06239873903512377,,,
sample,1779735809.5534482,0.9508681297302246,1.7624,0.0,-0.018717435567113784,0,0.9509642780066397,0.05968726213187761,0.9547080729630077,-0.07683368029694689,-0.06239873903512377,,,
sample,1779735809.592747,0.9901669025421143,1.7624,1.3012848282171856,-0.03583180506064289,0,1.0810927136065736,0.11427332475678331,1.0958216725364587,-0.150164280341463,-0.11949049325502285,,,
sample,1779735809.6439245,1.041344404220581,1.7624,-0.0650675188642256,-0.0372523742625218,0,1.2572965277852557,0.14241073972474763,1.2742579307694617,-0.15780722825431967,-0.12423205343035265,,,
sample,1779735809.6906977,1.0881175994873047,1.7624,0.0,-0.0372523742625218,0,1.2572965277852557,0.14241073972474763,1.2742579307694617,-0.15780722825431967,-0.12423205343035265,,,
sample,1779735809.7472458,1.1446657180786133,1.7624,0.044977623251859326,-0.03892859113152889,0,1.4546820741354214,0.17438387187025403,1.4742162641470618,-0.16257917393560162,-0.12982755881622304,,,
sample,1779735809.79155,1.1889698505401611,1.7624,0.0,-0.04083145518916143,0,1.4546820741354214,0.17438387187025403,1.4742162641470618,-0.17293815181664923,-0.1361805394596899,,,
sample,1779735809.8446324,1.2420523166656494,1.7624,-0.003796844782982054,-0.042273663147309515,0,1.5556428076047406,0.19070833512912036,1.5764882437081957,-0.17916911442285824,-0.14099621018351716,,,
sample,1779735809.8909774,1.2883973121643066,1.7624,-0.0017896203830626487,-0.04299890537450315,0,1.5971900615310273,0.1974261609305005,1.6185751002350621,-0.1816598549705192,-0.1434180843241147,,,
sample,1779735809.9446504,1.3420703411102295,1.8425,-0.18075994871116444,-0.04233566502198601,0,1.7804209362585885,0.22523161306786696,1.8039037181600621,-0.18204139375996786,-0.14120325342026668,,,
sample,1779735809.998657,1.3960769176483154,1.8425,0.0,-0.04233566502198601,0,1.7804209362585885,0.22523161306786696,1.8039037181600621,-0.18204139375996786,-0.14120325342026668,,,
sample,1779735810.0481791,1.44559907913208,1.8425,-0.027201697828886682,-0.04200619367938174,0,1.7961818950809392,0.22737530038348697,1.8198097930469406,-0.1817090024203683,-0.1401030601915232,,,
sample,1779735810.095051,1.4924709796905518,1.8425,-0.7264733233309024,-0.03393080019270619,0,1.9469923788345052,0.22437725560207558,1.9706500737497288,-0.14651498400289995,-0.11314609231072655,,,
sample,1779735810.1453383,1.5427582263946533,1.7624,-0.49219715366554906,-0.03544794063433458,0,2.1551798176716397,0.23049673701371268,2.1789274314781024,-0.14651498400289995,-0.11820931849158776,,,
sample,1779735810.1965945,1.5940144062042236,1.7624,0.0,-0.029574367546206338,0,2.1551798176716397,0.23049673701371268,2.1789274314781024,-0.12488776468752631,-0.09860997634613779,,,
sample,1779735810.2425585,1.6399784088134766,1.8425,-0.12459623271526629,-0.029574367546206338,0,2.263523088387891,0.2392356537687615,2.287622569251356,-0.12488776468752631,-0.09860997634613779,,,
sample,1779735810.2961593,1.6935791969299316,1.8425,-0.0791061652734662,-0.027857349571967675,0,2.3437390322396956,0.24570583369885138,2.368099030880603,-0.1199475736595563,-0.09288185957910354,,,
sample,1779735810.340438,1.7378578186035156,1.8425,0.0,-0.027857349571967675,0,2.3437390322396956,0.24570583369885138,2.368099030880603,-0.1199475736595563,-0.09288185957910354,,,
sample,1779735810.3917887,1.7892086505889893,1.8425,0.0,-0.027857349571967675,0,2.3437390322396956,0.24570583369885138,2.368099030880603,-0.1199475736595563,-0.09288185957910354,,,
sample,1779735810.4546134,1.8520333766937256,1.8425,-0.3902637487320658,-0.029439512168078445,0,2.702779466059793,0.2725014091039349,2.7281379676346895,-0.12516817432757105,-0.09816006681402475,,,
sample,1779735810.4963174,1.8937373161315918,1.8425,0.0,-0.024531613568904105,0,2.702779466059793,0.2725014091039349,2.7281379676346895,-0.10588430645540237,-0.08178845265331267,,,
sample,1779735810.5431902,1.9406101703643799,1.8425,0.0,-0.024531613568904105,0,2.702779466059793,0.2725014091039349,2.7281379676346895,-0.10588430645540237,-0.08178845265331267,,,
sample,1779735810.593135,1.9905550479888916,1.8425,0.0,-0.024531613568904105,0,2.702779466059793,0.2725014091039349,2.7281379676346895,-0.10588430645540237,-0.08178845265331267,,,
sample,1779735810.64442,2.041839838027954,1.9227,0.3402568283249014,-0.030654708385446074,0,2.9617333695357786,0.3044401192214729,2.989054056309616,-0.13351238224265213,-0.10221438062172658,,,
sample,1779735810.6906683,2.088088274002075,1.9227,-0.12753148022323074,-0.02930916853183304,0,2.989156601146236,0.3062987779873408,3.016540202717738,-0.12893065085403538,-0.09772521291933246,,,
sample,1779735810.7417684,2.139188289642334,1.9227,0.0,-0.02930916853183304,0,2.989156601146236,0.3062987779873408,3.016540202717738,-0.12893065085403538,-0.09772521291933246,,,
sample,1779735810.7921624,2.189582347869873,1.8425,-0.1537101241315012,-0.029804052671541993,0,3.2334984837489262,0.32059536595212584,3.261299978868277,-0.1276766783399931,-0.09937626868329558,,,
sample,1779735810.8425434,2.2399632930755615,1.8425,-0.2363864944007458,-0.029804052671541993,0,3.3749357246782155,0.3278150004704048,3.4029213622970067,-0.1276766783399931,-0.09937626868329558,,,
sample,1779735810.890457,2.287876844406128,1.8425,0.0,-0.027719772527452346,0,3.3749357246782155,0.3278150004704048,3.4029213622970067,-0.11828877690326678,-0.09242291512240475,,,
sample,1779735810.9402738,2.337693691253662,1.8425,0.0,-0.027719772527452346,0,3.3749357246782155,0.3278150004704048,3.4029213622970067,-0.11828877690326678,-0.09242291512240475,,,
sample,1779735810.9886148,2.3860347270965576,1.8425,0.0,-0.027719772527452346,0,3.3749357246782155,0.3278150004704048,3.4029213622970067,-0.11828877690326678,-0.09242291512240475,,,
sample,1779735811.0492861,2.4467060565948486,1.8425,-0.29184947229677854,-0.02482756741329351,0,3.7317626667778407,0.34189965158671987,3.760026170448952,-0.10612677496671351,-0.09242291512240475,,,
sample,1779735811.0935037,2.4909236431121826,1.8425,0.0,-0.02482756741329351,0,3.7317626667778407,0.34189965158671987,3.760026170448952,-0.10612677496671351,-0.08277556658661393,,,
sample,1779735811.148061,2.545480966567993,1.8425,0.0,-0.02482756741329351,0,3.7317626667778407,0.34189965158671987,3.760026170448952,-0.10612677496671351,-0.08277556658661393,,,
sample,1779735811.1900747,2.5874946117401123,1.8425,0.0,-0.02482756741329351,0,3.7317626667778407,0.34189965158671987,3.760026170448952,-0.10612677496671351,-0.08277556658661393,,,
sample,1779735811.2431645,2.6405844688415527,1.8425,-0.27268410211477284,-0.02069852049651218,0,4.067778435239803,0.32960359124518435,4.096266842817727,-0.08855442815413599,-0.06900492316752663,,,
sample,1779735811.2922134,2.689633369445801,1.8425,0.0,-0.02037239609319483,0,4.067778435239803,0.32960359124518435,4.096266842817727,-0.08659136172121137,-0.0679173832568828,,,
sample,1779735811.3404253,2.7378451824188232,1.8425,0.0,-0.02037239609319483,0,4.067778435239803,0.32960359124518435,4.096266842817727,-0.08659136172121137,-0.0679173832568828,,,
sample,1779735811.3894713,2.786891222000122,1.8425,0.0,-0.02037239609319483,0,4.067778435239803,0.32960359124518435,4.096266842817727,-0.08659136172121137,-0.0679173832568828,,,
sample,1779735811.4446883,2.8421082496643066,1.8425,-0.3825605778437727,-0.015552124169483431,0,4.414670134529596,0.33119015198856955,4.443162170274227,-0.06598418417249673,-0.05184459382486903,,,
sample,1779735811.490578,2.88799786567688,1.8425,0.0,-0.015552124169483431,0,4.414670134529596,0.33119015198856955,4.443162170274227,-0.06598418417249673,-0.05184459382486903,,,
sample,1779735811.5473282,2.9447481632232666,1.8425,-0.2302135539598385,-0.01222811506680642,0,4.5967025404303055,0.32782058116905916,4.625225760279226,-0.05250679035097634,-0.04076241526742025,,,
sample,1779735811.5909529,2.988372802734375,1.8425,0.0,-0.01222811506680642,0,4.5967025404303055,0.32782058116905916,4.625225760279226,-0.05250679035097634,-0.04076241526742025,,,
sample,1779735811.6412687,3.0386886596679688,1.8425,-0.09292185685347293,-0.01088781703532109,0,4.679063182494532,0.32540699061233214,4.707621760064453,-0.04643577870567596,-0.036294157620717304,,,
sample,1779735811.6901855,3.0876054763793945,1.8425,0.0,-0.01088781703532109,0,4.679063182494532,0.32540699061233214,4.707621760064453,-0.04643577870567596,-0.036294157620717304,,,
sample,1779735811.7464724,3.143892288208008,1.8425,-0.42237081365258083,-0.003237449648121692,0,4.865648454884081,0.3027867204649534,4.895573191275345,-0.013740040741471015,-0.010791536529418689,,,
sample,1779735811.7930648,3.1904847621917725,1.8425,0.0,-0.003237449648121692,0,4.865648454884081,0.3027867204649534,4.895573191275345,-0.013740040741471015,-0.010791536529418689,,,
sample,1779735811.8432431,3.2406630516052246,1.8425,-0.05765466007794644,-0.003237449648121692,0,4.904363048408805,0.30085515594568074,4.934335940059154,-0.013740040741471015,-0.010791536529418689,,,
sample,1779735811.8957274,3.293147325515747,1.7624,-0.18318361817500295,8.752329475445916e-05,0,5.149115109764559,0.2862837127425678,5.179521377014354,0.00036818581615193286,0.00029174431659314957,,,
sample,1779735811.946261,3.3436808586120605,1.8425,0.0,0.0015370325380285935,0,5.254807084581361,0.27999128521596456,5.285400497641856,0.006624722567924698,0.005123445828089968,,,
sample,1779735811.9906874,3.3881072998046875,1.8425,0.0,0.0015370325380285935,0,5.254807084581361,0.27999128521596456,5.285400497641856,0.006624722567924698,0.005123445828089968,,,
sample,1779735812.0466459,3.444065809249878,1.8425,-0.07244266116038033,0.0015370325380285935,0,5.3509023374133955,0.2733451095513534,5.381725308920246,0.006624722567924698,0.005123445828089968,,,
sample,1779735812.1004186,3.4978384971618652,1.8425,-0.10290149968458427,0.005304343440017922,0,5.482069417406779,0.26427328311499587,5.513205729169354,0.022672379397192733,0.017681310627839078,,,
sample,1779735812.1452346,3.542654514312744,1.7624,-0.03110944370162227,0.006215572990902607,0,5.593169786666458,0.2563882745047442,5.624585554139681,0.026041395211189793,0.020718843449789547,,,
sample,1779735812.1944337,3.591853618621826,1.7624,0.0,0.006215572990902607,0,5.593169786666458,0.2563882745047442,5.624585554139681,0.026041395211189793,0.020718843449789547,,,
sample,1779735812.247276,3.644695997238159,1.8425,0.0,0.006264189716539411,0,5.593169786666458,0.2563882745047442,5.624585554139681,0.02689375981097478,0.020880905511930038,,,
sample,1779735812.2904437,3.68786358833313,1.8425,0.0,0.006264189716539411,0,5.593169786666458,0.2563882745047442,5.624585554139681,0.02689375981097478,0.020880905511930038,,,
sample,1779735812.342462,3.739881992340088,1.8425,0.37952436041744714,0.006264189716539411,0,5.956096513459844,0.25889340601521493,5.987520926767986,0.02689375981097478,0.020880905511930038,,,
sample,1779735812.394488,3.791908025741577,1.8425,0.0,0.0013835261650623123,0,5.956096513459844,0.25889340601521493,5.987520926767986,0.005968421519056077,0.004611756826064637,,,
sample,1779735812.441536,3.838955879211426,1.7624,0.34750239329442967,-0.0012133178370069813,0,6.126422514016577,0.2587303600566025,6.15784700536324,-0.005091787917967445,-0.004044394774662142,,,
sample,1779735812.4912362,3.8886561393737793,1.7624,0.0,-0.0025640267336633714,0,6.126422514016577,0.2587303600566025,6.15784700536324,-0.010671041523463114,-0.008546774508382047,,,
sample,1779735812.5428896,3.940309524536133,1.8425,0.23527657596711335,-0.004868116489972939,0,6.301810928261396,0.2550203867449962,6.333274653564102,-0.020968962707693384,-0.0162271831537269,,,
sample,1779735812.5942764,3.991696357727051,1.8425,0.020482721576187055,-0.005017835304365875,0,6.317001108867068,0.25469907039757284,6.34846823217574,-0.021328233030628748,-0.016726258063105633,,,
sample,1779735812.6427236,4.0401434898376465,1.8425,-0.02079177856143845,-0.004483588000836279,0,6.498641224229038,0.25067380319827093,6.53015294337824,-0.01929022872715896,-0.014945393483151673,,,
sample,1779735812.6936386,4.0910584926605225,1.8425,0.0,-0.004483588000836279,0,6.498641224229038,0.25067380319827093,6.53015294337824,-0.01929022872715896,-0.014945393483151673,,,
sample,1779735812.741844,4.139263868331909,1.8425,0.1197470518246748,-0.005517199738002592,0,6.670292286050903,0.24769725779874674,6.701829810914577,-0.023483127220479346,-0.018390852396461266,,,
sample,1779735812.7889745,4.186394453048706,1.8425,0.0,-0.005517199738002592,0,6.670292286050903,0.24769725779874674,6.701829810914577,-0.023483127220479346,-0.018390852396461266,,,
sample,1779735812.8401966,4.237616539001465,1.8425,1.2131350707750431e-05,-0.005370787541580254,0,6.789962345123703,0.24573645821366136,6.821515932806384,-0.023032897266973308,-0.01790279727646896,,,
sample,1779735812.8905318,4.287951707839966,1.8425,7.78952582584315e-06,-0.0052243198698991074,0,6.865471852694284,0.24449923135623727,6.897035575707078,-0.022196640132761562,-0.01741455800147,,,
sample,1779735812.9396777,4.337097644805908,1.7624,-0.1098095054217668,-0.003927680509194177,0,7.03139768460708,0.2408847499866622,7.063000771370278,-0.01638321182661398,-0.013092335687782144,,,
sample,1779735812.989014,4.386433839797974,1.7624,0.0,-0.003927680509194177,0,7.03139768460708,0.2408847499866622,7.063000771370278,-0.01638321182661398,-0.013092335687782144,,,
sample,1779735813.0416873,4.439107179641724,1.8425,0.013006858699066263,0.0010271725457878017,0,7.215668759203825,0.23699694590427098,7.247312854407778,0.004366745177390583,0.003423909690129562,,,
sample,1779735813.0881836,4.48560357093811,1.8425,0.0,0.0010271725457878017,0,7.215668759203825,0.23699694590427098,7.247312854407778,0.004366745177390583,0.003423909690129562,,,
sample,1779735813.145277,4.542696952819824,1.8425,-0.10806639928098676,0.002844273565849145,0,7.403600988685998,0.23187169723849288,7.435314958257778,0.012269308679909148,0.009480937452764661,,,
sample,1779735813.2074716,4.604891538619995,1.8425,0.0,0.002844273565849145,0,7.403600988685998,0.23187169723849288,7.435314958257778,0.012269308679909148,0.009480937452764661,,,
sample,1779735813.252275,4.649694919586182,1.8425,0.03332462452128874,0.0028365491725781946,0,7.537816325065138,0.22849488818142757,7.569572767560528,0.012162133976927707,0.009455189267460529,,,
sample,1779735813.2900262,4.687446117401123,1.8425,0.0,0.0028365491725781946,0,7.537816325065138,0.22849488818142757,7.569572767560528,0.012162133976927707,0.009455189267460529,,,
sample,1779735813.3431313,4.740551233291626,1.8425,0.0,0.0028365491725781946,0,7.537816325065138,0.22849488818142757,7.569572767560528,0.012162133976927707,0.009455189267460529,,,
sample,1779735813.3997605,4.797180414199829,1.8425,0.0,0.0028365491725781946,0,7.537816325065138,0.22849488818142757,7.569572767560528,0.012162133976927707,0.009455189267460529,,,
sample,1779735813.4859657,4.88338565826416,1.7624,0.0,0.0028365491725781946,0,7.537816325065138,0.22849488818142757,7.569572767560528,0.012162133976927707,0.009455189267460529,,,
sample,1779735813.496882,4.894301891326904,1.7624,0.0,0.00296348248025262,0,7.537816325065138,0.22849488818142757,7.569572767560528,0.012162133976927707,0.00987830385203258,,,
sample,1779735813.543925,4.941344976425171,1.8425,0.0,0.0028365491725781946,0,7.537816325065138,0.22849488818142757,7.569572767560528,0.012162133976927707,0.009455189267460529,,,
sample,1779735813.6004612,4.997881174087524,1.8425,0.0,0.0028365491725781946,0,7.537816325065138,0.22849488818142757,7.569572767560528,0.012162133976927707,0.009455189267460529,,,
sample,1779735813.6456547,5.043074607849121,1.8425,0.0,0.0028365491725781946,0,7.537816325065138,0.22849488818142757,7.569572767560528,0.012162133976927707,0.009455189267460529,,,
sample,1779735813.691251,5.088670969009399,1.8425,0.0,0.0028365491725781946,0,7.537816325065138,0.22849488818142757,7.569572767560528,0.012162133976927707,0.009455189267460529,,,
sample,1779735813.7396595,5.137079477310181,1.8425,0.0,0.0028365491725781946,0,7.537816325065138,0.22849488818142757,7.569572767560528,0.012162133976927707,0.009455189267460529,,,
sample,1779735813.797764,5.195183992385864,1.8425,0.40732106084541286,-0.0013903705416151283,0,8.459056459365902,0.21410285301999465,8.490925314484114,-0.00589660711697715,-0.0046345714584608965,,,
sample,1779735813.8392482,5.236668109893799,1.7624,0.021822966712562588,-0.0017108124036716856,0,8.498281386979496,0.21443253703277013,8.530151627563983,-0.007049758740945547,-0.0057027135759577284,,,
sample,1779735813.888517,5.2859368324279785,1.7624,0.43064669651096815,-0.008511797716596298,0,8.658951616426066,0.23333728940667095,8.691930217905016,-0.03591877875752913,-0.02837334428151901,,,
sample,1779735813.9395814,5.337001323699951,1.8425,0.5693406450554034,-0.013861804153823721,0,8.818012818438511,0.24993967212619075,8.851855528902398,-0.05951822749049801,-0.046208973562810465,,,
sample,1779735813.9883275,5.38574743270874,1.8425,0.0,-0.016615988581016785,0,8.818012818438511,0.24993967212619075,8.851855528902398,-0.07075998634024393,-0.05539172641767983,,,
sample,1779735814.0423446,5.439764499664307,1.8425,0.23651131600152714,-0.020451188097797505,0,8.990673083897509,0.26078105028764775,9.024855825864025,-0.08788510883472368,-0.06818013272942879,,,
sample,1779735814.0873663,5.48478627204895,1.8425,0.018685089137004864,-0.020646380032097792,0,9.002042214166066,0.2614949206172259,9.0362473461274,-0.08911554451939403,-0.06883104732414709,,,
sample,1779735814.1411893,5.538609266281128,1.8425,-0.015815401427831596,-0.021555298572931376,0,9.186236826237787,0.2729031408881979,9.2207949080349,-0.09247442220091792,-0.07186212537578361,,,
sample,1779735814.187386,5.584805965423584,1.8425,0.0,-0.021555298572931376,0,9.186236826237787,0.2729031408881979,9.2207949080349,-0.09247442220091792,-0.07186212537578361,,,
sample,1779735814.241731,5.639150857925415,1.8425,0.039874284009209615,-0.02320291286946489,0,9.369317998463574,0.2846407056951894,9.404251949467401,-0.09891027544260064,-0.0773569257457396,,,
sample,1779735814.288363,5.6857829093933105,1.8425,0.0,-0.02320291286946489,0,9.369317998463574,0.2846407056951894,9.404251949467401,-0.09891027544260064,-0.0773569257457396,,,
sample,1779735814.3395784,5.7369983196258545,1.8425,-0.33228626632215313,-0.01963098657941266,0,9.530543665290791,0.2828178856424345,9.565487920382163,-0.08352920428718218,-0.06544502912057124,,,
sample,1779735814.3888006,5.786220550537109,1.8425,0.0,-0.019011634264048827,0,9.530543665290791,0.2828178856424345,9.565487920382163,-0.08134532967373868,-0.06337975043710264,,,
sample,1779735814.4393997,5.836819648742676,1.8425,0.029300848391570614,-0.020224240203873742,0,9.713924380926747,0.29171764274597645,9.749084468671223,-0.08598979741198083,-0.06742332675752204,,,
sample,1779735814.4871917,5.8846116065979,1.8425,0.00011466239965230838,-0.020225525521066077,0,9.714602188691785,0.29175053783230454,9.749763074192163,-0.08601742276513889,-0.06742761290115352,,,
sample,1779735814.5400162,5.937436103820801,1.8425,-0.05865656593884645,-0.02010757213757256,0,9.898082754515903,0.3000853704530134,9.93343285251716,-0.08660717336452364,-0.06703427501093782,,,
sample,1779735814.5896518,5.987071752548218,1.8425,0.0,-0.02010757213757256,0,9.898082754515903,0.3000853704530134,9.93343285251716,-0.08660717336452364,-0.06703427501093782,,,
sample,1779735814.6400423,6.03746223449707,1.8425,-0.17643742440457943,-0.01870105191537635,0,10.083035560700019,0.3068399377478254,10.118508957659666,-0.0800609431545406,-0.062344107741987106,,,
sample,1779735814.6869926,6.084412574768066,1.8425,0.0,-0.01870105191537635,0,10.083035560700019,0.3068399377478254,10.118508957659666,-0.0800609431545406,-0.062344107741987106,,,
sample,1779735814.739434,6.136853933334351,1.8425,-0.22206569958853328,-0.017194036103581115,0,10.271441807300498,0.31152446360284713,10.306973433199666,-0.07298364072663636,-0.05731910229852935,,,
sample,1779735814.7881002,6.185520172119141,1.8425,0.0,-0.01643058057868542,0,10.271441807300498,0.31152446360284713,10.306973433199666,-0.07000554336536452,-0.054773530977769866,,,
sample,1779735814.8388622,6.236282110214233,1.8425,-0.20791176585154397,-0.009676988826020203,0,10.453201381149274,0.31412468194475895,10.488751605214663,-0.0417383202023206,-0.0322576363389315,,,
sample,1779735814.887525,6.284945011138916,1.8425,0.0,-0.009676988826020203,0,10.453201381149274,0.31412468194475895,10.488751605214663,-0.0417383202023206,-0.0322576363389315,,,
sample,1779735814.9389884,6.336408376693726,1.8425,-0.3321234365593079,-0.0007055825921707431,0,10.610978153376765,0.3082419156693417,10.646638009928864,-0.0029946138248701194,-0.0023519423642048127,,,
sample,1779735814.987583,6.385002851486206,1.8425,0.0,-0.0007055825921707431,0,10.610978153376765,0.3082419156693417,10.646638009928864,-0.0029946138248701194,-0.0023519423642048127,,,
sample,1779735815.0379674,6.435387372970581,1.8425,-0.1289726020845228,0.009895541137387758,0,10.795755044663409,0.30652610645162953,10.831422867411364,0.042551692672735716,0.03298621382074424,,,
sample,1779735815.08717,6.4845898151397705,1.8425,0.0,0.009895541137387758,0,10.795755044663409,0.30652610645162953,10.831422867411364,0.042551692672735716,0.03298621382074424,,,
sample,1779735815.1395764,6.536996364593506,1.8425,-0.05983939707079901,0.015269276513583025,0,10.957117413454936,0.3044503407503848,10.992798586976791,0.06592046706302883,0.05090154435211775,,,
sample,1779735815.1886919,6.586111783981323,1.8425,-0.008993899213053847,0.019900249809021667,0,10.979847200091053,0.3041579447484594,11.015530254226364,0.08496320825458686,0.06634292396827361,,,
sample,1779735815.2375185,6.634938478469849,1.8425,-0.024219399721936378,0.024835210320215143,0,11.16371543287812,0.30157519022247303,11.199416625796367,0.10732064668174024,0.08280105865814624,,,
sample,1779735815.2880368,6.6854567527771,1.8425,0.0,0.024835210320215143,0,11.16371543287812,0.30157519022247303,11.199416625796367,0.10732064668174024,0.08280105865814624,,,
sample,1779735815.3434873,6.740907192230225,1.8425,-0.13744021047246763,0.035913007492923796,0,11.347703324240449,0.29758810708708977,11.383447712843866,0.15390199308078178,0.11976151664076555,,,
sample,1779735815.3869245,6.784344434738159,1.8425,0.0,0.035913007492923796,0,11.347703324240449,0.29758810708708977,11.383447712843866,0.15390199308078178,0.11976151664076555,,,
sample,1779735815.437833,6.835253000259399,1.7624,0.17541173874022503,0.034190742086546315,0,11.4867961511407,0.31320027785084636,11.523413974389497,0.14381033815167651,0.11401357129968283,,,
sample,1779735815.4872766,6.8846964836120605,1.7624,0.0,0.038522182718893565,0,11.4867961511407,0.31320027785084636,11.523413974389497,0.16014787782384637,0.12847083048034796,,,
sample,1779735815.5384579,6.935877799987793,1.8425,0.1370552573461748,0.0442700848325265,0,11.657485855244833,0.31263564022930135,11.694104612395218,0.18930770898082389,0.14766342763215531,,,
sample,1779735815.588132,6.985551834106445,1.8425,0.04860429686662599,0.04819118843202357,0,11.716235368187991,0.3124412981895792,11.752854446777,0.20624837108943733,0.16076176458510671,,,
sample,1779735815.6374962,7.034916162490845,1.8425,0.4904146084915723,0.05134652023506234,0,11.861263514143365,0.3154729762544283,11.897914276472,0.22191772316480557,0.1713056410346407,,,
sample,1779735815.6874352,7.084855079650879,1.8425,0.0,0.05134652023506234,0,11.861263514143365,0.3154729762544283,11.897914276472,0.22191772316480557,0.1713056410346407,,,
sample,1779735815.7374842,7.134904146194458,1.7624,0.3239300712582283,0.0587522230156262,0,12.036247961127533,0.3219702310093685,12.073019304971199,0.2481809464443137,0.19606639085574462,,,
sample,1779735815.7885237,7.185943603515625,1.7624,0.0,0.0587522230156262,0,12.036247961127533,0.3219702310093685,12.073019304971199,0.2481809464443137,0.19606639085574462,,,
sample,1779735815.8404398,7.237859725952148,1.8425,0.43250658076068593,0.06588731548998936,0,12.224830945625788,0.33321695046616795,12.261937357948698,0.2828829389570638,0.2199427444078526,,,
sample,1779735815.8882263,7.285646200180054,1.8425,0.0,0.06798839693290647,0,12.224830945625788,0.33321695046616795,12.261937357948698,0.29337160330928636,0.22697782670564223,,,
sample,1779735815.9374132,7.334833145141602,1.7624,1.0885656360847307,0.06454634446783057,0,12.39861601026034,0.3748285429498498,12.440634793070368,0.27090355101116464,0.21545377473287874,,,
sample,1779735815.9874024,7.384822368621826,1.7624,0.006408723122053393,0.06447209224560674,0,12.401879834093176,0.37520035801596296,12.443919727233357,0.2709233641956809,0.21520523447407106,,,
sample,1779735816.0385213,7.435941219329834,1.8425,0.492110251871846,0.06751435431973214,0,12.59026820092428,0.40147701316038964,12.634131817708358,0.2955313771656168,0.2253904091323051,,,
sample,1779735816.0884988,7.485918760299683,1.8425,0.0,0.06751435431973214,0,12.59026820092428,0.40147701316038964,12.634131817708358,0.2955313771656168,0.2253904091323051,,,
sample,1779735816.1395185,7.536938428878784,1.7624,0.5920038034057822,0.07112672316816228,0,12.758622984239931,0.43016676836989876,12.804913652571559,0.3017697001720369,0.2374897000120914,,,
sample,1779735816.1880848,7.585504770278931,1.7624,0.0,0.07112672316816228,0,12.758622984239931,0.43016676836989876,12.804913652571559,0.3017697001720369,0.2374897000120914,,,
sample,1779735816.2403836,7.637803554534912,1.7624,0.6640104409315059,0.07861869850850622,0,12.938870289651218,0.4673653383503126,12.988959366231555,0.3347674155376432,0.262603593597287,,,
sample,1779735816.2874794,7.68489933013916,1.7624,0.0,0.08499119294487194,0,12.938870289651218,0.4673653383503126,12.988959366231555,0.36445690739451136,0.28398810229467325,,,
sample,1779735816.3396256,7.737045526504517,1.8425,0.7340323204803606,0.1033388204616198,0,13.113103260045627,0.5103346708206203,13.168412679116557,0.46221470154986233,0.34569415763138256,,,
sample,1779735816.387437,7.7848570346832275,1.8425,0.0,0.1033388204616198,0,13.113103260045627,0.5103346708206203,13.168412679116557,0.46221470154986233,0.34569415763138256,,,
sample,1779735816.4391153,7.836535215377808,1.7624,0.8393139950030354,0.10607202092681073,0,13.284620260339137,0.5606164752456969,13.347148073613354,0.4647103365371006,0.3549054486624592,,,
sample,1779735816.4874017,7.884821653366089,1.7624,0.0,0.10607202092681073,0,13.284620260339137,0.5606164752456969,13.347148073613354,0.4647103365371006,0.3549054486624592,,,
sample,1779735816.5394535,7.936873435974121,1.8425,1.2281404204713282,0.10856080372069972,0,13.46337823662625,0.6163313432017554,13.534387387320772,0.48966633044308655,0.36329767698821563,,,
sample,1779735816.5875587,7.984978675842285,1.8425,0.0,0.10856080372069972,0,13.46337823662625,0.6163313432017554,13.534387387320772,0.48966633044308655,0.36329767698821563,,,
sample,1779735816.6375268,8.03494668006897,1.7624,1.0258914464071534,0.1141049645192271,0,13.63455748889261,0.6887769809606741,13.720265591628772,0.5016754825358102,0.3820092353937841,,,
sample,1779735816.6876655,8.085085391998291,1.7624,0.0,0.11516883364105204,0,13.63455748889261,0.6887769809606741,13.720265591628772,0.5090031822071271,0.3856024807157046,,,
sample,1779735816.7380872,8.135507106781006,1.7624,1.430841559015194,0.11655158893532375,0,13.782700892120353,0.76449591001693,13.886638137853573,0.5125845609756263,0.3902740955341446,,,
sample,1779735816.7885458,8.185965776443481,1.7624,0.0,0.11655158893532375,0,13.782700892120353,0.76449591001693,13.886638137853573,0.5125845609756263,0.3902740955341446,,,
sample,1779735816.837563,8.234982967376709,1.6823,1.2000797058242643,0.11732383828789823,0,13.931505110263714,0.8519484594696394,14.059237801071772,0.5064563689830819,0.392883783807009,,,
sample,1779735816.8867054,8.284125328063965,1.6823,0.0,0.11732383828789823,0,13.931505110263714,0.8519484594696394,14.059237801071772,0.5064563689830819,0.392883783807009,,,
sample,1779735816.940603,8.338022947311401,1.7624,1.2520096669232523,0.11750633951776027,0,14.083998150608675,0.956007969963589,14.243852288796571,0.5198906670627275,0.3935005856537178,,,
sample,1779735816.9876974,8.385117292404175,1.7624,0.0,0.11750633951776027,0,14.083998150608675,0.956007969963589,14.243852288796571,0.5198906670627275,0.3935005856537178,,,
sample,1779735817.0386186,8.436038494110107,1.7624,1.0266487718959507,0.11508189701559063,0,14.197118266852458,0.9900333574239883,14.361978863667924,0.5008530920208628,0.3853088169536772,,,
sample,1779735817.0869522,8.48437213897705,1.7624,0.3213042064621472,0.11183098868422965,0,14.23035660752344,1.0161839920511067,14.40427121500905,0.49309594643436633,0.37433175038479793,,,
sample,1779735817.1385264,8.535946369171143,1.7624,1.2717954991398794,0.11179438884670467,0,14.358151897167827,1.1310594114743198,14.57610834150665,0.486363429657796,0.37420821287654554,,,
sample,1779735817.1863446,8.583764553070068,1.7624,0.0,0.11179438884670467,0,14.358151897167827,1.1310594114743198,14.57610834150665,0.486363429657796,0.37420821287654554,,,
sample,1779735817.238136,8.635555982589722,1.6823,1.2628634049348932,0.10902988737367245,0,14.47577384921157,1.251590640528008,14.744520635534649,0.4620993687716934,0.3648799438046176,,,
sample,1779735817.2873495,8.68476939201355,1.6823,0.0,0.10902988737367245,0,14.47577384921157,1.251590640528008,14.744520635534649,0.4620993687716934,0.3648799438046176,,,
sample,1779735817.338787,8.736207008361816,1.7624,1.2987435351731733,0.10466852706968077,0,14.590049086966346,1.3855198306075438,14.920577041039449,0.4552632768876694,0.3501748052778831,,,
sample,1779735817.3870852,8.784505128860474,1.7624,0.0,0.10218633539365203,0,14.590049086966346,1.3855198306075438,14.920577041039449,0.4460460978146702,0.34181168493246283,,,
sample,1779735817.4389012,8.836321115493774,1.8425,1.3304419712574191,0.09675179280289277,0,14.695767511056877,1.5289299353043295,15.098742254595093,0.42654980978829676,0.3235160747640789,,,
sample,1779735817.488092,8.885511875152588,1.8425,0.04467359498658437,0.09628660525928646,0,14.699137476159391,1.5335013905859813,15.104421591544448,0.42524580616953445,0.3219509138423905,,,
sample,1779735817.5374305,8.934850454330444,1.7624,1.2860704462311032,0.09137824033137293,0,14.794422653222277,1.6815754495253372,15.280504503545247,0.3943956811792754,0.30544476089924333,,,
sample,1779735817.5874774,8.984897375106812,1.7624,0.0,0.09137824033137293,0,14.794422653222277,1.6815754495253372,15.280504503545247,0.3943956811792754,0.30544476089924333,,,
sample,1779735817.6393986,9.036818504333496,1.7624,1.0716028793442356,0.09105887031967225,0,14.919165554967472,1.7898872083156392,15.44570810104863,0.38934264101098576,0.3043712867407885,,,
sample,1779735817.6871188,9.084538698196411,1.7624,0.0,0.09105887031967225,0,14.919165554967472,1.7898872083156392,15.44570810104863,0.38934264101098576,0.3043712867407885,,,
sample,1779735817.737633,9.135052919387817,1.7624,1.1783677796922924,0.0861901281952629,0,14.996066479351212,1.9464270951296387,15.620117069667831,0.36907942641971986,0.2880139742468407,,,
sample,1779735817.7870471,9.184467077255249,1.7624,0.0,0.08389428086453944,0,14.996066479351212,1.9464270951296387,15.620117069667831,0.35931278813033857,0.28030553182539836,,,
sample,1779735817.8380508,9.23547077178955,1.7624,1.2328914707147505,0.0750941861106687,0,15.063893414029074,2.1096927190583488,15.796911178802231,0.322505892462538,0.2507855356651379,,,
sample,1779735817.8869283,9.284348249435425,1.7624,0.0,0.0750941861106687,0,15.063893414029074,2.1096927190583488,15.796911178802231,0.322505892462538,0.2507855356651379,,,
sample,1779735817.937759,9.335178852081299,1.6823,1.332342030976737,0.06716058600772604,0,15.117917205451405,2.2694862066025627,15.965589952514831,0.27583467032551,0.2242058181947014,,,
sample,1779735817.9867146,9.384134531021118,1.6823,0.0,0.06716058600772604,0,15.117917205451405,2.2694862066025627,15.965589952514831,0.27583467032551,0.2242058181947014,,,
sample,1779735818.0385232,9.435943126678467,1.7624,1.1824380817746452,0.05961668782673198,0,15.167002980503392,2.4505307014940447,16.15317066165883,0.2538789932552688,0.19895805751571344,,,
sample,1779735818.087076,9.484495878219604,1.7624,0.0,0.05961668782673198,0,15.167002980503392,2.4505307014940447,16.15317066165883,0.2538789932552688,0.19895805751571344,,,
sample,1779735818.137568,9.534987926483154,1.7624,1.11556843477442,0.05336030664371365,0,15.237666865460737,2.534673496125789,16.263049661134183,0.22523808172972523,0.17803669685022322,,,
sample,1779735818.187986,9.585405826568604,1.7624,0.3539267199080256,0.050086456725054386,0,15.247073609537527,2.5834306211398506,16.312705920294164,0.21105950881390137,0.16709460659452485,,,
sample,1779735818.236951,9.634371042251587,1.7624,0.0,0.050086456725054386,0,15.247073609537527,2.5834306211398506,16.312705920294164,0.21105950881390137,0.16709460659452485,,,
sample,1779735818.2888596,9.686279535293579,1.7624,0.7120534158676066,0.04412783371806164,0,15.27432059439872,2.7700273994282645,16.50128151747376,0.18457384963256276,0.14718832972746204,,,
sample,1779735818.339076,9.736495971679688,1.8425,1.2102170695251295,0.030292808560804352,0,15.292715118876053,2.9428053718976326,16.67503590245835,0.13054325095829508,0.10100692690493351,,,
sample,1779735818.3870747,9.784494638442993,1.8425,0.0,0.030292808560804352,0,15.292715118876053,2.9428053718976326,16.67503590245835,0.13054325095829508,0.10100692690493351,,,
sample,1779735818.4370205,9.834440469741821,1.6823,0.8086079383447767,0.02900608874010104,0,15.301792427057391,3.1156532768633616,16.84812199599235,0.11733940470746441,0.09671408755699329,,,
sample,1779735818.4867594,9.88417935371399,1.6823,0.0,0.023150887744961688,0,15.301792427057391,3.1156532768633616,16.84812199599235,0.09568149618331896,0.07718341547642354,,,
sample,1779735818.5391083,9.936528205871582,1.8425,0.5991950382403539,0.014610538541267126,0,15.303269167738069,3.247960726493515,16.980437686636634,0.06292482937894932,0.048705260855765146,,,
sample,1779735818.5870368,9.984456777572632,1.8425,0.2073881725064158,0.012355141243203546,0,15.303737126236276,3.2898871095344457,17.022366681139854,0.05303489758432708,0.04118589983455244,,,
sample,1779735818.6384752,10.035895109176636,1.7624,0.7563399078591788,0.0030518251901459907,0,15.298555414999552,3.4766086166921735,17.209160073331855,0.012712889974335033,0.010172782215706496,,,
sample,1779735818.6870904,10.084510326385498,1.7624,0.0,0.0030518251901459907,0,15.298555414999552,3.4766086166921735,17.209160073331855,0.012712889974335033,0.010172782215706496,,,
sample,1779735818.738161,10.135581016540527,1.7624,0.3037202136682676,0.0033457095739802354,0,15.341594023739528,3.576279180412964,17.317725920239127,0.013924028702692026,0.011152406859133778,,,
sample,1779735818.7875602,10.184980154037476,1.7624,0.0,0.0033457095739802354,0,15.341594023739528,3.576279180412964,17.317725920239127,0.013924028702692026,0.011152406859133778,,,
sample,1779735818.8381603,10.235580205917358,1.8425,0.49980549075486147,-0.0011659394157411053,0,15.328968746316072,3.7601794926829655,17.502059103586628,-0.004992933324420356,-0.00388646648024376,,,
sample,1779735818.8873196,10.28473949432373,1.8425,0.0,-0.004145967860589256,0,15.328968746316072,3.7601794926829655,17.502059103586628,-0.01758034823323247,-0.01381997205278283,,,
sample,1779735818.9387283,10.336148262023926,1.8425,0.550148614211862,-0.012160987507976609,0,15.311427749731152,3.934800602632354,17.677559014131187,-0.05209227973824252,-0.04053862346012665,,,
sample,1779735818.9874332,10.38485312461853,1.8425,0.06751218506100129,-0.012927769516976257,0,15.309388400827372,3.9551023778153,17.697962960306626,-0.05581643784239222,-0.043094965864017905,,,
sample,1779735819.0379477,10.435367584228516,1.7624,0.2402561140538724,-0.018008302150148394,0,15.290853732764887,4.119524398905531,17.863426354867425,-0.07489496658019092,-0.06003416364614335,,,
sample,1779735819.0876703,10.485090255737305,1.7624,0.0,-0.018008302150148394,0,15.290853732764887,4.119524398905531,17.863426354867425,-0.07489496658019092,-0.06003416364614335,,,
sample,1779735819.141135,10.538554906845093,1.8425,0.49693485008060945,-0.02642458717263388,0,15.264488176765163,4.308227954596822,18.053962898537428,-0.11232844009817786,-0.08810246430396114,,,
sample,1779735819.1875887,10.58500862121582,1.8425,0.0,-0.02642458717263388,0,15.264488176765163,4.308227954596822,18.053962898537428,-0.11232844009817786,-0.08810246430396114,,,
sample,1779735819.2373602,10.634780168533325,1.8425,-0.9947882493904618,-0.009317781173034521,0,15.318411652608777,4.50478538243128,18.257782828092797,-0.03997471053239234,-0.031060169474118736,,,
sample,1779735819.2866955,10.684115409851074,1.8425,0.0,-0.009625359463275468,0,15.318411652608777,4.50478538243128,18.257782828092797,-0.04153568276570771,-0.03208552243199743,,,
sample,1779735819.338411,10.735831022262573,1.8425,-0.14925392561576864,-0.009295033877202465,0,15.303401508682347,4.68842254161411,18.44203241602567,-0.0398680815702978,-0.030984338587210843,,,
sample,1779735819.3870049,10.784424781799316,1.8425,0.0,-0.009295033877202465,0,15.303401508682347,4.68842254161411,18.44203241602567,-0.0398680815702978,-0.030984338587210843,,,
sample,1779735819.4387033,10.83612322807312,1.8425,-0.0043206890079528016,-0.010697080146196246,0,15.288461082233802,4.871634214989573,18.625852256096053,-0.0456025482165947,-0.03565829392778706,,,
sample,1779735819.4868798,10.884299755096436,1.8425,0.0,-0.010697080146196246,0,15.288461082233802,4.871634214989573,18.625852256096053,-0.0456025482165947,-0.03565829392778706,,,
sample,1779735819.5385425,10.935962438583374,1.8425,-0.13503046949419711,-0.010391343470954165,0,15.274669040062262,5.05669279703637,18.81142407296605,-0.04405489291052247,-0.03463905835421703,,,
sample,1779735819.5872571,10.984677076339722,1.8425,0.0,-0.010391343470954165,0,15.274669040062262,5.05669279703637,18.81142407296605,-0.04405489291052247,-0.03463905835421703,,,
sample,1779735819.6389508,11.036370754241943,1.8425,-0.5519928787986935,-0.006042584857166073,0,15.266285391058553,5.239390559167368,18.994314088708553,-0.02589456372301942,-0.020142194674005427,,,
sample,1779735819.6928518,11.090271711349487,1.8425,0.0,-0.004277103306541514,0,15.266285391058553,5.239390559167368,18.994314088708553,-0.02589456372301942,-0.020142194674005427,,,
sample,1779735819.738092,11.135511875152588,1.7624,-0.22486870509084916,-0.002492380625595032,0,15.25998974959372,5.415749117939879,19.170784982494954,-0.010343722710299617,-0.008307952621550298,,,
sample,1779735819.78816,11.185580015182495,1.7624,0.0,-0.002492380625595032,0,15.25998974959372,5.415749117939879,19.170784982494954,-0.010343722710299617,-0.008307952621550298,,,
sample,1779735819.8386762,11.236096143722534,1.9227,-0.4903748094766987,0.005519788296333165,0,15.288139677116206,5.579684665696561,19.337119832234283,0.024169593618639205,0.018399481187006437,,,
sample,1779735819.8872433,11.284663200378418,1.9227,0.0,0.005519788296333165,0,15.288139677116206,5.579684665696561,19.337119832234283,0.024169593618639205,0.018399481187006437,,,
sample,1779735819.938894,11.336313962936401,1.7624,-0.19429036889248838,0.008509708384919696,0,15.287975773199662,5.7668474397952485,19.524282678100683,0.03532720240933611,0.02836637933811801,,,
sample,1779735819.9883995,11.385819435119629,1.7624,0.0,0.008509708384919696,0,15.287975773199662,5.7668474397952485,19.524282678100683,0.03532720240933611,0.02836637933811801,,,
sample,1779735820.03823,11.435649871826172,1.8425,0.014019144254130176,0.007959811179707406,0,15.28774600277933,5.889374301075637,19.646809754821177,0.034158807107722566,0.026533264304832,,,
sample,1779735820.0874972,11.484917163848877,1.8425,0.00610860429323966,0.007881323863819555,0,15.287647015678228,5.942159941576667,19.69959548813568,0.03385808114740476,0.026271623504610465,,,
sample,1779735820.1386714,11.536091327667236,1.8425,-0.04486744616869604,0.008423066906412629,0,15.287722450901523,6.121430177002953,19.87886573943318,0.035900555421112965,0.02807755370713478,,,
sample,1779735820.1867332,11.584153175354004,1.8425,0.0,0.008423066906412629,0,15.287722450901523,6.121430177002953,19.87886573943318,0.035900555421112965,0.02807755370713478,,,
sample,1779735820.246284,11.643703937530518,1.8425,0.08953886447972571,0.007084636663655937,0,15.286741497704224,6.321161795407011,20.078599766728182,0.030191139599499227,0.023615850656370712,,,
sample,1779735820.286833,11.684252977371216,1.8425,0.0,0.007084636663655937,0,15.286741497704224,6.321161795407011,20.078599766728182,0.030191139599499227,0.023615850656370712,,,
sample,1779735820.345577,11.74299693107605,1.8425,0.15784900712763755,0.0002311438480847876,0,15.284638987517132,6.407488975906174,20.164952546892007,0.0009802341795049417,0.0007704795073375514,,,
sample,1779735820.387175,11.784595012664795,1.8425,0.0,0.0002311438480847876,0,15.284638987517132,6.407488975906174,20.164952546892007,0.0009802341795049417,0.0007704795073375514,,,
sample,1779735820.437589,11.8350088596344,1.7624,0.0,0.00024148740935801957,0,15.284638987517132,6.407488975906174,20.164952546892007,0.0009802341795049417,0.0008049580468407554,,,
sample,1779735820.4872773,11.884697198867798,1.7624,0.5987057935272336,-0.008957786803304517,0,15.260690201893746,6.646289550305648,20.40495100244194,-0.037642348077837354,-0.029860088025795442,,,
sample,1779735820.539277,11.936697006225586,1.8425,0.2675330719352882,-0.0188204278306835,0,15.235326958128562,6.828409994388846,20.588829087833737,-0.08053730885002429,-0.06274216754697702,,,
sample,1779735820.5869622,11.984382152557373,1.8425,0.0,-0.0188204278306835,0,15.235326958128562,6.828409994388846,20.588829087833737,-0.08053730885002429,-0.06274216754697702,,,
sample,1779735820.6381626,12.035582542419434,1.8425,0.29902140673146743,-0.023611942751263323,0,15.219798648853232,7.002858008008178,20.76396685601833,-0.10205252728644254,-0.07872110601244837,,,
sample,1779735820.6880932,12.0855131149292,1.8425,0.0,-0.023611942751263323,0,15.219798648853232,7.002858008008178,20.76396685601833,-0.10205252728644254,-0.07872110601244837,,,
sample,1779735820.7381191,12.135539054870605,1.7624,0.27229895331766596,-0.03169642594384717,0,15.205433886788288,7.167979987928254,20.929712488364732,-0.1336575574285809,-0.10569014985939945,,,
sample,1779735820.7967248,12.19414472579956,1.7624,0.0,-0.03381051488432741,0,15.205433886788288,7.167979987928254,20.929712488364732,-0.14079542768645034,-0.11274468095066734,,,
sample,1779735820.8393066,12.236726522445679,1.9227,-0.17664966298150261,-0.053101537242523006,0,15.191334149155676,7.349604439430661,21.111883408066145,-0.13375848710205684,-0.1771716834465552,,,
sample,1779735820.8888335,12.286253452301025,1.9227,0.0,-0.053101537242523006,0,15.191334149155676,7.349604439430661,21.111883408066145,-0.13375848710205684,-0.1771716834465552,,,
sample,1779735820.9390545,12.336474418640137,1.7624,0.2082247780455606,-0.0619133591292543,0,15.179846306962162,7.533721362040633,21.29635837035,-0.14902888176868329,-0.2066419690068072,,,
sample,1779735820.988098,12.385517835617065,1.7624,0.0,-0.0619133591292543,0,15.179846306962162,7.533721362040633,21.29635837035,-0.14902888176868329,-0.2066419690068072,,,
sample,1779735821.0394268,12.436846733093262,1.8425,0.0677093446783366,-0.06054265342503107,0,15.16399314816329,7.714607374728208,21.477937753072574,-0.1586963248406621,-0.20205577771413105,,,
sample,1779735821.0882566,12.485676527023315,1.8425,0.0,-0.06054265342503107,0,15.16399314816329,7.714607374728208,21.477937753072574,-0.1586963248406621,-0.20205577771413105,,,
sample,1779735821.1392012,12.53662109375,1.8425,-0.17970617906714034,-0.05703810566367953,0,15.153745354110876,7.842487944262749,21.606228272392666,-0.1540110023059183,-0.19033347050677116,,,
sample,1779735821.187782,12.585201978683472,1.8425,-0.08371974370751976,-0.05554639704897255,0,15.149192719274014,7.899299540284566,21.663221990700073,-0.15201816999428916,-0.18534531766957602,,,
sample,1779735821.2386928,12.636112689971924,1.9227,-0.44246480309195707,-0.0453924392819665,0,15.138119393508974,8.091872970586024,21.856113526547475,-0.13585723268007435,-0.15141213879650056,,,
sample,1779735821.2870739,12.684493780136108,1.9227,0.0,-0.0453924392819665,0,15.138119393508974,8.091872970586024,21.856113526547475,-0.13585723268007435,-0.15141213879650056,,,
sample,1779735821.3381777,12.735597610473633,1.8425,-0.3328571248963889,-0.04148392657761069,0,15.129806578190935,8.297379596962232,22.061788212357474,-0.1254218661104031,-0.13835913252180274,,,
sample,1779735821.3870554,12.784475326538086,1.8425,0.0,-0.04148392657761069,0,15.129806578190935,8.297379596962232,22.061788212357474,-0.1254218661104031,-0.13835913252180274,,,
sample,1779735821.4377782,12.835198163986206,1.8425,-0.9543894608119511,-0.02137197844764465,0,15.177164917825676,8.413961546416639,22.187622084075503,-0.06662219295912335,-0.071250776692161,,,
sample,1779735821.487391,12.88481092453003,1.8425,0.0,-0.02137197844764465,0,15.177164917825676,8.413961546416639,22.187622084075503,-0.06662219295912335,-0.071250776692161,,,
sample,1779735821.5377977,12.93521761894226,1.8425,-0.4852247687788773,-0.015496957795653205,0,15.183089920320963,8.596544647245008,22.370301295708003,-0.05017691301304319,-0.05166066158585473,,,
sample,1779735821.5872874,12.984707355499268,1.8425,0.0,-0.013533056766549405,0,15.183089920320963,8.596544647245008,22.370301295708003,-0.0444240240759487,-0.04511294330478818,,,
sample,1779735821.6379044,13.035324335098267,1.8425,-0.20232312588937265,-0.01041496363627314,0,15.190941183730631,8.780386881534598,22.554311103723002,-0.036134485417449305,-0.03471780076025428,,,
sample,1779735821.6869202,13.08434009552002,1.8425,0.0,-0.01041496363627314,0,15.190941183730631,8.780386881534598,22.554311103723002,-0.036134485417449305,-0.03471780076025428,,,
sample,1779735821.73813,13.135550022125244,1.8425,-0.11560020964010201,-0.008709354943912161,0,15.199829579289826,8.963129892069395,22.737270146885503,-0.03203290744512798,-0.029031917201437153,,,
sample,1779735821.7869363,13.184356212615967,1.8425,0.0,-0.008709354943912161,0,15.199829579289826,8.963129892069395,22.737270146885503,-0.03203290744512798,-0.029031917201437153,,,
sample,1779735821.837644,13.235064029693604,1.8425,-0.2053278878292466,-0.005879161730084015,0,15.210800783532026,9.148828202673155,22.923292268913006,-0.023030431700065395,-0.01959743155955333,,,
sample,1779735821.8866556,13.284075498580933,1.8425,0.0,-0.005879161730084015,0,15.210800783532026,9.148828202673155,22.923292268913006,-0.023030431700065395,-0.01959743155955333,,,
sample,1779735821.9374938,13.334913730621338,1.8425,0.10731015968738228,-0.008627574964538663,0,15.201824564788902,9.264584308667846,23.039395880303775,-0.03521498837999693,-0.028759296785232372,,,
sample,1779735821.9869418,13.384361743927002,1.8425,-0.05258653235460543,-0.00799077185194845,0,15.206076288158682,9.340216018868489,23.115147003988426,-0.03354209868009248,-0.026636473110128966,,,
sample,1779735822.038284,13.435703992843628,1.8425,-0.008609068278218002,-0.002913691959568963,0,15.214344375652933,9.486141735100054,23.261306765648424,-0.012464196791632604,-0.009712334016525093,,,
sample,1779735822.0867906,13.48421049118042,1.8425,0.0,-0.002913691959568963,0,15.214344375652933,9.486141735100054,23.261306765648424,-0.012464196791632604,-0.009712334016525093,,,
sample,1779735822.1385598,13.535979747772217,1.8425,-0.27560708382228244,0.0016885811094832046,0,15.22740133211762,9.670079067891788,23.445706945980923,0.007181608791234474,0.005628609047907589,,,
sample,1779735822.188303,13.585722923278809,1.8425,0.0,0.0016885811094832046,0,15.22740133211762,9.670079067891788,23.445706945980923,0.007181608791234474,0.005628609047907589,,,
sample,1779735822.2381275,13.635547399520874,1.8425,-0.21371639466881057,0.003964090748618266,0,15.242510960709511,9.85502767936594,23.631271731870925,0.016953364216222868,0.013213705042255188,,,
sample,1779735822.2882836,13.68570351600647,1.8425,0.0,0.00974265696146596,0,15.242510960709511,9.85502767936594,23.631271731870925,0.04206139135368994,0.03247655076257724,,,
sample,1779735822.3384683,13.735888242721558,1.8425,0.12363670782863356,0.018568101823825126,0,15.25585808204408,10.03238822209925,23.809133778880888,0.07959613675673018,0.06190078684526087,,,
sample,1779735822.3876026,13.785022497177124,1.8425,0.004030993756718494,0.018522006436832415,0,15.25628413649719,10.03804976117896,23.814811326515922,0.07957094236929044,0.06174708269953659,,,
sample,1779735822.4465032,13.843923091888428,1.8425,-0.1343859864016864,0.03075181840222279,0,15.271988715007087,10.226762877101725,24.004176777185922,0.131654124498646,0.10253838601871049,,,
sample,1779735822.4876225,13.885042428970337,1.8425,0.0,0.03075181840222279,0,15.271988715007087,10.226762877101725,24.004176777185922,0.131654124498646,0.10253838601871049,,,
sample,1779735822.5376422,13.935062170028687,1.7624,0.30154856552611176,0.0325916686126056,0,15.272248319935933,10.36458868445686,24.14200282903322,0.13806217601295862,0.10867737774829839,,,
sample,1779735822.5867145,13.984134435653687,1.7624,0.0,0.0325916686126056,0,15.272248319935933,10.36458868445686,24.14200282903322,0.13806217601295862,0.10867737774829839,,,
sample,1779735822.6386967,14.036116600036621,1.8425,0.3056877486246711,0.0416225934039453,0,15.269545537882758,10.51993485393288,24.29737250883497,0.1797224867991448,0.13882215430435352,,,
sample,1779735822.6869092,14.08432912826538,1.8425,0.0,0.045437168581349274,0,15.269545537882758,10.51993485393288,24.29737250883497,0.1967277644306985,0.1515615443990547,,,
sample,1779735822.7387233,14.136143207550049,1.7624,0.332269894541989,0.05300957358419561,0,15.275750573271042,10.697973608892823,24.475519360426173,0.22531518367010386,0.17686427340415092,,,
sample,1779735822.7867904,14.184210300445557,1.7624,0.0,0.05300957358419561,0,15.275750573271042,10.697973608892823,24.475519360426173,0.22531518367010386,0.17686427340415092,,,
sample,1779735822.839662,14.23708200454712,1.8425,0.16587728234012572,0.10225865840628284,0,15.280627768483352,10.885027441672028,24.662636765791174,0.4576558319432236,0.3420552984110568,,,
sample,1779735822.8866796,14.284099578857422,1.8425,0.0,0.10225865840628284,0,15.280627768483352,10.885027441672028,24.662636765791174,0.4576558319432236,0.3420552984110568,,,
sample,1779735822.9400797,14.337499618530273,1.7624,0.2226416355831247,0.11814500883174847,0,15.283050445261201,11.05588244862857,24.833508948327975,0.5197489192670027,0.3956593144043193,,,
sample,1779735822.9889019,14.386321783065796,1.7624,0.0,0.11814500883174847,0,15.283050445261201,11.05588244862857,24.833508948327975,0.5197489192670027,0.3956593144043193,,,
sample,1779735823.040017,14.437436819076538,1.7624,0.6866883666843385,0.1243821639544877,0,15.27076451138528,11.166750023784049,24.945055187135292,0.5444648910386216,0.41675864674480984,,,
sample,1779735823.0871627,14.484582662582397,1.7624,0.14887574718774838,0.11753741326827052,0,15.268985271933516,11.230413721418028,25.008743742539362,0.5215264568933248,0.3936056086705012,,,
sample,1779735823.1388085,14.53622841835022,1.7624,0.8573124787089766,0.13593105591507842,0,15.255738822007755,11.40437661563833,25.183210235027577,0.6086747598862732,0.4559150035779424,,,
sample,1779735823.1882012,14.585621118545532,1.7624,0.07656705885995681,0.13520147370441,0,15.254607384807812,11.419235546977186,25.19811218089616,0.608219974994952,0.45343781467341565,,,
sample,1779735823.238171,14.63559103012085,1.7624,1.168298790595946,0.14196335009577307,0,15.232865587432679,11.580055835029519,25.36039548503536,0.6441435283300706,0.476415973195859,,,
sample,1779735823.2867672,14.684187173843384,1.7624,0.0,0.14196335009577307,0,15.232865587432679,11.580055835029519,25.36039548503536,0.6441435283300706,0.476415973195859,,,
sample,1779735823.339187,14.73660683631897,1.7624,1.3918339475037391,0.14591986108843608,0,15.199404891302573,11.739119096457873,25.52294006144976,0.6612347367355184,0.4898814333067928,,,
sample,1779735823.3868744,14.784294366836548,1.7624,0.0,0.14591986108843608,0,15.199404891302573,11.739119096457873,25.52294006144976,0.6612347367355184,0.4898814333067928,,,
sample,1779735823.4405534,14.837973356246948,1.7624,1.038661834319924,0.14844518952383365,0,15.161882656915086,11.870094288657278,25.65918403028912,0.6727681712320439,0.4984842172149152,,,
sample,1779735823.4866881,14.884108066558838,1.7624,0.3450443292475681,0.14550311254248707,0,15.151169613141146,11.9074892623372,25.698083302305758,0.6662126573577222,0.4884623544471842,,,
sample,1779735823.5396473,14.93706727027893,1.6823,1.5760009937352524,0.14458423125800873,0,15.091064185783392,12.065982378806952,25.86759061886216,0.6439855713738533,0.48533406490717695,,,
sample,1779735823.5872808,14.984700679779053,1.6823,0.0,0.14458423125800873,0,15.091064185783392,12.065982378806952,25.86759061886216,0.6439855713738533,0.48533406490717695,,,
sample,1779735823.6385534,15.035973310470581,1.6823,2.583582878101381,0.13222911499071352,0,14.995507469940511,12.180408891578391,26.016669499887303,0.5722637350209263,0.4433506608632526,,,
sample,1779735823.6870959,15.084515810012817,1.6823,0.0,0.13222911499071352,0,14.995507469940511,12.180408891578391,26.016669499887303,0.5722637350209263,0.4433506608632526,,,
sample,1779735823.7381058,15.135525703430176,1.6823,1.6684756848839877,0.12655537878402098,0,14.894612431279068,12.334390613731994,26.200762355761405,0.5509663647633359,0.42411794562175087,,,
sample,1779735823.787607,15.18502688407898,1.6823,0.0,0.12655537878402098,0,14.894612431279068,12.334390613731994,26.200762355761405,0.5509663647633359,0.42411794562175087,,,
sample,1779735823.8394325,15.236852407455444,1.7624,1.4154882245989144,0.12076115661327391,0,14.813219504978967,12.43512369210784,26.330268963819712,0.5330761080840404,0.404505438657804,,,
sample,1779735823.8874295,15.284849405288696,1.7624,0.5457603680258768,0.11899347375099206,0,14.784155679716068,12.471093508174105,26.376513245701403,0.5229665893198245,0.39852766757594466,,,
sample,1779735823.9380505,15.33547043800354,1.6823,1.766146775035429,0.11172433152053438,0,14.66940802652743,12.589665710019023,26.541517460685906,0.47558432695783115,0.3739717472395838,,,
sample,1779735823.9917676,15.389187574386597,1.6823,0.0,0.11172433152053438,0,14.66940802652743,12.589665710019023,26.541517460685906,0.47558432695783115,0.3739717472395838,,,
sample,1779735824.038319,15.435739040374756,1.7624,1.8840867754422213,0.10052436035114179,0,14.541768392636675,12.700284684326492,26.710421082957907,0.43821726137440437,0.3362144637057448,,,
sample,1779735824.0865211,15.483941078186035,1.7624,0.0,0.10052436035114179,0,14.541768392636675,12.700284684326492,26.710421082957907,0.43821726137440437,0.3362144637057448,,,
sample,1779735824.1379318,15.535351753234863,1.6823,1.9878411850426985,0.09943170947455501,0,14.407619834002087,12.86908136798272,26.92603220557703,0.419396991684901,0.33253564406318525,,,
sample,1779735824.18741,15.584830045700073,1.6823,0.0,0.09606553265234163,0,14.407619834002087,12.86908136798272,26.92603220557703,0.4022839894303999,0.3212071466103588,,,
sample,1779735824.2385266,15.63594651222229,1.7624,1.4539639745500386,0.08502524645204859,0,14.285841480330575,12.939801243705903,27.066855741412652,0.36107149866029514,0.28410243823388687,,,
sample,1779735824.2884924,15.685912370681763,1.7624,0.2288925546289285,0.08245652722396675,0,14.267101866070078,12.95068382793904,27.08852608479303,0.35253336387673234,0.2754797100168677,,,
sample,1779735824.338238,15.735657930374146,1.6823,1.4296471548659166,0.07367728314546691,0,14.111391468506131,13.026864698164458,27.261873288110028,0.30764874635297984,0.24603629473267902,,,
sample,1779735824.3869727,15.784392595291138,1.6823,0.0,0.07367728314546691,0,14.111391468506131,13.026864698164458,27.261873288110028,0.30764874635297984,0.24603629473267902,,,
sample,1779735824.4390318,15.836451768875122,1.7624,1.2924686777445704,0.06423134997788582,0,13.948462528161212,13.093404274217473,27.43786577312923,0.2709378583645632,0.21439942788702568,,,
sample,1779735824.4867766,15.884196519851685,1.7624,0.0,0.06423134997788582,0,13.948462528161212,13.093404274217473,27.43786577312923,0.2709378583645632,0.21439942788702568,,,
sample,1779735824.5379,15.935319900512695,1.7624,1.3107781746141955,0.058958848807734415,0,13.772968043788957,13.151700019661966,27.62278929240683,0.24776627480734412,0.19675753484035258,,,
sample,1779735824.587142,15.984561920166016,1.7624,0.0,0.05303976537852429,0,13.772968043788957,13.151700019661966,27.62278929240683,0.22555514571704857,0.17696519620887902,,,
sample,1779735824.6380625,16.03548240661621,1.7624,0.9558805430600373,0.05462479254154991,0,13.659678742868195,13.28485583373042,27.797617598248152,0.22989640122689758,0.1822639617424732,,,
sample,1779735824.6885097,16.08592963218689,1.7624,0.1013374390381873,0.0534331676777083,0,13.64586973026021,13.288631929290364,27.811933593738697,0.22603393891387785,0.17828026075610698,,,
sample,1779735824.7382286,16.135648488998413,1.7624,1.1821087019843732,0.04356574959106168,0,13.470307823341296,13.32571275197722,27.991368736818696,0.18202894418125634,0.14531110919973714,,,
sample,1779735824.7870953,16.184515237808228,1.7624,0.0,0.04356574959106168,0,13.470307823341296,13.32571275197722,27.991368736818696,0.18202894418125634,0.14531110919973714,,,
sample,1779735824.8386664,16.23608636856079,1.7624,0.9386773617179127,0.035040947327016535,0,13.275788010219234,13.35705322072413,28.188397117206694,0.14581293434319212,0.11685098753448395,,,
sample,1779735824.886956,16.2843759059906,1.7624,0.0,0.035040947327016535,0,13.275788010219234,13.35705322072413,28.188397117206694,0.14581293434319212,0.11685098753448395,,,
sample,1779735824.9381928,16.335612773895264,1.7624,0.6131848533347434,0.02860228144256302,0,13.169757047189512,13.369379446741279,28.295142145047976,0.11914871180684396,0.09536694582460173,,,
sample,1779735824.9867058,16.38412570953369,1.7624,0.25961954186369524,0.026131605508183206,0,13.127250713362141,13.374320858786826,28.337934737496294,0.10849366813605879,0.08712518405462588,,,
sample,1779735825.0395267,16.436946630477905,1.7624,0.9289323757649001,0.015205538710453069,0,12.932461144627085,13.386644235362107,28.533113736618137,0.06415468288962786,0.05068903567213186,,,
sample,1779735825.0866709,16.48409080505371,1.7624,0.0738962715963877,0.01467599531744027,0,12.918631016908614,13.387519199422377,28.546971514030695,0.06104610186901076,0.04892349690173127,,,
sample,1779735825.138019,16.535439014434814,1.8425,0.6566578470497847,0.006818999272359095,0,12.773887961620161,13.391784950149042,28.691777414060695,0.02899520045908473,0.02273034988658288,,,
sample,1779735825.186871,16.584290981292725,1.8425,0.0,0.006818999272359095,0,12.773887961620161,13.391784950149042,28.691777414060695,0.02899520045908473,0.02273034988658288,,,
sample,1779735825.237436,16.63485598564148,1.7624,-0.1475892675699987,0.016041168718134328,0,12.646119671014684,13.470517469249176,28.84185587903185,0.06729242309119311,0.05347514919811144,,,
sample,1779735825.287315,16.68473482131958,1.7624,0.0,0.016041168718134328,0,12.646119671014684,13.470517469249176,28.84185587903185,0.06729242309119311,0.05347514919811144,,,
sample,1779735825.3379502,16.73537015914917,1.8425,-0.01127136956882993,0.01615638916303698,0,12.497940166564774,13.476094427650569,28.990140294949477,0.06939928475756343,0.053859316904618044,,,
sample,1779735825.3871965,16.784616470336914,1.8425,-0.002487486322690161,0.016353043592184258,0,12.466135405082284,13.477291447659598,29.02196757428435,0.06975665593536098,0.054515004898430024,,,
sample,1779735825.439031,16.836450815200806,1.7624,0.43311126579322884,0.011733699828604532,0,12.285402238399236,13.48003314672567,29.20272153538355,0.04940495324654384,0.039114127852439964,,,
sample,1779735825.4876935,16.88511347770691,1.7624,0.0,0.011733699828604532,0,12.285402238399236,13.48003314672567,29.20272153538355,0.04940495324654384,0.039114127852439964,,,
sample,1779735825.5377247,16.935144662857056,1.8425,0.6053165072746411,0.004010182747632401,0,12.105623489305781,13.477315405341551,29.38252082554855,0.017160381474134945,0.013367347481476943,,,
sample,1779735825.5867357,16.984155654907227,1.8425,0.0,0.004010182747632401,0,12.105623489305781,13.477315405341551,29.38252082554855,0.017160381474134945,0.013367347481476943,,,
sample,1779735825.6376934,17.03511333465576,1.8425,0.41705446289473863,-0.0016068067073828818,0,11.917366012478197,13.470465814499882,29.57090286948105,-0.0068453344909835704,-0.005356026967390165,,,
sample,1779735825.686641,17.08406090736389,1.8425,0.0,-0.0016068067073828818,0,11.917366012478197,13.470465814499882,29.57090286948105,-0.0068453344909835704,-0.005356026967390165,,,
sample,1779735825.7386107,17.136030673980713,1.7624,-0.16379358199984864,0.005714853962592742,0,11.78972755009479,13.52509589826604,29.709740987920828,0.02399508184616215,0.019049720594231673,,,
sample,1779735825.7868974,17.184317350387573,1.7624,0.026284729210602407,0.005276545628876009,0,11.768315045283531,13.52447208247029,29.73116257769468,0.021909193343943322,0.017588648663886774,,,
sample,1779735825.839245,17.23666501045227,1.8425,0.2986959038447828,0.00044545564856559526,0,11.578366522842954,13.51596410609703,29.92130154487218,0.0018885601547342181,0.001484852260098761,,,
sample,1779735825.886674,17.284093856811523,1.8425,0.0,0.00044545564856559526,0,11.578366522842954,13.51596410609703,29.92130154487218,0.0018885601547342181,0.001484852260098761,,,
sample,1779735825.9386249,17.336044788360596,1.8425,0.32436705514730874,-0.00435534556316772,0,11.400221644408026,13.504974296646417,30.09978508367718,-0.01866873333598189,-0.014517910340924828,,,
sample,1779735825.986522,17.383941888809204,1.8425,0.0,-0.00435534556316772,0,11.400221644408026,13.504974296646417,30.09978508367718,-0.01866873333598189,-0.014517910340924828,,,
sample,1779735826.037464,17.43488383293152,1.8425,0.10363559582808755,-0.005651123944501197,0,11.211641077412072,13.492340990722225,30.28878833938218,-0.024288566715313806,-0.018837280339547475,,,
sample,1779735826.0889208,17.486340761184692,1.8425,0.0,-0.0067826818929009325,0,11.211641077412072,13.492340990722225,30.28878833938218,-0.028954881982496163,-0.022609286355766953,,,
sample,1779735826.1391428,17.53656268119812,1.8425,0.2465299044756695,-0.010757606244892182,0,11.04542617671619,13.478984122286581,30.455539048969122,-0.046229035713461965,-0.0358600708089324,,,
sample,1779735826.1887114,17.58613133430481,1.8425,0.018437225947130084,-0.010970101982714886,0,11.033157160759993,13.477998196047267,30.467847615217178,-0.04736691082371851,-0.03656847354243205,,,
sample,1779735826.23808,17.635499954223633,1.7624,0.20198329124159586,-0.015133037182548515,0,10.857201356521156,13.462091185704281,30.64452098056518,-0.06320827263242709,-0.0504473082933767,,,
sample,1779735826.2869084,17.684328317642212,1.7624,0.0,-0.015133037182548515,0,10.857201356521156,13.462091185704281,30.64452098056518,-0.06320827263242709,-0.0504473082933767,,,
sample,1779735826.3391984,17.736618280410767,1.8425,0.009157263331674752,-0.015005950503941707,0,10.721800970161585,13.463343321709845,30.779927156461618,-0.06387320142857834,-0.05002358981598844,,,
sample,1779735826.388581,17.786000967025757,1.8425,0.0,-0.015005950503941707,0,10.721800970161585,13.463343321709845,30.779927156461618,-0.06387320142857834,-0.05002358981598844,,,
sample,1779735826.4385889,17.83600878715515,1.8425,-0.04098565465881081,-0.01570383235803013,0,10.583310466493453,13.451135075294006,30.91895471087729,-0.06656425571833367,-0.05235041131528446,,,
sample,1779735826.4867165,17.88413643836975,1.8425,-0.013768417648525585,-0.015547754822626877,0,10.538536157397639,13.44718812020277,30.96390264975662,-0.06704251858443616,-0.051830025813076795,,,
sample,1779735826.5397239,17.937143802642822,1.8425,-0.05266211852288538,-0.01642241249202303,0,10.350189670753418,13.431114679942766,31.15293374379412,-0.07051145378200381,-0.05474629667426301,,,
sample,1779735826.588076,17.985496044158936,1.8425,0.0,-0.01642241249202303,0,10.350189670753418,13.431114679942766,31.15293374379412,-0.07051145378200381,-0.05474629667426301,,,
sample,1779735826.639741,18.037160873413086,1.8425,-0.2898798152571486,-0.014192819637728877,0,10.170726324543308,13.418503394384581,31.33283965574912,-0.06045084950521975,-0.04731257565579414,,,
sample,1779735826.6875775,18.084997415542603,1.8425,0.0,-0.014192819637728877,0,10.170726324543308,13.418503394384581,31.33283965574912,-0.06045084950521975,-0.04731257565579414,,,
sample,1779735826.7381697,18.135589599609375,1.8425,-0.18872200567721462,-0.01303709832475749,0,9.983864861733563,13.407164016229043,31.52004485808162,-0.05524758757716164,-0.04345945665278684,,,
sample,1779735826.7869794,18.184399366378784,1.8425,0.0,-0.01303709832475749,0,9.983864861733563,13.407164016229043,31.52004485808162,-0.05524758757716164,-0.04345945665278684,,,
sample,1779735826.8375854,18.235005378723145,1.8425,-0.1499452573945001,-0.010991805812656803,0,9.87824435221915,13.409735080867865,31.625696656000354,-0.046671783285454654,-0.03664082836653287,,,
sample,1779735826.886889,18.284308910369873,1.8425,-0.011579740325180762,-0.010857452793387727,0,9.842929798970896,13.407881133408818,31.661059840137316,-0.04672807689013625,-0.036192931515041084,,,
sample,1779735826.9378057,18.335225582122803,1.8425,-0.40540542309721056,-0.006631909592653699,0,9.659186878404332,13.402034653857683,31.844895751159815,-0.028357873064542762,-0.022106689410257386,,,
sample,1779735826.986753,18.384172916412354,1.8425,0.0,-0.006631909592653699,0,9.659186878404332,13.402034653857683,31.844895751159815,-0.028357873064542762,-0.022106689410257386,,,
sample,1779735827.0380213,18.435441255569458,1.8425,-0.3328564552232552,-0.00290511248873281,0,9.47537443914017,13.399324497396274,32.02872816880232,-0.012344298430909844,-0.009683735538329803,,,
sample,1779735827.0868773,18.484297275543213,1.8425,0.0,-0.00290511248873281,0,9.47537443914017,13.399324497396274,32.02872816880232,-0.012344298430909844,-0.009683735538329803,,,
sample,1779735827.1375833,18.535003185272217,1.8425,-0.12695887195117087,-0.0015387257652758235,0,9.284230974528981,13.397736917450743,32.21987822627982,-0.006516235361883481,-0.005129089932262773,,,
sample,1779735827.1869125,18.58433246612549,1.8425,0.0,-0.0015387257652758235,0,9.284230974528981,13.397736917450743,32.21987822627982,-0.006516235361883481,-0.005129089932262773,,,
sample,1779735827.2375872,18.63500714302063,1.8425,-0.02218468554387884,-0.0013670298892742867,0,9.131999871182959,13.396672739214626,32.372113049172825,-0.005794024841406768,-0.00455676913610022,,,
sample,1779735827.2873783,18.68479824066162,1.8425,-0.0038335232499743166,-0.00132199570274575,0,9.106152943273292,13.39649205512611,32.39796060861482,-0.005658607219233966,-0.004406654909616204,,,
sample,1779735827.338433,18.73585295677185,1.8425,-0.10314541700700397,-0.00012256252350083586,0,8.922481024343508,13.39617533642584,32.58163280061481,-0.0005213480877868911,-0.0004085417470484328,,,
sample,1779735827.3866456,18.78406548500061,1.8425,0.0,-0.00012256252350083586,0,8.922481024343508,13.39617533642584,32.58163280061481,-0.0005213480877868911,-0.0004085417470484328,,,
sample,1779735827.4392097,18.836629629135132,1.8425,0.5001520920925976,-0.008874992196573357,0,8.754372510774003,13.366896196204987,32.752272011778665,-0.038022072946515106,-0.02958408406091435,,,
sample,1779735827.4864473,18.883867263793945,1.8425,0.0,-0.008874992196573357,0,8.754372510774003,13.366896196204987,32.752272011778665,-0.038022072946515106,-0.02958408406091435,,,
sample,1779735827.5378034,18.93522334098816,1.8425,-0.09086428799045163,-0.008479312863185635,0,8.573794134927319,13.362679285374755,32.93289961808616,-0.036329338564380226,-0.0282650536211754,,,
sample,1779735827.586765,18.984184980392456,1.8425,0.0,-0.008203931576457942,0,8.573794134927319,13.362679285374755,32.93289961808616,-0.03488545409772215,-0.027347052117441473,,,
sample,1779735827.6375508,19.03497076034546,1.8425,-0.20070065731190362,-0.005970043578033107,0,8.40519734951361,13.36061840172297,33.10150899888469,-0.02556423452100911,-0.019900381686628228,,,
sample,1779735827.6866,19.084019899368286,1.8425,-0.019004014900193253,-0.005752411861690503,0,8.389779098243197,13.360429932993247,33.11692840200867,-0.024778434607635697,-0.01917491770699212,,,
sample,1779735827.737722,19.135141849517822,1.8425,-0.01891517158643904,-0.00572935899271265,0,8.206472401030481,13.358366517610138,33.30024671240367,-0.024521119592296334,-0.019098072277770068,,,
sample,1779735827.7871168,19.184536695480347,1.8425,0.0,-0.00572935899271265,0,8.206472401030481,13.358366517610138,33.30024671240367,-0.024521119592296334,-0.019098072277770068,,,
sample,1779735827.8376832,19.235103130340576,1.8425,-0.012770419369099457,-0.005768345148495193,0,8.01269009006479,13.356310332913724,33.49403993194117,-0.024629115938752198,-0.019228030425373518,,,
sample,1779735827.8870225,19.28444242477417,1.8425,0.0,-0.005768345148495193,0,8.01269009006479,13.356310332913724,33.49403993194117,-0.024629115938752198,-0.019228030425373518,,,
sample,1779735827.9371488,19.334568738937378,1.8425,-0.09647961884146804,-0.004097337956833857,0,7.886777578840231,13.36529456218852,33.62027256186916,-0.017684129167392454,-0.013657869619782012,,,
sample,1779735827.9870236,19.384443521499634,1.8425,0.0,-0.0038187594875067057,0,7.886777578840231,13.36529456218852,33.62027256186916,-0.016467615000424936,-0.01272926016836048,,,
sample,1779735828.0373542,19.434774160385132,1.8425,0.024818380592350784,-0.00423405365429776,0,7.703017154809401,13.364003926140802,33.80403751821666,-0.01814491934496283,-0.014113596520231192,,,
sample,1779735828.0874665,19.484886407852173,1.8425,0.0,-0.00423405365429776,0,7.703017154809401,13.364003926140802,33.80403751821666,-0.01814491934496283,-0.014113596520231192,,,
sample,1779735828.1379983,19.535418272018433,1.8425,0.005057470193917465,-0.0044239138502559045,0,7.517540569077149,13.36265383323012,33.989519017579156,-0.018853577954588214,-0.014746475702138134,,,
sample,1779735828.1865938,19.58401370048523,1.8425,0.0,-0.0044239138502559045,0,7.517540569077149,13.36265383323012,33.989519017579156,-0.018853577954588214,-0.014746475702138134,,,
sample,1779735828.2381136,19.635533571243286,1.8425,-0.16341849605891787,-0.002428067910226601,0,7.3262784940448284,13.362871944898593,34.180781216976655,-0.010312978805859211,-0.008093575606023752,,,
sample,1779735828.2865205,19.683940410614014,1.8425,0.0,-0.002428067910226601,0,7.3262784940448284,13.362871944898593,34.180781216976655,-0.010312978805859211,-0.008093575606023752,,,
sample,1779735828.338118,19.735538005828857,1.8425,-0.06475804304871834,-0.0015789076105985785,0,7.187924310582781,13.363742414070494,34.3191381387335,-0.00680537665901082,-0.005263029742151326,,,
sample,1779735828.3889253,19.78634524345398,1.8425,-0.035620455698969496,-0.0011027435859293346,0,7.112987678139384,13.364213885382428,34.39407625431666,-0.00470752050895096,-0.003675813443080816,,,
sample,1779735828.441442,19.83886194229126,1.8425,-0.21057073289542771,0.0017205273932977359,0,6.9560560739551915,13.366936921432035,34.551031481426655,0.007364405914127312,0.005735096970032662,,,
sample,1779735828.488069,19.885488986968994,1.8425,0.0,0.0017205273932977359,0,6.9560560739551915,13.366936921432035,34.551031481426655,0.007364405914127312,0.005735096970032662,,,
sample,1779735828.5385585,19.935978412628174,1.7624,-0.3743464541891622,0.009264810213321631,0,6.867044329155074,13.398917510149946,34.64561397857653,0.03854548775577867,0.030883584364536115,,,
sample,1779735828.5869167,19.984336614608765,1.7624,0.0,0.009264810213321631,0,6.867044329155074,13.398917510149946,34.64561397857653,0.03854548775577867,0.030883584364536115,,,
sample,1779735828.6380732,20.03549313545227,1.9227,0.09432623612750096,0.00824041634953002,0,6.6711292893796985,13.405076193600198,34.84162579503673,0.03593186680884387,0.02746867624980538,,,
sample,1779735828.6873097,20.08472967147827,1.9227,0.0,0.00824041634953002,0,6.6711292893796985,13.405076193600198,34.84162579503673,0.03593186680884387,0.02746867624980538,,,
sample,1779735828.7373316,20.134751558303833,1.7624,0.1194676722122718,0.007461492761895151,0,6.531047188206183,13.408311015920159,34.98174524102703,0.031480102087919765,0.024872104116829222,,,
sample,1779735828.7873616,20.184781551361084,1.7624,0.047189804437685084,0.007117851750207644,0,6.47570570473591,13.409588979803122,35.03710147811353,0.029509964986084086,0.023726573194938948,,,
sample,1779735828.8380954,20.235515356063843,1.8425,0.34049921506367126,0.007117851750207644,0,6.284420052099037,13.410392294505204,35.22838881752527,0.029509964986084086,0.023726573194938948,,,
sample,1779735828.8875554,20.284975290298462,1.8425,0.0,0.002901507195005826,0,6.284420052099037,13.410392294505204,35.22838881752527,0.012523712873606683,0.009671717791273373,,,
sample,1779735828.9392023,20.33662223815918,1.8425,0.2626160302385032,-0.0003604218474103454,0,6.131650359992438,13.409421866497551,35.38116159179105,-0.001527778874536477,-0.0012014062100569392,,,
sample,1779735828.986614,20.384033918380737,1.8425,0.0,-0.0003604218474103454,0,6.131650359992438,13.409421866497551,35.38116159179105,-0.001527778874536477,-0.0012014062100569392,,,
sample,1779735829.0377982,20.43521809577942,1.8425,-0.03815057635833061,0.0003818279089622503,0,5.959183331705765,13.412350704902451,35.55365348708018,0.0016209264254726599,0.0012727597583938,,,
sample,1779735829.086732,20.48415184020996,1.8425,0.0,0.00037391091178702476,0,5.959183331705765,13.412350704902451,35.55365348708018,0.0015985643096742034,0.0012463697640414737,,,
sample,1779735829.1389198,20.53633975982666,1.8425,0.10091363757588453,-0.0010558875711213723,0,5.781602839011022,13.410385931716082,35.73124484869268,-0.004475847716996656,-0.003519626545080198,,,
sample,1779735829.186358,20.583777904510498,1.8425,0.0,-0.0010558875711213723,0,5.781602839011022,13.410385931716082,35.73124484869268,-0.004475847716996656,-0.003519626545080198,,,
sample,1779735829.2377977,20.635217666625977,1.7624,0.24487377675270983,-0.004428565692132941,0,5.601061290189962,13.406113535011245,35.91183694216388,-0.018535748154697763,-0.014761982145522313,,,
sample,1779735829.286805,20.684224843978882,1.7624,0.0,-0.004428565692132941,0,5.601061290189962,13.406113535011245,35.91183694216388,-0.018535748154697763,-0.014761982145522313,,,
sample,1779735829.338591,20.736011028289795,1.8425,0.2472645299943951,-0.00798166648522552,0,5.421811584036546,13.399574329695115,36.09120588697388,-0.03396768815349788,-0.02660611995184492,,,
sample,1779735829.387531,20.784950971603394,1.8425,0.0,-0.00798166648522552,0,5.421811584036546,13.399574329695115,36.09120588697388,-0.03396768815349788,-0.02660611995184492,,,
sample,1779735829.4373806,20.834800481796265,1.8425,0.3909768316598933,-0.011790383021688519,0,5.237614606471952,13.389256851871618,36.27569159615638,-0.05081885494099136,-0.03930309797141961,,,
sample,1779735829.487582,20.88500189781189,1.8425,0.0,-0.013307783721559418,0,5.237614606471952,13.389256851871618,36.27569159615638,-0.057403810584833764,-0.044361897890718295,,,
sample,1779735829.5376067,20.9350266456604,1.7624,0.3373188183118594,-0.019002532206981258,0,5.064440214885997,13.376622370161268,36.449326270197176,-0.07920766149783652,-0.06334939928326011,,,
sample,1779735829.586997,20.984416961669922,1.7624,0.0,-0.019002532206981258,0,5.064440214885997,13.376622370161268,36.449326270197176,-0.07920766149783652,-0.06334939928326011,,,
sample,1779735829.637748,21.035167932510376,1.8425,-0.11855929015786253,-0.01604910012059842,0,4.870149748783632,13.388875730416933,36.644002745550075,-0.06838830656337871,-0.05350159401386199,,,
sample,1779735829.6866908,21.084110736846924,1.8425,0.0,-0.01604910012059842,0,4.870149748783632,13.388875730416933,36.644002745550075,-0.06838830656337871,-0.05350159401386199,,,
sample,1779735829.7380617,21.135481595993042,1.8425,0.07345535325036126,-0.017879109173631395,0,4.690090229059726,13.376144976798706,36.824511755660076,-0.0770850199725806,-0.05960338170367922,,,
sample,1779735829.7864687,21.18388867378235,1.8425,0.0,-0.017879109173631395,0,4.690090229059726,13.376144976798706,36.824511755660076,-0.0770850199725806,-0.05960338170367922,,,
sample,1779735829.8379464,21.235366344451904,1.8425,-0.143696015879489,-0.01743132484450211,0,4.5016026407296605,13.364218864453498,37.013376265587574,-0.0749358545795423,-0.058110301893676934,,,
sample,1779735829.8871653,21.28458523750305,1.8425,0.0,-0.01729617286420927,0,4.5016026407296605,13.364218864453498,37.013376265587574,-0.07423359183067214,-0.05765965943706973,,,
sample,1779735829.9384897,21.335909605026245,1.8425,0.04584103581621608,-0.019014631819938007,0,4.321221111181702,13.35237948596288,37.19414591759008,-0.08101064217966021,-0.0633897459029844,,,
sample,1779735829.9867527,21.384172677993774,1.8425,0.0,-0.019014631819938007,0,4.321221111181702,13.35237948596288,37.19414591759008,-0.08101064217966021,-0.0633897459029844,,,
sample,1779735830.0386302,21.436050176620483,1.8425,-0.04493620421900421,-0.01931609625774385,0,4.136814810421593,13.340707611344978,37.37892123092258,-0.08338609364128152,-0.06439499656455497,,,
sample,1779735830.0869374,21.484357357025146,1.8425,0.0,-0.01931609625774385,0,4.136814810421593,13.340707611344978,37.37892123092258,-0.08338609364128152,-0.06439499656455497,,,
sample,1779735830.1388068,21.536226749420166,1.8425,-0.7411754512745865,-0.009427256910233633,0,3.991828124617315,13.369036031143239,37.52664948965724,-0.04058750890022489,-0.03142512065635458,,,
sample,1779735830.1871235,21.584543466567993,1.8425,0.0,-0.00789788660040214,0,3.991828124617315,13.369036031143239,37.52664948965724,-0.03399782950877643,-0.02632683606323616,,,
sample,1779735830.2404993,21.637919187545776,1.8425,-0.14700477906588005,-0.006372201343275537,0,3.8196556050838875,13.366191251938737,37.69884550950442,-0.027137108827973766,-0.02124095864105095,,,
sample,1779735830.2885725,21.68599247932434,1.8425,-0.008276384153897663,-0.006278799677185635,0,3.8109252254627553,13.366047001262373,37.70757708075974,-0.026828460778888164,-0.02092960729624786,,,
sample,1779735830.3401937,21.737613677978516,1.8425,-0.2983234191424234,-0.0026950619860810483,0,3.6267352907241346,13.365840427487033,37.89176713133724,-0.011445215912421765,-0.008983561703892274,,,
sample,1779735830.3888898,21.786309719085693,1.8425,0.0,-0.0026950619860810483,0,3.6267352907241346,13.365840427487033,37.89176713133724,-0.011445215912421765,-0.008983561703892274,,,
sample,1779735830.438787,21.836206912994385,1.8425,-0.3871559212988433,0.002098033670459058,0,3.4426166426484315,13.369191106525523,38.075916265517236,0.009026824588788897,0.006993455829336941,,,
sample,1779735830.4877684,21.885188341140747,1.8425,0.0,0.002098033670459058,0,3.4426166426484315,13.369191106525523,38.075916265517236,0.009026824588788897,0.006993455829336941,,,
sample,1779735830.5386343,21.936054229736328,1.8425,-0.09409626517966152,0.0031044475298638683,0,3.2515492039754417,13.37358313671632,38.26703417689723,0.01320827817263045,0.010348191676792535,,,
sample,1779735830.5880978,21.985517740249634,1.8425,0.0,0.0036215813194244574,0,3.2515492039754417,13.37358313671632,38.26703417689723,0.01552920144812165,0.012071990509604962,,,
sample,1779735830.6382582,22.035678148269653,1.7624,0.028105425534766953,0.0036417948738754393,0,3.0808515382807693,13.377266165280663,38.43777157108203,0.015363781507980075,0.012139369913117584,,,
sample,1779735830.686594,22.08401393890381,1.7624,0.0,0.0036417948738754393,0,3.0808515382807693,13.377266165280663,38.43777157108203,0.015363781507980075,0.012139369913117584,,,
sample,1779735830.7389038,22.13632369041443,1.9227,0.3098840550179284,-0.004945582390117639,0,2.9122500037735564,13.371001776430937,38.60648944211485,-0.021625769746633154,-0.016485409038304037,,,
sample,1779735830.786583,22.18400287628174,1.9227,0.0,-0.004945582390117639,0,2.9122500037735564,13.371001776430937,38.60648944211485,-0.021625769746633154,-0.016485409038304037,,,
sample,1779735830.8373778,22.234797716140747,1.7624,-0.0779275181581067,-0.009035532583362888,0,2.7364981841487617,13.37264006583778,38.78224889731885,-0.03800054317686444,-0.03011926160303431,,,
sample,1779735830.8899255,22.28734540939331,1.7624,0.0,-0.009035532583362888,0,2.7364981841487617,13.37264006583778,38.78224889731885,-0.03800054317686444,-0.03011926160303431,,,
sample,1779735830.9463482,22.34376811981201,1.9227,0.1555055148373757,-0.0095985741534998,0,2.543193339051186,13.37274586052182,38.97555377136685,-0.042147995942686985,-0.03199622981659092,,,
sample,1779735830.9914286,22.388848543167114,1.9227,0.0,-0.014467638451199376,0,2.543193339051186,13.37274586052182,38.97555377136685,-0.06365231812525901,-0.04822882651737342,,,
sample,1779735831.041771,22.43919086456299,1.8425,0.03337551434438769,-0.015516638197388116,0,2.349847910623694,13.372506275314906,39.168899348236046,-0.06648925121863405,-0.05172627870205178,,,
sample,1779735831.089889,22.487308979034424,1.8425,0.0,-0.015516638197388116,0,2.349847910623694,13.372506275314906,39.168899348236046,-0.06648925121863405,-0.05172627870205178,,,
sample,1779735831.1452286,22.542648553848267,1.8425,-0.1349251885701483,-0.013671493089793006,0,2.171333391051045,13.373544374016374,39.347416886162065,-0.05809588437640221,-0.04557448310603424,,,
sample,1779735831.1896627,22.587082624435425,1.8425,0.0,-0.013671493089793006,0,2.171333391051045,13.373544374016374,39.347416886162065,-0.05809588437640221,-0.04557448310603424,,,
sample,1779735831.2418904,22.639310359954834,1.8425,-0.05841637590927621,-0.012694824520558269,0,2.0063178308217138,13.376586887942741,39.512460492547746,-0.054254151277225514,-0.042318355081476654,,,
sample,1779735831.289274,22.686693906784058,1.8425,0.0,-0.012694824520558269,0,2.0063178308217138,13.376586887942741,39.512460492547746,-0.054254151277225514,-0.042318355081476654,,,
sample,1779735831.3409796,22.738399505615234,1.8425,-0.0893950571697987,-0.006935038705079801,0,1.866240491784892,13.378762563727287,39.65255472682152,-0.029546766304015714,-0.023117166289656668,,,
sample,1779735831.3899832,22.787403106689453,1.8425,-0.031094371057987655,-0.0020355995328467506,0,1.8200634000880251,13.379479784520433,39.69873738810524,-0.008664457012158153,-0.00678534114821967,,,
sample,1779735831.4449036,22.842323541641235,1.8425,-0.07868994189707608,0.012750762632633916,0,1.633235045989067,13.3831892627293,39.885602564432745,0.05401496705168832,0.04250484564061119,,,
sample,1779735831.4921577,22.889577627182007,1.8425,0.0,0.012750762632633916,0,1.633235045989067,13.3831892627293,39.885602564432745,0.05401496705168832,0.04250484564061119,,,
sample,1779735831.5416846,22.939104557037354,1.8425,0.15750930721517942,0.011072548986185317,0,1.452410690683356,13.38536856314308,40.066440051757745,0.04745218975697122,0.03691000503831867,,,
sample,1779735831.589208,22.98662781715393,1.8425,0.0,0.011072548986185317,0,1.452410690683356,13.38536856314308,40.066440051757745,0.04745218975697122,0.03691000503831867,,,
sample,1779735831.6373274,23.03474736213684,1.8425,-0.040302167845745994,0.02040305467148054,0,1.2686112149956312,13.387940226711315,40.25025751751274,0.08755555101117078,0.06801962100803237,,,
sample,1779735831.687043,23.084462881088257,1.8425,0.0,0.02518806423477273,0,1.2686112149956312,13.387940226711315,40.25025751751274,0.10706395250311257,0.08397797448940629,,,
sample,1779735831.7384572,23.13587713241577,1.7624,-0.0065019419128423215,0.04046620889065823,0,1.1039592501330724,13.390303862707949,40.41492644690814,0.1713492821183766,0.134961037877932,,,
sample,1779735831.7871728,23.184592723846436,1.7624,0.0,0.04046620889065823,0,1.1039592501330724,13.390303862707949,40.41492644690814,0.1713492821183766,0.134961037877932,,,
sample,1779735831.839833,23.237252950668335,1.8425,0.21830310128082878,0.09889878767468493,0,0.9424706693171987,13.395486164595097,40.57649815850016,0.4418431702274004,0.3307416541301016,,,
sample,1779735831.8882174,23.285637378692627,1.8425,0.0,0.09889878767468493,0,0.9424706693171987,13.395486164595097,40.57649815850016,0.4418431702274004,0.3307416541301016,,,
sample,1779735831.9373193,23.334739208221436,1.7624,0.20641998474872117,0.11968346533722218,0,0.7701674129557299,13.39561348997409,40.74880146190586,0.5322003489876777,0.4008607085922756,,,
sample,1779735831.9870093,23.384429216384888,1.7624,0.0,0.11968346533722218,0,0.7701674129557299,13.39561348997409,40.74880146190586,0.5322003489876777,0.4008607085922756,,,
sample,1779735832.0373638,23.434783697128296,1.8425,0.22352182438335663,0.13076210378803452,0,0.5910849551329127,13.392289023467825,40.92791477458086,0.6030396042655587,0.4383750841544291,,,
sample,1779735832.0871394,23.484559297561646,1.8425,0.0,0.13875331526678938,0,0.5910849551329127,13.392289023467825,40.92791477458086,0.6447969872137903,0.4655022501784431,,,
sample,1779735832.1383352,23.535755157470703,1.7624,0.5307058403498977,0.15335027540660184,0,0.41729198995989886,13.384155340367716,41.101897967862286,0.7032991999519251,0.515212562743301,,,
sample,1779735832.1886206,23.586040496826172,1.7624,0.02058591483417458,0.1531659005519188,0,0.4106705104255473,13.383845448559766,41.10852669505206,0.7039418890261352,0.5145833154604726,,,
sample,1779735832.2393472,23.636767148971558,1.7624,1.1878905211519621,0.15532434482670332,0,0.2396714656522589,13.365474151514059,41.280509769418465,0.7135933020787535,0.521952060707072,,,
sample,1779735832.2865598,23.683979749679565,1.7624,0.0,0.15532434482670332,0,0.2396714656522589,13.365474151514059,41.280509769418465,0.7135933020787535,0.521952060707072,,,
sample,1779735832.3392415,23.736661434173584,1.7624,2.3320505170398436,0.14964010574538844,0,0.05836993852802008,13.327321105868162,41.46578226772741,0.6703081583990925,0.5025570771913221,,,
sample,1779735832.38679,23.784209966659546,1.7624,0.0,0.14964010574538844,0,0.05836993852802008,13.327321105868162,41.46578226772741,0.6703081583990925,0.5025570771913221,,,
sample,1779735832.4378867,23.835306644439697,1.6823,1.662734264492411,0.1466061066313899,0,-0.13639817425688183,13.263890252795164,41.67061900974251,0.6481829270611191,0.4922185608725654,,,
sample,1779735832.4886012,23.88602113723755,1.6823,0.0,0.14841686490724867,0,-0.13639817425688183,13.263890252795164,41.67061900974251,0.6552420418388641,0.4983876907495631,,,
sample,1779735832.5391295,23.936549425125122,1.6823,1.8833186754197664,0.13842705242784292,0,-0.25529486419072245,13.212213759858065,41.80026037196731,0.6105396505485499,0.4643935482603181,,,
sample,1779735832.5881422,23.985562086105347,1.6823,0.0,0.13842705242784292,0,-0.25529486419072245,13.212213759858065,41.80026037196731,0.6105396505485499,0.4643935482603181,,,
sample,1779735832.638051,24.035470962524414,1.7624,1.9770492557596748,0.13342670709587393,0,-0.4088928360738173,13.126564533564986,41.97612431634251,0.5968425393862586,0.4474139032496357,,,
sample,1779735832.6867697,24.084189653396606,1.7624,0.0,0.13342670709587393,0,-0.4088928360738173,13.126564533564986,41.97612431634251,0.5968425393862586,0.4474139032496357,,,
sample,1779735832.73767,24.135089874267578,1.6823,1.9867209336621026,0.12613642144196563,0,-0.5496824146351666,13.028206193091643,42.147868511505415,0.5464308497993776,0.42269888859448684,,,
sample,1779735832.7882478,24.185667753219604,1.6823,0.0,0.12613642144196563,0,-0.5496824146351666,13.028206193091643,42.147868511505415,0.5464308497993776,0.42269888859448684,,,
sample,1779735832.8372715,24.234691381454468,1.6823,2.6705503986266814,0.11329476437524891,0,-0.6949986568474382,12.957107480270846,42.30964563354518,0.48105949718141816,0.3792733516698355,,,
sample,1779735832.887075,24.284494876861572,1.6823,0.547382192800398,0.11085674173810786,0,-0.7274752518195,12.925742964050569,42.35479496464445,0.4684237208180517,0.3710436645757124,,,
sample,1779735832.9383047,24.335724592208862,1.7624,1.8846339077893937,0.097487917831935,0,-0.843193860526902,12.790091424825707,42.53309846011005,0.4230732226153011,0.3259931157182394,,,
sample,1779735832.9867282,24.384148120880127,1.7624,0.0,0.097487917831935,0,-0.843193860526902,12.790091424825707,42.53309846011005,0.4230732226153011,0.3259931157182394,,,
sample,1779735833.037621,24.435040950775146,1.6823,2.1262875998483537,0.08246022284007035,0,-0.9403446745646233,12.647491745398229,42.70564685691805,0.3476550874520431,0.27549211287806263,,,
sample,1779735833.0865817,24.484001636505127,1.6823,0.0,0.08246022284007035,0,-0.9403446745646233,12.647491745398229,42.70564685691805,0.3476550874520431,0.27549211287806263,,,
sample,1779735833.138088,24.535507917404175,1.7624,1.5277198862698642,0.07897883876874442,0,-1.0249235343999104,12.49955449036695,42.876055233934046,0.3370869847824263,0.2638115461076017,,,
sample,1779735833.1869395,24.584359407424927,1.7624,0.0,0.07310920950123248,0,-1.0249235343999104,12.49955449036695,42.876055233934046,0.310833939584847,0.2441324792339453,,,
sample,1779735833.2378514,24.635271310806274,1.7624,1.2860699287501274,0.06413113202067043,0,-1.0941227841575536,12.35542428358161,43.03593660456554,0.272340083863867,0.21406398817166333,,,
sample,1779735833.2921512,24.689571142196655,1.7624,0.1155797887408511,0.06269254270683432,0,-1.1007555985725648,12.341609265116054,43.05126138718285,0.26765075853156295,0.2092493556253876,,,
sample,1779735833.3385816,24.73600149154663,1.6823,1.4992916766417448,0.05419596075132257,0,-1.162102947563529,12.187119910343313,43.21748550687165,0.22162647094077206,0.18083028221385586,,,
sample,1779735833.3870058,24.784425735473633,1.6823,0.0,0.05419596075132257,0,-1.162102947563529,12.187119910343313,43.21748550687165,0.22162647094077206,0.18083028221385586,,,
sample,1779735833.4375887,24.83500862121582,1.8425,0.39546326325573683,0.0663224263148614,0,-1.3683395557024802,12.061669863639533,43.45887989942177,0.28671207398324655,0.22139947025954107,,,
sample,1779735833.4875739,24.8849937915802,1.8425,0.0,0.0663224263148614,0,-1.3683395557024802,12.061669863639533,43.45887989942177,0.28671207398324655,0.22139947025954107,,,
sample,1779735833.5374732,24.934893131256104,1.6823,0.7536829326870397,0.06294426475773818,0,-1.3986144894331005,11.962792051266707,43.56228876457379,0.2582756613885921,0.21009174897463995,,,
sample,1779735833.5877886,24.98520851135254,1.6823,0.46244605317246107,0.058822481861878065,0,-1.4173455150131125,11.901616596703196,43.62626757012947,0.24217252914292295,0.19630139824929502,,,
sample,1779735833.6385682,25.035988092422485,1.8425,0.8818114925262834,0.05066348039051651,0,-1.4613318918650902,11.727741259069688,43.80562039108786,0.21668218689013988,0.1690229080587654,,,
sample,1779735833.6866198,25.08403968811035,1.8425,0.0950134637559875,0.04961396537624327,0,-1.4658167249828327,11.710013000268066,43.82390713186447,0.2135868914294998,0.16551571503707424,,,
sample,1779735833.7377641,25.135184049606323,1.7624,1.0514602384147498,0.04072514795152888,0,-1.5007185926461073,11.532370881420064,44.00494542271807,0.17249916461197062,0.13582559209638703,,,
sample,1779735833.7865064,25.183926343917847,1.7624,0.0,0.04072514795152888,0,-1.5007185926461073,11.532370881420064,44.00494542271807,0.17249916461197062,0.13582559209638703,,,
sample,1779735833.8388019,25.23622179031372,1.7624,0.8079074028761613,0.033646307290673354,0,-1.5252090657081236,11.372226746398212,44.16695137091967,0.14007415761355327,0.11219669915304904,,,
sample,1779735833.886801,25.284220933914185,1.7624,0.0,0.033646307290673354,0,-1.5252090657081236,11.372226746398212,44.16695137091967,0.14007415761355327,0.11219669915304904,,,
sample,1779735833.937962,25.335381984710693,1.8425,-0.18477064521431769,0.04372595524970895,0,-1.625033115886135,11.311464310149491,44.283814173610786,0.1878187335927307,0.1458461466411696,,,
sample,1779735833.9869626,25.384382486343384,1.8425,0.2935373196348488,0.04106946172911861,0,-1.6340823455041154,11.250273622137888,44.34567036857954,0.17701740028324758,0.13697522649440463,,,
sample,1779735834.0376556,25.435075521469116,1.7624,0.7100725527878529,0.035802206374655934,0,-1.6536789792720006,11.07417445131454,44.52285655884194,0.1489100197146853,0.11939170429037273,,,
sample,1779735834.0866523,25.48407220840454,1.7624,0.0,0.035802206374655934,0,-1.6536789792720006,11.07417445131454,44.52285655884194,0.1489100197146853,0.11939170429037273,,,
sample,1779735834.1377096,25.53512954711914,1.7624,0.46487934350355076,0.031350248978481265,0,-1.6707387997653935,10.878783442024213,44.718990910720336,0.13257127328927543,0.10453507919235536,,,
sample,1779735834.1867995,25.584219455718994,1.7624,0.0,0.031350248978481265,0,-1.6707387997653935,10.878783442024213,44.718990910720336,0.13257127328927543,0.10453507919235536,,,
sample,1779735834.2385566,25.635976552963257,1.7624,0.4115194864319221,0.041539335021978846,0,-1.6821222882919384,10.706008870892468,44.89214008409634,0.17336997183627265,0.13854414597136455,,,
sample,1779735834.2881472,25.685567140579224,1.7624,0.0,0.041539335021978846,0,-1.6821222882919384,10.706008870892468,44.89214008409634,0.17336997183627265,0.13854414597136455,,,
sample,1779735834.3378031,25.735223054885864,1.8425,0.23691835270465714,0.05113433036916085,0,-1.6877671558131073,10.590625666198427,45.0076612875821,0.21898895983500913,0.17059648115111614,,,
sample,1779735834.3873868,25.784806728363037,1.8425,0.10372506264529002,0.054627478360194125,0,-1.6902349359909614,10.540183315809616,45.058163967231344,0.2334638000065726,0.18227294123959678,,,
sample,1779735834.4384284,25.835848331451416,1.7624,0.6519754679698452,0.05852833116213784,0,-1.6929724471280156,10.364782809469558,45.23358583471534,0.24454815815832065,0.19531751246996212,,,
sample,1779735834.4870842,25.884504079818726,1.7624,0.0,0.05852833116213784,0,-1.6929724471280156,10.364782809469558,45.23358583471534,0.24454815815832065,0.19531751246996212,,,
sample,1779735834.5383751,25.935795068740845,1.8425,0.2779054806599071,0.07077053243963441,0,-1.744324258082043,10.210637458183864,45.39605982589931,0.3050459979285367,0.23629640092393678,,,
sample,1779735834.5865731,25.98399305343628,1.8425,0.0,0.07077053243963441,0,-1.744324258082043,10.210637458183864,45.39605982589931,0.3050459979285367,0.23629640092393678,,,
sample,1779735834.6377969,26.035216808319092,1.7624,0.5059714316392484,0.07690298672125216,0,-1.7399833012176158,10.033966171662914,45.57278443478971,0.3231316324609166,0.25684983139291456,,,
sample,1779735834.6864357,26.083855628967285,1.7624,0.0,0.07690298672125216,0,-1.7399833012176158,10.033966171662914,45.57278443478971,0.3231316324609166,0.25684983139291456,,,
sample,1779735834.7378738,26.13529372215271,1.8425,0.4666282682731036,0.08089926023849077,0,-1.7305541297802582,9.868272396090175,45.73874628744731,0.3513761441086797,0.2702540345150929,,,
sample,1779735834.7867405,26.184160470962524,1.8425,0.16939060058045205,0.08326152051785374,0,-1.7273023555892273,9.811130711202857,45.79598042225471,0.360429668208262,0.27818152838399823,,,
sample,1779735834.8382435,26.235663414001465,1.7624,0.5988771189980132,0.08406080195243558,0,-1.7150857340652705,9.67217171281879,45.93547540092191,0.35695087451705343,0.2808645350793637,,,
sample,1779735834.8868873,26.28430724143982,1.7624,0.0,0.08406080195243558,0,-1.7150857340652705,9.67217171281879,45.93547540092191,0.35695087451705343,0.2808645350793637,,,
sample,1779735834.937393,26.334812879562378,1.7624,0.7153428259268629,0.08396586673358788,0,-1.693407753603588,9.4979889155755,46.11100198492671,0.36109281522068487,0.2805458402120067,,,
sample,1779735834.9871378,26.384557723999023,1.7624,0.0,0.08396586673358788,0,-1.693407753603588,9.4979889155755,46.11100198492671,0.36109281522068487,0.2805458402120067,,,
sample,1779735835.0372987,26.4347186088562,1.8425,1.3041648292281511,0.08208156952465272,0,-1.6768336495252654,9.317568161711728,46.29218241806112,0.3536240498029187,0.2742213533967031,,,
sample,1779735835.0870886,26.484508514404297,1.8425,0.0,0.08204425896958362,0,-1.6768336495252654,9.317568161711728,46.29218241806112,0.3533687706579747,0.27409614356759987,,,
sample,1779735835.1370838,26.534503698349,1.6823,0.8659325958734334,0.07901726118922951,0,-1.6395075685215668,9.161420666101149,46.45272922341255,0.3295160402920859,0.26394042345467983,,,
sample,1779735835.1877065,26.585126399993896,1.6823,0.04170850644372772,0.07853124611867682,0,-1.6376871548309029,9.153805266061049,46.46055918023081,0.32841341249252104,0.26231027841923865,,,
sample,1779735835.2383807,26.63580060005188,1.8425,0.8618988683168778,0.0748757949564375,0,-1.5869859537728428,8.976362468734894,46.64510337036331,0.3287228567593607,0.250053456560366,,,
sample,1779735835.287056,26.684475898742676,1.8425,0.0,0.0748757949564375,0,-1.5869859537728428,8.976362468734894,46.64510337036331,0.3287228567593607,0.250053456560366,,,
sample,1779735835.3371177,26.734537601470947,1.8425,0.0,0.0748757949564375,0,-1.5869859537728428,8.976362468734894,46.64510337036331,0.3287228567593607,0.250053456560366,,,
sample,1779735835.3893716,26.786791563034058,1.7624,0.7899042251093119,0.07757426589509407,0,-1.5052867910399073,8.729490181072835,46.905143135796905,0.3309734326989294,0.25910083106683324,,,
sample,1779735835.442495,26.83991503715515,1.7624,0.9411647000163631,0.07650184496553988,0,-1.470993972667383,8.64096786532023,47.000075731769705,0.32110947259571726,0.2555047944926727,,,
sample,1779735835.5012763,26.898696184158325,1.7624,0.0,0.06888793388665986,0,-1.470993972667383,8.64096786532023,47.000075731769705,0.29509129362100595,0.22999037151198864,,,
sample,1779735835.5445576,26.941977500915527,1.7624,0.7438602333384003,0.06890264877670906,0,-1.4053840588492434,8.4882894510266,47.166254427704054,0.289191908224573,0.23003965470127938,,,
sample,1779735835.5891728,26.986592769622803,1.7624,0.0,0.06890264877670906,0,-1.4053840588492434,8.4882894510266,47.166254427704054,0.289191908224573,0.23003965470127938,,,
sample,1779735835.6410148,27.038434743881226,1.7624,0.0,0.06890264877670906,0,-1.4053840588492434,8.4882894510266,47.166254427704054,0.289191908224573,0.23003965470127938,,,
sample,1779735835.6908977,27.08831763267517,1.7624,1.262581352880216,0.06058716065238765,0,-1.3504560604218656,8.325767209636659,47.33780781285762,0.2552246250509749,0.2022046806632675,,,
sample,1779735835.7398803,27.13730025291443,1.7624,0.0,0.06058716065238765,0,-1.3504560604218656,8.325767209636659,47.33780781285762,0.2552246250509749,0.2022046806632675,,,
sample,1779735835.7939873,27.191407203674316,1.7624,1.686545510735582,0.03297665384769006,0,-1.210112892782889,8.08721039100977,47.6145849080377,0.13662851260036243,0.1099620421454092,,,
sample,1779735835.8403678,27.23778772354126,1.7624,0.0,0.03297665384768986,0,-1.1892749603191826,8.05367760115722,47.65406487035604,0.1387354091367669,0.1099620421454085,,,
sample,1779735835.8906991,27.288119077682495,1.7624,0.0,0.03447763268738687,0,-1.1728313865945803,8.02721629540664,47.685219192991305,0.142867223095709,0.11497100151925321,,,
sample,1779735835.9399252,27.337345123291016,1.7624,0.0,0.03447763268738687,0,-1.1728313865945803,8.02721629540664,47.685219192991305,0.142867223095709,0.11497100151925321,,,
sample,1779735835.9884953,27.385915279388428,1.7624,0.0,0.03447763268738687,0,-1.1728313865945803,8.02721629540664,47.685219192991305,0.142867223095709,0.11497100151925321,,,
sample,1779735836.0384588,27.43587875366211,1.7624,0.39418155814401795,0.03356542230324705,0,-1.0570902994556257,7.855017291807712,47.892700508035745,0.1387704718364347,0.11192677780609309,,,
sample,1779735836.0883436,27.485763549804688,1.8425,0.7649890165592249,0.02795046494426403,0,-0.9214072519580943,7.656620495248282,48.13305686485466,0.1186096906265607,0.09319248595328741,,,
sample,1779735836.1384761,27.535896062850952,1.8425,0.2088465022756366,0.029746452904117773,0,-0.9597597486234499,7.6284824142555685,48.18062434957288,0.12602794541769138,0.09918409913791393,,,
sample,1779735836.1870127,27.58443260192871,1.8425,0.0,0.029746452904117773,0,-0.9597597486234499,7.6284824142555685,48.18062434957288,0.12602794541769138,0.09918409913791393,,,
sample,1779735836.2377462,27.63516616821289,1.7624,0.687134467574443,0.024182983879870782,0,-0.8064746364745206,7.430514822701115,48.43099905458994,0.10213178058354946,0.0806256639575386,,,
sample,1779735836.2872226,27.684642553329468,1.7624,0.5176598166995195,0.01882775603444504,0,-0.7880029074581623,7.4073807202215765,48.46060296430449,0.07818263975854578,0.06276660355063711,,,
sample,1779735836.3381605,27.735580444335938,1.7624,0.0,0.01882775603444504,0,-0.7880029074581623,7.4073807202215765,48.46060296430449,0.07818263975854578,0.06276660355063711,,,
sample,1779735836.387373,27.78479290008545,1.8425,0.516390171798459,0.013963699507304306,0,-0.6445242253724794,7.242372160518536,48.67926699195494,0.059074646992313275,0.046548690494324016,,,
sample,1779735836.4372,27.834619998931885,1.8425,0.11012713045893713,0.012668093012458389,0,-0.6135433062438929,7.206742359844512,48.72648245601199,0.05456121768546173,0.042229235723118604,,,
sample,1779735836.487276,27.884696006774902,1.7624,0.29875856464459666,0.010331264079154474,0,-0.5161246899681173,7.098033558264466,48.87245502308559,0.04265460126823693,0.03443877221355164,,,
sample,1779735836.5385952,27.936015129089355,1.7624,0.0,0.010331264079154474,0,-0.5161246899681173,7.098033558264466,48.87245502308559,0.04265460126823693,0.03443877221355164,,,
sample,1779735836.5886207,27.986040592193604,1.8425,0.3412215480408494,0.006646984682428504,0,-0.37578152138777643,6.946704193085631,49.078844901065594,0.0286019798438337,0.022156941924719464,,,
sample,1779735836.6373384,28.03475832939148,1.7624,0.07163715313428065,0.008336598055724266,0,-0.3458129803358918,6.883048909487863,49.1492019091223,0.03428012336640473,0.027789303963778413,,,
sample,1779735836.6884625,28.085882425308228,1.7624,0.0,0.008336598055724266,0,-0.3458129803358918,6.883048909487863,49.1492019091223,0.03428012336640473,0.027789303963778413,,,
sample,1779735836.738708,28.136127948760986,1.8425,0.5332862083408774,0.00509331953524514,0,-0.18421496821297234,6.7186578680430635,49.37971943997274,0.021734043074291994,0.016977878597235974,,,
sample,1779735836.7871065,28.184526443481445,1.8425,0.0,0.00509331953524514,0,-0.18421496821297234,6.7186578680430635,49.37971943997274,0.021734043074291994,0.016977878597235974,,,
sample,1779735836.837099,28.234519004821777,1.8425,0.0,0.00509331953524514,0,-0.18421496821297234,6.7186578680430635,49.37971943997274,0.021734043074291994,0.016977878597235974,,,
sample,1779735836.8879638,28.285383701324463,1.8425,0.26444970358897,0.023942002982297685,0,-0.002882984988501258,6.539520447590299,49.63461452338274,0.10205370483442952,0.07982192901946204,,,
sample,1779735836.938533,28.33595299720764,1.8425,0.0,0.023942002982297685,0,-0.002882984988501258,6.539520447590299,49.63461452338274,0.10205370483442952,0.07982192901946204,,,
sample,1779735836.9874914,28.38491129875183,1.7624,0.28637491335897913,0.028058065646253547,0,0.11424190952325075,6.427013705762981,49.79702144402034,0.1182743501456245,0.09355143638957142,,,
sample,1779735837.037588,28.43500781059265,1.7624,0.0,0.028058065646253547,0,0.11424190952325075,6.427013705762981,49.79702144402034,0.1182743501456245,0.09355143638957142,,,
sample,1779735837.0891638,28.486583709716797,1.8425,0.4600471648551359,0.03959932939371433,0,0.24300163028068777,6.309075126970017,49.97163122054284,0.16999902248876758,0.1320668034848157,,,
sample,1779735837.1384408,28.535860776901245,1.8425,0.0,0.03959932939371433,0,0.24300163028068777,6.309075126970017,49.97163122054284,0.16999902248876758,0.1320668034848157,,,
sample,1779735837.187707,28.585126876831055,1.8425,0.0,0.03959932939371433,0,0.24300163028068777,6.309075126970017,49.97163122054284,0.16999902248876758,0.1320668034848157,,,
sample,1779735837.2375484,28.634968280792236,1.8425,1.2553668474284383,0.03721866475923196,0,0.46539319742865765,6.122862704084347,50.26168824179122,0.16096292132982604,0.12411953248298013,,,
sample,1779735837.2874746,28.684894561767578,1.8425,0.0,0.042409049647070714,0,0.46539319742865765,6.122862704084347,50.26168824179122,0.18418627065938661,0.1414483085501399,,,
sample,1779735837.3374164,28.73483633995056,1.7624,0.5599565423394708,0.04321432218072619,0,0.5627585751438973,6.049827657723371,50.383401572098876,0.18183622104542832,0.14413747627972828,,,
sample,1779735837.386602,28.784021854400635,1.7624,0.0,0.04321432218072619,0,0.5627585751438973,6.049827657723371,50.383401572098876,0.18183622104542832,0.14413747627972828,,,
sample,1779735837.4379723,28.835392236709595,1.7624,0.4589760422308211,0.05140623293020993,0,0.7541408267841061,5.910387914837451,50.62019390334921,0.21741170014847,0.17150520965632585,,,
sample,1779735837.4873202,28.884740114212036,1.7624,0.0,0.05140623293020993,0,0.7541408267841061,5.910387914837451,50.62019390334921,0.21741170014847,0.17150520965632585,,,
sample,1779735837.538009,28.935428857803345,1.8425,0.7101492998154698,0.05361135666178181,0,0.8855421857773291,5.822130495341283,50.77848379323921,0.2302096961146694,0.17887592877919162,,,
sample,1779735837.5867105,28.984130382537842,1.8425,0.0,0.05361135666178181,0,0.8855421857773291,5.822130495341283,50.77848379323921,0.2302096961146694,0.17887592877919162,,,
sample,1779735837.637411,29.034831047058105,1.7624,0.0,0.05361135666178181,0,0.9584827938070579,5.773138994107897,50.86635016617475,0.2302096961146694,0.17887592877919162,,,
sample,1779735837.692762,29.090181827545166,1.7624,0.0,0.06379441919004522,0,1.072688853259688,5.696431019583563,51.00392609928561,0.2711566406199344,0.21293700759906029,,,
sample,1779735837.7473102,29.14473009109497,1.8425,0.6273287281396566,0.060522994044023684,0,1.1625517564342127,5.641541129714701,51.109226818071235,0.26433925294200583,0.20199000573514198,,,
sample,1779735837.7883928,29.1858127117157,1.8425,0.0,0.060522994044023684,0,1.1625517564342127,5.641541129714701,51.109226818071235,0.26433925294200583,0.20199000573514198,,,
sample,1779735837.8396318,29.237051725387573,1.7624,0.43824995490486657,0.0744395010537734,0,1.2848675203098603,5.452303436257499,51.33455336048798,0.3155188554105574,0.24859100731378664,,,
sample,1779735837.8875356,29.284955501556396,1.7624,0.0,0.0744395010537734,0,1.2848675203098603,5.452303436257499,51.33455336048798,0.3155188554105574,0.24859100731378664,,,
sample,1779735837.9396446,29.337064504623413,1.7624,0.5783827930971321,0.07507552975957885,0,1.428211216210041,5.363597441107615,51.503124321005664,0.31977233966959273,0.25072299590762576,,,
sample,1779735837.9874344,29.384854316711426,1.7624,0.0,0.07507552975957885,0,1.428211216210041,5.363597441107615,51.503124321005664,0.31977233966959273,0.25072299590762576,,,
sample,1779735838.0385814,29.436001300811768,1.7624,0.0,0.07507552975957885,0,1.428211216210041,5.363597441107615,51.503124321005664,0.31977233966959273,0.25072299590762576,,,
sample,1779735838.08789,29.485309839248657,1.7624,0.0,0.07507552975957885,0,1.428211216210041,5.363597441107615,51.503124321005664,0.31977233966959273,0.25072299590762576,,,
sample,1779735838.138073,29.53549289703369,1.7624,0.738739498817712,0.07921796950699844,0,1.7292922915976479,5.2115788461717205,51.84040679485042,0.341590937137991,0.26461365656520036,,,
sample,1779735838.1868467,29.584266662597656,1.7624,0.0,0.07921796950699844,0,1.7292922915976479,5.2115788461717205,51.84040679485042,0.341590937137991,0.26461365656520036,,,
sample,1779735838.2384684,29.63588833808899,1.7624,1.4609348373579492,0.06965937343154201,0,1.907346454490554,5.134547241338288,52.03440976664907,0.29724512495497546,0.23257421642529597,,,
sample,1779735838.287266,29.684685945510864,1.7624,0.0,0.06965937343154201,0,1.907346454490554,5.134547241338288,52.03440976664907,0.29724512495497546,0.23257421642529597,,,
sample,1779735838.3372948,29.73471474647522,1.7624,0.0,0.06965937343154201,0,1.907346454490554,5.134547241338288,52.03440976664907,0.29724512495497546,0.23257421642529597,,,
sample,1779735838.3880289,29.785448789596558,1.7624,1.224722571145098,0.06329212787285805,0,2.1653295201686014,5.042660756974143,52.308268102628546,0.2709207033811874,0.21125592451447447,,,
sample,1779735838.4394152,29.836835145950317,1.8425,0.0,0.06347585837508078,0,2.1653295201686014,5.042660756974143,52.308268102628546,0.2731633085054049,0.21187082660506784,,,
sample,1779735838.487425,29.88484501838684,1.8425,0.780660178375684,0.05758352976895612,0,2.2797507057309705,5.007596353735351,52.427941491817585,0.24874607555091352,0.1921575355426782,,,
sample,1779735838.5384545,29.935874462127686,1.7624,1.071130587882719,0.0481920903080253,0,2.3996130550302643,4.979140170235372,52.55113539247395,0.20404990124660788,0.16076477783109525,,,
sample,1779735838.5865338,29.983953714370728,1.7624,0.09953682265621352,0.047078673030733945,0,2.4101075370532516,4.9766487047507635,52.56192156664239,0.20010618242208877,0.1570449521366852,,,
sample,1779735838.6401982,30.037618160247803,1.7624,0.6321913792894452,0.04287925062716111,0,2.577895929806149,4.942782019465138,52.73309369379759,0.17977880628422174,0.14301849887708082,,,
sample,1779735838.687943,30.085362911224365,1.7624,0.0,0.04287925062716111,0,2.577895929806149,4.942782019465138,52.73309369379759,0.17977880628422174,0.14301849887708082,,,
sample,1779735838.7400753,30.137495279312134,1.7624,0.6516782999748889,0.042519716480410454,0,2.7802850405871844,4.909041445465954,52.93827599931279,0.17977880628422174,0.14301849887708082,,,
sample,1779735838.7864225,30.183842420578003,1.7624,0.0,0.042519716480410454,0,2.7802850405871844,4.909041445465954,52.93827599931279,0.17843923168105408,0.14181786398569718,,,
sample,1779735838.8391957,30.236615657806396,1.7624,0.6737696600769173,0.038889246269796104,0,2.8491582761566265,4.855045522084956,53.02579218249951,0.16417968345849654,0.12969621052873062,,,
sample,1779735838.8884075,30.28582739830017,1.7624,0.3670189485214512,0.03980432792434162,0,2.903159085857935,4.84899533286287,53.08013086336333,0.16817953797702984,0.13275121014181981,,,
sample,1779735838.9379337,30.33535361289978,1.7624,1.0130898871373295,0.038467837133915335,0,3.0844491489815375,4.837850285482551,53.26176318171133,0.16073570215788954,0.128289409822078,,,
sample,1779735838.9875813,30.385001182556152,1.7624,0.0,0.038467837133915335,0,3.0844491489815375,4.837850285482551,53.26176318171133,0.16073570215788954,0.128289409822078,,,
sample,1779735839.0383465,30.435766458511353,1.8425,0.6464259348779455,0.03879810717429267,0,3.263189074513655,4.832739958703984,53.44057614661883,0.16724836980866217,0.12939195470366005,,,
sample,1779735839.0872266,30.484646558761597,1.8425,0.0,0.03879810717429267,0,3.263189074513655,4.832739958703984,53.44057614661883,0.16724836980866217,0.12939195470366005,,,
sample,1779735839.1383479,30.535767793655396,1.7624,0.6824624459805397,0.03656871849970592,0,3.459072808860858,4.833975072452105,53.636463774834034,0.1531135745946863,0.1219500932940085,,,
sample,1779735839.1884787,30.585898637771606,1.7624,0.0,0.03671915718544888,0,3.459072808860858,4.833975072452105,53.636463774834034,0.15363535790830166,0.12245222953661944,,,
sample,1779735839.238648,30.636067867279053,1.7624,0.5772589322600499,0.03411087593896931,0,3.5918368264923894,4.8393839142683275,53.76933792562138,0.14403424637576184,0.11374704007901029,,,
sample,1779735839.2872102,30.684630155563354,1.7624,0.11226527093899853,0.032639093322885886,0,3.6168297387735517,4.840402132242346,53.794351570540435,0.13645559653370942,0.10883562839744304,,,
sample,1779735839.3384902,30.735910177230835,1.8425,0.8639234825530799,0.02852816745904944,0,3.799303988858298,4.85595353887267,53.97748730761044,0.12292552660063495,0.09511969751993848,,,
sample,1779735839.3867764,30.784196376800537,1.8425,0.0,0.02852816745904944,0,3.799303988858298,4.85595353887267,53.97748730761044,0.12292552660063495,0.09511969751993848,,,
sample,1779735839.4380767,30.83549666404724,1.7624,0.6250010766528653,0.029850350543609575,0,3.943823865837798,4.827190431408669,54.12484168044394,0.12435991009343167,0.09953073230320696,,,
sample,1779735839.4866602,30.884080171585083,1.7624,0.0,0.029850350543609575,0,3.943823865837798,4.827190431408669,54.12484168044394,0.12435991009343167,0.09953073230320696,,,
sample,1779735839.5378814,30.935301303863525,1.7624,0.6244259687925108,0.028773514750992647,0,4.1174741576712695,4.853269289859695,54.300439319129545,0.11935971719910624,0.09593819352609272,,,
sample,1779735839.5865927,30.984012603759766,1.7624,0.0,0.024739691273380427,0,4.1174741576712695,4.853269289859695,54.300439319129545,0.1036651793219906,0.08248246612631252,,,
sample,1779735839.63794,31.035359859466553,1.8425,0.41461919800556,0.024582949112199423,0,4.284445444446053,4.882316278825648,54.46991833899695,0.10554470383865742,0.0819596743672246,,,
sample,1779735839.6865761,31.083996057510376,1.8425,0.03874453778256529,0.024145806093936434,0,4.299224451345845,4.884887293630877,54.484919311034545,0.10425871266381838,0.08050166561363842,,,
sample,1779735839.7375488,31.134968757629395,1.7624,0.6901835586788113,0.022989247285457967,0,4.472197263784386,4.921288992600273,54.66168095147375,0.09512401872407554,0.0766443270765187,,,
sample,1779735839.7873447,31.184764623641968,1.7624,0.0,0.022989247285457967,0,4.472197263784386,4.921288992600273,54.66168095147375,0.09512401872407554,0.0766443270765187,,,
sample,1779735839.8387747,31.236194610595703,1.8425,0.6383699905046254,0.014510960150397668,0,4.658176347513345,4.966850883122844,54.85315968515625,0.06231530842562272,0.04837326250212932,,,
sample,1779735839.88714,31.284559965133667,1.8425,0.0,0.014510960150397668,0,4.658176347513345,4.966850883122844,54.85315968515625,0.06231530842562272,0.04837326250212932,,,
sample,1779735839.9373474,31.33476734161377,1.7624,0.5333374486016834,0.01651066931781469,0,4.805004353607737,4.958136102734713,55.00024609095525,0.06971744034233722,0.055040565876750734,,,
sample,1779735839.987511,31.384930849075317,1.7624,0.0,0.015097177918794977,0,4.805004353607737,4.958136102734713,55.00024609095525,0.06268848369391619,0.050327750101226684,,,
sample,1779735840.0380073,31.43542718887329,1.8425,0.3263257706021017,0.01421703531368284,0,4.976263651711706,5.008291546496007,55.17869864970955,0.060646895745143564,0.04739331086529664,,,
sample,1779735840.086665,31.484084844589233,1.8425,0.02852719858829346,0.013892068138835423,0,4.990689893088711,5.0125164530913375,55.19373082440275,0.059600299198082664,0.04630987294173851,,,
sample,1779735840.1374836,31.534903526306152,1.8425,0.0,0.013892068138835423,0,4.990689893088711,5.0125164530913375,55.19373082440275,0.059600299198082664,0.04630987294173851,,,
sample,1779735840.1875956,31.585015535354614,1.8425,0.2182042428819076,0.0146698906181828,0,5.214763589247438,5.081003039753593,55.42803710656966,0.06322722706051535,0.04890314352253479,,,
sample,1779735840.2385786,31.635998487472534,1.7624,0.4346444852452057,0.011509645796801951,0,5.346631866415413,5.1240255502239656,55.5667460786314,0.047972072902523366,0.03836718019598128,,,
sample,1779735840.286821,31.68424081802368,1.7624,0.0,0.011509645796801951,0,5.346631866415413,5.1240255502239656,55.5667460786314,0.047972072902523366,0.03836718019598128,,,
sample,1779735840.338643,31.73606300354004,1.8425,0.27187532610000015,0.007558583688028982,0,5.445267757722187,5.1589639232889795,55.67138703125661,0.032236372633199284,0.02519575879152826,,,
sample,1779735840.3872204,31.784640312194824,1.8425,0.17181309262855188,0.008324832807914915,0,5.503698197951738,5.179660897707184,55.7333747808164,0.03546869529678088,0.027750083749228056,,,
sample,1779735840.438952,31.836371898651123,1.9227,0.397863961168266,0.0013595830516755158,0,5.694627023448126,5.251746764214427,55.9374585590927,0.00579034519495978,0.0045319462979683915,,,
sample,1779735840.4896839,31.88710379600525,1.9227,0.0,0.0013595830516755158,0,5.694627023448126,5.251746764214427,55.9374585590927,0.00579034519495978,0.0045319462979683915,,,
sample,1779735840.5424614,31.939881324768066,1.7624,0.11348142756399479,0.0068763302423152355,0,5.821041770413525,5.251740826452525,56.06387330619754,0.028605748233419843,0.02292146208103107,,,
sample,1779735840.5871549,31.984574794769287,1.7624,0.0,0.0068763302423152355,0,5.821041770413525,5.251740826452525,56.06387330619754,0.028605748233419843,0.02292146208103107,,,
sample,1779735840.6376889,32.03510880470276,1.8425,0.6113386205453767,0.0049768620894577,0,6.0421098016853705,5.3446576053357555,56.303674478522545,0.021247217503317917,0.016589677269188027,,,
sample,1779735840.6884007,32.08582067489624,1.8425,0.0,-0.0009451601573996468,0,6.0421098016853705,5.3446576053357555,56.303674478522545,-0.0040607719721337905,-0.003150534796152238,,,
sample,1779735840.7386053,32.136025190353394,1.7624,0.0,0.0015099493946677226,0,6.130525168088422,5.381819337869802,56.39958209751665,0.006282919417652022,0.005033168474012405,,,
sample,1779735840.7878792,32.18529915809631,1.7624,0.0,0.0015099493946677226,0,6.155065913641358,5.3921340225171175,56.426202407651346,0.00634864505508933,0.005033168474012405,,,
sample,1779735840.8393373,32.23675727844238,1.8425,0.2905260119488174,-0.0027367983741716207,0,6.3242852199067965,5.46625411834406,56.610942663736346,-0.011635917974532003,-0.009122684023749918,,,
sample,1779735840.889671,32.28709101676941,1.8425,0.0,-0.0027367983741716207,0,6.3242852199067965,5.46625411834406,56.610942663736346,-0.011635917974532003,-0.009122684023749918,,,
sample,1779735840.9412868,32.338706731796265,1.7624,0.4529016101320493,-0.01028960424217638,0,6.514435903632273,5.5548961428942585,56.82073944883474,-0.042731941638948806,-0.034299891327054445,,,
sample,1779735840.989569,32.38698887825012,1.7624,0.0,-0.01028960424217638,0,6.514435903632273,5.5548961428942585,56.82073944883474,-0.042731941638948806,-0.034299891327054445,,,
sample,1779735841.0401962,32.43761610984802,1.8425,0.4428551414516861,-0.007675248172055459,0,6.640001874524145,5.5902838565506485,56.95119673427272,-0.033033789458847725,-0.025584662968167055,,,
sample,1779735841.0903964,32.48781633377075,1.8425,0.0,-0.010795231360432797,0,6.640001874524145,5.5902838565506485,56.95119673427272,-0.04598706389348109,-0.035985502426709955,,,
sample,1779735841.1416621,32.539082050323486,1.8425,0.3662591770527763,-0.017499356048362877,0,6.7857283687321255,5.667055436354257,57.115908866733236,-0.07478479971912481,-0.058337141761070965,,,
sample,1779735841.1901836,32.58760356903076,1.8425,0.15371213664310543,-0.01736843986277756,0,6.843613299063049,5.697550354745586,57.18133520093522,-0.07421074416784894,-0.05790062181238257,,,
sample,1779735841.2415102,32.63893008232117,1.8425,0.11630513280555808,-0.02114184618000609,0,6.983270093472277,5.772192737085931,57.33968767318022,-0.09038552368496897,-0.07048332240313229,,,
sample,1779735841.2899072,32.68732714653015,1.8425,0.0,-0.02114184618000609,0,6.983270093472277,5.772192737085931,57.33968767318022,-0.09038552368496897,-0.07048332240313229,,,
sample,1779735841.3416178,32.73903775215149,1.8425,0.0,-0.02114184618000609,0,6.983270093472277,5.772192737085931,57.33968767318022,-0.09038552368496897,-0.07048332240313229,,,
sample,1779735841.3925161,32.78993606567383,1.8425,-0.052132587315126204,-0.021013634587300815,0,7.204600711031582,5.88973334726788,57.59029301492522,-0.09075561591947384,-0.07005576050157714,,,
sample,1779735841.4407022,32.83812212944031,1.8425,-0.34383470981040587,-0.022190194563468053,0,7.294874457874858,5.935773512449095,57.691629317300226,-0.09500940701785458,-0.0739794582220188,,,
sample,1779735841.4965866,32.8940064907074,1.8425,0.0,-0.017265843076898192,0,7.294874457874858,5.935773512449095,57.691629317300226,-0.07423113688369704,-0.057558529948404706,,,
sample,1779735841.5409505,32.9383704662323,1.8425,-1.3033673596384077,-0.0010846314599880066,0,7.461501523670219,5.959677478174111,57.859962257133624,-0.004667498375580675,-0.003615439617725138,,,
sample,1779735841.5922494,32.98966932296753,1.8425,-0.014974962051499749,-0.0027015398700899825,0,7.4781687730589805,5.966981699709758,57.87815975296214,-0.011502888634922128,-0.009005154807804085,,,
sample,1779735841.643215,33.040634870529175,1.8425,0.038357055050057154,-0.0003841297464500587,0,7.640548612575377,6.038521434402646,58.05560029489464,-0.0016356024195678038,-0.0012804325511452206,,,
sample,1779735841.686882,33.08430194854736,1.8425,0.0,-0.0003841297464500587,0,7.640548612575377,6.038521434402646,58.05560029489464,-0.0016356024195678038,-0.0012804325511452206,,,
sample,1779735841.7391093,33.136529207229614,1.7624,-0.10220467527021825,0.0014724212031000771,0,7.804704535923799,6.10979978020343,58.23456333507464,0.00615885505068092,0.0049080742239420005,,,
sample,1779735841.7865162,33.18393611907959,1.7624,0.0,0.0014724212031000771,0,7.804704535923799,6.10979978020343,58.23456333507464,0.00615885505068092,0.0049080742239420005,,,
sample,1779735841.8384707,33.23589062690735,1.9227,-0.0008771624520768251,0.002395689272104798,0,7.915256016889301,6.157793138586019,58.355083011445366,0.010505639811906206,0.007985646184433662,,,
sample,1779735841.8868697,33.284289598464966,1.9227,-0.0005265796736635157,-0.0010114511792718934,0,7.977080646212956,6.184632865798056,58.42248223805683,-0.004395378363151064,-0.0033715050806272574,,,
sample,1779735841.9376266,33.3350465297699,1.8425,-0.2901493884141433,0.003169243303111949,0,8.147181261756852,6.255519587824523,58.606762315026835,0.01356139226523505,0.010564179712966968,,,
sample,1779735841.9880316,33.385451555252075,1.8425,0.0,0.003169243303111949,0,8.147181261756852,6.255519587824523,58.606762315026835,0.01356139226523505,0.010564179712966968,,,
sample,1779735842.0429654,33.44038534164429,1.7624,-0.11476360734285282,0.005634163394540301,0,8.322507323630235,6.3272900292249465,58.79620946921723,0.023785922018261917,0.018780743372924246,,,
sample,1779735842.0866997,33.48411965370178,1.7624,0.0,0.005634163394540301,0,8.322507323630235,6.3272900292249465,58.79620946921723,0.023785922018261917,0.018780743372924246,,,
sample,1779735842.1382208,33.535640716552734,1.8425,0.4774358280498362,-0.00046108147073271134,0,8.484945164593032,6.414325008735609,58.98049495381945,-0.001958283927253737,-0.0015369383446914176,,,
sample,1779735842.187344,33.58476400375366,1.8425,0.0,0.001829826888811165,0,8.484945164593032,6.414325008735609,58.98049495381945,0.007747332850271317,0.006099429770210747,,,
sample,1779735842.237785,33.635205030441284,1.8425,0.08580781477573143,-0.001026935246764537,0,8.560089740741914,6.447910225326481,59.06280336224806,-0.004409033728323512,-0.0034231186925509707,,,
sample,1779735842.2876644,33.68508434295654,1.8425,0.05687797138689497,-0.003512899013066697,0,8.609344867005511,6.4699243768268655,59.11675417623196,-0.01512974873948776,-0.011709711544668884,,,
sample,1779735842.3376527,33.73507261276245,1.8425,0.1480788811223456,-0.004512572762532801,0,8.77923238693597,6.547367911186937,59.30346055116946,-0.019165636033682935,-0.015042011310309121,,,
sample,1779735842.3872156,33.78463554382324,1.8425,0.0,-0.004512572762532801,0,8.77923238693597,6.547367911186937,59.30346055116946,-0.019165636033682935,-0.015042011310309121,,,
sample,1779735842.437673,33.83509302139282,1.7624,-0.08913745579509845,-0.0031858229968512496,0,8.951124323426047,6.624793303844998,59.49198516298066,-0.013340301827958671,-0.010619445916771239,,,
sample,1779735842.4870248,33.88444471359253,1.7624,0.0,-0.0031858229968512496,0,8.951124323426047,6.624793303844998,59.49198516298066,-0.013340301827958671,-0.010619445916771239,,,
sample,1779735842.5415323,33.93895220756531,1.8425,0.23787143152718804,-0.005463129091477227,0,9.112715811890086,6.700114248349648,59.67026879606316,-0.023487328457578137,-0.018210611475249276,,,
sample,1779735842.588452,33.98587203025818,1.8425,0.0,-0.005463129091477227,0,9.112715811890086,6.700114248349648,59.67026879606316,-0.023487328457578137,-0.018210611475249276,,,
sample,1779735842.6382942,34.0357141494751,1.9227,0.7660298644037514,-0.010368252481142846,0,9.214903773257387,6.781419538644049,59.800855662471164,-0.045292984790701235,-0.034562080094820195,,,
sample,1779735842.6866748,34.084094762802124,1.9227,0.024418062799668728,-0.0126000785667077,0,9.244875457541191,6.796853598256884,59.8345678569257,-0.054808448563968375,-0.04200248471176343,,,
sample,1779735842.7383914,34.13581132888794,1.7624,-0.037593874670131915,-0.01538477093894825,0,9.392409368562008,6.87246433844104,60.0003485522201,-0.06424510473985252,-0.05128661622352827,,,
sample,1779735842.787053,34.18447303771973,1.7624,0.0,-0.01538477093894825,0,9.392409368562008,6.87246433844104,60.0003485522201,-0.06424510473985252,-0.05128661622352827,,,
sample,1779735842.8394752,34.2368950843811,1.8425,-0.0001397819480920644,-0.016962592791463036,0,9.569299871963745,6.963118618137645,60.1991158750401,-0.07202729216007354,-0.056547399528264805,,,
sample,1779735842.8866756,34.28409552574158,1.8425,0.0,-0.016962592791463036,0,9.569299871963745,6.963118618137645,60.1991158750401,-0.07202729216007354,-0.056547399528264805,,,
sample,1779735842.9381948,34.3356146812439,1.8425,-0.043844617713944205,-0.020766037454556855,0,9.741551752254862,7.050904944911451,60.3924475833351,-0.08824864191912503,-0.06923007645761418,,,
sample,1779735842.9876263,34.3850462436676,1.8425,0.0,-0.018538883245173117,0,9.741551752254862,7.050904944911451,60.3924475833351,-0.07980118585362757,-0.06180335804881095,,,
sample,1779735843.0384402,34.43586015701294,1.8425,-0.046445246177891496,-0.020061825872215007,0,9.874852095028228,7.118391929253203,60.54185800612762,-0.08608007213559862,-0.06688172593043679,,,
sample,1779735843.0921261,34.489546060562134,1.8425,-0.005813477742998048,-0.01801966907300303,0,9.892480119116861,7.127316603870644,60.56161647394009,-0.07596952854580302,-0.06007206568701386,,,
sample,1779735843.13804,34.535459995269775,1.8425,0.15723399461801685,-0.021898397512008668,0,10.05097149869097,7.209000005702889,60.739918732855095,-0.09306691355579097,-0.07300632856018494,,,
sample,1779735843.1868043,34.584224224090576,1.8425,0.0,-0.021898397512008668,0,10.05097149869097,7.209000005702889,60.739918732855095,-0.09306691355579097,-0.07300632856018494,,,
sample,1779735843.2372887,34.634708642959595,1.8425,0.18571780220680126,-0.02418185687924364,0,10.18218927336561,7.276542694709085,60.88749962331437,-0.10421746971623995,-0.08062190509106444,,,
sample,1779735843.2868223,34.684242248535156,1.8425,0.0,-0.02418185687924364,0,10.18218927336561,7.276542694709085,60.88749962331437,-0.10421746971623995,-0.08062190509106444,,,
sample,1779735843.339993,34.73741292953491,1.8425,-0.09800158227327743,-0.06935388767301479,0,10.351855762289908,7.364881833479735,61.078786112389366,-0.30328586818580494,-0.23155099515347285,,,
sample,1779735843.3870218,34.78444170951843,1.8425,0.0,-0.0809069879863143,0,10.351855762289908,7.364881833479735,61.078786112389366,-0.3541561869118253,-0.27027996301476936,,,
sample,1779735843.4402478,34.83766770362854,1.8425,0.014228656244412014,-0.13812869625522048,0,10.507319916703805,7.44598210168673,61.25413250331565,-0.6353029508085919,-0.46337976662401464,,,
sample,1779735843.486553,34.88397288322449,1.8425,0.0006607244922494807,-0.138134355582804,0,10.513600392974615,7.44925840876826,61.261216186699365,-0.6369424381516768,-0.4633989956170389,,,
sample,1779735843.5406277,34.938047647476196,1.8425,0.06575771515161545,-0.1773876371666234,0,10.693507795153906,7.5439252000079575,61.464510246431864,-0.8793277623848741,-0.5975731316351419,,,
sample,1779735843.586524,34.983943939208984,1.8425,0.0,-0.1773876371666234,0,10.693507795153906,7.5439252000079575,61.464510246431864,-0.8793277623848741,-0.5975731316351419,,,
sample,1779735843.6386564,35.03607630729675,1.8425,-0.18261716568015718,-0.1952231964637058,0,10.85824338464889,7.628615975833465,61.649740756759364,-1.0132256411385174,-0.6591390656235768,,,
sample,1779735843.68665,35.0840699672699,1.8425,0.0,-0.1952231964637058,0,10.85824338464889,7.628615975833465,61.649740756759364,-1.0132256411385174,-0.6591390656235768,,,
sample,1779735843.7375102,35.13493013381958,1.8425,0.0,-0.1952231964637058,0,10.85824338464889,7.628615975833465,61.649740756759364,-1.0132256411385174,-0.6591390656235768,,,
sample,1779735843.7897236,35.18714356422424,1.9227,-0.9588328050497587,-0.20118187183297565,0,11.047553394393091,7.678697338686174,61.845563183193455,-1.1136736601004158,-0.6798025582976414,,,
sample,1779735843.8381639,35.235583782196045,2.0028,-1.8893515198540742,-0.19867399339863634,0,11.172663710282041,7.719984270487297,61.97730991704057,-1.1199681561150114,-0.6710997055199132,,,
sample,1779735843.8870401,35.28446006774902,2.0028,0.0,-0.19867399339863634,0,11.172663710282041,7.719984270487297,61.97730991704057,-1.1199681561150114,-0.6710997055199132,,,
sample,1779735843.9384487,35.33586859703064,1.9227,-2.7995252231867793,-0.1991782276476985,0,11.389444707861532,7.764279657246046,62.19857013081536,-1.071383211064747,-0.6728487923831252,,,
sample,1779735843.986955,35.38437485694885,1.9227,0.0,-0.1991782276476985,0,11.389444707861532,7.764279657246046,62.19857013081536,-1.071383211064747,-0.6728487923831252,,,
sample,1779735844.0375867,35.435006618499756,2.0028,-2.6289658634945945,-0.1879023779526741,0,11.553471569958003,7.7735161888296656,62.362856846665764,-1.0224116953864235,-0.6338183496578192,,,
sample,1779735844.0867515,35.48417139053345,2.0028,0.0,-0.1879023779526741,0,11.553471569958003,7.7735161888296656,62.362856846665764,-1.0224116953864235,-0.6338183496578192,,,
sample,1779735844.139184,35.536603927612305,1.9227,-1.9382459384742459,-0.18679835675555226,0,11.718309538783448,7.763034567285185,62.5280277289565,-0.9803666980794116,-0.6300060236465288,,,
sample,1779735844.1909053,35.5883252620697,1.9227,-0.35046388506755144,-0.18868015809822544,0,11.74771042976564,7.761165040412575,62.557487999173766,-0.980925901023677,-0.6365050843118186,,,
sample,1779735844.2385485,35.63596844673157,2.0028,-2.782121704168482,-0.17947383226513572,0,11.961345216272147,7.718736722982811,62.77529521697336,-0.945444164161959,-0.6047533011750416,,,
sample,1779735844.2866757,35.68409562110901,2.0028,0.0,-0.17947383226513572,0,11.961345216272147,7.718736722982811,62.77529521697336,-0.945444164161959,-0.6047533011750416,,,
sample,1779735844.338273,35.73569297790527,1.9227,-4.532048141961748,-0.1469130354792084,0,11.960857661116439,7.5622909619491505,62.93174173772544,-0.7026427703273663,-0.49326401318221746,,,
sample,1779735844.3873467,35.78476667404175,1.9227,0.0,-0.1469130354792084,0,11.960857661116439,7.5622909619491505,62.93174173772544,-0.7026427703273663,-0.49326401318221746,,,
sample,1779735844.4382753,35.83569526672363,1.9227,-1.9625747585003324,-0.1469130354792084,0,12.161396701957853,7.4448337621664145,63.164146773562436,-0.7026427703273663,-0.49326401318221746,,,
sample,1779735844.48743,35.884850025177,1.9227,0.0,-0.14359900447646692,0,12.161396701957853,7.4448337621664145,63.164146773562436,-0.6839030693317509,-0.48198083476807685,,,
sample,1779735844.5385842,35.93600416183472,1.9227,-1.918524949366773,-0.13252062259581093,0,12.26137680379643,7.370065825081406,63.2889917381369,-0.6242905111915759,-0.4443395808543974,,,
sample,1779735844.5876744,35.98509430885315,1.9227,-0.28774129949346927,-0.12993869463873978,0,12.27576684036142,7.359304550300159,63.30696054965183,-0.6140562038513061,-0.4355832176551233,,,
sample,1779735844.640189,36.03760886192322,1.9227,-2.067283898161826,-0.12175076220057918,0,12.414884829914314,7.229527944901277,63.49721244143243,-0.5631172841660145,-0.40785310422396615,,,
sample,1779735844.6891701,36.086590051651,1.9227,0.0,-0.12175076220057918,0,12.414884829914314,7.229527944901277,63.49721244143243,-0.5631172841660145,-0.40785310422396615,,,
sample,1779735844.7431529,36.14057278633118,1.9227,-1.7157746755658918,-0.11479744346365037,0,12.55180707427296,7.075756821530878,63.703108675936136,-0.5241550949485028,-0.3843480007751993,,,
sample,1779735844.793391,36.19081091880798,1.9227,0.0,-0.11479744346365037,0,12.55180707427296,7.075756821530878,63.703108675936136,-0.5241550949485028,-0.3843480007751993,,,
sample,1779735844.837662,36.235081911087036,1.9227,-1.3739164726727595,-0.10476540143725742,0,12.608362290819212,6.995083961562286,63.80163076916454,-0.4819160793488666,-0.35050128685012816,,,
sample,1779735844.8899624,36.28738236427307,1.9227,0.0,-0.10476540143725742,0,12.608362290819212,6.995083961562286,63.80163076916454,-0.4819160793488666,-0.35050128685012816,,,
sample,1779735844.938179,36.335598945617676,1.8425,0.0,-0.10932105555283943,0,12.608362290819212,6.995083961562286,63.80163076916454,-0.4819160793488666,-0.3658621653453608,,,
sample,1779735844.9873009,36.38472080230713,1.8425,0.0,-0.10932105555283943,0,12.608362290819212,6.995083961562286,63.80163076916454,-0.4819160793488666,-0.3658621653453608,,,
sample,1779735845.0408857,36.438305616378784,2.0028,-4.28152290746628,-0.07159958555867994,0,12.798095704513873,6.738389170458091,64.12083444090447,-0.32766265353717444,-0.23907396249657806,,,
sample,1779735845.0869932,36.484413146972656,2.0028,0.0,-0.07159958555867994,0,12.798095704513873,6.738389170458091,64.12083444090447,-0.32766265353717444,-0.23907396249657806,,,
sample,1779735845.141262,36.538681983947754,1.9227,-1.5916842860807827,-0.06006908657355879,0,12.859129362307323,6.578099777504233,64.29235061179563,-0.26337590578399384,-0.20047146667505497,,,
sample,1779735845.1870546,36.58447456359863,1.9227,0.0,-0.06006908657355879,0,12.859129362307323,6.578099777504233,64.29235061179563,-0.26337590578399384,-0.20047146667505497,,,
sample,1779735845.2393322,36.636752128601074,1.9227,-1.5938001718125128,-0.049650276257658166,0,12.910086897857306,6.392209112897596,64.48509917759372,-0.21913072567528635,-0.16563704995318004,,,
sample,1779735845.2928584,36.69027829170227,1.9227,0.0,-0.04473914394773194,0,12.910086897857306,6.392209112897596,64.48509917759372,-0.19799102330279947,-0.14923005896202107,,,
sample,1779735845.3383594,36.73577928543091,1.8425,-1.8384122514549432,-0.029462370305804057,0,12.942386547184226,6.213144922264428,64.66705316000069,-0.12584893960497318,-0.09823632673197064,,,
sample,1779735845.3873124,36.78473234176636,1.8425,0.0,-0.029462370305804057,0,12.942386547184226,6.213144922264428,64.66705316000069,-0.12584893960497318,-0.09823632673197064,,,
sample,1779735845.4375865,36.83500647544861,1.8425,-0.7658021343562033,-0.029756639408418536,0,12.999779428553957,6.145878540838686,64.75547662352726,-0.12815924458035485,-0.09921808422542851,,,
sample,1779735845.487179,36.88459897041321,1.8425,0.0,-0.029756639408418536,0,12.999779428553957,6.145878540838686,64.75547662352726,-0.12815924458035485,-0.09921808422542851,,,
sample,1779735845.5372145,36.93463444709778,1.8425,-0.38476180965461526,-0.03289905244074037,0,13.035661625339678,5.993696216618378,64.91183196194352,-0.1419129648657649,-0.10970308995256613,,,
sample,1779735845.5872192,36.984639167785645,1.8425,0.0,-0.03289905244074037,0,13.035661625339678,5.993696216618378,64.91183196194352,-0.1419129648657649,-0.10970308995256613,,,
sample,1779735845.6377165,37.035136461257935,1.8425,-0.43926058595800543,-0.033505155203650744,0,13.046744767772736,5.874810555442682,65.03123311972423,-0.1427366993689429,-0.11172566138015139,,,
sample,1779735845.687275,37.08469486236572,1.8425,-0.22225188897578724,-0.03580052893873224,0,13.05224822155349,5.815776599556378,65.09052305100353,-0.1529653486690854,-0.11938610566438788,,,
sample,1779735845.738164,37.13558387756348,1.8425,-0.4504059068542895,-0.03586535721723107,0,13.06546904992848,5.626914456095139,65.27984737468037,-0.15528051810336607,-0.1196024776288005,,,
sample,1779735845.7868557,37.18427562713623,1.8425,0.0,-0.03586535721723107,0,13.06546904992848,5.626914456095139,65.27984737468037,-0.15528051810336607,-0.1196024776288005,,,
sample,1779735845.8429608,37.24038076400757,1.7624,-0.12490046316973459,-0.04598670038061922,0,13.076285608394727,5.455659933783853,65.45144314779009,-0.19171667261760317,-0.1196024776288005,,,
sample,1779735845.8886895,37.28610944747925,1.7624,0.0,-0.04598670038061922,0,13.076285608394727,5.455659933783853,65.45144314779009,-0.19171667261760317,-0.15339715008546884,,,
sample,1779735845.9438918,37.34131169319153,1.8425,0.7369685017513392,-0.06362920480392426,0,13.196234567074304,5.309271838046855,65.6406975460529,-0.27389184970913466,-0.21238405145597256,,,
sample,1779735845.9945588,37.39197874069214,1.8425,0.0,-0.06829049416160932,0,13.196234567074304,5.309271838046855,65.6406975460529,-0.296723321819583,-0.22798950742799448,,,
sample,1779735846.039961,37.43738102912903,1.8425,-0.4636800094059895,-0.07314972759096461,0,13.207266335564205,5.169834521902925,65.78057057794054,-0.32050693728151264,-0.24426826440763102,,,
sample,1779735846.090268,37.487687826156616,1.8425,-0.07367975111135913,-0.07712039193510623,0,13.209208669243047,5.145284170299582,65.80519764483792,-0.3336678880438815,-0.2575788304492068,,,
sample,1779735846.1413784,37.538798332214355,1.7624,-0.15968399360826394,-0.08857981354074901,0,13.222075381374818,4.963829869612533,65.98710755528512,-0.375619080158135,-0.2960407334892215,,,
sample,1779735846.1901572,37.58757710456848,1.7624,0.0,-0.08857981354074901,0,13.222075381374818,4.963829869612533,65.98710755528512,-0.375619080158135,-0.2960407334892215,,,
sample,1779735846.2428744,37.640294313430786,1.8425,-0.13123490439469102,-0.09745342729390229,0,13.23325325074372,4.789063713849809,66.16223080892013,-0.43026019351457395,-0.3258770480411099,,,
sample,1779735846.2899096,37.68732953071594,1.8425,0.0,-0.09745342729390229,0,13.23325325074372,4.789063713849809,66.16223080892013,-0.43026019351457395,-0.3258770480411099,,,
sample,1779735846.344401,37.74182081222534,1.8425,-0.46392359062853583,-0.10407451002026498,0,13.241975932152558,4.563154138647384,66.38830871880762,-0.455940283509417,-0.34817302119041715,,,
sample,1779735846.3919373,37.78935718536377,1.8425,0.0,-0.10587687378949535,0,13.241975932152558,4.563154138647384,66.38830871880762,-0.4721801537291299,-0.3542475977692117,,,
sample,1779735846.442224,37.83964395523071,1.9227,-0.3599514326878467,-0.11080576163550367,0,13.244156803288613,4.432603842557152,66.51887722959088,-0.5022808928966437,-0.3708716262952579,,,
sample,1779735846.4893365,37.8867564201355,1.9227,-0.11743717032481939,-0.11144335740424656,0,13.264086439687542,4.47946892452837,66.56980390546083,-0.49527226623550763,-0.3730234080420561,,,
sample,1779735846.540782,37.938201904296875,1.7624,-0.8448966814793493,-0.11164036599558307,0,13.25938472458712,4.3145842854604,66.73475556603283,-0.479509273032318,-0.3736883419292713,,,
sample,1779735846.589411,37.986830949783325,1.7624,0.0,-0.11164036599558307,0,13.25938472458712,4.3145842854604,66.73475556603283,-0.479509273032318,-0.3736883419292713,,,
sample,1779735846.6414168,38.03883671760559,1.9227,-0.7172284635946917,-0.11087574980519489,0,13.2462167855021,4.114775284951509,66.93499799736072,-0.5027619223533577,-0.37110781000663834,,,
sample,1779735846.6876693,38.08508920669556,1.9227,0.0,-0.11087574980519489,0,13.2462167855021,4.114775284951509,66.93499799736072,-0.5027619223533577,-0.37110781000663834,,,
sample,1779735846.7374754,38.13489532470703,1.8425,-0.9367926885228367,-0.1092594567331114,0,13.226189751427103,3.9374539789846215,67.11344666685322,-0.4923228507877125,-0.3656543637556553,,,
sample,1779735846.7869873,38.184407234191895,1.8425,0.0,-0.10972848087522899,0,13.226189751427103,3.9374539789846215,67.11344666685322,-0.4921035643743779,-0.36723667208531374,,,
sample,1779735846.8377593,38.23517918586731,1.8425,-1.0278458853772134,-0.1098949952708986,0,13.196340624606336,3.757808173019329,67.29555538705323,-0.48354662226686435,-0.36779846736019783,,,
sample,1779735846.8878458,38.28526568412781,1.8425,0.0,-0.1098949952708986,0,13.196340624606336,3.757808173019329,67.29555538705323,-0.48354662226686435,-0.36779846736019783,,,
sample,1779735846.9392235,38.33664345741272,1.9227,-0.9636027534201699,-0.10505734061402087,0,13.151271025610288,3.5505861503249467,67.50762196962393,-0.4782679925283885,-0.3514852071904649,,,
sample,1779735846.9879642,38.38538408279419,1.9227,0.0,-0.10505734061402087,0,13.151271025610288,3.5505861503249467,67.50762196962393,-0.4782679925283885,-0.3514852071904649,,,
sample,1779735847.0380003,38.4354202747345,1.8425,-1.5445454701346522,-0.09562673313963309,0,13.104295264639255,3.4605656452734332,67.60916217569294,-0.4239281116129357,-0.3197309620773781,,,
sample,1779735847.0881445,38.48556447029114,1.8425,0.0,-0.09562673313963309,0,13.104295264639255,3.4605656452734332,67.60916217569294,-0.4239281116129357,-0.3197309620773781,,,
sample,1779735847.1373,38.534719944000244,1.8425,-0.7396627988896474,-0.09470029454046283,0,13.06154995865197,3.3409473105716705,67.73618857917178,-0.4218527735784197,-0.31661469708517714,,,
sample,1779735847.1877706,38.585190534591675,1.8425,-0.3052220632728112,-0.09980466804748554,0,13.043439181841103,3.290266167643,67.79000844990044,-0.44260314976393106,-0.33379125860427583,,,
sample,1779735847.2379088,38.63532876968384,1.8425,-0.929477826182471,-0.10465273284830702,0,12.974168515543068,3.121654739616785,67.97229459548043,-0.4631379886795589,-0.35012157694404494,,,
sample,1779735847.2864444,38.68386435508728,1.8425,0.0,-0.10465273284830702,0,12.974168515543068,3.121654739616785,67.97229459548043,-0.4631379886795589,-0.35012157694404494,,,
sample,1779735847.338848,38.736268043518066,1.8425,-0.9365123053027763,-0.11033791079622207,0,12.895526873538824,2.9541248037609544,68.15736427766794,-0.49285235145208806,-0.3692929002908987,,,
sample,1779735847.3871224,38.78454232215881,1.8425,0.0,-0.11033791079622207,0,12.895526873538824,2.9541248037609544,68.15736427766794,-0.49285235145208806,-0.3692929002908987,,,
sample,1779735847.4401503,38.83757019042969,1.9227,-1.0063737570547808,-0.11383201498000757,0,12.80524503508232,2.7857771546791668,68.34839239420174,-0.5263649060662853,-0.38108748286228533,,,
sample,1779735847.4864898,38.883909702301025,1.9227,0.0,-0.11383201498000757,0,12.80524503508232,2.7857771546791668,68.34839239420174,-0.5263649060662853,-0.38108748286228533,,,
sample,1779735847.5392158,38.93663573265076,1.8425,-0.9136492953603237,-0.11469605252007588,0,12.755521511227325,2.665763494288502,68.47829892792858,-0.5113872067354699,-0.3840055416217005,,,
sample,1779735847.5870087,38.9844286441803,1.8425,0.0,-0.11435220392732129,0,12.755521511227325,2.665763494288502,68.47829892792858,-0.5176405530456462,-0.3828442144020418,,,
sample,1779735847.638352,39.03577184677124,1.8425,-1.1472229169706725,-0.11337274630122879,0,12.676551613164245,2.550166280691516,68.61829521570607,-0.5108427628014083,-0.37953665902961264,,,
sample,1779735847.6869607,39.08438062667847,1.8425,0.0,-0.11337274630122879,0,12.676551613164245,2.550166280691516,68.61829521570607,-0.5108427628014083,-0.37953665902961264,,,
sample,1779735847.7382433,39.13566327095032,1.8425,-1.3073996461700141,-0.11356828414389761,0,12.563084035711602,2.4058727893175016,68.80185856386107,-0.5078068471437581,-0.3801969166019666,,,
sample,1779735847.7867866,39.18420648574829,1.8425,0.0,-0.11356828414389761,0,12.563084035711602,2.4058727893175016,68.80185856386107,-0.5078068471437581,-0.3801969166019666,,,
sample,1779735847.8374217,39.2348415851593,1.9227,-1.0014720528214751,-0.11388893630450182,0,12.438229137106665,2.2626771803150976,68.99184205825787,-0.5204705788781234,-0.3812797018270835,,,
sample,1779735847.8877008,39.285120725631714,1.9227,0.0,-0.11481912593999245,0,12.438229137106665,2.2626771803150976,68.99184205825787,-0.5242664148765788,-0.38442123678209195,,,
sample,1779735847.937089,39.33450889587402,1.8425,-1.1432912324194031,-0.11100264213487117,0,12.331338508519794,2.1560902545222134,69.14279363734758,-0.4995044051785571,-0.3715360332126083,,,
sample,1779735847.9877446,39.38516449928284,1.8425,-0.2440448417343136,-0.11194461308192569,0,12.320583666840387,2.140193714310259,69.16198651650261,-0.4972824984714226,-0.3747152797329612,,,
sample,1779735848.0374508,39.43487071990967,1.9227,-1.1829083634138065,-0.10517020172488556,0,12.252094450692093,2.061048835435167,69.26665114558408,-0.4752790432570471,-0.3518655983430428,,,
sample,1779735848.086617,39.484036922454834,1.9227,0.0,-0.10517020172488556,0,12.252094450692093,2.061048835435167,69.26665114558408,-0.4752790432570471,-0.3518655983430428,,,
sample,1779735848.137662,39.53508186340332,1.8425,-1.2845098991857284,-0.09858033976518034,0,12.129043229479324,1.962104091937177,69.42454878745322,-0.43963646738314205,-0.3296697444224901,,,
sample,1779735848.1866624,39.58408236503601,1.8425,0.0,-0.09858033976518034,0,12.129043229479324,1.962104091937177,69.42454878745322,-0.43963646738314205,-0.3296697444224901,,,
sample,1779735848.237668,39.635087966918945,1.8425,-0.699059674956878,-0.09858033976518034,0,12.025810267053348,1.8931370364907534,69.54869990210062,-0.43963646738314205,-0.3296697444224901,,,
sample,1779735848.2873142,39.68473410606384,1.9227,-0.7229254964364321,-0.09410970570055946,0,11.921898367291684,1.8237164019957917,69.67366752753122,-0.4264823243472459,-0.3146284177618687,,,
sample,1779735848.3376088,39.7350287437439,1.8425,-1.744460881674655,-0.08111306380047317,0,11.808525310020322,1.7616454036283644,69.80292022171353,-0.3584363775065257,-0.2709714101880537,,,
sample,1779735848.3867264,39.784146308898926,1.8425,-0.006539143718121527,-0.08104381998471717,0,11.808110275088046,1.7614181747503244,69.80339338865873,-0.3581792307742163,-0.27073907349765736,,,
sample,1779735848.4381874,39.835607290267944,1.9227,-1.5109122239978707,-0.07011369171626937,0,11.632054896027544,1.6821276680245387,69.99648010739664,-0.3139782363761167,-0.23409603137938423,,,
sample,1779735848.4880738,39.885493755340576,1.9227,0.0,-0.07011369171626937,0,11.632054896027544,1.6821276680245387,69.99648010739664,-0.3139782363761167,-0.23409603137938423,,,
sample,1779735848.5397725,39.93719244003296,1.8425,-1.3422946237486435,-0.06204575831158449,0,11.461001558384766,1.6189567482271419,70.17882541012413,-0.2676238689911744,-0.20708499932286004,,,
sample,1779735848.5873764,39.98479628562927,1.8425,0.0,-0.06204575831158449,0,11.461001558384766,1.6189567482271419,70.17882541012413,-0.2676238689911744,-0.20708499932286004,,,
sample,1779735848.6374338,40.03485369682312,1.9227,-1.5035691126836674,-0.05793668525316418,0,11.339831242500939,1.4917969532796669,70.35447238249334,-0.2577855224466244,-0.1933386566137903,,,
sample,1779735848.6875072,40.08492708206177,1.9227,0.0,-0.05413206052393552,0,11.339831242500939,1.4917969532796669,70.35447238249334,-0.24117654530194024,-0.18061665534276256,,,
sample,1779735848.7377992,40.13521909713745,1.8425,-0.9600521032074156,-0.0483699734878838,0,11.152281606823998,1.4484114445800464,70.54697476743358,-0.20897969975399647,-0.16135910610307014,,,
sample,1779735848.7872038,40.18462371826172,1.8425,-0.05852989318648079,-0.04771125736083318,0,11.141049332824366,1.445813103508529,70.55850365964085,-0.20699650864538444,-0.1591583102875944,,,
sample,1779735848.838557,40.23597693443298,1.8425,-0.6201130555308196,-0.04393128963504441,0,10.975003594693295,1.4129338232403634,70.72777336816084,-0.18791160206792937,-0.146531911069329,,,
sample,1779735848.88661,40.284029960632324,1.8425,0.0,-0.04393128963504441,0,10.975003594693295,1.4129338232403634,70.72777336816084,-0.18791160206792937,-0.146531911069329,,,
sample,1779735848.9381275,40.33554744720459,1.8425,-0.5230184813986645,-0.04069421512352648,0,10.783454602102873,1.380340954703718,70.92207548251334,-0.1733425471972658,-0.13572231159972634,,,
sample,1779735848.9872031,40.3846230506897,1.8425,0.0,-0.04069421512352648,0,10.783454602102873,1.380340954703718,70.92207548251334,-0.1733425471972658,-0.13572231159972634,,,
sample,1779735849.037999,40.43541884422302,1.8425,-0.59569329727043,-0.03695913873649904,0,10.610500743474834,1.3562710509734839,71.09669620717084,-0.15857670753431588,-0.12325325464174396,,,
sample,1779735849.0882792,40.48569917678833,1.8425,0.0,-0.035497744156303836,0,10.610500743474834,1.3562710509734839,71.09669620717084,-0.15232671826725877,-0.11837553930319956,,,
sample,1779735849.1387346,40.5361545085907,1.8425,-0.3657684465056154,-0.03336414357622983,0,10.432852847662781,1.3348816809635322,71.27562714366833,-0.14185771543518716,-0.11125509678451977,,,
sample,1779735849.1864002,40.583820104599,1.8425,0.0,-0.03336414357622983,0,10.432852847662781,1.3348816809635322,71.27562714366833,-0.14185771543518716,-0.11125509678451977,,,
sample,1779735849.2375255,40.63494539260864,1.8425,0.794928939335555,-0.05353401205141587,0,10.307448055739425,1.2091440517432226,71.45321180865741,-0.23072479147597622,-0.1786173720546169,,,
sample,1779735849.2870772,40.684497117996216,1.8425,0.0,-0.05353401205141587,0,10.307448055739425,1.2091440517432226,71.45321180865741,-0.23072479147597622,-0.1786173720546169,,,
sample,1779735849.3380861,40.73550605773926,1.8425,-0.36980818245864244,-0.05175185157189278,0,10.116571688209687,1.1819331140596052,71.64601798804742,-0.22193727750024292,-0.1726603421943931,,,
sample,1779735849.387058,40.784477949142456,1.8425,0.0,-0.05175185157189278,0,10.116571688209687,1.1819331140596052,71.64601798804742,-0.22193727750024292,-0.1726603421943931,,,
sample,1779735849.4381492,40.83556914329529,1.8425,-0.2318169579154365,-0.05015343560360161,0,9.985392513870451,1.1652423612972338,71.77825473410576,-0.21745265254608828,-0.167318431302146,,,
sample,1779735849.4877226,40.88514256477356,1.8425,-0.06462570029891795,-0.04999033927620922,0,9.949908904168513,1.1607275580928778,71.81402441407991,-0.21548235729125642,-0.1667734115477006,,,
sample,1779735849.538292,40.93571186065674,1.8425,-0.3186067084539233,-0.04827739893324328,0,9.749824717176317,1.1385390554914077,72.01533514785241,-0.2078169110212361,-0.1610498025370048,,,
sample,1779735849.58848,40.985899925231934,1.8425,0.0,-0.04827739893324328,0,9.749824717176317,1.1385390554914077,72.01533514785241,-0.2078169110212361,-0.1610498025370048,,,
sample,1779735849.6385047,41.035924673080444,1.8425,-0.3501461414811437,-0.04550806643833848,0,9.577771765997305,1.1225042331339412,72.18813368238742,-0.19727105191573718,-0.15179835992913,,,
sample,1779735849.687789,41.085208892822266,1.8425,0.0,-0.04550806643833848,0,9.577771765997305,1.1225042331339412,72.18813368238742,-0.19727105191573718,-0.15179835992913,,,
sample,1779735849.740019,41.137439012527466,1.9227,0.2159776239718869,-0.05080290751426049,0,9.409864312310784,1.0752518818057681,72.36256331779818,-0.2228755321416419,-0.1694888634125138,,,
sample,1779735849.7875273,41.18494725227356,1.9227,0.0,-0.05080290751426049,0,9.409864312310784,1.0752518818057681,72.36256331779818,-0.2228755321416419,-0.1694888634125138,,,
sample,1779735849.8391836,41.23660349845886,1.8425,-0.31943645853434177,-0.04951366279035673,0,9.268624288936724,1.0632971386041592,72.50430837093133,-0.21511175825538198,-0.16518055040188054,,,
sample,1779735849.8885329,41.28595280647278,1.8425,-0.06622534315668059,-0.049150318919853594,0,9.240650213619247,1.0609293757085299,72.53238247271567,-0.21167163100018477,-0.16396645186432973,,,
sample,1779735849.9379933,41.335413217544556,1.8425,-0.2770418201919339,-0.04727813801787209,0,9.053904742210362,1.0476973975243475,72.71959613765067,-0.20231677688873506,-0.15771131752663975,,,
sample,1779735849.9864094,41.38382935523987,1.8425,0.0,-0.04727813801787209,0,9.053904742210362,1.0476973975243475,72.71959613765067,-0.20231677688873506,-0.15771131752663975,,,
sample,1779735850.0394645,41.43688440322876,1.8425,-0.3185800221189557,-0.04434185274223963,0,8.857294236550512,1.0371025973597034,72.91649189871816,-0.18922924042999106,-0.14790312421908716,,,
sample,1779735850.0891788,41.48659873008728,1.8425,0.0,-0.04434185274223963,0,8.857294236550512,1.0371025973597034,72.91649189871816,-0.18922924042999106,-0.14790312421908716,,,
sample,1779735850.138598,41.53601789474487,1.8425,-0.5021121794736905,-0.041793029239041546,0,8.672039932112222,1.0317247815939563,73.10182424402066,-0.18059722148116958,-0.1393912631706532,,,
sample,1779735850.2003398,41.59775972366333,1.8425,0.0,-0.03897867732125875,0,8.672039932112222,1.0317247815939563,73.10182424402066,-0.16829116841600894,-0.12999476637206142,,,
sample,1779735850.237969,41.63538885116577,1.8425,-0.29632016688250445,-0.036732652323638565,0,8.503599406865247,1.028794517258151,73.27029025541333,-0.15657936886543553,-0.12249727405897003,,,
sample,1779735850.2885544,41.68597435951233,1.8425,-0.009975474765513866,-0.0366234419734735,0,8.49913846157627,1.0286263624944003,73.27475436886348,-0.15637261643825098,-0.1221327493904863,,,
sample,1779735850.3373892,41.734809160232544,1.8425,-0.4387485027509306,-0.031680431355052656,0,8.374540818771374,1.0282942496917757,73.39935245428798,-0.13638073372306297,-0.10563678099065502,,,
sample,1779735850.3869214,41.78434133529663,1.8425,0.0,-0.031680431355052656,0,8.374540818771374,1.0282942496917757,73.39935245428798,-0.13638073372306297,-0.10563678099065502,,,
sample,1779735850.4391484,41.8365683555603,1.8425,-0.21900708932299728,-0.02429013231151994,0,8.2027409980793,1.0309894856744344,73.57117341542727,-0.10357408967109014,-0.0809830352793664,,,
sample,1779735850.4900637,41.88748359680176,1.8425,0.0,-0.02429013231151994,0,8.2027409980793,1.0309894856744344,73.57117341542727,-0.10357408967109014,-0.0809830352793664,,,
sample,1779735850.543267,41.94068694114685,1.8425,-0.36737110029981446,-0.021512898268763236,0,8.00340612589772,1.0379777019158196,73.77063074528476,-0.09196099687149695,-0.07172072546907353,,,
sample,1779735850.5944085,41.99182844161987,1.8425,0.0,-0.019093099945236936,0,8.00340612589772,1.0379777019158196,73.77063074528476,-0.08135682441095966,-0.0636514013032286,,,
sample,1779735850.64478,42.0421998500824,1.8425,-0.2419763016047503,-0.015604709517625546,0,7.851016436970044,1.0451807296814322,73.92319057256726,-0.06654672907088457,-0.052019920864880394,,,
sample,1779735850.692581,42.09000086784363,1.8425,0.0,-0.015604709517625546,0,7.851016436970044,1.0451807296814322,73.92319057256726,-0.06654672907088457,-0.052019920864880394,,,
sample,1779735850.7459273,42.14334726333618,1.8425,-0.3062064866227583,-0.010926092537906855,0,7.677598658395045,1.0562192527661483,74.09695931232727,-0.047014680310949644,-0.03642175780828065,,,
sample,1779735850.7900789,42.187498807907104,1.8425,0.0,-0.010926092537906855,0,7.677598658395045,1.0562192527661483,74.09695931232727,-0.047014680310949644,-0.03642175780828065,,,
sample,1779735850.8439665,42.24138641357422,1.8425,-0.0891526131161404,-0.009672056437722886,0,7.487627538088873,1.0621572374818422,74.28702321266836,-0.04126082132340278,-0.03224119350566529,,,
sample,1779735850.8909793,42.28839921951294,1.8425,0.0,-0.009219160162273107,0,7.487627538088873,1.0621572374818422,74.28702321266836,-0.03952328759488375,-0.030731404529718776,,,
sample,1779735850.9414139,42.338833808898926,1.8425,0.04747543609285358,-0.00959495186102701,0,7.364457117946537,1.0624277274879552,74.41019392981688,-0.040719078632392616,-0.03198415439626203,,,
sample,1779735850.9898381,42.38725805282593,1.8425,0.0010978270902009335,-0.009607470996880769,0,7.32246261514774,1.0652001768246269,74.45227985074827,-0.04143388587630845,-0.03202588869619409,,,
sample,1779735851.0417998,42.43921971321106,1.8425,-0.13137398547709586,-0.006724922403471205,0,7.139195294230528,1.0785564611206375,74.63603322145578,-0.02882810953304337,-0.022416745941906225,,,
sample,1779735851.089706,42.487125873565674,1.8425,0.0,-0.006724922403471205,0,7.139195294230528,1.0785564611206375,74.63603322145578,-0.02882810953304337,-0.022416745941906225,,,
sample,1779735851.1417165,42.53913640975952,1.8425,-0.0640710184608488,-0.009047734336460278,0,6.953709019787447,1.0926960046084717,74.82205764108078,-0.038519870693133264,-0.03015993743856458,,,
sample,1779735851.1900442,42.58746409416199,1.8425,0.0,-0.009047734336460278,0,6.953709019787447,1.0926960046084717,74.82205764108078,-0.038519870693133264,-0.03015993743856458,,,
sample,1779735851.2419252,42.63934516906738,1.8425,-0.16174162521798113,-0.005945317470794884,0,6.768888140838185,1.1083457654211684,75.00753991060827,-0.02566301261659534,-0.019817958403669428,,,
sample,1779735851.2914789,42.68889880180359,1.8425,0.0,-0.005945317470794884,0,6.768888140838185,1.1083457654211684,75.00753991060827,-0.02566301261659534,-0.019817958403669428,,,
sample,1779735851.3405113,42.73793125152588,1.7624,-0.4101748361898292,-0.0014784099399877653,0,6.649043457435922,1.1089799337715074,75.12738627187672,-0.00615456651735965,-0.004928036723689713,,,
sample,1779735851.389633,42.78705286979675,1.7624,-0.1251744859430338,-1.3916150123006058e-06,0,6.618542948986056,1.112371263200948,75.1580747409001,-5.8632112720377364e-06,-4.638716707671683e-06,,,
sample,1779735851.4464624,42.8438823223114,1.8425,-0.062132884487567555,0.003350850984009557,0,6.436989232261348,1.1332073346110543,75.3408201756676,0.014377305455666125,0.011169545084700484,,,
sample,1779735851.4895403,42.88696026802063,1.8425,0.0,0.003350850984009557,0,6.436989232261348,1.1332073346110543,75.3408201756676,0.014377305455666125,0.011169545084700484,,,
sample,1779735851.5420532,42.939473152160645,1.8425,-0.09468000661415579,0.006637801444795182,0,6.255358264450012,1.1549677505731613,75.5237500096776,0.028307415584347958,0.022126329781977882,,,
sample,1779735851.5893931,42.98681306838989,1.8425,0.0,0.006637801444795182,0,6.255358264450012,1.1549677505731613,75.5237500096776,0.028307415584347958,0.022126329781977882,,,
sample,1779735851.6443124,43.04173231124878,1.8425,-0.14886343543082933,0.010827354067368851,0,6.072383098628958,1.1784081094117609,75.7082204998101,0.045923498699818266,0.036092590632921605,,,
sample,1779735851.6879616,43.085381507873535,1.8425,0.0,0.010827354067368851,0,6.072383098628958,1.1784081094117609,75.7082204998101,0.045923498699818266,0.036092590632921605,,,
sample,1779735851.739008,43.136427879333496,1.7624,0.0018831889356705697,0.012474594402889285,0,5.915211168858346,1.19852582586057,75.8666747140896,0.05180020482727009,0.04158413841091603,,,
sample,1779735851.7880588,43.18547868728638,1.7624,0.0002190316213573336,0.012472009677946936,0,5.897645317699782,1.2007742223350915,75.8843838759453,0.052147533567562035,0.04157552132050266,,,
sample,1779735851.8392968,43.236716747283936,1.8425,0.32259761221237765,0.01062834678988512,0,5.715070866638473,1.2210823460692466,76.0680843116278,0.04525788899882157,0.035429156689575275,,,
sample,1779735851.8876047,43.285024642944336,1.8425,0.0,0.01062834678988512,0,5.715070866638473,1.2210823460692466,76.0680843116278,0.04525788899882157,0.035429156689575275,,,
sample,1779735851.9374208,43.33484077453613,1.7624,1.2045237307178207,-0.0070067916828237655,0,5.557632168992146,1.1877101659808833,76.2290210877867,-0.029161450017847625,-0.023356354505081403,,,
sample,1779735851.987387,43.384806871414185,1.7624,0.0,-0.0070067916828237655,0,5.557632168992146,1.1877101659808833,76.2290210877867,-0.029161450017847625,-0.023356354505081403,,,
sample,1779735852.0372026,43.43462252616882,1.8425,0.005994739951711081,-0.006070447358073203,0,5.3709845263009,1.1971388970254424,76.4159067306042,-0.026014461189387484,-0.02023507308390248,,,
sample,1779735852.0869973,43.4844172000885,1.8425,0.0,-0.005647010091331778,0,5.3709845263009,1.1971388970254424,76.4159067306042,-0.02397055122632537,-0.018823567058036384,,,
sample,1779735852.1387656,43.53618550300598,1.8425,0.4881143881354991,-0.011274867699325572,0,5.197075981482217,1.2013317708373379,76.58986581243597,-0.04831849972873568,-0.037584484957586685,,,
sample,1779735852.1867764,43.58419632911682,1.8425,0.022900477594058326,-0.011531194410260924,0,5.189509062185495,1.201514206598554,76.5974349306442,-0.04956167280923454,-0.03843901844146983,,,
sample,1779735852.2382495,43.635669469833374,1.7624,0.4790643599641963,-0.01803861630044196,0,5.012634805090026,1.2014162237401507,76.7743092148794,-0.07502667089204336,-0.06013524364558175,,,
sample,1779735852.286615,43.68403482437134,1.7624,0.0,-0.01803861630044196,0,5.012634805090026,1.2014162237401507,76.7743092148794,-0.07502667089204336,-0.06013524364558175,,,
sample,1779735852.341269,43.738688945770264,1.8425,0.18569572877855225,-0.02425794538034848,0,4.82921365044066,1.1994529910800638,76.95774087587439,-0.10466298782738302,-0.08087568226570382,,,
sample,1779735852.3869789,43.784398794174194,1.8425,0.0,-0.02425794538034848,0,4.82921365044066,1.1994529910800638,76.95774087587439,-0.10466298782738302,-0.08087568226570382,,,
sample,1779735852.4380486,43.83546853065491,1.8425,0.15258780228808727,-0.03844805175662928,0,4.6381568916508735,1.196705124141282,77.14881739419093,-0.16337549174818947,-0.1282233609253971,,,
sample,1779735852.4870827,43.88450264930725,1.8425,0.0,-0.044182836191320705,0,4.6381568916508735,1.196705124141282,77.14881739419093,-0.1889147133316634,-0.14737202923007878,,,
sample,1779735852.5381408,43.93556070327759,1.8425,0.36899338784029023,-0.06235278357923528,0,4.434396664496176,1.1895090257648557,77.35270465225767,-0.2706346816744127,-0.20811238647007493,,,
sample,1779735852.58712,43.98453998565674,1.8425,0.0,-0.06235278357923528,0,4.434396664496176,1.1895090257648557,77.35270465225767,-0.2706346816744127,-0.20811238647007493,,,
sample,1779735852.637886,44.035305976867676,1.8425,-0.36118222710385084,-0.07187034583595538,0,4.248510018183835,1.1856935542011002,77.53863045224385,-0.3127153184598651,-0.2399811570951428,,,
sample,1779735852.687644,44.08506393432617,1.8425,0.0,-0.07187034583595538,0,4.248510018183835,1.1856935542011002,77.53863045224385,-0.3127153184598651,-0.2399811570951428,,,
sample,1779735852.7392015,44.13662147521973,1.8425,-0.43102846626422403,-0.0802319364455848,0,4.059628152625439,1.186302290926249,77.72751329873135,-0.34925633613999013,-0.2680151208270616,,,
sample,1779735852.7879705,44.18539047241211,1.8425,0.0,-0.0802319364455848,0,4.059628152625439,1.186302290926249,77.72751329873135,-0.34925633613999013,-0.2680151208270616,,,
sample,1779735852.839021,44.236440896987915,1.8425,-0.2353040073523301,-0.08630849775750597,0,3.9100473012682206,1.1889400277024469,77.87711740545323,-0.37873249274411624,-0.2884114892211399,,,
sample,1779735852.8922753,44.289695262908936,1.8425,-0.045013360248814506,-0.09015048208556614,0,3.8801973263066323,1.1894664077571824,77.90697202119635,-0.3906365763438011,-0.30131833191348156,,,
sample,1779735852.9379506,44.3353705406189,1.8425,-0.32144895474294105,-0.09552373167542365,0,3.6937627271622016,1.19549307078794,78.09350400350885,-0.42208694495658106,-0.3193844683987714,,,
sample,1779735852.986653,44.38407301902771,1.8425,0.0,-0.09552373167542365,0,3.6937627271622016,1.19549307078794,78.09350400350885,-0.42208694495658106,-0.3193844683987714,,,
sample,1779735853.0387053,44.4361252784729,1.9227,-0.580190908696013,-0.10536004399052042,0,3.546397558287025,1.2126201906895027,78.24186111063128,-0.4776992349190858,-0.35250547000273574,,,
sample,1779735853.086933,44.484352827072144,1.9227,0.0,-0.10536004399052042,0,3.546397558287025,1.2126201906895027,78.24186111063128,-0.4776992349190858,-0.35250547000273574,,,
sample,1779735853.1379178,44.535337686538696,1.8425,-1.0284729184253305,-0.10425119351518647,0,3.3469930588541734,1.2356435203148721,78.44259035140378,-0.46763505825864227,-0.34876840267539755,,,
sample,1779735853.1866522,44.58407211303711,1.8425,0.0,-0.10702224614865259,0,3.3469930588541734,1.2356435203148721,78.44259035140378,-0.4802498407132567,-0.3581090976581253,,,
sample,1779735853.2381022,44.63552212715149,1.8425,-0.5109910128866131,-0.11407366799129615,0,3.201813817037687,1.256953419581929,78.5893252281754,-0.5155650650932916,-0.38190354387245,,,
sample,1779735853.2870016,44.68442153930664,1.8425,-0.09204017651484407,-0.1175412899562763,0,3.176960357786545,1.2606014942409027,78.61444499898379,-0.5309694484531332,-0.3936187111490549,,,
sample,1779735853.3391542,44.73657417297363,1.8425,-0.607785130608271,-0.13287973680424062,0,2.9999612803842326,1.2923420695073502,78.79426751570378,-0.6067114430656068,-0.4455579573936481,,,
sample,1779735853.3868077,44.7842276096344,1.8425,0.0,-0.13287973680424062,0,2.9999612803842326,1.2923420695073502,78.79426751570378,-0.6067114430656068,-0.4455579573936481,,,
sample,1779735853.4389222,44.836342096328735,1.9227,-1.0631352742585363,-0.13157764838825736,0,2.807459182372004,1.3379932328861095,78.99210857933048,-0.6167545630048484,-0.44114088103791577,,,
sample,1779735853.4931724,44.89059233665466,1.9227,0.0,-0.13157764838825736,0,2.807459182372004,1.3379932328861095,78.99210857933048,-0.6167545630048484,-0.44114088103791577,,,
sample,1779735853.5381098,44.935529708862305,1.9227,-0.6290817204508944,-0.12913416414791482,0,2.703908037412647,1.3679636493271357,79.09990962516976,-0.6086540679729393,-0.43285594175568826,,,
sample,1779735853.5874739,44.984893798828125,1.9227,-0.47715952077209994,-0.12733497837795585,0,2.6517479127530668,1.387042551597491,79.15544954879542,-0.5931806733963215,-0.4267589428218364,,,
sample,1779735853.6377327,45.03515267372131,1.9227,-1.6151592883587036,-0.11692912005778866,0,2.5366784196072696,1.4462779932171252,79.28487066684306,-0.5405845356414637,-0.3915498400281849,,,
sample,1779735853.6873546,45.08477449417114,1.9227,-0.10699371221811539,-0.11590248583456286,0,2.5246306703181918,1.4509668747143656,79.29779869347622,-0.537761795915077,-0.3880809246796246,,,
sample,1779735853.7384295,45.135849475860596,1.9227,-1.5056408674256665,-0.11417678249450099,0,2.3526328789227096,1.5336390034482563,79.48863349406122,-0.5238375247901385,-0.38225177478323386,,,
sample,1779735853.7870095,45.18442940711975,1.9227,0.0,-0.11417678249450099,0,2.3526328789227096,1.5336390034482563,79.48863349406122,-0.5238375247901385,-0.38225177478323386,,,
sample,1779735853.8384984,45.235918283462524,1.9227,-1.503941134516273,-0.10753027298767152,0,2.1873356846789376,1.629490863365938,79.67971133546241,-0.4937374398188934,-0.35982215923146466,,,
sample,1779735853.8867373,45.284157276153564,1.9227,0.0,-0.10753027298767152,0,2.1873356846789376,1.629490863365938,79.67971133546241,-0.4937374398188934,-0.35982215923146466,,,
sample,1779735853.938346,45.33576583862305,1.9227,-2.0637553934694353,-0.09606497396416544,0,1.9931930851698443,1.7716381789764477,79.92032972270542,-0.4367834790171287,-0.321205267023906,,,
sample,1779735853.9874582,45.384878158569336,1.9227,0.0,-0.08604655569313331,0,1.9931930851698443,1.7716381789764477,79.92032972270542,-0.4367834790171287,-0.321205267023906,,,
sample,1779735854.0385754,45.43599534034729,1.9227,-1.372430570318656,-0.06332299975380361,0,1.8755609857799147,1.871152087886908,80.07440869230712,-0.2807496925555984,-0.21135924432143768,,,
sample,1779735854.0868583,45.484278202056885,1.9227,0.0,-0.06332299975380361,0,1.8755609857799147,1.871152087886908,80.07440869230712,-0.2807496925555984,-0.21135924432143768,,,
sample,1779735854.137262,45.53468203544617,1.9227,-3.250912889495168,-0.017378249049032932,0,1.9005283679633997,1.950662713471433,80.1577472173357,-0.07666503825777556,-0.057933328971010535,,,
sample,1779735854.1868584,45.58427834510803,1.9227,0.0,-0.017378249049032932,0,1.9005283679633997,1.950662713471433,80.1577472173357,-0.07666503825777556,-0.057933328971010535,,,
sample,1779735854.2386775,45.63609743118286,1.9227,-1.443022675581763,0.023804992799839553,0,1.7836428783861273,2.110971343941098,80.35614347404629,0.10423592978024825,0.07936496801789192,,,
sample,1779735854.2870486,45.684468507766724,1.9227,0.0,0.023804992799839553,0,1.7836428783861273,2.110971343941098,80.35614347404629,0.10423592978024825,0.07936496801789192,,,
sample,1779735854.3380744,45.73549437522888,1.8425,-0.8774420919220225,0.043067787774672586,0,1.7054123408084734,2.232590116390615,80.5007503301141,0.1866297839765777,0.14364811805418978,,,
sample,1779735854.3881452,45.78556513786316,1.8425,-0.2721191914204983,0.05367228211063386,0,1.6816050031353755,2.2696014839811705,80.5447574960988,0.2309057672287209,0.1790795990969626,,,
sample,1779735854.4385412,45.83596110343933,1.8425,-0.5529534594209354,0.09353444357502684,0,1.5814779949418276,2.435229053645853,80.7382979559588,0.41256076889154,0.3126938984317989,,,
sample,1779735854.4884892,45.88590908050537,1.8425,0.0,0.09353444357502684,0,1.5814779949418276,2.435229053645853,80.7382979559588,0.41256076889154,0.3126938984317989,,,
sample,1779735854.5396636,45.93708348274231,1.7624,0.29971310537472445,0.11974623882973368,0,1.4965867055607214,2.5709093155142613,80.8983468999524,0.5318077263528922,0.40107298127876106,,,
sample,1779735854.5881693,45.985589265823364,1.7624,0.0,0.11974623882973368,0,1.4965867055607214,2.5709093155142613,80.8983468999524,0.5318077263528922,0.40107298127876106,,,
sample,1779735854.6427252,46.0401451587677,1.8425,0.11857074793469762,0.1244778249752247,0,1.4474880720986314,2.6465911978375636,80.98856010918388,0.5665520766351395,0.41708250523315493,,,
sample,1779735854.6882005,46.085620403289795,1.8425,0.0,0.1329310989280072,0,1.4474880720986314,2.6465911978375636,80.98856010918388,0.6121404769116611,0.4457322246212624,,,
sample,1779735854.7385058,46.13592576980591,1.7624,0.7565735743538254,0.15083177835830877,0,1.2946152777523148,2.754372615459461,81.17560803148145,0.6931718218377216,0.5066203431278701,,,
sample,1779735854.7872832,46.18470311164856,1.7624,0.11080773644866515,0.15882565882511754,0,1.2802466207021899,2.774974186609283,81.20072541668105,0.7371048962391452,0.5339158785300612,,,
sample,1779735854.840171,46.2375910282135,1.7624,1.0771647227317862,0.19107975713765127,0,1.1668418232579532,2.9193030361201684,81.38427776584746,0.9344625913262078,0.6447992152723542,,,
sample,1779735854.8870785,46.28449845314026,1.7624,0.0,0.19107975713765127,0,1.1668418232579532,2.9193030361201684,81.38427776584746,0.9344625913262078,0.6447992152723542,,,
sample,1779735854.9377763,46.33519625663757,1.6823,1.4348450006223084,0.19844408615015874,0,1.0592379415650515,3.0374504291615176,81.54408202686025,0.9486298875588222,0.6703023215892803,,,
sample,1779735854.9866815,46.38410139083862,1.6823,0.0,0.19844408615015874,0,1.0592379415650515,3.0374504291615176,81.54408202686025,0.9486298875588222,0.6703023215892803,,,
sample,1779735855.041043,46.43846297264099,1.6823,1.5682416491511855,0.1944274621857859,0,0.9357820452663039,3.151729503532536,81.71231123113235,0.9493732458058424,0.6563833356199348,,,
sample,1779735855.0982835,46.49570345878601,1.6823,0.0,0.2031701404880511,0,0.9357820452663039,3.151729503532536,81.71231123113235,1.0156333676815508,0.6867085823822888,,,
sample,1779735855.14478,46.5421998500824,1.7624,1.6950458700035225,0.21691255216194014,0,0.8065784124678028,3.251254187440362,81.87540243701201,1.1852015618861398,0.7345993674500029,,,
sample,1779735855.1931942,46.59061408042908,1.7624,0.0,0.21691255216194014,0,0.8065784124678028,3.251254187440362,81.87540243701201,1.1852015618861398,0.7345993674500029,,,
sample,1779735855.2374961,46.63491606712341,1.6022,0.0,0.23673953717105542,0,0.8065784124678028,3.251254187440362,81.87540243701201,1.1852015618861398,0.8042124193495184,,,
sample,1779735855.2890077,46.6864275932312,1.6022,0.0,0.23673953717105542,0,0.8065784124678028,3.251254187440362,81.87540243701201,1.1852015618861398,0.8042124193495184,,,
sample,1779735855.3401523,46.73757219314575,1.6823,6.151466806517875,0.21225570092590054,0,0.42680504250670953,3.3671868409656045,82.27247697999482,1.0937662137701585,0.7183391981826108,,,
sample,1779735855.3866332,46.7840530872345,1.6823,0.0,0.21225570092590054,0,0.42680504250670953,3.3671868409656045,82.27247697999482,1.0937662137701585,0.7183391981826108,,,
sample,1779735855.4373887,46.834808588027954,1.6022,1.535230756075474,0.21211498270669096,0,0.3388834443100607,3.387145869984446,82.3626355639945,1.0463006572240143,0.7178483686797881,,,
sample,1779735855.487178,46.88459801673889,1.6022,1.0492355209825341,0.2177490796819458,0,0.2799381795937297,3.4005269990031093,82.42308057078822,1.0875371814122878,0.7375237584886823,,,
sample,1779735855.541019,46.9384388923645,1.6823,2.4151304242236598,0.21894866025713694,0,0.11666199375504915,3.415264285615024,82.58702050027065,1.1515649541303232,0.7417192263848901,,,
sample,1779735855.5886474,46.98606729507446,1.6823,0.06671455958928436,0.21864734007210498,0,0.11267214177666529,3.4156244091189065,82.5910265716314,1.1498544644704685,0.7406651652535418,,,
sample,1779735855.6505175,47.04793739318848,1.6823,2.3858343480396185,0.21169031578829922,0,-0.0555132357849587,3.4059269022870082,82.7594912945389,1.0788289178631478,0.7163672975868577,,,
sample,1779735855.6882262,47.08564615249634,1.6823,0.0,0.21169031578829922,0,-0.0555132357849587,3.4059269022870082,82.7594912945389,1.0788289178631478,0.7163672975868577,,,
sample,1779735855.7375717,47.13499164581299,1.6022,4.408908213605636,0.20057455966461582,0,-0.2403373688060314,3.3877156752182875,82.94521046139666,0.9543739775691928,0.6776942478418673,,,
sample,1779735855.7872272,47.18464708328247,1.6022,0.0,0.20057455966461582,0,-0.2403373688060314,3.3877156752182875,82.94521046139666,0.9543739775691928,0.6776942478418673,,,
sample,1779735855.8415291,47.23894906044006,1.6022,3.9150775198877588,0.1956435882554054,0,-0.4071127379325308,3.313687800302107,83.12767730773288,0.9086557305909363,0.6605952863044969,,,
sample,1779735855.8905785,47.28799843788147,1.6022,0.0,0.1881424341741943,0,-0.4071127379325308,3.313687800302107,83.12767730773288,0.8759002756480657,0.634647505952275,,,
sample,1779735855.9573293,47.35474920272827,1.6823,2.342458887127098,0.22457180959922368,0,-0.5417553851432562,3.212577030329497,83.29605791900498,1.2280052963772101,0.7614159787959887,,,
sample,1779735855.9922798,47.38969969749451,1.6823,0.0,0.22457180959922368,0,-0.5417553851432562,3.212577030329497,83.29605791900498,1.2280052963772101,0.7614159787959887,,,
sample,1779735856.0405762,47.43799614906311,1.6022,3.3806762759369215,0.22204679752912865,0,-0.6523472887635162,3.0970112331581805,83.45601423373559,1.1421615112019794,0.7525651920253764,,,
sample,1779735856.0900533,47.487473249435425,1.6022,0.0,0.22204679752912865,0,-0.6523472887635162,3.0970112331581805,83.45601423373559,1.1421615112019794,0.7525651920253764,,,
sample,1779735856.144965,47.54238486289978,1.6022,3.0405236481718823,0.218853290144354,0,-0.7423369229988828,2.964466110314783,83.61622142414659,1.1065757466492112,0.7413855928019075,,,
sample,1779735856.2102828,47.60770273208618,1.6022,0.0,0.218853290144354,0,-0.7423369229988828,2.964466110314783,83.61622142414659,1.1065757466492112,0.7413855928019075,,,
sample,1779735856.2668025,47.66422247886658,1.6823,1.9089465926729108,0.2172410080530096,0,-0.791048229171665,2.859214606773809,83.73219844922782,1.1236132315641256,0.7357474775772254,,,
sample,1779735856.29186,47.68928003311157,1.6823,0.0,0.2172410080530096,0,-0.791048229171665,2.859214606773809,83.73219844922782,1.1236132315641256,0.7357474775772254,,,
sample,1779735856.3416095,47.73902940750122,1.6022,3.555243949814291,0.2221871044804956,0,-1.000974928414959,2.779876036028675,83.95661731622225,1.0307746177823074,0.7530567364736048,,,
sample,1779735856.3923273,47.78974723815918,1.6022,0.0,0.2221871044804956,0,-1.000974928414959,2.779876036028675,83.95661731622225,1.0307746177823074,0.7530567364736048,,,
sample,1779735856.4422565,47.83967638015747,1.6823,2.902549100610097,0.19333198334534096,0,-1.0371071788704262,2.6216026084192254,84.11896268083184,0.9388262004963193,0.6525909635144275,,,
sample,1779735856.4899256,47.88734555244446,1.6823,0.0,0.19333198334534096,0,-1.0371071788704262,2.6216026084192254,84.11896268083184,0.9388262004963193,0.6525909635144275,,,
sample,1779735856.5399864,47.93740630149841,1.6022,3.191036764603757,0.1929485416057051,0,-1.0382285897513768,2.4617872353889876,84.27878198823605,0.8904158520033041,0.6512639344649498,,,
sample,1779735856.592088,47.98950791358948,1.6022,0.0,0.18650980599105135,0,-1.0382285897513768,2.4617872353889876,84.27878198823605,0.8543707789017728,0.6290098836667715,,,
sample,1779735856.6415637,48.03898358345032,1.6823,2.7563958397433876,0.1746155026464783,0,-1.0163920972104967,2.3112708222834053,84.43087414129023,0.8108019177191356,0.5880404227591581,,,
sample,1779735856.6920326,48.089452505111694,1.6823,0.2915507779404883,0.17220338133066687,0,-1.0140360290894432,2.2950307176993263,84.44728426176185,0.8008190931284301,0.5797533013558953,,,
sample,1779735856.7430122,48.14043211936951,1.6022,2.950367894060783,0.16192590949309774,0,-0.9674199494487398,2.1413339135560836,84.60789486690645,0.7144055751259806,0.544520480423324,,,
sample,1779735856.7874522,48.18487215042114,1.6022,0.0,0.16192590949309774,0,-0.9674199494487398,2.1413339135560836,84.60789486690645,0.7144055751259806,0.544520480423324,,,
sample,1779735856.8384726,48.23589253425598,1.6823,0.5019882669854112,0.1589937782694282,0,-0.9512097367438083,2.102756874159632,84.64973932848184,0.7198595705854891,0.5344906697110317,,,
sample,1779735856.888802,48.286221981048584,1.6823,0.0,0.1589937782694282,0,-0.9512097367438083,2.102756874159632,84.64973932848184,0.7198595705854891,0.5344906697110317,,,
sample,1779735856.9371266,48.33454656600952,1.6823,1.640152197171367,0.17790966008827624,0,-1.1070151479586974,1.7849510085999367,85.00368267754774,0.8111577832686089,0.5993692996172787,,,
sample,1779735856.986627,48.38404703140259,1.6823,0.0,0.1698215266520685,0,-1.1070151479586974,1.7849510085999367,85.00368267754774,0.7829996493556793,0.5715769851391374,,,
sample,1779735857.0390582,48.43647813796997,1.6823,2.0146737824287397,0.1635613843023187,0,-1.029898059254327,1.648550704049247,85.16037373808331,0.7387601227398198,0.550119040588083,,,
sample,1779735857.0865312,48.48395109176636,1.6823,0.20192488944763853,0.16186267870207877,0,-1.022899752485256,1.6361724985090982,85.17459331156594,0.7329684116716502,0.5443040889274757,,,
sample,1779735857.1382747,48.53569459915161,1.6022,2.228803665196413,0.1549719333429492,0,-0.9254938402777323,1.5025484223207606,85.33995142437014,0.6695012682708753,0.5207486194642336,,,
sample,1779735857.186587,48.584007024765015,1.6022,0.0,0.1549719333429492,0,-0.9254938402777323,1.5025484223207606,85.33995142437014,0.6695012682708753,0.5207486194642336,,,
sample,1779735857.2437286,48.64114856719971,1.6823,1.5228200128455187,0.1423647139493218,0,-0.8234150539604618,1.385434417643999,85.49530833186844,0.6332190302250836,0.47778126062908877,,,
sample,1779735857.2866614,48.68408131599426,1.6823,0.0,0.1423647139493218,0,-0.8234150539604618,1.385434417643999,85.49530833186844,0.6332190302250836,0.47778126062908877,,,
sample,1779735857.3374574,48.73487734794617,1.6823,1.5274603527202086,0.1427033546784809,0,-0.7242738597773785,1.249327564360515,85.66369494622595,0.6278740952339988,0.4789333099797462,,,
sample,1779735857.3871925,48.78461241722107,1.6823,0.0,0.13982482252008482,0,-0.7242738597773785,1.249327564360515,85.66369494622595,0.6131876995013719,0.46914414360329754,,,
sample,1779735857.4375134,48.834933280944824,1.6823,2.1835167799246276,0.1263487790903341,0,-0.5948228521771745,1.147521840283871,85.82838243458944,0.5447064074201883,0.4234181496616404,,,
sample,1779735857.4872413,48.88466119766235,1.6823,0.0,0.1263487790903341,0,-0.5948228521771745,1.147521840283871,85.82838243458944,0.5447064074201883,0.4234181496616404,,,
sample,1779735857.5371547,48.934574604034424,1.6022,1.9474031563464633,0.11603852266721981,0,-0.4560380353712147,1.058718263452827,85.99314681373085,0.48142661957137295,0.3885405344923937,,,
sample,1779735857.5866678,48.98408770561218,1.6022,0.0,0.11603852266721981,0,-0.4560380353712147,1.058718263452827,85.99314681373085,0.48142661957137295,0.3885405344923937,,,
sample,1779735857.637498,49.0349178314209,1.7624,1.6727988114697507,0.09932830064227884,0,-0.29394927507109514,0.9734681870449691,86.17628703799404,0.4328462397305252,0.33218752106244903,,,
sample,1779735857.686623,49.08404302597046,1.7624,0.0,0.09932830064227884,0,-0.29394927507109514,0.9734681870449691,86.17628703799404,0.4328462397305252,0.33218752106244903,,,
sample,1779735857.7394,49.13681983947754,1.6823,1.1336200604105988,0.0940941475658237,0,-0.17502344326925134,0.9219470593248833,86.30589328811845,0.39304386052810936,0.31457609535479386,,,
sample,1779735857.7864645,49.183884382247925,1.6823,0.3303372414346365,0.09057431219566627,0,-0.14411928698169027,0.9085587402435763,86.33957286596124,0.38248299249766454,0.30274269781195307,,,
sample,1779735857.8391116,49.236531496047974,1.6823,1.351588020694214,0.07923270416816584,0,0.008498021700558578,0.8549745768384418,86.50132361704834,0.33284488835551035,0.26466308167824526,,,
sample,1779735857.887415,49.28483486175537,1.6823,0.0,0.07923270416816584,0,0.008498021700558578,0.8549745768384418,86.50132361704834,0.33284488835551035,0.26466308167824526,,,
sample,1779735857.9389386,49.33635854721069,1.7624,3.189484369334261,0.04667451425814258,0,0.17429686018451973,0.7856852555125188,86.68101853876968,0.19562167307496334,0.15569479151885804,,,
sample,1779735857.9866874,49.3841073513031,1.7624,0.0,0.04667451425814258,0,0.17429686018451973,0.7856852555125188,86.68101853876968,0.19562167307496334,0.15569479151885804,,,
sample,1779735858.0381596,49.43557953834534,1.7624,1.5062586520205266,0.029643517293312733,0,0.35586588394516894,0.7682391205362135,86.86342379641047,0.12523556001779154,0.09884067769759942,,,
sample,1779735858.0866282,49.48404812812805,1.7624,0.0,0.029643517293312733,0,0.35586588394516894,0.7682391205362135,86.86342379641047,0.12523556001779154,0.09884067769759942,,,
sample,1779735858.137565,49.534984827041626,1.7624,1.0543851464510392,0.017395268733797584,0,0.50689596408699,0.7635781073311522,87.01452578233966,0.07337556541590917,0.05799007840715177,,,
sample,1779735858.1874952,49.58491516113281,1.7624,0.2249683813126623,0.014880584423491154,0,0.5384837607120434,0.7626032608830148,87.04612861799127,0.062298569672187644,0.0496056095520404,,,
sample,1779735858.2381387,49.63555860519409,1.7624,1.257270563620159,0.014880584423491154,0,0.745033376777827,0.7699288210413712,87.25280809865772,0.062298569672187644,0.0496056095520404,,,
sample,1779735858.29249,49.68990993499756,1.7624,0.0,-0.000992639481031728,0,0.745033376777827,0.7699288210413712,87.25280809865772,-0.004163788273572518,-0.0033087993568623837,,,
sample,1779735858.34404,49.74145984649658,1.7624,0.8619607028092603,-0.012629088024763691,0,0.8913822840703433,0.7808995986774748,87.39956763200277,-0.052932451792941246,-0.04209919829428497,,,
sample,1779735858.3879516,49.78537154197693,1.7624,0.0,-0.012629088024763691,0,0.8913822840703433,0.7808995986774748,87.39956763200277,-0.052932451792941246,-0.04209919829428497,,,
sample,1779735858.4380531,49.83547306060791,1.7624,0.15687525889054485,-0.01533996730307867,0,1.0475913372792718,0.7543855412231762,87.55801088224436,-0.06400529750511506,-0.05113723551917545,,,
sample,1779735858.4877183,49.885138273239136,1.7624,0.0,-0.01198386534599728,0,1.0475913372792718,0.7543855412231762,87.55801088224436,-0.0503324787691616,-0.03994813019562233,,,
sample,1779735858.5397615,49.93718147277832,1.8425,0.23748426631601682,-0.007743571067475911,0,1.2032447729216005,0.6765866439023692,87.73202427383131,-0.03333975872365194,-0.025812419489430406,,,
sample,1779735858.5870123,49.984432220458984,1.8425,0.0944581802171858,-0.009234839870435716,0,1.2309970598649265,0.6794254730156875,87.75992137728883,-0.03942924844646178,-0.030783674673619824,,,
sample,1779735858.6385047,50.035924673080444,1.8425,0.2556312753487754,-0.013855925770397258,0,1.4003600472368223,0.6990057373678217,87.93041245694883,-0.05964794220381096,-0.04618937518740638,,,
sample,1779735858.6883974,50.08581733703613,1.8425,0.0,-0.013855925770397258,0,1.4003600472368223,0.6990057373678217,87.93041245694883,-0.05964794220381096,-0.04618937518740638,,,
sample,1779735858.7384896,50.13590955734253,1.8425,-0.2340348425944071,-0.013442842188893652,0,1.6152083079042687,0.7212955472057618,88.14641387068133,-0.057119748310926345,-0.044812173331538134,,,
sample,1779735858.7866569,50.18407678604126,1.8425,0.0,-0.013442842188893652,0,1.6152083079042687,0.7212955472057618,88.14641387068133,-0.057119748310926345,-0.044812173331538134,,,
sample,1779735858.838569,50.23598885536194,1.7624,-0.05504982980378984,-0.013717595722620888,0,1.7915905962063243,0.7390853049145839,88.32369101840773,-0.05752755463824534,-0.04572818737280133,,,
sample,1779735858.8887017,50.28612160682678,1.7624,0.0,-0.014280207539498834,0,1.7915905962063243,0.7390853049145839,88.32369101840773,-0.059834503839258056,-0.0476039277086345,,,
sample,1779735858.939481,50.33690094947815,1.8425,-0.9376323858754559,0.0027776044520381187,0,1.8920886920123134,0.6740992573765902,88.44336997911194,0.011904993812800664,0.00925870531737675,,,
sample,1779735858.9881458,50.385565757751465,1.8425,0.0009802338596243431,0.0027664752679265204,0,1.8925860631792617,0.6741256200716711,88.4438680484539,0.01185955572566548,0.009221607751939809,,,
sample,1779735859.038665,50.43608498573303,1.8425,0.1320185789209678,0.00014453760883868303,0,2.1011022457307407,0.6865729407089342,88.6527554204439,0.0006218120864315396,0.0004817920328173354,,,
sample,1779735859.0868785,50.48429846763611,1.8425,0.0,0.00014453760883868303,0,2.1011022457307407,0.6865729407089342,88.6527554204439,0.0006218120864315396,0.0004817920328173354,,,
sample,1779735859.1382716,50.53569149971008,1.8425,-0.09289575257968902,0.00027337754952268565,0,2.2998098474801583,0.697482955361221,88.8517623032714,0.0011757947933579828,0.0009112585211100075,,,
sample,1779735859.1876576,50.58507752418518,1.8425,0.0,0.00027337754952268565,0,2.2998098474801583,0.697482955361221,88.8517623032714,0.0011757947933579828,0.0009112585211100075,,,
sample,1779735859.2387965,50.63621640205383,1.8425,-0.15115643648139776,0.0014607200887076786,0,2.4122082231790642,0.7025347065845705,88.96427414731536,0.006193768946933298,0.004869070425409768,,,
sample,1779735859.2866213,50.684041261672974,1.8425,-0.046105683715617365,0.001980728434945686,0,2.444270205238483,0.7039757341446626,88.99636849656889,0.008502275999305671,0.006602436750901864,,,
sample,1779735859.3393893,50.73680925369263,1.7624,0.08537195507924494,0.0002803600574547663,0,2.6190278387318346,0.7126192479070409,89.17133975362088,0.0011631272193417964,0.0009345335493345491,,,
sample,1779735859.3885076,50.785927534103394,1.7624,0.0,0.0002803600574547663,0,2.6190278387318346,0.7126192479070409,89.17133975362088,0.0011631272193417964,0.0009345335493345491,,,
sample,1779735859.438504,50.83592391014099,1.8425,0.034190768934779105,-0.0010404547426223069,0,2.804857690333661,0.722128858229582,89.35741276734089,-0.0044858877843212365,-0.0034681837268973376,,,
sample,1779735859.487165,50.88458490371704,1.8425,0.0,-0.0010404547426223069,0,2.804857690333661,0.722128858229582,89.35741276734089,-0.0044858877843212365,-0.0034681837268973376,,,
sample,1779735859.5376904,50.935110330581665,1.8425,-0.1031990834924616,-0.002671222395875071,0,2.9407646659767814,0.7101207492006524,89.49384920203086,-0.011472727182249327,-0.008904095831108445,,,
sample,1779735859.5870743,50.98449420928955,1.8425,0.0,0.0011841805024971042,0,2.9407646659767814,0.7101207492006524,89.49384920203086,0.00507685084030376,0.003947270186721089,,,
sample,1779735859.6381614,51.03558135032654,1.8425,-0.1842930414752207,0.006275907413378681,0,3.0146983709489272,0.6767774664066175,89.5749538704439,0.026624479103289873,0.0209199660369809,,,
sample,1779735859.6865773,51.08399724960327,1.8425,0.0463576742525701,0.005746969098981204,0,3.037819714224799,0.6776737378552203,89.59809257864877,0.024595975267768123,0.019156774564841297,,,
sample,1779735859.737508,51.13492798805237,1.7624,0.5821732719406179,-0.00219212625193157,0,3.2308163882215726,0.6908943530780844,89.79154154049837,-0.009132050663071805,-0.00730709921099647,,,
sample,1779735859.786594,51.18401384353638,1.7624,0.0,-0.00219212625193157,0,3.2308163882215726,0.6908943530780844,89.79154154049837,-0.009132050663071805,-0.00730709921099647,,,
sample,1779735859.8376353,51.23505520820618,1.8425,0.3287720751941718,-0.0074753583681965476,0,3.3964687038309394,0.7050381597474948,89.95779657631337,-0.032121437522744004,-0.024918325382554476,,,
sample,1779735859.8875968,51.285016775131226,1.8425,0.0,-0.0074753583681965476,0,3.3964687038309394,0.7050381597474948,89.95779657631337,-0.032121437522744004,-0.024918325382554476,,,
sample,1779735859.9379175,51.3353374004364,1.8425,0.07201694504933503,-0.00990496135691955,0,3.5800719225843136,0.7213850868116725,90.14212607466087,-0.04231425871159865,-0.033017617630460176,,,
sample,1779735859.9870338,51.384453773498535,1.8425,0.0,-0.00990496135691955,0,3.5800719225843136,0.7213850868116725,90.14212607466087,-0.04231425871159865,-0.033017617630460176,,,
sample,1779735860.0372174,51.43463730812073,1.7624,-0.17949039750789653,-0.008055352812482743,0,3.726768498608549,0.7241418917736493,90.28884855211689,-0.033533933511720924,-0.02685175683606618,,,
sample,1779735860.0867014,51.484121322631836,1.7624,-0.0004363438698284318,-0.008050168246262276,0,3.7392470234095043,0.7251394303409527,90.3013668852488,-0.03367630438273621,-0.02683447382793841,,,
sample,1779735860.1389153,51.53633522987366,1.9227,0.21768198106198539,-0.012211441231537034,0,3.930773527656524,0.7426430340237595,90.4936915533779,-0.053476440826000206,-0.040706827516405635,,,
sample,1779735860.187657,51.58507704734802,1.9227,0.0,-0.012211441231537034,0,3.930773527656524,0.7426430340237595,90.4936915533779,-0.053476440826000206,-0.040706827516405635,,,
sample,1779735860.2392097,51.636629581451416,1.7624,0.03414732238097618,-0.014188196761427371,0,4.106316665579288,0.7589975724180851,90.6699948834595,-0.05981055084157211,-0.04729716296466908,,,
sample,1779735860.2872083,51.68462824821472,1.7624,0.0,-0.014188196761427371,0,4.106316665579288,0.7589975724180851,90.6699948834595,-0.05981055084157211,-0.04729716296466908,,,
sample,1779735860.3397224,51.73714232444763,1.8425,0.11968634535654311,-0.016060531378021683,0,4.331387764274017,0.7813941550918588,90.89617756710949,-0.06847995587801434,-0.053539708028587464,,,
sample,1779735860.3867164,51.7841362953186,1.8425,0.0,-0.017662314625534532,0,4.331387764274017,0.7813941550918588,90.89617756710949,-0.07560736417613002,-0.05888050494804014,,,
sample,1779735860.4379692,51.835389137268066,1.8425,-0.05196992997686615,-0.01833241113128766,0,4.470025538977789,0.7947978375311302,91.03546177754896,-0.07815038796154009,-0.061114883699350815,,,
sample,1779735860.4873703,51.88479018211365,1.8425,-0.0027742233623552406,-0.0183003347125701,0,4.477158815412476,0.7954874920808109,91.04262831479448,-0.07822668097463545,-0.06100792642458459,,,
sample,1779735860.5407999,51.93821978569031,1.8425,0.17664148014544617,-0.022391246865358202,0,4.6572473171594515,0.814615844752552,91.22372983973949,-0.09505273339447233,-0.06100792642458459,,,
sample,1779735860.5867488,51.98416876792908,1.8425,0.0,-0.022391246865358202,0,4.6572473171594515,0.814615844752552,91.22372983973949,-0.09505273339447233,-0.07464996566794939,,,
sample,1779735860.6377378,52.035157680511475,1.8425,-0.4008410323307431,-0.017674612291713035,0,4.795298798100719,0.8188454913688675,91.36184609982706,-0.07608369759085701,-0.05892150996802946,,,
sample,1779735860.6917686,52.08918857574463,1.8425,0.0,-0.017674612291713035,0,4.795298798100719,0.8188454913688675,91.36184609982706,-0.07608369759085701,-0.05892150996802946,,,
sample,1779735860.7431133,52.140533208847046,1.8425,-0.3178128376467767,-0.01604318208867616,0,4.980025113848115,0.8316236062919832,91.54701383986456,-0.06840067001429699,-0.05348186216069295,,,
sample,1779735860.7918415,52.1892614364624,1.8425,0.0,-0.015124006554271563,0,4.980025113848115,0.8316236062919832,91.54701383986456,-0.0647069193068363,-0.05041719930853688,,,
sample,1779735860.8419094,52.23932933807373,1.8425,-0.0611994638761888,-0.015588607257417212,0,5.162758592536567,0.8437013896316499,91.73014602459456,-0.06626032013791526,-0.051966233605509,,,
sample,1779735860.8897004,52.28712034225464,1.8425,0.0,-0.015588607257417212,0,5.162758592536567,0.8437013896316499,91.73014602459456,-0.06626032013791526,-0.051966233605509,,,
sample,1779735860.9448686,52.34228849411011,1.8425,-0.12019664343252152,-0.014826778109462714,0,5.347608743908336,0.854688494884802,91.91532241332706,-0.0638633600615462,-0.049426215594792926,,,
sample,1779735860.9919972,52.38941717147827,1.8425,0.0,-0.014826778109462714,0,5.347608743908336,0.854688494884802,91.91532241332706,-0.0638633600615462,-0.049426215594792926,,,
sample,1779735861.0450108,52.4424307346344,1.8425,0.0,-0.014826778109462714,0,5.347608743908336,0.854688494884802,91.91532241332706,-0.0638633600615462,-0.049426215594792926,,,
sample,1779735861.0925364,52.48995637893677,1.8425,0.0,-0.014826778109462714,0,5.347608743908336,0.854688494884802,91.91532241332706,-0.0638633600615462,-0.049426215594792926,,,
sample,1779735861.148753,52.546172857284546,1.7624,-0.16953059672795842,-0.014533733609804539,0,5.665895156247744,0.8700912302698888,92.23398129761752,-0.060337356848330186,-0.0484491900453726,,,
sample,1779735861.1894948,52.58691477775574,1.7624,0.0,-0.014533733609804539,0,5.665895156247744,0.8700912302698888,92.23398129761752,-0.060337356848330186,-0.0484491900453726,,,
sample,1779735861.242318,52.63973784446716,1.8425,-0.07971556817478594,-0.012493186045222959,0,5.860042503191421,0.8625223831439743,92.42827612454836,-0.05303135650580634,-0.04164612021123783,,,
sample,1779735861.2898467,52.68726658821106,1.8425,0.0,-0.012493186045222959,0,5.860042503191421,0.8625223831439743,92.42827612454836,-0.05303135650580634,-0.04164612021123783,,,
sample,1779735861.3417296,52.73914957046509,1.8425,0.0398620202542321,-0.01351227256701136,0,6.044780413228822,0.8701395084191828,92.61317100279663,-0.05812799763851659,-0.045043649969281445,,,
sample,1779735861.389755,52.78717494010925,1.8425,0.0,-0.01351227256701136,0,6.044780413228822,0.8701395084191828,92.61317100279663,-0.05812799763851659,-0.045043649969281445,,,
sample,1779735861.4414575,52.8388774394989,1.8425,-0.1689679330297475,-0.013014557643829713,0,6.226943942360169,0.877239994992751,92.79547286305913,-0.055490456699142515,-0.04338430829982621,,,
sample,1779735861.4911826,52.88860249519348,1.8425,0.0,-0.012180293041531138,0,6.226943942360169,0.877239994992751,92.79547286305913,-0.05203293989664445,-0.040602984771659155,,,
sample,1779735861.5431426,52.94056248664856,1.9227,-0.03577282638254164,-0.012044219537096697,0,6.400327502285401,0.8836416158611093,92.96897456219227,-0.05217794082152157,-0.040149339873328894,,,
sample,1779735861.5894387,52.9868586063385,1.9227,-0.004216245326517089,-0.01199920754240153,0,6.4185352427754765,0.8843138771270399,92.98719470897993,-0.052336461888773035,-0.039999278204879175,,,
sample,1779735861.6443238,53.041743755340576,1.8425,0.030926077782044002,-0.013448597859561748,0,6.609361242810006,0.8916838699304035,93.17816297619493,-0.05706868584588792,-0.04483136236935879,,,
sample,1779735861.689644,53.087064027786255,1.8425,0.0,-0.013448597859561748,0,6.609361242810006,0.8916838699304035,93.17816297619493,-0.05706868584588792,-0.04483136236935879,,,
sample,1779735861.7391126,53.13653254508972,1.8425,-0.6101843758496355,-0.004345685024249816,0,6.738624287827858,0.8696552400965923,93.3092896147534,-0.01863999886867302,-0.014485707935041009,,,
sample,1779735861.7865672,53.18398714065552,1.8425,0.0,-0.004345685024249816,0,6.738624287827858,0.8696552400965923,93.3092896147534,-0.01863999886867302,-0.014485707935041009,,,
sample,1779735861.8386774,53.23609733581543,1.8425,-0.20379213353051054,-0.002836400197848363,0,6.924026817630917,0.8692469429828843,93.4946925941359,-0.01221844153069338,-0.009454692681032438,,,
sample,1779735861.8870487,53.28446865081787,1.8425,0.0,-0.0018305409124032331,0,6.924026817630917,0.8692469429828843,93.4946925941359,-0.007807628859125208,-0.006101809856823236,,,
sample,1779735861.9385002,53.335920095443726,1.7624,0.014019089595423211,-0.0020757174515747263,0,7.091101841335451,0.8690040759384255,93.66176779436104,-0.0086967444039878,-0.006919068109091007,,,
sample,1779735861.9865363,53.38395619392395,1.7624,0.0005677847896122874,-0.00208222699841919,0,7.097419346818042,0.8689948925557099,93.6680853065183,-0.008745653867124219,-0.0069407666923564934,,,
sample,1779735862.0398893,53.43730926513672,1.9227,0.033468321538794636,-0.002307725613640152,0,7.289661682029201,0.869058716653059,93.86032765232419,-0.010141401146007195,-0.007692432367738239,,,
sample,1779735862.0873928,53.48481273651123,1.9227,0.0,-0.002307725613640152,0,7.289661682029201,0.869058716653059,93.86032765232419,-0.010141401146007195,-0.007692432367738239,,,
sample,1779735862.1374092,53.53482913970947,1.7624,-0.32620094952924544,0.002092241084235605,0,7.449511158105842,0.8613093405148787,94.02036485997449,0.008795168521411672,0.006974147123834661,,,
sample,1779735862.18785,53.585269927978516,1.7624,0.0,0.002092241084235605,0,7.449511158105842,0.8613093405148787,94.02036485997449,0.008795168521411672,0.006974147123834661,,,
sample,1779735862.2381005,53.635520458221436,1.9227,-0.37015123389228166,0.006075721125926392,0,7.617278405115425,0.8499079840020574,94.18851907520417,0.026330130326455245,0.020252652958458975,,,
sample,1779735862.2879326,53.68535256385803,1.9227,0.0,0.007343578473369285,0,7.617278405115425,0.8499079840020574,94.18851907520417,0.03200875120844613,0.024479034949126708,,,
sample,1779735862.3372087,53.734628677368164,1.9227,-0.025745469494036163,0.008493185132983607,0,7.794618248068589,0.8435472113890794,94.36597295464017,0.03564316888136134,0.02831129785076673,,,
sample,1779735862.3869298,53.7843496799469,1.9227,0.0,0.008493185132983607,0,7.794618248068589,0.8435472113890794,94.36597295464017,0.03564316888136134,0.02831129785076673,,,
sample,1779735862.4404535,53.837873458862305,1.8425,-0.213953317775059,0.011796835628010835,0,7.977970247362706,0.834867467528132,94.54953028519017,0.05041713377271746,0.03932460965106478,,,
sample,1779735862.48703,53.88444995880127,1.8425,0.0,0.011796835628010835,0,7.977970247362706,0.834867467528132,94.54953028519017,0.05041713377271746,0.03932460965106478,,,
sample,1779735862.5378025,53.93522238731384,1.8425,0.13085654787752132,0.01097066707837875,0,8.166308130102282,0.8272054229880064,94.73802395882767,0.046674493605186565,0.03657035742135942,,,
sample,1779735862.5867467,53.984166622161865,1.8425,0.0,0.01097066707837875,0,8.166308130102282,0.8272054229880064,94.73802395882767,0.046674493605186565,0.03657035742135942,,,
sample,1779735862.6428785,54.04029846191406,1.7624,0.24125265145116762,0.009229536255120956,0,8.340670032449204,0.8224759065811773,94.91244999276607,0.03864303984448009,0.03076599444900291,,,
sample,1779735862.6885514,54.08597135543823,1.7624,0.0,0.008391197550098983,0,8.340670032449204,0.8224759065811773,94.91244999276607,0.03515936377772613,0.027971315010653034,,,
sample,1779735862.7412682,54.13868808746338,1.8425,0.24898946180117065,0.005346932226453567,0,8.525182863637857,0.8198940065057843,95.09698088741857,0.022818011291477848,0.01782327727579208,,,
sample,1779735862.7870657,54.18448567390442,1.8425,0.0,0.005346932226453567,0,8.525182863637857,0.8198940065057843,95.09698088741857,0.022818011291477848,0.01782327727579208,,,
sample,1779735862.8424964,54.23991632461548,1.8425,0.003814663423109746,0.005294145072600057,0,8.534920279907208,0.8197961176574193,95.10671879570675,0.022676997007518043,0.017647315115126534,,,
sample,1779735862.8870263,54.284446239471436,1.8425,0.0,0.005294145072600057,0,8.534920279907208,0.8197961176574193,95.10671879570675,0.022676997007518043,0.017647315115126534,,,
sample,1779735862.9385662,54.33598613739014,1.8425,0.6213612658268144,0.005294145072600057,0,8.90906455056308,0.8555017900511043,95.48256295264643,0.022676997007518043,0.017647315115126534,,,
sample,1779735862.9883416,54.38576149940491,1.8425,0.0,-0.005418416765560258,0,8.90906455056308,0.8555017900511043,95.48256295264643,-0.022982331593871034,-0.01806156597683173,,,
sample,1779735863.0376365,54.43505644798279,1.8425,0.32614567675917716,-0.010481990360598633,0,9.093079501747177,0.8763285988586634,95.66775274238763,-0.04519113358319559,-0.03494124756770661,,,
sample,1779735863.0877335,54.48515343666077,1.8425,0.0,-0.01096467709659195,0,9.093079501747177,0.8763285988586634,95.66775274238763,-0.047126364989837244,-0.036550388413431084,,,
sample,1779735863.1389756,54.53639554977417,1.7624,0.3038099763774539,-0.015933595931362055,0,9.268454854940142,0.8850852349363486,95.84334657252684,-0.06621864236267204,-0.053116481575517245,,,
sample,1779735863.188765,54.58618497848511,1.7624,0.0,-0.015933595931362055,0,9.268454854940142,0.8850852349363486,95.84334657252684,-0.06621864236267204,-0.053116481575517245,,,
sample,1779735863.2375014,54.63492131233215,1.8425,0.20413875606084808,-0.018607709640011672,0,9.453839357693655,0.8961916000542756,96.02906346784684,-0.08036085812043396,-0.06203285852609617,,,
sample,1779735863.286726,54.6841459274292,1.8425,0.0,-0.018607709640011672,0,9.453839357693655,0.8961916000542756,96.02906346784684,-0.08036085812043396,-0.06203285852609617,,,
sample,1779735863.3382819,54.7357017993927,1.8425,0.4494450329197746,-0.025067906657456607,0,9.665705182129905,0.9055174988897119,96.24113444642039,-0.10678042874600277,-0.0835771962267919,,,
sample,1779735863.3865032,54.78392314910889,1.8425,0.0,-0.025067906657456607,0,9.665705182129905,0.9055174988897119,96.24113444642039,-0.10678042874600277,-0.0835771962267919,,,
sample,1779735863.439569,54.83698892593384,1.8425,0.0,-0.025809192017176477,0,9.781580943183084,0.915158488401099,96.35741058618437,-0.11061183827625952,-0.0860497472308114,,,
sample,1779735863.4869769,54.88439679145813,1.8425,0.0,-0.026179824109204015,0,9.813419729727622,0.9178075101148839,96.3893593834179,-0.11142739159850339,-0.08728602273282117,,,
sample,1779735863.5380769,54.93549680709839,1.8425,0.002573626881334683,-0.027324188864654403,0,9.996897820215512,0.9330973839967198,96.5734734511379,-0.11780475101472855,-0.09110330359600839,,,
sample,1779735863.5866976,54.98411750793457,1.8425,0.0,-0.027324188864654403,0,9.996897820215512,0.9330973839967198,96.5734734511379,-0.11780475101472855,-0.09110330359600839,,,
sample,1779735863.6375656,55.03498554229736,1.8425,0.049400206418029405,-0.02943337598423148,0,10.181552426331706,0.9489526392325383,96.7588075081229,-0.1261732654741631,-0.09813959513419376,,,
sample,1779735863.6876972,55.08511710166931,1.8425,0.0,-0.02943337598423148,0,10.181552426331706,0.9489526392325383,96.7588075081229,-0.1261732654741631,-0.09813959513419376,,,
sample,1779735863.7395263,55.13694620132446,1.8425,-0.16688946885094483,-0.02880161316541433,0,10.366846530959794,0.9632494019753244,96.9446523429579,-0.12272749043129129,-0.09603193256982755,,,
sample,1779735863.7869546,55.18437457084656,1.8425,0.0,-0.02880161316541433,0,10.366846530959794,0.9632494019753244,96.9446523429579,-0.12272749043129129,-0.09603193256982755,,,
sample,1779735863.837351,55.23477101325989,1.8425,-0.7971395209250817,-0.016291068585692688,0,10.5057871764454,0.9298594912110612,97.08754877086567,-0.07036460971521882,-0.05430836649784436,,,
sample,1779735863.887154,55.284574031829834,1.8425,0.009651429375846052,-0.016568965789265717,0,10.527974544158246,0.9306877361172257,97.10975159221003,-0.07080529478817682,-0.05523494061769631,,,
sample,1779735863.9380534,55.33547329902649,1.8425,-0.12777500316791976,-0.015600526909226904,0,10.71140463908401,0.9363407476232957,97.29326877468503,-0.0662352757286155,-0.052005975442263055,,,
sample,1779735863.9874492,55.38486909866333,1.8425,0.0,-0.015600526909226904,0,10.71140463908401,0.9363407476232957,97.29326877468503,-0.0662352757286155,-0.052005975442263055,,,
sample,1779735864.0369987,55.43441867828369,1.7624,-0.21955329249968197,-0.013811173746963504,0,10.888212602124003,0.93986496476595,97.47011185739063,-0.0577966051651931,-0.04604017322541028,,,
sample,1779735864.0865805,55.48400044441223,1.7624,0.0,-0.013811173746963504,0,10.888212602124003,0.93986496476595,97.47011185739063,-0.0577966051651931,-0.04604017322541028,,,
sample,1779735864.1379404,55.53536033630371,1.9227,-0.2847429296707513,-0.010942599577914337,0,11.080580248131096,0.9408855716404463,97.66248221079444,-0.048263931135131485,-0.03647678785409938,,,
sample,1779735864.1869514,55.58437132835388,1.9227,0.0,-0.009599082738012693,0,11.080580248131096,0.9408855716404463,97.66248221079444,-0.042026337944338694,-0.03199792525450918,,,
sample,1779735864.238357,55.63577699661255,1.7624,-0.1221190258852417,-0.013565918811270658,0,11.244416226860352,0.9406468821102163,97.82631836339472,-0.05685285285169622,-0.04522250356665524,,,
sample,1779735864.288072,55.68549203872681,1.7624,-0.009750002804200582,-0.013450394177005616,0,11.25706672105152,0.9406284518451482,97.83896887101123,-0.056648515723898014,-0.04483735117741554,,,
sample,1779735864.3410609,55.73848080635071,1.9227,-0.09179203584868126,-0.015397862726488229,0,11.448905822449492,0.9394158539510116,98.03081180473264,-0.06777588963087991,-0.051330265854788455,,,
sample,1779735864.3875875,55.78500747680664,1.9227,0.0,-0.015397862726488229,0,11.448905822449492,0.9394158539510116,98.03081180473264,-0.06777588963087991,-0.051330265854788455,,,
sample,1779735864.4382925,55.83571243286133,1.9227,0.0,-0.015397862726488229,0,11.448905822449492,0.9394158539510116,98.03081180473264,-0.06777588963087991,-0.051330265854788455,,,
sample,1779735864.4886656,55.886085510253906,1.7624,-0.333133478491444,-0.011292836853269626,0,11.663802323030778,0.9223537972894845,98.24638457606427,-0.04764101987496157,-0.037644389764476927,,,
sample,1779735864.5385058,55.93592572212219,1.9227,-0.08200243622026311,0.0077963181827434445,0,11.787540649204285,0.9189886709303973,98.37016865193688,0.0343079071271329,0.025988253822293285,,,
sample,1779735864.5871594,55.98457932472229,1.9227,0.0,0.012532292107877858,0,11.787540649204285,0.9189886709303973,98.37016865193688,0.05504067233053719,0.041776494164844656,,,
sample,1779735864.6376107,56.03503060340881,1.7624,-0.16649319170494556,0.025418480086984337,0,11.965702550271343,0.9126454603333791,98.54844343790649,0.10541310904406126,0.08474651929361039,,,
sample,1779735864.6872954,56.084715366363525,1.7624,0.0,0.025418480086984337,0,11.965702550271343,0.9126454603333791,98.54844343790649,0.10541310904406126,0.08474651929361039,,,
sample,1779735864.7401962,56.13761615753174,1.8425,-0.007125713935989902,0.042919371542867145,0,12.149824010493369,0.9060205732033088,98.73268404484149,0.18401352981398497,0.1431524816869446,,,
sample,1779735864.7881982,56.18561816215515,1.8425,0.0,0.042919371542867145,0,12.149824010493369,0.9060205732033088,98.73268404484149,0.18401352981398497,0.1431524816869446,,,
sample,1779735864.8393645,56.2367844581604,1.8425,-0.18076219012037434,0.059021403585837205,0,12.334519606133888,0.897663961355074,98.917568592629,0.25509235161993965,0.19696677805508922,,,
sample,1779735864.8873007,56.28472065925598,1.8425,0.0,0.059021403585837205,0,12.334519606133888,0.897663961355074,98.917568592629,0.25509235161993965,0.19696677805508922,,,
sample,1779735864.9375744,56.334994316101074,1.7624,0.30845765069588377,0.06263853655649086,0,12.438580738606946,0.8961266946150553,99.02164107929384,0.26352558460429876,0.20906862633424791,,,
sample,1779735864.9874952,56.3849151134491,1.7624,0.03327276703505932,0.062253820098219184,0,12.473278118448519,0.8951533101092343,99.05635210989315,0.2653986810335293,0.20778122438984442,,,
sample,1779735865.0393505,56.43677043914795,1.8425,0.32873941245573135,0.08270927968405137,0,12.657207587916426,0.8931301331499572,99.24029270623815,0.36466544208544954,0.27632799029926447,,,
sample,1779735865.0868804,56.48430037498474,1.8425,0.0,0.08270927968405137,0,12.657207587916426,0.8931301331499572,99.24029270623815,0.36466544208544954,0.27632799029926447,,,
sample,1779735865.1399481,56.537368059158325,1.8425,0.4373187332230771,0.11313350805077914,0,12.841084048029568,0.8953750439303557,99.42418286967315,0.5102350613782733,0.3787288816402771,,,
sample,1779735865.1865156,56.583935499191284,1.8425,0.0,0.11313350805077914,0,12.841084048029568,0.8953750439303557,99.42418286967315,0.5102350613782733,0.3787288816402771,,,
sample,1779735865.2377238,56.635143756866455,1.7624,0.468175288210218,0.12657661284366944,0,13.028043878435628,0.9021426965693506,99.61126514918594,0.5506859214630897,0.4241898718644313,,,
sample,1779735865.286604,56.6840238571167,1.7624,0.0,0.12657661284366944,0,13.028043878435628,0.9021426965693506,99.61126514918594,0.5506859214630897,0.4241898718644313,,,
sample,1779735865.3379524,56.73537230491638,1.7624,0.6004547832445907,0.12934252681118902,0,13.168903826754445,0.9122886509807769,99.75249002458436,0.5800780638627021,0.4335622150019332,,,
sample,1779735865.3876843,56.785104274749756,1.7624,0.09831572773546353,0.13296851589231137,0,13.191241531989355,0.9138976061285975,99.77488560030434,0.5956040363121237,0.44585917864035907,,,
sample,1779735865.4380815,56.83550143241882,1.7624,0.993189055137518,0.14132096357556295,0,13.36613983872643,0.9353343105129296,99.95109272273234,0.64368587165743,0.4742311439296942,,,
sample,1779735865.4873204,56.884740352630615,1.7624,0.0,0.14132096357556295,0,13.36613983872643,0.9353343105129296,99.95109272273234,0.64368587165743,0.4742311439296942,,,
sample,1779735865.5378978,56.93531775474548,1.7624,2.3711699140048856,0.13869663750952801,0,13.544536034323459,0.9975788988487464,100.14003607768453,0.6254573157603409,0.46530964135437697,,,
sample,1779735865.5869346,56.9843544960022,1.7624,0.0,0.13869663750952801,0,13.544536034323459,0.9975788988487464,100.14003607768453,0.6254573157603409,0.46530964135437697,,,
sample,1779735865.6373377,57.03475761413574,1.7624,1.5666006608573326,0.13845634951869898,0,13.712930096722857,1.0535413507889397,100.31748566567653,0.6264351231682976,0.4644931011114079,,,
sample,1779735865.689631,57.087050914764404,1.7624,0.0,0.14071388881672534,0,13.712930096722857,1.0535413507889397,100.31748566567653,0.6331111799067759,0.4721667809860354,,,
sample,1779735865.7417483,57.13916826248169,1.6823,0.0,0.15159945012586218,0,13.859433131241232,1.102228750519707,100.47186701822804,0.6816084212845203,0.5092386651795284,,,
sample,1779735865.790139,57.18755888938904,1.6823,0.0,0.15612825837165217,0,13.872825438478706,1.1066794202135588,100.48597950751471,0.6958605694710437,0.5246978227588102,,,
sample,1779735865.8421266,57.23954653739929,1.6823,3.146240102513148,0.13025217801337502,0,14.020211889492654,1.1842390522097528,100.65252758603222,0.5704300790080726,0.43664604922818234,,,
sample,1779735865.8904836,57.28790354728699,1.6823,0.0,0.13025217801337502,0,14.020211889492654,1.1842390522097528,100.65252758603222,0.5704300790080726,0.43664604922818234,,,
sample,1779735865.9479136,57.34533357620239,1.7624,1.7982316324256458,0.12328343755067542,0,14.169991093027962,1.2840233043981368,100.83250176972662,0.5474974617701489,0.41303948420614117,,,
sample,1779735865.9914684,57.388888359069824,1.7624,0.0,0.12328343755067542,0,14.169991093027962,1.2840233043981368,100.83250176972662,0.5474974617701489,0.41303948420614117,,,
sample,1779735866.04004,57.43745994567871,1.6823,1.1820723917613905,0.12007061179934485,0,14.248746081005242,1.348759811928954,100.93444863597855,0.5161466322879507,0.4021699209075595,,,
sample,1779735866.0937557,57.49117565155029,1.6823,1.3271445565318454,0.11221690423202571,0,14.323231185705552,1.412006074534632,101.0321631208608,0.47796200101103853,0.37563441490292643,,,
sample,1779735866.1436346,57.541054487228394,1.7624,3.054324801382701,0.08822603846874018,0,14.421411106553583,1.5541871303405799,101.20494839074172,0.3765078945305688,0.2948522190757037,,,
sample,1779735866.189698,57.58711791038513,1.7624,0.06754577372360462,0.08753486791643686,0,14.424702078644563,1.5581026510746945,101.2100632514361,0.3741227035169762,0.29253043215364966,,,
sample,1779735866.2408702,57.63829016685486,1.6823,1.7918466168748222,0.07542086360441147,0,14.519722219799592,1.6948531366550972,101.3765850894382,0.3136971741839761,0.2518806513547734,,,
sample,1779735866.2897222,57.68714213371277,1.6823,0.0,0.07542086360441147,0,14.519722219799592,1.6948531366550972,101.3765850894382,0.3136971741839761,0.2518806513547734,,,
sample,1779735866.343523,57.74094295501709,1.7624,1.1698215779225039,0.07008952512302521,0,14.611856794855601,1.8470621569364436,101.5545074482798,0.29601543838314376,0.23401507890025222,,,
sample,1779735866.389724,57.78714394569397,1.7624,0.0,0.07008952512302521,0,14.611856794855601,1.8470621569364436,101.5545074482798,0.29601543838314376,0.23401507890025222,,,
sample,1779735866.4445353,57.84195518493652,1.7624,1.3705907748164707,0.06265422132266261,0,14.691824717452308,2.0048040666749722,101.7313615653718,0.2656000473825522,0.20912111461267638,,,
sample,1779735866.4897773,57.88719725608826,1.7624,0.0,0.059000221337877974,0,14.691824717452308,2.0048040666749722,101.7313615653718,0.2505609992571013,0.1968959241151801,,,
sample,1779735866.5436916,57.94111156463623,1.7624,1.3282200067553156,0.049601551964421904,0,14.76036839634715,2.1680227682777486,101.9083886267758,0.20808349557460407,0.1654742350019272,,,
sample,1779735866.5889187,57.98633861541748,1.7624,0.0,0.049601551964421904,0,14.76036839634715,2.1680227682777486,101.9083886267758,0.20808349557460407,0.1654742350019272,,,
sample,1779735866.6412113,58.038631200790405,1.7624,0.5640992494976469,0.05493045268032671,0,14.906355943073692,2.2808424201779847,102.092889677326,0.23422252288303644,0.18328589220619074,,,
sample,1779735866.6877823,58.08520221710205,1.7624,0.0,0.05493045268032671,0,14.906355943073692,2.2808424201779847,102.092889677326,0.23422252288303644,0.18328589220619074,,,
sample,1779735866.7396975,58.13711738586426,1.7624,0.8753174687805452,0.05946577769727412,0,15.005836639744714,2.4692517030093195,102.30594945031746,0.24940747190063917,0.1984532361922244,,,
sample,1779735866.7864232,58.18384313583374,1.7624,0.0,0.05946577769727412,0,15.005836639744714,2.4692517030093195,102.30594945031746,0.24940747190063917,0.1984532361922244,,,
sample,1779735866.837786,58.23520588874817,1.7624,0.5238524965512746,0.05440215221087302,0,15.028841944985746,2.549612337212395,102.38953817921528,0.2306311839178304,0.18151961751240586,,,
sample,1779735866.8871455,58.284565448760986,1.7624,0.3427850635022104,0.051764218442749976,0,15.043308457888806,2.600145818051567,102.44210159502225,0.21936483833372322,0.17270167572656908,,,
sample,1779735866.9381635,58.335583448410034,1.7624,0.8456736261064502,0.04607146179273872,0,15.083602387924975,2.767941683078592,102.61466767835824,0.19256893125835198,0.1536802875792081,,,
sample,1779735866.9884615,58.385881423950195,1.7624,0.0,0.04607146179273872,0,15.083602387924975,2.767941683078592,102.61466767835824,0.19256893125835198,0.1536802875792081,,,
sample,1779735867.0397341,58.437154054641724,1.8425,0.6736398828150439,0.04073321048753702,0,15.121856960093076,2.9555636112925687,102.80614979302824,0.17353442136526478,0.13585251184798858,,,
sample,1779735867.0875833,58.48500323295593,1.8425,0.0,0.04073321048753702,0,15.121856960093076,2.9555636112925687,102.80614979302824,0.17353442136526478,0.13585251184798858,,,
sample,1779735867.1369305,58.53435039520264,1.7624,-0.7624889106813155,0.06470917495367215,0,15.247825517011243,3.0502701910993335,102.96374869401026,0.2654891079706586,0.21599881635367127,,,
sample,1779735867.1872342,58.584654092788696,1.7624,0.0,0.06095729707612866,0,15.247825517011243,3.0502701910993335,102.96374869401026,0.2596631747126025,0.20344303670448466,,,
sample,1779735867.2388802,58.6363000869751,1.7624,0.39247372463969693,0.05927096418227506,0,15.276593817931602,3.182913164035822,103.0994755277878,0.2504810524550559,0.1978015636166702,,,
sample,1779735867.286573,58.683992862701416,1.7624,0.10304358857018767,0.05912149593575893,0,15.283568759248233,3.215072760629902,103.13238281359907,0.2480480450185612,0.19730158615501187,,,
sample,1779735867.338188,58.735607862472534,1.8425,0.7336218935423695,0.05122884849504951,0,15.313845165040775,3.3856032793844677,103.30558015357407,0.22138594940230588,0.17091236833256332,,,
sample,1779735867.3867264,58.784146308898926,1.8425,0.0,0.05122884849504951,0,15.313845165040775,3.3856032793844677,103.30558015357407,0.22138594940230588,0.17091236833256332,,,
sample,1779735867.43877,58.83618998527527,1.7624,0.7160260842258159,0.04656511719417283,0,15.33968043961426,3.571017349973953,103.49278549266687,0.19476764749903047,0.15532934094092823,,,
sample,1779735867.4866025,58.88402247428894,1.7624,0.0,0.04656511719417283,0,15.33968043961426,3.571017349973953,103.49278549266687,0.19476764749903047,0.15532934094092823,,,
sample,1779735867.5396562,58.93707609176636,1.7624,0.7025616065581249,0.042680032262343924,0,15.358450434298348,3.755906870725951,103.67862533657647,0.18111162549730273,0.14235322087761174,,,
sample,1779735867.5871277,58.98454761505127,1.7624,0.0,0.0391597063708462,0,15.358450434298348,3.755906870725951,103.67862533657647,0.16563790648534152,0.13059911855397244,,,
sample,1779735867.6377137,59.035133600234985,1.7624,0.6962196794801985,0.03457839747604469,0,15.396851591656347,3.8883738099866805,103.81654610688878,0.14493265017422471,0.11530728490071117,,,
sample,1779735867.6866217,59.084041595458984,1.7624,0.031640920601104176,0.03421202750251265,0,15.397652005840675,3.9007840659893582,103.8289821479356,0.14408194708867383,0.11408460574530419,,,
sample,1779735867.73901,59.13643002510071,1.8425,0.7016098486466932,0.025053025347477723,0,15.402575201427695,4.0787880038662525,104.0070541551531,0.1070120212137257,0.08352756069426745,,,
sample,1779735867.786708,59.18412804603577,1.8425,0.0,0.025053025347477723,0,15.402575201427695,4.0787880038662525,104.0070541551531,0.1070120212137257,0.08352756069426745,,,
sample,1779735867.837432,59.2348518371582,1.7624,0.6222262575830422,0.018437399776487732,0,15.401887686537508,4.254580148362434,104.1828476440635,0.07754047545250589,0.061464964165868254,,,
sample,1779735867.8873053,59.284725189208984,1.7624,0.0,0.018437399776487732,0,15.401887686537508,4.254580148362434,104.1828476440635,0.07754047545250589,0.061464964165868254,,,
sample,1779735867.9375339,59.33495378494263,1.8425,0.7601800392526598,0.01121006602543004,0,15.394114580283135,4.4391330144413335,104.367564133741,0.04778369162981511,0.03736845207395219,,,
sample,1779735867.9873502,59.384770154953,1.8425,0.0,0.008023889543206127,0,15.394114580283135,4.4391330144413335,104.367564133741,0.03435206307142511,0.02674687249269532,,,
sample,1779735868.037718,59.43513798713684,1.7624,0.6537784251409847,-0.0007099222754537287,0,15.380608587371398,4.617912378538044,104.54685293113603,-0.0029419838112770564,-0.002366407982394143,,,
sample,1779735868.0942297,59.49164962768555,1.7624,0.006711086390139879,-0.0008014388146305819,0,15.3804530361527,4.619971416192339,104.5489178360354,-0.003323896730684008,-0.0026714632873993042,,,
sample,1779735868.1384232,59.53584313392639,1.8425,0.36590247519348795,-0.006134855019608314,0,15.364117250662945,4.797863586248424,104.7275584866579,-0.026371709222709903,-0.020449773284934844,,,
sample,1779735868.1868083,59.58422827720642,1.8425,0.0,-0.006134855019608314,0,15.364117250662945,4.797863586248424,104.7275584866579,-0.026371709222709903,-0.020449773284934844,,,
sample,1779735868.2387114,59.636131286621094,1.8425,0.6478894761047437,-0.012296107318452945,0,15.38291515566357,4.996590226395902,104.92717221047647,-0.05282530659750708,-0.04098909018731953,,,
sample,1779735868.2865436,59.68396353721619,1.8425,0.0,-0.012296107318452945,0,15.38291515566357,4.996590226395902,104.92717221047647,-0.05282530659750708,-0.04098909018731953,,,
sample,1779735868.339546,59.7369658946991,1.7624,0.4293825085204528,-0.019853194125950928,0,15.363070648289323,5.122101261126007,105.05424236555605,-0.0825498230466544,-0.06618600970517938,,,
sample,1779735868.3878849,59.78530478477478,1.7624,0.1831442557647295,-0.022705492777473732,0,15.355351120010647,5.170925147938244,105.10367275135567,-0.09442167050936975,-0.07569798480330446,,,
sample,1779735868.4392335,59.83665347099304,1.8425,0.09012133567255316,-0.026387455287863237,0,15.324471044396992,5.360540435320896,105.29578609362818,-0.11217153185380073,-0.08797860501042767,,,
sample,1779735868.4867191,59.88413906097412,1.8425,0.0,-0.026387455287863237,0,15.324471044396992,5.360540435320896,105.29578609362818,-0.11217153185380073,-0.08797860501042767,,,
sample,1779735868.5382504,59.935670375823975,1.8425,0.009380193244390296,-0.028662374812429628,0,15.296069224879673,5.534408511522564,105.47195865469818,-0.12307115318605828,-0.09556742136453858,,,
sample,1779735868.586889,59.98430895805359,1.8425,0.0,-0.028662374812429628,0,15.296069224879673,5.534408511522564,105.47195865469818,-0.12307115318605828,-0.09556742136453858,,,
sample,1779735868.6423874,60.03980731964111,1.8425,-0.01733208718163494,-0.0313045664705453,0,15.266506645132313,5.716483023002436,105.65641752234069,-0.1336171643402426,-0.1043826546243476,,,
sample,1779735868.6916907,60.08911061286926,1.8425,0.0,-0.0313045664705453,0,15.266506645132313,5.716483023002436,105.65641752234069,-0.1336171643402426,-0.1043826546243476,,,
sample,1779735868.7412999,60.1387197971344,1.8425,-0.03743064675138654,-0.03298913974161095,0,15.244068309293734,5.85682045895814,105.79853745354609,-0.14036752719660905,-0.11000370710149623,,,
sample,1779735868.7913244,60.18874430656433,1.8425,0.0,-0.03298913974161095,0,15.244068309293734,5.85682045895814,105.79853745354609,-0.14036752719660905,-0.11000370710149623,,,
sample,1779735868.8384845,60.23590445518494,1.8425,0.0,-0.03298913974161095,0,15.244068309293734,5.85682045895814,105.79853745354609,-0.14036752719660905,-0.11000370710149623,,,
sample,1779735868.8875313,60.28495121002197,1.8425,-0.5218777045076308,-0.02715378957848198,0,15.242020735012503,6.059656225050457,106.00138355423992,-0.11552823808791139,-0.09053488433255545,,,
sample,1779735868.9377334,60.335153341293335,1.8425,-0.24838530893997424,-0.025616619316518045,0,15.222492026201774,6.242242813056837,106.18501152756541,-0.11034075656882616,-0.08540741363910004,,,
sample,1779735868.986649,60.384068965911865,1.8425,0.0,-0.025616619316518045,0,15.222492026201774,6.242242813056837,106.18501152756541,-0.11034075656882616,-0.08540741363910004,,,
sample,1779735869.0383863,60.43580627441406,1.8425,0.014608414113438176,-0.03239938172872968,0,15.200175030618084,6.424571983597705,106.3687014149354,-0.13878503725125496,-0.1080357441663259,,,
sample,1779735869.0870106,60.48443055152893,1.8425,0.0,-0.03239938172872968,0,15.200175030618084,6.424571983597705,106.3687014149354,-0.13878503725125496,-0.1080357441663259,,,
sample,1779735869.138311,60.535730838775635,1.8425,-0.23165806824807986,-0.031098554571524262,0,15.181195685170854,6.598021663650153,106.54318639154916,-0.13436506308803875,-0.1036952793234237,,,
sample,1779735869.186949,60.58436894416809,1.8425,-0.018922915363077237,-0.03137302094520776,0,15.17972581593759,6.611454600467569,106.5566995076629,-0.13366321928631164,-0.10461106045515024,,,
sample,1779735869.242821,60.64024090766907,1.8425,-0.43212787587530194,-0.03132361263746055,0,15.164210477913203,6.793881718344222,106.7397852227004,-0.1349968251732227,-0.10444620414192547,,,
sample,1779735869.2870033,60.684423208236694,1.8425,0.0,-0.03132361263746055,0,15.164210477913203,6.793881718344222,106.7397852227004,-0.1349968251732227,-0.10444620414192547,,,
sample,1779735869.3442764,60.74169635772705,1.8425,0.006060316540830994,-0.03178897102553239,0,15.159809647608624,6.8447389786484045,106.79083253637133,-0.13704978410106447,-0.10599894450189419,,,
sample,1779735869.387644,60.78506398200989,1.8425,0.0,-0.03178897102553239,0,15.159809647608624,6.8447389786484045,106.79083253637133,-0.13704978410106447,-0.10599894450189419,,,
sample,1779735869.4372983,60.834718227386475,1.8425,-0.5040402389915686,-0.03178897102553239,0,15.167066925101464,7.124635276873252,107.07082290377096,-0.13704978410106447,-0.10599894450189419,,,
sample,1779735869.488825,60.886245012283325,1.8425,0.0,-0.02993563998506971,0,15.167066925101464,7.124635276873252,107.07082290377096,-0.1278904473391467,-0.09981528463930416,,,
sample,1779735869.5373023,60.93472218513489,1.8425,-0.4669342016083985,-0.03979671500780191,0,15.176045825438639,7.284945508502052,107.231384390486,-0.09452342781080679,-0.1327257935125966,,,
sample,1779735869.587456,60.98487591743469,1.8425,-0.00045189535074671976,-0.03978721126343961,0,15.176028599584171,7.285404571147941,107.23184377620946,-0.09450995662632276,-0.13269406415095153,,,
sample,1779735869.6375384,61.034958362579346,1.8425,-0.037618430836019526,-0.03899716952278393,0,15.169234351480629,7.476053794851462,107.42261402626445,-0.096525092828933,-0.13005650083625286,,,
sample,1779735869.6872053,61.084625244140625,1.8425,0.0,-0.03899716952278393,0,15.169234351480629,7.476053794851462,107.42261402626445,-0.096525092828933,-0.13005650083625286,,,
sample,1779735869.7399642,61.13738417625427,1.8425,-0.17492356636141315,-0.0352818699619463,0,15.164336412719242,7.661583863979941,107.60820873619696,-0.09102427668227939,-0.11765505666904101,,,
sample,1779735869.7935946,61.191014528274536,1.8425,0.0,-0.0352818699619463,0,15.164336412719242,7.661583863979941,107.60820873619696,-0.09102427668227939,-0.11765505666904101,,,
sample,1779735869.837577,61.234997034072876,1.8425,-0.10776259381079181,-0.033425537977280914,0,15.162004744025756,7.782312833040193,107.72896021920751,-0.08868360064800894,-0.11145997318447959,,,
sample,1779735869.8873622,61.28478217124939,1.8425,-0.03222854920434611,-0.032847806041148266,0,15.160657377800991,7.835531424652125,107.78219586411673,-0.08825709025916693,-0.1095320838872977,,,
sample,1779735869.9381585,61.33557844161987,1.8425,-0.43667089349862637,-0.024662996667037116,0,15.160410105805385,7.9963244148219355,107.94298904441736,-0.06887247523390265,-0.08222666138922198,,,
sample,1779735869.9876907,61.38511061668396,1.8425,0.0,-0.024662996667037116,0,15.160410105805385,7.9963244148219355,107.94298904441736,-0.06887247523390265,-0.08222666138922198,,,
sample,1779735870.037962,61.43538188934326,1.8425,-0.3664508102344815,-0.018077762740337632,0,15.164156292529853,8.180348061138194,108.12705081752222,-0.052888096724226015,-0.0602657743397829,,,
sample,1779735870.0869975,61.48441743850708,1.8425,0.0,-0.018077762740337632,0,15.164156292529853,8.180348061138194,108.12705081752222,-0.052888096724226015,-0.0602657743397829,,,
sample,1779735870.1379888,61.53540873527527,1.8425,-0.16280231358941002,-0.015242749567950539,0,15.169604858321033,8.369119386959353,108.31590075880221,-0.046902681375942105,-0.050813100616681435,,,
sample,1779735870.1867874,61.58420729637146,1.8425,0.0,-0.015242749567950539,0,15.169604858321033,8.369119386959353,108.31590075880221,-0.046902681375942105,-0.050813100616681435,,,
sample,1779735870.23737,61.63478994369507,1.8425,-0.23641109464704216,-0.012285429181471364,0,15.176870753283678,8.547046843884422,108.49397650997972,-0.039243366143122044,-0.04095349101993491,,,
sample,1779735870.2886147,61.68603467941284,1.8425,0.0,-0.011358705052375089,0,15.176870753283678,8.547046843884422,108.49397650997972,-0.03674439418057601,-0.0378639785943741,,,
sample,1779735870.3373542,61.734774112701416,1.8425,-0.058554471578842415,-0.010476901529483312,0,15.185231960252498,8.738399438828887,108.68551169049222,-0.03587826295138293,-0.034924282934354914,,,
sample,1779735870.387341,61.78476095199585,1.8425,0.0,-0.010476901529483312,0,15.185231960252498,8.738399438828887,108.68551169049222,-0.03587826295138293,-0.034924282934354914,,,
sample,1779735870.4374266,61.83484649658203,1.8425,0.04918986909039053,-0.010650688174562424,0,15.197346998032808,8.884283224409337,108.8318976633028,-0.03818659611728249,-0.03550363640257171,,,
sample,1779735870.486699,61.88411903381348,1.8425,0.0,-0.010650688174562424,0,15.197346998032808,8.884283224409337,108.8318976633028,-0.03818659611728249,-0.03550363640257171,,,
sample,1779735870.537469,61.93488883972168,1.9227,0.04803061626052126,-0.010854723035151979,0,15.205947464674917,9.106031974712112,109.0538131343437,-0.04373638400984995,-0.03618383124845536,,,
sample,1779735870.587469,61.98488903045654,1.9227,0.0,-0.010854723035151979,0,15.205947464674917,9.106031974712112,109.0538131343437,-0.04373638400984995,-0.03618383124845536,,,
sample,1779735870.6375055,62.03492546081543,1.8425,0.0,-0.011330396356387483,0,15.210507979393482,9.223617273471042,109.17148683904753,-0.04558757820532632,-0.03618383124845536,,,
sample,1779735870.6864502,62.08387017250061,1.8425,0.0,-0.011330396356387645,0,15.212038940332182,9.263090558938682,109.21098980231619,-0.04624463690944234,-0.03776960412904735,,,
sample,1779735870.737696,62.1351158618927,1.8425,-0.07414335103113126,-0.005741085963387337,0,15.219945458889242,9.448730734963236,109.39679827357119,-0.024683530177947166,-0.01913716346582309,,,
sample,1779735870.7886152,62.18603515625,1.8425,0.0,-0.005741085963387337,0,15.219945458889242,9.448730734963236,109.39679827357119,-0.024683530177947166,-0.01913716346582309,,,
sample,1779735870.8387132,62.236133098602295,1.8425,-0.2778840255774071,-0.001493237388991745,0,15.230034242169472,9.627146735012767,109.57549928817869,-0.006368284552732716,-0.004977461662817855,,,
sample,1779735870.8900905,62.28751039505005,1.8425,0.0,-0.001493237388991745,0,15.230034242169472,9.627146735012767,109.57549928817869,-0.006368284552732716,-0.004977461662817855,,,
sample,1779735870.9447165,62.34213638305664,1.8425,-0.3494660229072773,0.005241981353691378,0,15.255511329780242,9.779159575046954,109.72963230063347,0.02238742891600208,0.017473431226391924,,,
sample,1779735870.992277,62.38969683647156,1.8425,0.0,0.005241981353691378,0,15.255511329780242,9.779159575046954,109.72963230063347,0.02238742891600208,0.017473431226391924,,,
sample,1779735871.045221,62.44264101982117,1.8425,0.0032405965981168695,0.015131307461243838,0,15.266713032314923,9.927584852848533,109.87847967625747,0.06471567989518971,0.05044154123523904,,,
sample,1779735871.0903528,62.487772703170776,1.8425,0.0017081302478670975,0.015449858512615005,0,15.271746222323259,9.99427584226756,109.94536032421597,0.06650653838041831,0.05150362638033131,,,
sample,1779735871.1429508,62.54037070274353,1.8425,-0.09332499567815711,0.026576275130822686,0,15.283757640905876,10.14365514995693,110.09522176602847,0.11449565578296249,0.08860844608632422,,,
sample,1779735871.1904023,62.5878221988678,1.8425,0.0,0.026576275130822686,0,15.283757640905876,10.14365514995693,110.09522176602847,0.11449565578296249,0.08860844608632422,,,
sample,1779735871.242029,62.63944888114929,1.8425,-0.11551360739588566,0.042844113786044344,0,15.299330277654645,10.323864915836554,110.27610312696348,0.18312521167447332,0.14290116064045294,,,
sample,1779735871.289735,62.68715500831604,1.8425,0.0,0.042844113786044344,0,15.299330277654645,10.323864915836554,110.27610312696348,0.18312521167447332,0.14290116064045294,,,
sample,1779735871.3413832,62.73880314826965,1.7624,0.1522898260419064,0.042790728639906635,0,15.30609895376737,10.419441196536308,110.37191878543702,0.18156078676891524,0.14272288351188586,,,
sample,1779735871.3906083,62.78802824020386,1.7624,0.15505794038573845,0.05097463725622934,0,15.312667340330488,10.512189312629753,110.46489919595948,0.21509562720027908,0.1700627808597981,,,
sample,1779735871.440991,62.8384108543396,1.8425,0.7381099171808704,0.0600480615597371,0,15.300991779542034,10.635901283059352,110.5891608970073,0.26234864859337226,0.20040112989349892,,,
sample,1779735871.4897451,62.88716506958008,1.8425,0.05020325917542827,0.0569282438259726,0,15.30184865594817,10.663474812546987,110.61674773744946,0.24379708106807768,0.18996607270049679,,,
sample,1779735871.545477,62.94289684295654,1.8425,0.2090246512744798,0.09428667237790193,0,15.305522594488473,10.852666051041693,110.80597464501696,0.41949817669378936,0.3152235720684878,,,
sample,1779735871.5894694,62.986889362335205,1.8425,0.0,0.09428667237790193,0,15.305522594488473,10.852666051041693,110.80597464501696,0.41949817669378936,0.3152235720684878,,,
sample,1779735871.639342,63.03676199913025,1.7624,0.2990989699166429,0.1183151800684174,0,15.306375265545759,11.042152100427495,110.99546261286656,0.5154015337795641,0.39623455538758573,,,
sample,1779735871.6873558,63.08477568626404,1.7624,0.0,0.1183151800684174,0,15.306375265545759,11.042152100427495,110.99546261286656,0.5154015337795641,0.39623455538758573,,,
sample,1779735871.737718,63.13513803482056,1.7624,0.7896471535163386,0.11699569635652124,0,15.300751288249675,11.20154728835126,111.15495698597697,0.5152564664567177,0.3917748248529773,,,
sample,1779735871.7877963,63.185216188430786,1.7624,0.0,0.11888129219060908,0,15.300751288249675,11.20154728835126,111.15495698597697,0.5188603430466401,0.3981483889793163,,,
sample,1779735871.839564,63.23698401451111,1.7624,0.7358040620929601,0.1293095254367112,0,15.288066911090766,11.374143903688994,111.32801907035697,0.5793479063752749,0.4334503498586408,,,
sample,1779735871.887203,63.28462290763855,1.7624,0.0,0.1293095254367112,0,15.288066911090766,11.374143903688994,111.32801907035697,0.5793479063752749,0.4334503498586408,,,
sample,1779735871.9378846,63.335304498672485,1.7624,0.9934742467705949,0.14209044037992308,0,15.265656341409482,11.554372252282196,111.50963540021218,0.6429468216984384,0.47684826911869865,,,
sample,1779735871.986639,63.38405895233154,1.7624,0.0,0.14209044037992308,0,15.265656341409482,11.554372252282196,111.50963540021218,0.6429468216984384,0.47684826911869865,,,
sample,1779735872.0371892,63.434609174728394,1.7624,1.9280365536083035,0.133877891915494,0,15.204843677896287,11.731832724687164,111.6972264429348,0.603490731361665,0.44894504082280146,,,
sample,1779735872.0874617,63.48488163948059,1.7624,0.0,0.14368672416508055,0,15.204843677896287,11.731832724687164,111.6972264429348,0.6466018390712805,0.482279350847692,,,
sample,1779735872.137266,63.53468585014343,1.6823,1.662156286991442,0.13792454763021103,0,15.166921386366852,11.852729266098256,111.8239311149876,0.606280791308358,0.46268614039512646,,,
sample,1779735872.1874385,63.584858417510986,1.6823,0.0,0.1379945194588721,0,15.166921386366852,11.852729266098256,111.8239311149876,0.6038067832554759,0.4629238759718829,,,
sample,1779735872.2399287,63.637348651885986,1.7624,1.5153445581171179,0.1378691441208822,0,15.10093604355278,12.016272879137885,112.000284676994,0.6190631102809397,0.4624979052686331,,,
sample,1779735872.2892427,63.686662673950195,1.7624,0.0,0.1378691441208822,0,15.10093604355278,12.016272879137885,112.000284676994,0.6190631102809397,0.4624979052686331,,,
sample,1779735872.3392034,63.73662328720093,1.6823,1.7953842362916337,0.13416382444015917,0,15.024168580026355,12.16621179980769,112.1687332548684,0.5849213197627885,0.44991547568824336,,,
sample,1779735872.3870728,63.78449273109436,1.6823,0.0,0.13416382444015917,0,15.024168580026355,12.16621179980769,112.1687332548684,0.5849213197627885,0.44991547568824336,,,
sample,1779735872.4378784,63.83529829978943,1.7624,1.401488413099883,0.13405356262840537,0,14.931154285458865,12.319846763285556,112.348331030458,0.5958301843493189,0.4495412459947524,,,
sample,1779735872.4867368,63.884156703948975,1.7624,0.0,0.13405356262840537,0,14.931154285458865,12.319846763285556,112.348331030458,0.5958301843493189,0.4495412459947524,,,
sample,1779735872.537758,63.93517804145813,1.6823,2.529447648714088,0.119303074863279,0,14.820528180512673,12.444378733731078,112.51490337737852,0.5100745099754561,0.39957446171865046,,,
sample,1779735872.5883384,63.98575830459595,1.6823,0.3834835893016196,0.11889094862860962,0,14.791500771513176,12.47934561940842,112.56034865840083,0.506679799103137,0.3981810363714056,,,
sample,1779735872.6387784,64.03619837760925,1.6823,1.754201134265712,0.10993212667899563,0,14.676208207563834,12.59557944314848,112.72406389007843,0.46635750831345607,0.3679237461271607,,,
sample,1779735872.68778,64.08519983291626,1.6823,0.0,0.10993212667899563,0,14.676208207563834,12.59557944314848,112.72406389007843,0.46635750831345607,0.3679237461271607,,,
sample,1779735872.7379851,64.13540506362915,1.7624,1.6534866528206364,0.09960062605651208,0,14.554314341043442,12.699600568908732,112.88430904382643,0.431665238012813,0.3331043125609386,,,
sample,1779735872.7868793,64.18429923057556,1.7624,0.0,0.09960062605651208,0,14.554314341043442,12.699600568908732,112.88430904382643,0.431665238012813,0.3331043125609386,,,
sample,1779735872.8376796,64.23509955406189,1.6823,1.7791282899211358,0.08901422562450448,0,14.41195832627145,12.800387491675046,113.05873163050163,0.3756497902160746,0.2975002517476477,,,
sample,1779735872.8869622,64.28438210487366,1.6823,0.0,0.08901422562450448,0,14.41195832627145,12.800387491675046,113.05873163050163,0.3756497902160746,0.2975002517476477,,,
sample,1779735872.9381042,64.33552408218384,1.7624,1.473086847621056,0.07815410083473613,0,14.280935985724591,12.877523150365889,113.21077361011268,0.336294289908612,0.26104537991866783,,,
sample,1779735872.987474,64.38489389419556,1.7624,0.17516572374068004,0.07858207716081733,0,14.265895907762745,12.886377566456353,113.22822653621124,0.3337777663278096,0.26248076516308444,,,
sample,1779735873.0384676,64.43588757514954,1.7624,1.6955784409368264,0.06479128583772047,0,14.094627771595702,12.96818654450064,113.41803033847764,0.2772954777401275,0.21627367004057219,,,
sample,1779735873.086747,64.48416686058044,1.7624,0.0,0.06479128583772047,0,14.094627771595702,12.96818654450064,113.41803033847764,0.2772954777401275,0.21627367004057219,,,
sample,1779735873.1383975,64.53581738471985,1.6823,2.4324388478597614,0.04759766307996802,0,13.911083909442834,13.08910856103698,113.63782679754193,0.19738503865998366,0.15877880149192367,,,
sample,1779735873.1868598,64.5842797756195,1.6823,0.0,0.04759766307996802,0,13.911083909442834,13.08910856103698,113.63782679754193,0.19738503865998366,0.15877880149192367,,,
sample,1779735873.2384942,64.63591408729553,1.8425,1.3196755636401811,0.03532654534984806,0,13.769854055036705,13.12544801454074,113.78365693042444,0.15027206576724114,0.11780416039249561,,,
sample,1779735873.287607,64.68502688407898,1.8425,0.0,0.03532654534984806,0,13.769854055036705,13.12544801454074,113.78365693042444,0.15027206576724114,0.11780416039249561,,,
sample,1779735873.337341,64.73476099967957,1.7624,1.3724237243586852,0.02184660675786141,0,13.604167264965296,13.15554501580612,113.952055095169,0.09107309747474455,0.07283361009655506,,,
sample,1779735873.3869405,64.78436040878296,1.7624,0.07857215315063061,0.020914463437855944,0,13.594707280461844,13.157263421754159,113.96166988720044,0.08750284776275151,0.06972504467770367,,,
sample,1779735873.4385533,64.83597326278687,1.8425,1.0920854862746596,0.009883359460584112,0,13.412925738718668,13.179795983409662,114.14484260693044,0.04206917601554436,0.032945604259862836,,,
sample,1779735873.4873462,64.88476610183716,1.8425,0.0,0.009883359460584112,0,13.412925738718668,13.179795983409662,114.14484260693044,0.04206917601554436,0.032945604259862836,,,
sample,1779735873.542341,64.93976092338562,1.7624,0.669453607954002,0.002097198048629972,0,13.234713772854981,13.195251414426505,114.32372350340884,0.008807335160189365,0.006990670410984187,,,
sample,1779735873.5885682,64.9859881401062,1.7624,0.0,0.002097198048629972,0,13.234713772854981,13.195251414426505,114.32372350340884,0.008807335160189365,0.006990670410984187,,,
sample,1779735873.6374905,65.03491044044495,1.8425,-0.6324459237416922,0.018771424813713296,0,13.152563800562154,13.267758358226592,114.43329482651366,0.08005028365983467,0.06257876643637839,,,
sample,1779735873.6870077,65.08442759513855,1.8425,0.0,0.01620886289486858,0,13.152563800562154,13.267758358226592,114.43329482651366,0.06945669407487551,0.05403427515770733,,,
sample,1779735873.7381134,65.1355333328247,1.7624,0.7770615980479367,0.00834592143433419,0,12.973124932433246,13.281735553608492,114.61327724061606,0.034606670973848244,0.027820384054875736,,,
sample,1779735873.7868536,65.18427348136902,1.7624,0.0,0.00834592143433419,0,12.973124932433246,13.281735553608492,114.61327724061606,0.034606670973848244,0.027820384054875736,,,
sample,1779735873.8385332,65.23595309257507,1.8425,0.31572240907952365,0.005320955752523852,0,12.792407173056523,13.292849313557738,114.79433641385606,0.022881176542713773,0.017736686565789493,,,
sample,1779735873.886574,65.28399395942688,1.8425,0.0,0.005320955752523852,0,12.792407173056523,13.292849313557738,114.79433641385606,0.022881176542713773,0.017736686565789493,,,
sample,1779735873.9383433,65.33576321601868,1.8425,0.3645004507940731,0.0016939910392270397,0,12.607176484543771,13.300735753413809,114.97973491412105,0.007243554265126435,0.005646642198636601,,,
sample,1779735873.9866815,65.38410139083862,1.8425,0.0,0.0016939910392270397,0,12.607176484543771,13.300735753413809,114.97973491412105,0.007243554265126435,0.005646642198636601,,,
sample,1779735874.037703,65.43512296676636,1.7624,0.30093906629344047,-0.001771075681882617,0,12.462683388895252,13.304200351326463,115.12426954017582,-0.007374575434511467,-0.005903591778893309,,,
sample,1779735874.0869768,65.4843966960907,1.7624,0.06541459528218597,-0.002545136015446806,0,12.432351130297903,13.304927646145293,115.15461051691307,-0.010724427048622167,-0.00848380503672759,,,
sample,1779735874.1388083,65.53622817993164,1.8425,0.3678099134774489,-0.0066559156463533,0,12.248371034621522,13.305830788637188,115.33859282930057,-0.02856296933654925,-0.022186713121580572,,,
sample,1779735874.1867123,65.58413219451904,1.8425,0.0,-0.0066559156463533,0,12.248371034621522,13.305830788637188,115.33859282930057,-0.02856296933654925,-0.022186713121580572,,,
sample,1779735874.2383127,65.63573265075684,1.7624,-0.582800105937014,0.007566123207390857,0,12.126677155193935,13.38365711595574,115.48304468118911,0.03135775392071331,0.02522089196005277,,,
sample,1779735874.2879539,65.68537378311157,1.7624,0.0,0.007566123207390857,0,12.126677155193935,13.38365711595574,115.48304468118911,0.03135775392071331,0.02522089196005277,,,
sample,1779735874.3377602,65.73518013954163,1.8425,0.4937577865593972,0.001795110318959007,0,11.927712108567526,13.38572430779175,115.68202046630161,0.007620805286022316,0.005983707490539745,,,
sample,1779735874.3875537,65.78497362136841,1.8425,0.0,0.001795110318959007,0,11.927712108567526,13.38572430779175,115.68202046630161,0.007620805286022316,0.005983707490539745,,,
sample,1779735874.4374926,65.83491253852844,1.8425,0.19010191810666324,-0.00045288239331289434,0,11.78238340979241,13.385588656070176,115.82734922838627,-0.0019192030517020014,-0.0015096080809177612,,,
sample,1779735874.486788,65.88420796394348,1.8425,0.03710848829572738,-0.0008845432655517418,0,11.75438033975854,13.385562517635774,115.85535231061911,-0.003788704000859145,-0.0029484783208188264,,,
sample,1779735874.5384536,65.93587350845337,1.8425,-0.020722653571114264,-0.0006321261955397812,0,11.576017948850613,13.3855869950703,116.03371470320661,-0.0026852756776466935,-0.0021070875991184438,,,
sample,1779735874.5867221,65.98414206504822,1.8425,0.0,-0.0006321261955397812,0,11.576017948850613,13.3855869950703,116.03371470320661,-0.0026852756776466935,-0.0021070875991184438,,,
sample,1779735874.6377542,66.03517413139343,1.7624,0.14516943971923005,-0.002550314912136193,0,11.39941538777046,13.384302884234566,116.21032193273221,-0.010680835517695287,-0.008501068137745158,,,
sample,1779735874.6868682,66.08428812026978,1.7624,0.0,-0.002550314912136193,0,11.39941538777046,13.384302884234566,116.21032193273221,-0.010680835517695287,-0.008501068137745158,,,
sample,1779735874.7381632,66.13558316230774,1.8425,-0.36244174652625394,0.006869978417240135,0,11.249146279595811,13.430192025124935,116.367441689998,0.029126160286618255,0.022900288330543136,,,
sample,1779735874.786535,66.18395495414734,1.8425,0.0,0.005963308349988906,0,11.249146279595811,13.430192025124935,116.367441689998,0.02559409044434553,0.01987793012718735,,,
sample,1779735874.8381176,66.2355375289917,1.8425,0.11061660784098974,0.004728647741380369,0,11.081812367466963,13.431065694610982,116.53477788287545,0.020042644058290742,0.01576227662018656,,,
sample,1779735874.8867218,66.28414177894592,1.8425,0.008094890626225117,0.004635835675881876,0,11.070273960782014,13.431125937951437,116.546316446828,0.01973553432363212,0.015452896285687448,,,
sample,1779735874.937783,66.33520293235779,1.8425,0.08694500697241328,0.0036035946420135594,0,10.885706961593831,13.431270187158066,116.7308835023855,0.015545291909565474,0.012012034135758928,,,
sample,1779735874.9869177,66.38433766365051,1.8425,0.0,0.0036035946420135594,0,10.885706961593831,13.431270187158066,116.7308835023855,0.015545291909565474,0.012012034135758928,,,
sample,1779735875.037647,66.43506693840027,1.8425,0.32167311582560343,-0.00045716344804113204,0,10.702596267804438,13.428425024262575,116.9140162988255,-0.001959300212777337,-0.0015238782662998244,,,
sample,1779735875.0878797,66.48529958724976,1.8425,0.0,-0.00045716344804113204,0,10.702596267804438,13.428425024262575,116.9140162988255,-0.001959300212777337,-0.0015238782662998244,,,
sample,1779735875.1403058,66.53772568702698,1.7624,0.2899092055604278,-0.0029267407291590185,0,10.517818106571537,13.422743986392591,117.0988817716967,-0.012305000631080023,-0.009755830286079724,,,
sample,1779735875.1873407,66.58476066589355,1.7624,0.0,-0.004613255322921989,0,10.517818106571537,13.422743986392591,117.0988817716967,-0.01918208450129683,-0.015377626832751892,,,
sample,1779735875.238026,66.63544583320618,1.8425,0.06390289979454174,-0.004507545902593549,0,10.370904384033157,13.43185834318261,117.246077944778,-0.01918462320270693,-0.015025254769675209,,,
sample,1779735875.286645,66.6840648651123,1.8425,0.001536432292614374,-0.0045250946896393815,0,10.368974434543464,13.43179260468033,117.24800901354514,-0.019273492415657147,-0.015083751919663126,,,
sample,1779735875.3383365,66.73575639724731,1.8425,0.1722437312474707,-0.007383227749684698,0,10.177704485347252,13.423571993627485,117.43945553848515,-0.03134757938075742,-0.024611206369694705,,,
sample,1779735875.3864763,66.78389620780945,1.8425,0.0,-0.007383227749684698,0,10.177704485347252,13.423571993627485,117.43945553848515,-0.03134757938075742,-0.024611206369694705,,,
sample,1779735875.439528,66.83694791793823,1.7624,0.0036228330728676397,-0.008163987912940372,0,9.996389044211353,13.41574430537903,117.62093986810515,-0.03423727011061391,-0.027213897654251588,,,
sample,1779735875.4899905,66.88741040229797,1.7624,0.0,-0.008163987912940372,0,9.996389044211353,13.41574430537903,117.62093986810515,-0.03423727011061391,-0.027213897654251588,,,
sample,1779735875.5420737,66.93949365615845,1.8425,0.057285502281518616,-0.009338670282416871,0,9.882454289619861,13.410275430802567,117.735005800324,-0.03958467033558193,-0.031129805898022153,,,
sample,1779735875.5909476,66.98836755752563,1.8425,0.037540691163452815,-0.009985690822334652,0,9.812390655572656,13.406912372459669,117.80515010142764,-0.042653958596887365,-0.03328674246678505,,,
sample,1779735875.646063,67.04348301887512,1.8425,0.08428833502376658,-0.011780365265453707,0,9.634422324592476,13.39751411643245,117.98336641394764,-0.05087117962676028,-0.03926970081215149,,,
sample,1779735875.692975,67.09039497375488,1.8425,0.0,-0.011780365265453707,0,9.634422324592476,13.39751411643245,117.98336641394764,-0.05087117962676028,-0.03926970081215149,,,
sample,1779735875.7423713,67.13979125022888,1.8425,0.16410924628760165,-0.014736668843945155,0,9.439560267960369,13.385714556500483,118.17858539542608,-0.06352822580502157,-0.04912578573725032,,,
sample,1779735875.7893426,67.18676257133484,1.8425,0.0,-0.014736668843945155,0,9.439560267960369,13.385714556500483,118.17858539542608,-0.06352822580502157,-0.04912578573725032,,,
sample,1779735875.8407526,67.23817253112793,1.8425,0.0,-0.014736668843945155,0,9.439560267960369,13.385714556500483,118.17858539542608,-0.06352822580502157,-0.04912578573725032,,,
sample,1779735875.8919091,67.28932905197144,1.8425,-0.14110508016531606,-0.012063238843210191,0,9.257434804923838,13.397879255156278,118.36111666447239,-0.051634673669137536,-0.04021274677246939,,,
sample,1779735875.9412522,67.3386721611023,1.7624,0.0,-0.012852849604804496,0,9.174325110394175,13.393428908333052,118.4443454269987,-0.05333594287770174,-0.0428451913230693,,,
sample,1779735875.9917705,67.38919043540955,1.7624,0.0,-0.012852849604804496,0,9.174325110394175,13.393428908333052,118.4443454269987,-0.05333594287770174,-0.0428451913230693,,,
sample,1779735876.0449495,67.44236946105957,1.8425,0.04085450149100939,-0.014038167418609086,0,8.936510169992955,13.380276808782432,118.68252377110375,-0.06058368758430523,-0.046796965530671204,,,
sample,1779735876.0898504,67.48727035522461,1.8425,0.0,-0.014038167418609086,0,8.936510169992955,13.380276808782432,118.68252377110375,-0.06058368758430523,-0.046796965530671204,,,
sample,1779735876.1427321,67.5401520729065,1.8425,-0.25635643191974206,-0.011653013067944373,0,8.775826118976928,13.373505949062023,118.84335041315124,-0.04952693058262911,-0.03884513520450506,,,
sample,1779735876.1898968,67.5873167514801,1.8425,0.0,-0.011653013067944373,0,8.775826118976928,13.373505949062023,118.84335041315124,-0.04952693058262911,-0.03884513520450506,,,
sample,1779735876.242986,67.6404058933258,1.8425,-0.08564701405222314,-0.011407873331642828,0,8.598060774661851,13.366824894170179,119.02124126208375,-0.048423414462323004,-0.03802789409776725,,,
sample,1779735876.2898803,67.68730020523071,1.8425,0.0,-0.0110879515862475,0,8.598060774661851,13.366824894170179,119.02124126208375,-0.04762516400196419,-0.03696135334240023,,,
sample,1779735876.3450518,67.74247169494629,1.8425,-0.14784801062807593,-0.007783801358623544,0,8.44008793037186,13.382317573915522,119.17997198582292,-0.033530144066975166,-0.025946528543177763,,,
sample,1779735876.3902202,67.78764009475708,1.8425,0.025570274370435627,-0.00818848641295801,0,8.419211811340503,13.381679320491838,119.2008578593561,-0.034882562720741014,-0.0272955647803766,,,
sample,1779735876.4425328,67.83995270729065,1.8425,0.12359867372014172,-0.010202149725918224,0,8.234963263792546,13.374853545897299,119.3852327992811,-0.04404048194083707,-0.034008345667866896,,,
sample,1779735876.4892013,67.88662123680115,1.8425,0.0,-0.010202149725918224,0,8.234963263792546,13.374853545897299,119.3852327992811,-0.04404048194083707,-0.034008345667866896,,,
sample,1779735876.5457082,67.94312810897827,1.8425,0.037067527169905405,-0.011386749395872704,0,8.052333025285021,13.367704636969687,119.5680029032811,-0.04882966203419602,-0.03795747183116566,,,
sample,1779735876.589626,67.98704600334167,1.8425,0.0,-0.011386749395872704,0,8.052333025285021,13.367704636969687,119.5680029032811,-0.04882966203419602,-0.03795747183116566,,,
sample,1779735876.6435032,68.04092311859131,1.8425,-0.07000026275319571,-0.011166100792629589,0,7.871909030336258,13.361323488144878,119.7485397056611,-0.04806534538896257,-0.03722188295216503,,,
sample,1779735876.687912,68.08533191680908,1.8425,0.0,-0.011140304722771228,0,7.871909030336258,13.361323488144878,119.7485397056611,-0.04741449241508303,-0.03713588535549679,,,
sample,1779735876.7379386,68.13535857200623,1.8425,-0.21164250746347169,-0.00898112239806404,0,7.693082553339634,13.356952333519635,119.92741959795697,-0.038642477826849105,-0.02993787959991516,,,
sample,1779735876.7873702,68.18479013442993,1.8425,-0.006601611115807599,-0.008905319928830735,0,7.6875709020730145,13.356817609174945,119.9329328955486,-0.038397593821063655,-0.02968518449202943,,,
sample,1779735876.8377125,68.2351324558258,1.8425,-0.19797519142556144,-0.006853573022038166,0,7.5048976425544325,13.354173748561688,120.11562528658361,-0.029351091313610984,-0.022845601105017616,,,
sample,1779735876.8869622,68.28438210487366,1.8425,0.0,-0.006853573022038166,0,7.5048976425544325,13.354173748561688,120.11562528658361,-0.029351091313610984,-0.022845601105017616,,,
sample,1779735876.9377375,68.33515739440918,1.8425,-0.6188070057422663,0.002917614285602511,0,7.359835112474315,13.381305993331805,120.26320338909042,0.012471003751396113,0.009725408547783646,,,
sample,1779735876.9867494,68.38416934013367,1.8425,0.0,0.002917614285602511,0,7.359835112474315,13.381305993331805,120.26320338909042,0.012471003751396113,0.009725408547783646,,,
sample,1779735877.0377057,68.43512558937073,1.8425,-0.23379184917416163,0.005060071841693571,0,7.175131032591281,13.386638237584824,120.44798442154293,0.021833175741579728,0.01686705009571327,,,
sample,1779735877.086966,68.48438596725464,1.8425,0.0,0.006220556552504818,0,7.175131032591281,13.386638237584824,120.44798442154293,0.026437281578212478,0.020735455964100397,,,
sample,1779735877.1375792,68.53499913215637,1.8425,-0.10787459838897856,0.007965236804764486,0,6.991218888774671,13.392952761921162,120.63200493632543,0.03429738659288251,0.026551350868385223,,,
sample,1779735877.1865401,68.58396005630493,1.8425,0.0,0.007965236804764486,0,6.991218888774671,13.392952761921162,120.63200493632543,0.03429738659288251,0.026551350868385223,,,
sample,1779735877.237692,68.63511204719543,1.7624,-0.034847903722718405,0.009259967905263846,0,6.815160881741694,13.399311838607455,120.80817774835023,0.03855355862616403,0.030867441952829026,,,
sample,1779735877.2869892,68.68440914154053,1.7624,0.0,0.009259967905263846,0,6.815160881741694,13.399311838607455,120.80817774835023,0.03855355862616403,0.030867441952829026,,,
sample,1779735877.3528965,68.75031638145447,1.8425,0.16402871578028638,0.006944453302039773,0,6.624919790799408,13.404124602129759,120.99847970676274,0.029516968153929738,0.023148549790930974,,,
sample,1779735877.3881736,68.78559350967407,1.8425,0.0,0.006944453302039773,0,6.624919790799408,13.404124602129759,120.99847970676274,0.029516968153929738,0.023148549790930974,,,
sample,1779735877.4386992,68.83611917495728,1.8425,0.7727146487877529,0.0004776067070315243,0,6.442742337021531,13.41023135902417,121.18075948387681,0.0020228894026842062,0.0015920224778228594,,,
sample,1779735877.4881804,68.88560032844543,1.8425,0.0,-0.001655416117066901,0,6.442742337021531,13.41023135902417,121.18075948387681,-0.007122213365786712,-0.00551805876412464,,,
sample,1779735877.5375433,68.93496322631836,1.8425,0.1710301457459402,-0.0039153539512622555,0,6.298897675758804,13.407038687869937,121.32463957187682,-0.01680633253328458,-0.013051246529463828,,,
sample,1779735877.5865953,68.98401522636414,1.8425,0.0,-0.0039153539512622555,0,6.298897675758804,13.407038687869937,121.32463957187682,-0.01680633253328458,-0.013051246529463828,,,
sample,1779735877.6376102,69.03503012657166,1.8425,0.20550878229013478,-0.00694177141992092,0,6.114910367387252,13.401024644856442,121.50872514533431,-0.02961843644223201,-0.023139609752904338,,,
sample,1779735877.6874037,69.08482360839844,1.8425,0.0,-0.00694177141992092,0,6.114910367387252,13.401024644856442,121.50872514533431,-0.02961843644223201,-0.023139609752904338,,,
sample,1779735877.7381501,69.13557004928589,1.7624,0.09102735024702684,-0.008731499608168634,0,5.939993962201694,13.394498119893884,121.68376326784231,-0.03671188185261722,-0.02910573836261253,,,
sample,1779735877.7864823,69.18390226364136,1.7624,0.0,-0.008731499608168634,0,5.939993962201694,13.394498119893884,121.68376326784231,-0.03671188185261722,-0.02910573836261253,,,
sample,1779735877.838734,69.23615384101868,1.8425,0.11894884673617656,-0.010754130274524418,0,5.7729507133747235,13.387115005977137,121.85096959951004,-0.04575465044013783,-0.03584848290050145,,,
sample,1779735877.8865592,69.28397917747498,1.8425,0.013797147339817658,-0.010909098753932372,0,5.7552163083446235,13.386331166261959,121.86872131848232,-0.04673000801721729,-0.03636510510931013,,,
sample,1779735877.9378715,69.33529138565063,1.8425,-0.13230914206662472,-0.009993819491711771,0,5.570208101752539,13.379412152433446,122.05385885994481,-0.04256155039131132,-0.03331384073556301,,,
sample,1779735877.986747,69.38416695594788,1.8425,0.0,-0.009993819491711771,0,5.570208101752539,13.379412152433446,122.05385885994481,-0.04256155039131132,-0.03331384073556301,,,
sample,1779735878.0383663,69.43578624725342,1.8425,-0.21121859217926806,-0.005948796216613043,0,5.4146297438259055,13.395881830773764,122.21030653733179,-0.025383440090815633,-0.019829554633187935,,,
sample,1779735878.0868042,69.48422408103943,1.8425,0.0,-0.005948796216613043,0,5.4146297438259055,13.395881830773764,122.21030653733179,-0.025383440090815633,-0.019829554633187935,,,
sample,1779735878.1377451,69.53516507148743,1.8425,-0.2058852668463065,-0.0037772112769891538,0,5.233242238558972,13.392981189862171,122.39171723377679,-0.016002483729573684,-0.012590764135528907,,,
sample,1779735878.186791,69.58421087265015,1.8425,0.0,-0.0037772112769891538,0,5.233242238558972,13.392981189862171,122.39171723377679,-0.016002483729573684,-0.012590764135528907,,,
sample,1779735878.2374718,69.63489174842834,1.7624,-0.01476983966180908,-0.003903582841364506,0,5.065323592552852,13.390427275112568,122.55965530020926,-0.01624775222222365,-0.013012008896768188,,,
sample,1779735878.2870517,69.68447160720825,1.7624,-0.0006742021640255977,-0.003895552702762999,0,5.057825091452128,13.390313228620313,122.56715466853998,-0.01626176370705228,-0.012985241361054434,,,
sample,1779735878.33788,69.73529982566833,1.8425,-0.005789766509027233,-0.003994761203375734,0,4.872406101925836,13.387547725102673,122.75259428050748,-0.016994009375706578,-0.013315941510445656,,,
sample,1779735878.38647,69.78389000892639,1.8425,0.0,-0.003994761203375734,0,4.872406101925836,13.387547725102673,122.75259428050748,-0.016994009375706578,-0.013315941510445656,,,
sample,1779735878.4380116,69.83543157577515,1.8425,-0.08852170071782349,-0.003061223003266069,0,4.688772410293168,13.385646821651948,122.93623781057748,-0.013191207576036309,-0.010204108552100678,,,
sample,1779735878.486896,69.88431596755981,1.8425,0.0,-0.003061223003266069,0,4.688772410293168,13.385646821651948,122.93623781057748,-0.013191207576036309,-0.010204108552100678,,,
sample,1779735878.5376887,69.93510866165161,1.8425,0.5431254244918441,-0.010356998156401351,0,4.520665840816405,13.373649372627463,123.10477195395603,-0.0438793101647022,-0.03452456165027826,,,
sample,1779735878.5869205,69.98434042930603,1.8425,0.0,-0.010641201533640326,0,4.520665840816405,13.373649372627463,123.10477195395603,-0.045312116353185265,-0.03547201068196273,,,
sample,1779735878.638323,70.03574299812317,1.8425,-0.08746847847031343,-0.010034389337554085,0,4.334336104146152,13.367418740630088,123.29120583377055,-0.04332523417526534,-0.03344908711741909,,,
sample,1779735878.6866534,70.08407330513,1.8425,-0.0003237549221233763,-0.0101802428181826,0,4.333687646360743,13.367397057017483,123.29185465399104,-0.04313298960218468,-0.03393531505734678,,,
sample,1779735878.737754,70.135174036026,1.7624,-0.12482621775801152,-0.009316512126300285,0,4.157635466612432,13.362634110726079,123.46797125074303,-0.03890044257162631,-0.031055938951100176,,,
sample,1779735878.787286,70.18470597267151,1.7624,0.0,-0.009316512126300285,0,4.157635466612432,13.362634110726079,123.46797125074303,-0.03890044257162631,-0.031055938951100176,,,
sample,1779735878.8379383,70.23535823822021,1.8425,0.1675404871740162,-0.011655865146027806,0,3.9705245908037528,13.355982535249838,123.65520031713554,-0.04963558791845413,-0.038854643422854176,,,
sample,1779735878.886775,70.28419494628906,1.8425,0.0,-0.011655865146027806,0,3.9705245908037528,13.355982535249838,123.65520031713554,-0.04963558791845413,-0.038854643422854176,,,
sample,1779735878.938035,70.3354549407959,1.8425,0.17093082702794912,-0.013302982659747725,0,3.762425831030124,13.346758601695324,123.86350340105304,-0.057219374936588345,-0.04434589151785342,,,
sample,1779735878.9877021,70.38512206077576,1.8425,0.0,-0.014503148218475712,0,3.762425831030124,13.346758601695324,123.86350340105304,-0.061963831300377845,-0.048347217248096444,,,
sample,1779735879.0379963,70.43541622161865,1.8425,-0.0032544228370896032,-0.015056788779627591,0,3.609447203317851,13.340002944666894,124.01663112368554,-0.0644029885755928,-0.05019308902909732,,,
sample,1779735879.0872679,70.48468780517578,1.8425,0.0,-0.015056788779627591,0,3.609447203317851,13.340002944666894,124.01663112368554,-0.0644029885755928,-0.05019308902909732,,,
sample,1779735879.1373556,70.53477549552917,1.8425,0.14661770275475686,-0.01779102558046721,0,3.445686556085884,13.327868919151298,124.18084069757526,-0.07651663886027986,-0.05930967631154161,,,
sample,1779735879.1873949,70.58481478691101,1.8425,0.0,-0.01779102558046721,0,3.445686556085884,13.327868919151298,124.18084069757526,-0.07651663886027986,-0.05930967631154161,,,
sample,1779735879.237356,70.6347758769989,1.8425,-0.01803405785552096,-0.018486196493625,0,3.2611268602941608,13.318526872454605,124.36563668007277,-0.07903587858831292,-0.061627675341541115,,,
sample,1779735879.2869167,70.68433666229248,1.8425,0.0,-0.018486196493625,0,3.2611268602941608,13.318526872454605,124.36563668007277,-0.07903587858831292,-0.061627675341541115,,,
sample,1779735879.3378677,70.7352876663208,1.8425,-0.13304293646459697,-0.021933159454938553,0,3.119095109034116,13.312583620717641,124.5077927232338,-0.09345398466592213,-0.07312225737514821,,,
sample,1779735879.3868933,70.7843132019043,1.8425,-0.04030663001238717,-0.021657764799648708,0,3.0776913560172816,13.31085110017311,124.54923270865027,-0.09197243864495196,-0.07220383896664612,,,
sample,1779735879.4381516,70.83557152748108,1.8425,0.049327503476685616,-0.022845847856145518,0,2.8908554216241136,13.302559755821184,124.73625252784527,-0.09839613298255963,-0.07616607783877324,,,
sample,1779735879.4866946,70.88411450386047,1.8425,0.0,-0.022845847856145518,0,2.8908554216241136,13.302559755821184,124.73625252784527,-0.09839613298255963,-0.07616607783877324,,,
sample,1779735879.5385273,70.93594717979431,1.8425,-0.021777784507207083,-0.02801640475744022,0,2.663490714035016,13.292726980891565,124.96382975368276,-0.11955104259667604,-0.09341245753939109,,,
sample,1779735879.5866213,70.98404121398926,1.8425,0.0,-0.02801640475744022,0,2.663490714035016,13.292726980891565,124.96382975368276,-0.11955104259667604,-0.09341245753939109,,,
sample,1779735879.6382256,71.03564548492432,1.7624,-0.07592133749241288,-0.027659555028580807,0,2.5636667413197936,13.297792447823266,125.06378216477867,-0.11514750713605443,-0.09222203614804307,,,
sample,1779735879.6872299,71.08464980125427,1.7624,0.0,-0.027659555028580807,0,2.5636667413197936,13.297792447823266,125.06378216477867,-0.11514750713605443,-0.09222203614804307,,,
sample,1779735879.7381394,71.13555932044983,1.9227,-0.13679213822503822,-0.028799064638112663,0,2.390057383685652,13.292296986291774,125.23747847779534,-0.1268308100273069,-0.09602343042858964,,,
sample,1779735879.7870557,71.1844756603241,1.9227,-0.014193148727839645,-0.02877780957955134,0,2.372749430808534,13.291749117268346,125.25479509967327,-0.1251925562800143,-0.09595252148211665,,,
sample,1779735879.8376856,71.23510551452637,1.7624,-0.39671822019667147,-0.026423620303064523,0,2.201563091667542,13.289770487160908,125.42599287327327,-0.11027931873725692,-0.08809923915401374,,,
sample,1779735879.8872337,71.28465366363525,1.7624,0.0,-0.026423620303064523,0,2.201563091667542,13.289770487160908,125.42599287327327,-0.11027931873725692,-0.08809923915401374,,,
sample,1779735879.9377124,71.33513236045837,1.9227,-0.42089280963883324,-0.019328734194446882,0,2.009479502787882,13.291631507681082,125.61808547728047,-0.08436750671552161,-0.06443713875230156,,,
sample,1779735879.9871101,71.38453006744385,1.9227,0.0,-0.019328734194446882,0,2.009479502787882,13.291631507681082,125.61808547728047,-0.08436750671552161,-0.06443713875230156,,,
sample,1779735880.0415869,71.43900680541992,1.8425,-0.3459963241906615,-0.012754278138171506,0,1.8187290430596175,13.297076440293754,125.80891363342548,-0.05476930343150509,-0.042516565898327585,,,
sample,1779735880.0884547,71.48587465286255,1.8425,0.0,-0.006352157264347064,0,1.8187290430596175,13.297076440293754,125.80891363342548,-0.027020925191796833,-0.021174142340111803,,,
sample,1779735880.1385937,71.53601360321045,1.8425,-0.1917037842487112,0.003727316143386198,0,1.6463957186165157,13.292932549134571,125.98129677224001,0.01603377404726711,0.012424444681803624,,,
sample,1779735880.186762,71.58418202400208,1.8425,-0.0016570598932384043,0.004418598673096015,0,1.6417732377744931,13.293109346654287,125.98592263286241,0.019015540545208875,0.014728758098605738,,,
sample,1779735880.238731,71.63615083694458,1.7624,-0.338211579209129,0.014328852204717314,0,1.4682180617991083,13.302804684771472,126.15974840393521,0.059609471073921366,0.04776610977609038,,,
sample,1779735880.2866294,71.68404936790466,1.7624,0.0,0.014328852204717314,0,1.4682180617991083,13.302804684771472,126.15974840393521,0.059609471073921366,0.04776610977609038,,,
sample,1779735880.3394046,71.73682451248169,1.8425,-0.18304714327141855,0.02602715241287873,0,1.2855683178956994,13.314779049730447,126.3427902416777,0.11242815277558937,0.08677677015553764,,,
sample,1779735880.3872302,71.78465008735657,1.8425,0.0,0.02602715241287873,0,1.2855683178956994,13.314779049730447,126.3427902416777,0.11242815277558937,0.08677677015553764,,,
sample,1779735880.4438415,71.84126138687134,1.8425,-0.0506472247116163,0.049383711313350884,0,1.1018680571790576,13.327351356726467,126.5269202193852,0.21493584766940188,0.16474631790294064,,,
sample,1779735880.493131,71.8905508518219,1.8425,0.0,0.07624569596620819,0,1.1018680571790576,13.327351356726467,126.5269202193852,0.334791154825681,0.2546459647090593,,,
sample,1779735880.544588,71.94200801849365,1.8425,0.09750648041940364,0.11495888251819698,0,0.9176398683764546,13.339031428296446,126.71151829527271,0.5216219076962625,0.3848932956093385,,,
sample,1779735880.5919013,71.98932123184204,1.8425,0.0,0.11495888251819698,0,0.9176398683764546,13.339031428296446,126.71151829527271,0.5216219076962625,0.3848932956093385,,,
sample,1779735880.646709,72.04412889480591,1.7624,0.24751508367188405,0.13560899438095753,0,0.7421185073225878,13.347770749627218,126.8872570898615,0.6125574986928176,0.4548214302974554,,,
sample,1779735880.6945012,72.09192109107971,1.7624,0.0,0.13560899438095753,0,0.7421185073225878,13.347770749627218,126.8872570898615,0.6125574986928176,0.4548214302974554,,,
sample,1779735880.7442398,72.1416597366333,1.8425,0.2477867012061116,0.14078313306539703,0,0.6682634018736182,13.348766543439847,126.96111890818597,0.6542048223832652,0.4724022286823846,,,
sample,1779735880.7924705,72.18989038467407,1.8425,0.9151534956106167,0.14946631787650466,0,0.5398685588815234,13.339736540038047,127.08983089934608,0.6980144261277635,0.5019646320642617,,,
sample,1779735880.8426871,72.24010705947876,1.7624,1.1751359624439854,0.1436319342259018,0,0.4503266037955077,13.319198144979248,127.18169812632185,0.6556951995473388,0.48209289606196126,,,
sample,1779735880.8891318,72.28655171394348,1.7624,0.48100762254344337,0.1436398078563883,0,0.3996754030719739,13.314725973861215,127.23254637554682,0.6468362471451559,0.4821196905089774,,,
sample,1779735880.940404,72.33782386779785,1.6823,1.5048913153885095,0.14400568809113184,0,0.24032664184144892,13.28815548870551,127.39409518670652,0.6341487335058409,0.4833648707354634,,,
sample,1779735880.990173,72.38759303092957,1.6823,0.0,0.14400568809113184,0,0.24032664184144892,13.28815548870551,127.39409518670652,0.6341487335058409,0.4833648707354634,,,
sample,1779735881.0466366,72.4440565109253,1.7624,1.4572365151126216,0.13877889514568792,0,0.06653995133174978,13.244242076964099,127.57334417981133,0.6298108238177405,0.46558917964117313,,,
sample,1779735881.0921187,72.48953866958618,1.7624,0.0,0.13877889514568792,0,0.06653995133174978,13.244242076964099,127.57334417981133,0.6298108238177405,0.46558917964117313,,,
sample,1779735881.141659,72.53907895088196,1.6823,2.004778190856983,0.13837651405324528,0,-0.09153130122856445,13.187110184417154,127.74142325058453,0.6025175328304371,0.46422181846815114,,,
sample,1779735881.192589,72.59000897407532,1.6823,0.0,0.13837651405324528,0,-0.09153130122856445,13.187110184417154,127.74142325058453,0.6025175328304371,0.46422181846815114,,,
sample,1779735881.2626169,72.66003680229187,1.7624,0.9794670927711675,0.13557217317399095,0,-0.21228929445793343,13.130539406513662,127.87477521285503,0.6047674072178424,0.45469640849052106,,,
sample,1779735881.296392,72.69381189346313,1.7624,0.0,0.13557217317399095,0,-0.21228929445793343,13.130539406513662,127.87477521285503,0.6047674072178424,0.45469640849052106,,,
sample,1779735881.3408394,72.73825931549072,1.6823,3.876655728002615,0.12052862299961724,0,-0.41935924925566836,13.038824851917907,128.10124712216086,0.5147860753498227,0.4037189343226098,,,
sample,1779735881.3870432,72.78446316719055,1.6823,0.0,0.12052862299961724,0,-0.41935924925566836,13.038824851917907,128.10124712216086,0.5147860753498227,0.4037189343226098,,,
sample,1779735881.437517,72.83493685722351,1.6823,2.0889914927237294,0.10878093213423498,0,-0.5504088141995238,12.930301823141264,128.27139775027263,0.4636752080370504,0.3640401723002863,,,
sample,1779735881.487249,72.88466882705688,1.6823,0.0,0.10878093213423498,0,-0.5504088141995238,12.930301823141264,128.27139775027263,0.4636752080370504,0.3640401723002863,,,
sample,1779735881.538321,72.93574094772339,1.7624,2.053351953654034,0.09799394282345915,0,-0.6779462407712527,12.799501587212681,128.45408463238383,0.42315490478754547,0.3276960829243325,,,
sample,1779735881.5875692,72.98498916625977,1.7624,0.0,0.09799394282345915,0,-0.6779462407712527,12.799501587212681,128.45408463238383,0.42315490478754547,0.3276960829243325,,,
sample,1779735881.6380017,73.03542160987854,1.6823,1.6015818525863068,0.08986599175852877,0,-0.7653127074979822,12.691139891190813,128.59327930423964,0.3737626663168877,0.3003623064866868,,,
sample,1779735881.6868956,73.08431553840637,1.6823,0.27524188501802066,0.0867901146912938,0,-0.7798691442698333,12.673085364829266,128.61647102202062,0.3635714018321126,0.29002896496806524,,,
sample,1779735881.741245,73.1386649608612,1.7624,1.6796778915615684,0.07572096324377285,0,-0.8773684328120512,12.526597667037194,128.79243907841342,0.3207653408780129,0.25288671817462305,,,
sample,1779735881.789263,73.18668293952942,1.7624,0.0,0.07572096324377285,0,-0.8773684328120512,12.526597667037194,128.79243907841342,0.3207653408780129,0.25288671817462305,,,
sample,1779735881.8381574,73.23557734489441,1.7624,1.4134502567201528,0.07154746400577501,0,-1.059772520921158,12.399555531875349,129.01472483024065,0.30686915521174707,0.23889933091609183,,,
sample,1779735881.8868997,73.28431963920593,1.7624,0.0,0.07564511542158278,0,-1.059772520921158,12.399555531875349,129.01472483024065,0.3229516282468984,0.25263243838438937,,,
sample,1779735881.9378374,73.33525729179382,1.7624,1.1784991272014886,0.07911197505978916,0,-1.2005068266894918,12.259483997854417,129.21328509681751,0.33678121540425787,0.26425811819976325,,,
sample,1779735881.9866078,73.38402771949768,1.7624,0.0,0.07413853148956294,0,-1.2005068266894918,12.259483997854417,129.21328509681751,0.3180332185381138,0.24758221829640495,,,
sample,1779735882.0373785,73.4347984790802,1.6823,1.1870243676680274,0.06691175447621878,0,-1.2592974328157767,12.117009760393803,129.36741245879026,0.27875258323738733,0.22337264118629183,,,
sample,1779735882.0869195,73.48433947563171,1.6823,0.13097427803625922,0.06725373388845357,0,-1.2656271658597364,12.101670168778941,129.384006692467,0.27638342620022216,0.2245177177997593,,,
sample,1779735882.1377492,73.53516912460327,1.7624,1.341038297105132,0.05467359303287094,0,-1.3238325621266376,11.927888749771519,129.5672765747358,0.23211855022027167,0.18242711683028265,,,
sample,1779735882.1870608,73.58448076248169,1.7624,0.0,0.05467359303287094,0,-1.3238325621266376,11.927888749771519,129.5672765747358,0.23211855022027167,0.18242711683028265,,,
sample,1779735882.2387516,73.63617157936096,1.7624,1.2717492953105738,0.04413172138753508,0,-1.3670515438797586,11.763742962195352,129.73701672897982,0.18434436860473724,0.14720131389514898,,,
sample,1779735882.2873726,73.68479251861572,1.7624,0.0,0.04413172138753508,0,-1.3670515438797586,11.763742962195352,129.73701672897982,0.18434436860473724,0.14720131389514898,,,
sample,1779735882.3376334,73.73505330085754,1.7624,-0.18516961556269562,0.058292393640864776,0,-1.4978288841024878,11.722070045975292,129.87427322121977,0.2444682129050554,0.19452836473165705,,,
sample,1779735882.3873112,73.78473114967346,1.7624,0.3990700568546652,0.054796850218014184,0,-1.5114237909454216,11.668139043743441,129.92989133422083,0.22988651414495298,0.18283920748289753,,,
sample,1779735882.4374921,73.83491206169128,1.7624,1.0428425268320978,0.04519699552204802,0,-1.5441648529459193,11.502023907388185,130.0992023370152,0.1902411545634101,0.15075932118228666,,,
sample,1779735882.4867907,73.88421058654785,1.7624,0.0,0.04519699552204802,0,-1.5441648529459193,11.502023907388185,130.0992023370152,0.1902411545634101,0.15075932118228666,,,
sample,1779735882.5390613,73.9364812374115,1.8425,0.4072629922642708,0.0423271110710037,0,-1.5754540655949156,11.323302759585586,130.28064175803522,0.18096704488993087,0.14117468909515218,,,
sample,1779735882.5867748,73.9841947555542,1.8425,0.0,0.0423271110710037,0,-1.5754540655949156,11.323302759585586,130.28064175803522,0.18096704488993087,0.14117468909515218,,,
sample,1779735882.639169,74.03658890724182,1.7624,0.7847383159308677,0.03548708874315354,0,-1.599806804734273,11.140166669348112,130.46538992027521,0.14966020663777205,0.11833997647927023,,,
sample,1779735882.6864626,74.08388257026672,1.7624,0.0,0.03548708874315354,0,-1.599806804734273,11.140166669348112,130.46538992027521,0.14966020663777205,0.11833997647927023,,,
sample,1779735882.7382016,74.13562154769897,1.7624,0.450718200242087,0.03272560238975975,0,-1.618044425496791,10.973328474981766,130.63322196104963,0.13685236910255155,0.10912430018479033,,,
sample,1779735882.786764,74.18418383598328,1.7624,0.0,0.03202269931293005,0,-1.618044425496791,10.973328474981766,130.63322196104963,0.13318107068696472,0.10677883243954814,,,
sample,1779735882.8387933,74.23621320724487,1.8425,0.7392038918818774,0.032010927419681354,0,-1.63114737295824,10.787569172186585,130.81944281328464,0.1380811237012269,0.10673955254425048,,,
sample,1779735882.8866844,74.284104347229,1.8425,0.0,0.032010927419681354,0,-1.63114737295824,10.787569172186585,130.81944281328464,0.1380811237012269,0.10673955254425048,,,
sample,1779735882.9378953,74.33531522750854,1.7624,-0.15347382799282622,0.053156185496969294,0,-1.7253750853658103,10.655084288172393,130.98201927615003,0.2217202455045085,0.1773543594449208,,,
sample,1779735882.9870973,74.38451719284058,1.7624,0.0,0.053156185496969294,0,-1.7253750853658103,10.655084288172393,130.98201927615003,0.2217202455045085,0.1773543594449208,,,
sample,1779735883.038169,74.43558883666992,1.8425,0.6673273459497435,0.06178632055940498,0,-1.733902241427729,10.46228183442017,131.17501020485753,0.26569345187334475,0.20621688305425784,,,
sample,1779735883.0872545,74.48467445373535,1.8425,0.0,0.06178632055940498,0,-1.733902241427729,10.46228183442017,131.17501020485753,0.26569345187334475,0.20621688305425784,,,
sample,1779735883.13703,74.53444981575012,1.7624,0.5416179249845903,0.06281115233599324,0,-1.735595718893914,10.322563339912424,131.31473896200308,0.26615352948171705,0.20964628202037572,,,
sample,1779735883.187587,74.58500695228577,1.7624,0.10125865253061615,0.06634405038017328,0,-1.7359172970776766,10.296031885789773,131.34127236492074,0.2776081463755263,0.2214718685699908,,,
sample,1779735883.2379675,74.6353874206543,1.8425,0.47520778919917955,0.0713732388867985,0,-1.7337176016397209,10.10995913832082,131.52735811400075,0.3121431698945245,0.2383156047430672,,,
sample,1779735883.290217,74.6876368522644,1.8425,0.0,0.0713732388867985,0,-1.7337176016397209,10.10995913832082,131.52735811400075,0.3121431698945245,0.2383156047430672,,,
sample,1779735883.337755,74.73517489433289,1.7624,0.896177709172549,0.0751828068799249,0,-1.7423599126227611,9.927816732905331,131.70970543476437,0.31996191336047913,0.25108261230888945,,,
sample,1779735883.3872378,74.7846577167511,1.7624,0.0,0.0751828068799249,0,-1.7423599126227611,9.927816732905331,131.70970543476437,0.31996191336047913,0.25108261230888945,,,
sample,1779735883.4375162,74.83493614196777,1.7624,0.5806392921103615,0.07699204900722645,0,-1.7385161653513763,9.737222577390893,131.90033834511658,0.33124582307383715,0.25714847041050626,,,
sample,1779735883.4868863,74.88430619239807,1.7624,0.0,0.0823996846575622,0,-1.7385161653513763,9.737222577390893,131.90033834511658,0.34922775361407477,0.2752889415726241,,,
sample,1779735883.5378032,74.93522310256958,1.8425,0.5215690504316977,0.08487082099358176,0,-1.721248729868577,9.585645931490303,132.05289536367235,0.3685890012762634,0.2835839542277334,,,
sample,1779735883.5865304,74.98395037651062,1.8425,0.06681789945292241,0.0841583352576508,0,-1.7191317393053325,9.567062608604896,132.0715988804141,0.36788166469806266,0.2811919569597,,,
sample,1779735883.637708,75.03512787818909,1.7624,1.0143863893170366,0.08363358122669938,0,-1.6901407249109572,9.393325373512083,132.2477383302069,0.35344012073686715,0.27943040715351264,,,
sample,1779735883.686932,75.08435201644897,1.7624,0.0,0.08363358122669938,0,-1.6901407249109572,9.393325373512083,132.2477383302069,0.35344012073686715,0.27943040715351264,,,
sample,1779735883.73752,75.13493990898132,1.8425,0.7759705318253257,0.08187088847525754,0,-1.6527648512618676,9.213202251395451,132.43169836676938,0.35717437021929443,0.2735143426784579,,,
sample,1779735883.7869864,75.18440628051758,1.8425,0.0,0.08187088847525754,0,-1.6527648512618676,9.213202251395451,132.43169836676938,0.35717437021929443,0.2735143426784579,,,
sample,1779735883.8370109,75.23443078994751,1.8425,0.0,0.08187088847525754,0,-1.6527648512618676,9.213202251395451,132.43169836676938,0.35717437021929443,0.2735143426784579,,,
sample,1779735883.8904378,75.2878577709198,1.7624,0.7496699255141946,0.08644949741365855,0,-1.5805761035693668,8.924044526562481,132.7297309239238,0.3720243766118632,0.2888850124106312,,,
sample,1779735883.936794,75.33421397209167,1.7624,0.0,0.08644949741365855,0,-1.5805761035693668,8.924044526562481,132.7297309239238,0.3720243766118632,0.2888850124106312,,,
sample,1779735883.9878855,75.38530540466309,1.7624,1.153400188075111,0.0815351122361041,0,-1.5551065848306342,8.765533117541027,132.89027550706115,0.35024707990607656,0.2723875837141639,,,
sample,1779735884.0379262,75.4353461265564,1.7624,1.0748042934439206,0.07491895975111472,0,-1.5214633066572916,8.67543234282837,132.98645253014914,0.3144296670884061,0.25019814936395623,,,
sample,1779735884.086768,75.4841878414154,1.7624,0.0,0.07491895975111472,0,-1.5214633066572916,8.67543234282837,132.98645253014914,0.3144296670884061,0.25019814936395623,,,
sample,1779735884.1389225,75.53634238243103,1.7624,0.8287968634908887,0.06986399934677015,0,-1.4542275187498335,8.516665661989496,133.15886920602514,0.29539989903508923,0.23325963311655515,,,
sample,1779735884.187239,75.58465886116028,1.7624,0.0,0.06986399934677015,0,-1.4542275187498335,8.516665661989496,133.15886920602514,0.29539989903508923,0.23325963311655515,,,
sample,1779735884.2382925,75.63571238517761,1.7624,0.6688945852013991,0.06640301771079217,0,-1.398342180031914,8.39950351938332,133.28867729030222,0.2785890370752503,0.22166929481297168,,,
sample,1779735884.2864084,75.68382835388184,1.7624,0.0,0.06640301771079217,0,-1.398342180031914,8.39950351938332,133.28867729030222,0.2785890370752503,0.22166929481297168,,,
sample,1779735884.3374608,75.73488068580627,1.7624,0.0,0.06640301771079217,0,-1.398342180031914,8.39950351938332,133.28867729030222,0.2785890370752503,0.22166929481297168,,,
sample,1779735884.3871565,75.78457641601562,1.7624,0.0,0.06640301771079217,0,-1.398342180031914,8.39950351938332,133.28867729030222,0.2785890370752503,0.22166929481297168,,,
sample,1779735884.4443429,75.84176278114319,1.7624,1.863375127830531,0.0381436681266153,0,-1.211014615564708,8.054555886690828,133.6812081626032,0.15974468688982207,0.12720725935881963,,,
sample,1779735884.4880173,75.88543725013733,1.7624,0.0,0.0381436681266153,0,-1.211014615564708,8.054555886690828,133.6812081626032,0.15974468688982207,0.12720725935881963,,,
sample,1779735884.538097,75.93551683425903,1.7624,0.0,0.0381436681266153,0,-1.211014615564708,8.054555886690828,133.6812081626032,0.15974468688982207,0.12720725935881963,,,
sample,1779735884.5881805,75.98560047149658,1.7624,0.0,0.0381436681266153,0,-1.211014615564708,8.054555886690828,133.6812081626032,0.15974468688982207,0.12720725935881963,,,
sample,1779735884.6379776,76.03539752960205,1.7624,0.0,0.0381436681266153,0,-1.211014615564708,8.054555886690828,133.6812081626032,0.15974468688982207,0.12720725935881963,,,
sample,1779735884.6883523,76.08577227592468,1.7624,0.0,0.0381436681266153,0,-1.211014615564708,8.054555886690828,133.6812081626032,0.15974468688982207,0.12720725935881963,,,
sample,1779735884.7367423,76.1341621875763,1.7624,-0.3915394533838292,0.04902227493894966,0,-1.2596104671715833,8.001318342674331,133.7532900111249,0.20663038999660416,0.16353860854844654,,,
sample,1779735884.786931,76.18435096740723,1.7624,0.0,0.04902227493894966,0,-1.2596104671715833,8.001318342674331,133.7532900111249,0.20663038999660416,0.16353860854844654,,,
sample,1779735884.8370867,76.23450660705566,1.8425,0.0,0.0485667949464995,0,-1.2596104671715833,8.001318342674331,133.7532900111249,0.2081468836155232,0.1620167212838186,,,
sample,1779735884.886713,76.2841329574585,1.8425,0.0,0.0485667949464995,0,-1.2596104671715833,8.001318342674331,133.7532900111249,0.2081468836155232,0.1620167212838186,,,
sample,1779735884.942529,76.33994889259338,1.7624,3.414690132422777,0.017087731350166658,0,-0.7800817037499381,7.323824009510968,134.58331796632712,0.07079492526613151,0.05696464898845627,,,
sample,1779735884.9866278,76.38404774665833,1.7624,0.0,0.017087731350166658,0,-0.7800817037499381,7.323824009510968,134.58331796632712,0.07079492526613151,0.05696464898845627,,,
sample,1779735885.0385835,76.43600344657898,1.7624,0.6917041317678704,0.010187012847386344,0,-0.6947783808224992,7.211853637412682,134.72408025222177,0.04214761541536224,0.03395788416183621,,,
sample,1779735885.0865471,76.48396706581116,1.7624,0.08030329011504139,0.009256612203064075,0,-0.6799013494059044,7.195971575947386,134.74584182248122,0.038620792166167116,0.030856255319984482,,,
sample,1779735885.1372,76.5346200466156,1.7624,0.0,0.009256612203064075,0,-0.6799013494059044,7.195971575947386,134.74584182248122,0.038620792166167116,0.030856255319984482,,,
sample,1779735885.1877425,76.58516240119934,1.8425,0.5870468942777638,0.0018965086274083927,0,-0.5185290568473995,7.0373251136366815,134.97213746276023,0.008086332052274905,0.006321703003880963,,,
sample,1779735885.2376783,76.63509821891785,1.7624,0.8993018509508672,-0.009299894456397485,0,-0.40150055961113834,6.925735917884847,135.13384033154713,-0.03825990000097228,-0.03100054191848255,,,
sample,1779735885.2870474,76.68446731567383,1.7624,0.0,-0.009299894456397485,0,-0.40150055961113834,6.925735917884847,135.13384033154713,-0.03825990000097228,-0.03100054191848255,,,
sample,1779735885.3378844,76.73530435562134,1.8425,0.4492169816351378,-0.012011274565541784,0,-0.2599527176003203,6.801427023373385,135.32222422903465,-0.05051068989203451,-0.04003950741313597,,,
sample,1779735885.39285,76.79026985168457,1.8425,0.0,-0.015436577635340516,0,-0.2599527176003203,6.801427023373385,135.32222422903465,-0.06577317750644175,-0.05145934622974993,,,
sample,1779735885.4424512,76.8398711681366,1.7624,0.13409398460409677,-0.01825241771684911,0,-0.15611717763087507,6.7118223032869935,135.45937679088644,-0.07638233270073054,-0.0608481497418714,,,
sample,1779735885.490627,76.88804697990417,1.7624,0.0,-0.01825241771684911,0,-0.15611717763087507,6.7118223032869935,135.45937679088644,-0.07638233270073054,-0.0608481497418714,,,
sample,1779735885.5412116,76.93863153457642,1.8425,0.5417088280249707,-0.014542308249687162,0,0.030836401753077225,6.557216969782456,135.7019761519584,-0.06268927626612504,-0.048477778220115765,,,
sample,1779735885.601031,76.99845099449158,1.8425,0.0,-0.0009422145177162711,0,0.030836401753077225,6.557216969782456,135.7019761519584,-0.004031448869403751,-0.0031407159884635502,,,
sample,1779735885.6480055,77.04542541503906,1.8425,0.00885875873446801,-0.0010446098703261301,0,0.03467142363066755,6.55415060466666,135.7068863441975,-0.004477985830239797,-0.0034820341676304405,,,
sample,1779735885.690981,77.08840084075928,1.8425,0.1365530422049203,0.008299307570069329,0,0.11803659785739418,6.454025690960651,135.83717352936353,0.035717715708031415,0.027664993744294958,,,
sample,1779735885.740008,77.13742804527283,1.8425,0.0,0.008299307570069329,0,0.11803659785739418,6.454025690960651,135.83717352936353,0.035717715708031415,0.027664993744294958,,,
sample,1779735885.7931921,77.19061207771301,1.8425,-0.056964639539935136,0.008299307570069329,0,0.1842887827063766,6.373400402518387,135.94152768181402,0.035717715708031415,0.027664993744294958,,,
sample,1779735885.8445444,77.24196434020996,1.8425,0.11478761734201834,0.034811263414863805,0,0.3783385650122032,6.216542819349048,136.19104645748163,0.14887405961396985,0.1160844398106564,,,
sample,1779735885.891332,77.28875184059143,1.8425,0.0,0.034811263414863805,0,0.3783385650122032,6.216542819349048,136.19104645748163,0.14887405961396985,0.1160844398106564,,,
sample,1779735885.9424686,77.33988857269287,1.8425,0.0,0.034811263414863805,0,0.3783385650122032,6.216542819349048,136.19104645748163,0.14887405961396985,0.1160844398106564,,,
sample,1779735885.9935787,77.39099860191345,1.7624,0.0,0.036367704717631656,0,0.3783385650122032,6.216542819349048,136.19104645748163,0.14887405961396985,0.12127915544631254,,,
sample,1779735886.0448956,77.4423155784607,1.8425,-0.1713425009267416,0.0592439616247015,0,0.6544523466420202,5.993668735180593,136.54588681285267,0.25469831262051884,0.197711238289901,,,
sample,1779735886.0916772,77.48909711837769,1.8425,0.0,0.0592439616247015,0,0.6544523466420202,5.993668735180593,136.54588681285267,0.25469831262051884,0.197711238289901,,,
sample,1779735886.1419597,77.5393795967102,1.8425,0.0,0.0592439616247015,0,0.6544523466420202,5.993668735180593,136.54588681285267,0.25469831262051884,0.197711238289901,,,
sample,1779735886.192015,77.58943486213684,1.7624,-0.39701457857355593,0.0592439616247015,0,0.70882158683578,5.88358112602657,136.66866830970173,0.25469831262051884,0.197711238289901,,,
sample,1779735886.2439802,77.64140009880066,1.8425,0.5776788080974943,0.07868078468451613,0,0.8873775693956513,5.734434746707277,136.90132015554005,0.346184925418807,0.2628118329869986,,,
sample,1779735886.2897472,77.68716716766357,1.8425,0.0,0.07868078468451613,0,0.8873775693956513,5.734434746707277,136.90132015554005,0.346184925418807,0.2628118329869986,,,
sample,1779735886.3407025,77.73812246322632,1.8425,0.0,0.07868078468451613,0,0.8873775693956513,5.734434746707277,136.90132015554005,0.346184925418807,0.2628118329869986,,,
sample,1779735886.3893645,77.78678441047668,1.7624,0.007164375045860217,0.08209755051284594,0,0.8926657501159169,5.730327747248716,136.90801584817657,0.34667472666363974,0.2742749839462516,,,
sample,1779735886.4426572,77.84007716178894,1.7624,0.9251606007441802,0.08810446047471242,0,1.173088875710007,5.515014489927007,137.26156489448618,0.3798948249064782,0.29444379256779185,,,
sample,1779735886.4894583,77.88687825202942,1.7624,0.0,0.08810446047471242,0,1.173088875710007,5.515014489927007,137.26156489448618,0.3798948249064782,0.29444379256779185,,,
sample,1779735886.5404117,77.93783164024353,1.7624,0.0,0.08810446047471242,0,1.173088875710007,5.515014489927007,137.26156489448618,0.3798948249064782,0.29444379256779185,,,
sample,1779735886.5928655,77.99028539657593,1.7624,0.2748510722176626,0.09271482839421216,0,1.292071566720352,5.434214620387256,137.40538943925412,0.3990433075067063,0.3099380171316824,,,
sample,1779735886.6384954,78.03591537475586,1.7624,1.1412759879644054,0.09157668371881215,0,1.4594087416961212,5.3226508747817345,137.60650681657992,0.39207307748333037,0.3061118052178615,,,
sample,1779735886.6865077,78.08392763137817,1.7624,0.0,0.09157668371881215,0,1.4594087416961212,5.3226508747817345,137.60650681657992,0.39207307748333037,0.3061118052178615,,,
sample,1779735886.738063,78.13548302650452,1.7624,0.0,0.09157668371881215,0,1.4594087416961212,5.3226508747817345,137.60650681657992,0.39207307748333037,0.3061118052178615,,,
sample,1779735886.787707,78.1851270198822,1.7624,0.0,0.09157668371881215,0,1.4594087416961212,5.3226508747817345,137.60650681657992,0.39207307748333037,0.3061118052178615,,,
sample,1779735886.837258,78.23467803001404,1.7624,0.0,0.09157668371881215,0,1.4594087416961212,5.3226508747817345,137.60650681657992,0.39207307748333037,0.3061118052178615,,,
sample,1779735886.8882272,78.28564715385437,1.6823,0.9896924611528709,0.0797601022888936,0,1.4979727433360757,5.351192659089422,137.65448405778815,0.32800454092971687,0.26643223238608693,,,
sample,1779735886.9387126,78.3361325263977,1.8425,0.0,0.07736605430136452,0,1.4979727433360757,5.351192659089422,137.65448405778815,0.3348499781330963,0.25840261033551043,,,
sample,1779735886.98928,78.38669991493225,1.8425,2.783542618882119,0.06308664330005091,0,1.9619531203196239,5.134015275140064,138.1667767537393,0.2756988719707423,0.21056823370918817,,,
sample,1779735887.0379536,78.435373544693,1.6823,0.0,0.07066193607512844,0,2.119066062970688,5.073304121706884,138.3352116696554,0.29604414324048695,0.23593259676585893,,,
sample,1779735887.0883315,78.48575139045715,1.6823,0.0,0.07066193607512844,0,2.119066062970688,5.073304121706884,138.3352116696554,0.29604414324048695,0.23593259676585893,,,
sample,1779735887.138164,78.53558397293091,1.7624,2.2244990849440596,0.048639195455206945,0,2.292166349973635,5.027646580987174,138.5142321164906,0.20519351781456863,0.16225862730590457,,,
sample,1779735887.1873143,78.58473420143127,1.7624,0.0,0.048639195455206945,0,2.292166349973635,5.027646580987174,138.5142321164906,0.20519351781456863,0.16225862730590457,,,
sample,1779735887.2373931,78.63481307029724,1.7624,2.154945401312639,0.031224022142870806,0,2.460968345836953,4.985093053181228,138.6883151901542,0.13097558576680196,0.10411391093236963,,,
sample,1779735887.2867506,78.68417048454285,1.7624,0.0,0.02686631378126731,0,2.460968345836953,4.985093053181228,138.6883151901542,0.11364703613274306,0.08957593224199029,,,
sample,1779735887.3396084,78.73702836036682,1.7624,1.143746397717131,0.01419464570032257,0,2.6247089585173162,4.971192561874915,138.85264477330801,0.05910599926360473,0.04731866375754553,,,
sample,1779735887.3879135,78.78533339500427,1.7624,0.09991701351071466,0.013036861502152969,0,2.637781162255568,4.970082818534865,138.86576399740304,0.05455774583185751,0.04345866710991975,,,
sample,1779735887.4401362,78.83755612373352,1.7624,0.9112954539039475,0.006855730322948645,0,2.806575329517707,4.963817685872735,139.03467439610304,0.028903532593333517,0.022852792445941402,,,
sample,1779735887.4873414,78.88476133346558,1.7624,0.0,0.006855730322948645,0,2.806575329517707,4.963817685872735,139.03467439610304,0.028903532593333517,0.022852792445941402,,,
sample,1779735887.5383308,78.93575072288513,1.8425,0.4399237838508431,0.010742415713715054,0,2.9950735609197414,4.961052497222211,139.22319290848304,0.046186588132057206,0.03580942985302567,,,
sample,1779735887.5879765,78.98539638519287,1.8425,0.0,0.010742415713715054,0,2.9950735609197414,4.961052497222211,139.22319290848304,0.046186588132057206,0.03580942985302567,,,
sample,1779735887.639331,79.03675103187561,1.8425,0.5775703009375693,0.014943614891521309,0,3.174682193757508,4.963745462999097,139.40282172870553,0.06339833874206485,0.04981575783957199,,,
sample,1779735887.6877549,79.08517479896545,1.8425,0.0,0.012521239723492962,0,3.174682193757508,4.963745462999097,139.40282172870553,0.05332450362283052,0.04173964710182759,,,
sample,1779735887.7402487,79.13766860961914,1.7624,0.6261403189984015,0.00922489430340007,0,3.3456886610469105,4.972108965509958,139.57403259293164,0.038587118501709115,0.03075051995911601,,,
sample,1779735887.7870955,79.1845154762268,1.7624,-1.2449563896720262,0.03353381250316035,0,3.3214091974079736,4.860994822840183,139.68776844944063,0.13877906854001154,0.1118212931192164,,,
sample,1779735887.8374782,79.23489809036255,1.7624,0.43901172576222786,0.03272417870545507,0,3.499538934879885,4.863071400411655,139.86591029052863,0.13653062012006492,0.10911954948464477,,,
sample,1779735887.8869328,79.28435277938843,1.7624,0.0,0.03272417870545507,0,3.499538934879885,4.863071400411655,139.86591029052863,0.13653062012006492,0.10911954948464477,,,
sample,1779735887.9374628,79.33488273620605,1.8425,0.2685815393363558,0.036711093980224034,0,3.687583220978749,4.867816492755032,140.05401443571364,0.15851090024195894,0.12242531592260478,,,
sample,1779735887.9871461,79.38456606864929,1.8425,0.0,0.036711093980224034,0,3.687583220978749,4.867816492755032,140.05401443571364,0.15851090024195894,0.12242531592260478,,,
sample,1779735888.037066,79.434485912323,1.7624,0.5257873579323665,0.038196845199128714,0,3.8575989247835594,4.876575921451645,140.22425563851525,0.1617733900732835,0.12738477477602664,,,
sample,1779735888.086961,79.48438096046448,1.7624,0.0,0.03622849595872717,0,3.8575989247835594,4.876575921451645,140.22425563851525,0.15326370848902746,0.1208145143291541,,,
sample,1779735888.1380723,79.53549218177795,1.8425,0.5505426804753154,0.035483764995565624,0,4.045844070489286,4.891594745359594,140.41309895969275,0.1521061569380461,0.11832888335787542,,,
sample,1779735888.1941528,79.59157276153564,1.8425,0.0,0.035483764995565624,0,4.045844070489286,4.891594745359594,140.41309895969275,0.1521061569380461,0.11832888335787542,,,
sample,1779735888.2383509,79.63577079772949,1.7624,0.7987364178095399,0.03208441735049955,0,4.232588115684831,4.913149829710061,140.60108289538235,0.13553693350156257,0.10698477074637665,,,
sample,1779735888.2864592,79.68387913703918,1.7624,0.0,0.03208441735049955,0,4.232588115684831,4.913149829710061,140.60108289538235,0.13553693350156257,0.10698477074637665,,,
sample,1779735888.3373394,79.73475933074951,1.8425,0.43157329902049785,0.04227286513637346,0,4.396306169200077,4.839302866566981,140.78068516433316,0.1811916844053909,0.14099354538783282,,,
sample,1779735888.3877454,79.785165309906,1.8425,0.0,0.040708830378244895,0,4.396306169200077,4.839302866566981,140.78068516433316,0.1743638876446591,0.13577110991078797,,,
sample,1779735888.437426,79.83484601974487,1.7624,0.29144210798310116,0.04288776828982073,0,4.489145915064654,4.854036893572688,140.87468681306342,0.17787913858758675,0.1430469433631674,,,
sample,1779735888.4869862,79.88440608978271,1.7624,0.12179924627602616,0.04144864795204611,0,4.52785120841042,4.860179573435817,140.91387650876118,0.17446428247420118,0.13824133467144098,,,
sample,1779735888.5387294,79.93614935874939,1.8425,0.41697973979040803,0.0396290512953942,0,4.7114265681031915,4.8933888430271235,141.1004315094262,0.16860383232829484,0.13216603212691239,,,
sample,1779735888.5867424,79.98416233062744,1.8425,0.0,0.0396290512953942,0,4.7114265681031915,4.8933888430271235,141.1004315094262,0.16860383232829484,0.13216603212691239,,,
sample,1779735888.6377752,80.0351951122284,1.7624,0.4010600204851044,0.039143885732523115,0,4.890426736978887,4.9295685706530215,141.2830514238622,0.1636519263696402,0.13054630217397115,,,
sample,1779735888.6875799,80.0849997997284,1.7624,0.0,0.039143885732523115,0,4.890426736978887,4.9295685706530215,141.2830514238622,0.1636519263696402,0.13054630217397115,,,
sample,1779735888.7387106,80.13613057136536,1.8425,0.38294772833997726,0.03685899057684904,0,5.0992861260236015,4.976057564372133,141.49702214832968,0.15741688084397407,0.12291897226349852,,,
sample,1779735888.7874248,80.18484473228455,1.8425,0.0,0.03689089471116378,0,5.0992861260236015,4.976057564372133,141.49702214832968,0.15753805247129085,0.12302546411577882,,,
sample,1779735888.8369203,80.23434019088745,1.8425,0.0,0.03689089471116378,0,5.0992861260236015,4.976057564372133,141.49702214832968,0.15753805247129085,0.12302546411577882,,,
sample,1779735888.8876739,80.28509378433228,1.8425,0.40535991381502406,0.03966989146778165,0,5.319114430971149,4.993789692550012,141.71756446178864,0.16867732865246154,0.13230238027286034,,,
sample,1779735888.9379082,80.33532810211182,1.7624,0.4403095239383607,0.03605563758065359,0,5.397680421519642,5.014833595617319,141.79889994437264,0.15119424737519296,0.12023756642460635,,,
sample,1779735888.986772,80.38419198989868,1.7624,0.0,0.03605563758065359,0,5.397680421519642,5.014833595617319,141.79889994437264,0.15119424737519296,0.12023756642460635,,,
sample,1779735889.03824,80.4356598854065,1.7624,0.5354699681650243,0.03000450807265553,0,5.5661672173813015,5.064977626906822,141.97469022923983,0.12649731217046029,0.10004505124715896,,,
sample,1779735889.0870082,80.48442816734314,1.7624,0.0,0.03000450807265553,0,5.5661672173813015,5.064977626906822,141.97469022923983,0.12649731217046029,0.10004505124715896,,,
sample,1779735889.1385956,80.53601551055908,1.8425,0.3840657460340898,0.028568111519037456,0,5.681867180011654,5.10323050251231,142.0965498363488,0.12306988782701073,0.09525295295976872,,,
sample,1779735889.187319,80.58473896980286,1.8425,0.2099288180242855,0.02339891775491594,0,5.7415974745952125,5.122978611989958,142.15946005744982,0.099612378454488,0.07801063021928244,,,
sample,1779735889.238009,80.63542890548706,1.7624,0.5220160873922118,0.019195743289403232,0,5.906381699556646,5.182340611954562,142.334610529433,0.08008402689842771,0.06399367121372009,,,
sample,1779735889.2935116,80.69093155860901,1.7624,0.0,0.019195743289403232,0,5.906381699556646,5.182340611954562,142.334610529433,0.08008402689842771,0.06399367121372009,,,
sample,1779735889.3387382,80.7361581325531,1.8425,0.3383709253088772,0.016916563645028613,0,6.081958435453104,5.248643185560803,142.52228903500801,0.07269156932659175,0.05639392500492654,,,
sample,1779735889.3872652,80.7846851348877,1.8425,0.0,0.016916563645028613,0,6.081958435453104,5.248643185560803,142.52228903500801,0.07269156932659175,0.05639392500492654,,,
sample,1779735889.4375706,80.83499050140381,1.7624,0.30886669320786125,0.017454839592496673,0,6.223227947856903,5.274065587263081,142.66582778811363,0.07253906636219722,0.05818870824057908,,,
sample,1779735889.4876304,80.88505029678345,1.7624,0.0,0.017454839592496673,0,6.223227947856903,5.274065587263081,142.66582778811363,0.07253906636219722,0.05818870824057908,,,
sample,1779735889.540404,80.937824010849,1.8425,0.5980221716268539,0.014676813407205332,0,6.389383451909714,5.345920656954052,142.84685486500362,0.06237381017864691,0.04892622445507901,,,
sample,1779735889.5893114,80.98673129081726,1.8425,0.0,0.010553763347302412,0,6.389383451909714,5.345920656954052,142.84685486500362,0.04504759349637607,0.03518051732523834,,,
sample,1779735889.6391973,81.03661727905273,1.7624,0.6560437949022808,0.0032543044965566313,0,6.552836439416938,5.42305032614155,143.02759187005242,0.013650267110240038,0.010847719949467073,,,
sample,1779735889.688063,81.08548283576965,1.7624,0.0,0.0032543044965566313,0,6.552836439416938,5.42305032614155,143.02759187005242,0.013650267110240038,0.010847719949467073,,,
sample,1779735889.7407794,81.13819932937622,1.8425,0.5582077903066391,-0.005760649070233149,0,6.720960854179845,5.508520279934558,143.2161944464949,-0.02447832721746436,-0.019202375978693453,,,
sample,1779735889.7882931,81.18571305274963,1.8425,0.0,-0.005760649070233149,0,6.720960854179845,5.508520279934558,143.2161944464949,-0.02447832721746436,-0.019202375978693453,,,
sample,1779735889.8377311,81.23515105247498,1.7624,0.5444367365304367,-0.008177448609558853,0,6.891527941235628,5.6010910726639,143.4102626892685,-0.034041797554136194,-0.019202375978693453,,,
sample,1779735889.8869512,81.28437113761902,1.7624,0.0,-0.012982250919603979,0,6.891527941235628,5.6010910726639,143.4102626892685,-0.05452473432221814,-0.043276601022027676,,,
sample,1779735889.9392576,81.33667755126953,1.8425,0.3227755801127397,-0.01696489350003442,0,6.973613205086538,5.621688139383318,143.494892646724,-0.07237105520347314,-0.056555070764165,,,
sample,1779735889.9866817,81.3841016292572,1.8425,0.15906041080823055,-0.01708064357419361,0,7.015809268106268,5.645941435530721,143.5435622482056,-0.07236450797930057,-0.05694101617151951,,,
sample,1779735890.03825,81.43566989898682,1.8425,0.1888831301302568,-0.022316965449255963,0,7.170267899941298,5.736733444682409,143.7227288128156,-0.09539301397046067,-0.07440223717668415,,,
sample,1779735890.0866127,81.48403263092041,1.8425,0.0,-0.022316965449255963,0,7.170267899941298,5.736733444682409,143.7227288128156,-0.09539301397046067,-0.07440223717668415,,,
sample,1779735890.1377454,81.535165309906,1.8425,-0.113129778896996,-0.019962820221289628,0,7.330055009353709,5.829418101246112,143.9074512150756,-0.08548997286274446,-0.06655157488819378,,,
sample,1779735890.1873837,81.5848035812378,1.8425,0.0,-0.019962820221289628,0,7.330055009353709,5.829418101246112,143.9074512150756,-0.08548997286274446,-0.06655157488819378,,,
sample,1779735890.238335,81.63575482368469,1.8425,-0.12624906737757266,-0.02345627034674363,0,7.497633188099893,5.925186668189319,144.10046433485311,-0.10010225334373443,-0.07820191049081239,,,
sample,1779735890.2876718,81.6850917339325,1.8425,0.0,-0.02345627034674363,0,7.497633188099893,5.925186668189319,144.10046433485311,-0.10010225334373443,-0.07820191049081239,,,
sample,1779735890.3391893,81.73660922050476,1.8425,-0.096793301586145,-0.022782307410043213,0,7.620883286887176,5.994620548145697,144.2419268759616,-0.09831070979780901,-0.07595416607454046,,,
sample,1779735890.393858,81.79127788543701,1.8425,-0.02125701334567234,-0.02081307218896939,0,7.649606169215241,6.010801802223311,144.27489408622813,-0.08864851621533018,-0.06938692668746493,,,
sample,1779735890.4379306,81.83535051345825,1.7624,-0.08423092436082469,-0.02131307102955408,0,7.807669732893327,6.099076719894256,144.45593704039214,-0.08922247133161605,-0.07105432916287788,,,
sample,1779735890.486899,81.88431882858276,1.7624,0.0,-0.02131307102955408,0,7.807669732893327,6.099076719894256,144.45593704039214,-0.08922247133161605,-0.07105432916287788,,,
sample,1779735890.5408525,81.93827247619629,1.8425,-0.20738268660585196,-0.016047836307421168,0,7.974529781568075,6.1581366680577325,144.632940863291,-0.06887826505848899,-0.053497380218087164,,,
sample,1779735890.5883121,81.98573207855225,1.8425,0.0,-0.016047836307421168,0,7.974529781568075,6.1581366680577325,144.632940863291,-0.06887826505848899,-0.053497380218087164,,,
sample,1779735890.6384625,82.03588247299194,1.8425,-0.12258095097812113,-0.017395398665765855,0,8.153960073943962,6.232348348854529,144.82711244563194,-0.07442169272322369,-0.057990511644796135,,,
sample,1779735890.6865246,82.08394455909729,1.8425,0.0,-0.017395398665765855,0,8.153960073943962,6.232348348854529,144.82711244563194,-0.07442169272322369,-0.057990511644796135,,,
sample,1779735890.7386618,82.13608169555664,1.8425,-0.14116614128998045,-0.013998618750145866,0,8.284744625824734,6.301010301947473,144.97482521695923,-0.059180136077002635,-0.046665110725981535,,,
sample,1779735890.7871435,82.1845633983612,1.8425,-0.024431887454332873,-0.013718787136267629,0,8.305792760530116,6.312060582864078,144.99859773644943,-0.0585211508783994,-0.04573215949908649,,,
sample,1779735890.8419216,82.23934149742126,1.8425,-0.16579678572302806,-0.013741872246186788,0,8.47009442875823,6.396424539669372,145.18329293235442,-0.05923201116433301,-0.04580912437414394,,,
sample,1779735890.8902135,82.28763341903687,1.8425,0.0,-0.013741872246186788,0,8.47009442875823,6.396424539669372,145.18329293235442,-0.05923201116433301,-0.04580912437414394,,,
sample,1779735890.940599,82.33801889419556,1.8425,-0.2128070750731982,-0.011323557442333399,0,8.674181584485414,6.4984669322934,145.41146877907192,-0.048318778978931214,-0.03774680482383144,,,
sample,1779735890.9945977,82.39201760292053,1.8425,0.0,-0.011256578265538837,0,8.674181584485414,6.4984669322934,145.41146877907192,-0.04859475377550235,-0.03752351244020386,,,
sample,1779735891.0453432,82.44276309013367,1.8425,-0.17366191449360344,-0.0090759998670999,0,8.748664008910561,6.5342391977495495,145.49409617479583,-0.03873994028064317,-0.030254163611436128,,,
sample,1779735891.090405,82.4878249168396,1.8425,-0.13655135582756464,-0.009461315485605845,0,8.798385223162915,6.556763356349897,145.54868130892027,-0.040521279393940415,-0.031538659367671855,,,
sample,1779735891.1426876,82.5401074886322,1.8425,-0.35420453928710477,-0.0022175451783669805,0,8.936781069625752,6.615515925461409,145.69903181505632,-0.009396644245635919,-0.00739182937768387,,,
sample,1779735891.189072,82.58649182319641,1.8425,-0.04353957360154039,-0.0017409548342075237,0,8.952719400325057,6.622789707141571,145.71655146931693,-0.007426410795094177,-0.005803188643700331,,,
sample,1779735891.2377207,82.63514065742493,1.7624,0.027976423156458242,-0.0017954292269280509,0,9.091068796472092,6.686155925635088,145.86872187728252,-0.007445704394609938,-0.005984770520529359,,,
sample,1779735891.2897499,82.68716979026794,1.7624,0.0,-0.0017954292269280509,0,9.091068796472092,6.686155925635088,145.86872187728252,-0.007445704394609938,-0.005984770520529359,,,
sample,1779735891.3434553,82.74087524414062,1.9227,0.13664480106075486,-0.0006854002368644948,0,9.28091008689779,6.774797382908497,146.07823804252533,-0.0030062397812829636,-0.002284667813973781,,,
sample,1779735891.3899643,82.7873842716217,1.9227,0.0,-0.0006854002368644948,0,9.28091008689779,6.774797382908497,146.07823804252533,-0.0030062397812829636,-0.002284667813973781,,,
sample,1779735891.4432685,82.84068846702576,1.7624,-0.04488968438887971,-0.000328229964637405,0,9.432333489986615,6.845059776639147,146.24516871968132,-0.0013799917583734325,-0.0010940999214156025,,,
sample,1779735891.500477,82.89789700508118,1.7624,0.0,-0.0021195174183427454,0,9.432333489986615,6.845059776639147,146.24516871968132,-0.008932656438463667,-0.007065068640742316,,,
sample,1779735891.5439808,82.94140076637268,1.8425,0.05724562071455268,-0.0039528677627424045,0,9.602161734046403,6.924376850038545,146.4326062575788,-0.016863399948673898,-0.013176294503131703,,,
sample,1779735891.5897188,82.98713874816895,1.8425,0.0,-0.0039528677627424045,0,9.602161734046403,6.924376850038545,146.4326062575788,-0.016863399948673898,-0.013176294503131703,,,
sample,1779735891.6416845,83.03910446166992,1.8425,-0.04077458655176602,-0.005826661059129266,0,9.732412787367034,6.994420029086191,146.58049602673893,-0.024764324745468726,-0.019422423327883704,,,
sample,1779735891.6928008,83.09022068977356,1.8425,0.0,-0.005826661059129266,0,9.732412787367034,6.994420029086191,146.58049602673893,-0.024764324745468726,-0.019422423327883704,,,
sample,1779735891.7389138,83.13633370399475,1.8425,-0.17149827275799026,-0.003231448976282098,0,9.913171227630826,7.076644334652958,146.7790771188714,-0.013605131668058469,-0.01077153408069518,,,
sample,1779735891.787642,83.18506193161011,1.8425,0.0,-0.003231448976282098,0,9.913171227630826,7.076644334652958,146.7790771188714,-0.013605131668058469,-0.01077153408069518,,,
sample,1779735891.83719,83.23460984230042,1.8425,-0.07678676854256987,-0.001907919855414996,0,10.021898981631534,7.125426801830592,146.89824697073828,-0.008055349530138279,-0.006359740568205733,,,
sample,1779735891.8879118,83.28533172607422,1.8425,-0.026814325616214663,-0.0015857906948710755,0,10.060766868757199,7.142865508675939,146.9408476884089,-0.006804768183527651,-0.005285973413840052,,,
sample,1779735891.9389074,83.33632731437683,1.8425,-0.022197319532138556,-0.03676322147293935,0,10.222424468158765,7.215176092341862,147.1179408840839,-0.1580716106937173,-0.12259930895032725,,,
sample,1779735891.9890828,83.38650274276733,1.8425,0.0,-0.03676322147293935,0,10.222424468158765,7.215176092341862,147.1179408840839,-0.1580716106937173,-0.12259930895032725,,,
sample,1779735892.0394793,83.43689918518066,1.8425,-0.12961180658632265,-0.06465543230550803,0,10.396997141297408,7.291899186581803,147.3086292460689,-0.2797293630719288,-0.21581892260257815,,,
sample,1779735892.0872855,83.48470544815063,1.8425,0.0,-0.06465543230550803,0,10.396997141297408,7.291899186581803,147.3086292460689,-0.2797293630719288,-0.21581892260257815,,,
sample,1779735892.139703,83.53712296485901,1.7624,0.012492774596663977,-0.12133146166806294,0,10.54272320659402,7.344863800590801,147.46368193531987,-0.5324702337764944,-0.4064345840169583,,,
sample,1779735892.1864843,83.58390426635742,1.7624,0.0,-0.12133146166806294,0,10.54272320659402,7.344863800590801,147.46368193531987,-0.5324702337764944,-0.4064345840169583,,,
sample,1779735892.2444236,83.64184355735779,1.9227,0.14777436432679927,-0.17038704199832277,0,10.682099422236039,7.407930897872717,147.6166629414816,-0.8561908576003736,-0.5735176508893404,,,
sample,1779735892.2865958,83.68401575088501,1.9227,0.038654629103209256,-0.1744122626813514,0,10.708635949842067,7.4199385547053005,147.64578975249816,-0.8831646775272431,-0.5873418976459469,,,
sample,1779735892.3401484,83.73756837844849,1.8425,-0.3115339819005406,-0.19131579029846243,0,10.911781268008236,7.50767812795522,147.86707294889345,-0.9832607660956477,-0.6456154701298683,,,
sample,1779735892.386478,83.7838978767395,1.8425,0.0,-0.19131579029846243,0,10.911781268008236,7.50767812795522,147.86707294889345,-0.9832607660956477,-0.6456154701298683,,,
sample,1779735892.4396482,83.8370680809021,1.9227,-0.694282396473015,-0.19821637121494226,0,11.053912786211214,7.563301888457978,148.0197011612238,-1.0717245091853866,-0.6695126139018481,,,
sample,1779735892.4882355,83.8856554031372,1.9227,0.0,-0.19821637121494226,0,11.053912786211214,7.563301888457978,148.0197011612238,-1.0717245091853866,-0.6695126139018481,,,
sample,1779735892.5376942,83.93511414527893,1.9227,-1.948735911181006,-0.19908581669229916,0,11.249352828075724,7.618433746229725,148.2227684695365,-1.0815846970087426,-0.6725282108054841,,,
sample,1779735892.586981,83.98440098762512,1.9227,0.0,-0.19908581669229916,0,11.249352828075724,7.618433746229725,148.2227684695365,-1.0815846970087426,-0.6725282108054841,,,
sample,1779735892.6390715,84.03649139404297,2.0028,-2.9996858024787216,-0.18451824614890566,0,11.349163922719342,7.571934523788382,148.33287946944844,-0.9910501988828793,-0.6221375342465925,,,
sample,1779735892.6887784,84.08619832992554,2.0028,-0.33894886531452467,-0.1864526388266862,0,11.380984700631267,7.575186516850161,148.36486598794912,-0.9956303047207079,-0.6288125430653764,,,
sample,1779735892.7379215,84.13534140586853,1.9227,-2.5403571954153823,-0.1815747639774406,0,11.559709924162904,7.571075578982866,148.54363848397853,-0.9339009679947508,-0.6119896857315699,,,
sample,1779735892.7873225,84.18474245071411,1.9227,0.0,-0.1815747639774406,0,11.559709924162904,7.571075578982866,148.54363848397853,-0.9339009679947508,-0.6119896857315699,,,
sample,1779735892.838679,84.23609900474548,1.9227,-2.432053637566523,-0.18022451438727116,0,11.792517461461253,7.536390237377841,148.77901567562031,-0.9157082225063188,-0.6073382907751811,,,
sample,1779735892.886614,84.28403401374817,1.9227,0.0,-0.18022451438727116,0,11.792517461461253,7.536390237377841,148.77901567562031,-0.9157082225063188,-0.6073382907751811,,,
sample,1779735892.9378018,84.33522176742554,2.0028,-1.5254472753657125,-0.17355589085649872,0,11.890833253474701,7.508671801258917,148.88116412964735,-0.8906160490915853,-0.5843991413178303,,,
sample,1779735892.9865615,84.38398146629333,2.0028,-1.0011646874669853,-0.17047439527743952,0,11.95229806398116,7.491342861637984,148.94502503379832,-0.8671259798817669,-0.5738174527306358,,,
sample,1779735893.037514,84.43493390083313,1.9227,-2.3827129960163096,-0.16226225106471012,0,12.11843988377584,7.42184125068918,149.12511828244791,-0.7994173769465212,-0.5456716001257338,,,
sample,1779735893.0940328,84.49145269393921,1.9227,0.0,-0.16226225106471012,0,12.11843988377584,7.42184125068918,149.12511828244791,-0.7994173769465212,-0.5456716001257338,,,
sample,1779735893.1428263,84.54024624824524,1.9227,-2.220476883862093,-0.1555173940092325,0,12.293905183671352,7.324944898620181,149.3255602304321,-0.7599337495893028,-0.5226113558656271,,,
sample,1779735893.1869037,84.58432364463806,1.9227,0.0,-0.1555173940092325,0,12.293905183671352,7.324944898620181,149.3255602304321,-0.7599337495893028,-0.5226113558656271,,,
sample,1779735893.2384005,84.63582038879395,2.0028,-2.5957073663902985,-0.15138030283386333,0,12.371915752328352,7.248131866081987,149.43504032355364,-0.7457637679363004,-0.5084911501737519,,,
sample,1779735893.2871273,84.68454718589783,2.0028,0.0,-0.1357295208357836,0,12.371915752328352,7.248131866081987,149.43504032355364,-0.6619460128157254,-0.45523067160133424,,,
sample,1779735893.3370109,84.73443078994751,1.9227,-2.5955853173296357,-0.11778325193463111,0,12.393491972644668,7.165062267631031,149.52086626060031,-0.5474832654981686,-0.39443652102331866,,,
sample,1779735893.3876655,84.785085439682,1.9227,0.0,-0.11634539000963796,0,12.393491972644668,7.165062267631031,149.52086626060031,-0.536951445875859,-0.3895773605058349,,,
sample,1779735893.4383445,84.83576440811157,1.9227,-1.5446273493702432,-0.11186448206526514,0,12.537404444649987,6.999160823013161,149.74048886627872,-0.5141634558030895,-0.3744448033840802,,,
sample,1779735893.4873497,84.88476967811584,1.9227,-0.2096997732338702,-0.11261334284897444,0,12.556296869088456,6.977381748114356,149.7693203040613,-0.5129528080270586,-0.37697271820895867,,,
sample,1779735893.5388155,84.93623542785645,1.9227,-1.9465936634634498,-0.09707718467538035,0,12.63484545998875,6.866032828066443,149.9055864521989,-0.44081904879113765,-0.32461096586803245,,,
sample,1779735893.589253,84.98667287826538,1.9227,0.0,-0.09707718467538035,0,12.63484545998875,6.866032828066443,149.9055864521989,-0.44081904879113765,-0.32461096586803245,,,
sample,1779735893.6374202,85.03484010696411,1.8425,-1.9490577591403777,-0.10130319250947753,0,12.750779067308851,6.663775127412753,150.1387146975489,-0.44081904879113765,-0.33883718925719525,,,
sample,1779735893.6944587,85.09187865257263,1.8425,0.0,-0.08745513055769637,0,12.750779067308851,6.663775127412753,150.1387146975489,-0.3874978957897347,-0.29226259579680736,,,
sample,1779735893.7521486,85.14956855773926,1.9227,-1.2066974474923327,-0.0766233010164594,0,12.797470144340277,6.562673462206221,150.25007718396998,-0.33999576300394135,-0.25591203048269906,,,
sample,1779735893.7880883,85.18550825119019,1.9227,0.0,-0.0766233010164594,0,12.797470144340277,6.562673462206221,150.25007718396998,-0.33999576300394135,-0.25591203048269906,,,
sample,1779735893.8375971,85.23501706123352,1.9227,-2.6741037154986516,-0.05282549013516099,0,12.871339256889629,6.490709184988562,150.35320575898336,-0.2343226485524384,-0.17624894041786143,,,
sample,1779735893.8864238,85.28384375572205,1.9227,0.0,-0.05282549013516099,0,12.871339256889629,6.490709184988562,150.35320575898336,-0.2343226485524384,-0.17624894041786143,,,
sample,1779735893.9380724,85.33549237251282,1.9227,-1.7527023455332282,-0.03678200218563241,0,12.914021708436044,6.32174672379967,150.5274759657343,-0.1606119060137442,-0.12266199605484016,,,
sample,1779735893.9864347,85.38385462760925,1.9227,0.0,-0.03678200218563241,0,12.914021708436044,6.32174672379967,150.5274759657343,-0.1606119060137442,-0.12266199605484016,,,
sample,1779735894.037441,85.43486094474792,1.8425,-1.009606141589336,-0.03284680794527265,0,12.947479968031516,6.134101640183097,150.7180806155743,-0.1396717724637947,-0.10952875330882493,,,
sample,1779735894.0871336,85.48455357551575,1.8425,0.0,-0.0321191666684602,0,12.947479968031516,6.134101640183097,150.7180806155743,-0.13895984322075913,-0.10710072125512088,,,
sample,1779735894.1378086,85.53522849082947,1.8425,-0.8607690786963451,-0.03323441214174945,0,12.96722638853203,5.980197648425262,150.87324620390362,-0.1413852259429578,-0.11082217880878571,,,
sample,1779735894.1871226,85.58454251289368,1.8425,-0.10597312225219317,-0.03201458074428168,0,12.969592171207537,5.961758691482014,150.89183631043431,-0.1371228134751839,-0.10675174278140644,,,
sample,1779735894.2385774,85.63599729537964,1.8425,-0.5335872752999102,-0.03187092490951927,0,12.987983909974984,5.778732477844924,151.0757842675668,-0.13553945876634574,-0.10627240107310386,,,
sample,1779735894.2876112,85.6850311756134,1.8425,0.0,-0.03187092490951927,0,12.987983909974984,5.778732477844924,151.0757842675668,-0.13553945876634574,-0.10627240107310386,,,
sample,1779735894.3393574,85.73677730560303,1.8425,0.5234265113640549,-0.05262433502903935,0,13.107465134997927,5.628722817711462,151.26756190251504,-0.2285218435403639,-0.17557655595397934,,,
sample,1779735894.3880377,85.78545761108398,1.8425,0.0,-0.05262433502903935,0,13.107465134997927,5.628722817711462,151.26756190251504,-0.2285218435403639,-0.17557655595397934,,,
sample,1779735894.4384477,85.83586764335632,1.8425,0.175493069685103,-0.06468991542483322,0,13.167103272704635,5.502731784330158,151.40695504424596,-0.2813991993141372,-0.21593434843583806,,,
sample,1779735894.488017,85.88543701171875,1.8425,0.0,-0.06900541608332895,0,13.167103272704635,5.502731784330158,151.40695504424596,-0.29655994705403643,-0.2303838463118714,,,
sample,1779735894.5400276,85.9374475479126,1.8425,0.06167803215886054,-0.07598901311135574,0,13.191547685829027,5.328566370390281,151.58282750015036,-0.32915046455420827,-0.2537853787025945,,,
sample,1779735894.5875607,85.98498058319092,1.8425,0.003162783428960906,-0.07602232836730126,0,13.192693258849703,5.320404210868215,151.59106965918846,-0.3303161519906398,-0.2538970735599903,,,
sample,1779735894.6402724,86.0376923084259,1.8425,-0.05615347606600436,-0.09038451636279908,0,13.220694022029159,5.116517184618994,151.79687044201347,-0.398226018950551,-0.30210483740810035,,,
sample,1779735894.6865382,86.0839581489563,1.8425,0.0,-0.09038451636279908,0,13.220694022029159,5.116517184618994,151.79687044201347,-0.398226018950551,-0.30210483740810035,,,
sample,1779735894.7399657,86.13738560676575,1.7624,-0.5306962198351315,-0.09825156729369687,0,13.237914421111569,4.957877729258296,151.95644180204306,-0.4194808302418017,-0.3285631526174,,,
sample,1779735894.7866921,86.18411207199097,1.7624,0.0,-0.09825156729369687,0,13.237914421111569,4.957877729258296,151.95644180204306,-0.4194808302418017,-0.3285631526174,,,
sample,1779735894.8373985,86.23481845855713,1.8425,-0.3492091252169054,-0.10194965659565529,0,13.29578881279478,4.839541252169219,152.0881724629484,-0.4523648411674607,-0.34101447921260847,,,
sample,1779735894.8875518,86.28497171401978,1.8425,0.0,-0.10412606204241225,0,13.29578881279478,4.839541252169219,152.0881724629484,-0.4612017252880769,-0.3483467370095049,,,
sample,1779735894.93948,86.33689999580383,1.9227,-0.48367242049218884,-0.10819090224160123,0,13.307637294579218,4.644482710998713,152.2835905301893,-0.4992884300997824,-0.3620500758419622,,,
sample,1779735894.9872613,86.384681224823,1.9227,-0.09700667635785612,-0.11176031225696072,0,13.309823879605279,4.608485518017499,152.31965407212022,-0.5101139455730513,-0.3740931931423089,,,
sample,1779735895.0378728,86.43529272079468,1.8425,-0.7528881635396057,-0.11317233898191335,0,13.313169641047441,4.460231085403235,152.4679462529977,-0.5066738601893154,-0.3788599895768679,,,
sample,1779735895.0874858,86.48490571975708,1.8425,0.0,-0.11317233898191335,0,13.313169641047441,4.460231085403235,152.4679462529977,-0.5066738601893154,-0.3788599895768679,,,
sample,1779735895.1383839,86.53580379486084,1.8425,-0.9660606114694092,-0.11598955352519452,0,13.307330437460639,4.240819687295001,152.68743533682272,-0.5183722307656328,-0.38837508719365915,,,
sample,1779735895.1870139,86.5844337940216,1.8425,0.0,-0.11598955352519452,0,13.307330437460639,4.240819687295001,152.68743533682272,-0.5183722307656328,-0.38837508719365915,,,
sample,1779735895.238169,86.63558888435364,1.9227,-1.2262183422048196,-0.11101415275493688,0,13.293409764040414,4.085407283187834,152.84346994996622,-0.507245696438635,-0.3715748786704281,,,
sample,1779735895.2881665,86.68558645248413,1.9227,0.0,-0.11034185056582069,0,13.293409764040414,4.085407283187834,152.84346994996622,-0.4998440937965397,-0.3693061940505085,,,
sample,1779735895.3386703,86.73609018325806,1.8425,-0.8849221600100652,-0.1094665499215168,0,13.26802991175168,3.8971772669094658,153.03340329598623,-0.4926094562919932,-0.3663529969659988,,,
sample,1779735895.3883004,86.78572034835815,1.8425,0.0,-0.1094665499215168,0,13.26802991175168,3.8971772669094658,153.03340329598623,-0.4926094562919932,-0.3663529969659988,,,
sample,1779735895.4404912,86.8379111289978,1.9227,-0.9517990762682897,-0.10533369561093116,0,13.246378916604007,3.779821702821046,153.15273935094615,-0.47434546139810335,-0.35241666010247436,,,
sample,1779735895.4877105,86.88513040542603,1.9227,0.0,-0.10533369561093116,0,13.246378916604007,3.779821702821046,153.15273935094615,-0.47434546139810335,-0.35241666010247436,,,
sample,1779735895.5392692,86.93668913841248,1.8425,-1.2165864367111103,-0.09958443712221424,0,13.198587784325957,3.5898268793627834,153.34865266153366,-0.4453210322154439,-0.3330498106449023,,,
sample,1779735895.5871377,86.98455762863159,1.8425,0.0,-0.09958443712221424,0,13.198587784325957,3.5898268793627834,153.34865266153366,-0.4453210322154439,-0.3330498106449023,,,
sample,1779735895.6388886,87.0363085269928,1.9227,-1.3855866806073296,-0.09835485526596784,0,13.141260198611123,3.4157469661685123,153.53192914191675,-0.4447882717564857,-0.32891079449591076,,,
sample,1779735895.6886508,87.08607077598572,1.9227,0.0,-0.09712948395797252,0,13.141260198611123,3.4157469661685123,153.53192914191675,-0.4342504757794377,-0.32478695097485394,,,
sample,1779735895.7430766,87.14049649238586,1.9227,-1.3053959318654127,-0.0978223537182187,0,13.068956526071085,3.239437717133266,153.72248824654875,-0.44335352509957215,-0.32711860116136143,,,
sample,1779735895.789869,87.1872889995575,1.9227,0.0,-0.0978223537182187,0,13.068956526071085,3.239437717133266,153.72248824654875,-0.44335352509957215,-0.32711860116136143,,,
sample,1779735895.8441277,87.24154758453369,1.8425,-1.142674877813488,-0.09867872898726834,0,12.969153943602505,3.0334511491673855,153.95137909750125,-0.4386278270714285,-0.3300009196651547,,,
sample,1779735895.8915508,87.28897070884705,1.8425,0.0,-0.09867872898726834,0,12.969153943602505,3.0334511491673855,153.95137909750125,-0.4386278270714285,-0.3300009196651547,,,
sample,1779735895.940946,87.33836603164673,1.9227,-1.4877794068505554,-0.08733842120352513,0,12.953029792197638,2.996264437081595,153.99191105790632,-0.39598770889832396,-0.29187057792220095,,,
sample,1779735895.990269,87.38768887519836,1.9227,0.0,-0.08733842120352513,0,12.953029792197638,2.996264437081595,153.99191105790632,-0.39598770889832396,-0.29187057792220095,,,
sample,1779735896.041506,87.4389259815216,1.8425,-1.3859422452033476,-0.08715941534623795,0,12.840714552426968,2.8305622097600405,154.1920908301713,-0.3860227698141617,-0.29126932638020453,,,
sample,1779735896.0912533,87.48867321014404,1.8425,0.0,-0.09022178222224679,0,12.840714552426968,2.8305622097600405,154.1920908301713,-0.3955083824863024,-0.30155794264086866,,,
sample,1779735896.1434958,87.54091572761536,1.9227,-1.3416865331279695,-0.08853624648302026,0,12.734804385091657,2.6957130470636637,154.3635587870172,-0.3970679671034689,-0.2958943650631115,,,
sample,1779735896.1896746,87.58709454536438,1.9227,0.0,-0.08853624648302026,0,12.734804385091657,2.6957130470636637,154.3635587870172,-0.3970679671034689,-0.2958943650631115,,,
sample,1779735896.2414184,87.63883829116821,1.8425,-1.5073291950092813,-0.08156279465234484,0,12.609812956352695,2.559856202908658,154.54816631492972,-0.3601821917279711,-0.27248047481414595,,,
sample,1779735896.2898088,87.68722867965698,1.8425,0.0,-0.08156279465234484,0,12.609812956352695,2.559856202908658,154.54816631492972,-0.3601821917279711,-0.27248047481414595,,,
sample,1779735896.3424368,87.7398567199707,1.9227,-1.0765413794623528,-0.08424576323327652,0,12.46899813396713,2.4232108579960796,154.7443824317238,-0.3764250571056616,-0.2814854595611066,,,
sample,1779735896.3906476,87.78806757926941,1.9227,0.0,-0.08411832110085024,0,12.46899813396713,2.4232108579960796,154.7443824317238,-0.3758470890949753,-0.28105762772757886,,,
sample,1779735896.440305,87.83772492408752,1.8425,-0.4253744110633894,-0.08714550942915202,0,12.469725497130483,2.3615276995302152,154.80606987854645,-0.37625642363280526,-0.2912226194556933,,,
sample,1779735896.489972,87.88739204406738,1.8425,-0.03321228263145994,-0.08678336364025635,0,12.466123236793864,2.3581879626484503,154.8109821205979,-0.37528431149377883,-0.2900062911148813,,,
sample,1779735896.5414543,87.93887424468994,1.8425,-1.0622895751199097,-0.08317973150292064,0,12.325382792832967,2.2413394873334687,154.9939068011354,-0.36340847483163974,-0.27790700143547437,,,
sample,1779735896.590061,87.98748087882996,1.8425,0.0,-0.08317973150292064,0,12.325382792832967,2.2413394873334687,154.9939068011354,-0.36340847483163974,-0.27790700143547437,,,
sample,1779735896.6434906,88.04091048240662,1.9227,-0.7795002167368046,-0.08384919971091206,0,12.164911596797856,2.1190287011900266,155.1956763061751,-0.37596486518909494,-0.2801541992629167,,,
sample,1779735896.6905084,88.0879282951355,1.9227,0.0,-0.08384919971091206,0,12.164911596797856,2.1190287011900266,155.1956763061751,-0.37596486518909494,-0.2801541992629167,,,
sample,1779735896.7411761,88.13859605789185,1.8425,-0.8500209322005036,-0.0843190630074692,0,12.002329284345764,2.0058335011216357,155.3937827463551,-0.3704560559097567,-0.2817315360170636,,,
sample,1779735896.793795,88.19121503829956,1.8425,0.0,-0.08553771340571922,0,12.002329284345764,2.0058335011216357,155.3937827463551,-0.37302501337093397,-0.28582314572772033,,,
sample,1779735896.8390336,88.23645353317261,1.9227,-0.9863838720610731,-0.08165676259399035,0,11.855081651152075,1.9130545032484454,155.56782241978473,-0.36692748416155796,-0.2727957967214376,,,
sample,1779735896.8885362,88.28595614433289,1.9227,-0.026685627823110063,-0.08137726490544385,0,11.85072252190984,1.9103078672997236,155.5729747024619,-0.3662997742530404,-0.27185791932826836,,,
sample,1779735896.946446,88.34386587142944,1.8425,-0.9177959899282885,-0.07959395653652787,0,11.688522843478655,1.8197714991076763,155.7587314510569,-0.34603488470444743,-0.2658748823945852,,,
sample,1779735896.9878318,88.38525176048279,1.8425,0.0,-0.07959395653652787,0,11.688522843478655,1.8197714991076763,155.7587314510569,-0.34603488470444743,-0.2658748823945852,,,
sample,1779735897.038045,88.43546485900879,1.8425,-1.1025908115104648,-0.07793851799896262,0,11.539672406324792,1.7163139423195068,155.94000450117045,-0.33945452918053765,-0.2603223754137467,,,
sample,1779735897.0880136,88.48543357849121,1.8425,0.0,-0.07561780606280816,0,11.539672406324792,1.7163139423195068,155.94000450117045,-0.32978905356808047,-0.25254088448716494,,,
sample,1779735897.1377246,88.53514456748962,1.9227,-1.066390148417425,-0.07159141036470257,0,11.402822396447366,1.6346005636016199,156.09939396589425,-0.3185405357628647,-0.2390465716867487,,,
sample,1779735897.1867692,88.58418917655945,1.9227,0.0,-0.06969044903354168,0,11.402822396447366,1.6346005636016199,156.09939396589425,-0.3100885640302365,-0.2326783062619537,,,
sample,1779735897.2377949,88.63521480560303,1.8425,-0.9552204720962979,-0.06622660860148058,0,11.220789160449797,1.5677436640969176,156.29331648655426,-0.2855465838208711,-0.22107867089234393,,,
sample,1779735897.2866979,88.68411779403687,1.8425,0.0,-0.06622660860148058,0,11.220789160449797,1.5677436640969176,156.29331648655426,-0.2855465838208711,-0.22107867089234393,,,
sample,1779735897.3377318,88.73515176773071,1.8425,-0.8759073069016097,-0.0614960245530298,0,11.02364175860449,1.5051820271214496,156.50015230665176,-0.26464268663569046,-0.2052455436304636,,,
sample,1779735897.3867514,88.78417134284973,1.8425,0.0,-0.0614960245530298,0,11.02364175860449,1.5051820271214496,156.50015230665176,-0.26464268663569046,-0.2052455436304636,,,
sample,1779735897.4385839,88.83600378036499,1.8425,-0.8751813404511012,-0.05462728852938025,0,10.876092524771934,1.465627218731587,156.65291146111176,-0.2343325022479018,-0.1822723065781749,,,
sample,1779735897.4872215,88.88464140892029,1.8425,0.0,-0.05462728852938025,0,10.876092524771934,1.465627218731587,156.65291146111176,-0.2343325022479018,-0.1822723065781749,,,
sample,1779735897.537514,88.93493390083313,1.9227,-0.4409521343173341,-0.05398314713894507,0,10.763956934510881,1.400693920495218,156.78249048650957,-0.23925637570212777,-0.18011882403351195,,,
sample,1779735897.5871143,88.98453426361084,1.9227,0.0,-0.05363185779166364,0,10.763956934510881,1.400693920495218,156.78249048650957,-0.2368664498341977,-0.17894446274412748,,,
sample,1779735897.6375706,89.03499054908752,1.8425,-0.7894645467054671,-0.04848594529721447,0,10.585220178890026,1.3644788969556159,156.96485922215206,-0.21092476426766366,-0.1617465868369557,,,
sample,1779735897.686754,89.08417391777039,1.8425,0.0,-0.04848594529721447,0,10.585220178890026,1.3644788969556159,156.96485922215206,-0.21092476426766366,-0.1617465868369557,,,
sample,1779735897.7390742,89.13649415969849,1.8425,-0.3542528974789189,-0.04750704074650726,0,10.398356441799447,1.3302097628914884,157.15483929949957,-0.20549213749195222,-0.15847604295718407,,,
sample,1779735897.786642,89.18406200408936,1.8425,0.0,-0.04750704074650726,0,10.398356441799447,1.3302097628914884,157.15483929949957,-0.20549213749195222,-0.15847604295718407,,,
sample,1779735897.8396215,89.23704147338867,1.9227,-0.4388729660025378,-0.04379992041816166,0,10.20116218144533,1.2987660467396835,157.35452476116876,-0.19358775698681996,-0.14609316999867594,,,
sample,1779735897.8864303,89.28385019302368,1.9227,0.0,-0.04379992041816166,0,10.20116218144533,1.2987660467396835,157.35452476116876,-0.19358775698681996,-0.14609316999867594,,,
sample,1779735897.9379814,89.3354012966156,1.7624,-0.4300110245210693,-0.04293214162736438,0,10.064897689752847,1.2807188913562413,157.49197915911094,-0.1796196950146475,-0.14319512716645527,,,
sample,1779735897.9877713,89.3851912021637,1.7624,-0.08598198775587242,-0.04192073989593377,0,10.038582050338121,1.2772335928193048,157.51852459532316,-0.17715705734431056,-0.13981771206259005,,,
sample,1779735898.0389,89.43631982803345,1.9227,-0.4652801033440213,-0.03609472354500567,0,9.848934378631562,1.2566933896769326,157.70928134966977,-0.15920058056373126,-0.12036802267702541,,,
sample,1779735898.0867274,89.48414731025696,1.9227,0.0,-0.03609472354500567,0,9.848934378631562,1.2566933896769326,157.70928134966977,-0.15920058056373126,-0.12036802267702541,,,
sample,1779735898.1384714,89.53589129447937,1.9227,0.0,-0.03609472354500567,0,9.848934378631562,1.2566933896769326,157.70928134966977,-0.15920058056373126,-0.12036802267702541,,,
sample,1779735898.1878588,89.58527874946594,1.7624,0.19090752564476382,-0.04671432634909632,0,9.658890863157312,1.1915905386669423,157.91016668757038,-0.19570556827535582,-0.15582778825998336,,,
sample,1779735898.2374177,89.63483762741089,1.9227,-0.3654249287158365,-0.043263586030468086,0,9.536807061232688,1.1794393239866152,158.0328537150451,-0.18880671883677091,-0.1443019965087897,,,
sample,1779735898.2872903,89.68471026420593,1.9227,0.0,-0.04061977282992436,0,9.536807061232688,1.1794393239866152,158.0328537150451,-0.1798636529105867,-0.13547375999365927,,,
sample,1779735898.337219,89.73463892936707,1.7624,-0.2810693546862459,-0.04124275304271176,0,9.383582816611355,1.1666593573375073,158.18661000495652,-0.1740906114223635,-0.13547375999365927,,,
sample,1779735898.387461,89.78488087654114,1.7624,-0.03895674258827101,-0.04117197636319006,0,9.362212392786505,1.164876915502445,158.20805463396587,-0.17183580724556188,-0.13731752040486225,,,
sample,1779735898.4372795,89.83469939231873,1.8425,-0.3316554450756189,-0.036847230920525574,0,9.183262197880705,1.1529246870509513,158.38740353421838,-0.15917610030616114,-0.12287972012285227,,,
sample,1779735898.487637,89.88505697250366,1.8425,0.0,-0.036847230920525574,0,9.183262197880705,1.1529246870509513,158.38740353421838,-0.15917610030616114,-0.12287972012285227,,,
sample,1779735898.5382905,89.93571043014526,1.8425,-0.11523381103982779,-0.03659474506896033,0,8.99720323144478,1.1415881145281057,158.5738075493784,-0.1571639650346189,-0.12203696472637061,,,
sample,1779735898.5864122,89.98383212089539,1.8425,0.0,-0.03659474506896033,0,8.99720323144478,1.1415881145281057,158.5738075493784,-0.1571639650346189,-0.12203696472637061,,,
sample,1779735898.6375754,90.0349953174591,1.8425,0.17792468696512162,-0.041605970723044616,0,8.842096888050607,1.1114016514881249,158.7318240052049,-0.17746421027896572,-0.13876664930278784,,,
sample,1779735898.6869905,90.08441042900085,1.8425,0.0,-0.04135102880147335,0,8.842096888050607,1.1114016514881249,158.7318240052049,-0.1779557975736009,-0.13791537915134836,,,
sample,1779735898.7379086,90.13532853126526,1.8425,-0.18935331349777051,-0.04016948379292356,0,8.666037882422149,1.1012424460641734,158.90817587765804,-0.1711652116189526,-0.1339703446836653,,,
sample,1779735898.7863708,90.18379068374634,1.8425,0.0,-0.04016948379292356,0,8.666037882422149,1.1012424460641734,158.90817587765804,-0.1711652116189526,-0.1339703446836653,,,
sample,1779735898.8393176,90.23673748970032,1.8425,-0.43217325074015056,-0.03543655977767601,0,8.470577172901525,1.092932146513322,159.10381316971896,-0.1534070547467836,-0.11817133460912893,,,
sample,1779735898.8880424,90.28546237945557,1.8425,0.0,-0.03543655977767601,0,8.470577172901525,1.092932146513322,159.10381316971896,-0.1534070547467836,-0.11817133460912893,,,
sample,1779735898.937977,90.33539700508118,1.8425,-0.489599672375516,-0.030059272390304106,0,8.287221586577667,1.0905509055784404,159.28718421799147,-0.12912737231378102,-0.10022776371417416,,,
sample,1779735898.9870298,90.38444972038269,1.8425,0.0,-0.030059272390304106,0,8.287221586577667,1.0905509055784404,159.28718421799147,-0.12912737231378102,-0.10022776371417416,,,
sample,1779735899.0382257,90.43564558029175,1.8425,-0.3503530121521854,-0.022839514366948345,0,8.104301360217775,1.091456430881453,159.47010668568646,-0.09703259541305069,-0.07614495518848564,,,
sample,1779735899.0877504,90.48517036437988,1.8425,0.0,-0.02134544192466313,0,8.104301360217775,1.091456430881453,159.47010668568646,-0.09114850340602199,-0.0711622812505556,,,
sample,1779735899.1380854,90.5355052947998,1.8425,0.010364884397167783,-0.021388038603206636,0,7.921204871172009,1.0922673023301421,159.65320497025897,-0.09074959714967354,-0.0713043350220732,,,
sample,1779735899.1873848,90.58480477333069,1.8425,0.0,-0.021388038603206636,0,7.921204871172009,1.0922673023301421,159.65320497025897,-0.09074959714967354,-0.0713043350220732,,,
sample,1779735899.237378,90.63479781150818,1.8425,-0.3854526427434717,-0.015828772248391,0,7.762989874364574,1.1039531150609518,159.811850939114,-0.06735208088853505,-0.05276698115783512,,,
sample,1779735899.286949,90.68436884880066,1.8425,0.0,-0.015828772248391,0,7.762989874364574,1.1039531150609518,159.811850939114,-0.06735208088853505,-0.05276698115783512,,,
sample,1779735899.3378556,90.73527550697327,1.8425,-0.20746270574240477,-0.01289038958865165,0,7.58655174273708,1.1100002178751527,159.98839266716902,-0.05540049210405893,-0.042970345336770056,,,
sample,1779735899.3868036,90.78422355651855,1.8425,0.0,-0.01289038958865165,0,7.58655174273708,1.1100002178751527,159.98839266716902,-0.05540049210405893,-0.042970345336770056,,,
sample,1779735899.439095,90.83651494979858,1.8425,-0.06296354269538927,-0.01160350980294278,0,7.442410070872719,1.1156154689831117,160.13264367275602,-0.04976217316193207,-0.038680102006933066,,,
sample,1779735899.487406,90.88482594490051,1.8425,-0.02865855208127574,-0.011106849831348718,0,7.381796424165505,1.1179767628575885,160.1933032958665,-0.04782824343534851,-0.037024355251251126,,,
sample,1779735899.540724,90.93814396858215,1.8425,-0.3237249441308443,-0.006095434560083113,0,7.199629384399903,1.1282248232518506,160.375758367374,-0.02607062793980437,-0.020318366839284924,,,
sample,1779735899.5873652,90.98478507995605,1.8425,0.0,-0.006095434560083113,0,7.199629384399903,1.1282248232518506,160.375758367374,-0.02607062793980437,-0.020318366839284924,,,
sample,1779735899.637971,91.03539085388184,1.7624,-0.17972544794887818,-0.003537043397974248,0,7.0344674242137915,1.139023978334934,160.5412730037148,-0.014853033234962551,-0.011790193827720152,,,
sample,1779735899.6878471,91.08526706695557,1.7624,0.0,-0.003537043397974248,0,7.0344674242137915,1.139023978334934,160.5412730037148,-0.014853033234962551,-0.011790193827720152,,,
sample,1779735899.7373917,91.13481163978577,1.8425,-0.18612680146914132,-0.001805134804039567,0,6.920287341618096,1.1424263837782536,160.65550376850413,-0.007677286259451455,-0.0060171225490879745,,,
sample,1779735899.7886264,91.18604636192322,1.8425,0.0,-0.004869181017545662,0,6.920287341618096,1.1424263837782536,160.65550376850413,-0.02063736685639392,-0.016230731663081595,,,
sample,1779735899.8377535,91.23517346382141,1.8425,-0.06517863128620947,-0.0030650564057237316,0,6.764349129987391,1.154647151844657,160.8119201136178,-0.013025010671691338,-0.01021688668018747,,,
sample,1779735899.8876371,91.2850570678711,1.8425,-0.009893650644672477,-0.0029489251751216123,0,6.740314327243889,1.1565307424462075,160.83602861121662,-0.012647389732165512,-0.009829779077531416,,,
sample,1779735899.9379315,91.33535146713257,1.8425,-0.06355696015220651,-0.00074870232664417,0,6.557108902307663,1.1714777962572982,161.0198427623141,-0.003192070118630546,-0.002495674888468408,,,
sample,1779735899.986762,91.38418197631836,1.8425,0.0,-0.00074870232664417,0,6.557108902307663,1.1714777962572982,161.0198427623141,-0.003192070118630546,-0.002495674888468408,,,
sample,1779735900.038338,91.4357578754425,1.7624,0.02779131065926241,-1.344685057913077e-05,0,6.361237344520365,1.1871756422981585,161.2163423539685,-5.587635244517007e-05,-4.482283526647084e-05,,,
sample,1779735900.0876,91.48501992225647,1.7624,0.0,-1.344685057913077e-05,0,6.361237344520365,1.1871756422981585,161.2163423539685,-5.587635244517007e-05,-4.482283526647084e-05,,,
sample,1779735900.143725,91.54114484786987,1.8425,0.04095051020023183,0.0008460879883747919,0,6.202250296530883,1.199549745111884,161.375810218596,0.00361702379935177,0.0028202939675658107,,,
sample,1779735900.1922183,91.58963823318481,1.8425,0.0,0.0008460879883747919,0,6.202250296530883,1.199549745111884,161.375810218596,0.00361702379935177,0.0028202939675658107,,,
sample,1779735900.2384477,91.63586759567261,1.8425,-0.23962089682245735,0.005575864084181764,0,6.038279964206788,1.224793940428431,161.54171241653097,0.023983170195352625,0.018586406233074306,,,
sample,1779735900.2865999,91.68401980400085,1.8425,-0.006360594444003624,0.006044878085888845,0,6.028185194318009,1.2256953457881297,161.55184735169257,0.025609093868123486,0.02014983904896832,,,
sample,1779735900.3383462,91.73576617240906,1.8425,-0.18370490089483515,0.009608248614210465,0,5.843880240186414,1.2439202641721827,161.73705119551758,0.041265836401657124,0.032028480993249835,,,
sample,1779735900.3866262,91.7840461730957,1.8425,0.0,0.009608248614210465,0,5.843880240186414,1.2439202641721827,161.73705119551758,0.041265836401657124,0.032028480993249835,,,
sample,1779735900.437588,91.83500790596008,1.7624,-0.025900773113222524,0.011756903910359467,0,5.6656709066954,1.2617799779923902,161.9161532220864,0.048884485674448044,0.03919148546278188,,,
sample,1779735900.486686,91.88410592079163,1.7624,0.0,0.011756903910359467,0,5.6656709066954,1.2617799779923902,161.9161532220864,0.048884485674448044,0.03919148546278188,,,
sample,1779735900.5380347,91.93545460700989,1.8425,0.2108382797337431,0.010853013935828168,0,5.48744375106368,1.277694599679467,162.0950895073614,0.046518783659256255,0.036178133579513466,,,
sample,1779735900.5900474,91.98746728897095,1.8425,0.0,0.010353841245610113,0,5.48744375106368,1.277694599679467,162.0950895073614,0.04460995843691923,0.03451403748579198,,,
sample,1779735900.6432807,92.040700674057,1.8425,0.036307650123727386,0.01146013134924316,0,5.304147822042576,1.2936807622861635,162.27908123269327,0.04907716049976058,0.03820211026521168,,,
sample,1779735900.6921525,92.08957242965698,1.8425,0.0,0.01146013134924316,0,5.304147822042576,1.2936807622861635,162.27908123269327,0.04907716049976058,0.03820211026521168,,,
sample,1779735900.741724,92.13914394378662,1.7624,0.31364170797245894,0.009202256633176942,0,5.1193312932182025,1.3071235693711498,162.46438600432373,0.038229895935033315,0.030675054652302455,,,
sample,1779735900.7997503,92.19717025756836,1.7624,0.0,0.009202256633176942,0,5.1193312932182025,1.3071235693711498,162.46438600432373,0.038229895935033315,0.030675054652302455,,,
sample,1779735900.8596156,92.25703549385071,1.8425,0.09673583088899827,0.007980485242420796,0,5.063509279717984,1.309882485478809,162.5202761538074,0.03405331666583885,0.026602182225010856,,,
sample,1779735900.8922567,92.28967666625977,1.8425,0.0,0.007980485242420796,0,5.063509279717984,1.309882485478809,162.5202761538074,0.03405331666583885,0.026602182225010856,,,
sample,1779735900.9400527,92.33747267723083,1.7624,0.0,0.008337591427093324,0,5.063509279717984,1.309882485478809,162.5202761538074,0.03405331666583885,0.02779261543184063,,,
sample,1779735900.988596,92.38601589202881,1.7624,0.8430969099007667,-0.010630209992954236,0,4.7549418523410605,1.3155789025236138,162.828896157056,-0.04433291567341143,-0.03543536806821714,,,
sample,1779735901.0440109,92.44143080711365,1.8425,0.40610035313110904,-0.03357771595756264,0,4.575199801881932,1.3114609308341694,163.00868537362385,-0.144439185993028,-0.11196780287375721,,,
sample,1779735901.090338,92.48775792121887,1.8425,0.0,-0.03357771595756264,0,4.575199801881932,1.3114609308341694,163.00868537362385,-0.144439185993028,-0.11196780287375721,,,
sample,1779735901.146087,92.54350686073303,1.8425,0.10478844610914377,-0.04838201850352975,0,4.384520832157381,1.310628069359643,163.19936616225618,-0.2101077693922429,-0.16139935026264904,,,
sample,1779735901.1896448,92.58706474304199,1.8425,0.0,-0.04838201850352975,0,4.384520832157381,1.310628069359643,163.19936616225618,-0.2101077693922429,-0.16139935026264904,,,
sample,1779735901.2561076,92.65352749824524,1.8425,-0.05968603211496393,-0.060856252633543974,0,4.193978622700025,1.3107196538738066,163.3899083937237,-0.2660188766992068,-0.20310496933896488,,,
sample,1779735901.2934241,92.69084405899048,1.8425,0.0,-0.060856252633543974,0,4.193978622700025,1.3107196538738066,163.3899083937237,-0.2660188766992068,-0.20310496933896488,,,
sample,1779735901.3418787,92.73929858207703,1.7624,0.12896647143992554,-0.06974583893187995,0,4.07751801633488,1.3095962825438445,163.5063744179457,-0.29856828701504673,-0.23286383960329096,,,
sample,1779735901.3891287,92.78654861450195,1.7624,0.09230575082002158,-0.07975092251150809,0,4.003534086338568,1.3127919262370518,163.58042733170547,-0.3357553794293134,-0.26640143765965607,,,
sample,1779735901.4414573,92.83887720108032,1.8425,-0.09904864614827572,-0.08785019088143098,0,3.833393940071523,1.3205412526870242,163.75074386476143,-0.38438618058954394,-0.2935896330887452,,,
sample,1779735901.4897947,92.88721466064453,1.8425,0.0,-0.08785019088143098,0,3.833393940071523,1.3205412526870242,163.75074386476143,-0.38438618058954394,-0.2935896330887452,,,
sample,1779735901.5421891,92.93960905075073,1.9227,-0.25842489708728733,-0.1024086846230417,0,3.6502125085776456,1.3236390591324625,163.93395148809878,-0.46908386967120613,-0.34256065958661536,,,
sample,1779735901.589879,92.9872989654541,1.9227,0.0,-0.1024086846230417,0,3.6502125085776456,1.3236390591324625,163.93395148809878,-0.46908386967120613,-0.34256065958661536,,,
sample,1779735901.6402862,93.03770613670349,1.8425,-0.5362326542898975,-0.10786902103049376,0,3.4676148921404533,1.3301465335594305,164.11666502550628,-0.4787710424362358,-0.36096451870482005,,,
sample,1779735901.6874328,93.08485269546509,1.8425,0.0,-0.1141066571812319,0,3.4676148921404533,1.3301465335594305,164.11666502550628,-0.5045051758871768,-0.3820149517051618,,,
sample,1779735901.7375546,93.1349744796753,1.8425,-0.38029200405773733,-0.11872085684159067,0,3.2978290325775177,1.3398234703276963,164.28672642974823,-0.53900425340886,-0.39760598510564615,,,
sample,1779735901.7867591,93.1841790676117,1.8425,-0.04571093116020845,-0.12267955042303158,0,3.2777943037523602,1.3409653487179782,164.30679367284128,-0.5565752515138824,-0.41099577255811803,,,
sample,1779735901.8414779,93.23889780044556,1.9227,-0.5927052031861373,-0.1408421728706697,0,3.090751394743233,1.3577251588926686,164.4945859544923,-0.6667414992881706,-0.472602982378617,,,
sample,1779735901.8875074,93.28492736816406,1.9227,0.0,-0.1408421728706697,0,3.090751394743233,1.3577251588926686,164.4945859544923,-0.6667414992881706,-0.472602982378617,,,
sample,1779735901.9385736,93.33599352836609,1.8425,-1.3422974140721682,-0.1352467609468857,0,2.9765679649151386,1.4031065447941287,164.61745713025635,-0.6162049060397267,-0.4535915664922446,,,
sample,1779735901.987413,93.3848328590393,1.8425,0.0,-0.1352467609468857,0,2.9765679649151386,1.4031065447941287,164.61745713025635,-0.6162049060397267,-0.4535915664922446,,,
sample,1779735902.039305,93.43672490119934,1.9227,-1.1355738268374311,-0.13335456890595987,0,2.7908738647085425,1.4440153866566585,164.80760400031755,-0.6162385600648754,-0.44716911281683214,,,
sample,1779735902.08815,93.48556995391846,1.9227,0.0,-0.12928262983451544,0,2.7908738647085425,1.4440153866566585,164.80760400031755,-0.6093343285249232,-0.4333591822328328,,,
sample,1779735902.137653,93.5350730419159,1.9227,-1.8673498975104645,-0.12126937559684577,0,2.6103179813602506,1.5020481538341857,164.99725691771658,-0.562503085469968,-0.40622455525379014,,,
sample,1779735902.187289,93.58470892906189,1.9227,-0.034344454956727256,-0.12094448104282336,0,2.606988273984336,1.503118360627409,165.00075438734325,-0.5614968126110121,-0.40512553281032354,,,
sample,1779735902.238456,93.63587594032288,1.9227,-1.8620939565633452,-0.11613291998181684,0,2.4299253544321413,1.5792895493661292,165.19350637170194,-0.5322304446106666,-0.38885947088966494,,,
sample,1779735902.287443,93.68486285209656,1.9227,0.0,-0.11613291998181684,0,2.4299253544321413,1.5792895493661292,165.19350637170194,-0.5322304446106666,-0.38885947088966494,,,
sample,1779735902.3377538,93.73517370223999,1.9227,-1.6602900546936141,-0.10862300432443743,0,2.257445003976234,1.6712423009746917,165.38896680202424,-0.4987596877350442,-0.363507476624329,,,
sample,1779735902.386802,93.7842218875885,1.9227,0.0,-0.10862300432443743,0,2.257445003976234,1.6712423009746917,165.38896680202424,-0.4987596877350442,-0.363507476624329,,,
sample,1779735902.437155,93.83457493782043,1.9227,-3.296983026897104,-0.0771069233051148,0,2.2304038810152296,1.76462589375034,165.48618674715217,-0.3406309890008881,-0.2575336669825363,,,
sample,1779735902.4869378,93.88435769081116,1.9227,0.0,-0.07098505413654033,0,2.2304038810152296,1.76462589375034,165.48618674715217,-0.3115726646328956,-0.23701507759638737,,,
sample,1779735902.5382655,93.93568539619446,1.9227,-1.7733064109214802,-0.04512370276070622,0,2.0917785490036183,1.8929488731516884,165.67508822866506,-0.20023648864388643,-0.1505145130413191,,,
sample,1779735902.5867586,93.98417854309082,1.9227,0.0,-0.04512370276070622,0,2.0917785490036183,1.8929488731516884,165.67508822866506,-0.20023648864388643,-0.1505145130413191,,,
sample,1779735902.63932,94.03673982620239,1.9227,-1.916544311476634,-0.00932440389147867,0,1.9648691372625884,2.0367051396106373,165.86684813827776,-0.041081134720159555,-0.031082247120377413,,,
sample,1779735902.6865602,94.08398008346558,1.9227,0.0,-0.00932440389147867,0,1.9648691372625884,2.0367051396106373,165.86684813827776,-0.041081134720159555,-0.031082247120377413,,,
sample,1779735902.7387712,94.13619112968445,1.8425,-1.4625973908719065,0.022633786453249254,0,1.8537541098581138,2.183822629842071,166.05121219455526,0.09762830841074702,0.07545884084442112,,,
sample,1779735902.7869022,94.18432211875916,1.8425,0.0,0.022633786453249254,0,1.8537541098581138,2.183822629842071,166.05121219455526,0.09762830841074702,0.07545884084442112,,,
sample,1779735902.8424628,94.23988270759583,1.8425,-0.7256674091898635,0.04417285182592648,0,1.7487060022742533,2.3352320749972035,166.23549438303027,0.19100417712056794,0.14733868297313987,,,
sample,1779735902.8949866,94.29240655899048,1.8425,0.0,0.05026926565276796,0,1.7487060022742533,2.3352320749972035,166.23549438303027,0.2187634670127404,0.1677055065328426,,,
sample,1779735902.9432743,94.34069418907166,1.8425,-0.48074137830332486,0.08885153961975936,0,1.6432163925675256,2.4952837958692213,166.42718322232503,0.3945189139096353,0.29695365337103424,,,
sample,1779735902.987007,94.3844268321991,1.8425,0.0,0.08885153961975936,0,1.6432163925675256,2.4952837958692213,166.42718322232503,0.3945189139096353,0.29695365337103424,,,
sample,1779735903.0382524,94.43567228317261,1.8425,0.06355552814357487,0.1117913644803602,0,1.546282394529388,2.5470292848787817,166.53706404689646,0.5049722251385443,0.3741980046066365,,,
sample,1779735903.0873797,94.48479962348938,1.8425,0.0,0.1117913644803602,0,1.546282394529388,2.5470292848787817,166.53706404689646,0.5049722251385443,0.3741980046066365,,,
sample,1779735903.137444,94.53486394882202,1.7624,0.16750509491793544,0.12661709392537113,0,1.443936907168309,2.651838245305254,166.68355471884814,0.5586356746000233,0.42432699472379515,,,
sample,1779735903.1870782,94.58449816703796,1.7624,0.0,0.12661709392537113,0,1.443936907168309,2.651838245305254,166.68355471884814,0.5586356746000233,0.42432699472379515,,,
sample,1779735903.237345,94.63476490974426,1.7624,0.5178170362524277,0.14049053999025968,0,1.364807963438934,2.7607511828320845,166.81817796237038,0.6371537261017153,0.47140737079628325,,,
sample,1779735903.2866855,94.68410539627075,1.7624,0.14797216032971838,0.1455151204611119,0,1.3426126270266805,2.791300804425951,166.85593921682494,0.6633149972860549,0.4885032404250486,,,
sample,1779735903.3430088,94.74042868614197,1.7624,1.077680589490049,0.1685175086940374,0,1.2306148808077817,2.9272739519702573,167.03209878088893,0.7969164672404584,0.5671034494792775,,,
sample,1779735903.3867753,94.78419518470764,1.7624,0.0,0.1685175086940374,0,1.2306148808077817,2.9272739519702573,167.03209878088893,0.7969164672404584,0.5671034494792775,,,
sample,1779735903.4419641,94.83938407897949,1.7624,1.2001762566896053,0.1921867656660537,0,1.1097950946334134,3.055608092900733,167.20835731957453,0.936813734095045,0.6486281421504572,,,
sample,1779735903.486768,94.88418793678284,1.7624,0.0,0.1921867656660537,0,1.1097950946334134,3.055608092900733,167.20835731957453,0.936813734095045,0.6486281421504572,,,
sample,1779735903.5383136,94.93573355674744,1.6823,0.6985385449558607,0.19515359682718622,0,1.049189745041515,3.1110754613101137,167.2905134961982,0.9254564080044589,0.6588979985851631,,,
sample,1779735903.5877497,94.98516964912415,1.6823,2.1338515510769036,0.1821178497887675,0,0.9860285889418906,3.0541914355538324,167.37551422576027,0.8607546376418119,0.6138611793606136,,,
sample,1779735903.6394353,95.03685522079468,1.6823,2.254312545220607,0.20904906655912528,0,0.7957775935931154,3.1784009931559334,167.60272218211503,1.051540319455171,0.7071617049143022,,,
sample,1779735903.6869767,95.08439660072327,1.6823,0.31545109418376,0.20728545209600455,0,0.7727866597621554,3.19226194780999,167.62956820793528,1.0458358763422269,0.70102069804983,,,
sample,1779735903.7386189,95.1360387802124,1.6823,2.0062846885740955,0.21108468303400948,0,0.6082328533205795,3.2695159485420824,167.81135416955917,1.0716443915846547,0.7142555563706775,,,
sample,1779735903.7874923,95.18491220474243,1.6823,0.0,0.21108468303400948,0,0.6082328533205795,3.2695159485420824,167.81135416955917,1.0716443915846547,0.7142555563706775,,,
sample,1779735903.837076,95.2344958782196,1.6823,0.0,0.21108468303400948,0,0.6082328533205795,3.2695159485420824,167.81135416955917,1.0716443915846547,0.7142555563706775,,,
sample,1779735903.8891525,95.28657245635986,1.6823,2.2141268565296386,0.2233932168317994,0,0.3938405625119408,3.341427356427122,168.03748533711948,1.179167145976027,0.7572834586158346,,,
sample,1779735903.9388356,95.33625555038452,1.6823,2.4220274053930804,0.21834231480854224,0,0.2940443926019678,3.361999438719942,168.1393798222429,1.179167145976027,0.7572834586158346,,,
sample,1779735903.9903493,95.38776922225952,1.6823,0.0,0.21834231480854224,0,0.2940443926019678,3.361999438719942,168.1393798222429,1.1514691122507998,0.7395982869762369,,,
sample,1779735904.0430236,95.44044351577759,1.6022,1.8810975485285946,0.2215778815006624,0,0.15609144010532983,3.3747459087945053,168.277920392481,1.1302225957659275,0.7509226405763829,,,
sample,1779735904.0873473,95.48476719856262,1.6022,0.0,0.2215778815006624,0,0.15609144010532983,3.3747459087945053,168.277920392481,1.1302225957659275,0.7509226405763829,,,
sample,1779735904.1384254,95.5358452796936,1.6823,4.359847175772501,0.20393109022137473,0,-0.0541767671064014,3.3988997465145623,168.48957134768943,1.0162646010932646,0.6893531485975252,,,
sample,1779735904.1871064,95.5845263004303,1.6823,0.0,0.20393109022137473,0,-0.0541767671064014,3.3988997465145623,168.48957134768943,1.0162646010932646,0.6893531485975252,,,
sample,1779735904.2379835,95.6354033946991,1.6022,2.659170659922384,0.20609232711233494,0,-0.21900718406311898,3.3577350262323415,168.65946425675287,0.9895464396891727,0.6968687533832845,,,
sample,1779735904.2866716,95.68409156799316,1.6022,0.0,0.20609232711233494,0,-0.21900718406311898,3.3577350262323415,168.65946425675287,0.9895464396891727,0.6968687533832845,,,
sample,1779735904.3380144,95.73543429374695,1.6823,2.656890557604235,0.2040026357294118,0,-0.37244650620314035,3.294629376846679,168.82537371568506,1.0164632212756446,0.6896018369986008,,,
sample,1779735904.3870416,95.7844614982605,1.6823,0.0,0.20091668175956418,0,-0.37244650620314035,3.294629376846679,168.82537371568506,0.9861326620744327,0.6788818753506684,,,
sample,1779735904.4378047,95.83522462844849,1.6022,2.1892669492119277,0.20020396543152796,0,-0.5024512601388085,3.220453600389365,168.97505097467558,0.945343222844339,0.676407969799422,,,
sample,1779735904.4908452,95.88826513290405,1.6022,0.3237324360637701,0.19775734404124395,0,-0.522537839276199,3.20899296099902,168.99817708365825,0.9357831571732885,0.6679209426735618,,,
sample,1779735904.546667,95.94408702850342,1.6823,2.4316637345897343,0.19544479319951188,0,-0.6449707674652119,3.1150985557815725,169.15246895394336,0.932279778421562,0.6599066378180772,,,
sample,1779735904.5952413,95.99266123771667,1.6823,0.0,0.19544479319951188,0,-0.6449707674652119,3.1150985557815725,169.15246895394336,0.932279778421562,0.6599066378180772,,,
sample,1779735904.64192,96.03934001922607,1.6022,1.0718621370340342,0.1961529865591557,0,-0.6907353330492075,3.068708450511007,169.21763364783587,0.9010142414852673,0.6623601472756085,,,
sample,1779735904.6873214,96.08474135398865,1.6022,2.5864039697469416,0.18362115412377042,0,-0.8339351447633994,3.012434050454361,169.37149395518222,0.8433120785870215,0.6190435774847649,,,
sample,1779735904.7376997,96.13511967658997,1.6022,3.3865783169028245,0.17296069285843782,0,-0.9661263340579745,2.915323586362727,169.53552124792097,0.7773409467894019,0.5823543790935148,,,
sample,1779735904.7881484,96.18556833267212,1.6022,0.0,0.17324150689655224,0,-0.9661263340579745,2.915323586362727,169.53552124792097,0.7664781288679181,0.5833190435363701,,,
sample,1779735904.839514,96.2369339466095,1.6823,2.8142589061375696,0.15853695145088278,0,-1.036809747141182,2.7627900492579505,169.70363616346026,0.7084567910417193,0.5329288760198827,,,
sample,1779735904.8868902,96.28431010246277,1.6823,0.0,0.15853695145088278,0,-1.036809747141182,2.7627900492579505,169.70363616346026,0.7084567910417193,0.5329288760198827,,,
sample,1779735904.9374576,96.33487749099731,1.6022,3.0938802701122334,0.14028373621531626,0,-1.0819053052507,2.60446952754583,169.86825389323567,0.6016084233355523,0.47070425834842805,,,
sample,1779735904.987075,96.38449501991272,1.6022,0.0,0.14028373621531626,0,-1.0819053052507,2.60446952754583,169.86825389323567,0.6016084233355523,0.47070425834842805,,,
sample,1779735905.0410535,96.43847346305847,1.6823,2.7408602546934553,0.13460621699737804,0,-1.1049727854668105,2.427395985289352,170.04682362194347,0.5781774197875581,0.47070425834842805,,,
sample,1779735905.0916421,96.48906207084656,1.6823,0.0,0.13460621699737804,0,-1.1049727854668105,2.427395985289352,170.04682362194347,0.5781774197875581,0.4514170725593265,,,
sample,1779735905.137378,96.53479790687561,1.6823,0.0,0.13460621699737804,0,-1.1049727854668105,2.427395985289352,170.04682362194347,0.5781774197875581,0.4514170725593265,,,
sample,1779735905.1883492,96.58576917648315,1.6823,2.46291805454142,0.13690575462161284,0,-1.2565206028222655,2.218843571625701,170.3046236417071,0.5977545527083666,0.45922522143336275,,,
sample,1779735905.2377677,96.63518762588501,1.6823,2.7200001312577697,0.12268948798586655,0,-1.2418499377051824,2.106990007492005,170.41743520239302,0.5213090367740633,0.41102940139732985,,,
sample,1779735905.2867162,96.68413615226746,1.6823,0.0,0.12268948798586655,0,-1.2418499377051824,2.106990007492005,170.41743520239302,0.5213090367740633,0.41102940139732985,,,
sample,1779735905.337798,96.7352180480957,1.6823,2.105013112971529,0.11331449886078551,0,-1.2025337602988284,1.9448867179995426,170.5842381947826,0.48902921775949365,0.3793399850694325,,,
sample,1779735905.387905,96.78532481193542,1.6823,0.0,0.11331449886078551,0,-1.2025337602988284,1.9448867179995426,170.5842381947826,0.48902921775949365,0.3793399850694325,,,
sample,1779735905.4379501,96.83537006378174,1.6823,2.2099330542428426,0.10581051568973805,0,-1.141802725700777,1.7777560933201055,170.76206087125863,0.4515483419946917,0.3540239074700592,,,
sample,1779735905.4873383,96.88475823402405,1.6823,0.0,0.10581051568973805,0,-1.141802725700777,1.7777560933201055,170.76206087125863,0.4515483419946917,0.3540239074700592,,,
sample,1779735905.5379605,96.93538045883179,1.7624,1.4850207271791858,0.10424589002497497,0,-1.0806889608974828,1.6499908680604547,170.903690123301,0.4491119302834503,0.34875053085060154,,,
sample,1779735905.5884466,96.98586654663086,1.7624,0.44459358262646126,0.09939797605307998,0,-1.062441594065469,1.611842687512395,170.94597782926184,0.43355643995129634,0.34875053085060154,,,
sample,1779735905.6411045,97.03852438926697,1.6823,1.7439699432214035,0.09549139831102789,0,-0.9763136469777405,1.4675038405720813,171.11406032688012,0.40249152461285315,0.31927570139097244,,,
sample,1779735905.6872244,97.08464431762695,1.6823,0.0,0.09549139831102789,0,-0.9763136469777405,1.4675038405720813,171.11406032688012,0.40249152461285315,0.31927570139097244,,,
sample,1779735905.7383106,97.13573050498962,1.7624,-0.6551655188803314,0.11920102337908643,0,-0.9497402415239001,1.316088811794682,171.2677894939795,0.5237009842113645,0.39922940627024245,,,
sample,1779735905.787412,97.18483185768127,1.7624,0.0,0.11920102337908643,0,-0.9497402415239001,1.316088811794682,171.2677894939795,0.5237009842113645,0.39922940627024245,,,
sample,1779735905.839992,97.2374119758606,1.6823,0.3184310622539215,0.13100152299872062,0,-0.9122925236307663,1.1792658078958052,171.4096445819084,0.5638195666438154,0.4391869767211988,,,
sample,1779735905.8901587,97.28757858276367,1.6823,0.0,0.12861207697095361,0,-0.9122925236307663,1.1792658078958052,171.4096445819084,0.5563296667981028,0.4310864248279457,,,
sample,1779735905.942552,97.33997201919556,1.7624,1.418652483209371,0.12969084897651156,0,-0.8197312687693823,1.0445460960661836,171.5730978983537,0.5745264705942769,0.43474298531234346,,,
sample,1779735905.9899251,97.3873450756073,1.7624,0.13502368036655002,0.12842091217286347,0,-0.8117656838164414,1.0329524620881052,171.5871642728852,0.571091148918581,0.4304385672810444,,,
sample,1779735906.0406013,97.43802118301392,1.6823,1.4659278148460826,0.11851256852350804,0,-0.706412920251897,0.9016761233375383,171.75548742015388,0.5301083408528308,0.39690182967408255,,,
sample,1779735906.0900064,97.48742628097534,1.6823,0.0,0.11851256852350804,0,-0.706412920251897,0.9016761233375383,171.75548742015388,0.5301083408528308,0.39690182967408255,,,
sample,1779735906.1435673,97.54098725318909,1.7624,1.545247275065665,0.09710172298571906,0,-0.5614235397019057,0.7488360721217913,171.96615778287227,0.4883819617333416,0.32469353613046253,,,
sample,1779735906.1897314,97.5871512889862,1.7624,0.0,0.09710172298571906,0,-0.5614235397019057,0.7488360721217913,171.96615778287227,0.4883819617333416,0.32469353613046253,,,
sample,1779735906.2399924,97.6374123096466,1.6823,0.15257972143549806,0.1081135304327659,0,-0.5701940923066994,0.6378534548641475,172.0774864131807,0.5299004747538961,0.36178912942993063,,,
sample,1779735906.2898688,97.68728876113892,1.6823,0.5679369453189618,0.10288087250728536,0,-0.5394343027270826,0.6076811888225468,172.12057388575764,0.5111683684277514,0.34415131957078304,,,
sample,1779735906.3404896,97.73790955543518,1.7624,1.6471570298792753,0.08352925093441274,0,-0.4024402851375993,0.4940668315706427,172.29855024101045,0.46473847719072786,0.2790801986990839,,,
sample,1779735906.3902614,97.78768134117126,1.7624,0.0,0.08352925093441274,0,-0.4024402851375993,0.4940668315706427,172.29855024101045,0.46473847719072786,0.2790801986990839,,,
sample,1779735906.44014,97.83755993843079,1.6823,1.3106724727163368,0.07581514422182445,0,-0.260884493784882,0.39150514763378785,172.47335567879045,0.43633515962838104,0.25320246393498486,,,
sample,1779735906.4897292,97.88714909553528,1.6823,0.0,0.07581514422182445,0,-0.260884493784882,0.39150514763378785,172.47335567879045,0.43633515962838104,0.25320246393498486,,,
sample,1779735906.5399325,97.93735241889954,1.7624,1.1371008381536847,0.06354461790325207,0,-0.11484503246079392,0.29791594841769076,172.64681017562967,0.41750582727117874,0.21210095200745424,,,
sample,1779735906.5924125,97.98983240127563,1.7624,0.0,0.06354461790325207,0,-0.11484503246079392,0.29791594841769076,172.64681017562967,0.41750582727117874,0.21210095200745424,,,
sample,1779735906.6426082,98.04002809524536,1.7624,1.0207426710265664,0.05597709074024816,0,0.0037402995099313774,0.23225493823982557,172.78236034795043,0.39648034620620287,0.18678543655582816,,,
sample,1779735906.6866252,98.08404517173767,1.7624,0.2952645809443592,0.05423811640674416,0,0.03382050427469552,0.2155994497541247,172.8167438325817,0.39194362347236766,0.18097121492945126,,,
sample,1779735906.7366362,98.1340560913086,1.6823,1.3160599021231734,0.0,0,0.19547245859381235,0.13952369127413844,172.9954023766357,0.39194362347236766,0.18097121492945126,,,
sample,1779735906.7861426,98.18356251716614,1.6823,0.0,0.0,0,0.19547245859381235,0.13952369127413844,172.9954023766357,0.39194362347236766,0.18097121492945126,,,
sample,1779735906.8351398,98.23255968093872,1.7624,1.0273194433699127,0.0,0,0.3246023673617763,0.03067955187599747,173.1642857092051,0.39194362347236766,0.18097121492945126,,,
sample,1779735906.8850682,98.28248810768127,1.7624,0.0,0.0,0,0.3246023673617763,0.03067955187599747,173.1642857092051,0.39194362347236766,0.18097121492945126,,,
sample,1779735906.9351344,98.33255434036255,1.7624,0.5226965161499258,0.0,0,0.487591962600296,-0.06705942739823767,173.35433442986795,0.39194362347236766,0.18097121492945126,,,
sample,1779735906.985073,98.382493019104,1.7624,0.0,0.0,0,0.487591962600296,-0.06705942739823767,173.35433442986795,0.39194362347236766,0.18097121492945126,,,
sample,1779735907.035168,98.43258786201477,1.6823,0.431870557816717,0.0,0,0.613255345577135,-0.11126299929584937,173.48754569662,0.39194362347236766,0.18097121492945126,,,
sample,1779735907.085255,98.48267483711243,1.6823,0.06949892166679515,0.0,0,0.633474593654047,-0.11837535744594119,173.50897939978233,0.39194362347236766,0.18097121492945126,,,
sample,1779735907.135133,98.53255295753479,1.6022,0.258691408368058,0.0,0,0.7855085576451726,-0.16966049605221523,173.66943030083533,0.39194362347236766,0.18097121492945126,,,
sample,1779735907.1882207,98.58564066886902,1.6022,0.0,0.0,0,0.7855085576451726,-0.16966049605221523,173.66943030083533,0.39194362347236766,0.18097121492945126,,,
sample,1779735907.2351332,98.63255310058594,1.442,0.4597218200588121,0.0,0,0.9514206937089542,-0.22166995949241053,173.84330330385933,0.39194362347236766,0.18097121492945126,,,
sample,1779735907.2850742,98.68249416351318,1.442,0.0,0.0,0,0.9514206937089542,-0.22166995949241053,173.84330330385933,0.39194362347236766,0.18097121492945126,,,
sample,1779735907.335105,98.73252487182617,1.3619,-0.2068398638170069,0.0,0,1.0242337202456504,-0.29213896148267327,173.9446325546951,0.39194362347236766,0.18097121492945126,,,
sample,1779735907.385064,98.78248381614685,1.3619,0.0,0.0,0,1.0242337202456504,-0.29213896148267327,173.9446325546951,0.39194362347236766,0.18097121492945126,,,
sample,1779735907.43517,98.83258986473083,1.2818,0.2634975265552101,0.0,0,1.1275671303184434,-0.3240160195727444,174.0527710791429,0.39194362347236766,0.18097121492945126,,,
sample,1779735907.4850793,98.88249921798706,1.2818,0.033944304172206737,0.0,0,1.1408265011288414,-0.32810636879535426,174.0666470249143,0.39194362347236766,0.18097121492945126,,,
sample,1779735907.5351653,98.9325852394104,1.1215,0.07011973435583109,0.0,0,1.2482978085339227,-0.3608470016332994,174.17899483732728,0.39194362347236766,0.18097121492945126,,,
sample,1779735907.5850937,98.98251366615295,1.1215,0.0,0.0,0,1.2482978085339227,-0.3608470016332994,174.17899483732728,0.39194362347236766,0.18097121492945126,,,
sample,1779735907.6351383,99.03255820274353,0.9613,0.21238369554131253,0.0,0,1.339840166065695,-0.3876750747289923,174.27438744043937,0.39194362347236766,0.18097121492945126,,,
sample,1779735907.6850257,99.08244562149048,0.9613,0.0,0.0,0,1.339840166065695,-0.3876750747289923,174.27438744043937,0.39194362347236766,0.18097121492945126,,,
sample,1779735907.7351358,99.13255572319031,0.9613,0.09478920645836632,0.0,0,1.4299038421253563,-0.4136059012251754,174.36810976173027,0.39194362347236766,0.18097121492945126,,,
sample,1779735907.7860618,99.18348169326782,0.9613,0.0,0.0,0,1.4299038421253563,-0.4136059012251754,174.36810976173027,0.39194362347236766,0.18097121492945126,,,
sample,1779735907.8351645,99.23258447647095,0.8011,0.1152799526896854,0.0,0,1.5052051934491415,-0.4347947615528087,174.44633546922577,0.39194362347236766,0.18097121492945126,,,
sample,1779735907.8854363,99.28285622596741,0.8011,-0.3860659370029922,0.0,0,1.405805977227284,-0.4558970683906093,174.5479499934799,0.39194362347236766,0.18097121492945126,,,
sample,1779735907.935055,99.33247494697571,0.6409,0.20080345299165808,0.0,0,1.4666329341853195,-0.4736596829431542,174.6113174075704,0.39194362347236766,0.18097121492945126,,,
sample,1779735907.98514,99.38256001472473,0.6409,0.0,0.0,0,1.4666329341853195,-0.4736596829431542,174.6113174075704,0.39194362347236766,0.18097121492945126,,,
sample,1779735908.035136,99.43255591392517,0.5608,0.1043331829334012,0.0,0,1.521554197797676,-0.4893872823530683,174.66844623199358,0.39194362347236766,0.18097121492945126,,,
sample,1779735908.0850227,99.48244261741638,0.5608,0.0,0.0,0,1.521554197797676,-0.4893872823530683,174.66844623199358,0.39194362347236766,0.18097121492945126,,,
sample,1779735908.1351082,99.53252816200256,0.3204,0.053113688905547525,0.0,0,1.5447404201444273,-0.49593734073407114,174.69253988616865,0.39194362347236766,0.18097121492945126,,,
sample,1779735908.1850612,99.58248114585876,0.3204,0.01839066890663254,0.0,0,1.5527474249904736,-0.498199302532515,174.70086025862318,0.39194362347236766,0.18097121492945126,,,
sample,1779735908.235131,99.63255095481873,0.2403,0.0017834473288012547,0.0,0,1.5751553475622062,-0.5045273322971024,174.72414456567068,0.39194362347236766,0.18097121492945126,,,
sample,1779735908.2850418,99.68246173858643,0.2403,0.0,0.0,0,1.5751553475622062,-0.5045273322971024,174.72414456567068,0.39194362347236766,0.18097121492945126,,,
sample,1779735908.3351245,99.73254442214966,0.1602,0.3298998413885737,0.0,0,1.590094394445865,-0.5084808429242295,174.7395978943759,0.39194362347236766,0.18097121492945126,,,
sample,1779735908.3850594,99.78247928619385,0.1602,0.0,0.0,0,1.590094394445865,-0.5084808429242295,174.7395978943759,0.39194362347236766,0.18097121492945126,,,
sample,1779735908.4351182,99.83253812789917,0.1602,0.04393124741442553,0.0,0,1.6064041227258627,-0.5127587372190219,174.75645931828268,0.39194362347236766,0.18097121492945126,,,
sample,1779735908.4850059,99.8824257850647,0.1602,0.0,0.0,0,1.6064041227258627,-0.5127587372190219,174.75645931828268,0.39194362347236766,0.18097121492945126,,,
sample,1779735908.535143,99.93256282806396,0.0801,0.04324526243196961,0.0,0,1.6126666694167962,-0.5143834195913901,174.76292917793086,0.39194362347236766,0.18097121492945126,,,
sample,1779735908.5850787,99.98249864578247,0.0801,0.010253233028998143,0.0,0,1.6141455282418726,-0.5147670775476337,174.76445699233446,0.39194362347236766,0.18097121492945126,,,
sample,1779735908.635443,100.03286290168762,0.0,0.0,0.0,0,1.6141455282418726,-0.5147670775476337,174.76445699233446,0.39194362347236766,0.18097121492945126,,,
sample,1779735908.6851287,100.08254861831665,0.0,0.0,0.0,0,1.6141455282418726,-0.5147670775476337,174.76445699233446,0.39194362347236766,0.18097121492945126,,,
sample,1779735908.7351048,100.13252472877502,0.0,0.0,0.0,0,1.6141455282418726,-0.5147670775476337,174.76445699233446,0.39194362347236766,0.18097121492945126,,,
sample,1779735908.7851267,100.18254661560059,0.0,0.0,0.0,0,1.6141455282418726,-0.5147670775476337,174.76445699233446,0.39194362347236766,0.18097121492945126,,,
sample,1779735908.835094,100.23251390457153,0.0,0.0,0.0,0,1.6141455282418726,-0.5147670775476337,174.76445699233446,0.39194362347236766,0.18097121492945126,,,
sample,1779735908.8852956,100.28271555900574,0.0,0.0,0.0,0,1.6141455282418726,-0.5147670775476337,174.76445699233446,0.39194362347236766,0.18097121492945126,,,
sample,1779735908.9350786,100.33249855041504,0.0,0.0,0.0,0,1.6141455282418726,-0.5147670775476337,174.76445699233446,0.39194362347236766,0.18097121492945126,,,
sample,1779735908.98507,100.38248991966248,0.0,0.0,0.0,0,1.6141455282418726,-0.5147670775476337,174.76445699233446,0.39194362347236766,0.18097121492945126,,,
sample,1779735909.0351183,100.43253827095032,0.0,0.0,0.0,0,1.6141455282418726,-0.5147670775476337,174.76445699233446,0.39194362347236766,0.18097121492945126,,,
sample,1779735909.0850503,100.48247027397156,0.0,0.0,0.0,0,1.6141455282418726,-0.5147670775476337,174.76445699233446,0.39194362347236766,0.18097121492945126,,,
sample,1779735909.1351748,100.53259468078613,0.0,0.0,0.0,0,1.6141455282418726,-0.5147670775476337,174.76445699233446,0.39194362347236766,0.18097121492945126,,,
sample,1779735909.1850858,100.58250570297241,0.0,0.0,0.0,0,1.6141455282418726,-0.5147670775476337,174.76445699233446,0.39194362347236766,0.18097121492945126,,,
sample,1779735909.2351482,100.63256812095642,0.0,0.0,0.0,0,1.6141455282418726,-0.5147670775476337,174.76445699233446,0.39194362347236766,0.18097121492945126,,,
sample,1779735909.2850595,100.68247938156128,0.0,0.0,0.0,0,1.6141455282418726,-0.5147670775476337,174.76445699233446,0.39194362347236766,0.18097121492945126,,,
sample,1779735909.3351693,100.73258924484253,0.0,0.0,0.0,0,1.6141455282418726,-0.5147670775476337,174.76445699233446,0.39194362347236766,0.18097121492945126,,,
sample,1779735909.385097,100.78251695632935,0.0,0.0,0.0,0,1.6141455282418726,-0.5147670775476337,174.76445699233446,0.39194362347236766,0.18097121492945126,,,
sample,1779735909.4352393,100.83265924453735,0.0,0.0,0.0,0,1.6141455282418726,-0.5147670775476337,174.76445699233446,0.39194362347236766,0.18097121492945126,,,
sample,1779735909.485168,100.88258790969849,0.0,0.0,0.0,0,1.6141455282418726,-0.5147670775476337,174.76445699233446,0.39194362347236766,0.18097121492945126,,,
sample,1779735909.5350676,100.93248748779297,0.0,0.0,0.0,0,1.6141455282418726,-0.5147670775476337,174.76445699233446,0.39194362347236766,0.18097121492945126,,,
sample,1779735909.585134,100.98255395889282,0.0,0.0,0.0,0,1.6141455282418726,-0.5147670775476337,174.76445699233446,0.39194362347236766,0.18097121492945126,,,
sample,1779735909.6350925,101.03251242637634,0.0,0.0,0.0,0,1.6141455282418726,-0.5147670775476337,174.76445699233446,0.39194362347236766,0.18097121492945126,,,
sample,1779735909.685101,101.08252096176147,0.0,0.0,0.0,0,1.6141455282418726,-0.5147670775476337,174.76445699233446,0.39194362347236766,0.18097121492945126,,,
sample,1779735909.735087,101.13250684738159,0.0,0.0,0.0,0,1.6141455282418726,-0.5147670775476337,174.76445699233446,0.39194362347236766,0.18097121492945126,,,
sample,1779735909.7850678,101.18248772621155,0.0,0.0,0.0,0,1.6141455282418726,-0.5147670775476337,174.76445699233446,0.39194362347236766,0.18097121492945126,,,
sample,1779735909.8352687,101.23268866539001,0.0,0.0,0.0,0,1.6141455282418726,-0.5147670775476337,174.76445699233446,0.39194362347236766,0.18097121492945126,,,
sample,1779735909.8850741,101.28249406814575,0.0,0.0,0.0,0,1.6141455282418726,-0.5147670775476337,174.76445699233446,0.39194362347236766,0.18097121492945126,,,
sample,1779735909.935483,101.3329029083252,0.0,0.0,0.0,0,1.6141455282418726,-0.5147670775476337,174.76445699233446,0.39194362347236766,0.18097121492945126,,,
sample,1779735909.98504,101.38245987892151,0.0,0.0,0.0,0,1.6141455282418726,-0.5147670775476337,174.76445699233446,0.39194362347236766,0.18097121492945126,,,
sample,1779735910.0351276,101.4325475692749,0.0,0.0,0.0,0,1.6141455282418726,-0.5147670775476337,174.76445699233446,0.39194362347236766,0.18097121492945126,,,
sample,1779735910.0851285,101.4825484752655,0.0,0.0,0.0,0,1.6141455282418726,-0.5147670775476337,174.76445699233446,0.39194362347236766,0.18097121492945126,,,
sample,1779735910.1352117,101.5326316356659,0.0,0.0,0.0,0,1.6141455282418726,-0.5147670775476337,174.76445699233446,0.39194362347236766,0.18097121492945126,,,
sample,1779735910.1855838,101.58300375938416,0.0,0.0,0.0,0,1.6141455282418726,-0.5147670775476337,174.76445699233446,0.39194362347236766,0.18097121492945126,,,
sample,1779735910.235453,101.63287281990051,0.0,0.0,0.0,0,1.6141455282418726,-0.5147670775476337,174.76445699233446,0.39194362347236766,0.18097121492945126,,,
sample,1779735910.285472,101.68289184570312,0.0,0.0,0.0,0,1.6141455282418726,-0.5147670775476337,174.76445699233446,0.39194362347236766,0.18097121492945126,,,
sample,1779735910.3354201,101.73284006118774,0.0,0.0,0.0,0,1.6141455282418726,-0.5147670775476337,174.76445699233446,0.39194362347236766,0.18097121492945126,,,
sample,1779735910.3854988,101.78291869163513,0.0,0.0,0.0,0,1.6141455282418726,-0.5147670775476337,174.76445699233446,0.39194362347236766,0.18097121492945126,,,
sample,1779735910.4354906,101.83291053771973,0.0,0.0,0.0,0,1.6141455282418726,-0.5147670775476337,174.76445699233446,0.39194362347236766,0.18097121492945126,,,
sample,1779735910.485518,101.88293790817261,0.0,0.0,0.0,0,1.6141455282418726,-0.5147670775476337,174.76445699233446,0.39194362347236766,0.18097121492945126,,,
sample,1779735910.5356994,101.93311929702759,0.0,0.0,0.0,0,1.6141455282418726,-0.5147670775476337,174.76445699233446,0.39194362347236766,0.18097121492945126,,,
sample,1779735910.5855045,101.98292446136475,0.0,0.0,0.0,0,1.6141455282418726,-0.5147670775476337,174.76445699233446,0.39194362347236766,0.18097121492945126,,,
sample,1779735910.63546,102.03287982940674,0.0,0.0,0.0,0,1.6141455282418726,-0.5147670775476337,174.76445699233446,0.39194362347236766,0.18097121492945126,,,
sample,1779735910.6855197,102.08293962478638,0.0,0.0,0.0,0,1.6141455282418726,-0.5147670775476337,174.76445699233446,0.39194362347236766,0.18097121492945126,,,
sample,1779735910.735514,102.13293385505676,0.0,0.0,0.0,0,1.6141455282418726,-0.5147670775476337,174.76445699233446,0.39194362347236766,0.18097121492945126,,,
sample,1779735910.7855175,102.18293738365173,0.0,0.0,0.0,0,1.6141455282418726,-0.5147670775476335,174.76445699233446,0.39194362347236766,0.18097121492945126,,,
sample,1779735910.8354504,102.23287034034729,0.0,0.0,0.0,0,1.6141455282418726,-0.5147670775476337,174.76445699233446,0.39194362347236766,0.18097121492945126,,,
sample,1779735910.885374,102.28279399871826,0.0,0.0,0.0,0,1.6141455282418726,-0.5147670775476337,174.76445699233446,0.39194362347236766,0.18097121492945126,,,
sample,1779735910.936157,102.33357691764832,0.0,0.0,0.0,0,1.6141455282418726,-0.5147670775476337,174.76445699233446,0.39194362347236766,0.18097121492945126,,,
sample,1779735910.9854062,102.38282608985901,0.0,0.0,0.0,0,1.6141455282418726,-0.5147670775476337,174.76445699233446,0.39194362347236766,0.18097121492945126,,,
sample,1779735911.035477,102.43289685249329,0.0,0.0,0.0,0,1.6141455282418726,-0.5147670775476337,174.76445699233446,0.39194362347236766,0.18097121492945126,,,
sample,1779735911.085535,102.48295497894287,0.0,0.0,0.0,0,1.6141455282418726,-0.5147670775476337,174.76445699233446,0.39194362347236766,0.18097121492945126,,,
sample,1779735911.1356382,102.5330581665039,0.0,0.0,0.0,0,1.6141455282418726,-0.5147670775476337,174.76445699233446,0.39194362347236766,0.18097121492945126,,,
sample,1779735911.1854558,102.58287572860718,0.0,0.0,0.0,0,1.6141455282418726,-0.5147670775476337,174.76445699233446,0.39194362347236766,0.18097121492945126,,,
sample,1779735911.2354488,102.63286876678467,0.0,0.0,0.0,0,1.6141455282418726,-0.5147670775476337,174.76445699233446,0.39194362347236766,0.18097121492945126,,,
sample,1779735911.2854075,102.68282747268677,0.0,0.0,0.0,0,1.6141455282418726,-0.5147670775476337,174.76445699233446,0.39194362347236766,0.18097121492945126,,,
sample,1779735911.3354554,102.73287534713745,0.0,0.0,0.0,0,1.6141455282418726,-0.5147670775476337,174.76445699233446,0.39194362347236766,0.18097121492945126,,,
sample,1779735911.3854988,102.78291869163513,0.0,0.0,0.0,0,1.6141455282418726,-0.5147670775476337,174.76445699233446,0.39194362347236766,0.18097121492945126,,,
sample,1779735911.435449,102.83286881446838,0.0,0.0,0.0,0,1.6141455282418726,-0.5147670775476337,174.76445699233446,0.39194362347236766,0.18097121492945126,,,
sample,1779735911.4851797,102.88259959220886,0.0,0.0,0.0,0,1.6141455282418726,-0.5147670775476337,174.76445699233446,0.39194362347236766,0.18097121492945126,,,
sample,1779735911.5354936,102.93291354179382,0.0,0.0,0.0,0,1.6141455282418726,-0.5147670775476337,174.76445699233446,0.39194362347236766,0.18097121492945126,,,
sample,1779735911.5854146,102.98283457756042,0.0,0.0,0.0,0,1.6141455282418726,-0.5147670775476337,174.76445699233446,0.39194362347236766,0.18097121492945126,,,
sample,1779735911.635486,103.03290581703186,0.0,0.0,0.0,0,1.6141455282418726,-0.5147670775476337,174.76445699233446,0.39194362347236766,0.18097121492945126,,,
sample,1779735911.6852036,103.08262348175049,0.0,0.0,0.0,0,1.6141455282418726,-0.5147670775476337,174.76445699233446,0.39194362347236766,0.18097121492945126,,,
sample,1779735911.7351425,103.13256239891052,0.0,0.0,0.0,0,1.6141455282418726,-0.5147670775476337,174.76445699233446,0.39194362347236766,0.18097121492945126,,,
sample,1779735911.7851844,103.18260431289673,0.0,0.0,0.0,0,1.6141455282418726,-0.5147670775476337,174.76445699233446,0.39194362347236766,0.18097121492945126,,,
sample,1779735911.835132,103.23255181312561,0.0,0.0,0.0,0,1.6141455282418726,-0.5147670775476337,174.76445699233446,0.39194362347236766,0.18097121492945126,,,
sample,1779735911.885209,103.28262901306152,0.0,0.0,0.0,0,1.6141455282418726,-0.5147670775476337,174.76445699233446,0.39194362347236766,0.18097121492945126,,,
sample,1779735911.9351037,103.33252358436584,0.0,0.0,0.0,0,1.6141455282418726,-0.5147670775476337,174.76445699233446,0.39194362347236766,0.18097121492945126,,,
sample,1779735911.985167,103.38258695602417,0.0,0.0,0.0,0,1.6141455282418726,-0.5147670775476337,174.76445699233446,0.39194362347236766,0.18097121492945126,,,
sample,1779735912.0350547,103.4324746131897,0.0,0.0,0.0,0,1.6141455282418726,-0.5147670775476337,174.76445699233446,0.39194362347236766,0.18097121492945126,,,
sample,1779735912.0850697,103.48248958587646,0.0,0.0,0.0,0,1.6141455282418726,-0.5147670775476337,174.76445699233446,0.39194362347236766,0.18097121492945126,,,
sample,1779735912.1351047,103.53252458572388,0.0,0.0,0.0,0,1.6141455282418726,-0.5147670775476337,174.76445699233446,0.39194362347236766,0.18097121492945126,,,
sample,1779735912.1850564,103.58247637748718,0.0,0.0,0.0,0,1.6141455282418726,-0.5147670775476337,174.76445699233446,0.39194362347236766,0.18097121492945126,,,
sample,1779735912.2351892,103.63260912895203,0.0,0.0,0.0,0,1.6141455282418726,-0.5147670775476337,174.76445699233446,0.39194362347236766,0.18097121492945126,,,
sample,1779735912.2850366,103.68245649337769,0.0,0.0,0.0,0,1.6141455282418726,-0.5147670775476337,174.76445699233446,0.39194362347236766,0.18097121492945126,,,
sample,1779735912.3352094,103.73262929916382,0.0,0.0,0.0,0,1.6141455282418726,-0.5147670775476337,174.76445699233446,0.39194362347236766,0.18097121492945126,,,
sample,1779735912.3850245,103.7824444770813,0.0,0.0,0.0,0,1.6141455282418726,-0.5147670775476337,174.76445699233446,0.39194362347236766,0.18097121492945126,,,
sample,1779735912.4350893,103.8325092792511,0.0,0.0,0.0,0,1.6141455282418726,-0.5147670775476337,174.76445699233446,0.39194362347236766,0.18097121492945126,,,
sample,1779735912.4850214,103.88244128227234,0.0,0.0,0.0,0,1.6141455282418726,-0.5147670775476337,174.76445699233446,0.39194362347236766,0.18097121492945126,,,
sample,1779735912.535141,103.93256092071533,0.0,0.0,0.0,0,1.6141455282418726,-0.5147670775476337,174.76445699233446,0.39194362347236766,0.18097121492945126,,,
sample,1779735912.5851576,103.98257756233215,0.0,0.0,0.0,0,1.6141455282418726,-0.5147670775476337,174.76445699233446,0.39194362347236766,0.18097121492945126,,,
sample,1779735912.6351955,104.03261542320251,0.0,0.0,0.0,0,1.6141455282418726,-0.5147670775476337,174.76445699233446,0.39194362347236766,0.18097121492945126,,,
sample,1779735912.6852694,104.08268928527832,0.0,0.0,0.0,0,1.6141455282418726,-0.5147670775476337,174.76445699233446,0.39194362347236766,0.18097121492945126,,,
sample,1779735912.7350798,104.13249969482422,0.0,0.0,0.0,0,1.6141455282418726,-0.5147670775476337,174.76445699233446,0.39194362347236766,0.18097121492945126,,,
sample,1779735912.785122,104.182541847229,0.0,0.0,0.0,0,1.6141455282418726,-0.5147670775476337,174.76445699233446,0.39194362347236766,0.18097121492945126,,,
sample,1779735912.8350546,104.23247456550598,0.0,0.0,0.0,0,1.6141455282418726,-0.5147670775476337,174.76445699233446,0.39194362347236766,0.18097121492945126,,,
sample,1779735912.8851173,104.28253722190857,0.0,0.0,0.0,0,1.6141455282418726,-0.5147670775476337,174.76445699233446,0.39194362347236766,0.18097121492945126,,,
sample,1779735912.93506,104.33247995376587,0.0,0.0,0.0,0,1.6141455282418726,-0.5147670775476337,174.76445699233446,0.39194362347236766,0.18097121492945126,,,
sample,1779735912.9849854,104.3824052810669,0.0,0.0,0.0,0,1.6141455282418726,-0.5147670775476337,174.76445699233446,0.39194362347236766,0.18097121492945126,,,
sample,1779735913.0352292,104.4326491355896,0.0,0.0,0.0,0,1.6141455282418726,-0.5147670775476337,174.76445699233446,0.39194362347236766,0.18097121492945126,,,
sample,1779735913.0852706,104.48269057273865,0.0,0.0,0.0,0,1.6141455282418726,-0.5147670775476337,174.76445699233446,0.39194362347236766,0.18097121492945126,,,
sample,1779735913.1350114,104.53243136405945,0.0,0.0,0.0,0,1.6141455282418726,-0.5147670775476337,174.76445699233446,0.39194362347236766,0.18097121492945126,,,
sample,1779735913.1850612,104.58248114585876,0.0,0.0,0.0,0,1.6141455282418726,-0.5147670775476337,174.76445699233446,0.39194362347236766,0.18097121492945126,,,
sample,1779735913.2351022,104.63252210617065,0.0,0.0,0.0,0,1.6141455282418726,-0.5147670775476337,174.76445699233446,0.39194362347236766,0.18097121492945126,,,
sample,1779735913.2850256,104.68244552612305,0.0,0.0,0.0,0,1.6141455282418726,-0.5147670775476337,174.76445699233446,0.39194362347236766,0.18097121492945126,,,
sample,1779735913.3351395,104.73255944252014,0.0,0.0,0.0,0,1.6141455282418726,-0.5147670775476337,174.76445699233446,0.39194362347236766,0.18097121492945126,,,
sample,1779735913.3851373,104.78255724906921,0.0,0.0,0.0,0,1.6141455282418726,-0.514767077547634,174.76445699233446,0.39194362347236766,0.18097121492945126,,,
sample,1779735913.4350824,104.8325023651123,0.0,0.0,0.0,0,1.6141455282418726,-0.5147670775476337,174.76445699233446,0.39194362347236766,0.18097121492945126,,,
sample,1779735913.4852717,104.8826916217804,0.0,0.0,0.0,0,1.6141455282418726,-0.5147670775476337,174.76445699233446,0.39194362347236766,0.18097121492945126,,,
sample,1779735913.535102,104.93252182006836,0.0,0.0,0.0,0,1.6141455282418726,-0.5147670775476337,174.76445699233446,0.39194362347236766,0.18097121492945126,,,
sample,1779735913.585275,104.98269486427307,0.0,0.0,0.0,0,1.6141455282418726,-0.5147670775476337,174.76445699233446,0.39194362347236766,0.18097121492945126,,,
sample,1779735913.6350796,105.03249955177307,0.0,0.0,0.0,0,1.6141455282418726,-0.5147670775476337,174.76445699233446,0.39194362347236766,0.18097121492945126,,,
sample,1779735913.6850166,105.08243656158447,0.0,0.0,0.0,0,1.6141455282418726,-0.5147670775476337,174.76445699233446,0.39194362347236766,0.18097121492945126,,,
sample,1779735913.7350633,105.13248324394226,0.0,0.0,0.0,0,1.6141455282418726,-0.5147670775476337,174.76445699233446,0.39194362347236766,0.18097121492945126,,,
sample,1779735913.7851946,105.18261456489563,0.0,0.0,0.0,0,1.6141455282418726,-0.5147670775476337,174.76445699233446,0.39194362347236766,0.18097121492945126,,,
sample,1779735913.835268,105.23268795013428,0.0,0.0,0.0,0,1.6141455282418726,-0.5147670775476337,174.76445699233446,0.39194362347236766,0.18097121492945126,,,
sample,1779735913.8851178,105.28253769874573,0.0,0.0,0.0,0,1.6141455282418726,-0.5147670775476337,174.76445699233446,0.39194362347236766,0.18097121492945126,,,
sample,1779735913.9350884,105.33250832557678,0.0,0.0,0.0,0,1.6141455282418726,-0.5147670775476337,174.76445699233446,0.39194362347236766,0.18097121492945126,,,
sample,1779735913.985173,105.38259291648865,0.0,0.0,0.0,0,1.6141455282418726,-0.5147670775476337,174.76445699233446,0.39194362347236766,0.18097121492945126,,,
sample,1779735914.0351582,105.43257808685303,0.0,0.0,0.0,0,1.6141455282418726,-0.5147670775476337,174.76445699233446,0.39194362347236766,0.18097121492945126,,,
sample,1779735914.0851815,105.48260140419006,0.0,0.0,0.0,0,1.6141455282418726,-0.5147670775476337,174.76445699233446,0.39194362347236766,0.18097121492945126,,,
sample,1779735914.135097,105.53251695632935,0.0,0.0,0.0,0,1.6141455282418726,-0.5147670775476337,174.76445699233446,0.39194362347236766,0.18097121492945126,,,
sample,1779735914.1851463,105.5825662612915,0.0,0.0,0.0,0,1.6141455282418726,-0.5147670775476337,174.76445699233446,0.39194362347236766,0.18097121492945126,,,
sample,1779735914.235144,105.632563829422,0.0,0.0,0.0,0,1.6141455282418726,-0.5147670775476337,174.76445699233446,0.39194362347236766,0.18097121492945126,,,
sample,1779735914.2852387,105.68265867233276,0.0,0.0,0.0,0,1.6141455282418726,-0.5147670775476337,174.76445699233446,0.39194362347236766,0.18097121492945126,,,
sample,1779735914.3351119,105.73253178596497,0.0,0.0,0.0,0,1.6141455282418726,-0.5147670775476337,174.76445699233446,0.39194362347236766,0.18097121492945126,,,
sample,1779735914.3852177,105.78263759613037,0.0,0.0,0.0,0,1.6141455282418726,-0.5147670775476337,174.76445699233446,0.39194362347236766,0.18097121492945126,,,
sample,1779735914.4351106,105.83253049850464,0.0,0.0,0.0,0,1.6141455282418726,-0.5147670775476337,174.76445699233446,0.39194362347236766,0.18097121492945126,,,
sample,1779735914.4851382,105.8825581073761,0.0,0.0,0.0,0,1.6141455282418726,-0.5147670775476337,174.76445699233446,0.39194362347236766,0.18097121492945126,,,
sample,1779735914.5351293,105.93254923820496,0.0,0.0,0.0,0,1.6141455282418726,-0.5147670775476337,174.76445699233446,0.39194362347236766,0.18097121492945126,,,
sample,1779735914.5850766,105.98249650001526,0.0,0.0,0.0,0,1.6141455282418726,-0.5147670775476337,174.76445699233446,0.39194362347236766,0.18097121492945126,,,
sample,1779735914.6352785,106.03269839286804,0.0,0.0,0.0,0,1.6141455282418726,-0.5147670775476337,174.76445699233446,0.39194362347236766,0.18097121492945126,,,
sample,1779735914.685091,106.08251094818115,0.0,0.0,0.0,0,1.6141455282418726,-0.5147670775476337,174.76445699233446,0.39194362347236766,0.18097121492945126,,,
sample,1779735914.735202,106.1326220035553,0.0,0.0,0.0,0,1.6141455282418726,-0.5147670775476337,174.76445699233446,0.39194362347236766,0.18097121492945126,,,
sample,1779735914.7851377,106.18255758285522,0.0,0.0,0.0,0,1.6141455282418726,-0.5147670775476337,174.76445699233446,0.39194362347236766,0.18097121492945126,,,
sample,1779735914.835392,106.23281192779541,0.0,0.0,0.0,0,1.6141455282418726,-0.5147670775476337,174.76445699233446,0.39194362347236766,0.18097121492945126,,,
sample,1779735914.8853016,106.28272151947021,0.0,0.0,0.0,0,1.6141455282418726,-0.5147670775476337,174.76445699233446,0.39194362347236766,0.18097121492945126,,,
sample,1779735914.9351223,106.33254218101501,0.0,0.0,0.0,0,1.6141455282418726,-0.5147670775476337,174.76445699233446,0.39194362347236766,0.18097121492945126,,,
sample,1779735914.9853485,106.38276839256287,0.0,0.0,0.0,0,1.6141455282418726,-0.5147670775476337,174.76445699233446,0.39194362347236766,0.18097121492945126,,,
sample,1779735915.035197,106.43261694908142,0.0,0.0,0.0,0,1.6141455282418726,-0.5147670775476337,174.76445699233446,0.39194362347236766,0.18097121492945126,,,
sample,1779735915.0851858,106.48260569572449,0.0,0.0,0.0,0,1.6141455282418726,-0.5147670775476337,174.76445699233446,0.39194362347236766,0.18097121492945126,,,
sample,1779735915.1352718,106.53269171714783,0.0,0.0,0.0,0,1.6141455282418726,-0.5147670775476337,174.76445699233446,0.39194362347236766,0.18097121492945126,,,
sample,1779735915.1854706,106.58289051055908,0.0,0.0,0.0,0,1.6141455282418726,-0.5147670775476337,174.76445699233446,0.39194362347236766,0.18097121492945126,,,
sample,1779735915.2354505,106.63287043571472,0.0,0.0,0.0,0,1.6141455282418726,-0.5147670775476337,174.76445699233446,0.39194362347236766,0.18097121492945126,,,
sample,1779735915.285428,106.68284797668457,0.0,0.0,0.0,0,1.6141455282418726,-0.5147670775476337,174.76445699233446,0.39194362347236766,0.18097121492945126,,,
sample,1779735915.3354483,106.73286819458008,0.0,0.0,0.0,0,1.6141455282418726,-0.5147670775476337,174.76445699233446,0.39194362347236766,0.18097121492945126,,,
sample,1779735915.3855066,106.78292655944824,0.0,0.0,0.0,0,1.6141455282418726,-0.5147670775476337,174.76445699233446,0.39194362347236766,0.18097121492945126,,,
sample,1779735915.4354293,106.8328492641449,0.0,0.0,0.0,0,1.6141455282418726,-0.5147670775476337,174.76445699233446,0.39194362347236766,0.18097121492945126,,,
sample,1779735915.485466,106.88288593292236,0.0,0.0,0.0,0,1.6141455282418726,-0.5147670775476337,174.76445699233446,0.39194362347236766,0.18097121492945126,,,
sample,1779735915.5352805,106.9327003955841,0.0,0.0,0.0,0,1.6141455282418726,-0.5147670775476337,174.76445699233446,0.39194362347236766,0.18097121492945126,,,
sample,1779735915.5853388,106.98275876045227,0.0,0.0,0.0,0,1.6141455282418726,-0.5147670775476337,174.76445699233446,0.39194362347236766,0.18097121492945126,,,
sample,1779735915.635425,107.03284502029419,0.0,0.0,0.0,0,1.6141455282418726,-0.5147670775476337,174.76445699233446,0.39194362347236766,0.18097121492945126,,,
sample,1779735915.6853807,107.08280062675476,0.0,0.0,0.0,0,1.6141455282418726,-0.5147670775476337,174.76445699233446,0.39194362347236766,0.18097121492945126,,,
sample,1779735915.7352357,107.13265562057495,0.0,0.0,0.0,0,1.6141455282418726,-0.5147670775476337,174.76445699233446,0.39194362347236766,0.18097121492945126,,,
sample,1779735915.7852437,107.18266367912292,0.0,0.0,0.0,0,1.6141455282418726,-0.5147670775476337,174.76445699233446,0.39194362347236766,0.18097121492945126,,,
sample,1779735915.835503,107.23292303085327,0.0,0.0,0.0,0,1.6141455282418726,-0.5147670775476337,174.76445699233446,0.39194362347236766,0.18097121492945126,,,
sample,1779735915.8854582,107.28287816047668,0.0,0.0,0.0,0,1.6141455282418726,-0.5147670775476337,174.76445699233446,0.39194362347236766,0.18097121492945126,,,
sample,1779735915.9356134,107.33303332328796,0.0,0.0,0.0,0,1.6141455282418726,-0.5147670775476337,174.76445699233446,0.39194362347236766,0.18097121492945126,,,
sample,1779735915.985645,107.38306498527527,0.0,0.0,0.0,0,1.6141455282418726,-0.5147670775476337,174.76445699233446,0.39194362347236766,0.18097121492945126,,,
sample,1779735916.0356421,107.4330620765686,0.0,0.0,0.0,0,1.6141455282418726,-0.5147670775476337,174.76445699233446,0.39194362347236766,0.18097121492945126,,,
sample,1779735916.0857382,107.48315811157227,0.0,0.0,0.0,0,1.6141455282418726,-0.5147670775476337,174.76445699233446,0.39194362347236766,0.18097121492945126,,,
sample,1779735916.135686,107.53310585021973,0.0,0.0,0.0,0,1.6141455282418726,-0.5147670775476337,174.76445699233446,0.39194362347236766,0.18097121492945126,,,
sample,1779735916.1853545,107.58277440071106,0.0,0.0,0.0,0,1.6141455282418726,-0.5147670775476337,174.76445699233446,0.39194362347236766,0.18097121492945126,,,
sample,1779735916.235236,107.63265585899353,0.0,0.0,0.0,0,1.6141455282418726,-0.5147670775476337,174.76445699233446,0.39194362347236766,0.18097121492945126,,,
sample,1779735916.2852938,107.68271374702454,0.0,0.0,0.0,0,1.6141455282418726,-0.5147670775476337,174.76445699233446,0.39194362347236766,0.18097121492945126,,,
sample,1779735916.3355467,107.73296666145325,0.0,0.0,0.0,0,1.6141455282418726,-0.5147670775476337,174.76445699233446,0.39194362347236766,0.18097121492945126,,,
sample,1779735916.3854487,107.78286862373352,0.0,0.0,0.0,0,1.6141455282418726,-0.5147670775476337,174.76445699233446,0.39194362347236766,0.18097121492945126,,,
sample,1779735916.4354491,107.83286905288696,0.0,0.0,0.0,0,1.6141455282418726,-0.5147670775476337,174.76445699233446,0.39194362347236766,0.18097121492945126,,,
sample,1779735916.4854922,107.88291215896606,0.0,0.0,0.0,0,1.6141455282418726,-0.5147670775476337,174.76445699233446,0.39194362347236766,0.18097121492945126,,,
sample,1779735916.5355704,107.9329903125763,0.0,0.0,0.0,0,1.6141455282418726,-0.5147670775476337,174.76445699233446,0.39194362347236766,0.18097121492945126,,,
sample,1779735916.585464,107.9828839302063,0.0,0.0,0.0,0,1.6141455282418726,-0.5147670775476337,174.76445699233446,0.39194362347236766,0.18097121492945126,,,
sample,1779735916.6354966,108.03291654586792,0.0,0.0,0.0,0,1.6141455282418726,-0.5147670775476337,174.76445699233446,0.39194362347236766,0.18097121492945126,,,
sample,1779735916.6851737,108.0825936794281,0.0,0.0,0.0,0,1.6141455282418726,-0.5147670775476337,174.76445699233446,0.39194362347236766,0.18097121492945126,,,
sample,1779735916.7350883,108.13250827789307,0.0,0.0,0.0,0,1.6141455282418726,-0.5147670775476337,174.76445699233446,0.39194362347236766,0.18097121492945126,,,
sample,1779735916.7851357,108.18255567550659,0.0,0.0,0.0,0,1.6141455282418724,-0.514767077547634,174.76445699233446,0.39194362347236766,0.18097121492945126,,,
sample,1779735916.8351278,108.23254776000977,0.0,0.0,0.0,0,1.6141455282418726,-0.5147670775476337,174.76445699233446,0.39194362347236766,0.18097121492945126,,,
sample,1779735916.8850548,108.28247475624084,0.0,0.0,0.0,0,1.6141455282418726,-0.5147670775476337,174.76445699233446,0.39194362347236766,0.18097121492945126,,,
sample,1779735916.9350846,108.33250451087952,0.0,0.0,0.0,0,1.6141455282418726,-0.5147670775476337,174.76445699233446,0.39194362347236766,0.18097121492945126,,,
sample,1779735916.9850783,108.38249826431274,0.0,0.0,0.0,0,1.6141455282418726,-0.5147670775476337,174.76445699233446,0.39194362347236766,0.18097121492945126,,,
sample,1779735917.035252,108.4326720237732,0.0,0.0,0.0,0,1.6141455282418726,-0.5147670775476337,174.76445699233446,0.39194362347236766,0.18097121492945126,,,
sample,1779735917.085123,108.48254299163818,0.0,0.0,0.0,0,1.6141455282418726,-0.5147670775476337,174.76445699233446,0.39194362347236766,0.18097121492945126,,,
sample,1779735917.1351874,108.53260731697083,0.0,0.0,0.0,0,1.6141455282418726,-0.5147670775476337,174.76445699233446,0.39194362347236766,0.18097121492945126,,,
sample,1779735917.1850524,108.58247232437134,0.0,0.0,0.0,0,1.6141455282418726,-0.5147670775476337,174.76445699233446,0.39194362347236766,0.18097121492945126,,,
sample,1779735917.2351036,108.63252353668213,0.0,0.0,0.0,0,1.6141455282418726,-0.5147670775476337,174.76445699233446,0.39194362347236766,0.18097121492945126,,,
sample,1779735917.2850225,108.68244242668152,0.0,0.0,0.0,0,1.6141455282418726,-0.5147670775476337,174.76445699233446,0.39194362347236766,0.18097121492945126,,,
sample,1779735917.3351347,108.73255467414856,0.0,0.0,0.0,0,1.6141455282418726,-0.5147670775476337,174.76445699233446,0.39194362347236766,0.18097121492945126,,,
sample,1779735917.3851185,108.78253841400146,0.0,0.0,0.0,0,1.6141455282418726,-0.5147670775476337,174.76445699233446,0.39194362347236766,0.18097121492945126,,,
sample,1779735917.4351532,108.8325731754303,0.0,0.0,0.0,0,1.6141455282418726,-0.5147670775476337,174.76445699233446,0.39194362347236766,0.18097121492945126,,,
sample,1779735917.485414,108.88283395767212,0.0,0.0,0.0,0,1.6141455282418726,-0.5147670775476337,174.76445699233446,0.39194362347236766,0.18097121492945126,,,
sample,1779735917.53517,108.93259000778198,0.0,0.0,0.0,0,1.6141455282418726,-0.5147670775476337,174.76445699233446,0.39194362347236766,0.18097121492945126,,,
sample,1779735917.585131,108.9825508594513,0.0,0.0,0.0,0,1.6141455282418726,-0.5147670775476337,174.76445699233446,0.39194362347236766,0.18097121492945126,,,
sample,1779735917.635254,109.0326738357544,0.0,0.0,0.0,0,1.6141455282418726,-0.5147670775476337,174.76445699233446,0.39194362347236766,0.18097121492945126,,,
sample,1779735917.685103,109.08252286911011,0.0,0.0,0.0,0,1.6141455282418726,-0.5147670775476337,174.76445699233446,0.39194362347236766,0.18097121492945126,,,
sample,1779735917.7352533,109.1326732635498,0.0,0.0,0.0,0,1.6141455282418726,-0.5147670775476337,174.76445699233446,0.39194362347236766,0.18097121492945126,,,
sample,1779735917.7850175,109.18243741989136,0.0,0.0,0.0,0,1.6141455282418726,-0.5147670775476337,174.76445699233446,0.39194362347236766,0.18097121492945126,,,
sample,1779735917.8353148,109.23273468017578,0.0,0.0,0.0,0,1.6141455282418726,-0.5147670775476337,174.76445699233446,0.39194362347236766,0.18097121492945126,,,
sample,1779735917.885052,109.2824718952179,0.0,0.0,0.0,0,1.6141455282418726,-0.5147670775476337,174.76445699233446,0.39194362347236766,0.18097121492945126,,,
sample,1779735917.9351552,109.33257508277893,0.0,0.0,0.0,0,1.6141455282418726,-0.5147670775476337,174.76445699233446,0.39194362347236766,0.18097121492945126,,,
sample,1779735917.9850883,109.38250827789307,0.0,0.0,0.0,0,1.6141455282418726,-0.5147670775476337,174.76445699233446,0.39194362347236766,0.18097121492945126,,,
sample,1779735918.0350718,109.43249177932739,0.0,0.0,0.0,0,1.6141455282418726,-0.5147670775476337,174.76445699233446,0.39194362347236766,0.18097121492945126,,,
sample,1779735918.0851512,109.48257112503052,0.0,0.0,0.0,0,1.6141455282418726,-0.5147670775476337,174.76445699233446,0.39194362347236766,0.18097121492945126,,,
sample,1779735918.1351278,109.53254771232605,0.0,0.0,0.0,0,1.6141455282418726,-0.5147670775476337,174.76445699233446,0.39194362347236766,0.18097121492945126,,,
sample,1779735918.1850798,109.58249974250793,0.0,0.0,0.0,0,1.6141455282418726,-0.5147670775476337,174.76445699233446,0.39194362347236766,0.18097121492945126,,,
sample,1779735918.2351103,109.63253021240234,0.0,0.0,0.0,0,1.6141455282418726,-0.5147670775476337,174.76445699233446,0.39194362347236766,0.18097121492945126,,,
sample,1779735918.2851567,109.68257665634155,0.0,0.0,0.0,0,1.6141455282418726,-0.5147670775476337,174.76445699233446,0.39194362347236766,0.18097121492945126,,,
sample,1779735918.3353355,109.73275542259216,0.0,0.0,0.0,0,1.6141455282418726,-0.5147670775476337,174.76445699233446,0.39194362347236766,0.18097121492945126,,,
sample,1779735918.385586,109.78300595283508,0.0,0.0,0.0,0,1.6141455282418726,-0.5147670775476337,174.76445699233446,0.39194362347236766,0.18097121492945126,,,
sample,1779735918.4352162,109.83263611793518,0.0,0.0,0.0,0,1.6141455282418726,-0.5147670775476337,174.76445699233446,0.39194362347236766,0.18097121492945126,,,
sample,1779735918.485143,109.88256287574768,0.0,0.0,0.0,0,1.6141455282418726,-0.5147670775476337,174.76445699233446,0.39194362347236766,0.18097121492945126,,,
sample,1779735918.5351217,109.93254160881042,0.0,0.0,0.0,0,1.6141455282418726,-0.5147670775476337,174.76445699233446,0.39194362347236766,0.18097121492945126,,,
sample,1779735918.5852315,109.98265147209167,0.0,0.0,0.0,0,1.6141455282418726,-0.5147670775476337,174.76445699233446,0.39194362347236766,0.18097121492945126,,,
sample,1779735918.6351798,110.0325996875763,0.0,0.0,0.0,0,1.6141455282418726,-0.5147670775476337,174.76445699233446,0.39194362347236766,0.18097121492945126,,,
sample,1779735918.6851125,110.08253240585327,0.0,0.0,0.0,0,1.6141455282418726,-0.5147670775476337,174.76445699233446,0.39194362347236766,0.18097121492945126,,,
sample,1779735918.7351317,110.13255167007446,0.0,0.0,0.0,0,1.6141455282418726,-0.5147670775476337,174.76445699233446,0.39194362347236766,0.18097121492945126,,,
sample,1779735918.785061,110.18248081207275,0.0,0.0,0.0,0,1.6141455282418726,-0.5147670775476337,174.76445699233446,0.39194362347236766,0.18097121492945126,,,
sample,1779735918.8350675,110.23248744010925,0.0,0.0,0.0,0,1.6141455282418726,-0.5147670775476337,174.76445699233446,0.39194362347236766,0.18097121492945126,,,
sample,1779735918.8851597,110.28257966041565,0.0,0.0,0.0,0,1.6141455282418726,-0.5147670775476337,174.76445699233446,0.39194362347236766,0.18097121492945126,,,
sample,1779735918.9351683,110.33258819580078,0.0,0.0,0.0,0,1.6141455282418726,-0.5147670775476337,174.76445699233446,0.39194362347236766,0.18097121492945126,,,
sample,1779735918.9851274,110.38254737854004,0.0,0.0,0.0,0,1.6141455282418726,-0.5147670775476337,174.76445699233446,0.39194362347236766,0.18097121492945126,,,
sample,1779735919.0350761,110.43249607086182,0.0,0.0,0.0,0,1.6141455282418726,-0.5147670775476337,174.76445699233446,0.39194362347236766,0.18097121492945126,,,
sample,1779735919.0851417,110.48256158828735,0.0,0.0,0.0,0,1.6141455282418726,-0.5147670775476337,174.76445699233446,0.39194362347236766,0.18097121492945126,,,
sample,1779735919.1350381,110.53245806694031,0.0,0.0,0.0,0,1.6141455282418726,-0.5147670775476337,174.76445699233446,0.39194362347236766,0.18097121492945126,,,
sample,1779735919.1852984,110.58271837234497,0.0,0.0,0.0,0,1.6141455282418726,-0.5147670775476337,174.76445699233446,0.39194362347236766,0.18097121492945126,,,
sample,1779735919.2351189,110.63253879547119,0.0,0.0,0.0,0,1.6141455282418726,-0.5147670775476337,174.76445699233446,0.39194362347236766,0.18097121492945126,,,
sample,1779735919.2851894,110.68260931968689,0.0,0.0,0.0,0,1.6141455282418726,-0.5147670775476337,174.76445699233446,0.39194362347236766,0.18097121492945126,,,
sample,1779735919.3353157,110.7327356338501,0.0,0.0,0.0,0,1.6141455282418726,-0.5147670775476337,174.76445699233446,0.39194362347236766,0.18097121492945126,,,
sample,1779735919.3850577,110.7824776172638,0.0,0.0,0.0,0,1.6141455282418726,-0.5147670775476337,174.76445699233446,0.39194362347236766,0.18097121492945126,,,
sample,1779735919.4351559,110.83257579803467,0.0,0.0,0.0,0,1.6141455282418726,-0.5147670775476337,174.76445699233446,0.39194362347236766,0.18097121492945126,,,
sample,1779735919.4850037,110.88242363929749,0.0,0.0,0.0,0,1.6141455282418726,-0.5147670775476337,174.76445699233446,0.39194362347236766,0.18097121492945126,,,
sample,1779735919.5352163,110.93263626098633,0.0,0.0,0.0,0,1.6141455282418726,-0.5147670775476337,174.76445699233446,0.39194362347236766,0.18097121492945126,,,
sample,1779735919.58517,110.98258996009827,0.0,0.0,0.0,0,1.6141455282418726,-0.5147670775476337,174.76445699233446,0.39194362347236766,0.18097121492945126,,,
sample,1779735919.6351445,111.03256440162659,0.0,0.0,0.0,0,1.6141455282418726,-0.5147670775476337,174.76445699233446,0.39194362347236766,0.18097121492945126,,,
sample,1779735919.6850297,111.08244967460632,0.0,0.0,0.0,0,1.6141455282418726,-0.514767077547634,174.76445699233446,0.39194362347236766,0.18097121492945126,,,
sample,1779735919.7351177,111.1325376033783,0.0,0.0,0.0,0,1.6141455282418726,-0.5147670775476337,174.76445699233446,0.39194362347236766,0.18097121492945126,,,
sample,1779735919.7851455,111.18256545066833,0.0,0.0,0.0,0,1.6141455282418726,-0.5147670775476337,174.76445699233446,0.39194362347236766,0.18097121492945126,,,
sample,1779735919.8351977,111.23261761665344,0.0,0.0,0.0,0,1.6141455282418726,-0.5147670775476337,174.76445699233446,0.39194362347236766,0.18097121492945126,,,
sample,1779735919.8851051,111.28252506256104,0.0,0.0,0.0,0,1.6141455282418726,-0.5147670775476337,174.76445699233446,0.39194362347236766,0.18097121492945126,,,
sample,1779735919.9351642,111.33258414268494,0.0,0.0,0.0,0,1.6141455282418726,-0.5147670775476337,174.76445699233446,0.39194362347236766,0.18097121492945126,,,
sample,1779735919.985268,111.38268804550171,0.0,0.0,0.0,0,1.6141455282418726,-0.5147670775476337,174.76445699233446,0.39194362347236766,0.18097121492945126,,,
sample,1779735920.0351336,111.43255352973938,0.0,0.0,0.0,0,1.6141455282418726,-0.5147670775476337,174.76445699233446,0.39194362347236766,0.18097121492945126,,,
sample,1779735920.0850835,111.48250341415405,0.0,0.0,0.0,0,1.6141455282418726,-0.5147670775476337,174.76445699233446,0.39194362347236766,0.18097121492945126,,,
sample,1779735920.135133,111.53255295753479,0.0,0.0,0.0,0,1.6141455282418726,-0.5147670775476337,174.76445699233446,0.39194362347236766,0.18097121492945126,,,
sample,1779735920.1856203,111.58304023742676,0.0,0.0,0.0,0,1.6141455282418726,-0.5147670775476337,174.76445699233446,0.39194362347236766,0.18097121492945126,,,
sample,1779735920.2355046,111.63292455673218,0.0,0.0,0.0,0,1.6141455282418726,-0.5147670775476337,174.76445699233446,0.39194362347236766,0.18097121492945126,,,
sample,1779735920.285344,111.68276381492615,0.0,0.0,0.0,0,1.6141455282418726,-0.5147670775476337,174.76445699233446,0.39194362347236766,0.18097121492945126,,,
sample,1779735920.3355079,111.73292779922485,0.0,0.0,0.0,0,1.6141455282418726,-0.5147670775476337,174.76445699233446,0.39194362347236766,0.18097121492945126,,,
sample,1779735920.385426,111.7828459739685,0.0,0.0,0.0,0,1.6141455282418726,-0.5147670775476337,174.76445699233446,0.39194362347236766,0.18097121492945126,,,
sample,1779735920.4355073,111.83292722702026,0.0,0.0,0.0,0,1.6141455282418726,-0.5147670775476337,174.76445699233446,0.39194362347236766,0.18097121492945126,,,
sample,1779735920.4855175,111.88293743133545,0.0,0.0,0.0,0,1.6141455282418726,-0.5147670775476337,174.76445699233446,0.39194362347236766,0.18097121492945126,,,
sample,1779735920.535418,111.93283796310425,0.0,0.0,0.0,0,1.6141455282418726,-0.5147670775476337,174.76445699233446,0.39194362347236766,0.18097121492945126,,,
sample,1779735920.5855038,111.98292374610901,0.0,0.0,0.0,0,1.6141455282418726,-0.5147670775476337,174.76445699233446,0.39194362347236766,0.18097121492945126,,,
sample,1779735920.6354218,112.03284168243408,0.0,0.0,0.0,0,1.6141455282418726,-0.5147670775476337,174.76445699233446,0.39194362347236766,0.18097121492945126,,,
sample,1779735920.6854231,112.08284306526184,0.0,0.0,0.0,0,1.6141455282418726,-0.5147670775476337,174.76445699233446,0.39194362347236766,0.18097121492945126,,,
sample,1779735920.735417,112.13283681869507,0.0,0.0,0.0,0,1.6141455282418726,-0.5147670775476337,174.76445699233446,0.39194362347236766,0.18097121492945126,,,
sample,1779735920.7854004,112.1828203201294,0.0,0.0,0.0,0,1.6141455282418726,-0.5147670775476337,174.76445699233446,0.39194362347236766,0.18097121492945126,,,
sample,1779735920.8354785,112.23289847373962,0.0,0.0,0.0,0,1.6141455282418726,-0.5147670775476337,174.76445699233446,0.39194362347236766,0.18097121492945126,,,
sample,1779735920.8853652,112.28278517723083,0.0,0.0,0.0,0,1.6141455282418726,-0.5147670775476337,174.76445699233446,0.39194362347236766,0.18097121492945126,,,
sample,1779735920.9354372,112.33285713195801,0.0,0.0,0.0,0,1.6141455282418726,-0.5147670775476337,174.76445699233446,0.39194362347236766,0.18097121492945126,,,
sample,1779735920.9854496,112.3828694820404,0.0,0.0,0.0,0,1.6141455282418726,-0.5147670775476337,174.76445699233446,0.39194362347236766,0.18097121492945126,,,
sample,1779735921.035398,112.4328179359436,0.0,0.0,0.0,0,1.6141455282418726,-0.5147670775476337,174.76445699233446,0.39194362347236766,0.18097121492945126,,,
sample,1779735921.0854099,112.48282980918884,0.0,0.0,0.0,0,1.6141455282418726,-0.5147670775476337,174.76445699233446,0.39194362347236766,0.18097121492945126,,,
sample,1779735921.13544,112.53286004066467,0.0,0.0,0.0,0,1.6141455282418726,-0.5147670775476337,174.76445699233446,0.39194362347236766,0.18097121492945126,,,
sample,1779735921.1854444,112.58286428451538,0.0,0.0,0.0,0,1.6141455282418726,-0.5147670775476337,174.76445699233446,0.39194362347236766,0.18097121492945126,,,
sample,1779735921.2354255,112.63284540176392,0.0,0.0,0.0,0,1.6141455282418726,-0.5147670775476337,174.76445699233446,0.39194362347236766,0.18097121492945126,,,
sample,1779735921.2854314,112.68285131454468,0.0,0.0,0.0,0,1.6141455282418726,-0.5147670775476337,174.76445699233446,0.39194362347236766,0.18097121492945126,,,
sample,1779735921.3354557,112.73287558555603,0.0,0.0,0.0,0,1.6141455282418726,-0.5147670775476337,174.76445699233446,0.39194362347236766,0.18097121492945126,,,
sample,1779735921.3853889,112.78280878067017,0.0,0.0,0.0,0,1.6141455282418726,-0.5147670775476337,174.76445699233446,0.39194362347236766,0.18097121492945126,,,
sample,1779735921.4360967,112.8335165977478,0.0,0.0,0.0,0,1.6141455282418726,-0.5147670775476337,174.76445699233446,0.39194362347236766,0.18097121492945126,,,
sample,1779735921.485444,112.88286399841309,0.0,0.0,0.0,0,1.6141455282418726,-0.5147670775476337,174.76445699233446,0.39194362347236766,0.18097121492945126,,,
sample,1779735921.535436,112.93285584449768,0.0,0.0,0.0,0,1.6141455282418726,-0.5147670775476337,174.76445699233446,0.39194362347236766,0.18097121492945126,,,
sample,1779735921.5856447,112.98306465148926,0.0,0.0,0.0,0,1.6141455282418726,-0.5147670775476337,174.76445699233446,0.39194362347236766,0.18097121492945126,,,
sample,1779735921.6354532,113.03287315368652,0.0,0.0,0.0,0,1.6141455282418726,-0.5147670775476337,174.76445699233446,0.39194362347236766,0.18097121492945126,,,
sample,1779735921.6851785,113.08259844779968,0.0,0.0,0.0,0,1.6141455282418726,-0.5147670775476337,174.76445699233446,0.39194362347236766,0.18097121492945126,,,
sample,1779735921.7350094,113.13242936134338,0.0,0.0,0.0,0,1.6141455282418726,-0.5147670775476337,174.76445699233446,0.39194362347236766,0.18097121492945126,,,
sample,1779735921.7852216,113.18264150619507,0.0,0.0,0.0,0,1.6141455282418726,-0.5147670775476337,174.76445699233446,0.39194362347236766,0.18097121492945126,,,
sample,1779735921.8352115,113.23263144493103,0.0,0.0,0.0,0,1.6141455282418726,-0.5147670775476337,174.76445699233446,0.39194362347236766,0.18097121492945126,,,
sample,1779735921.885038,113.28245782852173,0.0,0.0,0.0,0,1.6141455282418726,-0.5147670775476337,174.76445699233446,0.39194362347236766,0.18097121492945126,,,
sample,1779735921.93511,113.33253002166748,0.0,0.0,0.0,0,1.6141455282418726,-0.5147670775476337,174.76445699233446,0.39194362347236766,0.18097121492945126,,,
sample,1779735921.9850523,113.38247227668762,0.0,0.0,0.0,0,1.6141455282418726,-0.5147670775476337,174.76445699233446,0.39194362347236766,0.18097121492945126,,,
sample,1779735922.0355914,113.43301129341125,0.0,0.0,0.0,0,1.6141455282418726,-0.5147670775476337,174.76445699233446,0.39194362347236766,0.18097121492945126,,,
sample,1779735922.0851507,113.48257064819336,0.0,0.0,0.0,0,1.6141455282418726,-0.5147670775476337,174.76445699233446,0.39194362347236766,0.18097121492945126,,,
sample,1779735922.135164,113.53258395195007,0.0,0.0,0.0,0,1.6141455282418726,-0.5147670775476337,174.76445699233446,0.39194362347236766,0.18097121492945126,,,
sample,1779735922.1851542,113.58257412910461,0.0,0.0,0.0,0,1.6141455282418726,-0.5147670775476337,174.76445699233446,0.39194362347236766,0.18097121492945126,,,
sample,1779735922.2350857,113.6325056552887,0.0,0.0,0.0,0,1.6141455282418726,-0.5147670775476337,174.76445699233446,0.39194362347236766,0.18097121492945126,,,
sample,1779735922.2851393,113.68255925178528,0.0,0.0,0.0,0,1.6141455282418726,-0.5147670775476337,174.76445699233446,0.39194362347236766,0.18097121492945126,,,
sample,1779735922.335158,113.73257803916931,0.0,0.0,0.0,0,1.6141455282418726,-0.5147670775476337,174.76445699233446,0.39194362347236766,0.18097121492945126,,,
sample,1779735922.385117,113.78253698348999,0.0,0.0,0.0,0,1.6141455282418726,-0.5147670775476337,174.76445699233446,0.39194362347236766,0.18097121492945126,,,
sample,1779735922.4351823,113.83260226249695,0.0,0.0,0.0,0,1.6141455282418726,-0.5147670775476337,174.76445699233446,0.39194362347236766,0.18097121492945126,,,
sample,1779735922.4850557,113.88247561454773,0.0,0.0,0.0,0,1.6141455282418726,-0.5147670775476337,174.76445699233446,0.39194362347236766,0.18097121492945126,,,
sample,1779735922.5350497,113.93246960639954,0.0,0.0,0.0,0,1.6141455282418726,-0.5147670775476337,174.76445699233446,0.39194362347236766,0.18097121492945126,,,
sample,1779735922.5851421,113.98256206512451,0.0,0.0,0.0,0,1.6141455282418726,-0.5147670775476337,174.76445699233446,0.39194362347236766,0.18097121492945126,,,
sample,1779735922.635276,114.03269600868225,0.0,0.0,0.0,0,1.6141455282418726,-0.5147670775476337,174.76445699233446,0.39194362347236766,0.18097121492945126,,,
sample,1779735922.6850631,114.0824830532074,0.0,0.0,0.0,0,1.6141455282418726,-0.5147670775476335,174.76445699233446,0.39194362347236766,0.18097121492945126,,,
sample,1779735922.7353394,114.13275933265686,0.0,0.0,0.0,0,1.6141455282418726,-0.5147670775476337,174.76445699233446,0.39194362347236766,0.18097121492945126,,,
sample,1779735922.7849836,114.18240356445312,0.0,0.0,0.0,0,1.6141455282418726,-0.5147670775476337,174.76445699233446,0.39194362347236766,0.18097121492945126,,,
sample,1779735922.8351555,114.23257541656494,0.0,0.0,0.0,0,1.6141455282418726,-0.5147670775476337,174.76445699233446,0.39194362347236766,0.18097121492945126,,,
sample,1779735922.885038,114.28245782852173,0.0,0.0,0.0,0,1.6141455282418726,-0.5147670775476337,174.76445699233446,0.39194362347236766,0.18097121492945126,,,
sample,1779735922.9352582,114.3326780796051,0.0,0.0,0.0,0,1.6141455282418726,-0.5147670775476337,174.76445699233446,0.39194362347236766,0.18097121492945126,,,
sample,1779735922.9851751,114.38259506225586,0.0,0.0,0.0,0,1.6141455282418726,-0.5147670775476337,174.76445699233446,0.39194362347236766,0.18097121492945126,,,
sample,1779735923.035145,114.43256497383118,0.0,0.0,0.0,0,1.6141455282418726,-0.5147670775476337,174.76445699233446,0.39194362347236766,0.18097121492945126,,,
sample,1779735923.0853808,114.48280072212219,0.0,0.0,0.0,0,1.6141455282418726,-0.5147670775476337,174.76445699233446,0.39194362347236766,0.18097121492945126,,,
sample,1779735923.135087,114.53250694274902,0.0,0.0,0.0,0,1.6141455282418726,-0.5147670775476337,174.76445699233446,0.39194362347236766,0.18097121492945126,,,
sample,1779735923.1851609,114.58258080482483,0.0,0.0,0.0,0,1.6141455282418726,-0.5147670775476337,174.76445699233446,0.39194362347236766,0.18097121492945126,,,
sample,1779735923.2350743,114.6324942111969,0.0,0.0,0.0,0,1.6141455282418726,-0.5147670775476337,174.76445699233446,0.39194362347236766,0.18097121492945126,,,
sample,1779735923.2850306,114.68245053291321,0.0,0.0,0.0,0,1.6141455282418726,-0.5147670775476337,174.76445699233446,0.39194362347236766,0.18097121492945126,,,
sample,1779735923.335079,114.73249888420105,0.0,0.0,0.0,0,1.6141455282418726,-0.5147670775476337,174.76445699233446,0.39194362347236766,0.18097121492945126,,,
sample,1779735923.3850253,114.78244519233704,0.0,0.0,0.0,0,1.6141455282418726,-0.5147670775476337,174.76445699233446,0.39194362347236766,0.18097121492945126,,,
sample,1779735923.435363,114.83278298377991,0.0,0.0,0.0,0,1.6141455282418726,-0.5147670775476337,174.76445699233446,0.39194362347236766,0.18097121492945126,,,
sample,1779735923.4850135,114.88243341445923,0.0,0.0,0.0,0,1.6141455282418726,-0.5147670775476337,174.76445699233446,0.39194362347236766,0.18097121492945126,,,
sample,1779735923.535213,114.93263292312622,0.0,0.0,0.0,0,1.6141455282418726,-0.5147670775476337,174.76445699233446,0.39194362347236766,0.18097121492945126,,,
sample,1779735923.5851526,114.98257255554199,0.0,0.0,0.0,0,1.6141455282418726,-0.5147670775476337,174.76445699233446,0.39194362347236766,0.18097121492945126,,,
sample,1779735923.635175,115.03259491920471,0.0,0.0,0.0,0,1.6141455282418726,-0.5147670775476337,174.76445699233446,0.39194362347236766,0.18097121492945126,,,
sample,1779735923.6850443,115.08246421813965,0.0,0.0,0.0,0,1.6141455282418726,-0.5147670775476337,174.76445699233446,0.39194362347236766,0.18097121492945126,,,
sample,1779735923.7351205,115.13254046440125,0.0,0.0,0.0,0,1.6141455282418726,-0.5147670775476337,174.76445699233446,0.39194362347236766,0.18097121492945126,,,
sample,1779735923.7851732,115.18259310722351,0.0,0.0,0.0,0,1.6141455282418726,-0.5147670775476337,174.76445699233446,0.39194362347236766,0.18097121492945126,,,
sample,1779735923.8352346,115.2326545715332,0.0,0.0,0.0,0,1.6141455282418726,-0.5147670775476337,174.76445699233446,0.39194362347236766,0.18097121492945126,,,
sample,1779735923.8851368,115.28255677223206,0.0,0.0,0.0,0,1.6141455282418726,-0.5147670775476337,174.76445699233446,0.39194362347236766,0.18097121492945126,,,
sample,1779735923.935106,115.33252596855164,0.0,0.0,0.0,0,1.6141455282418726,-0.5147670775476337,174.76445699233446,0.39194362347236766,0.18097121492945126,,,
sample,1779735923.985155,115.38257503509521,0.0,0.0,0.0,0,1.6141455282418726,-0.5147670775476337,174.76445699233446,0.39194362347236766,0.18097121492945126,,,
sample,1779735924.035093,115.43251299858093,0.0,0.0,0.0,0,1.6141455282418726,-0.5147670775476337,174.76445699233446,0.39194362347236766,0.18097121492945126,,,
sample,1779735924.0853527,115.48277258872986,0.0,0.0,0.0,0,1.6141455282418726,-0.5147670775476337,174.76445699233446,0.39194362347236766,0.18097121492945126,,,
sample,1779735924.1351738,115.53259372711182,0.0,0.0,0.0,0,1.6141455282418726,-0.5147670775476337,174.76445699233446,0.39194362347236766,0.18097121492945126,,,
sample,1779735924.1851034,115.58252334594727,0.0,0.0,0.0,0,1.6141455282418726,-0.5147670775476337,174.76445699233446,0.39194362347236766,0.18097121492945126,,,
sample,1779735924.235222,115.63264203071594,0.0,0.0,0.0,0,1.6141455282418726,-0.5147670775476337,174.76445699233446,0.39194362347236766,0.18097121492945126,,,
sample,1779735924.2850142,115.68243408203125,0.0,0.0,0.0,0,1.6141455282418726,-0.5147670775476337,174.76445699233446,0.39194362347236766,0.18097121492945126,,,
sample,1779735924.3352475,115.73266744613647,0.0,0.0,0.0,0,1.6141455282418726,-0.5147670775476337,174.76445699233446,0.39194362347236766,0.18097121492945126,,,
sample,1779735924.385103,115.78252291679382,0.0,0.0,0.0,0,1.6141455282418726,-0.5147670775476337,174.76445699233446,0.39194362347236766,0.18097121492945126,,,
sample,1779735924.4352155,115.83263540267944,0.0,0.0,0.0,0,1.6141455282418726,-0.5147670775476337,174.76445699233446,0.39194362347236766,0.18097121492945126,,,
sample,1779735924.4849982,115.88241815567017,0.0,0.0,0.0,0,1.6141455282418726,-0.5147670775476337,174.76445699233446,0.39194362347236766,0.18097121492945126,,,
sample,1779735924.5351021,115.93252205848694,0.0,0.0,0.0,0,1.6141455282418726,-0.5147670775476337,174.76445699233446,0.39194362347236766,0.18097121492945126,,,
sample,1779735924.5850842,115.98250412940979,0.0,0.0,0.0,0,1.6141455282418726,-0.5147670775476337,174.76445699233446,0.39194362347236766,0.18097121492945126,,,
sample,1779735924.6351094,116.03252935409546,0.0,0.0,0.0,0,1.6141455282418726,-0.5147670775476337,174.76445699233446,0.39194362347236766,0.18097121492945126,,,
sample,1779735924.6851568,116.08257675170898,0.0,0.0,0.0,0,1.6141455282418726,-0.5147670775476337,174.76445699233446,0.39194362347236766,0.18097121492945126,,,
sample,1779735924.735022,116.13244199752808,0.0,0.0,0.0,0,1.6141455282418726,-0.5147670775476337,174.76445699233446,0.39194362347236766,0.18097121492945126,,,
sample,1779735924.7851017,116.18252158164978,0.0,0.0,0.0,0,1.6141455282418726,-0.5147670775476337,174.76445699233446,0.39194362347236766,0.18097121492945126,,,
sample,1779735924.8351128,116.23253273963928,0.0,0.0,0.0,0,1.6141455282418726,-0.5147670775476337,174.76445699233446,0.39194362347236766,0.18097121492945126,,,
sample,1779735924.885057,116.28247690200806,0.0,0.0,0.0,0,1.6141455282418726,-0.5147670775476337,174.76445699233446,0.39194362347236766,0.18097121492945126,,,
sample,1779735924.9351,116.33252000808716,0.0,0.0,0.0,0,1.6141455282418726,-0.5147670775476337,174.76445699233446,0.39194362347236766,0.18097121492945126,,,
sample,1779735924.985117,116.38253688812256,0.0,0.0,0.0,0,1.6141455282418726,-0.5147670775476337,174.76445699233446,0.39194362347236766,0.18097121492945126,,,
sample,1779735925.0351481,116.4325680732727,0.0,0.0,0.0,0,1.6141455282418726,-0.5147670775476337,174.76445699233446,0.39194362347236766,0.18097121492945126,,,
sample,1779735925.08517,116.48258996009827,0.0,0.0,0.0,0,1.6141455282418726,-0.5147670775476337,174.76445699233446,0.39194362347236766,0.18097121492945126,,,
sample,1779735925.1355295,116.53294944763184,0.0,0.0,0.0,0,1.6141455282418726,-0.5147670775476337,174.76445699233446,0.39194362347236766,0.18097121492945126,,,
sample,1779735925.1855223,116.58294224739075,0.0,0.0,0.0,0,1.6141455282418726,-0.5147670775476337,174.76445699233446,0.39194362347236766,0.18097121492945126,,,
sample,1779735925.2354457,116.63286566734314,0.0,0.0,0.0,0,1.6141455282418726,-0.5147670775476337,174.76445699233446,0.39194362347236766,0.18097121492945126,,,
sample,1779735925.285531,116.68295097351074,0.0,0.0,0.0,0,1.6141455282418726,-0.5147670775476337,174.76445699233446,0.39194362347236766,0.18097121492945126,,,
sample,1779735925.3357186,116.73313856124878,0.0,0.0,0.0,0,1.6141455282418726,-0.5147670775476337,174.76445699233446,0.39194362347236766,0.18097121492945126,,,
sample,1779735925.3853798,116.78279972076416,0.0,0.0,0.0,0,1.6141455282418726,-0.5147670775476337,174.76445699233446,0.39194362347236766,0.18097121492945126,,,
sample,1779735925.435534,116.83295392990112,0.0,0.0,0.0,0,1.6141455282418726,-0.5147670775476337,174.76445699233446,0.39194362347236766,0.18097121492945126,,,
sample,1779735925.4854057,116.88282561302185,0.0,0.0,0.0,0,1.6141455282418726,-0.5147670775476337,174.76445699233446,0.39194362347236766,0.18097121492945126,,,
sample,1779735925.535471,116.93289089202881,0.0,0.0,0.0,0,1.6141455282418726,-0.5147670775476337,174.76445699233446,0.39194362347236766,0.18097121492945126,,,
sample,1779735925.5851555,116.98257541656494,0.0,0.0,0.0,0,1.6141455282418726,-0.5147670775476337,174.76445699233446,0.39194362347236766,0.18097121492945126,,,
sample,1779735925.6361086,117.03352856636047,0.0,0.0,0.0,0,1.6141455282418726,-0.5147670775476337,174.76445699233446,0.39194362347236766,0.18097121492945126,,,
sample,1779735925.6856978,117.08311772346497,0.0,0.0,0.0,0,1.6141455282418726,-0.5147670775476337,174.76445699233446,0.39194362347236766,0.18097121492945126,,,
sample,1779735925.7351525,117.13257241249084,0.0,0.0,0.0,0,1.6141455282418726,-0.5147670775476337,174.76445699233446,0.39194362347236766,0.18097121492945126,,,
sample,1779735925.7851918,117.18261170387268,0.0,0.0,0.0,0,1.6141455282418726,-0.5147670775476337,174.76445699233446,0.39194362347236766,0.18097121492945126,,,
sample,1779735925.8354652,117.2328851222992,0.0,0.0,0.0,0,1.6141455282418726,-0.5147670775476337,174.76445699233446,0.39194362347236766,0.18097121492945126,,,
sample,1779735925.8854187,117.28283858299255,0.0,0.0,0.0,0,1.6141455282418726,-0.5147670775476337,174.76445699233446,0.39194362347236766,0.18097121492945126,,,
sample,1779735925.9354684,117.33288836479187,0.0,0.0,0.0,0,1.6141455282418726,-0.5147670775476337,174.76445699233446,0.39194362347236766,0.18097121492945126,,,
sample,1779735925.9855056,117.3829255104065,0.0,0.0,0.0,0,1.6141455282418726,-0.5147670775476337,174.76445699233446,0.39194362347236766,0.18097121492945126,,,
sample,1779735926.0353618,117.43278169631958,0.0,0.0,0.0,0,1.6141455282418726,-0.5147670775476337,174.76445699233446,0.39194362347236766,0.18097121492945126,,,
sample,1779735926.0853734,117.48279333114624,0.0,0.0,0.0,0,1.6141455282418726,-0.5147670775476337,174.76445699233446,0.39194362347236766,0.18097121492945126,,,
sample,1779735926.1353931,117.53281307220459,0.0,0.0,0.0,0,1.6141455282418726,-0.5147670775476337,174.76445699233446,0.39194362347236766,0.18097121492945126,,,
sample,1779735926.185424,117.58284401893616,0.0,0.0,0.0,0,1.6141455282418726,-0.5147670775476337,174.76445699233446,0.39194362347236766,0.18097121492945126,,,
sample,1779735926.2366064,117.6340262889862,0.0,0.0,0.0,0,1.6141455282418726,-0.5147670775476337,174.76445699233446,0.39194362347236766,0.18097121492945126,,,
sample,1779735926.2854939,117.6829137802124,0.0,0.0,0.0,0,1.6141455282418726,-0.5147670775476337,174.76445699233446,0.39194362347236766,0.18097121492945126,,,
sample,1779735926.3354347,117.73285460472107,0.0,0.0,0.0,0,1.6141455282418726,-0.5147670775476337,174.76445699233446,0.39194362347236766,0.18097121492945126,,,
sample,1779735926.385456,117.78287601470947,0.0,0.0,0.0,0,1.6141455282418726,-0.5147670775476337,174.76445699233446,0.39194362347236766,0.18097121492945126,,,
sample,1779735926.4354298,117.83284974098206,0.0,0.0,0.0,0,1.6141455282418726,-0.5147670775476337,174.76445699233446,0.39194362347236766,0.18097121492945126,,,
sample,1779735926.4854295,117.88284945487976,0.0,0.0,0.0,0,1.6141455282418726,-0.5147670775476337,174.76445699233446,0.39194362347236766,0.18097121492945126,,,
sample,1779735926.5355659,117.93298578262329,0.0,0.0,0.0,0,1.6141455282418726,-0.5147670775476337,174.76445699233446,0.39194362347236766,0.18097121492945126,,,
sample,1779735926.5857925,117.9832124710083,0.0,0.0,0.0,0,1.6141455282418726,-0.5147670775476337,174.76445699233446,0.39194362347236766,0.18097121492945126,,,
sample,1779735926.635847,118.0332670211792,0.0,0.0,0.0,0,1.6141455282418726,-0.5147670775476337,174.76445699233446,0.39194362347236766,0.18097121492945126,,,
sample,1779735926.6854875,118.0829074382782,0.0,0.0,0.0,0,1.6141455282418726,-0.5147670775476337,174.76445699233446,0.39194362347236766,0.18097121492945126,,,
sample,1779735926.7355385,118.13295841217041,0.0,0.0,0.0,0,1.6141455282418726,-0.5147670775476337,174.76445699233446,0.39194362347236766,0.18097121492945126,,,
sample,1779735926.7857199,118.18313980102539,0.0,0.0,0.0,0,1.6141455282418726,-0.5147670775476337,174.76445699233446,0.39194362347236766,0.18097121492945126,,,
sample,1779735926.8352778,118.23269772529602,0.0,0.0,0.0,0,1.6141455282418726,-0.5147670775476337,174.76445699233446,0.39194362347236766,0.18097121492945126,,,
sample,1779735926.8851144,118.28253436088562,0.0,0.0,0.0,0,1.6141455282418726,-0.5147670775476337,174.76445699233446,0.39194362347236766,0.18097121492945126,,,
sample,1779735926.9352272,118.33264708518982,0.0,0.0,0.0,0,1.6141455282418726,-0.5147670775476337,174.76445699233446,0.39194362347236766,0.18097121492945126,,,
sample,1779735926.9852865,118.3827064037323,0.0,0.0,0.0,0,1.6141455282418726,-0.5147670775476337,174.76445699233446,0.39194362347236766,0.18097121492945126,,,
sample,1779735927.0351799,118.43259978294373,0.0,0.0,0.0,0,1.6141455282418726,-0.5147670775476337,174.76445699233446,0.39194362347236766,0.18097121492945126,,,
sample,1779735927.0851934,118.48261332511902,0.0,0.0,0.0,0,1.6141455282418726,-0.5147670775476337,174.76445699233446,0.39194362347236766,0.18097121492945126,,,
sample,1779735927.1350772,118.53249716758728,0.0,0.0,0.0,0,1.6141455282418726,-0.5147670775476337,174.76445699233446,0.39194362347236766,0.18097121492945126,,,
sample,1779735927.185246,118.58266592025757,0.0,0.0,0.0,0,1.6141455282418726,-0.5147670775476337,174.76445699233446,0.39194362347236766,0.18097121492945126,,,
sample,1779735927.235084,118.63250398635864,0.0,0.0,0.0,0,1.6141455282418726,-0.5147670775476337,174.76445699233446,0.39194362347236766,0.18097121492945126,,,
sample,1779735927.2851017,118.68252158164978,0.0,0.0,0.0,0,1.6141455282418726,-0.5147670775476337,174.76445699233446,0.39194362347236766,0.18097121492945126,,,
sample,1779735927.3354032,118.73282313346863,0.0,0.0,0.0,0,1.6141455282418726,-0.5147670775476337,174.76445699233446,0.39194362347236766,0.18097121492945126,,,
sample,1779735927.3850698,118.78248977661133,0.0,0.0,0.0,0,1.6141455282418726,-0.5147670775476337,174.76445699233446,0.39194362347236766,0.18097121492945126,,,
sample,1779735927.4351904,118.83261036872864,0.0,0.0,0.0,0,1.6141455282418726,-0.5147670775476337,174.76445699233446,0.39194362347236766,0.18097121492945126,,,
sample,1779735927.4852352,118.8826551437378,0.0,0.0,0.0,0,1.6141455282418726,-0.5147670775476337,174.76445699233446,0.39194362347236766,0.18097121492945126,,,
sample,1779735927.5352106,118.93263053894043,0.0,0.0,0.0,0,1.6141455282418726,-0.5147670775476337,174.76445699233446,0.39194362347236766,0.18097121492945126,,,
sample,1779735927.5850034,118.98242330551147,0.0,0.0,0.0,0,1.6141455282418726,-0.5147670775476337,174.76445699233446,0.39194362347236766,0.18097121492945126,,,
sample,1779735927.6352093,119.0326292514801,0.0,0.0,0.0,0,1.6141455282418726,-0.5147670775476337,174.76445699233446,0.39194362347236766,0.18097121492945126,,,
sample,1779735927.6852107,119.08263063430786,0.0,0.0,0.0,0,1.6141455282418726,-0.5147670775476337,174.76445699233446,0.39194362347236766,0.18097121492945126,,,
sample,1779735927.7351797,119.13259959220886,0.0,0.0,0.0,0,1.6141455282418726,-0.5147670775476337,174.76445699233446,0.39194362347236766,0.18097121492945126,,,
sample,1779735927.7851028,119.18252277374268,0.0,0.0,0.0,0,1.6141455282418726,-0.5147670775476337,174.76445699233446,0.39194362347236766,0.18097121492945126,,,
sample,1779735927.8351278,119.23254776000977,0.0,0.0,0.0,0,1.6141455282418726,-0.5147670775476337,174.76445699233446,0.39194362347236766,0.18097121492945126,,,
sample,1779735927.885507,119.2829270362854,0.0,0.0,0.0,0,1.6141455282418726,-0.5147670775476337,174.76445699233446,0.39194362347236766,0.18097121492945126,,,
sample,1779735927.9351656,119.33258557319641,0.0,0.0,0.0,0,1.6141455282418726,-0.5147670775476337,174.76445699233446,0.39194362347236766,0.18097121492945126,,,
sample,1779735927.9853656,119.38278555870056,0.0,0.0,0.0,0,1.6141455282418726,-0.5147670775476337,174.76445699233446,0.39194362347236766,0.18097121492945126,,,
sample,1779735928.0351336,119.43255352973938,0.0,0.0,0.0,0,1.6141455282418726,-0.5147670775476337,174.76445699233446,0.39194362347236766,0.18097121492945126,,,
sample,1779735928.0851467,119.48256659507751,0.0,0.0,0.0,0,1.6141455282418726,-0.5147670775476337,174.76445699233446,0.39194362347236766,0.18097121492945126,,,
sample,1779735928.135057,119.53247690200806,0.0,0.0,0.0,0,1.6141455282418726,-0.5147670775476337,174.76445699233446,0.39194362347236766,0.18097121492945126,,,
sample,1779735928.18513,119.58254981040955,0.0,0.0,0.0,0,1.6141455282418726,-0.5147670775476337,174.76445699233446,0.39194362347236766,0.18097121492945126,,,
sample,1779735928.2352629,119.63268280029297,0.0,0.0,0.0,0,1.6141455282418726,-0.5147670775476337,174.76445699233446,0.39194362347236766,0.18097121492945126,,,
sample,1779735928.2850163,119.68243622779846,0.0,0.0,0.0,0,1.6141455282418726,-0.5147670775476337,174.76445699233446,0.39194362347236766,0.18097121492945126,,,
sample,1779735928.3351529,119.73257279396057,0.0,0.0,0.0,0,1.6141455282418726,-0.5147670775476337,174.76445699233446,0.39194362347236766,0.18097121492945126,,,
sample,1779735928.3850791,119.78249907493591,0.0,0.0,0.0,0,1.6141455282418726,-0.5147670775476337,174.76445699233446,0.39194362347236766,0.18097121492945126,,,
sample,1779735928.435568,119.83298802375793,0.0,0.0,0.0,0,1.6141455282418726,-0.5147670775476337,174.76445699233446,0.39194362347236766,0.18097121492945126,,,
sample,1779735928.4854062,119.88282608985901,0.0,0.0,0.0,0,1.6141455282418726,-0.5147670775476337,174.76445699233446,0.39194362347236766,0.18097121492945126,,,
sample,1779735928.535296,119.93271589279175,0.0,0.0,0.0,0,1.6141455282418726,-0.5147670775476337,174.76445699233446,0.39194362347236766,0.18097121492945126,,,
sample,1779735928.5852134,119.98263335227966,0.0,0.0,0.0,0,1.6141455282418726,-0.5147670775476337,174.76445699233446,0.39194362347236766,0.18097121492945126,,,
sample,1779735928.6352632,120.03268313407898,0.0,0.0,0.0,0,1.6141455282418726,-0.5147670775476337,174.76445699233446,0.39194362347236766,0.18097121492945126,,,
sample,1779735928.6853511,120.08277106285095,0.0,0.0,0.0,0,1.6141455282418726,-0.5147670775476337,174.76445699233446,0.39194362347236766,0.18097121492945126,,,
sample,1779735928.735198,120.13261795043945,0.0,0.0,0.0,0,1.6141455282418726,-0.5147670775476337,174.76445699233446,0.39194362347236766,0.18097121492945126,,,
sample,1779735928.7851582,120.18257808685303,0.0,0.0,0.0,0,1.6141455282418726,-0.5147670775476337,174.76445699233446,0.39194362347236766,0.18097121492945126,,,
sample,1779735928.835241,120.23266100883484,0.0,0.0,0.0,0,1.6141455282418726,-0.5147670775476337,174.76445699233446,0.39194362347236766,0.18097121492945126,,,
sample,1779735928.8851075,120.28252744674683,0.0,0.0,0.0,0,1.6141455282418726,-0.5147670775476337,174.76445699233446,0.39194362347236766,0.18097121492945126,,,
sample,1779735928.9352584,120.33267831802368,0.0,0.0,0.0,0,1.6141455282418726,-0.5147670775476337,174.76445699233446,0.39194362347236766,0.18097121492945126,,,
sample,1779735928.9852233,120.38264322280884,0.0,0.0,0.0,0,1.6141455282418726,-0.5147670775476335,174.76445699233446,0.39194362347236766,0.18097121492945126,,,
sample,1779735929.0351412,120.43256115913391,0.0,0.0,0.0,0,1.6141455282418726,-0.5147670775476337,174.76445699233446,0.39194362347236766,0.18097121492945126,,,
sample,1779735929.0852752,120.48269510269165,0.0,0.0,0.0,0,1.6141455282418726,-0.5147670775476337,174.76445699233446,0.39194362347236766,0.18097121492945126,,,
sample,1779735929.1351461,120.53256607055664,0.0,0.0,0.0,0,1.6141455282418726,-0.5147670775476337,174.76445699233446,0.39194362347236766,0.18097121492945126,,,
sample,1779735929.1851032,120.58252310752869,0.0,0.0,0.0,0,1.6141455282418726,-0.5147670775476337,174.76445699233446,0.39194362347236766,0.18097121492945126,,,
sample,1779735929.235108,120.63252782821655,0.0,0.0,0.0,0,1.6141455282418726,-0.5147670775476337,174.76445699233446,0.39194362347236766,0.18097121492945126,,,
sample,1779735929.2851439,120.68256378173828,0.0,0.0,0.0,0,1.6141455282418726,-0.5147670775476337,174.76445699233446,0.39194362347236766,0.18097121492945126,,,
sample,1779735929.3350961,120.73251605033875,0.0,0.0,0.0,0,1.6141455282418726,-0.5147670775476337,174.76445699233446,0.39194362347236766,0.18097121492945126,,,
sample,1779735929.3850675,120.78248739242554,0.0,0.0,0.0,0,1.6141455282418726,-0.514767077547634,174.76445699233446,0.39194362347236766,0.18097121492945126,,,
sample,1779735929.4351542,120.83257412910461,0.0,0.0,0.0,0,1.6141455282418726,-0.5147670775476337,174.76445699233446,0.39194362347236766,0.18097121492945126,,,
sample,1779735929.485159,120.88257884979248,0.0,0.0,0.0,0,1.6141455282418726,-0.5147670775476337,174.76445699233446,0.39194362347236766,0.18097121492945126,,,
sample,1779735929.5350847,120.93250465393066,0.0,0.0,0.0,0,1.6141455282418726,-0.5147670775476337,174.76445699233446,0.39194362347236766,0.18097121492945126,,,
sample,1779735929.5851128,120.98253273963928,0.0,0.0,0.0,0,1.6141455282418726,-0.5147670775476337,174.76445699233446,0.39194362347236766,0.18097121492945126,,,
sample,1779735929.635127,121.03254699707031,0.0,0.0,0.0,0,1.6141455282418726,-0.5147670775476337,174.76445699233446,0.39194362347236766,0.18097121492945126,,,
sample,1779735929.685329,121.0827488899231,0.0,0.0,0.0,0,1.6141455282418726,-0.5147670775476337,174.76445699233446,0.39194362347236766,0.18097121492945126,,,
sample,1779735929.735091,121.13251090049744,0.0,0.0,0.0,0,1.6141455282418726,-0.5147670775476337,174.76445699233446,0.39194362347236766,0.18097121492945126,,,
sample,1779735929.7851584,121.1825783252716,0.0,0.0,0.0,0,1.6141455282418726,-0.5147670775476335,174.76445699233446,0.39194362347236766,0.18097121492945126,,,
sample,1779735929.8351007,121.23252058029175,0.0,0.0,0.0,0,1.6141455282418726,-0.5147670775476337,174.76445699233446,0.39194362347236766,0.18097121492945126,,,
sample,1779735929.8851585,121.28257846832275,0.0,0.0,0.0,0,1.6141455282418726,-0.5147670775476337,174.76445699233446,0.39194362347236766,0.18097121492945126,,,
sample,1779735929.9353132,121.33273315429688,0.0,0.0,0.0,0,1.6141455282418726,-0.5147670775476337,174.76445699233446,0.39194362347236766,0.18097121492945126,,,
sample,1779735929.9851084,121.38252830505371,0.0,0.0,0.0,0,1.6141455282418726,-0.5147670775476337,174.76445699233446,0.39194362347236766,0.18097121492945126,,,
sample,1779735930.0352058,121.43262577056885,0.0,0.0,0.0,0,1.6141455282418726,-0.5147670775476337,174.76445699233446,0.39194362347236766,0.18097121492945126,,,
sample,1779735930.0852633,121.4826831817627,0.0,0.0,0.0,0,1.6141455282418726,-0.514767077547634,174.76445699233446,0.39194362347236766,0.18097121492945126,,,
sample,1779735930.1351397,121.532559633255,0.0,0.0,0.0,0,1.6141455282418726,-0.5147670775476337,174.76445699233446,0.39194362347236766,0.18097121492945126,,,
sample,1779735930.1851776,121.58259749412537,0.0,0.0,0.0,0,1.6141455282418726,-0.5147670775476337,174.76445699233446,0.39194362347236766,0.18097121492945126,,,
sample,1779735930.2351193,121.63253927230835,0.0,0.0,0.0,0,1.6141455282418726,-0.5147670775476337,174.76445699233446,0.39194362347236766,0.18097121492945126,,,
sample,1779735930.2850993,121.68251919746399,0.0,0.0,0.0,0,1.6141455282418726,-0.5147670775476337,174.76445699233446,0.39194362347236766,0.18097121492945126,,,
sample,1779735930.3351161,121.73253607749939,0.0,0.0,0.0,0,1.6141455282418726,-0.5147670775476337,174.76445699233446,0.39194362347236766,0.18097121492945126,,,
sample,1779735930.385315,121.78273487091064,0.0,0.0,0.0,0,1.6141455282418726,-0.5147670775476337,174.76445699233446,0.39194362347236766,0.18097121492945126,,,
sample,1779735930.4350886,121.83250856399536,0.0,0.0,0.0,0,1.6141455282418726,-0.5147670775476337,174.76445699233446,0.39194362347236766,0.18097121492945126,,,
sample,1779735930.4852655,121.88268542289734,0.0,0.0,0.0,0,1.6141455282418726,-0.5147670775476337,174.76445699233446,0.39194362347236766,0.18097121492945126,,,
sample,1779735930.5351284,121.93254828453064,0.0,0.0,0.0,0,1.6141455282418726,-0.5147670775476337,174.76445699233446,0.39194362347236766,0.18097121492945126,,,
sample,1779735930.585091,121.98251104354858,0.0,0.0,0.0,0,1.6141455282418726,-0.5147670775476337,174.76445699233446,0.39194362347236766,0.18097121492945126,,,
sample,1779735930.635166,122.0325858592987,0.0,0.0,0.0,0,1.6141455282418726,-0.5147670775476337,174.76445699233446,0.39194362347236766,0.18097121492945126,,,
sample,1779735930.685491,122.08291101455688,0.0,0.0,0.0,0,1.6141455282418726,-0.5147670775476337,174.76445699233446,0.39194362347236766,0.18097121492945126,,,
sample,1779735930.7351918,122.1326117515564,0.0,0.0,0.0,0,1.6141455282418726,-0.5147670775476337,174.76445699233446,0.39194362347236766,0.18097121492945126,,,
sample,1779735930.785495,122.1829149723053,0.0,0.0,0.0,0,1.6141455282418726,-0.5147670775476337,174.76445699233446,0.39194362347236766,0.18097121492945126,,,
sample,1779735930.8353353,122.23275518417358,0.0,0.0,0.0,0,1.6141455282418726,-0.5147670775476337,174.76445699233446,0.39194362347236766,0.18097121492945126,,,
sample,1779735930.8850925,122.28251242637634,0.0,0.0,0.0,0,1.6141455282418726,-0.5147670775476337,174.76445699233446,0.39194362347236766,0.18097121492945126,,,
sample,1779735930.935291,122.33271098136902,0.0,0.0,0.0,0,1.6141455282418726,-0.5147670775476337,174.76445699233446,0.39194362347236766,0.18097121492945126,,,
sample,1779735930.9856331,122.38305306434631,0.0,0.0,0.0,0,1.6141455282418726,-0.5147670775476337,174.76445699233446,0.39194362347236766,0.18097121492945126,,,
sample,1779735931.0352216,122.43264150619507,0.0,0.0,0.0,0,1.6141455282418726,-0.5147670775476337,174.76445699233446,0.39194362347236766,0.18097121492945126,,,
sample,1779735931.0853415,122.48276138305664,0.0,0.0,0.0,0,1.6141455282418726,-0.5147670775476337,174.76445699233446,0.39194362347236766,0.18097121492945126,,,
sample,1779735931.135483,122.53290295600891,0.0,0.0,0.0,0,1.6141455282418726,-0.5147670775476337,174.76445699233446,0.39194362347236766,0.18097121492945126,,,
sample,1779735931.1854882,122.58290815353394,0.0,0.0,0.0,0,1.6141455282418726,-0.5147670775476337,174.76445699233446,0.39194362347236766,0.18097121492945126,,,
sample,1779735931.2352583,122.63267827033997,0.0,0.0,0.0,0,1.6141455282418726,-0.5147670775476337,174.76445699233446,0.39194362347236766,0.18097121492945126,,,
sample,1779735931.285407,122.68282699584961,0.0,0.0,0.0,0,1.6141455282418726,-0.5147670775476337,174.76445699233446,0.39194362347236766,0.18097121492945126,,,
sample,1779735931.3351588,122.73257875442505,0.0,0.0,0.0,0,1.6141455282418726,-0.5147670775476337,174.76445699233446,0.39194362347236766,0.18097121492945126,,,
sample,1779735931.3851094,122.78252935409546,0.0,0.0,0.0,0,1.6141455282418726,-0.5147670775476337,174.76445699233446,0.39194362347236766,0.18097121492945126,,,
sample,1779735931.435167,122.83258700370789,0.0,0.0,0.0,0,1.6141455282418726,-0.5147670775476337,174.76445699233446,0.39194362347236766,0.18097121492945126,,,
sample,1779735931.485401,122.88282084465027,0.0,0.0,0.0,0,1.6141455282418726,-0.5147670775476337,174.76445699233446,0.39194362347236766,0.18097121492945126,,,
sample,1779735931.5357945,122.93321442604065,0.0,0.0,0.0,0,1.6141455282418726,-0.5147670775476337,174.76445699233446,0.39194362347236766,0.18097121492945126,,,
sample,1779735931.5853746,122.98279452323914,0.0,0.0,0.0,0,1.6141455282418726,-0.5147670775476337,174.76445699233446,0.39194362347236766,0.18097121492945126,,,
sample,1779735931.6354752,123.0328950881958,0.0,0.0,0.0,0,1.6141455282418726,-0.5147670775476337,174.76445699233446,0.39194362347236766,0.18097121492945126,,,
sample,1779735931.685109,123.08252882957458,0.0,0.0,0.0,0,1.6141455282418726,-0.5147670775476337,174.76445699233446,0.39194362347236766,0.18097121492945126,,,
sample,1779735931.7351143,123.13253426551819,0.0,0.0,0.0,0,1.6141455282418726,-0.5147670775476337,174.76445699233446,0.39194362347236766,0.18097121492945126,,,
sample,1779735931.7852724,123.18269228935242,0.0,0.0,0.0,0,1.6141455282418726,-0.5147670775476337,174.76445699233446,0.39194362347236766,0.18097121492945126,,,
sample,1779735931.8351607,123.23258066177368,0.0,0.0,0.0,0,1.6141455282418726,-0.5147670775476337,174.76445699233446,0.39194362347236766,0.18097121492945126,,,
sample,1779735931.8851318,123.2825517654419,0.0,0.0,0.0,0,1.6141455282418726,-0.5147670775476337,174.76445699233446,0.39194362347236766,0.18097121492945126,,,
sample,1779735931.935187,123.33260703086853,0.0,0.0,0.0,0,1.6141455282418726,-0.5147670775476337,174.76445699233446,0.39194362347236766,0.18097121492945126,,,
sample,1779735931.9852738,123.38269376754761,0.0,0.0,0.0,0,1.6141455282418726,-0.5147670775476337,174.76445699233446,0.39194362347236766,0.18097121492945126,,,
sample,1779735932.035068,123.43248796463013,0.0,0.0,0.0,0,1.6141455282418726,-0.5147670775476337,174.76445699233446,0.39194362347236766,0.18097121492945126,,,
sample,1779735932.0850954,123.48251533508301,0.0,0.0,0.0,0,1.6141455282418726,-0.5147670775476337,174.76445699233446,0.39194362347236766,0.18097121492945126,,,
sample,1779735932.1352482,123.5326681137085,0.0,0.0,0.0,0,1.6141455282418726,-0.5147670775476337,174.76445699233446,0.39194362347236766,0.18097121492945126,,,
sample,1779735932.1850092,123.58242917060852,0.0,0.0,0.0,0,1.6141455282418726,-0.5147670775476337,174.76445699233446,0.39194362347236766,0.18097121492945126,,,
sample,1779735932.235267,123.63268685340881,0.0,0.0,0.0,0,1.6141455282418726,-0.5147670775476337,174.76445699233446,0.39194362347236766,0.18097121492945126,,,
sample,1779735932.2850382,123.68245816230774,0.0,0.0,0.0,0,1.6141455282418726,-0.5147670775476337,174.76445699233446,0.39194362347236766,0.18097121492945126,,,
sample,1779735932.3353958,123.73281574249268,0.0,0.0,0.0,0,1.6141455282418726,-0.5147670775476337,174.76445699233446,0.39194362347236766,0.18097121492945126,,,
sample,1779735932.385034,123.78245401382446,0.0,0.0,0.0,0,1.6141455282418726,-0.5147670775476337,174.76445699233446,0.39194362347236766,0.18097121492945126,,,
sample,1779735932.4352815,123.83270144462585,0.0,0.0,0.0,0,1.6141455282418726,-0.5147670775476337,174.76445699233446,0.39194362347236766,0.18097121492945126,,,
sample,1779735932.485042,123.88246202468872,0.0,0.0,0.0,0,1.6141455282418726,-0.5147670775476337,174.76445699233446,0.39194362347236766,0.18097121492945126,,,
sample,1779735932.5352023,123.93262219429016,0.0,0.0,0.0,0,1.6141455282418726,-0.5147670775476337,174.76445699233446,0.39194362347236766,0.18097121492945126,,,
sample,1779735932.5852413,123.98266124725342,0.0,0.0,0.0,0,1.6141455282418726,-0.5147670775476337,174.76445699233446,0.39194362347236766,0.18097121492945126,,,
sample,1779735932.6351519,124.03257179260254,0.0,0.0,0.0,0,1.6141455282418726,-0.5147670775476337,174.76445699233446,0.39194362347236766,0.18097121492945126,,,
sample,1779735932.6854162,124.08283615112305,0.0,0.0,0.0,0,1.6141455282418726,-0.5147670775476337,174.76445699233446,0.39194362347236766,0.18097121492945126,,,
sample,1779735932.7353356,124.1327555179596,0.0,0.0,0.0,0,1.6141455282418726,-0.5147670775476337,174.76445699233446,0.39194362347236766,0.18097121492945126,,,
sample,1779735932.7851136,124.18253350257874,0.0,0.0,0.0,0,1.6141455282418726,-0.5147670775476337,174.76445699233446,0.39194362347236766,0.18097121492945126,,,
sample,1779735932.8351805,124.23260045051575,0.0,0.0,0.0,0,1.6141455282418726,-0.5147670775476337,174.76445699233446,0.39194362347236766,0.18097121492945126,,,
sample,1779735932.8851361,124.28255605697632,0.0,0.0,0.0,0,1.6141455282418726,-0.5147670775476337,174.76445699233446,0.39194362347236766,0.18097121492945126,,,
sample,1779735932.9353943,124.33281421661377,0.0,0.0,0.0,0,1.6141455282418726,-0.5147670775476337,174.76445699233446,0.39194362347236766,0.18097121492945126,,,
sample,1779735932.985205,124.38262486457825,0.0,0.0,0.0,0,1.6141455282418726,-0.5147670775476337,174.76445699233446,0.39194362347236766,0.18097121492945126,,,
sample,1779735933.0351973,124.4326171875,0.0,0.0,0.0,0,1.6141455282418726,-0.5147670775476337,174.76445699233446,0.39194362347236766,0.18097121492945126,,,
sample,1779735933.0851045,124.48252439498901,0.0,0.0,0.0,0,1.6141455282418726,-0.5147670775476337,174.76445699233446,0.39194362347236766,0.18097121492945126,,,
sample,1779735933.135118,124.5325379371643,0.0,0.0,0.0,0,1.6141455282418726,-0.5147670775476337,174.76445699233446,0.39194362347236766,0.18097121492945126,,,
sample,1779735933.185573,124.5829930305481,0.0,0.0,0.0,0,1.6141455282418726,-0.5147670775476337,174.76445699233446,0.39194362347236766,0.18097121492945126,,,
sample,1779735933.2352538,124.63267374038696,0.0,0.0,0.0,0,1.6141455282418726,-0.5147670775476337,174.76445699233446,0.39194362347236766,0.18097121492945126,,,
sample,1779735933.2852018,124.682621717453,0.0,0.0,0.0,0,1.6141455282418726,-0.5147670775476337,174.76445699233446,0.39194362347236766,0.18097121492945126,,,
sample,1779735933.335181,124.7326009273529,0.0,0.0,0.0,0,1.6141455282418726,-0.5147670775476337,174.76445699233446,0.39194362347236766,0.18097121492945126,,,
sample,1779735933.385189,124.78260898590088,0.0,0.0,0.0,0,1.6141455282418726,-0.5147670775476337,174.76445699233446,0.39194362347236766,0.18097121492945126,,,
sample,1779735933.4354005,124.83282041549683,0.0,0.0,0.0,0,1.6141455282418726,-0.5147670775476337,174.76445699233446,0.39194362347236766,0.18097121492945126,,,
sample,1779735933.4852784,124.88269829750061,0.0,0.0,0.0,0,1.6141455282418726,-0.5147670775476337,174.76445699233446,0.39194362347236766,0.18097121492945126,,,
sample,1779735933.5351455,124.93256545066833,0.0,0.0,0.0,0,1.6141455282418726,-0.5147670775476337,174.76445699233446,0.39194362347236766,0.18097121492945126,,,
sample,1779735933.5851195,124.9825394153595,0.0,0.0,0.0,0,1.6141455282418726,-0.5147670775476337,174.76445699233446,0.39194362347236766,0.18097121492945126,,,
sample,1779735933.6351352,125.032555103302,0.0,0.0,0.0,0,1.6141455282418726,-0.5147670775476337,174.76445699233446,0.39194362347236766,0.18097121492945126,,,
sample,1779735933.6854987,125.08291864395142,0.0,0.0,0.0,0,1.6141455282418726,-0.5147670775476337,174.76445699233446,0.39194362347236766,0.18097121492945126,,,
sample,1779735933.7352052,125.13262510299683,0.0,0.0,0.0,0,1.6141455282418726,-0.5147670775476337,174.76445699233446,0.39194362347236766,0.18097121492945126,,,
sample,1779735933.7850668,125.18248677253723,0.0,0.0,0.0,0,1.6141455282418726,-0.5147670775476337,174.76445699233446,0.39194362347236766,0.18097121492945126,,,
sample,1779735933.8352168,125.23263669013977,0.0,0.0,0.0,0,1.6141455282418726,-0.5147670775476337,174.76445699233446,0.39194362347236766,0.18097121492945126,,,
sample,1779735933.8852897,125.28270959854126,0.0,0.0,0.0,0,1.6141455282418726,-0.5147670775476337,174.76445699233446,0.39194362347236766,0.18097121492945126,,,
sample,1779735933.9352555,125.33267545700073,0.0,0.0,0.0,0,1.6141455282418726,-0.5147670775476337,174.76445699233446,0.39194362347236766,0.18097121492945126,,,
sample,1779735933.9850469,125.3824667930603,0.0,0.0,0.0,0,1.6141455282418726,-0.5147670775476337,174.76445699233446,0.39194362347236766,0.18097121492945126,,,
sample,1779735934.03524,125.43265986442566,0.0,0.0,0.0,0,1.6141455282418726,-0.5147670775476337,174.76445699233446,0.39194362347236766,0.18097121492945126,,,
sample,1779735934.0850484,125.48246836662292,0.0,0.0,0.0,0,1.6141455282418726,-0.5147670775476337,174.76445699233446,0.39194362347236766,0.18097121492945126,,,
sample,1779735934.1352172,125.53263711929321,0.0,0.0,0.0,0,1.6141455282418726,-0.5147670775476337,174.76445699233446,0.39194362347236766,0.18097121492945126,,,
sample,1779735934.1851575,125.58257746696472,0.0,0.0,0.0,0,1.6141455282418726,-0.5147670775476337,174.76445699233446,0.39194362347236766,0.18097121492945126,,,
sample,1779735934.2351072,125.63252711296082,0.0,0.0,0.0,0,1.6141455282418726,-0.5147670775476337,174.76445699233446,0.39194362347236766,0.18097121492945126,,,
sample,1779735934.2851772,125.68259716033936,0.0,0.0,0.0,0,1.6141455282418726,-0.5147670775476337,174.76445699233446,0.39194362347236766,0.18097121492945126,,,
sample,1779735934.3351765,125.7325963973999,0.0,0.0,0.0,0,1.6141455282418726,-0.5147670775476337,174.76445699233446,0.39194362347236766,0.18097121492945126,,,
sample,1779735934.385123,125.78254294395447,0.0,0.0,0.0,0,1.6141455282418726,-0.5147670775476337,174.76445699233446,0.39194362347236766,0.18097121492945126,,,
sample,1779735934.4350471,125.8324670791626,0.0,0.0,0.0,0,1.6141455282418726,-0.5147670775476337,174.76445699233446,0.39194362347236766,0.18097121492945126,,,
sample,1779735934.485075,125.88249492645264,0.0,0.0,0.0,0,1.6141455282418726,-0.5147670775476337,174.76445699233446,0.39194362347236766,0.18097121492945126,,,
sample,1779735934.5351112,125.93253111839294,0.0,0.0,0.0,0,1.6141455282418726,-0.5147670775476337,174.76445699233446,0.39194362347236766,0.18097121492945126,,,
sample,1779735934.5850477,125.98246765136719,0.0,0.0,0.0,0,1.6141455282418726,-0.5147670775476337,174.76445699233446,0.39194362347236766,0.18097121492945126,,,
sample,1779735934.6351209,126.03254079818726,0.0,0.0,0.0,0,1.6141455282418726,-0.5147670775476337,174.76445699233446,0.39194362347236766,0.18097121492945126,,,
sample,1779735934.6850505,126.0824704170227,0.0,0.0,0.0,0,1.6141455282418726,-0.5147670775476337,174.76445699233446,0.39194362347236766,0.18097121492945126,,,
sample,1779735934.735165,126.13258504867554,0.0,0.0,0.0,0,1.6141455282418726,-0.5147670775476337,174.76445699233446,0.39194362347236766,0.18097121492945126,,,
sample,1779735934.7850637,126.1824836730957,0.0,0.0,0.0,0,1.6141455282418726,-0.5147670775476337,174.76445699233446,0.39194362347236766,0.18097121492945126,,,
sample,1779735934.8351424,126.23256230354309,0.0,0.0,0.0,0,1.6141455282418726,-0.5147670775476337,174.76445699233446,0.39194362347236766,0.18097121492945126,,,
sample,1779735934.885081,126.28250098228455,0.0,0.0,0.0,0,1.6141455282418726,-0.5147670775476337,174.76445699233446,0.39194362347236766,0.18097121492945126,,,
sample,1779735934.9351745,126.33259439468384,0.0,0.0,0.0,0,1.6141455282418726,-0.5147670775476337,174.76445699233446,0.39194362347236766,0.18097121492945126,,,
sample,1779735934.985126,126.38254594802856,0.0,0.0,0.0,0,1.6141455282418726,-0.5147670775476337,174.76445699233446,0.39194362347236766,0.18097121492945126,,,
sample,1779735935.0351648,126.43258476257324,0.0,0.0,0.0,0,1.6141455282418726,-0.5147670775476337,174.76445699233446,0.39194362347236766,0.18097121492945126,,,
sample,1779735935.0851264,126.48254632949829,0.0,0.0,0.0,0,1.6141455282418726,-0.5147670775476337,174.76445699233446,0.39194362347236766,0.18097121492945126,,,
sample,1779735935.1351395,126.53255939483643,0.0,0.0,0.0,0,1.6141455282418726,-0.5147670775476337,174.76445699233446,0.39194362347236766,0.18097121492945126,,,
sample,1779735935.1853569,126.58277678489685,0.0,0.0,0.0,0,1.6141455282418726,-0.5147670775476337,174.76445699233446,0.39194362347236766,0.18097121492945126,,,
sample,1779735935.2351053,126.63252520561218,0.0,0.0,0.0,0,1.6141455282418726,-0.5147670775476337,174.76445699233446,0.39194362347236766,0.18097121492945126,,,
sample,1779735935.2852123,126.68263220787048,0.0,0.0,0.0,0,1.6141455282418726,-0.5147670775476337,174.76445699233446,0.39194362347236766,0.18097121492945126,,,
sample,1779735935.3353689,126.73278880119324,0.0,0.0,0.0,0,1.6141455282418726,-0.5147670775476337,174.76445699233446,0.39194362347236766,0.18097121492945126,,,
sample,1779735935.3853695,126.78278946876526,0.0,0.0,0.0,0,1.6141455282418726,-0.5147670775476337,174.76445699233446,0.39194362347236766,0.18097121492945126,,,
sample,1779735935.4354084,126.83282828330994,0.0,0.0,0.0,0,1.6141455282418726,-0.5147670775476337,174.76445699233446,0.39194362347236766,0.18097121492945126,,,
sample,1779735935.4854586,126.88287854194641,0.0,0.0,0.0,0,1.6141455282418726,-0.5147670775476337,174.76445699233446,0.39194362347236766,0.18097121492945126,,,
sample,1779735935.5354524,126.93287229537964,0.0,0.0,0.0,0,1.6141455282418726,-0.5147670775476337,174.76445699233446,0.39194362347236766,0.18097121492945126,,,
sample,1779735935.585518,126.98293781280518,0.0,0.0,0.0,0,1.6141455282418726,-0.5147670775476337,174.76445699233446,0.39194362347236766,0.18097121492945126,,,
sample,1779735935.6354644,127.03288435935974,0.0,0.0,0.0,0,1.6141455282418726,-0.5147670775476337,174.76445699233446,0.39194362347236766,0.18097121492945126,,,
sample,1779735935.6854715,127.0828914642334,0.0,0.0,0.0,0,1.6141455282418726,-0.5147670775476337,174.76445699233446,0.39194362347236766,0.18097121492945126,,,
sample,1779735935.7355144,127.13293433189392,0.0,0.0,0.0,0,1.6141455282418726,-0.5147670775476337,174.76445699233446,0.39194362347236766,0.18097121492945126,,,
sample,1779735935.7855334,127.18295335769653,0.0,0.0,0.0,0,1.6141455282418726,-0.5147670775476337,174.76445699233446,0.39194362347236766,0.18097121492945126,,,
sample,1779735935.835472,127.23289203643799,0.0,0.0,0.0,0,1.6141455282418726,-0.5147670775476337,174.76445699233446,0.39194362347236766,0.18097121492945126,,,
sample,1779735935.8854218,127.28284168243408,0.0,0.0,0.0,0,1.6141455282418726,-0.5147670775476337,174.76445699233446,0.39194362347236766,0.18097121492945126,,,
sample,1779735935.9354491,127.33286905288696,0.0,0.0,0.0,0,1.6141455282418726,-0.5147670775476337,174.76445699233446,0.39194362347236766,0.18097121492945126,,,
sample,1779735935.98545,127.38286995887756,0.0,0.0,0.0,0,1.6141455282418726,-0.5147670775476337,174.76445699233446,0.39194362347236766,0.18097121492945126,,,
sample,1779735936.0354044,127.43282437324524,0.0,0.0,0.0,0,1.6141455282418726,-0.5147670775476337,174.76445699233446,0.39194362347236766,0.18097121492945126,,,
sample,1779735936.085383,127.4828028678894,0.0,0.0,0.0,0,1.6141455282418726,-0.5147670775476337,174.76445699233446,0.39194362347236766,0.18097121492945126,,,
sample,1779735936.1354668,127.53288674354553,0.0,0.0,0.0,0,1.6141455282418726,-0.5147670775476337,174.76445699233446,0.39194362347236766,0.18097121492945126,,,
sample,1779735936.1854055,127.58282542228699,0.0,0.0,0.0,0,1.6141455282418726,-0.5147670775476337,174.76445699233446,0.39194362347236766,0.18097121492945126,,,
sample,1779735936.2354484,127.63286828994751,0.0,0.0,0.0,0,1.6141455282418726,-0.5147670775476337,174.76445699233446,0.39194362347236766,0.18097121492945126,,,
sample,1779735936.2853491,127.68276906013489,0.0,0.0,0.0,0,1.6141455282418726,-0.5147670775476337,174.76445699233446,0.39194362347236766,0.18097121492945126,,,
sample,1779735936.3355424,127.73296236991882,0.0,0.0,0.0,0,1.6141455282418726,-0.5147670775476337,174.76445699233446,0.39194362347236766,0.18097121492945126,,,
sample,1779735936.3855174,127.7829372882843,0.0,0.0,0.0,0,1.6141455282418726,-0.5147670775476337,174.76445699233446,0.39194362347236766,0.18097121492945126,,,
sample,1779735936.4355645,127.83298444747925,0.0,0.0,0.0,0,1.6141455282418726,-0.5147670775476337,174.76445699233446,0.39194362347236766,0.18097121492945126,,,
sample,1779735936.48552,127.88293981552124,0.0,0.0,0.0,0,1.6141455282418726,-0.5147670775476337,174.76445699233446,0.39194362347236766,0.18097121492945126,,,
sample,1779735936.535782,127.93320202827454,0.0,0.0,0.0,0,1.6141455282418726,-0.5147670775476337,174.76445699233446,0.39194362347236766,0.18097121492945126,,,
sample,1779735936.5854626,127.98288249969482,0.0,0.0,0.0,0,1.6141455282418726,-0.5147670775476337,174.76445699233446,0.39194362347236766,0.18097121492945126,,,
sample,1779735936.6354523,128.0328722000122,0.0,0.0,0.0,0,1.6141455282418726,-0.5147670775476337,174.76445699233446,0.39194362347236766,0.18097121492945126,,,
sample,1779735936.685165,128.08258485794067,0.0,0.0,0.0,0,1.6141455282418726,-0.5147670775476337,174.76445699233446,0.39194362347236766,0.18097121492945126,,,
sample,1779735936.7350981,128.1325180530548,0.0,0.0,0.0,0,1.6141455282418726,-0.5147670775476337,174.76445699233446,0.39194362347236766,0.18097121492945126,,,
sample,1779735936.7851176,128.18253755569458,0.0,0.0,0.0,0,1.6141455282418726,-0.5147670775476337,174.76445699233446,0.39194362347236766,0.18097121492945126,,,
sample,1779735936.8351026,128.23252248764038,0.0,0.0,0.0,0,1.6141455282418726,-0.5147670775476337,174.76445699233446,0.39194362347236766,0.18097121492945126,,,
sample,1779735936.8850596,128.28247952461243,0.0,0.0,0.0,0,1.6141455282418726,-0.5147670775476337,174.76445699233446,0.39194362347236766,0.18097121492945126,,,
sample,1779735936.9350588,128.33247876167297,0.0,0.0,0.0,0,1.6141455282418726,-0.5147670775476337,174.76445699233446,0.39194362347236766,0.18097121492945126,,,
sample,1779735936.9850836,128.38250350952148,0.0,0.0,0.0,0,1.6141455282418726,-0.5147670775476337,174.76445699233446,0.39194362347236766,0.18097121492945126,,,
sample,1779735937.035215,128.43263483047485,0.0,0.0,0.0,0,1.6141455282418726,-0.5147670775476337,174.76445699233446,0.39194362347236766,0.18097121492945126,,,
sample,1779735937.0851197,128.48253965377808,0.0,0.0,0.0,0,1.6141455282418726,-0.5147670775476337,174.76445699233446,0.39194362347236766,0.18097121492945126,,,
sample,1779735937.1351562,128.53257608413696,0.0,0.0,0.0,0,1.6141455282418726,-0.5147670775476337,174.76445699233446,0.39194362347236766,0.18097121492945126,,,
sample,1779735937.185066,128.58248591423035,0.0,0.0,0.0,0,1.6141455282418726,-0.5147670775476337,174.76445699233446,0.39194362347236766,0.18097121492945126,,,
sample,1779735937.2351363,128.63255620002747,0.0,0.0,0.0,0,1.6141455282418726,-0.5147670775476337,174.76445699233446,0.39194362347236766,0.18097121492945126,,,
sample,1779735937.285018,128.68243789672852,0.0,0.0,0.0,0,1.6141455282418726,-0.5147670775476337,174.76445699233446,0.39194362347236766,0.18097121492945126,,,
sample,1779735937.3351743,128.7325942516327,0.0,0.0,0.0,0,1.6141455282418726,-0.5147670775476337,174.76445699233446,0.39194362347236766,0.18097121492945126,,,
sample,1779735937.3850992,128.78251910209656,0.0,0.0,0.0,0,1.6141455282418726,-0.5147670775476337,174.76445699233446,0.39194362347236766,0.18097121492945126,,,
sample,1779735937.435129,128.83254885673523,0.0,0.0,0.0,0,1.6141455282418726,-0.5147670775476337,174.76445699233446,0.39194362347236766,0.18097121492945126,,,
sample,1779735937.4853394,128.88275933265686,0.0,0.0,0.0,0,1.6141455282418726,-0.5147670775476337,174.76445699233446,0.39194362347236766,0.18097121492945126,,,
sample,1779735937.5350575,128.93247747421265,0.0,0.0,0.0,0,1.6141455282418726,-0.5147670775476337,174.76445699233446,0.39194362347236766,0.18097121492945126,,,
sample,1779735937.5852342,128.98265409469604,0.0,0.0,0.0,0,1.6141455282418726,-0.5147670775476337,174.76445699233446,0.39194362347236766,0.18097121492945126,,,
sample,1779735937.635088,129.03250789642334,0.0,0.0,0.0,0,1.6141455282418726,-0.5147670775476337,174.76445699233446,0.39194362347236766,0.18097121492945126,,,
sample,1779735937.6852338,129.08265376091003,0.0,0.0,0.0,0,1.6141455282418726,-0.5147670775476337,174.76445699233446,0.39194362347236766,0.18097121492945126,,,
sample,1779735937.7351656,129.1325855255127,0.0,0.0,0.0,0,1.6141455282418726,-0.5147670775476337,174.76445699233446,0.39194362347236766,0.18097121492945126,,,
sample,1779735937.7850838,129.18250370025635,0.0,0.0,0.0,0,1.6141455282418726,-0.5147670775476337,174.76445699233446,0.39194362347236766,0.18097121492945126,,,
sample,1779735937.8352747,129.2326946258545,0.0,0.0,0.0,0,1.6141455282418726,-0.5147670775476337,174.76445699233446,0.39194362347236766,0.18097121492945126,,,
sample,1779735937.8851602,129.2825801372528,0.0,0.0,0.0,0,1.6141455282418726,-0.5147670775476337,174.76445699233446,0.39194362347236766,0.18097121492945126,,,
sample,1779735937.9353414,129.3327612876892,0.0,0.0,0.0,0,1.6141455282418726,-0.5147670775476337,174.76445699233446,0.39194362347236766,0.18097121492945126,,,
sample,1779735937.9851348,129.382554769516,0.0,0.0,0.0,0,1.6141455282418726,-0.5147670775476337,174.76445699233446,0.39194362347236766,0.18097121492945126,,,
sample,1779735938.0353196,129.43273949623108,0.0,0.0,0.0,0,1.6141455282418726,-0.5147670775476337,174.76445699233446,0.39194362347236766,0.18097121492945126,,,
sample,1779735938.0851018,129.48252177238464,0.0,0.0,0.0,0,1.6141455282418726,-0.5147670775476337,174.76445699233446,0.39194362347236766,0.18097121492945126,,,
sample,1779735938.1350832,129.53250312805176,0.0,0.0,0.0,0,1.6141455282418726,-0.5147670775476337,174.76445699233446,0.39194362347236766,0.18097121492945126,,,
sample,1779735938.1851475,129.5825674533844,0.0,0.0,0.0,0,1.6141455282418726,-0.5147670775476337,174.76445699233446,0.39194362347236766,0.18097121492945126,,,
sample,1779735938.2351475,129.63256740570068,0.0,0.0,0.0,0,1.6141455282418726,-0.5147670775476337,174.76445699233446,0.39194362347236766,0.18097121492945126,,,
sample,1779735938.285126,129.68254590034485,0.0,0.0,0.0,0,1.6141455282418726,-0.5147670775476337,174.76445699233446,0.39194362347236766,0.18097121492945126,,,
sample,1779735938.3351476,129.73256754875183,0.0,0.0,0.0,0,1.6141455282418726,-0.5147670775476337,174.76445699233446,0.39194362347236766,0.18097121492945126,,,
sample,1779735938.3851619,129.78258180618286,0.0,0.0,0.0,0,1.6141455282418726,-0.5147670775476337,174.76445699233446,0.39194362347236766,0.18097121492945126,,,
sample,1779735938.4350364,129.83245635032654,0.0,0.0,0.0,0,1.6141455282418726,-0.5147670775476337,174.76445699233446,0.39194362347236766,0.18097121492945126,,,
