row_type,timestamp_s,elapsed_s,v_real,w_real,steering_angle_rad,brake,x,y,distance_m,heading_error_rad,kappa,path_index,path_x,path_y
planned_path,,,,,,,,,,,,0,0.01463681713169418,0.009878562810616387
planned_path,,,,,,,,,,,,1,0.06463681787675224,0.009878562810616387
planned_path,,,,,,,,,,,,2,0.1146368186218103,0.009878562810616387
planned_path,,,,,,,,,,,,3,0.16463681936686836,0.009878562810616387
planned_path,,,,,,,,,,,,4,0.21463682011192642,0.009878562810616387
planned_path,,,,,,,,,,,,5,0.2646368208569845,0.009878562810616387
planned_path,,,,,,,,,,,,6,0.31463682160204254,0.009878562810616387
planned_path,,,,,,,,,,,,7,0.3646368223471006,0.009878562810616387
planned_path,,,,,,,,,,,,8,0.41463682309215866,0.009878562810616387
planned_path,,,,,,,,,,,,9,0.4646368238372167,0.009878562810616387
planned_path,,,,,,,,,,,,10,0.5146368245822748,0.009878562810616387
planned_path,,,,,,,,,,,,11,0.5646368253273328,0.009878562810616387
planned_path,,,,,,,,,,,,12,0.6146368260723909,0.009878562810616387
planned_path,,,,,,,,,,,,13,0.664636826817449,0.009878562810616387
planned_path,,,,,,,,,,,,14,0.714636827562507,0.009878562810616387
planned_path,,,,,,,,,,,,15,0.7646368283075651,0.009878562810616387
planned_path,,,,,,,,,,,,16,0.8146368290526231,0.009878562810616387
planned_path,,,,,,,,,,,,17,0.8646368297976812,0.009878562810616387
planned_path,,,,,,,,,,,,18,0.9146368305427393,0.009878562810616387
planned_path,,,,,,,,,,,,19,0.9646368312877973,0.009878562810616387
planned_path,,,,,,,,,,,,20,1.0146368320328554,0.009878562810616387
planned_path,,,,,,,,,,,,21,1.0646368327779134,0.009878562810616387
planned_path,,,,,,,,,,,,22,1.1146368335229715,0.009878562810616387
planned_path,,,,,,,,,,,,23,1.1646368342680296,0.009878562810616387
planned_path,,,,,,,,,,,,24,1.2146368350130876,0.009878562810616387
planned_path,,,,,,,,,,,,25,1.2646368357581457,0.009878562810616387
planned_path,,,,,,,,,,,,26,1.3146368365032037,0.009878562810616387
planned_path,,,,,,,,,,,,27,1.3646368372482618,0.009878562810616387
planned_path,,,,,,,,,,,,28,1.4146368379933199,0.009878562810616387
planned_path,,,,,,,,,,,,29,1.464636838738378,0.009878562810616387
planned_path,,,,,,,,,,,,30,1.514636839483436,0.009878562810616387
planned_path,,,,,,,,,,,,31,1.564636840228494,0.009878562810616387
planned_path,,,,,,,,,,,,32,1.614636840973552,0.009878562810616387
planned_path,,,,,,,,,,,,33,1.6646368417186101,0.009878562810616387
planned_path,,,,,,,,,,,,34,1.7146368424636682,0.009878562810616387
planned_path,,,,,,,,,,,,35,1.7646368432087263,0.009878562810616387
planned_path,,,,,,,,,,,,36,1.8146368439537843,0.009878562810616387
planned_path,,,,,,,,,,,,37,1.8646368446988424,0.05987856355567445
planned_path,,,,,,,,,,,,38,1.9146368454439004,0.1098785643007325
planned_path,,,,,,,,,,,,39,1.9646368461889585,0.1098785643007325
planned_path,,,,,,,,,,,,40,2.0146368469340166,0.1098785643007325
planned_path,,,,,,,,,,,,41,2.0646368476790746,0.1098785643007325
planned_path,,,,,,,,,,,,42,2.1146368484241327,0.1098785643007325
planned_path,,,,,,,,,,,,43,2.1646368491691907,0.1098785643007325
planned_path,,,,,,,,,,,,44,2.214636849914249,0.1098785643007325
planned_path,,,,,,,,,,,,45,2.264636850659307,0.1098785643007325
planned_path,,,,,,,,,,,,46,2.314636851404365,0.1098785643007325
planned_path,,,,,,,,,,,,47,2.364636852149423,0.1098785643007325
planned_path,,,,,,,,,,,,48,2.414636852894481,0.1098785643007325
planned_path,,,,,,,,,,,,49,2.464636853639539,0.1098785643007325
planned_path,,,,,,,,,,,,50,2.514636854384597,0.1098785643007325
planned_path,,,,,,,,,,,,51,2.5646368551296552,0.1098785643007325
planned_path,,,,,,,,,,,,52,2.6146368558747133,0.1098785643007325
planned_path,,,,,,,,,,,,53,2.6646368566197713,0.1098785643007325
planned_path,,,,,,,,,,,,54,2.7146368573648294,0.1098785643007325
planned_path,,,,,,,,,,,,55,2.7646368581098875,0.1098785643007325
planned_path,,,,,,,,,,,,56,2.8146368588549455,0.1098785643007325
planned_path,,,,,,,,,,,,57,2.8646368596000036,0.1098785643007325
planned_path,,,,,,,,,,,,58,2.9146368603450616,0.1098785643007325
planned_path,,,,,,,,,,,,59,2.9646368610901197,0.1098785643007325
planned_path,,,,,,,,,,,,60,3.0146368618351778,0.1098785643007325
planned_path,,,,,,,,,,,,61,3.064636862580236,0.1098785643007325
planned_path,,,,,,,,,,,,62,3.114636863325294,0.1098785643007325
planned_path,,,,,,,,,,,,63,3.164636864070352,0.1098785643007325
planned_path,,,,,,,,,,,,64,3.21463686481541,0.1098785643007325
planned_path,,,,,,,,,,,,65,3.264636865560468,0.1098785643007325
planned_path,,,,,,,,,,,,66,3.314636866305526,0.1098785643007325
planned_path,,,,,,,,,,,,67,3.364636867050584,0.1098785643007325
planned_path,,,,,,,,,,,,68,3.4146368677956422,0.1098785643007325
planned_path,,,,,,,,,,,,69,3.4646368685407003,0.1098785643007325
planned_path,,,,,,,,,,,,70,3.5146368692857584,0.1098785643007325
planned_path,,,,,,,,,,,,71,3.5646368700308164,0.1098785643007325
planned_path,,,,,,,,,,,,72,3.6146368707758745,0.1098785643007325
planned_path,,,,,,,,,,,,73,3.6646368715209325,0.1098785643007325
planned_path,,,,,,,,,,,,74,3.7146368722659906,0.1098785643007325
planned_path,,,,,,,,,,,,75,3.7646368730110487,0.1098785643007325
planned_path,,,,,,,,,,,,76,3.8146368737561067,0.1098785643007325
planned_path,,,,,,,,,,,,77,3.8646368745011648,0.1098785643007325
planned_path,,,,,,,,,,,,78,3.914636875246223,0.1098785643007325
planned_path,,,,,,,,,,,,79,3.964636875991281,0.1098785643007325
planned_path,,,,,,,,,,,,80,4.014636876736339,0.1098785643007325
planned_path,,,,,,,,,,,,81,4.064636877481397,0.1098785643007325
planned_path,,,,,,,,,,,,82,4.114636878226455,0.1098785643007325
planned_path,,,,,,,,,,,,83,4.164636878971513,0.1098785643007325
planned_path,,,,,,,,,,,,84,4.214636879716571,0.1098785643007325
planned_path,,,,,,,,,,,,85,4.264636880461629,0.1098785643007325
planned_path,,,,,,,,,,,,86,4.314636881206687,0.1098785643007325
planned_path,,,,,,,,,,,,87,4.364636881951745,0.1098785643007325
planned_path,,,,,,,,,,,,88,4.414636882696803,0.1098785643007325
planned_path,,,,,,,,,,,,89,4.4646368834418615,0.1098785643007325
planned_path,,,,,,,,,,,,90,4.5146368841869196,0.1098785643007325
planned_path,,,,,,,,,,,,91,4.564636884931978,0.1098785643007325
planned_path,,,,,,,,,,,,92,4.614636885677036,0.1098785643007325
planned_path,,,,,,,,,,,,93,4.664636886422094,0.1098785643007325
planned_path,,,,,,,,,,,,94,4.714636887167152,0.1098785643007325
planned_path,,,,,,,,,,,,95,4.76463688791221,0.1098785643007325
planned_path,,,,,,,,,,,,96,4.814636888657268,0.1098785643007325
planned_path,,,,,,,,,,,,97,4.864636889402326,0.1098785643007325
planned_path,,,,,,,,,,,,98,4.914636890147384,0.1098785643007325
planned_path,,,,,,,,,,,,99,4.964636890892442,0.1098785643007325
planned_path,,,,,,,,,,,,100,5.0146368916375,0.1098785643007325
planned_path,,,,,,,,,,,,101,5.064636892382558,0.1098785643007325
planned_path,,,,,,,,,,,,102,5.114636893127616,0.1098785643007325
planned_path,,,,,,,,,,,,103,5.164636893872674,0.1098785643007325
planned_path,,,,,,,,,,,,104,5.214636894617732,0.1098785643007325
planned_path,,,,,,,,,,,,105,5.2646368953627904,0.1098785643007325
planned_path,,,,,,,,,,,,106,5.3146368961078485,0.1098785643007325
planned_path,,,,,,,,,,,,107,5.364636896852907,0.1098785643007325
planned_path,,,,,,,,,,,,108,5.414636897597965,0.1098785643007325
planned_path,,,,,,,,,,,,109,5.464636898343023,0.1098785643007325
planned_path,,,,,,,,,,,,110,5.514636899088081,0.1098785643007325
planned_path,,,,,,,,,,,,111,5.564636899833139,0.1098785643007325
planned_path,,,,,,,,,,,,112,5.614636900578197,0.1098785643007325
planned_path,,,,,,,,,,,,113,5.664636901323255,0.1098785643007325
planned_path,,,,,,,,,,,,114,5.714636902068313,0.1098785643007325
planned_path,,,,,,,,,,,,115,5.764636902813371,0.1098785643007325
planned_path,,,,,,,,,,,,116,5.814636903558429,0.1098785643007325
planned_path,,,,,,,,,,,,117,5.864636904303487,0.1098785643007325
planned_path,,,,,,,,,,,,118,5.914636905048545,0.1098785643007325
planned_path,,,,,,,,,,,,119,5.964636905793603,0.1098785643007325
planned_path,,,,,,,,,,,,120,6.014636906538661,0.1098785643007325
planned_path,,,,,,,,,,,,121,6.064636907283719,0.1098785643007325
planned_path,,,,,,,,,,,,122,6.1146369080287775,0.1098785643007325
planned_path,,,,,,,,,,,,123,6.1646369087738355,0.1098785643007325
planned_path,,,,,,,,,,,,124,6.214636909518894,0.1098785643007325
planned_path,,,,,,,,,,,,125,6.264636910263952,0.1098785643007325
planned_path,,,,,,,,,,,,126,6.31463691100901,0.1098785643007325
planned_path,,,,,,,,,,,,127,6.364636911754068,0.1098785643007325
planned_path,,,,,,,,,,,,128,6.414636912499126,0.1098785643007325
planned_path,,,,,,,,,,,,129,6.464636913244184,0.1098785643007325
planned_path,,,,,,,,,,,,130,6.514636913989242,0.1098785643007325
planned_path,,,,,,,,,,,,131,6.5646369147343,0.1098785643007325
planned_path,,,,,,,,,,,,132,6.614636915479358,0.1098785643007325
planned_path,,,,,,,,,,,,133,6.664636916224416,0.1098785643007325
planned_path,,,,,,,,,,,,134,6.714636916969474,0.1098785643007325
planned_path,,,,,,,,,,,,135,6.764636917714532,0.1098785643007325
planned_path,,,,,,,,,,,,136,6.81463691845959,0.1098785643007325
planned_path,,,,,,,,,,,,137,6.864636919204648,0.1098785643007325
planned_path,,,,,,,,,,,,138,6.914636919949706,0.1098785643007325
planned_path,,,,,,,,,,,,139,6.9646369206947645,0.1098785643007325
planned_path,,,,,,,,,,,,140,7.0146369214398225,0.1098785643007325
planned_path,,,,,,,,,,,,141,7.064636922184881,0.1098785643007325
planned_path,,,,,,,,,,,,142,7.114636922929939,0.1098785643007325
planned_path,,,,,,,,,,,,143,7.164636923674997,0.1098785643007325
planned_path,,,,,,,,,,,,144,7.214636924420055,0.1098785643007325
planned_path,,,,,,,,,,,,145,7.264636925165113,0.1098785643007325
planned_path,,,,,,,,,,,,146,7.314636925910171,0.1098785643007325
planned_path,,,,,,,,,,,,147,7.364636926655229,0.1098785643007325
planned_path,,,,,,,,,,,,148,7.414636927400287,0.1098785643007325
planned_path,,,,,,,,,,,,149,7.464636928145345,0.1098785643007325
planned_path,,,,,,,,,,,,150,7.514636928890403,0.1098785643007325
planned_path,,,,,,,,,,,,151,7.564636929635461,0.1098785643007325
planned_path,,,,,,,,,,,,152,7.614636930380519,0.1098785643007325
planned_path,,,,,,,,,,,,153,7.664636931125577,0.1098785643007325
planned_path,,,,,,,,,,,,154,7.714636931870635,0.1098785643007325
planned_path,,,,,,,,,,,,155,7.764636932615693,0.15987856504579057
planned_path,,,,,,,,,,,,156,7.8146369333607515,0.15987856504579057
planned_path,,,,,,,,,,,,157,7.8646369341058096,0.15987856504579057
planned_path,,,,,,,,,,,,158,7.914636934850868,0.15987856504579057
planned_path,,,,,,,,,,,,159,7.964636935595926,0.15987856504579057
planned_path,,,,,,,,,,,,160,8.014636936340985,0.15987856504579057
planned_path,,,,,,,,,,,,161,8.064636937086043,0.15987856504579057
planned_path,,,,,,,,,,,,162,8.1146369378311,0.15987856504579057
planned_path,,,,,,,,,,,,163,8.164636938576159,0.15987856504579057
planned_path,,,,,,,,,,,,164,8.214636939321217,0.15987856504579057
planned_path,,,,,,,,,,,,165,8.264636940066275,0.15987856504579057
planned_path,,,,,,,,,,,,166,8.314636940811333,0.15987856504579057
planned_path,,,,,,,,,,,,167,8.364636941556391,0.15987856504579057
planned_path,,,,,,,,,,,,168,8.414636942301449,0.15987856504579057
planned_path,,,,,,,,,,,,169,8.464636943046507,0.15987856504579057
planned_path,,,,,,,,,,,,170,8.514636943791565,0.15987856504579057
planned_path,,,,,,,,,,,,171,8.564636944536623,0.15987856504579057
planned_path,,,,,,,,,,,,172,8.614636945281681,0.15987856504579057
planned_path,,,,,,,,,,,,173,8.66463694602674,0.15987856504579057
planned_path,,,,,,,,,,,,174,8.714636946771797,0.15987856504579057
planned_path,,,,,,,,,,,,175,8.764636947516856,0.15987856504579057
planned_path,,,,,,,,,,,,176,8.814636948261914,0.15987856504579057
planned_path,,,,,,,,,,,,177,8.864636949006972,0.15987856504579057
planned_path,,,,,,,,,,,,178,8.91463694975203,0.15987856504579057
planned_path,,,,,,,,,,,,179,8.964636950497088,0.15987856504579057
planned_path,,,,,,,,,,,,180,9.014636951242146,0.15987856504579057
planned_path,,,,,,,,,,,,181,9.064636951987204,0.15987856504579057
planned_path,,,,,,,,,,,,182,9.114636952732262,0.15987856504579057
planned_path,,,,,,,,,,,,183,9.16463695347732,0.15987856504579057
planned_path,,,,,,,,,,,,184,9.214636954222378,0.15987856504579057
planned_path,,,,,,,,,,,,185,9.264636954967436,0.15987856504579057
planned_path,,,,,,,,,,,,186,9.314636955712494,0.15987856504579057
planned_path,,,,,,,,,,,,187,9.364636956457552,0.15987856504579057
planned_path,,,,,,,,,,,,188,9.41463695720261,0.15987856504579057
planned_path,,,,,,,,,,,,189,9.464636957947668,0.15987856504579057
planned_path,,,,,,,,,,,,190,9.514636958692726,0.15987856504579057
planned_path,,,,,,,,,,,,191,9.564636959437784,0.15987856504579057
planned_path,,,,,,,,,,,,192,9.614636960182843,0.15987856504579057
planned_path,,,,,,,,,,,,193,9.6646369609279,0.15987856504579057
planned_path,,,,,,,,,,,,194,9.714636961672959,0.15987856504579057
planned_path,,,,,,,,,,,,195,9.764636962418017,0.15987856504579057
planned_path,,,,,,,,,,,,196,9.814636963163075,0.15987856504579057
planned_path,,,,,,,,,,,,197,9.864636963908133,0.15987856504579057
planned_path,,,,,,,,,,,,198,9.91463696465319,0.15987856504579057
planned_path,,,,,,,,,,,,199,9.964636965398249,0.15987856504579057
planned_path,,,,,,,,,,,,200,10.014636966143307,0.15987856504579057
planned_path,,,,,,,,,,,,201,10.064636966888365,0.15987856504579057
planned_path,,,,,,,,,,,,202,10.114636967633423,0.15987856504579057
planned_path,,,,,,,,,,,,203,10.164636968378481,0.15987856504579057
planned_path,,,,,,,,,,,,204,10.21463696912354,0.15987856504579057
planned_path,,,,,,,,,,,,205,10.264636969868597,0.15987856504579057
planned_path,,,,,,,,,,,,206,10.314636970613655,0.15987856504579057
planned_path,,,,,,,,,,,,207,10.364636971358713,0.15987856504579057
planned_path,,,,,,,,,,,,208,10.414636972103771,0.15987856504579057
planned_path,,,,,,,,,,,,209,10.46463697284883,0.15987856504579057
planned_path,,,,,,,,,,,,210,10.514636973593888,0.15987856504579057
planned_path,,,,,,,,,,,,211,10.564636974338946,0.15987856504579057
planned_path,,,,,,,,,,,,212,10.614636975084004,0.15987856504579057
planned_path,,,,,,,,,,,,213,10.664636975829062,0.15987856504579057
planned_path,,,,,,,,,,,,214,10.71463697657412,0.15987856504579057
planned_path,,,,,,,,,,,,215,10.764636977319178,0.15987856504579057
planned_path,,,,,,,,,,,,216,10.814636978064236,0.15987856504579057
planned_path,,,,,,,,,,,,217,10.864636978809294,0.15987856504579057
planned_path,,,,,,,,,,,,218,10.914636979554352,0.15987856504579057
planned_path,,,,,,,,,,,,219,10.96463698029941,0.15987856504579057
planned_path,,,,,,,,,,,,220,11.014636981044468,0.15987856504579057
planned_path,,,,,,,,,,,,221,11.064636981789526,0.20987856579084863
planned_path,,,,,,,,,,,,222,11.114636982534584,0.20987856579084863
planned_path,,,,,,,,,,,,223,11.164636983279642,0.20987856579084863
planned_path,,,,,,,,,,,,224,11.2146369840247,0.20987856579084863
planned_path,,,,,,,,,,,,225,11.264636984769758,0.20987856579084863
planned_path,,,,,,,,,,,,226,11.314636985514817,0.20987856579084863
planned_path,,,,,,,,,,,,227,11.364636986259875,0.2598785665359067
planned_path,,,,,,,,,,,,228,11.414636987004933,0.2598785665359067
planned_path,,,,,,,,,,,,229,11.46463698774999,0.2598785665359067
planned_path,,,,,,,,,,,,230,11.514636988495049,0.2598785665359067
planned_path,,,,,,,,,,,,231,11.564636989240107,0.2598785665359067
planned_path,,,,,,,,,,,,232,11.614636989985165,0.2598785665359067
planned_path,,,,,,,,,,,,233,11.664636990730223,0.30987856728096475
planned_path,,,,,,,,,,,,234,11.714636991475281,0.30987856728096475
planned_path,,,,,,,,,,,,235,11.764636992220339,0.30987856728096475
planned_path,,,,,,,,,,,,236,11.814636992965397,0.30987856728096475
planned_path,,,,,,,,,,,,237,11.864636993710455,0.30987856728096475
planned_path,,,,,,,,,,,,238,11.914636994455513,0.30987856728096475
planned_path,,,,,,,,,,,,239,11.964636995200571,0.3598785680260228
planned_path,,,,,,,,,,,,240,12.01463699594563,0.3598785680260228
planned_path,,,,,,,,,,,,241,12.064636996690687,0.3598785680260228
planned_path,,,,,,,,,,,,242,12.114636997435746,0.3598785680260228
planned_path,,,,,,,,,,,,243,12.164636998180804,0.3598785680260228
planned_path,,,,,,,,,,,,244,12.214636998925862,0.3598785680260228
planned_path,,,,,,,,,,,,245,12.26463699967092,0.40987856877108086
planned_path,,,,,,,,,,,,246,12.314637000415978,0.40987856877108086
planned_path,,,,,,,,,,,,247,12.364637001161036,0.40987856877108086
planned_path,,,,,,,,,,,,248,12.414637001906094,0.40987856877108086
planned_path,,,,,,,,,,,,249,12.464637002651152,0.40987856877108086
planned_path,,,,,,,,,,,,250,12.51463700339621,0.40987856877108086
planned_path,,,,,,,,,,,,251,12.564637004141268,0.4598785695161389
planned_path,,,,,,,,,,,,252,12.614637004886326,0.4598785695161389
planned_path,,,,,,,,,,,,253,12.664637005631384,0.4598785695161389
planned_path,,,,,,,,,,,,254,12.714637006376442,0.4598785695161389
planned_path,,,,,,,,,,,,255,12.7646370071215,0.4598785695161389
planned_path,,,,,,,,,,,,256,12.814637007866558,0.4598785695161389
planned_path,,,,,,,,,,,,257,12.864637008611616,0.509878570261197
planned_path,,,,,,,,,,,,258,12.914637009356674,0.509878570261197
planned_path,,,,,,,,,,,,259,12.964637010101733,0.509878570261197
planned_path,,,,,,,,,,,,260,13.01463701084679,0.509878570261197
planned_path,,,,,,,,,,,,261,13.064637011591849,0.509878570261197
planned_path,,,,,,,,,,,,262,13.114637012336907,0.509878570261197
planned_path,,,,,,,,,,,,263,13.164637013081965,0.559878571006255
planned_path,,,,,,,,,,,,264,13.214637013827023,0.559878571006255
planned_path,,,,,,,,,,,,265,13.26463701457208,0.559878571006255
planned_path,,,,,,,,,,,,266,13.314637015317139,0.559878571006255
planned_path,,,,,,,,,,,,267,13.364637016062197,0.559878571006255
planned_path,,,,,,,,,,,,268,13.414637016807255,0.559878571006255
planned_path,,,,,,,,,,,,269,13.464637017552313,0.6098785717513131
planned_path,,,,,,,,,,,,270,13.514637018297371,0.6098785717513131
planned_path,,,,,,,,,,,,271,13.56463701904243,0.6098785717513131
planned_path,,,,,,,,,,,,272,13.614637019787487,0.6098785717513131
planned_path,,,,,,,,,,,,273,13.664637020532545,0.6098785717513131
planned_path,,,,,,,,,,,,274,13.714637021277603,0.6098785717513131
planned_path,,,,,,,,,,,,275,13.764637022022661,0.6598785724963712
planned_path,,,,,,,,,,,,276,13.81463702276772,0.6598785724963712
planned_path,,,,,,,,,,,,277,13.864637023512778,0.6598785724963712
planned_path,,,,,,,,,,,,278,13.914637024257836,0.6598785724963712
planned_path,,,,,,,,,,,,279,13.964637025002894,0.6598785724963712
planned_path,,,,,,,,,,,,280,14.014637025747952,0.6598785724963712
planned_path,,,,,,,,,,,,281,14.06463702649301,0.7098785732414292
planned_path,,,,,,,,,,,,282,14.114637027238068,0.7098785732414292
planned_path,,,,,,,,,,,,283,14.164637027983126,0.7098785732414292
planned_path,,,,,,,,,,,,284,14.164637027983126,0.7098785732414292
planned_path,,,,,,,,,,,,285,14.214637028728184,0.7598785739864873
planned_path,,,,,,,,,,,,286,14.264637029473242,0.8098785747315453
planned_path,,,,,,,,,,,,287,14.3146370302183,0.8598785754766034
planned_path,,,,,,,,,,,,288,14.364637030963358,0.9098785762216615
planned_path,,,,,,,,,,,,289,14.414637031708416,0.9598785769667195
planned_path,,,,,,,,,,,,290,14.464637032453474,1.0098785777117776
planned_path,,,,,,,,,,,,291,14.514637033198532,1.0598785784568356
planned_path,,,,,,,,,,,,292,14.56463703394359,1.1098785792018937
planned_path,,,,,,,,,,,,293,14.614637034688648,1.1598785799469518
planned_path,,,,,,,,,,,,294,14.664637035433707,1.2098785806920098
planned_path,,,,,,,,,,,,295,14.714637036178765,1.2598785814370679
planned_path,,,,,,,,,,,,296,14.764637036923823,1.309878582182126
planned_path,,,,,,,,,,,,297,14.81463703766888,1.359878582927184
planned_path,,,,,,,,,,,,298,14.864637038413939,1.409878583672242
planned_path,,,,,,,,,,,,299,14.914637039158997,1.4598785844173001
planned_path,,,,,,,,,,,,300,14.964637039904055,1.5098785851623582
planned_path,,,,,,,,,,,,301,15.014637040649113,1.5598785859074162
planned_path,,,,,,,,,,,,302,15.064637041394171,1.6098785866524743
planned_path,,,,,,,,,,,,303,15.064637041394171,1.6598785873975324
planned_path,,,,,,,,,,,,304,15.114637042139229,1.7098785881425904
planned_path,,,,,,,,,,,,305,15.114637042139229,1.7598785888876485
planned_path,,,,,,,,,,,,306,15.114637042139229,1.8098785896327065
planned_path,,,,,,,,,,,,307,15.114637042139229,1.8098785896327065
planned_path,,,,,,,,,,,,308,15.114637042139229,1.8598785903777646
planned_path,,,,,,,,,,,,309,15.114637042139229,1.9098785911228227
planned_path,,,,,,,,,,,,310,15.114637042139229,1.9598785918678807
planned_path,,,,,,,,,,,,311,15.114637042139229,2.0098785926129388
planned_path,,,,,,,,,,,,312,15.114637042139229,2.059878593357997
planned_path,,,,,,,,,,,,313,15.114637042139229,2.109878594103055
planned_path,,,,,,,,,,,,314,15.114637042139229,2.159878594848113
planned_path,,,,,,,,,,,,315,15.114637042139229,2.209878595593171
planned_path,,,,,,,,,,,,316,15.114637042139229,2.259878596338229
planned_path,,,,,,,,,,,,317,15.164637042884287,2.309878597083287
planned_path,,,,,,,,,,,,318,15.164637042884287,2.359878597828345
planned_path,,,,,,,,,,,,319,15.164637042884287,2.4098785985734033
planned_path,,,,,,,,,,,,320,15.214637043629345,2.4598785993184613
planned_path,,,,,,,,,,,,321,15.214637043629345,2.5098786000635194
planned_path,,,,,,,,,,,,322,15.214637043629345,2.5598786008085774
planned_path,,,,,,,,,,,,323,15.214637043629345,2.6098786015536355
planned_path,,,,,,,,,,,,324,15.214637043629345,2.6598786022986936
planned_path,,,,,,,,,,,,325,15.214637043629345,2.7098786030437516
planned_path,,,,,,,,,,,,326,15.214637043629345,2.7598786037888097
planned_path,,,,,,,,,,,,327,15.214637043629345,2.8098786045338677
planned_path,,,,,,,,,,,,328,15.214637043629345,2.859878605278926
planned_path,,,,,,,,,,,,329,15.214637043629345,2.909878606023984
planned_path,,,,,,,,,,,,330,15.214637043629345,2.959878606769042
planned_path,,,,,,,,,,,,331,15.214637043629345,3.0098786075141
planned_path,,,,,,,,,,,,332,15.214637043629345,3.059878608259158
planned_path,,,,,,,,,,,,333,15.214637043629345,3.109878609004216
planned_path,,,,,,,,,,,,334,15.214637043629345,3.159878609749274
planned_path,,,,,,,,,,,,335,15.214637043629345,3.209878610494332
planned_path,,,,,,,,,,,,336,15.264637044374403,3.2598786112393903
planned_path,,,,,,,,,,,,337,15.264637044374403,3.3098786119844483
planned_path,,,,,,,,,,,,338,15.264637044374403,3.3598786127295064
planned_path,,,,,,,,,,,,339,15.264637044374403,3.3598786127295064
planned_path,,,,,,,,,,,,340,15.264637044374403,3.4098786134745644
planned_path,,,,,,,,,,,,341,15.264637044374403,3.4598786142196225
planned_path,,,,,,,,,,,,342,15.264637044374403,3.5098786149646806
planned_path,,,,,,,,,,,,343,15.264637044374403,3.5598786157097386
planned_path,,,,,,,,,,,,344,15.264637044374403,3.6098786164547967
planned_path,,,,,,,,,,,,345,15.264637044374403,3.6598786171998547
planned_path,,,,,,,,,,,,346,15.264637044374403,3.709878617944913
planned_path,,,,,,,,,,,,347,15.264637044374403,3.759878618689971
planned_path,,,,,,,,,,,,348,15.264637044374403,3.809878619435029
planned_path,,,,,,,,,,,,349,15.264637044374403,3.859878620180087
planned_path,,,,,,,,,,,,350,15.264637044374403,3.909878620925145
planned_path,,,,,,,,,,,,351,15.264637044374403,3.959878621670203
planned_path,,,,,,,,,,,,352,15.264637044374403,4.009878622415261
planned_path,,,,,,,,,,,,353,15.264637044374403,4.059878623160319
planned_path,,,,,,,,,,,,354,15.264637044374403,4.109878623905377
planned_path,,,,,,,,,,,,355,15.264637044374403,4.159878624650435
planned_path,,,,,,,,,,,,356,15.264637044374403,4.209878625395493
planned_path,,,,,,,,,,,,357,15.264637044374403,4.2598786261405515
planned_path,,,,,,,,,,,,358,15.264637044374403,4.3098786268856095
planned_path,,,,,,,,,,,,359,15.264637044374403,4.359878627630668
planned_path,,,,,,,,,,,,360,15.264637044374403,4.409878628375726
planned_path,,,,,,,,,,,,361,15.264637044374403,4.459878629120784
planned_path,,,,,,,,,,,,362,15.264637044374403,4.509878629865842
planned_path,,,,,,,,,,,,363,15.264637044374403,4.5598786306109
planned_path,,,,,,,,,,,,364,15.264637044374403,4.609878631355958
planned_path,,,,,,,,,,,,365,15.264637044374403,4.659878632101016
planned_path,,,,,,,,,,,,366,15.264637044374403,4.709878632846074
planned_path,,,,,,,,,,,,367,15.264637044374403,4.759878633591132
planned_path,,,,,,,,,,,,368,15.264637044374403,4.80987863433619
planned_path,,,,,,,,,,,,369,15.264637044374403,4.859878635081248
planned_path,,,,,,,,,,,,370,15.264637044374403,4.909878635826306
planned_path,,,,,,,,,,,,371,15.264637044374403,4.959878636571364
planned_path,,,,,,,,,,,,372,15.264637044374403,5.009878637316422
planned_path,,,,,,,,,,,,373,15.264637044374403,5.05987863806148
planned_path,,,,,,,,,,,,374,15.264637044374403,5.1098786388065385
planned_path,,,,,,,,,,,,375,15.264637044374403,5.1598786395515965
planned_path,,,,,,,,,,,,376,15.264637044374403,5.209878640296655
planned_path,,,,,,,,,,,,377,15.264637044374403,5.259878641041713
planned_path,,,,,,,,,,,,378,15.264637044374403,5.309878641786771
planned_path,,,,,,,,,,,,379,15.264637044374403,5.359878642531829
planned_path,,,,,,,,,,,,380,15.264637044374403,5.409878643276887
planned_path,,,,,,,,,,,,381,15.264637044374403,5.459878644021945
planned_path,,,,,,,,,,,,382,15.264637044374403,5.509878644767003
planned_path,,,,,,,,,,,,383,15.264637044374403,5.559878645512061
planned_path,,,,,,,,,,,,384,15.264637044374403,5.609878646257119
planned_path,,,,,,,,,,,,385,15.264637044374403,5.659878647002177
planned_path,,,,,,,,,,,,386,15.264637044374403,5.709878647747235
planned_path,,,,,,,,,,,,387,15.264637044374403,5.759878648492293
planned_path,,,,,,,,,,,,388,15.264637044374403,5.809878649237351
planned_path,,,,,,,,,,,,389,15.264637044374403,5.859878649982409
planned_path,,,,,,,,,,,,390,15.264637044374403,5.909878650727467
planned_path,,,,,,,,,,,,391,15.264637044374403,5.9598786514725255
planned_path,,,,,,,,,,,,392,15.264637044374403,6.0098786522175836
planned_path,,,,,,,,,,,,393,15.264637044374403,6.059878652962642
planned_path,,,,,,,,,,,,394,15.264637044374403,6.1098786537077
planned_path,,,,,,,,,,,,395,15.264637044374403,6.159878654452758
planned_path,,,,,,,,,,,,396,15.264637044374403,6.209878655197816
planned_path,,,,,,,,,,,,397,15.264637044374403,6.259878655942874
planned_path,,,,,,,,,,,,398,15.264637044374403,6.309878656687932
planned_path,,,,,,,,,,,,399,15.264637044374403,6.35987865743299
planned_path,,,,,,,,,,,,400,15.264637044374403,6.409878658178048
planned_path,,,,,,,,,,,,401,15.264637044374403,6.459878658923106
planned_path,,,,,,,,,,,,402,15.264637044374403,6.509878659668164
planned_path,,,,,,,,,,,,403,15.264637044374403,6.559878660413222
planned_path,,,,,,,,,,,,404,15.264637044374403,6.60987866115828
planned_path,,,,,,,,,,,,405,15.264637044374403,6.659878661903338
planned_path,,,,,,,,,,,,406,15.264637044374403,6.709878662648396
planned_path,,,,,,,,,,,,407,15.264637044374403,6.7598786633934544
planned_path,,,,,,,,,,,,408,15.264637044374403,6.8098786641385125
planned_path,,,,,,,,,,,,409,15.264637044374403,6.859878664883571
planned_path,,,,,,,,,,,,410,15.264637044374403,6.909878665628629
planned_path,,,,,,,,,,,,411,15.264637044374403,6.959878666373687
planned_path,,,,,,,,,,,,412,15.264637044374403,7.009878667118745
planned_path,,,,,,,,,,,,413,15.264637044374403,7.059878667863803
planned_path,,,,,,,,,,,,414,15.264637044374403,7.109878668608861
planned_path,,,,,,,,,,,,415,15.264637044374403,7.159878669353919
planned_path,,,,,,,,,,,,416,15.264637044374403,7.209878670098977
planned_path,,,,,,,,,,,,417,15.264637044374403,7.259878670844035
planned_path,,,,,,,,,,,,418,15.264637044374403,7.309878671589093
planned_path,,,,,,,,,,,,419,15.264637044374403,7.359878672334151
planned_path,,,,,,,,,,,,420,15.264637044374403,7.409878673079209
planned_path,,,,,,,,,,,,421,15.264637044374403,7.459878673824267
planned_path,,,,,,,,,,,,422,15.264637044374403,7.509878674569325
planned_path,,,,,,,,,,,,423,15.264637044374403,7.559878675314383
planned_path,,,,,,,,,,,,424,15.264637044374403,7.6098786760594415
planned_path,,,,,,,,,,,,425,15.264637044374403,7.6598786768044995
planned_path,,,,,,,,,,,,426,15.264637044374403,7.709878677549558
planned_path,,,,,,,,,,,,427,15.264637044374403,7.759878678294616
planned_path,,,,,,,,,,,,428,15.264637044374403,7.809878679039674
planned_path,,,,,,,,,,,,429,15.264637044374403,7.859878679784732
planned_path,,,,,,,,,,,,430,15.264637044374403,7.90987868052979
planned_path,,,,,,,,,,,,431,15.264637044374403,7.959878681274848
planned_path,,,,,,,,,,,,432,15.264637044374403,8.009878682019906
planned_path,,,,,,,,,,,,433,15.264637044374403,8.059878682764964
planned_path,,,,,,,,,,,,434,15.264637044374403,8.109878683510022
planned_path,,,,,,,,,,,,435,15.264637044374403,8.15987868425508
planned_path,,,,,,,,,,,,436,15.264637044374403,8.209878685000138
planned_path,,,,,,,,,,,,437,15.264637044374403,8.259878685745196
planned_path,,,,,,,,,,,,438,15.264637044374403,8.309878686490254
planned_path,,,,,,,,,,,,439,15.264637044374403,8.359878687235312
planned_path,,,,,,,,,,,,440,15.264637044374403,8.40987868798037
planned_path,,,,,,,,,,,,441,15.264637044374403,8.459878688725428
planned_path,,,,,,,,,,,,442,15.264637044374403,8.509878689470487
planned_path,,,,,,,,,,,,443,15.264637044374403,8.559878690215545
planned_path,,,,,,,,,,,,444,15.264637044374403,8.609878690960603
planned_path,,,,,,,,,,,,445,15.264637044374403,8.65987869170566
planned_path,,,,,,,,,,,,446,15.264637044374403,8.709878692450719
planned_path,,,,,,,,,,,,447,15.264637044374403,8.759878693195777
planned_path,,,,,,,,,,,,448,15.264637044374403,8.809878693940835
planned_path,,,,,,,,,,,,449,15.264637044374403,8.859878694685893
planned_path,,,,,,,,,,,,450,15.264637044374403,8.909878695430951
planned_path,,,,,,,,,,,,451,15.264637044374403,8.959878696176009
planned_path,,,,,,,,,,,,452,15.264637044374403,9.009878696921067
planned_path,,,,,,,,,,,,453,15.264637044374403,9.059878697666125
planned_path,,,,,,,,,,,,454,15.264637044374403,9.109878698411183
planned_path,,,,,,,,,,,,455,15.264637044374403,9.159878699156241
planned_path,,,,,,,,,,,,456,15.264637044374403,9.2098786999013
planned_path,,,,,,,,,,,,457,15.264637044374403,9.259878700646357
planned_path,,,,,,,,,,,,458,15.264637044374403,9.309878701391415
planned_path,,,,,,,,,,,,459,15.314637045119461,9.359878702136474
planned_path,,,,,,,,,,,,460,15.314637045119461,9.409878702881532
planned_path,,,,,,,,,,,,461,15.314637045119461,9.45987870362659
planned_path,,,,,,,,,,,,462,15.314637045119461,9.509878704371648
planned_path,,,,,,,,,,,,463,15.314637045119461,9.559878705116706
planned_path,,,,,,,,,,,,464,15.314637045119461,9.609878705861764
planned_path,,,,,,,,,,,,465,15.36463704586452,9.659878706606822
planned_path,,,,,,,,,,,,466,15.36463704586452,9.70987870735188
planned_path,,,,,,,,,,,,467,15.36463704586452,9.759878708096938
planned_path,,,,,,,,,,,,468,15.464637047354636,12.00987874162455
planned_path,,,,,,,,,,,,469,15.414637046609577,12.00987874162455
planned_path,,,,,,,,,,,,470,15.36463704586452,12.059878742369609
planned_path,,,,,,,,,,,,471,15.314637045119461,12.109878743114667
planned_path,,,,,,,,,,,,472,15.264637044374403,12.159878743859725
planned_path,,,,,,,,,,,,473,15.264637044374403,12.209878744604783
planned_path,,,,,,,,,,,,474,15.264637044374403,12.259878745349841
planned_path,,,,,,,,,,,,475,15.264637044374403,12.309878746094899
planned_path,,,,,,,,,,,,476,15.264637044374403,12.359878746839957
planned_path,,,,,,,,,,,,477,15.214637043629345,12.409878747585015
planned_path,,,,,,,,,,,,478,15.214637043629345,12.459878748330073
planned_path,,,,,,,,,,,,479,15.214637043629345,12.509878749075131
planned_path,,,,,,,,,,,,480,15.214637043629345,12.55987874982019
planned_path,,,,,,,,,,,,481,15.214637043629345,12.609878750565247
planned_path,,,,,,,,,,,,482,15.214637043629345,12.659878751310305
planned_path,,,,,,,,,,,,483,15.164637042884287,12.709878752055364
planned_path,,,,,,,,,,,,484,15.164637042884287,12.759878752800422
planned_path,,,,,,,,,,,,485,15.164637042884287,12.80987875354548
planned_path,,,,,,,,,,,,486,15.164637042884287,12.80987875354548
planned_path,,,,,,,,,,,,487,15.114637042139229,12.859878754290538
planned_path,,,,,,,,,,,,488,15.064637041394171,12.909878755035596
planned_path,,,,,,,,,,,,489,15.014637040649113,12.959878755780654
planned_path,,,,,,,,,,,,490,14.964637039904055,13.009878756525712
planned_path,,,,,,,,,,,,491,14.914637039158997,13.05987875727077
planned_path,,,,,,,,,,,,492,14.864637038413939,13.109878758015828
planned_path,,,,,,,,,,,,493,14.81463703766888,13.159878758760886
planned_path,,,,,,,,,,,,494,14.764637036923823,13.209878759505944
planned_path,,,,,,,,,,,,495,14.714637036178765,13.259878760251002
planned_path,,,,,,,,,,,,496,14.664637035433707,13.259878760251002
planned_path,,,,,,,,,,,,497,14.664637035433707,13.259878760251002
planned_path,,,,,,,,,,,,498,14.614637034688648,13.259878760251002
planned_path,,,,,,,,,,,,499,14.56463703394359,13.259878760251002
planned_path,,,,,,,,,,,,500,14.514637033198532,13.259878760251002
planned_path,,,,,,,,,,,,501,14.464637032453474,13.259878760251002
planned_path,,,,,,,,,,,,502,14.414637031708416,13.259878760251002
planned_path,,,,,,,,,,,,503,14.364637030963358,13.259878760251002
planned_path,,,,,,,,,,,,504,14.3146370302183,13.259878760251002
planned_path,,,,,,,,,,,,505,14.264637029473242,13.259878760251002
planned_path,,,,,,,,,,,,506,14.214637028728184,13.259878760251002
planned_path,,,,,,,,,,,,507,14.164637027983126,13.259878760251002
planned_path,,,,,,,,,,,,508,14.114637027238068,13.259878760251002
planned_path,,,,,,,,,,,,509,14.06463702649301,13.30987876099606
planned_path,,,,,,,,,,,,510,14.014637025747952,13.359878761741118
planned_path,,,,,,,,,,,,511,13.964637025002894,13.409878762486176
planned_path,,,,,,,,,,,,512,13.914637024257836,13.409878762486176
planned_path,,,,,,,,,,,,513,13.864637023512778,13.409878762486176
planned_path,,,,,,,,,,,,514,13.81463702276772,13.409878762486176
planned_path,,,,,,,,,,,,515,13.764637022022661,13.409878762486176
planned_path,,,,,,,,,,,,516,13.714637021277603,13.409878762486176
planned_path,,,,,,,,,,,,517,13.664637020532545,13.409878762486176
planned_path,,,,,,,,,,,,518,13.614637019787487,13.409878762486176
planned_path,,,,,,,,,,,,519,13.56463701904243,13.409878762486176
planned_path,,,,,,,,,,,,520,13.514637018297371,13.409878762486176
planned_path,,,,,,,,,,,,521,13.464637017552313,13.409878762486176
planned_path,,,,,,,,,,,,522,13.414637016807255,13.409878762486176
planned_path,,,,,,,,,,,,523,13.364637016062197,13.409878762486176
planned_path,,,,,,,,,,,,524,13.314637015317139,13.409878762486176
planned_path,,,,,,,,,,,,525,13.26463701457208,13.409878762486176
planned_path,,,,,,,,,,,,526,13.214637013827023,13.409878762486176
planned_path,,,,,,,,,,,,527,13.214637013827023,13.409878762486176
planned_path,,,,,,,,,,,,528,13.164637013081965,13.409878762486176
planned_path,,,,,,,,,,,,529,13.114637012336907,13.409878762486176
planned_path,,,,,,,,,,,,530,13.064637011591849,13.409878762486176
planned_path,,,,,,,,,,,,531,13.01463701084679,13.409878762486176
planned_path,,,,,,,,,,,,532,12.964637010101733,13.409878762486176
planned_path,,,,,,,,,,,,533,12.914637009356674,13.409878762486176
planned_path,,,,,,,,,,,,534,12.864637008611616,13.409878762486176
planned_path,,,,,,,,,,,,535,12.814637007866558,13.409878762486176
planned_path,,,,,,,,,,,,536,12.7646370071215,13.409878762486176
planned_path,,,,,,,,,,,,537,12.714637006376442,13.409878762486176
planned_path,,,,,,,,,,,,538,12.664637005631384,13.409878762486176
planned_path,,,,,,,,,,,,539,12.614637004886326,13.409878762486176
planned_path,,,,,,,,,,,,540,12.564637004141268,13.409878762486176
planned_path,,,,,,,,,,,,541,12.51463700339621,13.409878762486176
planned_path,,,,,,,,,,,,542,12.464637002651152,13.409878762486176
planned_path,,,,,,,,,,,,543,12.414637001906094,13.409878762486176
planned_path,,,,,,,,,,,,544,12.364637001161036,13.409878762486176
planned_path,,,,,,,,,,,,545,12.314637000415978,13.409878762486176
planned_path,,,,,,,,,,,,546,12.26463699967092,13.409878762486176
planned_path,,,,,,,,,,,,547,12.214636998925862,13.409878762486176
planned_path,,,,,,,,,,,,548,12.164636998180804,13.409878762486176
planned_path,,,,,,,,,,,,549,12.114636997435746,13.409878762486176
planned_path,,,,,,,,,,,,550,12.064636996690687,13.409878762486176
planned_path,,,,,,,,,,,,551,12.01463699594563,13.409878762486176
planned_path,,,,,,,,,,,,552,11.964636995200571,13.409878762486176
planned_path,,,,,,,,,,,,553,11.914636994455513,13.409878762486176
planned_path,,,,,,,,,,,,554,11.864636993710455,13.409878762486176
planned_path,,,,,,,,,,,,555,11.814636992965397,13.409878762486176
planned_path,,,,,,,,,,,,556,11.764636992220339,13.409878762486176
planned_path,,,,,,,,,,,,557,11.714636991475281,13.409878762486176
planned_path,,,,,,,,,,,,558,11.664636990730223,13.409878762486176
planned_path,,,,,,,,,,,,559,11.614636989985165,13.409878762486176
planned_path,,,,,,,,,,,,560,11.564636989240107,13.409878762486176
planned_path,,,,,,,,,,,,561,11.514636988495049,13.409878762486176
planned_path,,,,,,,,,,,,562,11.46463698774999,13.409878762486176
planned_path,,,,,,,,,,,,563,11.414636987004933,13.409878762486176
planned_path,,,,,,,,,,,,564,11.364636986259875,13.409878762486176
planned_path,,,,,,,,,,,,565,11.314636985514817,13.409878762486176
planned_path,,,,,,,,,,,,566,11.264636984769758,13.409878762486176
planned_path,,,,,,,,,,,,567,11.2146369840247,13.409878762486176
planned_path,,,,,,,,,,,,568,11.164636983279642,13.409878762486176
planned_path,,,,,,,,,,,,569,11.114636982534584,13.409878762486176
planned_path,,,,,,,,,,,,570,11.064636981789526,13.409878762486176
planned_path,,,,,,,,,,,,571,11.014636981044468,13.409878762486176
planned_path,,,,,,,,,,,,572,10.96463698029941,13.409878762486176
planned_path,,,,,,,,,,,,573,10.914636979554352,13.409878762486176
planned_path,,,,,,,,,,,,574,10.864636978809294,13.409878762486176
planned_path,,,,,,,,,,,,575,10.814636978064236,13.409878762486176
planned_path,,,,,,,,,,,,576,10.764636977319178,13.409878762486176
planned_path,,,,,,,,,,,,577,10.71463697657412,13.409878762486176
planned_path,,,,,,,,,,,,578,10.664636975829062,13.409878762486176
planned_path,,,,,,,,,,,,579,10.614636975084004,13.409878762486176
planned_path,,,,,,,,,,,,580,10.564636974338946,13.409878762486176
planned_path,,,,,,,,,,,,581,10.514636973593888,13.409878762486176
planned_path,,,,,,,,,,,,582,10.46463697284883,13.409878762486176
planned_path,,,,,,,,,,,,583,10.414636972103771,13.409878762486176
planned_path,,,,,,,,,,,,584,10.364636971358713,13.409878762486176
planned_path,,,,,,,,,,,,585,10.314636970613655,13.409878762486176
planned_path,,,,,,,,,,,,586,10.264636969868597,13.409878762486176
planned_path,,,,,,,,,,,,587,10.21463696912354,13.409878762486176
planned_path,,,,,,,,,,,,588,10.164636968378481,13.409878762486176
planned_path,,,,,,,,,,,,589,10.114636967633423,13.409878762486176
planned_path,,,,,,,,,,,,590,10.064636966888365,13.409878762486176
planned_path,,,,,,,,,,,,591,10.014636966143307,13.409878762486176
planned_path,,,,,,,,,,,,592,9.964636965398249,13.409878762486176
planned_path,,,,,,,,,,,,593,9.91463696465319,13.409878762486176
planned_path,,,,,,,,,,,,594,9.864636963908133,13.409878762486176
planned_path,,,,,,,,,,,,595,9.814636963163075,13.409878762486176
planned_path,,,,,,,,,,,,596,9.764636962418017,13.409878762486176
planned_path,,,,,,,,,,,,597,9.714636961672959,13.409878762486176
planned_path,,,,,,,,,,,,598,9.6646369609279,13.409878762486176
planned_path,,,,,,,,,,,,599,9.614636960182843,13.409878762486176
planned_path,,,,,,,,,,,,600,9.564636959437784,13.409878762486176
planned_path,,,,,,,,,,,,601,9.514636958692726,13.409878762486176
planned_path,,,,,,,,,,,,602,9.464636957947668,13.409878762486176
planned_path,,,,,,,,,,,,603,9.41463695720261,13.409878762486176
planned_path,,,,,,,,,,,,604,9.364636956457552,13.409878762486176
planned_path,,,,,,,,,,,,605,9.314636955712494,13.409878762486176
planned_path,,,,,,,,,,,,606,9.264636954967436,13.409878762486176
planned_path,,,,,,,,,,,,607,9.214636954222378,13.409878762486176
planned_path,,,,,,,,,,,,608,9.16463695347732,13.409878762486176
planned_path,,,,,,,,,,,,609,9.114636952732262,13.409878762486176
planned_path,,,,,,,,,,,,610,9.064636951987204,13.409878762486176
planned_path,,,,,,,,,,,,611,9.014636951242146,13.409878762486176
planned_path,,,,,,,,,,,,612,8.964636950497088,13.409878762486176
planned_path,,,,,,,,,,,,613,8.91463694975203,13.409878762486176
planned_path,,,,,,,,,,,,614,8.864636949006972,13.409878762486176
planned_path,,,,,,,,,,,,615,8.814636948261914,13.409878762486176
planned_path,,,,,,,,,,,,616,8.764636947516856,13.409878762486176
planned_path,,,,,,,,,,,,617,8.714636946771797,13.409878762486176
planned_path,,,,,,,,,,,,618,8.66463694602674,13.409878762486176
planned_path,,,,,,,,,,,,619,8.614636945281681,13.409878762486176
planned_path,,,,,,,,,,,,620,8.564636944536623,13.409878762486176
planned_path,,,,,,,,,,,,621,8.514636943791565,13.409878762486176
planned_path,,,,,,,,,,,,622,8.464636943046507,13.409878762486176
planned_path,,,,,,,,,,,,623,8.414636942301449,13.409878762486176
planned_path,,,,,,,,,,,,624,8.364636941556391,13.409878762486176
planned_path,,,,,,,,,,,,625,8.314636940811333,13.409878762486176
planned_path,,,,,,,,,,,,626,8.264636940066275,13.409878762486176
planned_path,,,,,,,,,,,,627,8.214636939321217,13.409878762486176
planned_path,,,,,,,,,,,,628,8.164636938576159,13.409878762486176
planned_path,,,,,,,,,,,,629,8.1146369378311,13.409878762486176
planned_path,,,,,,,,,,,,630,8.064636937086043,13.409878762486176
planned_path,,,,,,,,,,,,631,8.014636936340985,13.409878762486176
planned_path,,,,,,,,,,,,632,7.964636935595926,13.409878762486176
planned_path,,,,,,,,,,,,633,7.914636934850868,13.409878762486176
planned_path,,,,,,,,,,,,634,7.8646369341058096,13.409878762486176
planned_path,,,,,,,,,,,,635,7.8146369333607515,13.409878762486176
planned_path,,,,,,,,,,,,636,7.764636932615693,13.409878762486176
planned_path,,,,,,,,,,,,637,7.714636931870635,13.409878762486176
planned_path,,,,,,,,,,,,638,7.664636931125577,13.409878762486176
planned_path,,,,,,,,,,,,639,7.614636930380519,13.409878762486176
planned_path,,,,,,,,,,,,640,7.564636929635461,13.409878762486176
planned_path,,,,,,,,,,,,641,7.514636928890403,13.409878762486176
planned_path,,,,,,,,,,,,642,7.464636928145345,13.409878762486176
planned_path,,,,,,,,,,,,643,7.414636927400287,13.409878762486176
planned_path,,,,,,,,,,,,644,7.364636926655229,13.409878762486176
planned_path,,,,,,,,,,,,645,7.314636925910171,13.409878762486176
planned_path,,,,,,,,,,,,646,7.264636925165113,13.409878762486176
planned_path,,,,,,,,,,,,647,7.214636924420055,13.409878762486176
planned_path,,,,,,,,,,,,648,7.164636923674997,13.409878762486176
planned_path,,,,,,,,,,,,649,7.114636922929939,13.409878762486176
planned_path,,,,,,,,,,,,650,7.064636922184881,13.409878762486176
planned_path,,,,,,,,,,,,651,7.0146369214398225,13.409878762486176
planned_path,,,,,,,,,,,,652,6.9646369206947645,13.409878762486176
planned_path,,,,,,,,,,,,653,6.914636919949706,13.409878762486176
planned_path,,,,,,,,,,,,654,6.864636919204648,13.409878762486176
planned_path,,,,,,,,,,,,655,6.81463691845959,13.409878762486176
planned_path,,,,,,,,,,,,656,6.764636917714532,13.409878762486176
planned_path,,,,,,,,,,,,657,6.714636916969474,13.409878762486176
planned_path,,,,,,,,,,,,658,6.664636916224416,13.409878762486176
planned_path,,,,,,,,,,,,659,6.614636915479358,13.409878762486176
planned_path,,,,,,,,,,,,660,6.5646369147343,13.409878762486176
planned_path,,,,,,,,,,,,661,6.514636913989242,13.409878762486176
planned_path,,,,,,,,,,,,662,6.464636913244184,13.409878762486176
planned_path,,,,,,,,,,,,663,6.414636912499126,13.409878762486176
planned_path,,,,,,,,,,,,664,6.364636911754068,13.409878762486176
planned_path,,,,,,,,,,,,665,6.31463691100901,13.409878762486176
planned_path,,,,,,,,,,,,666,6.264636910263952,13.409878762486176
planned_path,,,,,,,,,,,,667,6.214636909518894,13.409878762486176
planned_path,,,,,,,,,,,,668,6.1646369087738355,13.409878762486176
planned_path,,,,,,,,,,,,669,6.1146369080287775,13.409878762486176
planned_path,,,,,,,,,,,,670,6.064636907283719,13.409878762486176
planned_path,,,,,,,,,,,,671,6.014636906538661,13.409878762486176
planned_path,,,,,,,,,,,,672,5.964636905793603,13.409878762486176
planned_path,,,,,,,,,,,,673,5.914636905048545,13.409878762486176
planned_path,,,,,,,,,,,,674,5.864636904303487,13.409878762486176
planned_path,,,,,,,,,,,,675,5.814636903558429,13.409878762486176
planned_path,,,,,,,,,,,,676,5.764636902813371,13.409878762486176
planned_path,,,,,,,,,,,,677,5.714636902068313,13.409878762486176
planned_path,,,,,,,,,,,,678,5.664636901323255,13.409878762486176
planned_path,,,,,,,,,,,,679,5.614636900578197,13.409878762486176
planned_path,,,,,,,,,,,,680,5.564636899833139,13.409878762486176
planned_path,,,,,,,,,,,,681,5.514636899088081,13.409878762486176
planned_path,,,,,,,,,,,,682,5.464636898343023,13.409878762486176
planned_path,,,,,,,,,,,,683,5.414636897597965,13.409878762486176
planned_path,,,,,,,,,,,,684,5.364636896852907,13.409878762486176
planned_path,,,,,,,,,,,,685,5.3146368961078485,13.409878762486176
planned_path,,,,,,,,,,,,686,5.2646368953627904,13.409878762486176
planned_path,,,,,,,,,,,,687,5.214636894617732,13.409878762486176
planned_path,,,,,,,,,,,,688,5.164636893872674,13.409878762486176
planned_path,,,,,,,,,,,,689,5.114636893127616,13.409878762486176
planned_path,,,,,,,,,,,,690,5.064636892382558,13.409878762486176
planned_path,,,,,,,,,,,,691,5.0146368916375,13.409878762486176
planned_path,,,,,,,,,,,,692,4.964636890892442,13.409878762486176
planned_path,,,,,,,,,,,,693,4.914636890147384,13.409878762486176
planned_path,,,,,,,,,,,,694,4.864636889402326,13.409878762486176
planned_path,,,,,,,,,,,,695,4.814636888657268,13.409878762486176
planned_path,,,,,,,,,,,,696,4.76463688791221,13.409878762486176
planned_path,,,,,,,,,,,,697,4.714636887167152,13.409878762486176
planned_path,,,,,,,,,,,,698,4.664636886422094,13.409878762486176
planned_path,,,,,,,,,,,,699,4.614636885677036,13.409878762486176
planned_path,,,,,,,,,,,,700,4.564636884931978,13.409878762486176
planned_path,,,,,,,,,,,,701,4.5146368841869196,13.409878762486176
planned_path,,,,,,,,,,,,702,4.4646368834418615,13.409878762486176
planned_path,,,,,,,,,,,,703,4.414636882696803,13.409878762486176
planned_path,,,,,,,,,,,,704,4.364636881951745,13.409878762486176
planned_path,,,,,,,,,,,,705,4.314636881206687,13.409878762486176
planned_path,,,,,,,,,,,,706,4.264636880461629,13.409878762486176
planned_path,,,,,,,,,,,,707,4.214636879716571,13.409878762486176
planned_path,,,,,,,,,,,,708,4.164636878971513,13.409878762486176
planned_path,,,,,,,,,,,,709,4.114636878226455,13.409878762486176
planned_path,,,,,,,,,,,,710,4.064636877481397,13.409878762486176
planned_path,,,,,,,,,,,,711,4.014636876736339,13.409878762486176
planned_path,,,,,,,,,,,,712,3.964636875991281,13.409878762486176
planned_path,,,,,,,,,,,,713,3.914636875246223,13.409878762486176
planned_path,,,,,,,,,,,,714,3.8646368745011648,13.409878762486176
planned_path,,,,,,,,,,,,715,3.8146368737561067,13.409878762486176
planned_path,,,,,,,,,,,,716,3.7646368730110487,13.409878762486176
planned_path,,,,,,,,,,,,717,3.7146368722659906,13.409878762486176
planned_path,,,,,,,,,,,,718,3.6646368715209325,13.409878762486176
planned_path,,,,,,,,,,,,719,3.6146368707758745,13.409878762486176
planned_path,,,,,,,,,,,,720,3.5646368700308164,13.409878762486176
planned_path,,,,,,,,,,,,721,3.5146368692857584,13.409878762486176
planned_path,,,,,,,,,,,,722,3.4646368685407003,13.409878762486176
planned_path,,,,,,,,,,,,723,3.4146368677956422,13.409878762486176
planned_path,,,,,,,,,,,,724,3.364636867050584,13.409878762486176
planned_path,,,,,,,,,,,,725,3.314636866305526,13.409878762486176
planned_path,,,,,,,,,,,,726,3.264636865560468,13.409878762486176
planned_path,,,,,,,,,,,,727,3.21463686481541,13.409878762486176
planned_path,,,,,,,,,,,,728,3.164636864070352,13.409878762486176
planned_path,,,,,,,,,,,,729,3.114636863325294,13.409878762486176
planned_path,,,,,,,,,,,,730,3.064636862580236,13.409878762486176
planned_path,,,,,,,,,,,,731,3.0146368618351778,13.409878762486176
planned_path,,,,,,,,,,,,732,2.9646368610901197,13.409878762486176
planned_path,,,,,,,,,,,,733,2.9146368603450616,13.409878762486176
planned_path,,,,,,,,,,,,734,2.8646368596000036,13.409878762486176
planned_path,,,,,,,,,,,,735,2.8146368588549455,13.409878762486176
planned_path,,,,,,,,,,,,736,2.7646368581098875,13.409878762486176
planned_path,,,,,,,,,,,,737,2.7146368573648294,13.409878762486176
planned_path,,,,,,,,,,,,738,2.6646368566197713,13.409878762486176
planned_path,,,,,,,,,,,,739,2.6146368558747133,13.409878762486176
planned_path,,,,,,,,,,,,740,2.5646368551296552,13.409878762486176
planned_path,,,,,,,,,,,,741,2.514636854384597,13.409878762486176
planned_path,,,,,,,,,,,,742,2.464636853639539,13.409878762486176
planned_path,,,,,,,,,,,,743,2.414636852894481,13.409878762486176
planned_path,,,,,,,,,,,,744,2.364636852149423,13.409878762486176
planned_path,,,,,,,,,,,,745,2.314636851404365,13.409878762486176
planned_path,,,,,,,,,,,,746,2.264636850659307,13.409878762486176
planned_path,,,,,,,,,,,,747,2.214636849914249,13.409878762486176
planned_path,,,,,,,,,,,,748,2.1646368491691907,13.409878762486176
planned_path,,,,,,,,,,,,749,2.1146368484241327,13.409878762486176
planned_path,,,,,,,,,,,,750,2.0646368476790746,13.409878762486176
planned_path,,,,,,,,,,,,751,2.0146368469340166,13.409878762486176
planned_path,,,,,,,,,,,,752,1.9646368461889585,13.409878762486176
planned_path,,,,,,,,,,,,753,1.9146368454439004,13.409878762486176
planned_path,,,,,,,,,,,,754,1.8646368446988424,13.409878762486176
planned_path,,,,,,,,,,,,755,1.8146368439537843,13.409878762486176
planned_path,,,,,,,,,,,,756,1.7646368432087263,13.409878762486176
planned_path,,,,,,,,,,,,757,1.7146368424636682,13.409878762486176
planned_path,,,,,,,,,,,,758,1.6646368417186101,13.409878762486176
planned_path,,,,,,,,,,,,759,1.614636840973552,13.409878762486176
planned_path,,,,,,,,,,,,760,1.564636840228494,13.409878762486176
planned_path,,,,,,,,,,,,761,1.514636839483436,13.409878762486176
planned_path,,,,,,,,,,,,762,1.464636838738378,13.409878762486176
planned_path,,,,,,,,,,,,763,1.4146368379933199,13.409878762486176
planned_path,,,,,,,,,,,,764,1.3646368372482618,13.409878762486176
planned_path,,,,,,,,,,,,765,1.3146368365032037,13.409878762486176
planned_path,,,,,,,,,,,,766,1.2646368357581457,13.409878762486176
planned_path,,,,,,,,,,,,767,1.2146368350130876,13.409878762486176
planned_path,,,,,,,,,,,,768,1.1646368342680296,13.409878762486176
planned_path,,,,,,,,,,,,769,1.1146368335229715,13.409878762486176
planned_path,,,,,,,,,,,,770,1.0646368327779134,13.409878762486176
planned_path,,,,,,,,,,,,771,1.0146368320328554,13.409878762486176
planned_path,,,,,,,,,,,,772,0.9646368312877973,13.409878762486176
planned_path,,,,,,,,,,,,773,0.9146368305427393,13.409878762486176
planned_path,,,,,,,,,,,,774,0.8646368297976812,13.409878762486176
planned_path,,,,,,,,,,,,775,0.8146368290526231,13.409878762486176
planned_path,,,,,,,,,,,,776,0.7646368283075651,13.409878762486176
planned_path,,,,,,,,,,,,777,0.714636827562507,13.409878762486176
planned_path,,,,,,,,,,,,778,0.664636826817449,13.409878762486176
planned_path,,,,,,,,,,,,779,0.6146368260723909,13.409878762486176
planned_path,,,,,,,,,,,,780,0.5646368253273328,13.409878762486176
planned_path,,,,,,,,,,,,781,0.5146368245822748,13.459878763231234
planned_path,,,,,,,,,,,,782,0.4646368238372167,13.459878763231234
planned_path,,,,,,,,,,,,783,0.41463682309215866,13.459878763231234
planned_path,,,,,,,,,,,,784,0.3646368223471006,13.459878763231234
planned_path,,,,,,,,,,,,785,0.31463682160204254,13.459878763231234
planned_path,,,,,,,,,,,,786,0.2646368208569845,13.459878763231234
planned_path,,,,,,,,,,,,787,0.21463682011192642,13.509878763976293
planned_path,,,,,,,,,,,,788,0.16463681936686836,13.509878763976293
planned_path,,,,,,,,,,,,789,0.1146368186218103,13.509878763976293
planned_path,,,,,,,,,,,,790,0.06463681787675224,13.509878763976293
planned_path,,,,,,,,,,,,791,0.01463681713169418,13.509878763976293
planned_path,,,,,,,,,,,,792,-0.03536318361336388,13.509878763976293
planned_path,,,,,,,,,,,,793,-0.08536318435842194,13.55987876472135
planned_path,,,,,,,,,,,,794,-0.13536318510348,13.55987876472135
planned_path,,,,,,,,,,,,795,-0.18536318584853806,13.55987876472135
planned_path,,,,,,,,,,,,796,-0.18536318584853806,13.55987876472135
planned_path,,,,,,,,,,,,797,-0.23536318659359612,13.55987876472135
planned_path,,,,,,,,,,,,798,-0.2853631873386542,13.55987876472135
planned_path,,,,,,,,,,,,799,-0.33536318808371224,13.55987876472135
planned_path,,,,,,,,,,,,800,-0.3853631888287703,13.55987876472135
planned_path,,,,,,,,,,,,801,-0.43536318957382836,13.55987876472135
planned_path,,,,,,,,,,,,802,-0.4853631903188864,13.55987876472135
planned_path,,,,,,,,,,,,803,-0.5353631910639445,13.55987876472135
planned_path,,,,,,,,,,,,804,-0.5853631918090025,13.55987876472135
planned_path,,,,,,,,,,,,805,-0.6353631925540606,13.55987876472135
planned_path,,,,,,,,,,,,806,-0.6853631932991187,13.509878763976293
planned_path,,,,,,,,,,,,807,-0.7353631940441767,13.509878763976293
planned_path,,,,,,,,,,,,808,-0.7853631947892348,13.459878763231234
planned_path,,,,,,,,,,,,809,-0.8353631955342928,13.459878763231234
planned_path,,,,,,,,,,,,810,-0.8353631955342928,13.459878763231234
planned_path,,,,,,,,,,,,811,-0.8853631962793509,13.409878762486176
planned_path,,,,,,,,,,,,812,-0.935363197024409,13.359878761741118
planned_path,,,,,,,,,,,,813,-0.985363197769467,13.30987876099606
planned_path,,,,,,,,,,,,814,-1.035363198514525,13.30987876099606
planned_path,,,,,,,,,,,,815,-1.0853631992595831,13.30987876099606
planned_path,,,,,,,,,,,,816,-1.1353632000046412,13.30987876099606
planned_path,,,,,,,,,,,,817,-1.1853632007496993,13.259878760251002
planned_path,,,,,,,,,,,,818,-1.2353632014947573,13.209878759505944
planned_path,,,,,,,,,,,,819,-1.2853632022398154,13.159878758760886
planned_path,,,,,,,,,,,,820,-1.3353632029848734,13.109878758015828
planned_path,,,,,,,,,,,,821,-1.3853632037299315,13.109878758015828
planned_path,,,,,,,,,,,,822,-1.3853632037299315,13.109878758015828
planned_path,,,,,,,,,,,,823,-1.3853632037299315,13.05987875727077
planned_path,,,,,,,,,,,,824,-1.3853632037299315,13.009878756525712
planned_path,,,,,,,,,,,,825,-1.3853632037299315,12.959878755780654
planned_path,,,,,,,,,,,,826,-1.3853632037299315,12.909878755035596
planned_path,,,,,,,,,,,,827,-1.3853632037299315,12.859878754290538
planned_path,,,,,,,,,,,,828,-1.3853632037299315,12.80987875354548
planned_path,,,,,,,,,,,,829,-1.3853632037299315,12.759878752800422
planned_path,,,,,,,,,,,,830,-1.3853632037299315,12.709878752055364
planned_path,,,,,,,,,,,,831,-1.3853632037299315,12.659878751310305
planned_path,,,,,,,,,,,,832,-1.3853632037299315,12.609878750565247
planned_path,,,,,,,,,,,,833,-1.3853632037299315,12.55987874982019
planned_path,,,,,,,,,,,,834,-1.3853632037299315,12.509878749075131
planned_path,,,,,,,,,,,,835,-1.3853632037299315,12.459878748330073
planned_path,,,,,,,,,,,,836,-1.3853632037299315,12.409878747585015
planned_path,,,,,,,,,,,,837,-1.3853632037299315,12.359878746839957
planned_path,,,,,,,,,,,,838,-1.3853632037299315,12.309878746094899
planned_path,,,,,,,,,,,,839,-1.3853632037299315,12.259878745349841
planned_path,,,,,,,,,,,,840,-1.3853632037299315,12.209878744604783
planned_path,,,,,,,,,,,,841,-1.3853632037299315,12.159878743859725
planned_path,,,,,,,,,,,,842,-1.3853632037299315,12.109878743114667
planned_path,,,,,,,,,,,,843,-1.3853632037299315,12.059878742369609
planned_path,,,,,,,,,,,,844,-1.3853632037299315,12.00987874162455
planned_path,,,,,,,,,,,,845,-1.3853632037299315,11.959878740879493
planned_path,,,,,,,,,,,,846,-1.4353632044749896,11.909878740134435
planned_path,,,,,,,,,,,,847,-1.4353632044749896,11.859878739389377
planned_path,,,,,,,,,,,,848,-1.4353632044749896,11.809878738644318
planned_path,,,,,,,,,,,,849,-1.4353632044749896,11.75987873789926
planned_path,,,,,,,,,,,,850,-1.4353632044749896,11.709878737154202
planned_path,,,,,,,,,,,,851,-1.4353632044749896,11.659878736409144
planned_path,,,,,,,,,,,,852,-1.4853632052200476,11.609878735664086
planned_path,,,,,,,,,,,,853,-1.4853632052200476,11.559878734919028
planned_path,,,,,,,,,,,,854,-1.4853632052200476,11.50987873417397
planned_path,,,,,,,,,,,,855,-1.4853632052200476,11.50987873417397
planned_path,,,,,,,,,,,,856,-1.4853632052200476,11.459878733428912
planned_path,,,,,,,,,,,,857,-1.4853632052200476,11.409878732683854
planned_path,,,,,,,,,,,,858,-1.5353632059651057,11.359878731938796
planned_path,,,,,,,,,,,,859,-1.5353632059651057,11.309878731193738
planned_path,,,,,,,,,,,,860,-1.5353632059651057,11.25987873044868
planned_path,,,,,,,,,,,,861,-1.5353632059651057,11.209878729703622
planned_path,,,,,,,,,,,,862,-1.5353632059651057,11.159878728958564
planned_path,,,,,,,,,,,,863,-1.5353632059651057,11.109878728213506
planned_path,,,,,,,,,,,,864,-1.5353632059651057,11.059878727468448
planned_path,,,,,,,,,,,,865,-1.5353632059651057,11.00987872672339
planned_path,,,,,,,,,,,,866,-1.5353632059651057,10.959878725978331
planned_path,,,,,,,,,,,,867,-1.5353632059651057,10.909878725233273
planned_path,,,,,,,,,,,,868,-1.5353632059651057,10.859878724488215
planned_path,,,,,,,,,,,,869,-1.5353632059651057,10.809878723743157
planned_path,,,,,,,,,,,,870,-1.5353632059651057,10.7598787229981
planned_path,,,,,,,,,,,,871,-1.5353632059651057,10.709878722253041
planned_path,,,,,,,,,,,,872,-1.5353632059651057,10.659878721507983
planned_path,,,,,,,,,,,,873,-1.5353632059651057,10.609878720762925
planned_path,,,,,,,,,,,,874,-1.5353632059651057,10.559878720017867
planned_path,,,,,,,,,,,,875,-1.5353632059651057,10.509878719272809
planned_path,,,,,,,,,,,,876,-1.5353632059651057,10.45987871852775
planned_path,,,,,,,,,,,,877,-1.5353632059651057,10.409878717782693
planned_path,,,,,,,,,,,,878,-1.5353632059651057,10.359878717037635
planned_path,,,,,,,,,,,,879,-1.5353632059651057,10.309878716292577
planned_path,,,,,,,,,,,,880,-1.5353632059651057,10.259878715547519
planned_path,,,,,,,,,,,,881,-1.5353632059651057,10.20987871480246
planned_path,,,,,,,,,,,,882,-1.5353632059651057,10.159878714057403
planned_path,,,,,,,,,,,,883,-1.5353632059651057,10.109878713312344
planned_path,,,,,,,,,,,,884,-1.5353632059651057,10.059878712567286
planned_path,,,,,,,,,,,,885,-1.5353632059651057,10.009878711822228
planned_path,,,,,,,,,,,,886,-1.5353632059651057,9.95987871107717
planned_path,,,,,,,,,,,,887,-1.5353632059651057,9.909878710332112
planned_path,,,,,,,,,,,,888,-1.5353632059651057,9.859878709587054
planned_path,,,,,,,,,,,,889,-1.5353632059651057,9.809878708841996
planned_path,,,,,,,,,,,,890,-1.5353632059651057,9.759878708096938
planned_path,,,,,,,,,,,,891,-1.5353632059651057,9.70987870735188
planned_path,,,,,,,,,,,,892,-1.5353632059651057,9.659878706606822
planned_path,,,,,,,,,,,,893,-1.5353632059651057,9.609878705861764
planned_path,,,,,,,,,,,,894,-1.5353632059651057,9.559878705116706
planned_path,,,,,,,,,,,,895,-1.5353632059651057,9.509878704371648
planned_path,,,,,,,,,,,,896,-1.5353632059651057,9.45987870362659
planned_path,,,,,,,,,,,,897,-1.5353632059651057,9.409878702881532
planned_path,,,,,,,,,,,,898,-1.5353632059651057,9.359878702136474
planned_path,,,,,,,,,,,,899,-1.5353632059651057,9.309878701391415
planned_path,,,,,,,,,,,,900,-1.5353632059651057,9.259878700646357
planned_path,,,,,,,,,,,,901,-1.5353632059651057,9.2098786999013
planned_path,,,,,,,,,,,,902,-1.5353632059651057,9.159878699156241
planned_path,,,,,,,,,,,,903,-1.5353632059651057,9.109878698411183
planned_path,,,,,,,,,,,,904,-1.5353632059651057,9.059878697666125
planned_path,,,,,,,,,,,,905,-1.5353632059651057,9.009878696921067
planned_path,,,,,,,,,,,,906,-1.5353632059651057,8.959878696176009
planned_path,,,,,,,,,,,,907,-1.5353632059651057,8.909878695430951
planned_path,,,,,,,,,,,,908,-1.5353632059651057,8.859878694685893
planned_path,,,,,,,,,,,,909,-1.5353632059651057,8.809878693940835
planned_path,,,,,,,,,,,,910,-1.5353632059651057,8.759878693195777
planned_path,,,,,,,,,,,,911,-1.5353632059651057,8.709878692450719
planned_path,,,,,,,,,,,,912,-1.5353632059651057,8.65987869170566
planned_path,,,,,,,,,,,,913,-1.5353632059651057,8.609878690960603
planned_path,,,,,,,,,,,,914,-1.5353632059651057,8.559878690215545
planned_path,,,,,,,,,,,,915,-1.5353632059651057,8.509878689470487
planned_path,,,,,,,,,,,,916,-1.5353632059651057,8.459878688725428
planned_path,,,,,,,,,,,,917,-1.5353632059651057,8.40987868798037
planned_path,,,,,,,,,,,,918,-1.5353632059651057,8.359878687235312
planned_path,,,,,,,,,,,,919,-1.5353632059651057,8.309878686490254
planned_path,,,,,,,,,,,,920,-1.4853632052200476,8.259878685745196
planned_path,,,,,,,,,,,,921,-1.4353632044749896,8.209878685000138
planned_path,,,,,,,,,,,,922,-1.3853632037299315,8.15987868425508
planned_path,,,,,,,,,,,,923,-1.3353632029848734,8.109878683510022
planned_path,,,,,,,,,,,,924,-1.2853632022398154,8.059878682764964
planned_path,,,,,,,,,,,,925,-1.2353632014947573,8.009878682019906
planned_path,,,,,,,,,,,,926,-1.1853632007496993,7.959878681274848
planned_path,,,,,,,,,,,,927,-1.1353632000046412,7.90987868052979
planned_path,,,,,,,,,,,,928,-1.0853631992595831,7.859878679784732
planned_path,,,,,,,,,,,,929,-1.035363198514525,7.809878679039674
planned_path,,,,,,,,,,,,930,-0.985363197769467,7.759878678294616
planned_path,,,,,,,,,,,,931,-0.935363197024409,7.709878677549558
planned_path,,,,,,,,,,,,932,-0.8853631962793509,7.6598786768044995
planned_path,,,,,,,,,,,,933,-0.8353631955342928,7.6098786760594415
planned_path,,,,,,,,,,,,934,-0.7853631947892348,7.559878675314383
planned_path,,,,,,,,,,,,935,-0.7353631940441767,7.509878674569325
planned_path,,,,,,,,,,,,936,-0.6853631932991187,7.459878673824267
planned_path,,,,,,,,,,,,937,-0.6353631925540606,7.409878673079209
planned_path,,,,,,,,,,,,938,-0.5853631918090025,7.359878672334151
planned_path,,,,,,,,,,,,939,-0.5353631910639445,7.309878671589093
planned_path,,,,,,,,,,,,940,-0.4853631903188864,7.259878670844035
planned_path,,,,,,,,,,,,941,-0.43536318957382836,7.209878670098977
planned_path,,,,,,,,,,,,942,-0.3853631888287703,7.159878669353919
planned_path,,,,,,,,,,,,943,-0.33536318808371224,7.109878668608861
planned_path,,,,,,,,,,,,944,-0.2853631873386542,7.059878667863803
planned_path,,,,,,,,,,,,945,-0.23536318659359612,7.009878667118745
planned_path,,,,,,,,,,,,946,-0.18536318584853806,6.959878666373687
planned_path,,,,,,,,,,,,947,-0.13536318510348,6.909878665628629
planned_path,,,,,,,,,,,,948,-0.08536318435842194,6.859878664883571
planned_path,,,,,,,,,,,,949,-0.03536318361336388,6.8098786641385125
planned_path,,,,,,,,,,,,950,0.01463681713169418,6.7598786633934544
planned_path,,,,,,,,,,,,951,0.06463681787675224,6.709878662648396
planned_path,,,,,,,,,,,,952,0.1146368186218103,6.659878661903338
planned_path,,,,,,,,,,,,953,0.1146368186218103,6.60987866115828
planned_path,,,,,,,,,,,,954,0.1146368186218103,6.559878660413222
planned_path,,,,,,,,,,,,955,0.1146368186218103,6.509878659668164
planned_path,,,,,,,,,,,,956,0.1146368186218103,6.459878658923106
planned_path,,,,,,,,,,,,957,0.1146368186218103,6.409878658178048
planned_path,,,,,,,,,,,,958,0.1146368186218103,6.35987865743299
planned_path,,,,,,,,,,,,959,0.1146368186218103,6.309878656687932
planned_path,,,,,,,,,,,,960,0.1146368186218103,6.259878655942874
planned_path,,,,,,,,,,,,961,0.1146368186218103,6.209878655197816
planned_path,,,,,,,,,,,,962,0.16463681936686836,6.159878654452758
planned_path,,,,,,,,,,,,963,0.21463682011192642,6.1098786537077
planned_path,,,,,,,,,,,,964,0.2646368208569845,6.059878652962642
planned_path,,,,,,,,,,,,965,0.31463682160204254,6.0098786522175836
planned_path,,,,,,,,,,,,966,0.3646368223471006,5.9598786514725255
planned_path,,,,,,,,,,,,967,0.41463682309215866,5.909878650727467
planned_path,,,,,,,,,,,,968,0.4646368238372167,5.859878649982409
planned_path,,,,,,,,,,,,969,0.5146368245822748,5.809878649237351
planned_path,,,,,,,,,,,,970,0.5646368253273328,5.759878648492293
planned_path,,,,,,,,,,,,971,0.6146368260723909,5.709878647747235
planned_path,,,,,,,,,,,,972,0.664636826817449,5.659878647002177
planned_path,,,,,,,,,,,,973,0.714636827562507,5.609878646257119
planned_path,,,,,,,,,,,,974,0.7646368283075651,5.559878645512061
planned_path,,,,,,,,,,,,975,0.8146368290526231,5.509878644767003
planned_path,,,,,,,,,,,,976,0.8646368297976812,5.459878644021945
planned_path,,,,,,,,,,,,977,0.9146368305427393,5.409878643276887
planned_path,,,,,,,,,,,,978,0.9646368312877973,5.359878642531829
planned_path,,,,,,,,,,,,979,1.0146368320328554,5.309878641786771
planned_path,,,,,,,,,,,,980,1.0646368327779134,5.259878641041713
planned_path,,,,,,,,,,,,981,1.1146368335229715,5.209878640296655
planned_path,,,,,,,,,,,,982,1.1646368342680296,5.1598786395515965
planned_path,,,,,,,,,,,,983,1.2146368350130876,5.1098786388065385
planned_path,,,,,,,,,,,,984,1.2646368357581457,5.05987863806148
planned_path,,,,,,,,,,,,985,1.3146368365032037,5.009878637316422
planned_path,,,,,,,,,,,,986,1.3646368372482618,4.959878636571364
planned_path,,,,,,,,,,,,987,1.4146368379933199,4.909878635826306
planned_path,,,,,,,,,,,,988,1.464636838738378,4.909878635826306
planned_path,,,,,,,,,,,,989,1.514636839483436,4.859878635081248
planned_path,,,,,,,,,,,,990,1.564636840228494,4.859878635081248
planned_path,,,,,,,,,,,,991,1.564636840228494,4.859878635081248
planned_path,,,,,,,,,,,,992,1.614636840973552,4.859878635081248
planned_path,,,,,,,,,,,,993,1.6646368417186101,4.859878635081248
planned_path,,,,,,,,,,,,994,1.7146368424636682,4.859878635081248
planned_path,,,,,,,,,,,,995,1.7646368432087263,4.859878635081248
planned_path,,,,,,,,,,,,996,1.8146368439537843,4.859878635081248
planned_path,,,,,,,,,,,,997,1.8646368446988424,4.859878635081248
planned_path,,,,,,,,,,,,998,1.9146368454439004,4.859878635081248
planned_path,,,,,,,,,,,,999,1.9646368461889585,4.859878635081248
planned_path,,,,,,,,,,,,1000,2.0146368469340166,4.859878635081248
planned_path,,,,,,,,,,,,1001,2.0646368476790746,4.859878635081248
planned_path,,,,,,,,,,,,1002,2.1146368484241327,4.859878635081248
planned_path,,,,,,,,,,,,1003,2.1646368491691907,4.859878635081248
planned_path,,,,,,,,,,,,1004,2.214636849914249,4.859878635081248
planned_path,,,,,,,,,,,,1005,2.264636850659307,4.859878635081248
planned_path,,,,,,,,,,,,1006,2.314636851404365,4.859878635081248
planned_path,,,,,,,,,,,,1007,2.364636852149423,4.859878635081248
planned_path,,,,,,,,,,,,1008,2.414636852894481,4.859878635081248
planned_path,,,,,,,,,,,,1009,2.464636853639539,4.859878635081248
planned_path,,,,,,,,,,,,1010,2.514636854384597,4.859878635081248
planned_path,,,,,,,,,,,,1011,2.5646368551296552,4.859878635081248
planned_path,,,,,,,,,,,,1012,2.6146368558747133,4.859878635081248
planned_path,,,,,,,,,,,,1013,2.6646368566197713,4.859878635081248
planned_path,,,,,,,,,,,,1014,2.7146368573648294,4.859878635081248
planned_path,,,,,,,,,,,,1015,2.7646368581098875,4.859878635081248
planned_path,,,,,,,,,,,,1016,2.8146368588549455,4.859878635081248
planned_path,,,,,,,,,,,,1017,2.8646368596000036,4.859878635081248
planned_path,,,,,,,,,,,,1018,2.9146368603450616,4.859878635081248
planned_path,,,,,,,,,,,,1019,2.9646368610901197,4.859878635081248
planned_path,,,,,,,,,,,,1020,3.0146368618351778,4.859878635081248
planned_path,,,,,,,,,,,,1021,3.064636862580236,4.859878635081248
planned_path,,,,,,,,,,,,1022,3.114636863325294,4.859878635081248
planned_path,,,,,,,,,,,,1023,3.164636864070352,4.859878635081248
planned_path,,,,,,,,,,,,1024,3.21463686481541,4.859878635081248
planned_path,,,,,,,,,,,,1025,3.264636865560468,4.859878635081248
planned_path,,,,,,,,,,,,1026,3.314636866305526,4.859878635081248
planned_path,,,,,,,,,,,,1027,3.364636867050584,4.859878635081248
planned_path,,,,,,,,,,,,1028,3.4146368677956422,4.859878635081248
planned_path,,,,,,,,,,,,1029,3.4646368685407003,4.859878635081248
planned_path,,,,,,,,,,,,1030,3.5146368692857584,4.859878635081248
planned_path,,,,,,,,,,,,1031,3.5646368700308164,4.859878635081248
planned_path,,,,,,,,,,,,1032,3.6146368707758745,4.859878635081248
planned_path,,,,,,,,,,,,1033,3.6646368715209325,4.859878635081248
planned_path,,,,,,,,,,,,1034,3.7146368722659906,4.859878635081248
planned_path,,,,,,,,,,,,1035,3.7646368730110487,4.859878635081248
planned_path,,,,,,,,,,,,1036,3.8146368737561067,4.859878635081248
planned_path,,,,,,,,,,,,1037,3.8646368745011648,4.859878635081248
planned_path,,,,,,,,,,,,1038,3.914636875246223,4.859878635081248
planned_path,,,,,,,,,,,,1039,3.964636875991281,4.859878635081248
planned_path,,,,,,,,,,,,1040,4.014636876736339,4.859878635081248
planned_path,,,,,,,,,,,,1041,4.064636877481397,4.859878635081248
planned_path,,,,,,,,,,,,1042,4.114636878226455,4.859878635081248
planned_path,,,,,,,,,,,,1043,4.164636878971513,4.859878635081248
planned_path,,,,,,,,,,,,1044,4.214636879716571,4.859878635081248
planned_path,,,,,,,,,,,,1045,4.264636880461629,4.859878635081248
planned_path,,,,,,,,,,,,1046,4.314636881206687,4.859878635081248
planned_path,,,,,,,,,,,,1047,4.364636881951745,4.859878635081248
planned_path,,,,,,,,,,,,1048,4.414636882696803,4.859878635081248
planned_path,,,,,,,,,,,,1049,4.4646368834418615,4.859878635081248
planned_path,,,,,,,,,,,,1050,4.5146368841869196,4.859878635081248
planned_path,,,,,,,,,,,,1051,4.564636884931978,4.859878635081248
planned_path,,,,,,,,,,,,1052,4.614636885677036,4.859878635081248
planned_path,,,,,,,,,,,,1053,4.664636886422094,4.859878635081248
planned_path,,,,,,,,,,,,1054,4.714636887167152,4.859878635081248
planned_path,,,,,,,,,,,,1055,4.76463688791221,4.859878635081248
planned_path,,,,,,,,,,,,1056,4.814636888657268,4.859878635081248
planned_path,,,,,,,,,,,,1057,4.864636889402326,4.859878635081248
planned_path,,,,,,,,,,,,1058,4.914636890147384,4.859878635081248
planned_path,,,,,,,,,,,,1059,4.964636890892442,4.859878635081248
planned_path,,,,,,,,,,,,1060,5.0146368916375,4.859878635081248
planned_path,,,,,,,,,,,,1061,5.064636892382558,4.859878635081248
planned_path,,,,,,,,,,,,1062,5.114636893127616,4.859878635081248
planned_path,,,,,,,,,,,,1063,5.164636893872674,4.859878635081248
planned_path,,,,,,,,,,,,1064,5.214636894617732,4.909878635826306
planned_path,,,,,,,,,,,,1065,5.2646368953627904,4.909878635826306
planned_path,,,,,,,,,,,,1066,5.3146368961078485,4.959878636571364
planned_path,,,,,,,,,,,,1067,5.364636896852907,4.959878636571364
planned_path,,,,,,,,,,,,1068,5.414636897597965,4.959878636571364
planned_path,,,,,,,,,,,,1069,5.464636898343023,5.009878637316422
planned_path,,,,,,,,,,,,1070,5.514636899088081,5.009878637316422
planned_path,,,,,,,,,,,,1071,5.564636899833139,5.05987863806148
planned_path,,,,,,,,,,,,1072,5.614636900578197,5.05987863806148
planned_path,,,,,,,,,,,,1073,5.664636901323255,5.1098786388065385
planned_path,,,,,,,,,,,,1074,5.714636902068313,5.1098786388065385
planned_path,,,,,,,,,,,,1075,5.764636902813371,5.1598786395515965
planned_path,,,,,,,,,,,,1076,5.814636903558429,5.1598786395515965
planned_path,,,,,,,,,,,,1077,5.864636904303487,5.209878640296655
planned_path,,,,,,,,,,,,1078,5.914636905048545,5.209878640296655
planned_path,,,,,,,,,,,,1079,5.964636905793603,5.209878640296655
planned_path,,,,,,,,,,,,1080,6.014636906538661,5.259878641041713
planned_path,,,,,,,,,,,,1081,6.064636907283719,5.259878641041713
planned_path,,,,,,,,,,,,1082,6.1146369080287775,5.309878641786771
planned_path,,,,,,,,,,,,1083,6.1646369087738355,5.309878641786771
planned_path,,,,,,,,,,,,1084,6.214636909518894,5.359878642531829
planned_path,,,,,,,,,,,,1085,6.264636910263952,5.359878642531829
planned_path,,,,,,,,,,,,1086,6.31463691100901,5.409878643276887
planned_path,,,,,,,,,,,,1087,6.364636911754068,5.409878643276887
planned_path,,,,,,,,,,,,1088,6.414636912499126,5.459878644021945
planned_path,,,,,,,,,,,,1089,6.464636913244184,5.459878644021945
planned_path,,,,,,,,,,,,1090,6.514636913989242,5.459878644021945
planned_path,,,,,,,,,,,,1091,6.5646369147343,5.509878644767003
planned_path,,,,,,,,,,,,1092,6.614636915479358,5.509878644767003
planned_path,,,,,,,,,,,,1093,6.664636916224416,5.559878645512061
planned_path,,,,,,,,,,,,1094,6.714636916969474,5.559878645512061
planned_path,,,,,,,,,,,,1095,6.764636917714532,5.609878646257119
planned_path,,,,,,,,,,,,1096,6.81463691845959,5.609878646257119
planned_path,,,,,,,,,,,,1097,6.864636919204648,5.659878647002177
planned_path,,,,,,,,,,,,1098,6.914636919949706,5.659878647002177
planned_path,,,,,,,,,,,,1099,6.9646369206947645,5.709878647747235
planned_path,,,,,,,,,,,,1100,7.0146369214398225,5.709878647747235
planned_path,,,,,,,,,,,,1101,7.064636922184881,5.709878647747235
planned_path,,,,,,,,,,,,1102,7.114636922929939,5.759878648492293
planned_path,,,,,,,,,,,,1103,7.164636923674997,5.759878648492293
planned_path,,,,,,,,,,,,1104,7.214636924420055,5.809878649237351
planned_path,,,,,,,,,,,,1105,7.264636925165113,5.809878649237351
planned_path,,,,,,,,,,,,1106,7.314636925910171,5.859878649982409
planned_path,,,,,,,,,,,,1107,7.364636926655229,5.859878649982409
planned_path,,,,,,,,,,,,1108,7.414636927400287,5.909878650727467
planned_path,,,,,,,,,,,,1109,7.464636928145345,5.909878650727467
planned_path,,,,,,,,,,,,1110,7.514636928890403,5.9598786514725255
planned_path,,,,,,,,,,,,1111,7.564636929635461,5.9598786514725255
planned_path,,,,,,,,,,,,1112,7.614636930380519,5.9598786514725255
planned_path,,,,,,,,,,,,1113,7.664636931125577,6.0098786522175836
planned_path,,,,,,,,,,,,1114,7.714636931870635,6.0098786522175836
planned_path,,,,,,,,,,,,1115,7.764636932615693,6.059878652962642
planned_path,,,,,,,,,,,,1116,7.8146369333607515,6.059878652962642
planned_path,,,,,,,,,,,,1117,7.8646369341058096,6.1098786537077
planned_path,,,,,,,,,,,,1118,7.914636934850868,6.1098786537077
planned_path,,,,,,,,,,,,1119,7.964636935595926,6.159878654452758
planned_path,,,,,,,,,,,,1120,8.014636936340985,6.159878654452758
planned_path,,,,,,,,,,,,1121,8.064636937086043,6.209878655197816
planned_path,,,,,,,,,,,,1122,8.1146369378311,6.209878655197816
planned_path,,,,,,,,,,,,1123,8.164636938576159,6.209878655197816
planned_path,,,,,,,,,,,,1124,8.214636939321217,6.259878655942874
planned_path,,,,,,,,,,,,1125,8.264636940066275,6.259878655942874
planned_path,,,,,,,,,,,,1126,8.314636940811333,6.309878656687932
planned_path,,,,,,,,,,,,1127,8.364636941556391,6.309878656687932
planned_path,,,,,,,,,,,,1128,8.414636942301449,6.35987865743299
planned_path,,,,,,,,,,,,1129,8.464636943046507,6.35987865743299
planned_path,,,,,,,,,,,,1130,8.514636943791565,6.409878658178048
planned_path,,,,,,,,,,,,1131,8.564636944536623,6.409878658178048
planned_path,,,,,,,,,,,,1132,8.614636945281681,6.459878658923106
planned_path,,,,,,,,,,,,1133,8.66463694602674,6.459878658923106
planned_path,,,,,,,,,,,,1134,8.714636946771797,6.509878659668164
planned_path,,,,,,,,,,,,1135,8.764636947516856,6.509878659668164
planned_path,,,,,,,,,,,,1136,8.814636948261914,6.509878659668164
planned_path,,,,,,,,,,,,1137,8.864636949006972,6.559878660413222
planned_path,,,,,,,,,,,,1138,8.91463694975203,6.559878660413222
planned_path,,,,,,,,,,,,1139,8.964636950497088,6.60987866115828
planned_path,,,,,,,,,,,,1140,9.014636951242146,6.60987866115828
planned_path,,,,,,,,,,,,1141,9.064636951987204,6.659878661903338
planned_path,,,,,,,,,,,,1142,9.114636952732262,6.659878661903338
planned_path,,,,,,,,,,,,1143,9.16463695347732,6.709878662648396
planned_path,,,,,,,,,,,,1144,9.214636954222378,6.709878662648396
planned_path,,,,,,,,,,,,1145,9.264636954967436,6.7598786633934544
planned_path,,,,,,,,,,,,1146,9.314636955712494,6.7598786633934544
planned_path,,,,,,,,,,,,1147,9.364636956457552,6.7598786633934544
planned_path,,,,,,,,,,,,1148,9.41463695720261,6.8098786641385125
planned_path,,,,,,,,,,,,1149,9.464636957947668,6.8098786641385125
planned_path,,,,,,,,,,,,1150,9.514636958692726,6.859878664883571
planned_path,,,,,,,,,,,,1151,9.564636959437784,6.859878664883571
planned_path,,,,,,,,,,,,1152,9.614636960182843,6.909878665628629
planned_path,,,,,,,,,,,,1153,9.6646369609279,6.909878665628629
planned_path,,,,,,,,,,,,1154,9.714636961672959,6.959878666373687
planned_path,,,,,,,,,,,,1155,9.764636962418017,6.959878666373687
planned_path,,,,,,,,,,,,1156,9.814636963163075,7.009878667118745
planned_path,,,,,,,,,,,,1157,9.864636963908133,7.009878667118745
planned_path,,,,,,,,,,,,1158,9.91463696465319,7.009878667118745
planned_path,,,,,,,,,,,,1159,9.964636965398249,7.059878667863803
planned_path,,,,,,,,,,,,1160,10.014636966143307,7.059878667863803
planned_path,,,,,,,,,,,,1161,10.064636966888365,7.109878668608861
planned_path,,,,,,,,,,,,1162,10.114636967633423,7.109878668608861
planned_path,,,,,,,,,,,,1163,10.164636968378481,7.159878669353919
planned_path,,,,,,,,,,,,1164,10.21463696912354,7.159878669353919
planned_path,,,,,,,,,,,,1165,10.264636969868597,7.209878670098977
planned_path,,,,,,,,,,,,1166,10.314636970613655,7.209878670098977
planned_path,,,,,,,,,,,,1167,10.364636971358713,7.259878670844035
planned_path,,,,,,,,,,,,1168,10.414636972103771,7.259878670844035
planned_path,,,,,,,,,,,,1169,10.46463697284883,7.259878670844035
planned_path,,,,,,,,,,,,1170,10.514636973593888,7.309878671589093
planned_path,,,,,,,,,,,,1171,10.564636974338946,7.309878671589093
planned_path,,,,,,,,,,,,1172,10.614636975084004,7.359878672334151
planned_path,,,,,,,,,,,,1173,10.664636975829062,7.359878672334151
planned_path,,,,,,,,,,,,1174,10.71463697657412,7.409878673079209
planned_path,,,,,,,,,,,,1175,10.764636977319178,7.409878673079209
planned_path,,,,,,,,,,,,1176,10.814636978064236,7.459878673824267
planned_path,,,,,,,,,,,,1177,10.864636978809294,7.459878673824267
planned_path,,,,,,,,,,,,1178,10.914636979554352,7.509878674569325
planned_path,,,,,,,,,,,,1179,10.96463698029941,7.509878674569325
planned_path,,,,,,,,,,,,1180,11.014636981044468,7.509878674569325
planned_path,,,,,,,,,,,,1181,11.064636981789526,7.559878675314383
planned_path,,,,,,,,,,,,1182,11.114636982534584,7.559878675314383
planned_path,,,,,,,,,,,,1183,11.164636983279642,7.6098786760594415
planned_path,,,,,,,,,,,,1184,11.2146369840247,7.6098786760594415
planned_path,,,,,,,,,,,,1185,11.264636984769758,7.6598786768044995
planned_path,,,,,,,,,,,,1186,11.314636985514817,7.6598786768044995
planned_path,,,,,,,,,,,,1187,11.364636986259875,7.709878677549558
planned_path,,,,,,,,,,,,1188,11.414636987004933,7.709878677549558
planned_path,,,,,,,,,,,,1189,11.46463698774999,7.759878678294616
planned_path,,,,,,,,,,,,1190,11.514636988495049,7.809878679039674
planned_path,,,,,,,,,,,,1191,11.564636989240107,7.859878679784732
planned_path,,,,,,,,,,,,1192,11.614636989985165,7.859878679784732
planned_path,,,,,,,,,,,,1193,11.664636990730223,7.90987868052979
planned_path,,,,,,,,,,,,1194,11.714636991475281,7.90987868052979
planned_path,,,,,,,,,,,,1195,11.764636992220339,7.90987868052979
planned_path,,,,,,,,,,,,1196,11.814636992965397,7.90987868052979
planned_path,,,,,,,,,,,,1197,11.864636993710455,7.90987868052979
planned_path,,,,,,,,,,,,1198,11.914636994455513,7.959878681274848
planned_path,,,,,,,,,,,,1199,11.964636995200571,7.959878681274848
planned_path,,,,,,,,,,,,1200,12.01463699594563,8.009878682019906
planned_path,,,,,,,,,,,,1201,12.064636996690687,8.009878682019906
planned_path,,,,,,,,,,,,1202,12.114636997435746,8.009878682019906
planned_path,,,,,,,,,,,,1203,12.164636998180804,8.059878682764964
planned_path,,,,,,,,,,,,1204,12.214636998925862,8.059878682764964
planned_path,,,,,,,,,,,,1205,12.26463699967092,8.109878683510022
planned_path,,,,,,,,,,,,1206,12.314637000415978,8.109878683510022
planned_path,,,,,,,,,,,,1207,12.364637001161036,8.15987868425508
planned_path,,,,,,,,,,,,1208,12.414637001906094,8.15987868425508
planned_path,,,,,,,,,,,,1209,12.464637002651152,8.209878685000138
planned_path,,,,,,,,,,,,1210,12.51463700339621,8.209878685000138
planned_path,,,,,,,,,,,,1211,12.564637004141268,8.259878685745196
planned_path,,,,,,,,,,,,1212,12.614637004886326,8.259878685745196
planned_path,,,,,,,,,,,,1213,12.614637004886326,8.259878685745196
planned_path,,,,,,,,,,,,1214,12.614637004886326,8.209878685000138
planned_path,,,,,,,,,,,,1215,12.614637004886326,8.15987868425508
planned_path,,,,,,,,,,,,1216,12.614637004886326,8.109878683510022
planned_path,,,,,,,,,,,,1217,12.614637004886326,8.059878682764964
planned_path,,,,,,,,,,,,1218,12.664637005631384,8.009878682019906
planned_path,,,,,,,,,,,,1219,12.714637006376442,7.959878681274848
planned_path,,,,,,,,,,,,1220,12.7646370071215,7.90987868052979
planned_path,,,,,,,,,,,,1221,12.814637007866558,7.859878679784732
planned_path,,,,,,,,,,,,1222,12.864637008611616,7.809878679039674
planned_path,,,,,,,,,,,,1223,12.914637009356674,7.759878678294616
planned_path,,,,,,,,,,,,1224,12.964637010101733,7.709878677549558
planned_path,,,,,,,,,,,,1225,13.01463701084679,7.6598786768044995
planned_path,,,,,,,,,,,,1226,13.01463701084679,7.6098786760594415
planned_path,,,,,,,,,,,,1227,13.01463701084679,7.559878675314383
planned_path,,,,,,,,,,,,1228,13.01463701084679,7.509878674569325
planned_path,,,,,,,,,,,,1229,13.01463701084679,7.459878673824267
planned_path,,,,,,,,,,,,1230,13.01463701084679,7.409878673079209
planned_path,,,,,,,,,,,,1231,13.01463701084679,7.359878672334151
planned_path,,,,,,,,,,,,1232,13.01463701084679,7.309878671589093
planned_path,,,,,,,,,,,,1233,13.01463701084679,7.259878670844035
planned_path,,,,,,,,,,,,1234,13.01463701084679,7.209878670098977
planned_path,,,,,,,,,,,,1235,13.064637011591849,7.159878669353919
planned_path,,,,,,,,,,,,1236,13.064637011591849,7.109878668608861
planned_path,,,,,,,,,,,,1237,13.114637012336907,7.059878667863803
planned_path,,,,,,,,,,,,1238,13.114637012336907,7.009878667118745
planned_path,,,,,,,,,,,,1239,13.114637012336907,7.009878667118745
planned_path,,,,,,,,,,,,1240,13.114637012336907,6.959878666373687
planned_path,,,,,,,,,,,,1241,13.114637012336907,6.909878665628629
planned_path,,,,,,,,,,,,1242,13.114637012336907,6.859878664883571
planned_path,,,,,,,,,,,,1243,13.114637012336907,6.8098786641385125
planned_path,,,,,,,,,,,,1244,13.114637012336907,6.7598786633934544
planned_path,,,,,,,,,,,,1245,13.114637012336907,6.709878662648396
planned_path,,,,,,,,,,,,1246,13.114637012336907,6.659878661903338
planned_path,,,,,,,,,,,,1247,13.114637012336907,6.60987866115828
planned_path,,,,,,,,,,,,1248,13.114637012336907,6.559878660413222
planned_path,,,,,,,,,,,,1249,13.114637012336907,6.509878659668164
planned_path,,,,,,,,,,,,1250,13.114637012336907,6.459878658923106
planned_path,,,,,,,,,,,,1251,13.114637012336907,6.409878658178048
planned_path,,,,,,,,,,,,1252,13.114637012336907,6.35987865743299
planned_path,,,,,,,,,,,,1253,13.114637012336907,6.309878656687932
planned_path,,,,,,,,,,,,1254,13.114637012336907,6.259878655942874
planned_path,,,,,,,,,,,,1255,13.114637012336907,6.209878655197816
planned_path,,,,,,,,,,,,1256,13.114637012336907,6.159878654452758
planned_path,,,,,,,,,,,,1257,13.114637012336907,6.1098786537077
planned_path,,,,,,,,,,,,1258,13.114637012336907,6.059878652962642
planned_path,,,,,,,,,,,,1259,13.114637012336907,6.0098786522175836
planned_path,,,,,,,,,,,,1260,13.114637012336907,5.9598786514725255
planned_path,,,,,,,,,,,,1261,13.114637012336907,5.909878650727467
planned_path,,,,,,,,,,,,1262,13.114637012336907,5.859878649982409
planned_path,,,,,,,,,,,,1263,13.114637012336907,5.809878649237351
planned_path,,,,,,,,,,,,1264,13.114637012336907,5.759878648492293
planned_path,,,,,,,,,,,,1265,13.114637012336907,5.709878647747235
planned_path,,,,,,,,,,,,1266,13.114637012336907,5.659878647002177
planned_path,,,,,,,,,,,,1267,13.114637012336907,5.609878646257119
planned_path,,,,,,,,,,,,1268,13.114637012336907,5.559878645512061
planned_path,,,,,,,,,,,,1269,13.114637012336907,5.509878644767003
planned_path,,,,,,,,,,,,1270,13.114637012336907,5.459878644021945
planned_path,,,,,,,,,,,,1271,13.114637012336907,5.409878643276887
planned_path,,,,,,,,,,,,1272,13.114637012336907,5.359878642531829
planned_path,,,,,,,,,,,,1273,13.114637012336907,5.309878641786771
planned_path,,,,,,,,,,,,1274,13.114637012336907,5.259878641041713
planned_path,,,,,,,,,,,,1275,13.114637012336907,5.209878640296655
planned_path,,,,,,,,,,,,1276,13.114637012336907,5.1598786395515965
planned_path,,,,,,,,,,,,1277,13.114637012336907,5.1098786388065385
planned_path,,,,,,,,,,,,1278,13.114637012336907,5.05987863806148
planned_path,,,,,,,,,,,,1279,13.114637012336907,5.009878637316422
planned_path,,,,,,,,,,,,1280,13.114637012336907,4.959878636571364
planned_path,,,,,,,,,,,,1281,13.114637012336907,4.909878635826306
planned_path,,,,,,,,,,,,1282,13.114637012336907,4.859878635081248
planned_path,,,,,,,,,,,,1283,13.114637012336907,4.80987863433619
planned_path,,,,,,,,,,,,1284,13.114637012336907,4.759878633591132
planned_path,,,,,,,,,,,,1285,13.114637012336907,4.709878632846074
planned_path,,,,,,,,,,,,1286,13.114637012336907,4.659878632101016
planned_path,,,,,,,,,,,,1287,13.114637012336907,4.609878631355958
planned_path,,,,,,,,,,,,1288,13.114637012336907,4.5598786306109
planned_path,,,,,,,,,,,,1289,13.114637012336907,4.509878629865842
planned_path,,,,,,,,,,,,1290,13.114637012336907,4.459878629120784
planned_path,,,,,,,,,,,,1291,13.114637012336907,4.409878628375726
planned_path,,,,,,,,,,,,1292,13.114637012336907,4.359878627630668
planned_path,,,,,,,,,,,,1293,13.114637012336907,4.3098786268856095
planned_path,,,,,,,,,,,,1294,13.114637012336907,4.2598786261405515
planned_path,,,,,,,,,,,,1295,13.114637012336907,4.209878625395493
planned_path,,,,,,,,,,,,1296,13.114637012336907,4.159878624650435
planned_path,,,,,,,,,,,,1297,13.114637012336907,4.109878623905377
planned_path,,,,,,,,,,,,1298,13.114637012336907,4.059878623160319
planned_path,,,,,,,,,,,,1299,13.114637012336907,4.009878622415261
planned_path,,,,,,,,,,,,1300,13.114637012336907,3.959878621670203
planned_path,,,,,,,,,,,,1301,13.114637012336907,3.909878620925145
planned_path,,,,,,,,,,,,1302,13.114637012336907,3.859878620180087
planned_path,,,,,,,,,,,,1303,13.114637012336907,3.809878619435029
planned_path,,,,,,,,,,,,1304,13.114637012336907,3.759878618689971
planned_path,,,,,,,,,,,,1305,13.114637012336907,3.709878617944913
planned_path,,,,,,,,,,,,1306,13.114637012336907,3.6598786171998547
planned_path,,,,,,,,,,,,1307,13.114637012336907,3.6098786164547967
planned_path,,,,,,,,,,,,1308,13.114637012336907,3.5598786157097386
planned_path,,,,,,,,,,,,1309,13.064637011591849,3.5098786149646806
planned_path,,,,,,,,,,,,1310,13.064637011591849,3.4598786142196225
planned_path,,,,,,,,,,,,1311,13.01463701084679,3.4098786134745644
planned_path,,,,,,,,,,,,1312,13.01463701084679,3.3598786127295064
planned_path,,,,,,,,,,,,1313,12.964637010101733,3.3098786119844483
planned_path,,,,,,,,,,,,1314,12.964637010101733,3.2598786112393903
planned_path,,,,,,,,,,,,1315,12.964637010101733,3.209878610494332
planned_path,,,,,,,,,,,,1316,12.914637009356674,3.159878609749274
planned_path,,,,,,,,,,,,1317,12.914637009356674,3.109878609004216
planned_path,,,,,,,,,,,,1318,12.864637008611616,3.059878608259158
planned_path,,,,,,,,,,,,1319,12.864637008611616,3.0098786075141
planned_path,,,,,,,,,,,,1320,12.814637007866558,2.959878606769042
planned_path,,,,,,,,,,,,1321,12.814637007866558,2.909878606023984
planned_path,,,,,,,,,,,,1322,12.7646370071215,2.859878605278926
planned_path,,,,,,,,,,,,1323,12.7646370071215,2.8098786045338677
planned_path,,,,,,,,,,,,1324,12.714637006376442,2.7598786037888097
planned_path,,,,,,,,,,,,1325,12.714637006376442,2.7098786030437516
planned_path,,,,,,,,,,,,1326,12.714637006376442,2.7098786030437516
planned_path,,,,,,,,,,,,1327,12.664637005631384,2.6598786022986936
planned_path,,,,,,,,,,,,1328,12.614637004886326,2.6098786015536355
planned_path,,,,,,,,,,,,1329,12.564637004141268,2.5598786008085774
planned_path,,,,,,,,,,,,1330,12.51463700339621,2.5098786000635194
planned_path,,,,,,,,,,,,1331,12.464637002651152,2.4598785993184613
planned_path,,,,,,,,,,,,1332,12.414637001906094,2.4098785985734033
planned_path,,,,,,,,,,,,1333,12.364637001161036,2.359878597828345
planned_path,,,,,,,,,,,,1334,12.314637000415978,2.309878597083287
planned_path,,,,,,,,,,,,1335,12.26463699967092,2.259878596338229
planned_path,,,,,,,,,,,,1336,12.214636998925862,2.209878595593171
planned_path,,,,,,,,,,,,1337,12.164636998180804,2.159878594848113
planned_path,,,,,,,,,,,,1338,12.114636997435746,2.109878594103055
planned_path,,,,,,,,,,,,1339,12.064636996690687,2.059878593357997
planned_path,,,,,,,,,,,,1340,12.01463699594563,2.0098785926129388
planned_path,,,,,,,,,,,,1341,11.964636995200571,1.9598785918678807
planned_path,,,,,,,,,,,,1342,11.914636994455513,1.9098785911228227
planned_path,,,,,,,,,,,,1343,11.864636993710455,1.8598785903777646
planned_path,,,,,,,,,,,,1344,11.814636992965397,1.8098785896327065
planned_path,,,,,,,,,,,,1345,11.764636992220339,1.7598785888876485
planned_path,,,,,,,,,,,,1346,11.714636991475281,1.7098785881425904
planned_path,,,,,,,,,,,,1347,11.664636990730223,1.6598785873975324
planned_path,,,,,,,,,,,,1348,11.614636989985165,1.6098785866524743
planned_path,,,,,,,,,,,,1349,11.564636989240107,1.5598785859074162
planned_path,,,,,,,,,,,,1350,11.514636988495049,1.5098785851623582
planned_path,,,,,,,,,,,,1351,11.46463698774999,1.5098785851623582
planned_path,,,,,,,,,,,,1352,11.414636987004933,1.5098785851623582
planned_path,,,,,,,,,,,,1353,11.364636986259875,1.5098785851623582
planned_path,,,,,,,,,,,,1354,11.314636985514817,1.4598785844173001
planned_path,,,,,,,,,,,,1355,11.264636984769758,1.4598785844173001
planned_path,,,,,,,,,,,,1356,11.2146369840247,1.4598785844173001
planned_path,,,,,,,,,,,,1357,11.164636983279642,1.4598785844173001
planned_path,,,,,,,,,,,,1358,11.114636982534584,1.4598785844173001
planned_path,,,,,,,,,,,,1359,11.064636981789526,1.4598785844173001
planned_path,,,,,,,,,,,,1360,11.014636981044468,1.409878583672242
planned_path,,,,,,,,,,,,1361,10.96463698029941,1.409878583672242
planned_path,,,,,,,,,,,,1362,10.914636979554352,1.409878583672242
planned_path,,,,,,,,,,,,1363,10.914636979554352,1.409878583672242
planned_path,,,,,,,,,,,,1364,10.864636978809294,1.409878583672242
planned_path,,,,,,,,,,,,1365,10.814636978064236,1.409878583672242
planned_path,,,,,,,,,,,,1366,10.764636977319178,1.409878583672242
planned_path,,,,,,,,,,,,1367,10.71463697657412,1.409878583672242
planned_path,,,,,,,,,,,,1368,10.664636975829062,1.409878583672242
planned_path,,,,,,,,,,,,1369,10.614636975084004,1.409878583672242
planned_path,,,,,,,,,,,,1370,10.564636974338946,1.409878583672242
planned_path,,,,,,,,,,,,1371,10.514636973593888,1.409878583672242
planned_path,,,,,,,,,,,,1372,10.46463697284883,1.409878583672242
planned_path,,,,,,,,,,,,1373,10.414636972103771,1.409878583672242
planned_path,,,,,,,,,,,,1374,10.364636971358713,1.409878583672242
planned_path,,,,,,,,,,,,1375,10.314636970613655,1.409878583672242
planned_path,,,,,,,,,,,,1376,10.264636969868597,1.409878583672242
planned_path,,,,,,,,,,,,1377,10.21463696912354,1.409878583672242
planned_path,,,,,,,,,,,,1378,10.164636968378481,1.409878583672242
planned_path,,,,,,,,,,,,1379,10.114636967633423,1.409878583672242
planned_path,,,,,,,,,,,,1380,10.064636966888365,1.409878583672242
planned_path,,,,,,,,,,,,1381,10.014636966143307,1.409878583672242
planned_path,,,,,,,,,,,,1382,9.964636965398249,1.409878583672242
planned_path,,,,,,,,,,,,1383,9.91463696465319,1.409878583672242
planned_path,,,,,,,,,,,,1384,9.864636963908133,1.409878583672242
planned_path,,,,,,,,,,,,1385,9.814636963163075,1.409878583672242
planned_path,,,,,,,,,,,,1386,9.764636962418017,1.409878583672242
planned_path,,,,,,,,,,,,1387,9.714636961672959,1.409878583672242
planned_path,,,,,,,,,,,,1388,9.6646369609279,1.409878583672242
planned_path,,,,,,,,,,,,1389,9.614636960182843,1.409878583672242
planned_path,,,,,,,,,,,,1390,9.564636959437784,1.409878583672242
planned_path,,,,,,,,,,,,1391,9.514636958692726,1.409878583672242
planned_path,,,,,,,,,,,,1392,9.464636957947668,1.409878583672242
planned_path,,,,,,,,,,,,1393,9.41463695720261,1.409878583672242
planned_path,,,,,,,,,,,,1394,9.364636956457552,1.409878583672242
planned_path,,,,,,,,,,,,1395,9.314636955712494,1.409878583672242
planned_path,,,,,,,,,,,,1396,9.264636954967436,1.409878583672242
planned_path,,,,,,,,,,,,1397,9.214636954222378,1.409878583672242
planned_path,,,,,,,,,,,,1398,9.16463695347732,1.409878583672242
planned_path,,,,,,,,,,,,1399,9.114636952732262,1.409878583672242
planned_path,,,,,,,,,,,,1400,9.064636951987204,1.409878583672242
planned_path,,,,,,,,,,,,1401,9.014636951242146,1.409878583672242
planned_path,,,,,,,,,,,,1402,8.964636950497088,1.409878583672242
planned_path,,,,,,,,,,,,1403,8.91463694975203,1.409878583672242
planned_path,,,,,,,,,,,,1404,8.864636949006972,1.409878583672242
planned_path,,,,,,,,,,,,1405,8.814636948261914,1.409878583672242
planned_path,,,,,,,,,,,,1406,8.764636947516856,1.409878583672242
planned_path,,,,,,,,,,,,1407,8.714636946771797,1.409878583672242
planned_path,,,,,,,,,,,,1408,8.66463694602674,1.409878583672242
planned_path,,,,,,,,,,,,1409,8.614636945281681,1.409878583672242
planned_path,,,,,,,,,,,,1410,8.564636944536623,1.409878583672242
planned_path,,,,,,,,,,,,1411,8.514636943791565,1.409878583672242
planned_path,,,,,,,,,,,,1412,8.464636943046507,1.409878583672242
planned_path,,,,,,,,,,,,1413,8.414636942301449,1.409878583672242
planned_path,,,,,,,,,,,,1414,8.364636941556391,1.409878583672242
planned_path,,,,,,,,,,,,1415,8.314636940811333,1.409878583672242
planned_path,,,,,,,,,,,,1416,8.264636940066275,1.409878583672242
planned_path,,,,,,,,,,,,1417,8.214636939321217,1.409878583672242
planned_path,,,,,,,,,,,,1418,8.164636938576159,1.409878583672242
planned_path,,,,,,,,,,,,1419,8.1146369378311,1.409878583672242
planned_path,,,,,,,,,,,,1420,8.064636937086043,1.409878583672242
planned_path,,,,,,,,,,,,1421,8.014636936340985,1.409878583672242
planned_path,,,,,,,,,,,,1422,7.964636935595926,1.409878583672242
planned_path,,,,,,,,,,,,1423,7.914636934850868,1.409878583672242
planned_path,,,,,,,,,,,,1424,7.8646369341058096,1.409878583672242
planned_path,,,,,,,,,,,,1425,7.8146369333607515,1.409878583672242
planned_path,,,,,,,,,,,,1426,7.764636932615693,1.409878583672242
planned_path,,,,,,,,,,,,1427,7.714636931870635,1.409878583672242
planned_path,,,,,,,,,,,,1428,7.664636931125577,1.409878583672242
planned_path,,,,,,,,,,,,1429,7.614636930380519,1.409878583672242
planned_path,,,,,,,,,,,,1430,7.564636929635461,1.409878583672242
planned_path,,,,,,,,,,,,1431,7.514636928890403,1.409878583672242
planned_path,,,,,,,,,,,,1432,7.464636928145345,1.409878583672242
planned_path,,,,,,,,,,,,1433,7.414636927400287,1.409878583672242
planned_path,,,,,,,,,,,,1434,7.364636926655229,1.409878583672242
planned_path,,,,,,,,,,,,1435,7.314636925910171,1.409878583672242
planned_path,,,,,,,,,,,,1436,7.264636925165113,1.409878583672242
planned_path,,,,,,,,,,,,1437,7.214636924420055,1.409878583672242
planned_path,,,,,,,,,,,,1438,7.164636923674997,1.409878583672242
planned_path,,,,,,,,,,,,1439,7.114636922929939,1.409878583672242
planned_path,,,,,,,,,,,,1440,7.064636922184881,1.409878583672242
planned_path,,,,,,,,,,,,1441,7.0146369214398225,1.409878583672242
planned_path,,,,,,,,,,,,1442,6.9646369206947645,1.409878583672242
planned_path,,,,,,,,,,,,1443,6.914636919949706,1.409878583672242
planned_path,,,,,,,,,,,,1444,6.864636919204648,1.409878583672242
planned_path,,,,,,,,,,,,1445,6.81463691845959,1.409878583672242
planned_path,,,,,,,,,,,,1446,6.764636917714532,1.409878583672242
planned_path,,,,,,,,,,,,1447,6.714636916969474,1.409878583672242
planned_path,,,,,,,,,,,,1448,6.664636916224416,1.409878583672242
planned_path,,,,,,,,,,,,1449,6.614636915479358,1.409878583672242
planned_path,,,,,,,,,,,,1450,6.5646369147343,1.409878583672242
planned_path,,,,,,,,,,,,1451,6.514636913989242,1.409878583672242
planned_path,,,,,,,,,,,,1452,6.464636913244184,1.409878583672242
planned_path,,,,,,,,,,,,1453,6.414636912499126,1.409878583672242
planned_path,,,,,,,,,,,,1454,6.364636911754068,1.409878583672242
planned_path,,,,,,,,,,,,1455,6.31463691100901,1.409878583672242
planned_path,,,,,,,,,,,,1456,6.264636910263952,1.409878583672242
planned_path,,,,,,,,,,,,1457,6.214636909518894,1.409878583672242
planned_path,,,,,,,,,,,,1458,6.1646369087738355,1.409878583672242
planned_path,,,,,,,,,,,,1459,6.1146369080287775,1.409878583672242
planned_path,,,,,,,,,,,,1460,6.064636907283719,1.409878583672242
planned_path,,,,,,,,,,,,1461,6.014636906538661,1.409878583672242
planned_path,,,,,,,,,,,,1462,5.964636905793603,1.409878583672242
planned_path,,,,,,,,,,,,1463,5.914636905048545,1.409878583672242
planned_path,,,,,,,,,,,,1464,5.864636904303487,1.409878583672242
planned_path,,,,,,,,,,,,1465,5.814636903558429,1.409878583672242
planned_path,,,,,,,,,,,,1466,5.764636902813371,1.409878583672242
planned_path,,,,,,,,,,,,1467,5.714636902068313,1.409878583672242
planned_path,,,,,,,,,,,,1468,5.664636901323255,1.409878583672242
planned_path,,,,,,,,,,,,1469,5.614636900578197,1.359878582927184
planned_path,,,,,,,,,,,,1470,5.564636899833139,1.359878582927184
planned_path,,,,,,,,,,,,1471,5.514636899088081,1.359878582927184
planned_path,,,,,,,,,,,,1472,5.514636899088081,1.359878582927184
planned_path,,,,,,,,,,,,1473,5.464636898343023,1.359878582927184
planned_path,,,,,,,,,,,,1474,5.414636897597965,1.359878582927184
planned_path,,,,,,,,,,,,1475,5.364636896852907,1.359878582927184
planned_path,,,,,,,,,,,,1476,5.3146368961078485,1.359878582927184
planned_path,,,,,,,,,,,,1477,5.2646368953627904,1.359878582927184
planned_path,,,,,,,,,,,,1478,5.214636894617732,1.359878582927184
planned_path,,,,,,,,,,,,1479,5.164636893872674,1.359878582927184
planned_path,,,,,,,,,,,,1480,5.114636893127616,1.359878582927184
planned_path,,,,,,,,,,,,1481,5.064636892382558,1.359878582927184
planned_path,,,,,,,,,,,,1482,5.0146368916375,1.359878582927184
planned_path,,,,,,,,,,,,1483,4.964636890892442,1.359878582927184
planned_path,,,,,,,,,,,,1484,4.914636890147384,1.359878582927184
planned_path,,,,,,,,,,,,1485,4.864636889402326,1.359878582927184
planned_path,,,,,,,,,,,,1486,4.814636888657268,1.359878582927184
planned_path,,,,,,,,,,,,1487,4.76463688791221,1.359878582927184
planned_path,,,,,,,,,,,,1488,4.714636887167152,1.359878582927184
planned_path,,,,,,,,,,,,1489,4.664636886422094,1.359878582927184
planned_path,,,,,,,,,,,,1490,4.614636885677036,1.359878582927184
planned_path,,,,,,,,,,,,1491,4.564636884931978,1.359878582927184
planned_path,,,,,,,,,,,,1492,4.5146368841869196,1.359878582927184
planned_path,,,,,,,,,,,,1493,4.4646368834418615,1.359878582927184
planned_path,,,,,,,,,,,,1494,4.414636882696803,1.359878582927184
planned_path,,,,,,,,,,,,1495,4.364636881951745,1.359878582927184
planned_path,,,,,,,,,,,,1496,4.314636881206687,1.359878582927184
planned_path,,,,,,,,,,,,1497,4.264636880461629,1.409878583672242
planned_path,,,,,,,,,,,,1498,4.214636879716571,1.409878583672242
planned_path,,,,,,,,,,,,1499,4.164636878971513,1.409878583672242
planned_path,,,,,,,,,,,,1500,4.114636878226455,1.409878583672242
planned_path,,,,,,,,,,,,1501,4.064636877481397,1.409878583672242
planned_path,,,,,,,,,,,,1502,4.014636876736339,1.409878583672242
planned_path,,,,,,,,,,,,1503,3.964636875991281,1.409878583672242
planned_path,,,,,,,,,,,,1504,3.914636875246223,1.409878583672242
planned_path,,,,,,,,,,,,1505,3.8646368745011648,1.409878583672242
planned_path,,,,,,,,,,,,1506,3.8146368737561067,1.409878583672242
planned_path,,,,,,,,,,,,1507,3.7646368730110487,1.409878583672242
planned_path,,,,,,,,,,,,1508,3.7146368722659906,1.409878583672242
planned_path,,,,,,,,,,,,1509,3.6646368715209325,1.409878583672242
planned_path,,,,,,,,,,,,1510,3.6146368707758745,1.409878583672242
planned_path,,,,,,,,,,,,1511,3.5646368700308164,1.409878583672242
planned_path,,,,,,,,,,,,1512,3.5146368692857584,1.409878583672242
planned_path,,,,,,,,,,,,1513,3.4646368685407003,1.409878583672242
planned_path,,,,,,,,,,,,1514,3.4146368677956422,1.409878583672242
planned_path,,,,,,,,,,,,1515,3.364636867050584,1.409878583672242
planned_path,,,,,,,,,,,,1516,3.314636866305526,1.409878583672242
planned_path,,,,,,,,,,,,1517,3.264636865560468,1.409878583672242
planned_path,,,,,,,,,,,,1518,3.21463686481541,1.409878583672242
planned_path,,,,,,,,,,,,1519,3.164636864070352,1.409878583672242
planned_path,,,,,,,,,,,,1520,3.114636863325294,1.409878583672242
planned_path,,,,,,,,,,,,1521,3.064636862580236,1.409878583672242
planned_path,,,,,,,,,,,,1522,3.0146368618351778,1.409878583672242
planned_path,,,,,,,,,,,,1523,2.9646368610901197,1.409878583672242
planned_path,,,,,,,,,,,,1524,2.9146368603450616,1.409878583672242
planned_path,,,,,,,,,,,,1525,2.8646368596000036,1.409878583672242
planned_path,,,,,,,,,,,,1526,2.8146368588549455,1.409878583672242
planned_path,,,,,,,,,,,,1527,2.7646368581098875,1.409878583672242
planned_path,,,,,,,,,,,,1528,2.7146368573648294,1.409878583672242
planned_path,,,,,,,,,,,,1529,2.6646368566197713,1.409878583672242
planned_path,,,,,,,,,,,,1530,2.6146368558747133,1.409878583672242
planned_path,,,,,,,,,,,,1531,2.5646368551296552,1.409878583672242
planned_path,,,,,,,,,,,,1532,2.514636854384597,1.409878583672242
planned_path,,,,,,,,,,,,1533,2.464636853639539,1.409878583672242
planned_path,,,,,,,,,,,,1534,2.414636852894481,1.409878583672242
planned_path,,,,,,,,,,,,1535,2.364636852149423,1.409878583672242
planned_path,,,,,,,,,,,,1536,2.314636851404365,1.409878583672242
planned_path,,,,,,,,,,,,1537,2.264636850659307,1.4598785844173001
planned_path,,,,,,,,,,,,1538,2.214636849914249,1.5098785851623582
planned_path,,,,,,,,,,,,1539,2.1646368491691907,1.5598785859074162
planned_path,,,,,,,,,,,,1540,2.1146368484241327,1.5598785859074162
planned_path,,,,,,,,,,,,1541,2.0646368476790746,1.5598785859074162
planned_path,,,,,,,,,,,,1542,2.0146368469340166,1.6098785866524743
planned_path,,,,,,,,,,,,1543,1.9646368461889585,1.6598785873975324
planned_path,,,,,,,,,,,,1544,1.9146368454439004,1.7098785881425904
planned_path,,,,,,,,,,,,1545,1.8646368446988424,1.7598785888876485
planned_path,,,,,,,,,,,,1546,1.8146368439537843,1.8098785896327065
planned_path,,,,,,,,,,,,1547,1.7646368432087263,1.8598785903777646
planned_path,,,,,,,,,,,,1548,1.7146368424636682,1.9098785911228227
planned_path,,,,,,,,,,,,1549,1.6646368417186101,1.9598785918678807
planned_path,,,,,,,,,,,,1550,1.614636840973552,2.0098785926129388
planned_path,,,,,,,,,,,,1551,1.564636840228494,2.059878593357997
planned_path,,,,,,,,,,,,1552,1.514636839483436,2.109878594103055
planned_path,,,,,,,,,,,,1553,1.464636838738378,2.159878594848113
planned_path,,,,,,,,,,,,1554,1.4146368379933199,2.209878595593171
planned_path,,,,,,,,,,,,1555,1.4146368379933199,2.259878596338229
planned_path,,,,,,,,,,,,1556,1.3646368372482618,2.309878597083287
planned_path,,,,,,,,,,,,1557,1.3146368365032037,2.359878597828345
planned_path,,,,,,,,,,,,1558,1.3146368365032037,2.4098785985734033
planned_path,,,,,,,,,,,,1559,1.3146368365032037,2.4598785993184613
planned_path,,,,,,,,,,,,1560,1.3146368365032037,2.5098786000635194
planned_path,,,,,,,,,,,,1561,1.2646368357581457,2.5598786008085774
planned_path,,,,,,,,,,,,1562,1.2646368357581457,2.6098786015536355
planned_path,,,,,,,,,,,,1563,1.2146368350130876,2.6598786022986936
planned_path,,,,,,,,,,,,1564,1.2146368350130876,2.7098786030437516
planned_path,,,,,,,,,,,,1565,1.1646368342680296,2.7598786037888097
planned_path,,,,,,,,,,,,1566,1.1646368342680296,2.8098786045338677
planned_path,,,,,,,,,,,,1567,1.1646368342680296,2.8098786045338677
planned_path,,,,,,,,,,,,1568,1.1646368342680296,2.859878605278926
planned_path,,,,,,,,,,,,1569,1.1646368342680296,2.909878606023984
planned_path,,,,,,,,,,,,1570,1.1146368335229715,2.959878606769042
planned_path,,,,,,,,,,,,1571,1.1146368335229715,3.0098786075141
planned_path,,,,,,,,,,,,1572,1.1146368335229715,3.059878608259158
planned_path,,,,,,,,,,,,1573,1.1146368335229715,3.109878609004216
planned_path,,,,,,,,,,,,1574,1.1146368335229715,3.159878609749274
planned_path,,,,,,,,,,,,1575,1.1146368335229715,3.209878610494332
planned_path,,,,,,,,,,,,1576,1.0646368327779134,3.2598786112393903
planned_path,,,,,,,,,,,,1577,1.0646368327779134,3.3098786119844483
planned_path,,,,,,,,,,,,1578,1.0646368327779134,3.3598786127295064
planned_path,,,,,,,,,,,,1579,1.0646368327779134,3.3598786127295064
planned_path,,,,,,,,,,,,1580,1.0146368320328554,3.4098786134745644
planned_path,,,,,,,,,,,,1581,0.9646368312877973,3.4598786142196225
planned_path,,,,,,,,,,,,1582,0.9146368305427393,3.5098786149646806
planned_path,,,,,,,,,,,,1583,0.9146368305427393,3.5598786157097386
planned_path,,,,,,,,,,,,1584,0.9146368305427393,3.6098786164547967
planned_path,,,,,,,,,,,,1585,0.9146368305427393,3.6598786171998547
planned_path,,,,,,,,,,,,1586,0.8646368297976812,3.709878617944913
planned_path,,,,,,,,,,,,1587,0.8146368290526231,3.759878618689971
planned_path,,,,,,,,,,,,1588,0.7646368283075651,3.809878619435029
planned_path,,,,,,,,,,,,1589,0.7646368283075651,3.859878620180087
planned_path,,,,,,,,,,,,1590,0.7646368283075651,3.859878620180087
planned_path,,,,,,,,,,,,1591,0.714636827562507,3.909878620925145
planned_path,,,,,,,,,,,,1592,0.664636826817449,3.959878621670203
planned_path,,,,,,,,,,,,1593,0.6146368260723909,4.009878622415261
planned_path,,,,,,,,,,,,1594,0.5646368253273328,4.009878622415261
planned_path,,,,,,,,,,,,1595,0.5146368245822748,4.009878622415261
planned_path,,,,,,,,,,,,1596,0.4646368238372167,4.009878622415261
planned_path,,,,,,,,,,,,1597,0.41463682309215866,4.059878623160319
planned_path,,,,,,,,,,,,1598,0.3646368223471006,4.059878623160319
planned_path,,,,,,,,,,,,1599,0.31463682160204254,4.059878623160319
planned_path,,,,,,,,,,,,1600,0.31463682160204254,4.059878623160319
planned_path,,,,,,,,,,,,1601,0.2646368208569845,4.059878623160319
planned_path,,,,,,,,,,,,1602,0.21463682011192642,4.059878623160319
planned_path,,,,,,,,,,,,1603,0.16463681936686836,4.059878623160319
planned_path,,,,,,,,,,,,1604,0.1146368186218103,4.059878623160319
planned_path,,,,,,,,,,,,1605,0.06463681787675224,4.059878623160319
planned_path,,,,,,,,,,,,1606,0.01463681713169418,4.059878623160319
planned_path,,,,,,,,,,,,1607,-0.03536318361336388,4.059878623160319
planned_path,,,,,,,,,,,,1608,-0.08536318435842194,4.109878623905377
planned_path,,,,,,,,,,,,1609,-0.13536318510348,4.109878623905377
planned_path,,,,,,,,,,,,1610,-0.18536318584853806,4.109878623905377
planned_path,,,,,,,,,,,,1611,-0.18536318584853806,4.109878623905377
planned_path,,,,,,,,,,,,1612,-0.23536318659359612,4.059878623160319
planned_path,,,,,,,,,,,,1613,-0.2853631873386542,4.009878622415261
planned_path,,,,,,,,,,,,1614,-0.33536318808371224,4.009878622415261
planned_path,,,,,,,,,,,,1615,-0.3853631888287703,4.009878622415261
planned_path,,,,,,,,,,,,1616,-0.43536318957382836,4.009878622415261
planned_path,,,,,,,,,,,,1617,-0.4853631903188864,3.959878621670203
planned_path,,,,,,,,,,,,1618,-0.5353631910639445,3.959878621670203
planned_path,,,,,,,,,,,,1619,-0.5853631918090025,3.959878621670203
planned_path,,,,,,,,,,,,1620,-0.5853631918090025,3.959878621670203
planned_path,,,,,,,,,,,,1621,-0.6353631925540606,3.909878620925145
planned_path,,,,,,,,,,,,1622,-0.6853631932991187,3.859878620180087
planned_path,,,,,,,,,,,,1623,-0.7353631940441767,3.809878619435029
planned_path,,,,,,,,,,,,1624,-0.7853631947892348,3.759878618689971
planned_path,,,,,,,,,,,,1625,-0.8353631955342928,3.709878617944913
planned_path,,,,,,,,,,,,1626,-0.8853631962793509,3.6598786171998547
planned_path,,,,,,,,,,,,1627,-0.8853631962793509,3.6598786171998547
planned_path,,,,,,,,,,,,1628,-0.935363197024409,3.6098786164547967
planned_path,,,,,,,,,,,,1629,-0.985363197769467,3.5598786157097386
planned_path,,,,,,,,,,,,1630,-1.035363198514525,3.5098786149646806
planned_path,,,,,,,,,,,,1631,-1.0853631992595831,3.4598786142196225
planned_path,,,,,,,,,,,,1632,-1.1353632000046412,3.4098786134745644
planned_path,,,,,,,,,,,,1633,-1.1853632007496993,3.3598786127295064
planned_path,,,,,,,,,,,,1634,-1.1853632007496993,3.3098786119844483
planned_path,,,,,,,,,,,,1635,-1.1853632007496993,3.2598786112393903
planned_path,,,,,,,,,,,,1636,-1.1853632007496993,3.2598786112393903
planned_path,,,,,,,,,,,,1637,-1.2353632014947573,3.209878610494332
planned_path,,,,,,,,,,,,1638,-1.2853632022398154,3.159878609749274
planned_path,,,,,,,,,,,,1639,-1.3353632029848734,3.109878609004216
planned_path,,,,,,,,,,,,1640,-1.3353632029848734,3.059878608259158
planned_path,,,,,,,,,,,,1641,-1.3353632029848734,3.0098786075141
planned_path,,,,,,,,,,,,1642,-1.3353632029848734,2.959878606769042
planned_path,,,,,,,,,,,,1643,-1.3353632029848734,2.909878606023984
planned_path,,,,,,,,,,,,1644,-1.3853632037299315,2.859878605278926
planned_path,,,,,,,,,,,,1645,-1.3853632037299315,2.8098786045338677
planned_path,,,,,,,,,,,,1646,-1.4353632044749896,2.7598786037888097
planned_path,,,,,,,,,,,,1647,-1.4353632044749896,2.7098786030437516
planned_path,,,,,,,,,,,,1648,-1.4353632044749896,2.7098786030437516
planned_path,,,,,,,,,,,,1649,-1.4353632044749896,2.6598786022986936
planned_path,,,,,,,,,,,,1650,-1.4353632044749896,2.6098786015536355
planned_path,,,,,,,,,,,,1651,-1.4353632044749896,2.5598786008085774
planned_path,,,,,,,,,,,,1652,-1.4353632044749896,2.5098786000635194
planned_path,,,,,,,,,,,,1653,-1.4353632044749896,2.4598785993184613
planned_path,,,,,,,,,,,,1654,-1.4353632044749896,2.4098785985734033
planned_path,,,,,,,,,,,,1655,-1.4353632044749896,2.359878597828345
planned_path,,,,,,,,,,,,1656,-1.4353632044749896,2.309878597083287
planned_path,,,,,,,,,,,,1657,-1.4353632044749896,2.259878596338229
planned_path,,,,,,,,,,,,1658,-1.4353632044749896,2.209878595593171
planned_path,,,,,,,,,,,,1659,-1.4353632044749896,2.159878594848113
planned_path,,,,,,,,,,,,1660,-1.4353632044749896,2.109878594103055
planned_path,,,,,,,,,,,,1661,-1.4353632044749896,2.059878593357997
planned_path,,,,,,,,,,,,1662,-1.4353632044749896,2.059878593357997
planned_path,,,,,,,,,,,,1663,-1.4353632044749896,2.0098785926129388
planned_path,,,,,,,,,,,,1664,-1.4353632044749896,1.9598785918678807
planned_path,,,,,,,,,,,,1665,-1.4353632044749896,1.9098785911228227
planned_path,,,,,,,,,,,,1666,-1.4353632044749896,1.8598785903777646
planned_path,,,,,,,,,,,,1667,-1.4353632044749896,1.8098785896327065
planned_path,,,,,,,,,,,,1668,-1.4353632044749896,1.7598785888876485
planned_path,,,,,,,,,,,,1669,-1.4353632044749896,1.7098785881425904
planned_path,,,,,,,,,,,,1670,-1.3853632037299315,1.6598785873975324
planned_path,,,,,,,,,,,,1671,-1.3353632029848734,1.6098785866524743
planned_path,,,,,,,,,,,,1672,-1.2853632022398154,1.5598785859074162
planned_path,,,,,,,,,,,,1673,-1.2353632014947573,1.5098785851623582
planned_path,,,,,,,,,,,,1674,-1.2353632014947573,1.4598785844173001
planned_path,,,,,,,,,,,,1675,-1.2353632014947573,1.4598785844173001
planned_path,,,,,,,,,,,,1676,-1.1853632007496993,1.409878583672242
planned_path,,,,,,,,,,,,1677,-1.1353632000046412,1.359878582927184
planned_path,,,,,,,,,,,,1678,-1.0853631992595831,1.309878582182126
planned_path,,,,,,,,,,,,1679,-1.0853631992595831,1.2598785814370679
planned_path,,,,,,,,,,,,1680,-1.0853631992595831,1.2098785806920098
planned_path,,,,,,,,,,,,1681,-1.0853631992595831,1.1598785799469518
planned_path,,,,,,,,,,,,1682,-1.035363198514525,1.1098785792018937
planned_path,,,,,,,,,,,,1683,-0.985363197769467,1.0598785784568356
planned_path,,,,,,,,,,,,1684,-0.935363197024409,1.0098785777117776
planned_path,,,,,,,,,,,,1685,-0.8853631962793509,0.9598785769667195
planned_path,,,,,,,,,,,,1686,-0.8353631955342928,0.9098785762216615
planned_path,,,,,,,,,,,,1687,-0.8353631955342928,0.8598785754766034
planned_path,,,,,,,,,,,,1688,-0.8353631955342928,0.8598785754766034
planned_path,,,,,,,,,,,,1689,-0.7853631947892348,0.8598785754766034
planned_path,,,,,,,,,,,,1690,-0.7353631940441767,0.8598785754766034
planned_path,,,,,,,,,,,,1691,-0.6853631932991187,0.8598785754766034
planned_path,,,,,,,,,,,,1692,-0.6353631925540606,0.8598785754766034
planned_path,,,,,,,,,,,,1693,-0.5853631918090025,0.8598785754766034
planned_path,,,,,,,,,,,,1694,-0.5353631910639445,0.8598785754766034
planned_path,,,,,,,,,,,,1695,-0.4853631903188864,0.8598785754766034
planned_path,,,,,,,,,,,,1696,-0.43536318957382836,0.8598785754766034
planned_path,,,,,,,,,,,,1697,-0.3853631888287703,0.8598785754766034
planned_path,,,,,,,,,,,,1698,-0.33536318808371224,0.8598785754766034
planned_path,,,,,,,,,,,,1699,-0.2853631873386542,0.8598785754766034
planned_path,,,,,,,,,,,,1700,-0.23536318659359612,0.8598785754766034
planned_path,,,,,,,,,,,,1701,-0.18536318584853806,0.8598785754766034
planned_path,,,,,,,,,,,,1702,-0.13536318510348,0.8598785754766034
planned_path,,,,,,,,,,,,1703,-0.08536318435842194,0.8598785754766034
planned_path,,,,,,,,,,,,1704,-0.03536318361336388,0.8598785754766034
planned_path,,,,,,,,,,,,1705,0.01463681713169418,0.8598785754766034
planned_path,,,,,,,,,,,,1706,0.06463681787675224,0.8598785754766034
planned_path,,,,,,,,,,,,1707,0.1146368186218103,0.8598785754766034
planned_path,,,,,,,,,,,,1708,0.16463681936686836,0.8598785754766034
planned_path,,,,,,,,,,,,1709,0.21463682011192642,0.8598785754766034
planned_path,,,,,,,,,,,,1710,0.2646368208569845,0.8598785754766034
planned_path,,,,,,,,,,,,1711,0.31463682160204254,0.8598785754766034
planned_path,,,,,,,,,,,,1712,0.3646368223471006,0.8598785754766034
planned_path,,,,,,,,,,,,1713,0.41463682309215866,0.8598785754766034
planned_path,,,,,,,,,,,,1714,0.4646368238372167,0.8598785754766034
planned_path,,,,,,,,,,,,1715,0.5146368245822748,0.8598785754766034
planned_path,,,,,,,,,,,,1716,0.5646368253273328,0.8598785754766034
planned_path,,,,,,,,,,,,1717,0.6146368260723909,0.8598785754766034
planned_path,,,,,,,,,,,,1718,0.664636826817449,0.8598785754766034
planned_path,,,,,,,,,,,,1719,0.714636827562507,0.8598785754766034
planned_path,,,,,,,,,,,,1720,0.7646368283075651,0.8598785754766034
planned_path,,,,,,,,,,,,1721,0.8146368290526231,0.8598785754766034
planned_path,,,,,,,,,,,,1722,0.8646368297976812,0.8598785754766034
planned_path,,,,,,,,,,,,1723,0.9146368305427393,0.8598785754766034
planned_path,,,,,,,,,,,,1724,0.9646368312877973,0.8598785754766034
planned_path,,,,,,,,,,,,1725,1.0146368320328554,0.8598785754766034
planned_path,,,,,,,,,,,,1726,1.0646368327779134,0.8598785754766034
planned_path,,,,,,,,,,,,1727,1.1146368335229715,0.8598785754766034
planned_path,,,,,,,,,,,,1728,1.1646368342680296,0.8598785754766034
planned_path,,,,,,,,,,,,1729,1.2146368350130876,0.8598785754766034
planned_path,,,,,,,,,,,,1730,1.2646368357581457,0.8598785754766034
planned_path,,,,,,,,,,,,1731,1.3146368365032037,0.8598785754766034
planned_path,,,,,,,,,,,,1732,1.3646368372482618,0.8598785754766034
planned_path,,,,,,,,,,,,1733,1.4146368379933199,0.8598785754766034
planned_path,,,,,,,,,,,,1734,1.464636838738378,0.8598785754766034
planned_path,,,,,,,,,,,,1735,1.514636839483436,0.8598785754766034
planned_path,,,,,,,,,,,,1736,1.564636840228494,0.8598785754766034
planned_path,,,,,,,,,,,,1737,1.614636840973552,0.8598785754766034
planned_path,,,,,,,,,,,,1738,1.6646368417186101,0.8598785754766034
planned_path,,,,,,,,,,,,1739,1.7146368424636682,0.8598785754766034
planned_path,,,,,,,,,,,,1740,1.7646368432087263,0.8598785754766034
planned_path,,,,,,,,,,,,1741,1.8146368439537843,0.8598785754766034
planned_path,,,,,,,,,,,,1742,1.8646368446988424,0.8598785754766034
planned_path,,,,,,,,,,,,1743,1.9146368454439004,0.8598785754766034
planned_path,,,,,,,,,,,,1744,1.9646368461889585,0.8598785754766034
planned_path,,,,,,,,,,,,1745,2.0146368469340166,0.8598785754766034
planned_path,,,,,,,,,,,,1746,2.0646368476790746,0.8598785754766034
planned_path,,,,,,,,,,,,1747,2.1146368484241327,0.8598785754766034
planned_path,,,,,,,,,,,,1748,2.1646368491691907,0.8598785754766034
planned_path,,,,,,,,,,,,1749,2.214636849914249,0.8598785754766034
planned_path,,,,,,,,,,,,1750,2.264636850659307,0.8598785754766034
planned_path,,,,,,,,,,,,1751,2.314636851404365,0.8598785754766034
planned_path,,,,,,,,,,,,1752,2.364636852149423,0.8598785754766034
planned_path,,,,,,,,,,,,1753,2.414636852894481,0.8598785754766034
planned_path,,,,,,,,,,,,1754,2.464636853639539,0.8598785754766034
planned_path,,,,,,,,,,,,1755,2.514636854384597,0.8598785754766034
planned_path,,,,,,,,,,,,1756,2.5646368551296552,0.8598785754766034
planned_path,,,,,,,,,,,,1757,2.6146368558747133,0.8598785754766034
planned_path,,,,,,,,,,,,1758,2.6646368566197713,0.8598785754766034
planned_path,,,,,,,,,,,,1759,2.7146368573648294,0.8598785754766034
planned_path,,,,,,,,,,,,1760,2.7646368581098875,0.8598785754766034
planned_path,,,,,,,,,,,,1761,2.8146368588549455,0.8598785754766034
planned_path,,,,,,,,,,,,1762,2.8646368596000036,0.8598785754766034
planned_path,,,,,,,,,,,,1763,2.9146368603450616,0.8598785754766034
planned_path,,,,,,,,,,,,1764,2.9646368610901197,0.8598785754766034
planned_path,,,,,,,,,,,,1765,3.0146368618351778,0.8598785754766034
planned_path,,,,,,,,,,,,1766,3.064636862580236,0.8598785754766034
planned_path,,,,,,,,,,,,1767,3.114636863325294,0.8598785754766034
planned_path,,,,,,,,,,,,1768,3.164636864070352,0.8598785754766034
planned_path,,,,,,,,,,,,1769,3.21463686481541,0.8598785754766034
planned_path,,,,,,,,,,,,1770,3.264636865560468,0.8598785754766034
planned_path,,,,,,,,,,,,1771,3.314636866305526,0.8598785754766034
planned_path,,,,,,,,,,,,1772,3.364636867050584,0.8598785754766034
planned_path,,,,,,,,,,,,1773,3.4146368677956422,0.8598785754766034
planned_path,,,,,,,,,,,,1774,3.4646368685407003,0.8598785754766034
planned_path,,,,,,,,,,,,1775,3.5146368692857584,0.8598785754766034
planned_path,,,,,,,,,,,,1776,3.5646368700308164,0.8598785754766034
planned_path,,,,,,,,,,,,1777,3.6146368707758745,0.8598785754766034
planned_path,,,,,,,,,,,,1778,3.6646368715209325,0.8598785754766034
planned_path,,,,,,,,,,,,1779,3.7146368722659906,0.8598785754766034
planned_path,,,,,,,,,,,,1780,3.7646368730110487,0.8598785754766034
planned_path,,,,,,,,,,,,1781,3.8146368737561067,0.8598785754766034
planned_path,,,,,,,,,,,,1782,3.8646368745011648,0.8598785754766034
planned_path,,,,,,,,,,,,1783,3.914636875246223,0.8598785754766034
planned_path,,,,,,,,,,,,1784,3.964636875991281,0.8598785754766034
planned_path,,,,,,,,,,,,1785,4.014636876736339,0.8598785754766034
planned_path,,,,,,,,,,,,1786,4.064636877481397,0.8598785754766034
planned_path,,,,,,,,,,,,1787,4.114636878226455,0.8598785754766034
planned_path,,,,,,,,,,,,1788,4.164636878971513,0.8598785754766034
planned_path,,,,,,,,,,,,1789,4.214636879716571,0.8598785754766034
planned_path,,,,,,,,,,,,1790,4.264636880461629,0.8598785754766034
planned_path,,,,,,,,,,,,1791,4.314636881206687,0.8598785754766034
planned_path,,,,,,,,,,,,1792,4.364636881951745,0.8598785754766034
planned_path,,,,,,,,,,,,1793,4.414636882696803,0.8598785754766034
planned_path,,,,,,,,,,,,1794,4.4646368834418615,0.8598785754766034
planned_path,,,,,,,,,,,,1795,4.5146368841869196,0.8598785754766034
planned_path,,,,,,,,,,,,1796,4.564636884931978,0.8598785754766034
planned_path,,,,,,,,,,,,1797,4.614636885677036,0.8598785754766034
planned_path,,,,,,,,,,,,1798,4.664636886422094,0.8598785754766034
planned_path,,,,,,,,,,,,1799,4.714636887167152,0.8598785754766034
planned_path,,,,,,,,,,,,1800,4.76463688791221,0.8598785754766034
planned_path,,,,,,,,,,,,1801,4.814636888657268,0.8598785754766034
planned_path,,,,,,,,,,,,1802,4.864636889402326,0.8598785754766034
planned_path,,,,,,,,,,,,1803,4.914636890147384,0.8598785754766034
planned_path,,,,,,,,,,,,1804,4.964636890892442,0.8598785754766034
planned_path,,,,,,,,,,,,1805,5.0146368916375,0.8598785754766034
planned_path,,,,,,,,,,,,1806,5.064636892382558,0.8598785754766034
planned_path,,,,,,,,,,,,1807,5.114636893127616,0.8598785754766034
planned_path,,,,,,,,,,,,1808,5.164636893872674,0.8598785754766034
planned_path,,,,,,,,,,,,1809,5.214636894617732,0.8598785754766034
planned_path,,,,,,,,,,,,1810,5.2646368953627904,0.8598785754766034
planned_path,,,,,,,,,,,,1811,5.3146368961078485,0.8598785754766034
planned_path,,,,,,,,,,,,1812,5.364636896852907,0.8598785754766034
planned_path,,,,,,,,,,,,1813,5.414636897597965,0.8598785754766034
planned_path,,,,,,,,,,,,1814,5.464636898343023,0.8598785754766034
planned_path,,,,,,,,,,,,1815,5.514636899088081,0.8598785754766034
planned_path,,,,,,,,,,,,1816,5.564636899833139,0.8598785754766034
planned_path,,,,,,,,,,,,1817,5.614636900578197,0.8598785754766034
planned_path,,,,,,,,,,,,1818,5.664636901323255,0.8598785754766034
planned_path,,,,,,,,,,,,1819,5.714636902068313,0.8598785754766034
planned_path,,,,,,,,,,,,1820,5.764636902813371,0.8598785754766034
planned_path,,,,,,,,,,,,1821,5.814636903558429,0.8598785754766034
planned_path,,,,,,,,,,,,1822,5.864636904303487,0.8598785754766034
planned_path,,,,,,,,,,,,1823,5.914636905048545,0.8598785754766034
planned_path,,,,,,,,,,,,1824,5.964636905793603,0.8598785754766034
planned_path,,,,,,,,,,,,1825,6.014636906538661,0.8598785754766034
planned_path,,,,,,,,,,,,1826,6.064636907283719,0.8598785754766034
planned_path,,,,,,,,,,,,1827,6.1146369080287775,0.8598785754766034
planned_path,,,,,,,,,,,,1828,6.1646369087738355,0.8598785754766034
planned_path,,,,,,,,,,,,1829,6.214636909518894,0.8598785754766034
planned_path,,,,,,,,,,,,1830,6.264636910263952,0.8598785754766034
planned_path,,,,,,,,,,,,1831,6.31463691100901,0.8598785754766034
planned_path,,,,,,,,,,,,1832,6.364636911754068,0.8598785754766034
planned_path,,,,,,,,,,,,1833,6.414636912499126,0.8598785754766034
planned_path,,,,,,,,,,,,1834,6.464636913244184,0.8598785754766034
planned_path,,,,,,,,,,,,1835,6.514636913989242,0.8598785754766034
planned_path,,,,,,,,,,,,1836,6.5646369147343,0.8598785754766034
planned_path,,,,,,,,,,,,1837,6.614636915479358,0.8598785754766034
planned_path,,,,,,,,,,,,1838,6.664636916224416,0.8598785754766034
planned_path,,,,,,,,,,,,1839,6.714636916969474,0.8598785754766034
planned_path,,,,,,,,,,,,1840,6.764636917714532,0.8598785754766034
planned_path,,,,,,,,,,,,1841,6.81463691845959,0.8598785754766034
planned_path,,,,,,,,,,,,1842,6.864636919204648,0.8598785754766034
planned_path,,,,,,,,,,,,1843,6.914636919949706,0.8598785754766034
planned_path,,,,,,,,,,,,1844,6.9646369206947645,0.8598785754766034
planned_path,,,,,,,,,,,,1845,7.0146369214398225,0.8598785754766034
planned_path,,,,,,,,,,,,1846,7.064636922184881,0.8598785754766034
planned_path,,,,,,,,,,,,1847,7.114636922929939,0.8598785754766034
planned_path,,,,,,,,,,,,1848,7.164636923674997,0.8598785754766034
planned_path,,,,,,,,,,,,1849,7.214636924420055,0.8598785754766034
planned_path,,,,,,,,,,,,1850,7.264636925165113,0.8598785754766034
planned_path,,,,,,,,,,,,1851,7.314636925910171,0.8598785754766034
planned_path,,,,,,,,,,,,1852,7.364636926655229,0.8598785754766034
planned_path,,,,,,,,,,,,1853,7.414636927400287,0.8598785754766034
planned_path,,,,,,,,,,,,1854,7.464636928145345,0.8598785754766034
planned_path,,,,,,,,,,,,1855,7.514636928890403,0.8598785754766034
planned_path,,,,,,,,,,,,1856,7.564636929635461,0.8598785754766034
planned_path,,,,,,,,,,,,1857,7.614636930380519,0.8598785754766034
planned_path,,,,,,,,,,,,1858,7.664636931125577,0.8598785754766034
planned_path,,,,,,,,,,,,1859,7.714636931870635,0.8598785754766034
planned_path,,,,,,,,,,,,1860,7.764636932615693,0.8598785754766034
planned_path,,,,,,,,,,,,1861,7.8146369333607515,0.8598785754766034
planned_path,,,,,,,,,,,,1862,7.8646369341058096,0.8598785754766034
planned_path,,,,,,,,,,,,1863,7.914636934850868,0.8598785754766034
planned_path,,,,,,,,,,,,1864,7.964636935595926,0.8598785754766034
planned_path,,,,,,,,,,,,1865,8.014636936340985,0.8598785754766034
planned_path,,,,,,,,,,,,1866,8.064636937086043,0.8598785754766034
planned_path,,,,,,,,,,,,1867,8.1146369378311,0.8598785754766034
planned_path,,,,,,,,,,,,1868,8.164636938576159,0.8598785754766034
planned_path,,,,,,,,,,,,1869,8.214636939321217,0.8598785754766034
planned_path,,,,,,,,,,,,1870,8.264636940066275,0.8598785754766034
planned_path,,,,,,,,,,,,1871,8.314636940811333,0.8598785754766034
planned_path,,,,,,,,,,,,1872,8.364636941556391,0.8598785754766034
planned_path,,,,,,,,,,,,1873,8.414636942301449,0.8598785754766034
planned_path,,,,,,,,,,,,1874,8.464636943046507,0.8598785754766034
planned_path,,,,,,,,,,,,1875,8.514636943791565,0.8598785754766034
planned_path,,,,,,,,,,,,1876,8.564636944536623,0.8598785754766034
planned_path,,,,,,,,,,,,1877,8.614636945281681,0.8598785754766034
planned_path,,,,,,,,,,,,1878,8.66463694602674,0.8598785754766034
planned_path,,,,,,,,,,,,1879,8.714636946771797,0.8598785754766034
planned_path,,,,,,,,,,,,1880,8.764636947516856,0.8598785754766034
planned_path,,,,,,,,,,,,1881,8.814636948261914,0.8598785754766034
planned_path,,,,,,,,,,,,1882,8.864636949006972,0.8598785754766034
planned_path,,,,,,,,,,,,1883,8.91463694975203,0.8598785754766034
planned_path,,,,,,,,,,,,1884,8.964636950497088,0.8598785754766034
planned_path,,,,,,,,,,,,1885,9.014636951242146,0.8598785754766034
planned_path,,,,,,,,,,,,1886,9.064636951987204,0.8598785754766034
planned_path,,,,,,,,,,,,1887,9.114636952732262,0.8598785754766034
planned_path,,,,,,,,,,,,1888,9.16463695347732,0.8598785754766034
planned_path,,,,,,,,,,,,1889,9.214636954222378,0.8598785754766034
planned_path,,,,,,,,,,,,1890,9.264636954967436,0.8598785754766034
planned_path,,,,,,,,,,,,1891,9.314636955712494,0.8598785754766034
planned_path,,,,,,,,,,,,1892,9.364636956457552,0.8598785754766034
planned_path,,,,,,,,,,,,1893,9.41463695720261,0.8598785754766034
planned_path,,,,,,,,,,,,1894,9.464636957947668,0.8598785754766034
planned_path,,,,,,,,,,,,1895,9.514636958692726,0.8598785754766034
planned_path,,,,,,,,,,,,1896,9.564636959437784,0.8598785754766034
planned_path,,,,,,,,,,,,1897,9.614636960182843,0.8598785754766034
planned_path,,,,,,,,,,,,1898,9.6646369609279,0.8598785754766034
planned_path,,,,,,,,,,,,1899,9.714636961672959,0.8598785754766034
planned_path,,,,,,,,,,,,1900,9.764636962418017,0.8598785754766034
planned_path,,,,,,,,,,,,1901,9.814636963163075,0.8598785754766034
planned_path,,,,,,,,,,,,1902,9.864636963908133,0.8598785754766034
planned_path,,,,,,,,,,,,1903,9.91463696465319,0.8598785754766034
planned_path,,,,,,,,,,,,1904,9.964636965398249,0.8598785754766034
planned_path,,,,,,,,,,,,1905,10.014636966143307,0.8598785754766034
planned_path,,,,,,,,,,,,1906,10.064636966888365,0.8598785754766034
planned_path,,,,,,,,,,,,1907,10.114636967633423,0.8598785754766034
planned_path,,,,,,,,,,,,1908,10.164636968378481,0.8598785754766034
planned_path,,,,,,,,,,,,1909,10.21463696912354,0.8598785754766034
planned_path,,,,,,,,,,,,1910,10.264636969868597,0.8598785754766034
planned_path,,,,,,,,,,,,1911,10.314636970613655,0.8598785754766034
planned_path,,,,,,,,,,,,1912,10.364636971358713,0.8598785754766034
planned_path,,,,,,,,,,,,1913,10.414636972103771,0.8598785754766034
planned_path,,,,,,,,,,,,1914,10.46463697284883,0.8598785754766034
planned_path,,,,,,,,,,,,1915,10.514636973593888,0.8598785754766034
planned_path,,,,,,,,,,,,1916,10.564636974338946,0.8598785754766034
planned_path,,,,,,,,,,,,1917,10.614636975084004,0.8598785754766034
planned_path,,,,,,,,,,,,1918,10.664636975829062,0.8598785754766034
planned_path,,,,,,,,,,,,1919,10.71463697657412,0.8598785754766034
planned_path,,,,,,,,,,,,1920,10.764636977319178,0.8598785754766034
planned_path,,,,,,,,,,,,1921,10.814636978064236,0.8598785754766034
planned_path,,,,,,,,,,,,1922,10.864636978809294,0.8598785754766034
planned_path,,,,,,,,,,,,1923,10.914636979554352,0.8598785754766034
planned_path,,,,,,,,,,,,1924,10.96463698029941,0.8598785754766034
planned_path,,,,,,,,,,,,1925,11.014636981044468,0.8598785754766034
planned_path,,,,,,,,,,,,1926,11.064636981789526,0.8598785754766034
planned_path,,,,,,,,,,,,1927,11.114636982534584,0.8598785754766034
planned_path,,,,,,,,,,,,1928,11.164636983279642,0.8598785754766034
planned_path,,,,,,,,,,,,1929,11.2146369840247,0.8598785754766034
planned_path,,,,,,,,,,,,1930,11.264636984769758,0.8598785754766034
planned_path,,,,,,,,,,,,1931,11.314636985514817,0.8598785754766034
planned_path,,,,,,,,,,,,1932,11.364636986259875,0.8598785754766034
planned_path,,,,,,,,,,,,1933,11.414636987004933,0.8598785754766034
planned_path,,,,,,,,,,,,1934,11.46463698774999,0.8598785754766034
planned_path,,,,,,,,,,,,1935,11.514636988495049,0.8598785754766034
planned_path,,,,,,,,,,,,1936,11.564636989240107,0.8598785754766034
planned_path,,,,,,,,,,,,1937,11.614636989985165,0.8598785754766034
planned_path,,,,,,,,,,,,1938,11.664636990730223,0.8598785754766034
planned_path,,,,,,,,,,,,1939,11.714636991475281,0.8598785754766034
planned_path,,,,,,,,,,,,1940,11.764636992220339,0.8598785754766034
planned_path,,,,,,,,,,,,1941,11.814636992965397,0.8598785754766034
planned_path,,,,,,,,,,,,1942,11.864636993710455,0.8598785754766034
planned_path,,,,,,,,,,,,1943,11.914636994455513,0.8598785754766034
planned_path,,,,,,,,,,,,1944,11.964636995200571,0.8598785754766034
planned_path,,,,,,,,,,,,1945,12.01463699594563,0.8598785754766034
planned_path,,,,,,,,,,,,1946,12.064636996690687,0.8598785754766034
planned_path,,,,,,,,,,,,1947,12.114636997435746,0.8598785754766034
planned_path,,,,,,,,,,,,1948,12.164636998180804,0.8598785754766034
planned_path,,,,,,,,,,,,1949,12.214636998925862,0.8598785754766034
planned_path,,,,,,,,,,,,1950,12.26463699967092,0.8598785754766034
planned_path,,,,,,,,,,,,1951,12.314637000415978,0.8598785754766034
planned_path,,,,,,,,,,,,1952,12.364637001161036,0.8598785754766034
planned_path,,,,,,,,,,,,1953,12.414637001906094,0.8598785754766034
planned_path,,,,,,,,,,,,1954,12.464637002651152,0.8598785754766034
planned_path,,,,,,,,,,,,1955,12.51463700339621,0.8598785754766034
planned_path,,,,,,,,,,,,1956,12.564637004141268,0.8598785754766034
planned_path,,,,,,,,,,,,1957,12.614637004886326,0.8598785754766034
planned_path,,,,,,,,,,,,1958,12.664637005631384,0.8598785754766034
planned_path,,,,,,,,,,,,1959,12.714637006376442,0.8598785754766034
planned_path,,,,,,,,,,,,1960,12.7646370071215,0.8598785754766034
planned_path,,,,,,,,,,,,1961,12.814637007866558,0.8598785754766034
planned_path,,,,,,,,,,,,1962,12.864637008611616,0.8598785754766034
planned_path,,,,,,,,,,,,1963,12.914637009356674,0.8598785754766034
planned_path,,,,,,,,,,,,1964,12.964637010101733,0.8598785754766034
planned_path,,,,,,,,,,,,1965,13.01463701084679,0.8598785754766034
planned_path,,,,,,,,,,,,1966,13.064637011591849,0.8598785754766034
planned_path,,,,,,,,,,,,1967,13.114637012336907,0.8598785754766034
planned_path,,,,,,,,,,,,1968,13.164637013081965,0.8598785754766034
planned_path,,,,,,,,,,,,1969,13.214637013827023,0.8598785754766034
planned_path,,,,,,,,,,,,1970,13.26463701457208,0.8598785754766034
planned_path,,,,,,,,,,,,1971,13.314637015317139,0.8598785754766034
planned_path,,,,,,,,,,,,1972,13.364637016062197,0.8598785754766034
planned_path,,,,,,,,,,,,1973,13.414637016807255,0.8598785754766034
planned_path,,,,,,,,,,,,1974,13.464637017552313,0.8098785747315453
planned_path,,,,,,,,,,,,1975,13.514637018297371,0.8098785747315453
planned_path,,,,,,,,,,,,1976,13.56463701904243,0.8098785747315453
planned_path,,,,,,,,,,,,1977,13.614637019787487,0.8098785747315453
planned_path,,,,,,,,,,,,1978,13.664637020532545,0.8098785747315453
planned_path,,,,,,,,,,,,1979,13.714637021277603,0.8098785747315453
planned_path,,,,,,,,,,,,1980,13.764637022022661,0.7598785739864873
planned_path,,,,,,,,,,,,1981,13.81463702276772,0.7598785739864873
planned_path,,,,,,,,,,,,1982,13.864637023512778,0.7598785739864873
planned_path,,,,,,,,,,,,1983,13.914637024257836,0.7598785739864873
planned_path,,,,,,,,,,,,1984,13.964637025002894,0.7598785739864873
planned_path,,,,,,,,,,,,1985,14.014637025747952,0.7598785739864873
planned_path,,,,,,,,,,,,1986,14.06463702649301,0.7098785732414292
planned_path,,,,,,,,,,,,1987,14.114637027238068,0.7098785732414292
planned_path,,,,,,,,,,,,1988,14.164637027983126,0.7098785732414292
planned_path,,,,,,,,,,,,1989,14.164637027983126,0.7098785732414292
planned_path,,,,,,,,,,,,1990,14.214637028728184,0.7598785739864873
planned_path,,,,,,,,,,,,1991,14.264637029473242,0.8098785747315453
planned_path,,,,,,,,,,,,1992,14.3146370302183,0.8598785754766034
planned_path,,,,,,,,,,,,1993,14.364637030963358,0.9098785762216615
planned_path,,,,,,,,,,,,1994,14.414637031708416,0.9598785769667195
planned_path,,,,,,,,,,,,1995,14.464637032453474,1.0098785777117776
planned_path,,,,,,,,,,,,1996,14.514637033198532,1.0598785784568356
planned_path,,,,,,,,,,,,1997,14.56463703394359,1.1098785792018937
planned_path,,,,,,,,,,,,1998,14.614637034688648,1.1598785799469518
planned_path,,,,,,,,,,,,1999,14.664637035433707,1.2098785806920098
planned_path,,,,,,,,,,,,2000,14.714637036178765,1.2598785814370679
planned_path,,,,,,,,,,,,2001,14.764637036923823,1.309878582182126
planned_path,,,,,,,,,,,,2002,14.81463703766888,1.359878582927184
planned_path,,,,,,,,,,,,2003,14.864637038413939,1.409878583672242
planned_path,,,,,,,,,,,,2004,14.914637039158997,1.4598785844173001
planned_path,,,,,,,,,,,,2005,14.964637039904055,1.5098785851623582
planned_path,,,,,,,,,,,,2006,15.014637040649113,1.5598785859074162
planned_path,,,,,,,,,,,,2007,15.064637041394171,1.6098785866524743
planned_path,,,,,,,,,,,,2008,15.064637041394171,1.6598785873975324
planned_path,,,,,,,,,,,,2009,15.114637042139229,1.7098785881425904
planned_path,,,,,,,,,,,,2010,15.114637042139229,1.7598785888876485
planned_path,,,,,,,,,,,,2011,15.114637042139229,1.8098785896327065
planned_path,,,,,,,,,,,,2012,15.114637042139229,1.8098785896327065
planned_path,,,,,,,,,,,,2013,15.114637042139229,1.8598785903777646
planned_path,,,,,,,,,,,,2014,15.114637042139229,1.9098785911228227
planned_path,,,,,,,,,,,,2015,15.114637042139229,1.9598785918678807
planned_path,,,,,,,,,,,,2016,15.114637042139229,2.0098785926129388
planned_path,,,,,,,,,,,,2017,15.114637042139229,2.059878593357997
planned_path,,,,,,,,,,,,2018,15.114637042139229,2.109878594103055
planned_path,,,,,,,,,,,,2019,15.114637042139229,2.159878594848113
planned_path,,,,,,,,,,,,2020,15.114637042139229,2.209878595593171
planned_path,,,,,,,,,,,,2021,15.114637042139229,2.259878596338229
planned_path,,,,,,,,,,,,2022,15.164637042884287,2.309878597083287
planned_path,,,,,,,,,,,,2023,15.164637042884287,2.359878597828345
planned_path,,,,,,,,,,,,2024,15.164637042884287,2.4098785985734033
planned_path,,,,,,,,,,,,2025,15.214637043629345,2.4598785993184613
planned_path,,,,,,,,,,,,2026,15.214637043629345,2.5098786000635194
planned_path,,,,,,,,,,,,2027,15.214637043629345,2.5598786008085774
planned_path,,,,,,,,,,,,2028,15.214637043629345,2.6098786015536355
planned_path,,,,,,,,,,,,2029,15.214637043629345,2.6598786022986936
planned_path,,,,,,,,,,,,2030,15.214637043629345,2.7098786030437516
planned_path,,,,,,,,,,,,2031,15.214637043629345,2.7598786037888097
planned_path,,,,,,,,,,,,2032,15.214637043629345,2.8098786045338677
planned_path,,,,,,,,,,,,2033,15.214637043629345,2.859878605278926
planned_path,,,,,,,,,,,,2034,15.214637043629345,2.909878606023984
planned_path,,,,,,,,,,,,2035,15.214637043629345,2.959878606769042
planned_path,,,,,,,,,,,,2036,15.214637043629345,3.0098786075141
planned_path,,,,,,,,,,,,2037,15.214637043629345,3.059878608259158
planned_path,,,,,,,,,,,,2038,15.214637043629345,3.109878609004216
planned_path,,,,,,,,,,,,2039,15.214637043629345,3.159878609749274
planned_path,,,,,,,,,,,,2040,15.214637043629345,3.209878610494332
planned_path,,,,,,,,,,,,2041,15.264637044374403,3.2598786112393903
planned_path,,,,,,,,,,,,2042,15.264637044374403,3.3098786119844483
planned_path,,,,,,,,,,,,2043,15.264637044374403,3.3598786127295064
planned_path,,,,,,,,,,,,2044,15.264637044374403,3.3598786127295064
planned_path,,,,,,,,,,,,2045,15.264637044374403,3.4098786134745644
planned_path,,,,,,,,,,,,2046,15.264637044374403,3.4598786142196225
planned_path,,,,,,,,,,,,2047,15.264637044374403,3.5098786149646806
planned_path,,,,,,,,,,,,2048,15.264637044374403,3.5598786157097386
planned_path,,,,,,,,,,,,2049,15.264637044374403,3.6098786164547967
planned_path,,,,,,,,,,,,2050,15.264637044374403,3.6598786171998547
planned_path,,,,,,,,,,,,2051,15.264637044374403,3.709878617944913
planned_path,,,,,,,,,,,,2052,15.264637044374403,3.759878618689971
planned_path,,,,,,,,,,,,2053,15.264637044374403,3.809878619435029
planned_path,,,,,,,,,,,,2054,15.264637044374403,3.859878620180087
planned_path,,,,,,,,,,,,2055,15.264637044374403,3.909878620925145
planned_path,,,,,,,,,,,,2056,15.264637044374403,3.959878621670203
planned_path,,,,,,,,,,,,2057,15.264637044374403,4.009878622415261
planned_path,,,,,,,,,,,,2058,15.264637044374403,4.059878623160319
planned_path,,,,,,,,,,,,2059,15.264637044374403,4.109878623905377
planned_path,,,,,,,,,,,,2060,15.264637044374403,4.159878624650435
planned_path,,,,,,,,,,,,2061,15.264637044374403,4.209878625395493
planned_path,,,,,,,,,,,,2062,15.264637044374403,4.2598786261405515
planned_path,,,,,,,,,,,,2063,15.264637044374403,4.3098786268856095
planned_path,,,,,,,,,,,,2064,15.264637044374403,4.359878627630668
planned_path,,,,,,,,,,,,2065,15.264637044374403,4.409878628375726
planned_path,,,,,,,,,,,,2066,15.264637044374403,4.459878629120784
planned_path,,,,,,,,,,,,2067,15.264637044374403,4.509878629865842
planned_path,,,,,,,,,,,,2068,15.264637044374403,4.5598786306109
planned_path,,,,,,,,,,,,2069,15.264637044374403,4.609878631355958
planned_path,,,,,,,,,,,,2070,15.264637044374403,4.659878632101016
planned_path,,,,,,,,,,,,2071,15.264637044374403,4.709878632846074
planned_path,,,,,,,,,,,,2072,15.264637044374403,4.759878633591132
planned_path,,,,,,,,,,,,2073,15.264637044374403,4.80987863433619
planned_path,,,,,,,,,,,,2074,15.264637044374403,4.859878635081248
planned_path,,,,,,,,,,,,2075,15.264637044374403,4.909878635826306
planned_path,,,,,,,,,,,,2076,15.264637044374403,4.959878636571364
planned_path,,,,,,,,,,,,2077,15.264637044374403,5.009878637316422
planned_path,,,,,,,,,,,,2078,15.264637044374403,5.05987863806148
planned_path,,,,,,,,,,,,2079,15.264637044374403,5.1098786388065385
planned_path,,,,,,,,,,,,2080,15.264637044374403,5.1598786395515965
planned_path,,,,,,,,,,,,2081,15.264637044374403,5.209878640296655
planned_path,,,,,,,,,,,,2082,15.264637044374403,5.259878641041713
planned_path,,,,,,,,,,,,2083,15.264637044374403,5.309878641786771
planned_path,,,,,,,,,,,,2084,15.264637044374403,5.359878642531829
planned_path,,,,,,,,,,,,2085,15.264637044374403,5.409878643276887
planned_path,,,,,,,,,,,,2086,15.264637044374403,5.459878644021945
planned_path,,,,,,,,,,,,2087,15.264637044374403,5.509878644767003
planned_path,,,,,,,,,,,,2088,15.264637044374403,5.559878645512061
planned_path,,,,,,,,,,,,2089,15.264637044374403,5.609878646257119
planned_path,,,,,,,,,,,,2090,15.264637044374403,5.659878647002177
planned_path,,,,,,,,,,,,2091,15.264637044374403,5.709878647747235
planned_path,,,,,,,,,,,,2092,15.264637044374403,5.759878648492293
planned_path,,,,,,,,,,,,2093,15.264637044374403,5.809878649237351
planned_path,,,,,,,,,,,,2094,15.264637044374403,5.859878649982409
planned_path,,,,,,,,,,,,2095,15.264637044374403,5.909878650727467
planned_path,,,,,,,,,,,,2096,15.264637044374403,5.9598786514725255
planned_path,,,,,,,,,,,,2097,15.264637044374403,6.0098786522175836
planned_path,,,,,,,,,,,,2098,15.264637044374403,6.059878652962642
planned_path,,,,,,,,,,,,2099,15.264637044374403,6.1098786537077
planned_path,,,,,,,,,,,,2100,15.264637044374403,6.159878654452758
planned_path,,,,,,,,,,,,2101,15.264637044374403,6.209878655197816
planned_path,,,,,,,,,,,,2102,15.264637044374403,6.259878655942874
planned_path,,,,,,,,,,,,2103,15.264637044374403,6.309878656687932
planned_path,,,,,,,,,,,,2104,15.264637044374403,6.35987865743299
planned_path,,,,,,,,,,,,2105,15.264637044374403,6.409878658178048
planned_path,,,,,,,,,,,,2106,15.264637044374403,6.459878658923106
planned_path,,,,,,,,,,,,2107,15.264637044374403,6.509878659668164
planned_path,,,,,,,,,,,,2108,15.264637044374403,6.559878660413222
planned_path,,,,,,,,,,,,2109,15.264637044374403,6.60987866115828
planned_path,,,,,,,,,,,,2110,15.264637044374403,6.659878661903338
planned_path,,,,,,,,,,,,2111,15.264637044374403,6.709878662648396
planned_path,,,,,,,,,,,,2112,15.264637044374403,6.7598786633934544
planned_path,,,,,,,,,,,,2113,15.264637044374403,6.8098786641385125
planned_path,,,,,,,,,,,,2114,15.264637044374403,6.859878664883571
planned_path,,,,,,,,,,,,2115,15.264637044374403,6.909878665628629
planned_path,,,,,,,,,,,,2116,15.264637044374403,6.959878666373687
planned_path,,,,,,,,,,,,2117,15.264637044374403,7.009878667118745
planned_path,,,,,,,,,,,,2118,15.264637044374403,7.059878667863803
planned_path,,,,,,,,,,,,2119,15.264637044374403,7.109878668608861
planned_path,,,,,,,,,,,,2120,15.264637044374403,7.159878669353919
planned_path,,,,,,,,,,,,2121,15.264637044374403,7.209878670098977
planned_path,,,,,,,,,,,,2122,15.264637044374403,7.259878670844035
planned_path,,,,,,,,,,,,2123,15.264637044374403,7.309878671589093
planned_path,,,,,,,,,,,,2124,15.264637044374403,7.359878672334151
planned_path,,,,,,,,,,,,2125,15.264637044374403,7.409878673079209
planned_path,,,,,,,,,,,,2126,15.264637044374403,7.459878673824267
planned_path,,,,,,,,,,,,2127,15.264637044374403,7.509878674569325
planned_path,,,,,,,,,,,,2128,15.264637044374403,7.559878675314383
planned_path,,,,,,,,,,,,2129,15.264637044374403,7.6098786760594415
planned_path,,,,,,,,,,,,2130,15.264637044374403,7.6598786768044995
planned_path,,,,,,,,,,,,2131,15.264637044374403,7.709878677549558
planned_path,,,,,,,,,,,,2132,15.264637044374403,7.759878678294616
planned_path,,,,,,,,,,,,2133,15.264637044374403,7.809878679039674
planned_path,,,,,,,,,,,,2134,15.264637044374403,7.859878679784732
planned_path,,,,,,,,,,,,2135,15.264637044374403,7.90987868052979
planned_path,,,,,,,,,,,,2136,15.264637044374403,7.959878681274848
planned_path,,,,,,,,,,,,2137,15.264637044374403,8.009878682019906
planned_path,,,,,,,,,,,,2138,15.264637044374403,8.059878682764964
planned_path,,,,,,,,,,,,2139,15.264637044374403,8.109878683510022
planned_path,,,,,,,,,,,,2140,15.264637044374403,8.15987868425508
planned_path,,,,,,,,,,,,2141,15.264637044374403,8.209878685000138
planned_path,,,,,,,,,,,,2142,15.264637044374403,8.259878685745196
planned_path,,,,,,,,,,,,2143,15.264637044374403,8.309878686490254
planned_path,,,,,,,,,,,,2144,15.264637044374403,8.359878687235312
planned_path,,,,,,,,,,,,2145,15.264637044374403,8.40987868798037
planned_path,,,,,,,,,,,,2146,15.264637044374403,8.459878688725428
planned_path,,,,,,,,,,,,2147,15.264637044374403,8.509878689470487
planned_path,,,,,,,,,,,,2148,15.264637044374403,8.559878690215545
planned_path,,,,,,,,,,,,2149,15.264637044374403,8.609878690960603
planned_path,,,,,,,,,,,,2150,15.264637044374403,8.65987869170566
planned_path,,,,,,,,,,,,2151,15.264637044374403,8.709878692450719
planned_path,,,,,,,,,,,,2152,15.264637044374403,8.759878693195777
planned_path,,,,,,,,,,,,2153,15.264637044374403,8.809878693940835
planned_path,,,,,,,,,,,,2154,15.264637044374403,8.859878694685893
planned_path,,,,,,,,,,,,2155,15.264637044374403,8.909878695430951
planned_path,,,,,,,,,,,,2156,15.264637044374403,8.959878696176009
planned_path,,,,,,,,,,,,2157,15.264637044374403,9.009878696921067
planned_path,,,,,,,,,,,,2158,15.264637044374403,9.059878697666125
planned_path,,,,,,,,,,,,2159,15.264637044374403,9.109878698411183
planned_path,,,,,,,,,,,,2160,15.264637044374403,9.159878699156241
planned_path,,,,,,,,,,,,2161,15.264637044374403,9.2098786999013
planned_path,,,,,,,,,,,,2162,15.264637044374403,9.259878700646357
planned_path,,,,,,,,,,,,2163,15.264637044374403,9.309878701391415
planned_path,,,,,,,,,,,,2164,15.314637045119461,9.359878702136474
planned_path,,,,,,,,,,,,2165,15.314637045119461,9.409878702881532
planned_path,,,,,,,,,,,,2166,15.314637045119461,9.45987870362659
planned_path,,,,,,,,,,,,2167,15.314637045119461,9.509878704371648
planned_path,,,,,,,,,,,,2168,15.314637045119461,9.559878705116706
planned_path,,,,,,,,,,,,2169,15.314637045119461,9.609878705861764
planned_path,,,,,,,,,,,,2170,15.36463704586452,9.659878706606822
planned_path,,,,,,,,,,,,2171,15.36463704586452,9.70987870735188
planned_path,,,,,,,,,,,,2172,15.36463704586452,9.759878708096938
planned_path,,,,,,,,,,,,2173,15.464637047354636,12.00987874162455
planned_path,,,,,,,,,,,,2174,15.414637046609577,12.00987874162455
planned_path,,,,,,,,,,,,2175,15.36463704586452,12.059878742369609
planned_path,,,,,,,,,,,,2176,15.314637045119461,12.109878743114667
planned_path,,,,,,,,,,,,2177,15.264637044374403,12.159878743859725
planned_path,,,,,,,,,,,,2178,15.264637044374403,12.209878744604783
planned_path,,,,,,,,,,,,2179,15.264637044374403,12.259878745349841
planned_path,,,,,,,,,,,,2180,15.264637044374403,12.309878746094899
planned_path,,,,,,,,,,,,2181,15.264637044374403,12.359878746839957
planned_path,,,,,,,,,,,,2182,15.214637043629345,12.409878747585015
planned_path,,,,,,,,,,,,2183,15.214637043629345,12.459878748330073
planned_path,,,,,,,,,,,,2184,15.214637043629345,12.509878749075131
planned_path,,,,,,,,,,,,2185,15.214637043629345,12.55987874982019
planned_path,,,,,,,,,,,,2186,15.214637043629345,12.609878750565247
planned_path,,,,,,,,,,,,2187,15.214637043629345,12.659878751310305
planned_path,,,,,,,,,,,,2188,15.164637042884287,12.709878752055364
planned_path,,,,,,,,,,,,2189,15.164637042884287,12.759878752800422
planned_path,,,,,,,,,,,,2190,15.164637042884287,12.80987875354548
planned_path,,,,,,,,,,,,2191,15.164637042884287,12.80987875354548
planned_path,,,,,,,,,,,,2192,15.114637042139229,12.859878754290538
planned_path,,,,,,,,,,,,2193,15.064637041394171,12.909878755035596
planned_path,,,,,,,,,,,,2194,15.014637040649113,12.959878755780654
planned_path,,,,,,,,,,,,2195,14.964637039904055,13.009878756525712
planned_path,,,,,,,,,,,,2196,14.914637039158997,13.05987875727077
planned_path,,,,,,,,,,,,2197,14.864637038413939,13.109878758015828
planned_path,,,,,,,,,,,,2198,14.81463703766888,13.159878758760886
planned_path,,,,,,,,,,,,2199,14.764637036923823,13.209878759505944
planned_path,,,,,,,,,,,,2200,14.714637036178765,13.259878760251002
planned_path,,,,,,,,,,,,2201,14.664637035433707,13.259878760251002
planned_path,,,,,,,,,,,,2202,14.664637035433707,13.259878760251002
planned_path,,,,,,,,,,,,2203,14.614637034688648,13.259878760251002
planned_path,,,,,,,,,,,,2204,14.56463703394359,13.259878760251002
planned_path,,,,,,,,,,,,2205,14.514637033198532,13.259878760251002
planned_path,,,,,,,,,,,,2206,14.464637032453474,13.259878760251002
planned_path,,,,,,,,,,,,2207,14.414637031708416,13.259878760251002
planned_path,,,,,,,,,,,,2208,14.364637030963358,13.259878760251002
planned_path,,,,,,,,,,,,2209,14.3146370302183,13.259878760251002
planned_path,,,,,,,,,,,,2210,14.264637029473242,13.259878760251002
planned_path,,,,,,,,,,,,2211,14.214637028728184,13.259878760251002
planned_path,,,,,,,,,,,,2212,14.164637027983126,13.259878760251002
planned_path,,,,,,,,,,,,2213,14.114637027238068,13.259878760251002
planned_path,,,,,,,,,,,,2214,14.06463702649301,13.30987876099606
planned_path,,,,,,,,,,,,2215,14.014637025747952,13.359878761741118
planned_path,,,,,,,,,,,,2216,13.964637025002894,13.409878762486176
planned_path,,,,,,,,,,,,2217,13.914637024257836,13.409878762486176
planned_path,,,,,,,,,,,,2218,13.864637023512778,13.409878762486176
planned_path,,,,,,,,,,,,2219,13.81463702276772,13.409878762486176
planned_path,,,,,,,,,,,,2220,13.764637022022661,13.409878762486176
planned_path,,,,,,,,,,,,2221,13.714637021277603,13.409878762486176
planned_path,,,,,,,,,,,,2222,13.664637020532545,13.409878762486176
planned_path,,,,,,,,,,,,2223,13.614637019787487,13.409878762486176
planned_path,,,,,,,,,,,,2224,13.56463701904243,13.409878762486176
planned_path,,,,,,,,,,,,2225,13.514637018297371,13.409878762486176
planned_path,,,,,,,,,,,,2226,13.464637017552313,13.409878762486176
planned_path,,,,,,,,,,,,2227,13.414637016807255,13.409878762486176
planned_path,,,,,,,,,,,,2228,13.364637016062197,13.409878762486176
planned_path,,,,,,,,,,,,2229,13.314637015317139,13.409878762486176
planned_path,,,,,,,,,,,,2230,13.26463701457208,13.409878762486176
planned_path,,,,,,,,,,,,2231,13.214637013827023,13.409878762486176
planned_path,,,,,,,,,,,,2232,13.214637013827023,13.409878762486176
planned_path,,,,,,,,,,,,2233,13.164637013081965,13.409878762486176
planned_path,,,,,,,,,,,,2234,13.114637012336907,13.409878762486176
planned_path,,,,,,,,,,,,2235,13.064637011591849,13.409878762486176
planned_path,,,,,,,,,,,,2236,13.01463701084679,13.409878762486176
planned_path,,,,,,,,,,,,2237,12.964637010101733,13.409878762486176
planned_path,,,,,,,,,,,,2238,12.914637009356674,13.409878762486176
planned_path,,,,,,,,,,,,2239,12.864637008611616,13.409878762486176
planned_path,,,,,,,,,,,,2240,12.814637007866558,13.409878762486176
planned_path,,,,,,,,,,,,2241,12.7646370071215,13.409878762486176
planned_path,,,,,,,,,,,,2242,12.714637006376442,13.409878762486176
planned_path,,,,,,,,,,,,2243,12.664637005631384,13.409878762486176
planned_path,,,,,,,,,,,,2244,12.614637004886326,13.409878762486176
planned_path,,,,,,,,,,,,2245,12.564637004141268,13.409878762486176
planned_path,,,,,,,,,,,,2246,12.51463700339621,13.409878762486176
planned_path,,,,,,,,,,,,2247,12.464637002651152,13.409878762486176
planned_path,,,,,,,,,,,,2248,12.414637001906094,13.409878762486176
planned_path,,,,,,,,,,,,2249,12.364637001161036,13.409878762486176
planned_path,,,,,,,,,,,,2250,12.314637000415978,13.409878762486176
planned_path,,,,,,,,,,,,2251,12.26463699967092,13.409878762486176
planned_path,,,,,,,,,,,,2252,12.214636998925862,13.409878762486176
planned_path,,,,,,,,,,,,2253,12.164636998180804,13.409878762486176
planned_path,,,,,,,,,,,,2254,12.114636997435746,13.409878762486176
planned_path,,,,,,,,,,,,2255,12.064636996690687,13.409878762486176
planned_path,,,,,,,,,,,,2256,12.01463699594563,13.409878762486176
planned_path,,,,,,,,,,,,2257,11.964636995200571,13.409878762486176
planned_path,,,,,,,,,,,,2258,11.914636994455513,13.409878762486176
planned_path,,,,,,,,,,,,2259,11.864636993710455,13.409878762486176
planned_path,,,,,,,,,,,,2260,11.814636992965397,13.409878762486176
planned_path,,,,,,,,,,,,2261,11.764636992220339,13.409878762486176
planned_path,,,,,,,,,,,,2262,11.714636991475281,13.409878762486176
planned_path,,,,,,,,,,,,2263,11.664636990730223,13.409878762486176
planned_path,,,,,,,,,,,,2264,11.614636989985165,13.409878762486176
planned_path,,,,,,,,,,,,2265,11.564636989240107,13.409878762486176
planned_path,,,,,,,,,,,,2266,11.514636988495049,13.409878762486176
planned_path,,,,,,,,,,,,2267,11.46463698774999,13.409878762486176
planned_path,,,,,,,,,,,,2268,11.414636987004933,13.409878762486176
planned_path,,,,,,,,,,,,2269,11.364636986259875,13.409878762486176
planned_path,,,,,,,,,,,,2270,11.314636985514817,13.409878762486176
planned_path,,,,,,,,,,,,2271,11.264636984769758,13.409878762486176
planned_path,,,,,,,,,,,,2272,11.2146369840247,13.409878762486176
planned_path,,,,,,,,,,,,2273,11.164636983279642,13.409878762486176
planned_path,,,,,,,,,,,,2274,11.114636982534584,13.409878762486176
planned_path,,,,,,,,,,,,2275,11.064636981789526,13.409878762486176
planned_path,,,,,,,,,,,,2276,11.014636981044468,13.409878762486176
planned_path,,,,,,,,,,,,2277,10.96463698029941,13.409878762486176
planned_path,,,,,,,,,,,,2278,10.914636979554352,13.409878762486176
planned_path,,,,,,,,,,,,2279,10.864636978809294,13.409878762486176
planned_path,,,,,,,,,,,,2280,10.814636978064236,13.409878762486176
planned_path,,,,,,,,,,,,2281,10.764636977319178,13.409878762486176
planned_path,,,,,,,,,,,,2282,10.71463697657412,13.409878762486176
planned_path,,,,,,,,,,,,2283,10.664636975829062,13.409878762486176
planned_path,,,,,,,,,,,,2284,10.614636975084004,13.409878762486176
planned_path,,,,,,,,,,,,2285,10.564636974338946,13.409878762486176
planned_path,,,,,,,,,,,,2286,10.514636973593888,13.409878762486176
planned_path,,,,,,,,,,,,2287,10.46463697284883,13.409878762486176
planned_path,,,,,,,,,,,,2288,10.414636972103771,13.409878762486176
planned_path,,,,,,,,,,,,2289,10.364636971358713,13.409878762486176
planned_path,,,,,,,,,,,,2290,10.314636970613655,13.409878762486176
planned_path,,,,,,,,,,,,2291,10.264636969868597,13.409878762486176
planned_path,,,,,,,,,,,,2292,10.21463696912354,13.409878762486176
planned_path,,,,,,,,,,,,2293,10.164636968378481,13.409878762486176
planned_path,,,,,,,,,,,,2294,10.114636967633423,13.409878762486176
planned_path,,,,,,,,,,,,2295,10.064636966888365,13.409878762486176
planned_path,,,,,,,,,,,,2296,10.014636966143307,13.409878762486176
planned_path,,,,,,,,,,,,2297,9.964636965398249,13.409878762486176
planned_path,,,,,,,,,,,,2298,9.91463696465319,13.409878762486176
planned_path,,,,,,,,,,,,2299,9.864636963908133,13.409878762486176
planned_path,,,,,,,,,,,,2300,9.814636963163075,13.409878762486176
planned_path,,,,,,,,,,,,2301,9.764636962418017,13.409878762486176
planned_path,,,,,,,,,,,,2302,9.714636961672959,13.409878762486176
planned_path,,,,,,,,,,,,2303,9.6646369609279,13.409878762486176
planned_path,,,,,,,,,,,,2304,9.614636960182843,13.409878762486176
planned_path,,,,,,,,,,,,2305,9.564636959437784,13.409878762486176
planned_path,,,,,,,,,,,,2306,9.514636958692726,13.409878762486176
planned_path,,,,,,,,,,,,2307,9.464636957947668,13.409878762486176
planned_path,,,,,,,,,,,,2308,9.41463695720261,13.409878762486176
planned_path,,,,,,,,,,,,2309,9.364636956457552,13.409878762486176
planned_path,,,,,,,,,,,,2310,9.314636955712494,13.409878762486176
planned_path,,,,,,,,,,,,2311,9.264636954967436,13.409878762486176
planned_path,,,,,,,,,,,,2312,9.214636954222378,13.409878762486176
planned_path,,,,,,,,,,,,2313,9.16463695347732,13.409878762486176
planned_path,,,,,,,,,,,,2314,9.114636952732262,13.409878762486176
planned_path,,,,,,,,,,,,2315,9.064636951987204,13.409878762486176
planned_path,,,,,,,,,,,,2316,9.014636951242146,13.409878762486176
planned_path,,,,,,,,,,,,2317,8.964636950497088,13.409878762486176
planned_path,,,,,,,,,,,,2318,8.91463694975203,13.409878762486176
planned_path,,,,,,,,,,,,2319,8.864636949006972,13.409878762486176
planned_path,,,,,,,,,,,,2320,8.814636948261914,13.409878762486176
planned_path,,,,,,,,,,,,2321,8.764636947516856,13.409878762486176
planned_path,,,,,,,,,,,,2322,8.714636946771797,13.409878762486176
planned_path,,,,,,,,,,,,2323,8.66463694602674,13.409878762486176
planned_path,,,,,,,,,,,,2324,8.614636945281681,13.409878762486176
planned_path,,,,,,,,,,,,2325,8.564636944536623,13.409878762486176
planned_path,,,,,,,,,,,,2326,8.514636943791565,13.409878762486176
planned_path,,,,,,,,,,,,2327,8.464636943046507,13.409878762486176
planned_path,,,,,,,,,,,,2328,8.414636942301449,13.409878762486176
planned_path,,,,,,,,,,,,2329,8.364636941556391,13.409878762486176
planned_path,,,,,,,,,,,,2330,8.314636940811333,13.409878762486176
planned_path,,,,,,,,,,,,2331,8.264636940066275,13.409878762486176
planned_path,,,,,,,,,,,,2332,8.214636939321217,13.409878762486176
planned_path,,,,,,,,,,,,2333,8.164636938576159,13.409878762486176
planned_path,,,,,,,,,,,,2334,8.1146369378311,13.409878762486176
planned_path,,,,,,,,,,,,2335,8.064636937086043,13.409878762486176
planned_path,,,,,,,,,,,,2336,8.014636936340985,13.409878762486176
planned_path,,,,,,,,,,,,2337,7.964636935595926,13.409878762486176
planned_path,,,,,,,,,,,,2338,7.914636934850868,13.409878762486176
planned_path,,,,,,,,,,,,2339,7.8646369341058096,13.409878762486176
planned_path,,,,,,,,,,,,2340,7.8146369333607515,13.409878762486176
planned_path,,,,,,,,,,,,2341,7.764636932615693,13.409878762486176
planned_path,,,,,,,,,,,,2342,7.714636931870635,13.409878762486176
planned_path,,,,,,,,,,,,2343,7.664636931125577,13.409878762486176
planned_path,,,,,,,,,,,,2344,7.614636930380519,13.409878762486176
planned_path,,,,,,,,,,,,2345,7.564636929635461,13.409878762486176
planned_path,,,,,,,,,,,,2346,7.514636928890403,13.409878762486176
planned_path,,,,,,,,,,,,2347,7.464636928145345,13.409878762486176
planned_path,,,,,,,,,,,,2348,7.414636927400287,13.409878762486176
planned_path,,,,,,,,,,,,2349,7.364636926655229,13.409878762486176
planned_path,,,,,,,,,,,,2350,7.314636925910171,13.409878762486176
planned_path,,,,,,,,,,,,2351,7.264636925165113,13.409878762486176
planned_path,,,,,,,,,,,,2352,7.214636924420055,13.409878762486176
planned_path,,,,,,,,,,,,2353,7.164636923674997,13.409878762486176
planned_path,,,,,,,,,,,,2354,7.114636922929939,13.409878762486176
planned_path,,,,,,,,,,,,2355,7.064636922184881,13.409878762486176
planned_path,,,,,,,,,,,,2356,7.0146369214398225,13.409878762486176
planned_path,,,,,,,,,,,,2357,6.9646369206947645,13.409878762486176
planned_path,,,,,,,,,,,,2358,6.914636919949706,13.409878762486176
planned_path,,,,,,,,,,,,2359,6.864636919204648,13.409878762486176
planned_path,,,,,,,,,,,,2360,6.81463691845959,13.409878762486176
planned_path,,,,,,,,,,,,2361,6.764636917714532,13.409878762486176
planned_path,,,,,,,,,,,,2362,6.714636916969474,13.409878762486176
planned_path,,,,,,,,,,,,2363,6.664636916224416,13.409878762486176
planned_path,,,,,,,,,,,,2364,6.614636915479358,13.409878762486176
planned_path,,,,,,,,,,,,2365,6.5646369147343,13.409878762486176
planned_path,,,,,,,,,,,,2366,6.514636913989242,13.409878762486176
planned_path,,,,,,,,,,,,2367,6.464636913244184,13.409878762486176
planned_path,,,,,,,,,,,,2368,6.414636912499126,13.409878762486176
planned_path,,,,,,,,,,,,2369,6.364636911754068,13.409878762486176
planned_path,,,,,,,,,,,,2370,6.31463691100901,13.409878762486176
planned_path,,,,,,,,,,,,2371,6.264636910263952,13.409878762486176
planned_path,,,,,,,,,,,,2372,6.214636909518894,13.409878762486176
planned_path,,,,,,,,,,,,2373,6.1646369087738355,13.409878762486176
planned_path,,,,,,,,,,,,2374,6.1146369080287775,13.409878762486176
planned_path,,,,,,,,,,,,2375,6.064636907283719,13.409878762486176
planned_path,,,,,,,,,,,,2376,6.014636906538661,13.409878762486176
planned_path,,,,,,,,,,,,2377,5.964636905793603,13.409878762486176
planned_path,,,,,,,,,,,,2378,5.914636905048545,13.409878762486176
planned_path,,,,,,,,,,,,2379,5.864636904303487,13.409878762486176
planned_path,,,,,,,,,,,,2380,5.814636903558429,13.409878762486176
planned_path,,,,,,,,,,,,2381,5.764636902813371,13.409878762486176
planned_path,,,,,,,,,,,,2382,5.714636902068313,13.409878762486176
planned_path,,,,,,,,,,,,2383,5.664636901323255,13.409878762486176
planned_path,,,,,,,,,,,,2384,5.614636900578197,13.409878762486176
planned_path,,,,,,,,,,,,2385,5.564636899833139,13.409878762486176
planned_path,,,,,,,,,,,,2386,5.514636899088081,13.409878762486176
planned_path,,,,,,,,,,,,2387,5.464636898343023,13.409878762486176
planned_path,,,,,,,,,,,,2388,5.414636897597965,13.409878762486176
planned_path,,,,,,,,,,,,2389,5.364636896852907,13.409878762486176
planned_path,,,,,,,,,,,,2390,5.3146368961078485,13.409878762486176
planned_path,,,,,,,,,,,,2391,5.2646368953627904,13.409878762486176
planned_path,,,,,,,,,,,,2392,5.214636894617732,13.409878762486176
planned_path,,,,,,,,,,,,2393,5.164636893872674,13.409878762486176
planned_path,,,,,,,,,,,,2394,5.114636893127616,13.409878762486176
planned_path,,,,,,,,,,,,2395,5.064636892382558,13.409878762486176
planned_path,,,,,,,,,,,,2396,5.0146368916375,13.409878762486176
planned_path,,,,,,,,,,,,2397,4.964636890892442,13.409878762486176
planned_path,,,,,,,,,,,,2398,4.914636890147384,13.409878762486176
planned_path,,,,,,,,,,,,2399,4.864636889402326,13.409878762486176
planned_path,,,,,,,,,,,,2400,4.814636888657268,13.409878762486176
planned_path,,,,,,,,,,,,2401,4.76463688791221,13.409878762486176
planned_path,,,,,,,,,,,,2402,4.714636887167152,13.409878762486176
planned_path,,,,,,,,,,,,2403,4.664636886422094,13.409878762486176
planned_path,,,,,,,,,,,,2404,4.614636885677036,13.409878762486176
planned_path,,,,,,,,,,,,2405,4.564636884931978,13.409878762486176
planned_path,,,,,,,,,,,,2406,4.5146368841869196,13.409878762486176
planned_path,,,,,,,,,,,,2407,4.4646368834418615,13.409878762486176
planned_path,,,,,,,,,,,,2408,4.414636882696803,13.409878762486176
planned_path,,,,,,,,,,,,2409,4.364636881951745,13.409878762486176
planned_path,,,,,,,,,,,,2410,4.314636881206687,13.409878762486176
planned_path,,,,,,,,,,,,2411,4.264636880461629,13.409878762486176
planned_path,,,,,,,,,,,,2412,4.214636879716571,13.409878762486176
planned_path,,,,,,,,,,,,2413,4.164636878971513,13.409878762486176
planned_path,,,,,,,,,,,,2414,4.114636878226455,13.409878762486176
planned_path,,,,,,,,,,,,2415,4.064636877481397,13.409878762486176
planned_path,,,,,,,,,,,,2416,4.014636876736339,13.409878762486176
planned_path,,,,,,,,,,,,2417,3.964636875991281,13.409878762486176
planned_path,,,,,,,,,,,,2418,3.914636875246223,13.409878762486176
planned_path,,,,,,,,,,,,2419,3.8646368745011648,13.409878762486176
planned_path,,,,,,,,,,,,2420,3.8146368737561067,13.409878762486176
planned_path,,,,,,,,,,,,2421,3.7646368730110487,13.409878762486176
planned_path,,,,,,,,,,,,2422,3.7146368722659906,13.409878762486176
planned_path,,,,,,,,,,,,2423,3.6646368715209325,13.409878762486176
planned_path,,,,,,,,,,,,2424,3.6146368707758745,13.409878762486176
planned_path,,,,,,,,,,,,2425,3.5646368700308164,13.409878762486176
planned_path,,,,,,,,,,,,2426,3.5146368692857584,13.409878762486176
planned_path,,,,,,,,,,,,2427,3.4646368685407003,13.409878762486176
planned_path,,,,,,,,,,,,2428,3.4146368677956422,13.409878762486176
planned_path,,,,,,,,,,,,2429,3.364636867050584,13.409878762486176
planned_path,,,,,,,,,,,,2430,3.314636866305526,13.409878762486176
planned_path,,,,,,,,,,,,2431,3.264636865560468,13.409878762486176
planned_path,,,,,,,,,,,,2432,3.21463686481541,13.409878762486176
planned_path,,,,,,,,,,,,2433,3.164636864070352,13.409878762486176
planned_path,,,,,,,,,,,,2434,3.114636863325294,13.409878762486176
planned_path,,,,,,,,,,,,2435,3.064636862580236,13.409878762486176
planned_path,,,,,,,,,,,,2436,3.0146368618351778,13.409878762486176
planned_path,,,,,,,,,,,,2437,2.9646368610901197,13.409878762486176
planned_path,,,,,,,,,,,,2438,2.9146368603450616,13.409878762486176
planned_path,,,,,,,,,,,,2439,2.8646368596000036,13.409878762486176
planned_path,,,,,,,,,,,,2440,2.8146368588549455,13.409878762486176
planned_path,,,,,,,,,,,,2441,2.7646368581098875,13.409878762486176
planned_path,,,,,,,,,,,,2442,2.7146368573648294,13.409878762486176
planned_path,,,,,,,,,,,,2443,2.6646368566197713,13.409878762486176
planned_path,,,,,,,,,,,,2444,2.6146368558747133,13.409878762486176
planned_path,,,,,,,,,,,,2445,2.5646368551296552,13.409878762486176
planned_path,,,,,,,,,,,,2446,2.514636854384597,13.409878762486176
planned_path,,,,,,,,,,,,2447,2.464636853639539,13.409878762486176
planned_path,,,,,,,,,,,,2448,2.414636852894481,13.409878762486176
planned_path,,,,,,,,,,,,2449,2.364636852149423,13.409878762486176
planned_path,,,,,,,,,,,,2450,2.314636851404365,13.409878762486176
planned_path,,,,,,,,,,,,2451,2.264636850659307,13.409878762486176
planned_path,,,,,,,,,,,,2452,2.214636849914249,13.409878762486176
planned_path,,,,,,,,,,,,2453,2.1646368491691907,13.409878762486176
planned_path,,,,,,,,,,,,2454,2.1146368484241327,13.409878762486176
planned_path,,,,,,,,,,,,2455,2.0646368476790746,13.409878762486176
planned_path,,,,,,,,,,,,2456,2.0146368469340166,13.409878762486176
planned_path,,,,,,,,,,,,2457,1.9646368461889585,13.409878762486176
planned_path,,,,,,,,,,,,2458,1.9146368454439004,13.409878762486176
planned_path,,,,,,,,,,,,2459,1.8646368446988424,13.409878762486176
planned_path,,,,,,,,,,,,2460,1.8146368439537843,13.409878762486176
planned_path,,,,,,,,,,,,2461,1.7646368432087263,13.409878762486176
planned_path,,,,,,,,,,,,2462,1.7146368424636682,13.409878762486176
planned_path,,,,,,,,,,,,2463,1.6646368417186101,13.409878762486176
planned_path,,,,,,,,,,,,2464,1.614636840973552,13.409878762486176
planned_path,,,,,,,,,,,,2465,1.564636840228494,13.409878762486176
planned_path,,,,,,,,,,,,2466,1.514636839483436,13.409878762486176
planned_path,,,,,,,,,,,,2467,1.464636838738378,13.409878762486176
planned_path,,,,,,,,,,,,2468,1.4146368379933199,13.409878762486176
planned_path,,,,,,,,,,,,2469,1.3646368372482618,13.409878762486176
planned_path,,,,,,,,,,,,2470,1.3146368365032037,13.409878762486176
planned_path,,,,,,,,,,,,2471,1.2646368357581457,13.409878762486176
planned_path,,,,,,,,,,,,2472,1.2146368350130876,13.409878762486176
planned_path,,,,,,,,,,,,2473,1.1646368342680296,13.409878762486176
planned_path,,,,,,,,,,,,2474,1.1146368335229715,13.409878762486176
planned_path,,,,,,,,,,,,2475,1.0646368327779134,13.409878762486176
planned_path,,,,,,,,,,,,2476,1.0146368320328554,13.409878762486176
planned_path,,,,,,,,,,,,2477,0.9646368312877973,13.409878762486176
planned_path,,,,,,,,,,,,2478,0.9146368305427393,13.409878762486176
planned_path,,,,,,,,,,,,2479,0.8646368297976812,13.409878762486176
planned_path,,,,,,,,,,,,2480,0.8146368290526231,13.409878762486176
planned_path,,,,,,,,,,,,2481,0.7646368283075651,13.409878762486176
planned_path,,,,,,,,,,,,2482,0.714636827562507,13.409878762486176
planned_path,,,,,,,,,,,,2483,0.664636826817449,13.409878762486176
planned_path,,,,,,,,,,,,2484,0.6146368260723909,13.409878762486176
planned_path,,,,,,,,,,,,2485,0.5646368253273328,13.409878762486176
planned_path,,,,,,,,,,,,2486,0.5146368245822748,13.459878763231234
planned_path,,,,,,,,,,,,2487,0.4646368238372167,13.459878763231234
planned_path,,,,,,,,,,,,2488,0.41463682309215866,13.459878763231234
planned_path,,,,,,,,,,,,2489,0.3646368223471006,13.459878763231234
planned_path,,,,,,,,,,,,2490,0.31463682160204254,13.459878763231234
planned_path,,,,,,,,,,,,2491,0.2646368208569845,13.459878763231234
planned_path,,,,,,,,,,,,2492,0.21463682011192642,13.509878763976293
planned_path,,,,,,,,,,,,2493,0.16463681936686836,13.509878763976293
planned_path,,,,,,,,,,,,2494,0.1146368186218103,13.509878763976293
planned_path,,,,,,,,,,,,2495,0.06463681787675224,13.509878763976293
planned_path,,,,,,,,,,,,2496,0.01463681713169418,13.509878763976293
planned_path,,,,,,,,,,,,2497,-0.03536318361336388,13.509878763976293
planned_path,,,,,,,,,,,,2498,-0.08536318435842194,13.55987876472135
planned_path,,,,,,,,,,,,2499,-0.13536318510348,13.55987876472135
planned_path,,,,,,,,,,,,2500,-0.18536318584853806,13.55987876472135
planned_path,,,,,,,,,,,,2501,-0.18536318584853806,13.55987876472135
planned_path,,,,,,,,,,,,2502,-0.23536318659359612,13.55987876472135
planned_path,,,,,,,,,,,,2503,-0.2853631873386542,13.55987876472135
planned_path,,,,,,,,,,,,2504,-0.33536318808371224,13.55987876472135
planned_path,,,,,,,,,,,,2505,-0.3853631888287703,13.55987876472135
planned_path,,,,,,,,,,,,2506,-0.43536318957382836,13.55987876472135
planned_path,,,,,,,,,,,,2507,-0.4853631903188864,13.55987876472135
planned_path,,,,,,,,,,,,2508,-0.5353631910639445,13.55987876472135
planned_path,,,,,,,,,,,,2509,-0.5853631918090025,13.55987876472135
planned_path,,,,,,,,,,,,2510,-0.6353631925540606,13.55987876472135
planned_path,,,,,,,,,,,,2511,-0.6853631932991187,13.509878763976293
planned_path,,,,,,,,,,,,2512,-0.7353631940441767,13.509878763976293
planned_path,,,,,,,,,,,,2513,-0.7853631947892348,13.459878763231234
planned_path,,,,,,,,,,,,2514,-0.8353631955342928,13.459878763231234
planned_path,,,,,,,,,,,,2515,-0.8353631955342928,13.459878763231234
planned_path,,,,,,,,,,,,2516,-0.8853631962793509,13.409878762486176
planned_path,,,,,,,,,,,,2517,-0.935363197024409,13.359878761741118
planned_path,,,,,,,,,,,,2518,-0.985363197769467,13.30987876099606
planned_path,,,,,,,,,,,,2519,-1.035363198514525,13.30987876099606
planned_path,,,,,,,,,,,,2520,-1.0853631992595831,13.30987876099606
planned_path,,,,,,,,,,,,2521,-1.1353632000046412,13.30987876099606
planned_path,,,,,,,,,,,,2522,-1.1853632007496993,13.259878760251002
planned_path,,,,,,,,,,,,2523,-1.2353632014947573,13.209878759505944
planned_path,,,,,,,,,,,,2524,-1.2853632022398154,13.159878758760886
planned_path,,,,,,,,,,,,2525,-1.3353632029848734,13.109878758015828
planned_path,,,,,,,,,,,,2526,-1.3853632037299315,13.109878758015828
planned_path,,,,,,,,,,,,2527,-1.3853632037299315,13.109878758015828
planned_path,,,,,,,,,,,,2528,-1.3853632037299315,13.05987875727077
planned_path,,,,,,,,,,,,2529,-1.3853632037299315,13.009878756525712
planned_path,,,,,,,,,,,,2530,-1.3853632037299315,12.959878755780654
planned_path,,,,,,,,,,,,2531,-1.3853632037299315,12.909878755035596
planned_path,,,,,,,,,,,,2532,-1.3853632037299315,12.859878754290538
planned_path,,,,,,,,,,,,2533,-1.3853632037299315,12.80987875354548
planned_path,,,,,,,,,,,,2534,-1.3853632037299315,12.759878752800422
planned_path,,,,,,,,,,,,2535,-1.3853632037299315,12.709878752055364
planned_path,,,,,,,,,,,,2536,-1.3853632037299315,12.659878751310305
planned_path,,,,,,,,,,,,2537,-1.3853632037299315,12.609878750565247
planned_path,,,,,,,,,,,,2538,-1.3853632037299315,12.55987874982019
planned_path,,,,,,,,,,,,2539,-1.3853632037299315,12.509878749075131
planned_path,,,,,,,,,,,,2540,-1.3853632037299315,12.459878748330073
planned_path,,,,,,,,,,,,2541,-1.3853632037299315,12.409878747585015
planned_path,,,,,,,,,,,,2542,-1.3853632037299315,12.359878746839957
planned_path,,,,,,,,,,,,2543,-1.3853632037299315,12.309878746094899
planned_path,,,,,,,,,,,,2544,-1.3853632037299315,12.259878745349841
planned_path,,,,,,,,,,,,2545,-1.3853632037299315,12.209878744604783
planned_path,,,,,,,,,,,,2546,-1.3853632037299315,12.159878743859725
planned_path,,,,,,,,,,,,2547,-1.3853632037299315,12.109878743114667
planned_path,,,,,,,,,,,,2548,-1.3853632037299315,12.059878742369609
planned_path,,,,,,,,,,,,2549,-1.3853632037299315,12.00987874162455
planned_path,,,,,,,,,,,,2550,-1.3853632037299315,11.959878740879493
planned_path,,,,,,,,,,,,2551,-1.4353632044749896,11.909878740134435
planned_path,,,,,,,,,,,,2552,-1.4353632044749896,11.859878739389377
planned_path,,,,,,,,,,,,2553,-1.4353632044749896,11.809878738644318
planned_path,,,,,,,,,,,,2554,-1.4353632044749896,11.75987873789926
planned_path,,,,,,,,,,,,2555,-1.4353632044749896,11.709878737154202
planned_path,,,,,,,,,,,,2556,-1.4353632044749896,11.659878736409144
planned_path,,,,,,,,,,,,2557,-1.4853632052200476,11.609878735664086
planned_path,,,,,,,,,,,,2558,-1.4853632052200476,11.559878734919028
planned_path,,,,,,,,,,,,2559,-1.4853632052200476,11.50987873417397
planned_path,,,,,,,,,,,,2560,-1.4853632052200476,11.50987873417397
planned_path,,,,,,,,,,,,2561,-1.4853632052200476,11.459878733428912
planned_path,,,,,,,,,,,,2562,-1.4853632052200476,11.409878732683854
planned_path,,,,,,,,,,,,2563,-1.5353632059651057,11.359878731938796
planned_path,,,,,,,,,,,,2564,-1.5353632059651057,11.309878731193738
planned_path,,,,,,,,,,,,2565,-1.5353632059651057,11.25987873044868
planned_path,,,,,,,,,,,,2566,-1.5353632059651057,11.209878729703622
planned_path,,,,,,,,,,,,2567,-1.5353632059651057,11.159878728958564
planned_path,,,,,,,,,,,,2568,-1.5353632059651057,11.109878728213506
planned_path,,,,,,,,,,,,2569,-1.5353632059651057,11.059878727468448
planned_path,,,,,,,,,,,,2570,-1.5353632059651057,11.00987872672339
planned_path,,,,,,,,,,,,2571,-1.5353632059651057,10.959878725978331
planned_path,,,,,,,,,,,,2572,-1.5353632059651057,10.909878725233273
planned_path,,,,,,,,,,,,2573,-1.5353632059651057,10.859878724488215
planned_path,,,,,,,,,,,,2574,-1.5353632059651057,10.809878723743157
planned_path,,,,,,,,,,,,2575,-1.5353632059651057,10.7598787229981
planned_path,,,,,,,,,,,,2576,-1.5353632059651057,10.709878722253041
planned_path,,,,,,,,,,,,2577,-1.5353632059651057,10.659878721507983
planned_path,,,,,,,,,,,,2578,-1.5353632059651057,10.609878720762925
planned_path,,,,,,,,,,,,2579,-1.5353632059651057,10.559878720017867
planned_path,,,,,,,,,,,,2580,-1.5353632059651057,10.509878719272809
planned_path,,,,,,,,,,,,2581,-1.5353632059651057,10.45987871852775
planned_path,,,,,,,,,,,,2582,-1.5353632059651057,10.409878717782693
planned_path,,,,,,,,,,,,2583,-1.5353632059651057,10.359878717037635
planned_path,,,,,,,,,,,,2584,-1.5353632059651057,10.309878716292577
planned_path,,,,,,,,,,,,2585,-1.5353632059651057,10.259878715547519
planned_path,,,,,,,,,,,,2586,-1.5353632059651057,10.20987871480246
planned_path,,,,,,,,,,,,2587,-1.5353632059651057,10.159878714057403
planned_path,,,,,,,,,,,,2588,-1.5353632059651057,10.109878713312344
planned_path,,,,,,,,,,,,2589,-1.5353632059651057,10.059878712567286
planned_path,,,,,,,,,,,,2590,-1.5353632059651057,10.009878711822228
planned_path,,,,,,,,,,,,2591,-1.5353632059651057,9.95987871107717
planned_path,,,,,,,,,,,,2592,-1.5353632059651057,9.909878710332112
planned_path,,,,,,,,,,,,2593,-1.5353632059651057,9.859878709587054
planned_path,,,,,,,,,,,,2594,-1.5353632059651057,9.809878708841996
planned_path,,,,,,,,,,,,2595,-1.5353632059651057,9.759878708096938
planned_path,,,,,,,,,,,,2596,-1.5353632059651057,9.70987870735188
planned_path,,,,,,,,,,,,2597,-1.5353632059651057,9.659878706606822
planned_path,,,,,,,,,,,,2598,-1.5353632059651057,9.609878705861764
planned_path,,,,,,,,,,,,2599,-1.5353632059651057,9.559878705116706
planned_path,,,,,,,,,,,,2600,-1.5353632059651057,9.509878704371648
planned_path,,,,,,,,,,,,2601,-1.5353632059651057,9.45987870362659
planned_path,,,,,,,,,,,,2602,-1.5353632059651057,9.409878702881532
planned_path,,,,,,,,,,,,2603,-1.5353632059651057,9.359878702136474
planned_path,,,,,,,,,,,,2604,-1.5353632059651057,9.309878701391415
planned_path,,,,,,,,,,,,2605,-1.5353632059651057,9.259878700646357
planned_path,,,,,,,,,,,,2606,-1.5353632059651057,9.2098786999013
planned_path,,,,,,,,,,,,2607,-1.5353632059651057,9.159878699156241
planned_path,,,,,,,,,,,,2608,-1.5353632059651057,9.109878698411183
planned_path,,,,,,,,,,,,2609,-1.5353632059651057,9.059878697666125
planned_path,,,,,,,,,,,,2610,-1.5353632059651057,9.009878696921067
planned_path,,,,,,,,,,,,2611,-1.5353632059651057,8.959878696176009
planned_path,,,,,,,,,,,,2612,-1.5353632059651057,8.909878695430951
planned_path,,,,,,,,,,,,2613,-1.5353632059651057,8.859878694685893
planned_path,,,,,,,,,,,,2614,-1.5353632059651057,8.809878693940835
planned_path,,,,,,,,,,,,2615,-1.5353632059651057,8.759878693195777
planned_path,,,,,,,,,,,,2616,-1.5353632059651057,8.709878692450719
planned_path,,,,,,,,,,,,2617,-1.5353632059651057,8.65987869170566
planned_path,,,,,,,,,,,,2618,-1.5353632059651057,8.609878690960603
planned_path,,,,,,,,,,,,2619,-1.5353632059651057,8.559878690215545
planned_path,,,,,,,,,,,,2620,-1.5353632059651057,8.509878689470487
planned_path,,,,,,,,,,,,2621,-1.5353632059651057,8.459878688725428
planned_path,,,,,,,,,,,,2622,-1.5353632059651057,8.40987868798037
planned_path,,,,,,,,,,,,2623,-1.5353632059651057,8.359878687235312
planned_path,,,,,,,,,,,,2624,-1.5353632059651057,8.309878686490254
planned_path,,,,,,,,,,,,2625,-1.4853632052200476,8.259878685745196
planned_path,,,,,,,,,,,,2626,-1.4353632044749896,8.209878685000138
planned_path,,,,,,,,,,,,2627,-1.3853632037299315,8.15987868425508
planned_path,,,,,,,,,,,,2628,-1.3353632029848734,8.109878683510022
planned_path,,,,,,,,,,,,2629,-1.2853632022398154,8.059878682764964
planned_path,,,,,,,,,,,,2630,-1.2353632014947573,8.009878682019906
planned_path,,,,,,,,,,,,2631,-1.1853632007496993,7.959878681274848
planned_path,,,,,,,,,,,,2632,-1.1353632000046412,7.90987868052979
planned_path,,,,,,,,,,,,2633,-1.0853631992595831,7.859878679784732
planned_path,,,,,,,,,,,,2634,-1.035363198514525,7.809878679039674
planned_path,,,,,,,,,,,,2635,-0.985363197769467,7.759878678294616
planned_path,,,,,,,,,,,,2636,-0.935363197024409,7.709878677549558
planned_path,,,,,,,,,,,,2637,-0.8853631962793509,7.6598786768044995
planned_path,,,,,,,,,,,,2638,-0.8353631955342928,7.6098786760594415
planned_path,,,,,,,,,,,,2639,-0.7853631947892348,7.559878675314383
planned_path,,,,,,,,,,,,2640,-0.7353631940441767,7.509878674569325
planned_path,,,,,,,,,,,,2641,-0.6853631932991187,7.459878673824267
planned_path,,,,,,,,,,,,2642,-0.6353631925540606,7.409878673079209
planned_path,,,,,,,,,,,,2643,-0.5853631918090025,7.359878672334151
planned_path,,,,,,,,,,,,2644,-0.5353631910639445,7.309878671589093
planned_path,,,,,,,,,,,,2645,-0.4853631903188864,7.259878670844035
planned_path,,,,,,,,,,,,2646,-0.43536318957382836,7.209878670098977
planned_path,,,,,,,,,,,,2647,-0.3853631888287703,7.159878669353919
planned_path,,,,,,,,,,,,2648,-0.33536318808371224,7.109878668608861
planned_path,,,,,,,,,,,,2649,-0.2853631873386542,7.059878667863803
planned_path,,,,,,,,,,,,2650,-0.23536318659359612,7.009878667118745
planned_path,,,,,,,,,,,,2651,-0.18536318584853806,6.959878666373687
planned_path,,,,,,,,,,,,2652,-0.13536318510348,6.909878665628629
planned_path,,,,,,,,,,,,2653,-0.08536318435842194,6.859878664883571
planned_path,,,,,,,,,,,,2654,-0.03536318361336388,6.8098786641385125
planned_path,,,,,,,,,,,,2655,0.01463681713169418,6.7598786633934544
planned_path,,,,,,,,,,,,2656,0.06463681787675224,6.709878662648396
planned_path,,,,,,,,,,,,2657,0.1146368186218103,6.659878661903338
planned_path,,,,,,,,,,,,2658,0.1146368186218103,6.60987866115828
planned_path,,,,,,,,,,,,2659,0.1146368186218103,6.559878660413222
planned_path,,,,,,,,,,,,2660,0.1146368186218103,6.509878659668164
planned_path,,,,,,,,,,,,2661,0.1146368186218103,6.459878658923106
planned_path,,,,,,,,,,,,2662,0.1146368186218103,6.409878658178048
planned_path,,,,,,,,,,,,2663,0.1146368186218103,6.35987865743299
planned_path,,,,,,,,,,,,2664,0.1146368186218103,6.309878656687932
planned_path,,,,,,,,,,,,2665,0.1146368186218103,6.259878655942874
planned_path,,,,,,,,,,,,2666,0.1146368186218103,6.209878655197816
planned_path,,,,,,,,,,,,2667,0.16463681936686836,6.159878654452758
planned_path,,,,,,,,,,,,2668,0.21463682011192642,6.1098786537077
planned_path,,,,,,,,,,,,2669,0.2646368208569845,6.059878652962642
planned_path,,,,,,,,,,,,2670,0.31463682160204254,6.0098786522175836
planned_path,,,,,,,,,,,,2671,0.3646368223471006,5.9598786514725255
planned_path,,,,,,,,,,,,2672,0.41463682309215866,5.909878650727467
planned_path,,,,,,,,,,,,2673,0.4646368238372167,5.859878649982409
planned_path,,,,,,,,,,,,2674,0.5146368245822748,5.809878649237351
planned_path,,,,,,,,,,,,2675,0.5646368253273328,5.759878648492293
planned_path,,,,,,,,,,,,2676,0.6146368260723909,5.709878647747235
planned_path,,,,,,,,,,,,2677,0.664636826817449,5.659878647002177
planned_path,,,,,,,,,,,,2678,0.714636827562507,5.609878646257119
planned_path,,,,,,,,,,,,2679,0.7646368283075651,5.559878645512061
planned_path,,,,,,,,,,,,2680,0.8146368290526231,5.509878644767003
planned_path,,,,,,,,,,,,2681,0.8646368297976812,5.459878644021945
planned_path,,,,,,,,,,,,2682,0.9146368305427393,5.409878643276887
planned_path,,,,,,,,,,,,2683,0.9646368312877973,5.359878642531829
planned_path,,,,,,,,,,,,2684,1.0146368320328554,5.309878641786771
planned_path,,,,,,,,,,,,2685,1.0646368327779134,5.259878641041713
planned_path,,,,,,,,,,,,2686,1.1146368335229715,5.209878640296655
planned_path,,,,,,,,,,,,2687,1.1646368342680296,5.1598786395515965
planned_path,,,,,,,,,,,,2688,1.2146368350130876,5.1098786388065385
planned_path,,,,,,,,,,,,2689,1.2646368357581457,5.05987863806148
planned_path,,,,,,,,,,,,2690,1.3146368365032037,5.009878637316422
planned_path,,,,,,,,,,,,2691,1.3646368372482618,4.959878636571364
planned_path,,,,,,,,,,,,2692,1.4146368379933199,4.909878635826306
planned_path,,,,,,,,,,,,2693,1.464636838738378,4.909878635826306
planned_path,,,,,,,,,,,,2694,1.514636839483436,4.859878635081248
planned_path,,,,,,,,,,,,2695,1.564636840228494,4.859878635081248
planned_path,,,,,,,,,,,,2696,1.564636840228494,4.859878635081248
planned_path,,,,,,,,,,,,2697,1.614636840973552,4.859878635081248
planned_path,,,,,,,,,,,,2698,1.6646368417186101,4.859878635081248
planned_path,,,,,,,,,,,,2699,1.7146368424636682,4.859878635081248
planned_path,,,,,,,,,,,,2700,1.7646368432087263,4.859878635081248
planned_path,,,,,,,,,,,,2701,1.8146368439537843,4.859878635081248
planned_path,,,,,,,,,,,,2702,1.8646368446988424,4.859878635081248
planned_path,,,,,,,,,,,,2703,1.9146368454439004,4.859878635081248
planned_path,,,,,,,,,,,,2704,1.9646368461889585,4.859878635081248
planned_path,,,,,,,,,,,,2705,2.0146368469340166,4.859878635081248
planned_path,,,,,,,,,,,,2706,2.0646368476790746,4.859878635081248
planned_path,,,,,,,,,,,,2707,2.1146368484241327,4.859878635081248
planned_path,,,,,,,,,,,,2708,2.1646368491691907,4.859878635081248
planned_path,,,,,,,,,,,,2709,2.214636849914249,4.859878635081248
planned_path,,,,,,,,,,,,2710,2.264636850659307,4.859878635081248
planned_path,,,,,,,,,,,,2711,2.314636851404365,4.859878635081248
planned_path,,,,,,,,,,,,2712,2.364636852149423,4.859878635081248
planned_path,,,,,,,,,,,,2713,2.414636852894481,4.859878635081248
planned_path,,,,,,,,,,,,2714,2.464636853639539,4.859878635081248
planned_path,,,,,,,,,,,,2715,2.514636854384597,4.859878635081248
planned_path,,,,,,,,,,,,2716,2.5646368551296552,4.859878635081248
planned_path,,,,,,,,,,,,2717,2.6146368558747133,4.859878635081248
planned_path,,,,,,,,,,,,2718,2.6646368566197713,4.859878635081248
planned_path,,,,,,,,,,,,2719,2.7146368573648294,4.859878635081248
planned_path,,,,,,,,,,,,2720,2.7646368581098875,4.859878635081248
planned_path,,,,,,,,,,,,2721,2.8146368588549455,4.859878635081248
planned_path,,,,,,,,,,,,2722,2.8646368596000036,4.859878635081248
planned_path,,,,,,,,,,,,2723,2.9146368603450616,4.859878635081248
planned_path,,,,,,,,,,,,2724,2.9646368610901197,4.859878635081248
planned_path,,,,,,,,,,,,2725,3.0146368618351778,4.859878635081248
planned_path,,,,,,,,,,,,2726,3.064636862580236,4.859878635081248
planned_path,,,,,,,,,,,,2727,3.114636863325294,4.859878635081248
planned_path,,,,,,,,,,,,2728,3.164636864070352,4.859878635081248
planned_path,,,,,,,,,,,,2729,3.21463686481541,4.859878635081248
planned_path,,,,,,,,,,,,2730,3.264636865560468,4.859878635081248
planned_path,,,,,,,,,,,,2731,3.314636866305526,4.859878635081248
planned_path,,,,,,,,,,,,2732,3.364636867050584,4.859878635081248
planned_path,,,,,,,,,,,,2733,3.4146368677956422,4.859878635081248
planned_path,,,,,,,,,,,,2734,3.4646368685407003,4.859878635081248
planned_path,,,,,,,,,,,,2735,3.5146368692857584,4.859878635081248
planned_path,,,,,,,,,,,,2736,3.5646368700308164,4.859878635081248
planned_path,,,,,,,,,,,,2737,3.6146368707758745,4.859878635081248
planned_path,,,,,,,,,,,,2738,3.6646368715209325,4.859878635081248
planned_path,,,,,,,,,,,,2739,3.7146368722659906,4.859878635081248
planned_path,,,,,,,,,,,,2740,3.7646368730110487,4.859878635081248
planned_path,,,,,,,,,,,,2741,3.8146368737561067,4.859878635081248
planned_path,,,,,,,,,,,,2742,3.8646368745011648,4.859878635081248
planned_path,,,,,,,,,,,,2743,3.914636875246223,4.859878635081248
planned_path,,,,,,,,,,,,2744,3.964636875991281,4.859878635081248
planned_path,,,,,,,,,,,,2745,4.014636876736339,4.859878635081248
planned_path,,,,,,,,,,,,2746,4.064636877481397,4.859878635081248
planned_path,,,,,,,,,,,,2747,4.114636878226455,4.859878635081248
planned_path,,,,,,,,,,,,2748,4.164636878971513,4.859878635081248
planned_path,,,,,,,,,,,,2749,4.214636879716571,4.859878635081248
planned_path,,,,,,,,,,,,2750,4.264636880461629,4.859878635081248
planned_path,,,,,,,,,,,,2751,4.314636881206687,4.859878635081248
planned_path,,,,,,,,,,,,2752,4.364636881951745,4.859878635081248
planned_path,,,,,,,,,,,,2753,4.414636882696803,4.859878635081248
planned_path,,,,,,,,,,,,2754,4.4646368834418615,4.859878635081248
planned_path,,,,,,,,,,,,2755,4.5146368841869196,4.859878635081248
planned_path,,,,,,,,,,,,2756,4.564636884931978,4.859878635081248
planned_path,,,,,,,,,,,,2757,4.614636885677036,4.859878635081248
planned_path,,,,,,,,,,,,2758,4.664636886422094,4.859878635081248
planned_path,,,,,,,,,,,,2759,4.714636887167152,4.859878635081248
planned_path,,,,,,,,,,,,2760,4.76463688791221,4.859878635081248
planned_path,,,,,,,,,,,,2761,4.814636888657268,4.859878635081248
planned_path,,,,,,,,,,,,2762,4.864636889402326,4.859878635081248
planned_path,,,,,,,,,,,,2763,4.914636890147384,4.859878635081248
planned_path,,,,,,,,,,,,2764,4.964636890892442,4.859878635081248
planned_path,,,,,,,,,,,,2765,5.0146368916375,4.859878635081248
planned_path,,,,,,,,,,,,2766,5.064636892382558,4.859878635081248
planned_path,,,,,,,,,,,,2767,5.114636893127616,4.859878635081248
planned_path,,,,,,,,,,,,2768,5.164636893872674,4.859878635081248
planned_path,,,,,,,,,,,,2769,5.214636894617732,4.909878635826306
planned_path,,,,,,,,,,,,2770,5.2646368953627904,4.909878635826306
planned_path,,,,,,,,,,,,2771,5.3146368961078485,4.959878636571364
planned_path,,,,,,,,,,,,2772,5.364636896852907,4.959878636571364
planned_path,,,,,,,,,,,,2773,5.414636897597965,4.959878636571364
planned_path,,,,,,,,,,,,2774,5.464636898343023,5.009878637316422
planned_path,,,,,,,,,,,,2775,5.514636899088081,5.009878637316422
planned_path,,,,,,,,,,,,2776,5.564636899833139,5.05987863806148
planned_path,,,,,,,,,,,,2777,5.614636900578197,5.05987863806148
planned_path,,,,,,,,,,,,2778,5.664636901323255,5.1098786388065385
planned_path,,,,,,,,,,,,2779,5.714636902068313,5.1098786388065385
planned_path,,,,,,,,,,,,2780,5.764636902813371,5.1598786395515965
planned_path,,,,,,,,,,,,2781,5.814636903558429,5.1598786395515965
planned_path,,,,,,,,,,,,2782,5.864636904303487,5.209878640296655
planned_path,,,,,,,,,,,,2783,5.914636905048545,5.209878640296655
planned_path,,,,,,,,,,,,2784,5.964636905793603,5.209878640296655
planned_path,,,,,,,,,,,,2785,6.014636906538661,5.259878641041713
planned_path,,,,,,,,,,,,2786,6.064636907283719,5.259878641041713
planned_path,,,,,,,,,,,,2787,6.1146369080287775,5.309878641786771
planned_path,,,,,,,,,,,,2788,6.1646369087738355,5.309878641786771
planned_path,,,,,,,,,,,,2789,6.214636909518894,5.359878642531829
planned_path,,,,,,,,,,,,2790,6.264636910263952,5.359878642531829
planned_path,,,,,,,,,,,,2791,6.31463691100901,5.409878643276887
planned_path,,,,,,,,,,,,2792,6.364636911754068,5.409878643276887
planned_path,,,,,,,,,,,,2793,6.414636912499126,5.459878644021945
planned_path,,,,,,,,,,,,2794,6.464636913244184,5.459878644021945
planned_path,,,,,,,,,,,,2795,6.514636913989242,5.459878644021945
planned_path,,,,,,,,,,,,2796,6.5646369147343,5.509878644767003
planned_path,,,,,,,,,,,,2797,6.614636915479358,5.509878644767003
planned_path,,,,,,,,,,,,2798,6.664636916224416,5.559878645512061
planned_path,,,,,,,,,,,,2799,6.714636916969474,5.559878645512061
planned_path,,,,,,,,,,,,2800,6.764636917714532,5.609878646257119
planned_path,,,,,,,,,,,,2801,6.81463691845959,5.609878646257119
planned_path,,,,,,,,,,,,2802,6.864636919204648,5.659878647002177
planned_path,,,,,,,,,,,,2803,6.914636919949706,5.659878647002177
planned_path,,,,,,,,,,,,2804,6.9646369206947645,5.709878647747235
planned_path,,,,,,,,,,,,2805,7.0146369214398225,5.709878647747235
planned_path,,,,,,,,,,,,2806,7.064636922184881,5.709878647747235
planned_path,,,,,,,,,,,,2807,7.114636922929939,5.759878648492293
planned_path,,,,,,,,,,,,2808,7.164636923674997,5.759878648492293
planned_path,,,,,,,,,,,,2809,7.214636924420055,5.809878649237351
planned_path,,,,,,,,,,,,2810,7.264636925165113,5.809878649237351
planned_path,,,,,,,,,,,,2811,7.314636925910171,5.859878649982409
planned_path,,,,,,,,,,,,2812,7.364636926655229,5.859878649982409
planned_path,,,,,,,,,,,,2813,7.414636927400287,5.909878650727467
planned_path,,,,,,,,,,,,2814,7.464636928145345,5.909878650727467
planned_path,,,,,,,,,,,,2815,7.514636928890403,5.9598786514725255
planned_path,,,,,,,,,,,,2816,7.564636929635461,5.9598786514725255
planned_path,,,,,,,,,,,,2817,7.614636930380519,5.9598786514725255
planned_path,,,,,,,,,,,,2818,7.664636931125577,6.0098786522175836
planned_path,,,,,,,,,,,,2819,7.714636931870635,6.0098786522175836
planned_path,,,,,,,,,,,,2820,7.764636932615693,6.059878652962642
planned_path,,,,,,,,,,,,2821,7.8146369333607515,6.059878652962642
planned_path,,,,,,,,,,,,2822,7.8646369341058096,6.1098786537077
planned_path,,,,,,,,,,,,2823,7.914636934850868,6.1098786537077
planned_path,,,,,,,,,,,,2824,7.964636935595926,6.159878654452758
planned_path,,,,,,,,,,,,2825,8.014636936340985,6.159878654452758
planned_path,,,,,,,,,,,,2826,8.064636937086043,6.209878655197816
planned_path,,,,,,,,,,,,2827,8.1146369378311,6.209878655197816
planned_path,,,,,,,,,,,,2828,8.164636938576159,6.209878655197816
planned_path,,,,,,,,,,,,2829,8.214636939321217,6.259878655942874
planned_path,,,,,,,,,,,,2830,8.264636940066275,6.259878655942874
planned_path,,,,,,,,,,,,2831,8.314636940811333,6.309878656687932
planned_path,,,,,,,,,,,,2832,8.364636941556391,6.309878656687932
planned_path,,,,,,,,,,,,2833,8.414636942301449,6.35987865743299
planned_path,,,,,,,,,,,,2834,8.464636943046507,6.35987865743299
planned_path,,,,,,,,,,,,2835,8.514636943791565,6.409878658178048
planned_path,,,,,,,,,,,,2836,8.564636944536623,6.409878658178048
planned_path,,,,,,,,,,,,2837,8.614636945281681,6.459878658923106
planned_path,,,,,,,,,,,,2838,8.66463694602674,6.459878658923106
planned_path,,,,,,,,,,,,2839,8.714636946771797,6.509878659668164
planned_path,,,,,,,,,,,,2840,8.764636947516856,6.509878659668164
planned_path,,,,,,,,,,,,2841,8.814636948261914,6.509878659668164
planned_path,,,,,,,,,,,,2842,8.864636949006972,6.559878660413222
planned_path,,,,,,,,,,,,2843,8.91463694975203,6.559878660413222
planned_path,,,,,,,,,,,,2844,8.964636950497088,6.60987866115828
planned_path,,,,,,,,,,,,2845,9.014636951242146,6.60987866115828
planned_path,,,,,,,,,,,,2846,9.064636951987204,6.659878661903338
planned_path,,,,,,,,,,,,2847,9.114636952732262,6.659878661903338
planned_path,,,,,,,,,,,,2848,9.16463695347732,6.709878662648396
planned_path,,,,,,,,,,,,2849,9.214636954222378,6.709878662648396
planned_path,,,,,,,,,,,,2850,9.264636954967436,6.7598786633934544
planned_path,,,,,,,,,,,,2851,9.314636955712494,6.7598786633934544
planned_path,,,,,,,,,,,,2852,9.364636956457552,6.7598786633934544
planned_path,,,,,,,,,,,,2853,9.41463695720261,6.8098786641385125
planned_path,,,,,,,,,,,,2854,9.464636957947668,6.8098786641385125
planned_path,,,,,,,,,,,,2855,9.514636958692726,6.859878664883571
planned_path,,,,,,,,,,,,2856,9.564636959437784,6.859878664883571
planned_path,,,,,,,,,,,,2857,9.614636960182843,6.909878665628629
planned_path,,,,,,,,,,,,2858,9.6646369609279,6.909878665628629
planned_path,,,,,,,,,,,,2859,9.714636961672959,6.959878666373687
planned_path,,,,,,,,,,,,2860,9.764636962418017,6.959878666373687
planned_path,,,,,,,,,,,,2861,9.814636963163075,7.009878667118745
planned_path,,,,,,,,,,,,2862,9.864636963908133,7.009878667118745
planned_path,,,,,,,,,,,,2863,9.91463696465319,7.009878667118745
planned_path,,,,,,,,,,,,2864,9.964636965398249,7.059878667863803
planned_path,,,,,,,,,,,,2865,10.014636966143307,7.059878667863803
planned_path,,,,,,,,,,,,2866,10.064636966888365,7.109878668608861
planned_path,,,,,,,,,,,,2867,10.114636967633423,7.109878668608861
planned_path,,,,,,,,,,,,2868,10.164636968378481,7.159878669353919
planned_path,,,,,,,,,,,,2869,10.21463696912354,7.159878669353919
planned_path,,,,,,,,,,,,2870,10.264636969868597,7.209878670098977
planned_path,,,,,,,,,,,,2871,10.314636970613655,7.209878670098977
planned_path,,,,,,,,,,,,2872,10.364636971358713,7.259878670844035
planned_path,,,,,,,,,,,,2873,10.414636972103771,7.259878670844035
planned_path,,,,,,,,,,,,2874,10.46463697284883,7.259878670844035
planned_path,,,,,,,,,,,,2875,10.514636973593888,7.309878671589093
planned_path,,,,,,,,,,,,2876,10.564636974338946,7.309878671589093
planned_path,,,,,,,,,,,,2877,10.614636975084004,7.359878672334151
planned_path,,,,,,,,,,,,2878,10.664636975829062,7.359878672334151
planned_path,,,,,,,,,,,,2879,10.71463697657412,7.409878673079209
planned_path,,,,,,,,,,,,2880,10.764636977319178,7.409878673079209
planned_path,,,,,,,,,,,,2881,10.814636978064236,7.459878673824267
planned_path,,,,,,,,,,,,2882,10.864636978809294,7.459878673824267
planned_path,,,,,,,,,,,,2883,10.914636979554352,7.509878674569325
planned_path,,,,,,,,,,,,2884,10.96463698029941,7.509878674569325
planned_path,,,,,,,,,,,,2885,11.014636981044468,7.509878674569325
planned_path,,,,,,,,,,,,2886,11.064636981789526,7.559878675314383
planned_path,,,,,,,,,,,,2887,11.114636982534584,7.559878675314383
planned_path,,,,,,,,,,,,2888,11.164636983279642,7.6098786760594415
planned_path,,,,,,,,,,,,2889,11.2146369840247,7.6098786760594415
planned_path,,,,,,,,,,,,2890,11.264636984769758,7.6598786768044995
planned_path,,,,,,,,,,,,2891,11.314636985514817,7.6598786768044995
planned_path,,,,,,,,,,,,2892,11.364636986259875,7.709878677549558
planned_path,,,,,,,,,,,,2893,11.414636987004933,7.709878677549558
planned_path,,,,,,,,,,,,2894,11.46463698774999,7.759878678294616
planned_path,,,,,,,,,,,,2895,11.514636988495049,7.809878679039674
planned_path,,,,,,,,,,,,2896,11.564636989240107,7.859878679784732
planned_path,,,,,,,,,,,,2897,11.614636989985165,7.859878679784732
planned_path,,,,,,,,,,,,2898,11.664636990730223,7.90987868052979
planned_path,,,,,,,,,,,,2899,11.714636991475281,7.90987868052979
planned_path,,,,,,,,,,,,2900,11.764636992220339,7.90987868052979
planned_path,,,,,,,,,,,,2901,11.814636992965397,7.90987868052979
planned_path,,,,,,,,,,,,2902,11.864636993710455,7.90987868052979
planned_path,,,,,,,,,,,,2903,11.914636994455513,7.959878681274848
planned_path,,,,,,,,,,,,2904,11.964636995200571,7.959878681274848
planned_path,,,,,,,,,,,,2905,12.01463699594563,8.009878682019906
planned_path,,,,,,,,,,,,2906,12.064636996690687,8.009878682019906
planned_path,,,,,,,,,,,,2907,12.114636997435746,8.009878682019906
planned_path,,,,,,,,,,,,2908,12.164636998180804,8.059878682764964
planned_path,,,,,,,,,,,,2909,12.214636998925862,8.059878682764964
planned_path,,,,,,,,,,,,2910,12.26463699967092,8.109878683510022
planned_path,,,,,,,,,,,,2911,12.314637000415978,8.109878683510022
planned_path,,,,,,,,,,,,2912,12.364637001161036,8.15987868425508
planned_path,,,,,,,,,,,,2913,12.414637001906094,8.15987868425508
planned_path,,,,,,,,,,,,2914,12.464637002651152,8.209878685000138
planned_path,,,,,,,,,,,,2915,12.51463700339621,8.209878685000138
planned_path,,,,,,,,,,,,2916,12.564637004141268,8.259878685745196
planned_path,,,,,,,,,,,,2917,12.614637004886326,8.259878685745196
planned_path,,,,,,,,,,,,2918,12.614637004886326,8.259878685745196
planned_path,,,,,,,,,,,,2919,12.614637004886326,8.209878685000138
planned_path,,,,,,,,,,,,2920,12.614637004886326,8.15987868425508
planned_path,,,,,,,,,,,,2921,12.614637004886326,8.109878683510022
planned_path,,,,,,,,,,,,2922,12.614637004886326,8.059878682764964
planned_path,,,,,,,,,,,,2923,12.664637005631384,8.009878682019906
planned_path,,,,,,,,,,,,2924,12.714637006376442,7.959878681274848
planned_path,,,,,,,,,,,,2925,12.7646370071215,7.90987868052979
planned_path,,,,,,,,,,,,2926,12.814637007866558,7.859878679784732
planned_path,,,,,,,,,,,,2927,12.864637008611616,7.809878679039674
planned_path,,,,,,,,,,,,2928,12.914637009356674,7.759878678294616
planned_path,,,,,,,,,,,,2929,12.964637010101733,7.709878677549558
planned_path,,,,,,,,,,,,2930,13.01463701084679,7.6598786768044995
planned_path,,,,,,,,,,,,2931,13.01463701084679,7.6098786760594415
planned_path,,,,,,,,,,,,2932,13.01463701084679,7.559878675314383
planned_path,,,,,,,,,,,,2933,13.01463701084679,7.509878674569325
planned_path,,,,,,,,,,,,2934,13.01463701084679,7.459878673824267
planned_path,,,,,,,,,,,,2935,13.01463701084679,7.409878673079209
planned_path,,,,,,,,,,,,2936,13.01463701084679,7.359878672334151
planned_path,,,,,,,,,,,,2937,13.01463701084679,7.309878671589093
planned_path,,,,,,,,,,,,2938,13.01463701084679,7.259878670844035
planned_path,,,,,,,,,,,,2939,13.01463701084679,7.209878670098977
planned_path,,,,,,,,,,,,2940,13.064637011591849,7.159878669353919
planned_path,,,,,,,,,,,,2941,13.064637011591849,7.109878668608861
planned_path,,,,,,,,,,,,2942,13.114637012336907,7.059878667863803
planned_path,,,,,,,,,,,,2943,13.114637012336907,7.009878667118745
planned_path,,,,,,,,,,,,2944,13.114637012336907,7.009878667118745
planned_path,,,,,,,,,,,,2945,13.114637012336907,6.959878666373687
planned_path,,,,,,,,,,,,2946,13.114637012336907,6.909878665628629
planned_path,,,,,,,,,,,,2947,13.114637012336907,6.859878664883571
planned_path,,,,,,,,,,,,2948,13.114637012336907,6.8098786641385125
planned_path,,,,,,,,,,,,2949,13.114637012336907,6.7598786633934544
planned_path,,,,,,,,,,,,2950,13.114637012336907,6.709878662648396
planned_path,,,,,,,,,,,,2951,13.114637012336907,6.659878661903338
planned_path,,,,,,,,,,,,2952,13.114637012336907,6.60987866115828
planned_path,,,,,,,,,,,,2953,13.114637012336907,6.559878660413222
planned_path,,,,,,,,,,,,2954,13.114637012336907,6.509878659668164
planned_path,,,,,,,,,,,,2955,13.114637012336907,6.459878658923106
planned_path,,,,,,,,,,,,2956,13.114637012336907,6.409878658178048
planned_path,,,,,,,,,,,,2957,13.114637012336907,6.35987865743299
planned_path,,,,,,,,,,,,2958,13.114637012336907,6.309878656687932
planned_path,,,,,,,,,,,,2959,13.114637012336907,6.259878655942874
planned_path,,,,,,,,,,,,2960,13.114637012336907,6.209878655197816
planned_path,,,,,,,,,,,,2961,13.114637012336907,6.159878654452758
planned_path,,,,,,,,,,,,2962,13.114637012336907,6.1098786537077
planned_path,,,,,,,,,,,,2963,13.114637012336907,6.059878652962642
planned_path,,,,,,,,,,,,2964,13.114637012336907,6.0098786522175836
planned_path,,,,,,,,,,,,2965,13.114637012336907,5.9598786514725255
planned_path,,,,,,,,,,,,2966,13.114637012336907,5.909878650727467
planned_path,,,,,,,,,,,,2967,13.114637012336907,5.859878649982409
planned_path,,,,,,,,,,,,2968,13.114637012336907,5.809878649237351
planned_path,,,,,,,,,,,,2969,13.114637012336907,5.759878648492293
planned_path,,,,,,,,,,,,2970,13.114637012336907,5.709878647747235
planned_path,,,,,,,,,,,,2971,13.114637012336907,5.659878647002177
planned_path,,,,,,,,,,,,2972,13.114637012336907,5.609878646257119
planned_path,,,,,,,,,,,,2973,13.114637012336907,5.559878645512061
planned_path,,,,,,,,,,,,2974,13.114637012336907,5.509878644767003
planned_path,,,,,,,,,,,,2975,13.114637012336907,5.459878644021945
planned_path,,,,,,,,,,,,2976,13.114637012336907,5.409878643276887
planned_path,,,,,,,,,,,,2977,13.114637012336907,5.359878642531829
planned_path,,,,,,,,,,,,2978,13.114637012336907,5.309878641786771
planned_path,,,,,,,,,,,,2979,13.114637012336907,5.259878641041713
planned_path,,,,,,,,,,,,2980,13.114637012336907,5.209878640296655
planned_path,,,,,,,,,,,,2981,13.114637012336907,5.1598786395515965
planned_path,,,,,,,,,,,,2982,13.114637012336907,5.1098786388065385
planned_path,,,,,,,,,,,,2983,13.114637012336907,5.05987863806148
planned_path,,,,,,,,,,,,2984,13.114637012336907,5.009878637316422
planned_path,,,,,,,,,,,,2985,13.114637012336907,4.959878636571364
planned_path,,,,,,,,,,,,2986,13.114637012336907,4.909878635826306
planned_path,,,,,,,,,,,,2987,13.114637012336907,4.859878635081248
planned_path,,,,,,,,,,,,2988,13.114637012336907,4.80987863433619
planned_path,,,,,,,,,,,,2989,13.114637012336907,4.759878633591132
planned_path,,,,,,,,,,,,2990,13.114637012336907,4.709878632846074
planned_path,,,,,,,,,,,,2991,13.114637012336907,4.659878632101016
planned_path,,,,,,,,,,,,2992,13.114637012336907,4.609878631355958
planned_path,,,,,,,,,,,,2993,13.114637012336907,4.5598786306109
planned_path,,,,,,,,,,,,2994,13.114637012336907,4.509878629865842
planned_path,,,,,,,,,,,,2995,13.114637012336907,4.459878629120784
planned_path,,,,,,,,,,,,2996,13.114637012336907,4.409878628375726
planned_path,,,,,,,,,,,,2997,13.114637012336907,4.359878627630668
planned_path,,,,,,,,,,,,2998,13.114637012336907,4.3098786268856095
planned_path,,,,,,,,,,,,2999,13.114637012336907,4.2598786261405515
planned_path,,,,,,,,,,,,3000,13.114637012336907,4.209878625395493
planned_path,,,,,,,,,,,,3001,13.114637012336907,4.159878624650435
planned_path,,,,,,,,,,,,3002,13.114637012336907,4.109878623905377
planned_path,,,,,,,,,,,,3003,13.114637012336907,4.059878623160319
planned_path,,,,,,,,,,,,3004,13.114637012336907,4.009878622415261
planned_path,,,,,,,,,,,,3005,13.114637012336907,3.959878621670203
planned_path,,,,,,,,,,,,3006,13.114637012336907,3.909878620925145
planned_path,,,,,,,,,,,,3007,13.114637012336907,3.859878620180087
planned_path,,,,,,,,,,,,3008,13.114637012336907,3.809878619435029
planned_path,,,,,,,,,,,,3009,13.114637012336907,3.759878618689971
planned_path,,,,,,,,,,,,3010,13.114637012336907,3.709878617944913
planned_path,,,,,,,,,,,,3011,13.114637012336907,3.6598786171998547
planned_path,,,,,,,,,,,,3012,13.114637012336907,3.6098786164547967
planned_path,,,,,,,,,,,,3013,13.114637012336907,3.5598786157097386
planned_path,,,,,,,,,,,,3014,13.064637011591849,3.5098786149646806
planned_path,,,,,,,,,,,,3015,13.064637011591849,3.4598786142196225
planned_path,,,,,,,,,,,,3016,13.01463701084679,3.4098786134745644
planned_path,,,,,,,,,,,,3017,13.01463701084679,3.3598786127295064
planned_path,,,,,,,,,,,,3018,12.964637010101733,3.3098786119844483
planned_path,,,,,,,,,,,,3019,12.964637010101733,3.2598786112393903
planned_path,,,,,,,,,,,,3020,12.964637010101733,3.209878610494332
planned_path,,,,,,,,,,,,3021,12.914637009356674,3.159878609749274
planned_path,,,,,,,,,,,,3022,12.914637009356674,3.109878609004216
planned_path,,,,,,,,,,,,3023,12.864637008611616,3.059878608259158
planned_path,,,,,,,,,,,,3024,12.864637008611616,3.0098786075141
planned_path,,,,,,,,,,,,3025,12.814637007866558,2.959878606769042
planned_path,,,,,,,,,,,,3026,12.814637007866558,2.909878606023984
planned_path,,,,,,,,,,,,3027,12.7646370071215,2.859878605278926
planned_path,,,,,,,,,,,,3028,12.7646370071215,2.8098786045338677
planned_path,,,,,,,,,,,,3029,12.714637006376442,2.7598786037888097
planned_path,,,,,,,,,,,,3030,12.714637006376442,2.7098786030437516
planned_path,,,,,,,,,,,,3031,12.714637006376442,2.7098786030437516
planned_path,,,,,,,,,,,,3032,12.664637005631384,2.6598786022986936
planned_path,,,,,,,,,,,,3033,12.614637004886326,2.6098786015536355
planned_path,,,,,,,,,,,,3034,12.564637004141268,2.5598786008085774
planned_path,,,,,,,,,,,,3035,12.51463700339621,2.5098786000635194
planned_path,,,,,,,,,,,,3036,12.464637002651152,2.4598785993184613
planned_path,,,,,,,,,,,,3037,12.414637001906094,2.4098785985734033
planned_path,,,,,,,,,,,,3038,12.364637001161036,2.359878597828345
planned_path,,,,,,,,,,,,3039,12.314637000415978,2.309878597083287
planned_path,,,,,,,,,,,,3040,12.26463699967092,2.259878596338229
planned_path,,,,,,,,,,,,3041,12.214636998925862,2.209878595593171
planned_path,,,,,,,,,,,,3042,12.164636998180804,2.159878594848113
planned_path,,,,,,,,,,,,3043,12.114636997435746,2.109878594103055
planned_path,,,,,,,,,,,,3044,12.064636996690687,2.059878593357997
planned_path,,,,,,,,,,,,3045,12.01463699594563,2.0098785926129388
planned_path,,,,,,,,,,,,3046,11.964636995200571,1.9598785918678807
planned_path,,,,,,,,,,,,3047,11.914636994455513,1.9098785911228227
planned_path,,,,,,,,,,,,3048,11.864636993710455,1.8598785903777646
planned_path,,,,,,,,,,,,3049,11.814636992965397,1.8098785896327065
planned_path,,,,,,,,,,,,3050,11.764636992220339,1.7598785888876485
planned_path,,,,,,,,,,,,3051,11.714636991475281,1.7098785881425904
planned_path,,,,,,,,,,,,3052,11.664636990730223,1.6598785873975324
planned_path,,,,,,,,,,,,3053,11.614636989985165,1.6098785866524743
planned_path,,,,,,,,,,,,3054,11.564636989240107,1.5598785859074162
planned_path,,,,,,,,,,,,3055,11.514636988495049,1.5098785851623582
planned_path,,,,,,,,,,,,3056,11.46463698774999,1.5098785851623582
planned_path,,,,,,,,,,,,3057,11.414636987004933,1.5098785851623582
planned_path,,,,,,,,,,,,3058,11.364636986259875,1.5098785851623582
planned_path,,,,,,,,,,,,3059,11.314636985514817,1.4598785844173001
planned_path,,,,,,,,,,,,3060,11.264636984769758,1.4598785844173001
planned_path,,,,,,,,,,,,3061,11.2146369840247,1.4598785844173001
planned_path,,,,,,,,,,,,3062,11.164636983279642,1.4598785844173001
planned_path,,,,,,,,,,,,3063,11.114636982534584,1.4598785844173001
planned_path,,,,,,,,,,,,3064,11.064636981789526,1.4598785844173001
planned_path,,,,,,,,,,,,3065,11.014636981044468,1.409878583672242
planned_path,,,,,,,,,,,,3066,10.96463698029941,1.409878583672242
planned_path,,,,,,,,,,,,3067,10.914636979554352,1.409878583672242
planned_path,,,,,,,,,,,,3068,10.914636979554352,1.409878583672242
planned_path,,,,,,,,,,,,3069,10.864636978809294,1.409878583672242
planned_path,,,,,,,,,,,,3070,10.814636978064236,1.409878583672242
planned_path,,,,,,,,,,,,3071,10.764636977319178,1.409878583672242
planned_path,,,,,,,,,,,,3072,10.71463697657412,1.409878583672242
planned_path,,,,,,,,,,,,3073,10.664636975829062,1.409878583672242
planned_path,,,,,,,,,,,,3074,10.614636975084004,1.409878583672242
planned_path,,,,,,,,,,,,3075,10.564636974338946,1.409878583672242
planned_path,,,,,,,,,,,,3076,10.514636973593888,1.409878583672242
planned_path,,,,,,,,,,,,3077,10.46463697284883,1.409878583672242
planned_path,,,,,,,,,,,,3078,10.414636972103771,1.409878583672242
planned_path,,,,,,,,,,,,3079,10.364636971358713,1.409878583672242
planned_path,,,,,,,,,,,,3080,10.314636970613655,1.409878583672242
planned_path,,,,,,,,,,,,3081,10.264636969868597,1.409878583672242
planned_path,,,,,,,,,,,,3082,10.21463696912354,1.409878583672242
planned_path,,,,,,,,,,,,3083,10.164636968378481,1.409878583672242
planned_path,,,,,,,,,,,,3084,10.114636967633423,1.409878583672242
planned_path,,,,,,,,,,,,3085,10.064636966888365,1.409878583672242
planned_path,,,,,,,,,,,,3086,10.014636966143307,1.409878583672242
planned_path,,,,,,,,,,,,3087,9.964636965398249,1.409878583672242
planned_path,,,,,,,,,,,,3088,9.91463696465319,1.409878583672242
planned_path,,,,,,,,,,,,3089,9.864636963908133,1.409878583672242
planned_path,,,,,,,,,,,,3090,9.814636963163075,1.409878583672242
planned_path,,,,,,,,,,,,3091,9.764636962418017,1.409878583672242
planned_path,,,,,,,,,,,,3092,9.714636961672959,1.409878583672242
planned_path,,,,,,,,,,,,3093,9.6646369609279,1.409878583672242
planned_path,,,,,,,,,,,,3094,9.614636960182843,1.409878583672242
planned_path,,,,,,,,,,,,3095,9.564636959437784,1.409878583672242
planned_path,,,,,,,,,,,,3096,9.514636958692726,1.409878583672242
planned_path,,,,,,,,,,,,3097,9.464636957947668,1.409878583672242
planned_path,,,,,,,,,,,,3098,9.41463695720261,1.409878583672242
planned_path,,,,,,,,,,,,3099,9.364636956457552,1.409878583672242
planned_path,,,,,,,,,,,,3100,9.314636955712494,1.409878583672242
planned_path,,,,,,,,,,,,3101,9.264636954967436,1.409878583672242
planned_path,,,,,,,,,,,,3102,9.214636954222378,1.409878583672242
planned_path,,,,,,,,,,,,3103,9.16463695347732,1.409878583672242
planned_path,,,,,,,,,,,,3104,9.114636952732262,1.409878583672242
planned_path,,,,,,,,,,,,3105,9.064636951987204,1.409878583672242
planned_path,,,,,,,,,,,,3106,9.014636951242146,1.409878583672242
planned_path,,,,,,,,,,,,3107,8.964636950497088,1.409878583672242
planned_path,,,,,,,,,,,,3108,8.91463694975203,1.409878583672242
planned_path,,,,,,,,,,,,3109,8.864636949006972,1.409878583672242
planned_path,,,,,,,,,,,,3110,8.814636948261914,1.409878583672242
planned_path,,,,,,,,,,,,3111,8.764636947516856,1.409878583672242
planned_path,,,,,,,,,,,,3112,8.714636946771797,1.409878583672242
planned_path,,,,,,,,,,,,3113,8.66463694602674,1.409878583672242
planned_path,,,,,,,,,,,,3114,8.614636945281681,1.409878583672242
planned_path,,,,,,,,,,,,3115,8.564636944536623,1.409878583672242
planned_path,,,,,,,,,,,,3116,8.514636943791565,1.409878583672242
planned_path,,,,,,,,,,,,3117,8.464636943046507,1.409878583672242
planned_path,,,,,,,,,,,,3118,8.414636942301449,1.409878583672242
planned_path,,,,,,,,,,,,3119,8.364636941556391,1.409878583672242
planned_path,,,,,,,,,,,,3120,8.314636940811333,1.409878583672242
planned_path,,,,,,,,,,,,3121,8.264636940066275,1.409878583672242
planned_path,,,,,,,,,,,,3122,8.214636939321217,1.409878583672242
planned_path,,,,,,,,,,,,3123,8.164636938576159,1.409878583672242
planned_path,,,,,,,,,,,,3124,8.1146369378311,1.409878583672242
planned_path,,,,,,,,,,,,3125,8.064636937086043,1.409878583672242
planned_path,,,,,,,,,,,,3126,8.014636936340985,1.409878583672242
planned_path,,,,,,,,,,,,3127,7.964636935595926,1.409878583672242
planned_path,,,,,,,,,,,,3128,7.914636934850868,1.409878583672242
planned_path,,,,,,,,,,,,3129,7.8646369341058096,1.409878583672242
planned_path,,,,,,,,,,,,3130,7.8146369333607515,1.409878583672242
planned_path,,,,,,,,,,,,3131,7.764636932615693,1.409878583672242
planned_path,,,,,,,,,,,,3132,7.714636931870635,1.409878583672242
planned_path,,,,,,,,,,,,3133,7.664636931125577,1.409878583672242
planned_path,,,,,,,,,,,,3134,7.614636930380519,1.409878583672242
planned_path,,,,,,,,,,,,3135,7.564636929635461,1.409878583672242
planned_path,,,,,,,,,,,,3136,7.514636928890403,1.409878583672242
planned_path,,,,,,,,,,,,3137,7.464636928145345,1.409878583672242
planned_path,,,,,,,,,,,,3138,7.414636927400287,1.409878583672242
planned_path,,,,,,,,,,,,3139,7.364636926655229,1.409878583672242
planned_path,,,,,,,,,,,,3140,7.314636925910171,1.409878583672242
planned_path,,,,,,,,,,,,3141,7.264636925165113,1.409878583672242
planned_path,,,,,,,,,,,,3142,7.214636924420055,1.409878583672242
planned_path,,,,,,,,,,,,3143,7.164636923674997,1.409878583672242
planned_path,,,,,,,,,,,,3144,7.114636922929939,1.409878583672242
planned_path,,,,,,,,,,,,3145,7.064636922184881,1.409878583672242
planned_path,,,,,,,,,,,,3146,7.0146369214398225,1.409878583672242
planned_path,,,,,,,,,,,,3147,6.9646369206947645,1.409878583672242
planned_path,,,,,,,,,,,,3148,6.914636919949706,1.409878583672242
planned_path,,,,,,,,,,,,3149,6.864636919204648,1.409878583672242
planned_path,,,,,,,,,,,,3150,6.81463691845959,1.409878583672242
planned_path,,,,,,,,,,,,3151,6.764636917714532,1.409878583672242
planned_path,,,,,,,,,,,,3152,6.714636916969474,1.409878583672242
planned_path,,,,,,,,,,,,3153,6.664636916224416,1.409878583672242
planned_path,,,,,,,,,,,,3154,6.614636915479358,1.409878583672242
planned_path,,,,,,,,,,,,3155,6.5646369147343,1.409878583672242
planned_path,,,,,,,,,,,,3156,6.514636913989242,1.409878583672242
planned_path,,,,,,,,,,,,3157,6.464636913244184,1.409878583672242
planned_path,,,,,,,,,,,,3158,6.414636912499126,1.409878583672242
planned_path,,,,,,,,,,,,3159,6.364636911754068,1.409878583672242
planned_path,,,,,,,,,,,,3160,6.31463691100901,1.409878583672242
planned_path,,,,,,,,,,,,3161,6.264636910263952,1.409878583672242
planned_path,,,,,,,,,,,,3162,6.214636909518894,1.409878583672242
planned_path,,,,,,,,,,,,3163,6.1646369087738355,1.409878583672242
planned_path,,,,,,,,,,,,3164,6.1146369080287775,1.409878583672242
planned_path,,,,,,,,,,,,3165,6.064636907283719,1.409878583672242
planned_path,,,,,,,,,,,,3166,6.014636906538661,1.409878583672242
planned_path,,,,,,,,,,,,3167,5.964636905793603,1.409878583672242
planned_path,,,,,,,,,,,,3168,5.914636905048545,1.409878583672242
planned_path,,,,,,,,,,,,3169,5.864636904303487,1.409878583672242
planned_path,,,,,,,,,,,,3170,5.814636903558429,1.409878583672242
planned_path,,,,,,,,,,,,3171,5.764636902813371,1.409878583672242
planned_path,,,,,,,,,,,,3172,5.714636902068313,1.409878583672242
planned_path,,,,,,,,,,,,3173,5.664636901323255,1.409878583672242
planned_path,,,,,,,,,,,,3174,5.614636900578197,1.359878582927184
planned_path,,,,,,,,,,,,3175,5.564636899833139,1.359878582927184
planned_path,,,,,,,,,,,,3176,5.514636899088081,1.359878582927184
planned_path,,,,,,,,,,,,3177,5.514636899088081,1.359878582927184
planned_path,,,,,,,,,,,,3178,5.464636898343023,1.359878582927184
planned_path,,,,,,,,,,,,3179,5.414636897597965,1.359878582927184
planned_path,,,,,,,,,,,,3180,5.364636896852907,1.359878582927184
planned_path,,,,,,,,,,,,3181,5.3146368961078485,1.359878582927184
planned_path,,,,,,,,,,,,3182,5.2646368953627904,1.359878582927184
planned_path,,,,,,,,,,,,3183,5.214636894617732,1.359878582927184
planned_path,,,,,,,,,,,,3184,5.164636893872674,1.359878582927184
planned_path,,,,,,,,,,,,3185,5.114636893127616,1.359878582927184
planned_path,,,,,,,,,,,,3186,5.064636892382558,1.359878582927184
planned_path,,,,,,,,,,,,3187,5.0146368916375,1.359878582927184
planned_path,,,,,,,,,,,,3188,4.964636890892442,1.359878582927184
planned_path,,,,,,,,,,,,3189,4.914636890147384,1.359878582927184
planned_path,,,,,,,,,,,,3190,4.864636889402326,1.359878582927184
planned_path,,,,,,,,,,,,3191,4.814636888657268,1.359878582927184
planned_path,,,,,,,,,,,,3192,4.76463688791221,1.359878582927184
planned_path,,,,,,,,,,,,3193,4.714636887167152,1.359878582927184
planned_path,,,,,,,,,,,,3194,4.664636886422094,1.359878582927184
planned_path,,,,,,,,,,,,3195,4.614636885677036,1.359878582927184
planned_path,,,,,,,,,,,,3196,4.564636884931978,1.359878582927184
planned_path,,,,,,,,,,,,3197,4.5146368841869196,1.359878582927184
planned_path,,,,,,,,,,,,3198,4.4646368834418615,1.359878582927184
planned_path,,,,,,,,,,,,3199,4.414636882696803,1.359878582927184
planned_path,,,,,,,,,,,,3200,4.364636881951745,1.359878582927184
planned_path,,,,,,,,,,,,3201,4.314636881206687,1.359878582927184
planned_path,,,,,,,,,,,,3202,4.264636880461629,1.409878583672242
planned_path,,,,,,,,,,,,3203,4.214636879716571,1.409878583672242
planned_path,,,,,,,,,,,,3204,4.164636878971513,1.409878583672242
planned_path,,,,,,,,,,,,3205,4.114636878226455,1.409878583672242
planned_path,,,,,,,,,,,,3206,4.064636877481397,1.409878583672242
planned_path,,,,,,,,,,,,3207,4.014636876736339,1.409878583672242
planned_path,,,,,,,,,,,,3208,3.964636875991281,1.409878583672242
planned_path,,,,,,,,,,,,3209,3.914636875246223,1.409878583672242
planned_path,,,,,,,,,,,,3210,3.8646368745011648,1.409878583672242
planned_path,,,,,,,,,,,,3211,3.8146368737561067,1.409878583672242
planned_path,,,,,,,,,,,,3212,3.7646368730110487,1.409878583672242
planned_path,,,,,,,,,,,,3213,3.7146368722659906,1.409878583672242
planned_path,,,,,,,,,,,,3214,3.6646368715209325,1.409878583672242
planned_path,,,,,,,,,,,,3215,3.6146368707758745,1.409878583672242
planned_path,,,,,,,,,,,,3216,3.5646368700308164,1.409878583672242
planned_path,,,,,,,,,,,,3217,3.5146368692857584,1.409878583672242
planned_path,,,,,,,,,,,,3218,3.4646368685407003,1.409878583672242
planned_path,,,,,,,,,,,,3219,3.4146368677956422,1.409878583672242
planned_path,,,,,,,,,,,,3220,3.364636867050584,1.409878583672242
planned_path,,,,,,,,,,,,3221,3.314636866305526,1.409878583672242
planned_path,,,,,,,,,,,,3222,3.264636865560468,1.409878583672242
planned_path,,,,,,,,,,,,3223,3.21463686481541,1.409878583672242
planned_path,,,,,,,,,,,,3224,3.164636864070352,1.409878583672242
planned_path,,,,,,,,,,,,3225,3.114636863325294,1.409878583672242
planned_path,,,,,,,,,,,,3226,3.064636862580236,1.409878583672242
planned_path,,,,,,,,,,,,3227,3.0146368618351778,1.409878583672242
planned_path,,,,,,,,,,,,3228,2.9646368610901197,1.409878583672242
planned_path,,,,,,,,,,,,3229,2.9146368603450616,1.409878583672242
planned_path,,,,,,,,,,,,3230,2.8646368596000036,1.409878583672242
planned_path,,,,,,,,,,,,3231,2.8146368588549455,1.409878583672242
planned_path,,,,,,,,,,,,3232,2.7646368581098875,1.409878583672242
planned_path,,,,,,,,,,,,3233,2.7146368573648294,1.409878583672242
planned_path,,,,,,,,,,,,3234,2.6646368566197713,1.409878583672242
planned_path,,,,,,,,,,,,3235,2.6146368558747133,1.409878583672242
planned_path,,,,,,,,,,,,3236,2.5646368551296552,1.409878583672242
planned_path,,,,,,,,,,,,3237,2.514636854384597,1.409878583672242
planned_path,,,,,,,,,,,,3238,2.464636853639539,1.409878583672242
planned_path,,,,,,,,,,,,3239,2.414636852894481,1.409878583672242
planned_path,,,,,,,,,,,,3240,2.364636852149423,1.409878583672242
planned_path,,,,,,,,,,,,3241,2.314636851404365,1.409878583672242
planned_path,,,,,,,,,,,,3242,2.264636850659307,1.4598785844173001
planned_path,,,,,,,,,,,,3243,2.214636849914249,1.5098785851623582
planned_path,,,,,,,,,,,,3244,2.1646368491691907,1.5598785859074162
planned_path,,,,,,,,,,,,3245,2.1146368484241327,1.5598785859074162
planned_path,,,,,,,,,,,,3246,2.0646368476790746,1.5598785859074162
planned_path,,,,,,,,,,,,3247,2.0146368469340166,1.6098785866524743
planned_path,,,,,,,,,,,,3248,1.9646368461889585,1.6598785873975324
planned_path,,,,,,,,,,,,3249,1.9146368454439004,1.7098785881425904
planned_path,,,,,,,,,,,,3250,1.8646368446988424,1.7598785888876485
planned_path,,,,,,,,,,,,3251,1.8146368439537843,1.8098785896327065
planned_path,,,,,,,,,,,,3252,1.7646368432087263,1.8598785903777646
planned_path,,,,,,,,,,,,3253,1.7146368424636682,1.9098785911228227
planned_path,,,,,,,,,,,,3254,1.6646368417186101,1.9598785918678807
planned_path,,,,,,,,,,,,3255,1.614636840973552,2.0098785926129388
planned_path,,,,,,,,,,,,3256,1.564636840228494,2.059878593357997
planned_path,,,,,,,,,,,,3257,1.514636839483436,2.109878594103055
planned_path,,,,,,,,,,,,3258,1.464636838738378,2.159878594848113
planned_path,,,,,,,,,,,,3259,1.4146368379933199,2.209878595593171
planned_path,,,,,,,,,,,,3260,1.4146368379933199,2.259878596338229
planned_path,,,,,,,,,,,,3261,1.3646368372482618,2.309878597083287
planned_path,,,,,,,,,,,,3262,1.3146368365032037,2.359878597828345
planned_path,,,,,,,,,,,,3263,1.3146368365032037,2.4098785985734033
planned_path,,,,,,,,,,,,3264,1.3146368365032037,2.4598785993184613
planned_path,,,,,,,,,,,,3265,1.3146368365032037,2.5098786000635194
planned_path,,,,,,,,,,,,3266,1.2646368357581457,2.5598786008085774
planned_path,,,,,,,,,,,,3267,1.2646368357581457,2.6098786015536355
planned_path,,,,,,,,,,,,3268,1.2146368350130876,2.6598786022986936
planned_path,,,,,,,,,,,,3269,1.2146368350130876,2.7098786030437516
planned_path,,,,,,,,,,,,3270,1.1646368342680296,2.7598786037888097
planned_path,,,,,,,,,,,,3271,1.1646368342680296,2.8098786045338677
planned_path,,,,,,,,,,,,3272,1.1646368342680296,2.8098786045338677
planned_path,,,,,,,,,,,,3273,1.1646368342680296,2.859878605278926
planned_path,,,,,,,,,,,,3274,1.1646368342680296,2.909878606023984
planned_path,,,,,,,,,,,,3275,1.1146368335229715,2.959878606769042
planned_path,,,,,,,,,,,,3276,1.1146368335229715,3.0098786075141
planned_path,,,,,,,,,,,,3277,1.1146368335229715,3.059878608259158
planned_path,,,,,,,,,,,,3278,1.1146368335229715,3.109878609004216
planned_path,,,,,,,,,,,,3279,1.1146368335229715,3.159878609749274
planned_path,,,,,,,,,,,,3280,1.1146368335229715,3.209878610494332
planned_path,,,,,,,,,,,,3281,1.0646368327779134,3.2598786112393903
planned_path,,,,,,,,,,,,3282,1.0646368327779134,3.3098786119844483
planned_path,,,,,,,,,,,,3283,1.0646368327779134,3.3598786127295064
planned_path,,,,,,,,,,,,3284,1.0646368327779134,3.3598786127295064
planned_path,,,,,,,,,,,,3285,1.0146368320328554,3.4098786134745644
planned_path,,,,,,,,,,,,3286,0.9646368312877973,3.4598786142196225
planned_path,,,,,,,,,,,,3287,0.9146368305427393,3.5098786149646806
planned_path,,,,,,,,,,,,3288,0.9146368305427393,3.5598786157097386
planned_path,,,,,,,,,,,,3289,0.9146368305427393,3.6098786164547967
planned_path,,,,,,,,,,,,3290,0.9146368305427393,3.6598786171998547
planned_path,,,,,,,,,,,,3291,0.8646368297976812,3.709878617944913
planned_path,,,,,,,,,,,,3292,0.8146368290526231,3.759878618689971
planned_path,,,,,,,,,,,,3293,0.7646368283075651,3.809878619435029
planned_path,,,,,,,,,,,,3294,0.7646368283075651,3.859878620180087
planned_path,,,,,,,,,,,,3295,0.7646368283075651,3.859878620180087
planned_path,,,,,,,,,,,,3296,0.714636827562507,3.909878620925145
planned_path,,,,,,,,,,,,3297,0.664636826817449,3.959878621670203
planned_path,,,,,,,,,,,,3298,0.6146368260723909,4.009878622415261
planned_path,,,,,,,,,,,,3299,0.5646368253273328,4.009878622415261
planned_path,,,,,,,,,,,,3300,0.5146368245822748,4.009878622415261
planned_path,,,,,,,,,,,,3301,0.4646368238372167,4.009878622415261
planned_path,,,,,,,,,,,,3302,0.41463682309215866,4.059878623160319
planned_path,,,,,,,,,,,,3303,0.3646368223471006,4.059878623160319
planned_path,,,,,,,,,,,,3304,0.31463682160204254,4.059878623160319
planned_path,,,,,,,,,,,,3305,0.31463682160204254,4.059878623160319
planned_path,,,,,,,,,,,,3306,0.2646368208569845,4.059878623160319
planned_path,,,,,,,,,,,,3307,0.21463682011192642,4.059878623160319
planned_path,,,,,,,,,,,,3308,0.16463681936686836,4.059878623160319
planned_path,,,,,,,,,,,,3309,0.1146368186218103,4.059878623160319
planned_path,,,,,,,,,,,,3310,0.06463681787675224,4.059878623160319
planned_path,,,,,,,,,,,,3311,0.01463681713169418,4.059878623160319
planned_path,,,,,,,,,,,,3312,-0.03536318361336388,4.059878623160319
planned_path,,,,,,,,,,,,3313,-0.08536318435842194,4.109878623905377
planned_path,,,,,,,,,,,,3314,-0.13536318510348,4.109878623905377
planned_path,,,,,,,,,,,,3315,-0.18536318584853806,4.109878623905377
planned_path,,,,,,,,,,,,3316,-0.18536318584853806,4.109878623905377
planned_path,,,,,,,,,,,,3317,-0.23536318659359612,4.059878623160319
planned_path,,,,,,,,,,,,3318,-0.2853631873386542,4.009878622415261
planned_path,,,,,,,,,,,,3319,-0.33536318808371224,4.009878622415261
planned_path,,,,,,,,,,,,3320,-0.3853631888287703,4.009878622415261
planned_path,,,,,,,,,,,,3321,-0.43536318957382836,4.009878622415261
planned_path,,,,,,,,,,,,3322,-0.4853631903188864,3.959878621670203
planned_path,,,,,,,,,,,,3323,-0.5353631910639445,3.959878621670203
planned_path,,,,,,,,,,,,3324,-0.5853631918090025,3.959878621670203
planned_path,,,,,,,,,,,,3325,-0.5853631918090025,3.959878621670203
planned_path,,,,,,,,,,,,3326,-0.6353631925540606,3.909878620925145
planned_path,,,,,,,,,,,,3327,-0.6853631932991187,3.859878620180087
planned_path,,,,,,,,,,,,3328,-0.7353631940441767,3.809878619435029
planned_path,,,,,,,,,,,,3329,-0.7853631947892348,3.759878618689971
planned_path,,,,,,,,,,,,3330,-0.8353631955342928,3.709878617944913
planned_path,,,,,,,,,,,,3331,-0.8853631962793509,3.6598786171998547
planned_path,,,,,,,,,,,,3332,-0.8853631962793509,3.6598786171998547
planned_path,,,,,,,,,,,,3333,-0.935363197024409,3.6098786164547967
planned_path,,,,,,,,,,,,3334,-0.985363197769467,3.5598786157097386
planned_path,,,,,,,,,,,,3335,-1.035363198514525,3.5098786149646806
planned_path,,,,,,,,,,,,3336,-1.0853631992595831,3.4598786142196225
planned_path,,,,,,,,,,,,3337,-1.1353632000046412,3.4098786134745644
planned_path,,,,,,,,,,,,3338,-1.1853632007496993,3.3598786127295064
planned_path,,,,,,,,,,,,3339,-1.1853632007496993,3.3098786119844483
planned_path,,,,,,,,,,,,3340,-1.1853632007496993,3.2598786112393903
planned_path,,,,,,,,,,,,3341,-1.1853632007496993,3.2598786112393903
planned_path,,,,,,,,,,,,3342,-1.2353632014947573,3.209878610494332
planned_path,,,,,,,,,,,,3343,-1.2853632022398154,3.159878609749274
planned_path,,,,,,,,,,,,3344,-1.3353632029848734,3.109878609004216
planned_path,,,,,,,,,,,,3345,-1.3353632029848734,3.059878608259158
planned_path,,,,,,,,,,,,3346,-1.3353632029848734,3.0098786075141
planned_path,,,,,,,,,,,,3347,-1.3353632029848734,2.959878606769042
planned_path,,,,,,,,,,,,3348,-1.3353632029848734,2.909878606023984
planned_path,,,,,,,,,,,,3349,-1.3853632037299315,2.859878605278926
planned_path,,,,,,,,,,,,3350,-1.3853632037299315,2.8098786045338677
planned_path,,,,,,,,,,,,3351,-1.4353632044749896,2.7598786037888097
planned_path,,,,,,,,,,,,3352,-1.4353632044749896,2.7098786030437516
planned_path,,,,,,,,,,,,3353,-1.4353632044749896,2.7098786030437516
planned_path,,,,,,,,,,,,3354,-1.4353632044749896,2.6598786022986936
planned_path,,,,,,,,,,,,3355,-1.4353632044749896,2.6098786015536355
planned_path,,,,,,,,,,,,3356,-1.4353632044749896,2.5598786008085774
planned_path,,,,,,,,,,,,3357,-1.4353632044749896,2.5098786000635194
planned_path,,,,,,,,,,,,3358,-1.4353632044749896,2.4598785993184613
planned_path,,,,,,,,,,,,3359,-1.4353632044749896,2.4098785985734033
planned_path,,,,,,,,,,,,3360,-1.4353632044749896,2.359878597828345
planned_path,,,,,,,,,,,,3361,-1.4353632044749896,2.309878597083287
planned_path,,,,,,,,,,,,3362,-1.4353632044749896,2.259878596338229
planned_path,,,,,,,,,,,,3363,-1.4353632044749896,2.209878595593171
planned_path,,,,,,,,,,,,3364,-1.4353632044749896,2.159878594848113
planned_path,,,,,,,,,,,,3365,-1.4353632044749896,2.109878594103055
planned_path,,,,,,,,,,,,3366,-1.4353632044749896,2.059878593357997
planned_path,,,,,,,,,,,,3367,-1.4353632044749896,2.059878593357997
planned_path,,,,,,,,,,,,3368,-1.4353632044749896,2.0098785926129388
planned_path,,,,,,,,,,,,3369,-1.4353632044749896,1.9598785918678807
planned_path,,,,,,,,,,,,3370,-1.4353632044749896,1.9098785911228227
planned_path,,,,,,,,,,,,3371,-1.4353632044749896,1.8598785903777646
planned_path,,,,,,,,,,,,3372,-1.4353632044749896,1.8098785896327065
planned_path,,,,,,,,,,,,3373,-1.4353632044749896,1.7598785888876485
planned_path,,,,,,,,,,,,3374,-1.4353632044749896,1.7098785881425904
planned_path,,,,,,,,,,,,3375,-1.3853632037299315,1.6598785873975324
planned_path,,,,,,,,,,,,3376,-1.3353632029848734,1.6098785866524743
planned_path,,,,,,,,,,,,3377,-1.2853632022398154,1.5598785859074162
planned_path,,,,,,,,,,,,3378,-1.2353632014947573,1.5098785851623582
planned_path,,,,,,,,,,,,3379,-1.2353632014947573,1.4598785844173001
planned_path,,,,,,,,,,,,3380,-1.2353632014947573,1.4598785844173001
planned_path,,,,,,,,,,,,3381,-1.1853632007496993,1.409878583672242
planned_path,,,,,,,,,,,,3382,-1.1353632000046412,1.359878582927184
planned_path,,,,,,,,,,,,3383,-1.0853631992595831,1.309878582182126
planned_path,,,,,,,,,,,,3384,-1.0853631992595831,1.2598785814370679
planned_path,,,,,,,,,,,,3385,-1.0853631992595831,1.2098785806920098
planned_path,,,,,,,,,,,,3386,-1.0853631992595831,1.1598785799469518
planned_path,,,,,,,,,,,,3387,-1.035363198514525,1.1098785792018937
planned_path,,,,,,,,,,,,3388,-0.985363197769467,1.0598785784568356
planned_path,,,,,,,,,,,,3389,-0.935363197024409,1.0098785777117776
planned_path,,,,,,,,,,,,3390,-0.8853631962793509,0.9598785769667195
planned_path,,,,,,,,,,,,3391,-0.8353631955342928,0.9098785762216615
planned_path,,,,,,,,,,,,3392,-0.8353631955342928,0.8598785754766034
planned_path,,,,,,,,,,,,3393,-0.8353631955342928,0.8598785754766034
planned_path,,,,,,,,,,,,3394,-0.7853631947892348,0.8098785747315453
planned_path,,,,,,,,,,,,3395,-0.7353631940441767,0.7598785739864873
planned_path,,,,,,,,,,,,3396,-0.6853631932991187,0.7098785732414292
planned_path,,,,,,,,,,,,3397,-0.6353631925540606,0.6598785724963712
planned_path,,,,,,,,,,,,3398,-0.5853631918090025,0.6098785717513131
planned_path,,,,,,,,,,,,3399,-0.5353631910639445,0.559878571006255
planned_path,,,,,,,,,,,,3400,-0.4853631903188864,0.509878570261197
planned_path,,,,,,,,,,,,3401,-0.43536318957382836,0.4598785695161389
planned_path,,,,,,,,,,,,3402,-0.3853631888287703,0.40987856877108086
planned_path,,,,,,,,,,,,3403,-0.33536318808371224,0.3598785680260228
planned_path,,,,,,,,,,,,3404,-0.2853631873386542,0.30987856728096475
planned_path,,,,,,,,,,,,3405,-0.23536318659359612,0.2598785665359067
planned_path,,,,,,,,,,,,3406,-0.18536318584853806,0.20987856579084863
planned_path,,,,,,,,,,,,3407,-0.13536318510348,0.20987856579084863
planned_path,,,,,,,,,,,,3408,-0.08536318435842194,0.20987856579084863
planned_path,,,,,,,,,,,,3409,-0.03536318361336388,0.20987856579084863
planned_path,,,,,,,,,,,,3410,0.01463681713169418,0.15987856504579057
planned_path,,,,,,,,,,,,3411,0.06463681787675224,0.15987856504579057
planned_path,,,,,,,,,,,,3412,0.1146368186218103,0.15987856504579057
planned_path,,,,,,,,,,,,3413,0.16463681936686836,0.15987856504579057
planned_path,,,,,,,,,,,,3414,0.21463682011192642,0.15987856504579057
planned_path,,,,,,,,,,,,3415,0.2646368208569845,0.15987856504579057
planned_path,,,,,,,,,,,,3416,0.31463682160204254,0.1098785643007325
planned_path,,,,,,,,,,,,3417,0.3646368223471006,0.1098785643007325
planned_path,,,,,,,,,,,,3418,0.41463682309215866,0.1098785643007325
planned_path,,,,,,,,,,,,3419,0.4646368238372167,0.1098785643007325
planned_path,,,,,,,,,,,,3420,0.5146368245822748,0.1098785643007325
planned_path,,,,,,,,,,,,3421,0.5646368253273328,0.1098785643007325
planned_path,,,,,,,,,,,,3422,0.6146368260723909,0.05987856355567445
planned_path,,,,,,,,,,,,3423,0.664636826817449,0.05987856355567445
planned_path,,,,,,,,,,,,3424,0.714636827562507,0.05987856355567445
planned_path,,,,,,,,,,,,3425,0.7646368283075651,0.05987856355567445
planned_path,,,,,,,,,,,,3426,0.8146368290526231,0.05987856355567445
planned_path,,,,,,,,,,,,3427,0.8646368297976812,0.05987856355567445
planned_path,,,,,,,,,,,,3428,0.9146368305427393,0.009878562810616387
planned_path,,,,,,,,,,,,3429,0.9646368312877973,0.009878562810616387
planned_path,,,,,,,,,,,,3430,1.0146368320328554,0.009878562810616387
planned_path,,,,,,,,,,,,3431,1.0146368320328554,0.009878562810616387
planned_path,,,,,,,,,,,,3432,1.0646368327779134,0.009878562810616387
planned_path,,,,,,,,,,,,3433,1.1146368335229715,0.009878562810616387
planned_path,,,,,,,,,,,,3434,1.1646368342680296,0.009878562810616387
planned_path,,,,,,,,,,,,3435,1.2146368350130876,0.009878562810616387
planned_path,,,,,,,,,,,,3436,1.2646368357581457,0.009878562810616387
planned_path,,,,,,,,,,,,3437,1.3146368365032037,0.009878562810616387
planned_path,,,,,,,,,,,,3438,1.3646368372482618,0.009878562810616387
planned_path,,,,,,,,,,,,3439,1.4146368379933199,0.009878562810616387
planned_path,,,,,,,,,,,,3440,1.464636838738378,0.009878562810616387
planned_path,,,,,,,,,,,,3441,1.514636839483436,0.009878562810616387
planned_path,,,,,,,,,,,,3442,1.564636840228494,0.009878562810616387
sample,1779736472.339808,0.0,0.0,0.0,0.01839512965688061,0,-0.0012766992292461944,-0.0055940774429836,0.0,0.0,0.0,,,
sample,1779736472.3757079,0.03589987754821777,0.0,0.0,0.01839512965688061,0,-0.0012766992292461944,-0.0055940774429836,0.0,0.03938605386311677,0.06132401596873869,,,
sample,1779736472.425808,0.08599996566772461,0.0,0.0,0.01839512965688061,0,-0.0012766992292461944,-0.0055940774429836,0.0,0.03938605386311677,0.06132401596873869,,,
sample,1779736472.4760551,0.1362471580505371,0.0,0.0,0.01839512965688061,0,-0.0012766992292461944,-0.0055940774429836,0.0,0.03938605386311677,0.06132401596873869,,,
sample,1779736472.5277252,0.18791723251342773,0.2403,0.0,0.015959689749564732,0,0.02250406717245512,-0.006251271521464565,0.023789845621799997,0.03843799564466659,0.053203483091742734,,,
sample,1779736472.5756526,0.23584461212158203,0.2403,0.0,0.015959689749564732,0,0.02250406717245512,-0.006251271521464565,0.023789845621799997,0.03843799564466659,0.053203483091742734,,,
sample,1779736472.6299655,0.2901575565338135,0.6409,0.3233832255223575,0.009103354013952892,0,0.09100469572717468,-0.006940726403888564,0.09229394375049998,0.02649929422891479,0.030345351634901856,,,
sample,1779736472.6760278,0.33621978759765625,0.6409,0.0,0.016612192264973034,0,0.09100469572717468,-0.006940726403888564,0.09229394375049998,0.04772049673009266,0.05537906853725936,,,
sample,1779736472.727969,0.38816094398498535,0.8011,0.36503906754718884,0.017198340706722527,0,0.16506110345991723,-0.006281907019027669,0.16635328191429996,0.05217874387175633,0.0573334552195355,,,
sample,1779736472.7755926,0.43578457832336426,0.8011,0.0,0.017198340706722527,0,0.16506110345991723,-0.006281907019027669,0.16635328191429996,0.05217874387175633,0.0573334552195355,,,
sample,1779736472.8279924,0.48818445205688477,1.0414,0.08768304379261105,0.01270132271068938,0,0.2692575636453602,-0.004876156355665486,0.27055922440369995,0.04255508730107437,0.04234001920820642,,,
sample,1779736472.875528,0.5357201099395752,1.0414,0.0,0.01270132271068938,0,0.2692575636453602,-0.004876156355665486,0.27055922440369995,0.04255508730107437,0.04234001920820642,,,
sample,1779736472.9284928,0.5886847972869873,1.1215,0.06914055347444184,0.010519716694784803,0,0.38468319936047773,-0.00289611968942705,0.3860018418611999,0.03574508219958645,0.03506701588271014,,,
sample,1779736472.976227,0.6364190578460693,1.1215,0.0,0.010519716694784803,0,0.38468319936047773,-0.00289611968942705,0.3860018418611999,0.03574508219958645,0.03506701588271014,,,
sample,1779736473.0281968,0.6883888244628906,1.2818,0.00566960315537905,0.008986412225784429,0,0.5087781181217794,-0.0007307929813938933,0.5101156505294,0.032190344973157696,0.02995551378216577,,,
sample,1779736473.0757182,0.735910177230835,1.2818,0.0,0.008961130380635885,0,0.5087781181217794,-0.0007307929813938933,0.5101156505294,0.032654297498136226,0.029871234178265555,,,
sample,1779736473.1287756,0.7889676094055176,1.2818,0.25224175247815184,0.004714514252918616,0,0.639488921347142,0.0033003617306224765,0.6408885999039999,0.017030069393912575,0.015715163941689383,,,
sample,1779736473.1757498,0.8359417915344238,1.2818,0.0,0.004714514252918616,0,0.639488921347142,0.0033003617306224765,0.6408885999039999,0.017030069393912575,0.015715163941689383,,,
sample,1779736473.2275996,0.887791633605957,1.3619,0.17828747692569305,0.001102707409797024,0,0.7815597479906492,0.008996851908010984,0.7830735842853,0.004083343998242646,0.003675692855826479,,,
sample,1779736473.2820992,0.942291259765625,1.3619,0.0,0.001102707409797024,0,0.7815597479906492,0.008996851908010984,0.7830735842853,0.004083343998242646,0.003675692855826479,,,
sample,1779736473.3283076,0.988499641418457,1.2818,0.09525816025779084,-0.0003301806987010355,0,0.8771254890267438,0.012955927899381454,0.8787212980189976,-0.0011862909545467205,-0.0011006023689990832,,,
sample,1779736473.3774602,1.0376522541046143,1.2818,0.0,-0.0003301806987010355,0,0.8771254890267438,0.012955927899381454,0.8787212980189976,-0.0011862909545467205,-0.0011006023689990832,,,
sample,1779736473.4246376,1.084829568862915,1.3619,0.27864437910506373,-0.003852194569240663,0,0.9761595897584238,0.019122829046030035,0.9779472209297222,-0.01434275683847753,-0.012840712080365503,,,
sample,1779736473.4725502,1.132742166519165,1.3619,0.0,-0.004867173062341465,0,0.9761595897584238,0.019122829046030035,0.9779472209297222,-0.01798515618850569,-0.016224038320442342,,,
sample,1779736473.523223,1.1834149360656738,1.3619,0.0793689464201295,-0.006683334686690036,0,1.111764669159133,0.027492662850114882,1.1138103567583224,-0.025090939527175615,-0.02227811398851548,,,
sample,1779736473.57268,1.2328720092773438,1.3619,0.0,-0.006683334686690036,0,1.111764669159133,0.027492662850114882,1.1138103567583224,-0.025090939527175615,-0.02227811398851548,,,
sample,1779736473.6234682,1.2836601734161377,1.3619,0.11323981247344035,-0.009408358814210944,0,1.24740235297692,0.0366478527729626,1.2497566651818224,-0.035106817794095,-0.03136212141538465,,,
sample,1779736473.6722317,1.3324236869812012,1.3619,0.0,-0.009408358814210944,0,1.24740235297692,0.0366478527729626,1.2497566651818224,-0.035106817794095,-0.03136212141538465,,,
sample,1779736473.7234817,1.3836736679077148,1.3619,0.20152751519200332,-0.01355038324571589,0,1.393533193890475,0.048028571682282466,1.396330003238222,-0.05049672674879976,-0.04517070882763357,,,
sample,1779736473.7725744,1.4327664375305176,1.3619,0.0,-0.01355038324571589,0,1.393533193890475,0.048028571682282466,1.396330003238222,-0.05049672674879976,-0.04517070882763357,,,
sample,1779736473.8235035,1.4836955070495605,1.442,-0.00563856074032915,-0.014290301245123404,0,1.4826583087342693,0.056352281530206424,1.4858429645430071,-0.05448714950779837,-0.04763758026100854,,,
sample,1779736473.8721423,1.532334327697754,1.442,0.0,-0.014290301245123404,0,1.4826583087342693,0.056352281530206424,1.4858429645430071,-0.05448714950779837,-0.04763758026100854,,,
sample,1779736473.9225469,1.5827388763427734,1.3619,0.08512896232571224,-0.015010219782635887,0,1.6676084897481411,0.07142925620399856,1.6714066587894252,-0.05448714950779837,-0.05003782395086216,,,
sample,1779736473.973208,1.6333999633789062,1.3619,0.006136016632694786,-0.01771306129259688,0,1.6788116855212918,0.07235041173500605,1.6826476606595364,-0.06562173117725006,-0.05904971343703489,,,
sample,1779736474.0232275,1.6834194660186768,1.442,0.016371692619963883,-0.018469821646126233,0,1.7860936348847696,0.08125986268049376,1.7902989262135365,-0.07056716043877043,-0.06157307387571489,,,
sample,1779736474.0726063,1.7327983379364014,1.442,0.0,-0.018469821646126233,0,1.7860936348847696,0.08125986268049376,1.7902989262135365,-0.07056716043877043,-0.06157307387571489,,,
sample,1779736474.1230826,1.7832746505737305,1.3619,0.09803642816827482,-0.021793545493364343,0,1.9242112845777666,0.09341860798188403,1.9289507211677366,-0.08061915323036531,-0.0726566549771124,,,
sample,1779736474.172583,1.8327751159667969,1.3619,0.0,-0.021793545493364343,0,1.9242112845777666,0.09341860798188403,1.9289507211677366,-0.08061915323036531,-0.0726566549771124,,,
sample,1779736474.2230427,1.8832347393035889,1.3619,0.05034547749321302,-0.023442569176479147,0,2.0600629314621695,0.10572574546229829,2.065358695986536,-0.08733324564365719,-0.07815621480093803,,,
sample,1779736474.2725995,1.9327914714813232,1.3619,0.0,-0.02354408832747003,0,2.0600629314621695,0.10572574546229829,2.065358695986536,-0.0885039108772948,-0.07849479881369344,,,
sample,1779736474.3235493,1.983741283416748,1.3619,0.10792117792490602,-0.02669719380151889,0,2.195668110629598,0.11876269019356497,2.2015891130928362,-0.09975989591730765,-0.08901179443674942,,,
sample,1779736474.3724005,2.032592535018921,1.3619,0.0,-0.02669719380151889,0,2.195668110629598,0.11876269019356497,2.2015891130928362,-0.09975989591730765,-0.08901179443674942,,,
sample,1779736474.4239697,2.0841617584228516,1.442,0.15330162537949996,-0.028874103486094184,0,2.2987434039844468,0.1268564242217567,2.3049816884099608,-0.11108095911727625,-0.09627376803216371,,,
sample,1779736474.4724543,2.132646322250366,1.442,0.0,-0.028874103486094184,0,2.2987434039844468,0.1268564242217567,2.3049816884099608,-0.11108095911727625,-0.09627376803216371,,,
sample,1779736474.5245986,2.18479061126709,1.442,-0.036118648674473314,-0.030101333271562572,0,2.450206720064489,0.14233908154341868,2.4572342706399604,-0.11589104431518017,-0.1003680935873553,,,
sample,1779736474.5727806,2.2329726219177246,1.442,0.0,-0.030101333271562572,0,2.450206720064489,0.14233908154341868,2.4572342706399604,-0.11589104431518017,-0.1003680935873553,,,
sample,1779736474.623495,2.283687114715576,1.442,-0.1773370042656558,-0.029325939656311723,0,2.574252494472189,0.15377080221770306,2.581805689456561,-0.11162522114172017,-0.0977811647454755,,,
sample,1779736474.6722205,2.3324124813079834,1.442,-0.02001898214074417,-0.02907087191441946,0,2.5877063768971076,0.15501067537421084,2.5953165827559603,-0.11129082579774972,-0.09693021366498439,,,
sample,1779736474.7232366,2.3834285736083984,1.3619,-0.26929526805041465,-0.027702052447408174,0,2.721203734615248,0.16546603547048347,2.72922274046526,-0.1023922324199324,-0.0923638028085094,,,
sample,1779736474.774646,2.434838056564331,1.3619,0.0,-0.027702052447408174,0,2.721203734615248,0.16546603547048347,2.72922274046526,-0.1023922324199324,-0.0923638028085094,,,
sample,1779736474.8252382,2.4854302406311035,1.442,-0.15846969044507153,-0.025891928934615754,0,2.8684480414602236,0.17581101387714707,2.8768300047732596,-0.09823652358261971,-0.0863257213347932,,,
sample,1779736474.8747573,2.53494930267334,1.442,0.0,-0.025891928934615754,0,2.8684480414602236,0.17581101387714707,2.8768300047732596,-0.09823652358261971,-0.0863257213347932,,,
sample,1779736474.92438,2.5845720767974854,1.442,-0.6021163446686192,-0.016628521751641808,0,2.997737698893141,0.16448461719821236,3.006614837403462,-0.0638275279484483,-0.055433515198247366,,,
sample,1779736474.974806,2.634998083114624,1.442,0.0,-0.016628521751641808,0,2.997737698893141,0.16448461719821236,3.006614837403462,-0.0638275279484483,-0.055433515198247366,,,
sample,1779736475.0230947,2.683286666870117,1.3619,-0.1659522504487268,-0.015642023963855584,0,3.116468644270296,0.16818784494481123,3.1254035207276583,-0.057616324368013436,-0.05214433271749545,,,
sample,1779736475.0741982,2.7343902587890625,1.3619,-0.02093251225792128,-0.015351966750597565,0,3.1323179079992505,0.16868218475670932,3.1412604918318627,-0.05693912957418944,-0.05117724309856575,,,
sample,1779736475.1241176,2.7843096256256104,1.442,-0.10717332287933103,-0.013824822114612131,0,3.266436658543855,0.17214723573830007,3.275423995907863,-0.05234135053977565,-0.04608567647194322,,,
sample,1779736475.1726682,2.832860231399536,1.442,0.0,-0.013824822114612131,0,3.266436658543855,0.17214723573830007,3.275423995907863,-0.05234135053977565,-0.04608567647194322,,,
sample,1779736475.2246792,2.884871244430542,1.3619,-0.13930071804252758,-0.012622718507728782,0,3.405610044110606,0.174734039821066,3.414621419754262,-0.04728636773366295,-0.04207796318585354,,,
sample,1779736475.2734528,2.9336447715759277,1.3619,0.0,-0.012622718507728782,0,3.405610044110606,0.174734039821066,3.414621419754262,-0.04728636773366295,-0.04207796318585354,,,
sample,1779736475.3259995,2.986191511154175,1.442,0.1145328980462702,-0.01409863881657706,0,3.54731338819267,0.17822108593997385,3.5563676620842624,-0.05408656785874318,-0.04699857675754736,,,
sample,1779736475.3763602,3.0365521907806396,1.442,0.0,-0.01409863881657706,0,3.54731338819267,0.17822108593997385,3.5563676620842624,-0.05408656785874318,-0.04699857675754736,,,
sample,1779736475.423683,3.0838749408721924,1.3619,-0.07398408669008122,-0.013849631146110573,0,3.6670087454040727,0.1796039253540159,3.6760710069949636,-0.05138143804560278,-0.046168389079485284,,,
sample,1779736475.4730327,3.1332247257232666,1.3619,-0.00244783307266188,-0.01393274530123371,0,3.670772028266831,0.17968289504331583,3.6798351183266007,-0.05140266983578617,-0.046445489730707126,,,
sample,1779736475.5233264,3.183518409729004,1.442,0.08565297751322526,-0.014943689819808944,0,3.81199367313561,0.18325500793484228,3.821101933148601,-0.05646781081312042,-0.04981600765631386,,,
sample,1779736475.5733793,3.2335712909698486,1.442,0.0,-0.014943689819808944,0,3.81199367313561,0.18325500793484228,3.821101933148601,-0.05646781081312042,-0.04981600765631386,,,
sample,1779736475.623181,3.2833731174468994,1.442,-0.011550064818340087,-0.015069586073070048,0,3.9498493167784856,0.18666263380801107,3.9589996865686006,-0.05787271559097365,-0.05023575635437359,,,
sample,1779736475.6726828,3.3328747749328613,1.442,0.0,-0.015069586073070048,0,3.9498493167784856,0.18666263380801107,3.9589996865686006,-0.05787271559097365,-0.05023575635437359,,,
sample,1779736475.7232106,3.3834025859832764,1.3619,-0.11291533399380119,-0.014788332646714458,0,4.086857795150942,0.1892672596274409,4.0960329205726005,-0.05526897956353876,-0.04929803594919416,,,
sample,1779736475.7732034,3.4333953857421875,1.3619,0.0,-0.014494554190434368,0,4.086857795150942,0.1892672596274409,4.0960329205726005,-0.05384785143313459,-0.048318564465087414,,,
sample,1779736475.8231797,3.4833717346191406,1.3619,-0.11591502364534197,-0.013170871365974675,0,4.223163394071907,0.19106869634553575,4.232350423012502,-0.04863198341052842,-0.04390544336880918,,,
sample,1779736475.872522,3.5327141284942627,1.3619,0.0,-0.013170871365974675,0,4.223163394071907,0.19106869634553575,4.232350423012502,-0.04863198341052842,-0.04390544336880918,,,
sample,1779736475.9229493,3.583141326904297,1.3619,-0.12678726103127397,-0.01152120150790179,0,4.358680628488367,0.19199319097513087,4.367870810830002,-0.04320483564581485,-0.038405704341248965,,,
sample,1779736475.972281,3.6324729919433594,1.3619,0.0,-0.01152120150790179,0,4.358680628488367,0.19199319097513087,4.367870810830002,-0.04320483564581485,-0.038405704341248965,,,
sample,1779736476.0236309,3.6838228702545166,1.442,-0.04792969248903552,-0.009028248088177385,0,4.459999348476973,0.17986465328002732,4.469912882774623,-0.034074591892059566,-0.03009497797153143,,,
sample,1779736476.072311,3.7325029373168945,1.442,0.0,-0.009028248088177385,0,4.459999348476973,0.17986465328002732,4.469912882774623,-0.034074591892059566,-0.03009497797153143,,,
sample,1779736476.1233175,3.7835094928741455,1.3619,-0.2302188001768102,-0.006151034137627905,0,4.576975000695505,0.17882153257509303,4.5868931858720075,-0.02274576371254794,-0.020503705713490677,,,
sample,1779736476.1724515,3.832643508911133,1.3619,-0.03124503630892352,-0.005735952475002135,0,4.592267976070774,0.178685158731892,4.602186769286424,-0.02135324568032057,-0.01912005127436379,,,
sample,1779736476.223687,3.8838789463043213,1.442,0.0068996633406779185,-0.005358526757181668,0,4.736284453782709,0.17745181846367208,4.746208527992424,-0.020450100222760465,-0.017861926818917892,,,
sample,1779736476.2724483,3.932640314102173,1.442,0.0,-0.005358526757181668,0,4.736284453782709,0.17745181846367208,4.746208527992424,-0.020450100222760465,-0.017861926818917892,,,
sample,1779736476.3237064,3.983898401260376,1.3619,-0.049643833419423807,-0.004796978616838358,0,4.871057149175264,0.17595465843766078,4.8809895389380245,-0.017692866659402208,-0.015990051372027244,,,
sample,1779736476.3732226,4.033414602279663,1.3619,0.0,-0.004796978616838358,0,4.871057149175264,0.17595465843766078,4.8809895389380245,-0.017692866659402208,-0.015990051372027244,,,
sample,1779736476.4246497,4.084841728210449,1.3619,-0.06787668777518509,-0.0035918848427509828,0,5.024727274008627,0.17371106511198064,5.034676041199324,-0.013269312867548276,-0.011973000966317218,,,
sample,1779736476.4739232,4.134115219116211,1.3619,0.0,-0.0035918848427509828,0,5.024727274008627,0.17371106511198064,5.034676041199324,-0.013269312867548276,-0.011973000966317218,,,
sample,1779736476.5256472,4.1858391761779785,1.442,0.05413289189254664,-0.003072311287152223,0,5.11404551623316,0.16492601430397985,5.124425278030506,-0.011615216255275972,-0.010241069846010364,,,
sample,1779736476.5727794,4.232971429824829,1.442,0.0026746425734135606,-0.003105653870676705,0,5.128242917673133,0.16476028057644265,5.138623646785971,-0.011812609133380413,-0.01035221285160471,,,
sample,1779736476.6230664,4.283258438110352,1.3619,0.015550698925464219,-0.003413727528898431,0,5.255785324725192,0.16337116166165183,5.266173618357871,-0.012785901761503037,-0.011379135965417963,,,
sample,1779736476.6737735,4.333965539932251,1.3619,0.0,-0.003413727528898431,0,5.255785324725192,0.16337116166165183,5.266173618357871,-0.012785901761503037,-0.011379135965417963,,,
sample,1779736476.7237568,4.383948802947998,1.442,0.0965754537503591,-0.004340408279948693,0,5.400055235152293,0.16249632116377755,5.4104461812398705,-0.016665404585279965,-0.014468118455598932,,,
sample,1779736476.7726307,4.4328227043151855,1.442,0.0,-0.004340408279948693,0,5.400055235152293,0.16249632116377755,5.4104461812398705,-0.016665404585279965,-0.014468118455598932,,,
sample,1779736476.8243399,4.484531879425049,1.3619,-0.326744250374471,0.006241067800730845,0,5.536267288359313,0.1593684086458973,5.546694143703871,0.023183429417301976,0.020803829445953617,,,
sample,1779736476.8726695,4.5328614711761475,1.3619,0.0,0.006241067800730845,0,5.536267288359313,0.1593684086458973,5.546694143703871,0.023183429417301976,0.020803829445953617,,,
sample,1779736476.924423,4.584614992141724,1.442,0.14698482749945374,0.004337734853239179,0,5.680269049453003,0.15715744297996181,5.690712877093871,0.016518211954022363,0.014459206865451593,,,
sample,1779736476.9765873,4.636779308319092,1.442,0.0,0.004337734853239179,0,5.680269049453003,0.15715744297996181,5.690712877093871,0.016518211954022363,0.014459206865451593,,,
sample,1779736477.0239296,4.684121608734131,1.3619,-0.06565949582699022,0.005631729242788419,0,5.820489944848052,0.15456853011244315,5.83095767013527,0.02077560259668478,0.018772629276293057,,,
sample,1779736477.072583,4.732774972915649,1.3619,0.0,0.005631729242788419,0,5.820489944848052,0.15456853011244315,5.83095767013527,0.02077560259668478,0.018772629276293057,,,
sample,1779736477.1248004,4.784992456436157,1.442,-0.053831802964003056,0.006194446719224887,0,5.932307594612099,0.15442441057502748,5.942775412775676,0.023610463732044184,0.020648419832768848,,,
sample,1779736477.172765,4.832957029342651,1.442,0.0,0.006194446719224887,0,5.932307594612099,0.15442441057502748,5.942775412775676,0.023610463732044184,0.020648419832768848,,,
sample,1779736477.224237,4.884428977966309,1.3619,0.08994039811577216,0.005427626776371406,0,6.067779845606177,0.15216959740347993,6.078266427133976,0.01999885825085746,0.018092266915749243,,,
sample,1779736477.274359,4.934551000595093,1.3619,0.0,0.005427626776371406,0,6.067779845606177,0.15216959740347993,6.078266427133976,0.01999885825085746,0.018092266915749243,,,
sample,1779736477.3247,4.984892129898071,1.3619,0.2138735045577843,0.0025892709999742773,0,6.213496022281332,0.15148793325405063,6.223984198221917,0.009522201577735236,0.008630922621424335,,,
sample,1779736477.3729496,5.033141613006592,1.3619,0.024827897964383353,0.002263539011932187,0,6.22970891260926,0.1514120889219569,6.240197265949775,0.008383333407403682,0.007545142925898739,,,
sample,1779736477.4244375,5.084629535675049,1.442,0.1982436610970542,-0.000562128639407656,0,6.3470319783137095,0.1520607937485656,6.357522125055775,-0.002155963304308435,-0.0018737623287213739,,,
sample,1779736477.475563,5.1357550621032715,1.442,0.0,-0.000562128639407656,0,6.3470319783137095,0.1520607937485656,6.357522125055775,-0.002155963304308435,-0.0018737623287213739,,,
sample,1779736477.5269132,5.187105178833008,1.3619,0.24244949760159412,-0.004212349987465493,0,6.489526301111108,0.1546229712385621,6.500039481132077,-0.01566893716215398,-0.014041249673791093,,,
sample,1779736477.5755925,5.235784530639648,1.3619,0.0,-0.004212349987465493,0,6.489526301111108,0.1546229712385621,6.500039481132077,-0.01566893716215398,-0.014041249673791093,,,
sample,1779736477.628254,5.288445949554443,1.442,0.550758127918553,-0.010848154410650474,0,6.584415899074338,0.1615479840607118,6.595181436147782,-0.04154556636596716,-0.03616193325498124,,,
sample,1779736477.6764302,5.33662223815918,1.442,0.0,-0.012498932513130886,0,6.584415899074338,0.1615479840607118,6.595181436147782,-0.04769909707880995,-0.04166527809564094,,,
sample,1779736477.7267876,5.386979579925537,1.3619,0.05895462761586886,-0.014534876679206886,0,6.713813962047654,0.16801698939787785,6.724741100902282,-0.0534886395933437,-0.04845300108172335,,,
sample,1779736477.7756371,5.435829162597656,1.3619,0.0,-0.014534876679206886,0,6.713813962047654,0.16801698939787785,6.724741100902282,-0.0534886395933437,-0.04845300108172335,,,
sample,1779736477.828449,5.488641023635864,1.3619,0.209257336102005,-0.018253729655808917,0,6.849646733132824,0.17631345502313278,6.860827004075782,-0.06825867006537045,-0.06085252432907733,,,
sample,1779736477.87547,5.535661935806274,1.3619,0.0,-0.018253729655808917,0,6.849646733132824,0.17631345502313278,6.860827004075782,-0.06825867006537045,-0.06085252432907733,,,
sample,1779736477.9281266,5.588318586349487,1.442,0.06436967469673184,-0.019686927656228915,0,6.993743536181949,0.18560501589957967,7.005223062721782,-0.07547650028284751,-0.06563157146126268,,,
sample,1779736477.9756813,5.635873317718506,1.442,0.0,-0.019686927656228915,0,6.993743536181949,0.18560501589957967,7.005223062721782,-0.07547650028284751,-0.06563157146126268,,,
sample,1779736478.0290058,5.689197778701782,1.3619,-0.11983620241741057,-0.019589148366765983,0,7.129323899512099,0.1934777834178399,7.141031808350082,-0.0734041008576939,-0.06530551476769893,,,
sample,1779736478.076235,5.736427068710327,1.3619,0.0,-0.01961595428424757,0,7.129323899512099,0.1934777834178399,7.141031808350082,-0.07270321421562467,-0.06539490216958165,,,
sample,1779736478.1275094,5.787701368331909,1.442,-0.10398421217767069,-0.01849226830940659,0,7.274044645912899,0.20110732749915322,7.285953526466082,-0.07028316598256956,-0.06164792164792572,,,
sample,1779736478.175679,5.835870981216431,1.442,0.0,-0.01849226830940659,0,7.274044645912899,0.20110732749915322,7.285953526466082,-0.07028316598256956,-0.06164792164792572,,,
sample,1779736478.226505,5.886697053909302,1.3619,-0.1956091435901845,-0.015737746531699813,0,7.389559578442636,0.19592251359318064,7.401584758979575,-0.058569902028756046,-0.0524634865043252,,,
sample,1779736478.2757585,5.935950517654419,1.3619,0.0,-0.015737746531699813,0,7.389559578442636,0.19592251359318064,7.401584758979575,-0.058569902028756046,-0.0524634865043252,,,
sample,1779736478.3240166,5.984208583831787,1.442,0.10355325335237375,-0.017332558792690505,0,7.538328914783579,0.20302800792395123,7.550523684331576,-0.06627189015541073,-0.05778098223274851,,,
sample,1779736478.372722,6.03291392326355,1.442,0.0,-0.017332558792690505,0,7.538328914783579,0.20302800792395123,7.550523684331576,-0.06627189015541073,-0.05778098223274851,,,
sample,1779736478.4245965,6.08478856086731,1.442,-0.14330280835516543,-0.016384567777708362,0,7.682421919805771,0.20883691405176402,7.694733730745574,-0.06186931519706459,-0.054620113676952055,,,
sample,1779736478.472722,6.132914066314697,1.442,0.0,-0.0160706331765411,0,7.682421919805771,0.20883691405176402,7.694733730745574,-0.06128089854679321,-0.05357338938282759,,,
sample,1779736478.5241325,6.184324502944946,1.3619,0.09051802616014541,-0.01869075487606494,0,7.8189467935293155,0.2149772064013416,7.831396616473075,-0.06894164000885464,-0.062309772277505164,,,
sample,1779736478.5722404,6.2324323654174805,1.3619,0.0,-0.01869075487606494,0,7.8189467935293155,0.2149772064013416,7.831396616473075,-0.06894164000885464,-0.062309772277505164,,,
sample,1779736478.6240063,6.28419828414917,1.3619,-0.043309916080984445,-0.01858828023340703,0,7.95231039412257,0.2206757451818716,7.9648819089491765,-0.06957063969256444,-0.0619680714310842,,,
sample,1779736478.6725059,6.332697868347168,1.3619,0.0,-0.01858828023340703,0,7.95231039412257,0.2206757451818716,7.9648819089491765,-0.06957063969256444,-0.0619680714310842,,,
sample,1779736478.7235498,6.383741855621338,1.442,-0.003337791782461253,-0.017534151103008537,0,8.037698092278543,0.21686325037053447,8.050354677203527,-0.06701721652094561,-0.05845316087184331,,,
sample,1779736478.772509,6.432701110839844,1.442,0.0,-0.017534151103008537,0,8.037698092278543,0.21686325037053447,8.050354677203527,-0.06701721652094561,-0.05845316087184331,,,
sample,1779736478.8230612,6.483253240585327,1.3619,0.02284778007801008,-0.018970074201340312,0,8.169872183254558,0.2226413478715378,8.182655005003829,-0.07125382436636075,-0.06324116692023123,,,
sample,1779736478.8729198,6.533111810684204,1.3619,0.0,-0.019250179866556368,0,8.169872183254558,0.2226413478715378,8.182655005003829,-0.07103159842433904,-0.06417519353921884,,,
sample,1779736478.9230897,6.583281755447388,1.3619,-0.15711032745572587,-0.01754038525409802,0,8.30557075319618,0.22750221819352565,8.31844060786543,-0.06573118017143266,-0.058473947767949536,,,
sample,1779736478.974291,6.634483098983765,1.3619,0.0,-0.01754038525409802,0,8.30557075319618,0.22750221819352565,8.31844060786543,-0.06573118017143266,-0.058473947767949536,,,
sample,1779736479.0232713,6.6834633350372314,1.442,0.019402774834582175,-0.01776677451205922,0,8.450996560975709,0.23284991662169946,8.463964707061429,-0.06828530375222996,-0.05922881385978256,,,
sample,1779736479.0724432,6.732635259628296,1.442,0.0,-0.01776677451205922,0,8.450996560975709,0.23284991662169946,8.463964707061429,-0.06828530375222996,-0.05922881385978256,,,
sample,1779736479.130915,6.791106939315796,1.3619,0.07784967554787077,-0.02039112608496614,0,8.586829383809762,0.23846411038821366,8.599913502314331,-0.07579497237277827,-0.06797984250577924,,,
sample,1779736479.172999,6.83319091796875,1.3619,0.0,-0.02039112608496614,0,8.586829383809762,0.23846411038821366,8.599913502314331,-0.07579497237277827,-0.06797984250577924,,,
sample,1779736479.2305937,6.8907856941223145,1.442,0.07785206387852828,-0.015973003666419412,0,8.72796371149371,0.2449459911768661,8.741196598363922,-0.06079829223328134,-0.053247874129981866,,,
sample,1779736479.27279,6.932981967926025,1.442,0.0,-0.015973003666419412,0,8.72796371149371,0.2449459911768661,8.741196598363922,-0.06079829223328134,-0.053247874129981866,,,
sample,1779736479.324267,6.984458923339844,1.3619,-0.22815528018713366,-0.01404907969773593,0,8.899705340070321,0.25170106649536844,8.913071023537377,-0.052510403866625754,-0.04683334696922568,,,
sample,1779736479.3722334,7.032425403594971,1.3619,0.0,-0.01404907969773593,0,8.899705340070321,0.25170106649536844,8.913071023537377,-0.052510403866625754,-0.04683334696922568,,,
sample,1779736479.4240587,7.0842506885528564,1.442,-0.13755766949561346,-0.006547324269866099,0,9.052603589616789,0.2558478415250407,9.066025495382826,-0.025174932966209384,-0.02182472609060012,,,
sample,1779736479.4723365,7.13252854347229,1.442,0.0,-0.006547324269866099,0,9.052603589616789,0.2558478415250407,9.066025495382826,-0.025174932966209384,-0.02182472609060012,,,
sample,1779736479.5243227,7.184514760971069,1.442,0.06765223620705206,-0.007975215783444444,0,9.192342318848388,0.2601021429795297,9.205828970046827,-0.030531556987360316,-0.026584616243773854,,,
sample,1779736479.572962,7.233154058456421,1.442,0.0,-0.007975215783444444,0,9.192342318848388,0.2601021429795297,9.205828970046827,-0.030531556987360316,-0.026584616243773854,,,
sample,1779736479.6243076,7.284499645233154,1.3619,-0.07197731398666846,-0.007679249080086032,0,9.327487699907703,0.26371673328997836,9.341022680273227,-0.02841770844882268,-0.025598000114346892,,,
sample,1779736479.6755562,7.335748195648193,1.3619,0.0,-0.007679249080086032,0,9.327487699907703,0.26371673328997836,9.341022680273227,-0.02841770844882268,-0.025598000114346892,,,
sample,1779736479.72347,7.383661985397339,1.3619,0.0034221965859617637,-0.0022942242208501377,0,9.467719683819636,0.2674903800225557,9.481305429467627,-0.008451249525378483,-0.007647427486826901,,,
sample,1779736479.7729895,7.433181524276733,1.3619,0.0,-0.0022942242208501377,0,9.467719683819636,0.2674903800225557,9.481305429467627,-0.008451249525378483,-0.007647427486826901,,,
sample,1779736479.823949,7.484141111373901,1.442,-0.2728437023066619,0.0028154748424639533,0,9.587784270875645,0.2546002578259475,9.602059975200586,0.01075268458817567,0.009384940939384646,,,
sample,1779736479.8725889,7.532780885696411,1.442,0.0,0.0028154748424639533,0,9.587784270875645,0.2546002578259475,9.602059975200586,0.01075268458817567,0.009384940939384646,,,
sample,1779736479.924204,7.584396123886108,1.442,0.06552793901179052,0.007277587191875474,0,9.731844152332044,0.25696042534948355,9.746139188954587,0.0277076306976399,0.02425905225405177,,,
sample,1779736479.9726775,7.632869482040405,1.442,0.0,0.007277587191875474,0,9.731844152332044,0.25696042534948355,9.746139188954587,0.0277076306976399,0.02425905225405177,,,
sample,1779736480.0232763,7.683468341827393,1.3619,-0.0847014019683014,0.008683310392156765,0,9.868320669570997,0.2586113230135325,9.882625690927387,0.03197533256169089,0.028945095463081456,,,
sample,1779736480.07234,7.732532024383545,1.3619,0.0,0.008683310392156765,0,9.868320669570997,0.2586113230135325,9.882625690927387,0.03197533256169089,0.028945095463081456,,,
sample,1779736480.1239405,7.784132480621338,1.3619,-0.1313809284299595,0.016367795422811766,0,10.004446312040873,0.259335064081041,10.01875325734569,0.061191649558596295,0.054564190831285095,,,
sample,1779736480.1723685,7.8325605392456055,1.3619,0.0,0.016367795422811766,0,10.004446312040873,0.259335064081041,10.01875325734569,0.061191649558596295,0.054564190831285095,,,
sample,1779736480.2241468,7.884338855743408,1.442,-0.06515667255600222,0.016396899147041653,0,10.149280546056831,0.25961647167221436,10.16358776474369,0.06286419770790368,0.0546612292863688,,,
sample,1779736480.2723734,7.932565450668335,1.442,0.0,0.016396899147041653,0,10.149280546056831,0.25961647167221436,10.16358776474369,0.06286419770790368,0.0546612292863688,,,
sample,1779736480.323352,7.983544111251831,1.3619,0.024197026069990038,0.01665371167593569,0,10.284159463060247,0.2629566297758384,10.29850803345144,0.06219500536222654,0.055517504869405786,,,
sample,1779736480.373384,8.033576011657715,1.3619,0.0,0.022410090752633775,0,10.284159463060247,0.2629566297758384,10.29850803345144,0.08296102146150881,0.0747128101549951,,,
sample,1779736480.42342,8.083611965179443,1.3619,0.09692820408560053,0.021008343648665564,0,10.416397303138973,0.26401804476583507,10.430750133217241,0.07887149911340692,0.07003811625134569,,,
sample,1779736480.4731603,8.133352279663086,1.3619,0.0,0.021008343648665564,0,10.416397303138973,0.26401804476583507,10.430750133217241,0.07887149911340692,0.07003811625134569,,,
sample,1779736480.523366,8.183557987213135,1.3619,0.24839044442925773,0.017329570863353995,0,10.556806070479462,0.2668964072011781,10.571188400496444,0.0647681319680148,0.05777101947612163,,,
sample,1779736480.5730839,8.233275890350342,1.3619,0.0,0.017329570863353995,0,10.556806070479462,0.2668964072011781,10.571188400496444,0.0647681319680148,0.05777101947612163,,,
sample,1779736480.6239598,8.284151792526245,1.442,0.3194241064803492,0.01715661377649922,0,10.705765935396563,0.2723728490231439,10.720248900868443,0.06575806355255227,0.05719432440340681,,,
sample,1779736480.672402,8.33259391784668,1.442,0.0,0.01715661377649922,0,10.705765935396563,0.2723728490231439,10.720248900868443,0.06575806355255227,0.05719432440340681,,,
sample,1779736480.7271538,8.387345790863037,1.3619,0.22180350995161643,0.014949587558175987,0,10.833960130509952,0.27864553820118243,10.848596469175341,0.055912057685216274,0.0498356711767469,,,
sample,1779736480.7727416,8.432933568954468,1.3619,0.0,0.014119474953368752,0,10.833960130509952,0.27864553820118243,10.848596469175341,0.05215046485749928,0.04706804437454289,,,
sample,1779736480.824628,8.484820127487183,1.3619,0.4188531869890155,0.012880601280129257,0,10.978397427790132,0.28886341703449214,10.993394735371643,0.047366260956715714,0.042937712223723695,,,
sample,1779736480.872581,8.5327730178833,1.3619,0.0,0.012880601280129257,0,10.978397427790132,0.28886341703449214,10.993394735371643,0.047366260956715714,0.042937712223723695,,,
sample,1779736480.924209,8.58440113067627,1.3619,0.4278281170757547,0.004078767394195214,0,11.093483406758452,0.3140421716068068,11.111202851547523,0.015110205565590196,0.013595966709791603,,,
sample,1779736480.9724212,8.632613182067871,1.3619,0.0,0.004078767394195214,0,11.093483406758452,0.3140421716068068,11.111202851547523,0.015110205565590196,0.013595966709791603,,,
sample,1779736481.024183,8.684375047683716,1.442,0.17906084770537867,0.004806420816301678,0,11.253890857317696,0.3304577095880594,11.272448068785524,0.018356600526743663,0.01602152609592428,,,
sample,1779736481.0739565,8.734148502349854,1.442,0.0,0.004806420816301678,0,11.253890857317696,0.3304577095880594,11.272448068785524,0.018356600526743663,0.01602152609592428,,,
sample,1779736481.1232877,8.783479690551758,1.3619,0.23786821455049892,0.0011321763729856135,0,11.35882050646919,0.34260178316171475,11.378078129819388,0.004217771420179639,0.003773922855786316,,,
sample,1779736481.1730678,8.83325982093811,1.3619,0.030272072909756982,0.000727667844155023,0,11.372295805840876,0.3441613521521772,11.391643377645822,0.0027271090957455076,0.0024255599086284805,,,
sample,1779736481.2243745,8.88456654548645,1.3619,0.2561372520184448,0.0008119460972238645,0,11.511092048495662,0.36207634294017127,11.531591024535723,0.003022740094673892,0.002706487585502721,,,
sample,1779736481.2745452,8.934737205505371,1.3619,0.0,0.0008119460972238645,0,11.511092048495662,0.36207634294017127,11.531591024535723,0.003022740094673892,0.002706487585502721,,,
sample,1779736481.3243237,8.98451566696167,1.442,0.3609879352151985,-0.007102798641998011,0,11.651201528869187,0.38272669760072525,11.673214128717724,-0.02710100052414141,-0.023676393630700905,,,
sample,1779736481.372855,9.033046960830688,1.442,0.0,-0.007102798641998011,0,11.651201528869187,0.38272669760072525,11.673214128717724,-0.02710100052414141,-0.023676393630700905,,,
sample,1779736481.4232373,9.083429336547852,1.3619,0.4067683175367094,-0.008247958533631064,0,11.792342626227015,0.39802313652161836,11.815181696869864,-0.030437233322658203,-0.02749381857227578,,,
sample,1779736481.4727066,9.132898569107056,1.3619,0.0,-0.008247958533631064,0,11.792342626227015,0.39802313652161836,11.815181696869864,-0.030437233322658203,-0.02749381857227578,,,
sample,1779736481.5244296,9.184621572494507,1.3619,0.2557202866417258,-0.013958635585821683,0,11.917515652008467,0.4209185269639756,11.942431393477722,-0.05216494395421078,-0.04653180746552033,,,
sample,1779736481.5725415,9.232733488082886,1.3619,0.017787676131582646,-0.014187392558222583,0,11.925614694828813,0.4223999223878177,11.950664802674865,-0.05321403476037705,-0.047294481747644376,,,
sample,1779736481.6246464,9.284838438034058,1.442,0.15603703014427422,0.002301938569581442,0,12.06553169709174,0.44916953547672384,12.093119636594862,0.008726484840592137,0.007673142118401352,,,
sample,1779736481.6726189,9.332810878753662,1.442,0.0,0.002301938569581442,0,12.06553169709174,0.44916953547672384,12.093119636594862,0.008726484840592137,0.007673142118401352,,,
sample,1779736481.7237267,9.383918762207031,1.442,0.13780222852097956,0.009286477685213587,0,12.216361498244174,0.4791296887064234,12.246896226806863,0.03574188270892506,0.0309558154852574,,,
sample,1779736481.7725108,9.432702779769897,1.442,0.0,0.009286477685213587,0,12.216361498244174,0.4791296887064234,12.246896226806863,0.03574188270892506,0.0309558154852574,,,
sample,1779736481.824773,9.484965085983276,1.3619,-0.031208911046345135,0.014651554943897386,0,12.361967678490496,0.5078054637431968,12.395299258446665,0.05416515433018258,0.04884201146966237,,,
sample,1779736481.8735652,9.533757209777832,1.3619,0.0,0.01950791381884071,0,12.361967678490496,0.5078054637431968,12.395299258446665,0.07236820707695675,0.06503462943682467,,,
sample,1779736481.923999,9.584191083908081,1.3619,-0.4802591496203157,0.03049180580105676,0,12.451185080344256,0.4947991316052684,12.485459723558694,0.11284404353197602,0.10167086412622384,,,
sample,1779736481.9745889,9.634780883789062,1.3619,-0.016173095735507164,0.03917014522331604,0,12.46701632662952,0.49750710113157953,12.501520902154928,0.1440555258561901,0.13063396815705303,,,
sample,1779736482.0251813,9.685373306274414,1.442,0.008715100171745375,0.046350098691427935,0,12.591042576860112,0.5187783539431103,12.62735800694693,0.17920277726610095,0.1546110634456385,,,
sample,1779736482.0737166,9.733908653259277,1.442,0.0,0.046350098691427935,0,12.591042576860112,0.5187783539431103,12.62735800694693,0.17920277726610095,0.1546110634456385,,,
sample,1779736482.1246037,9.784795761108398,1.3619,0.3061749353417395,0.05390746229268918,0,12.724728011054326,0.5438562673781013,12.763375274446128,0.199118077320666,0.17986580561865065,,,
sample,1779736482.174407,9.834599018096924,1.3619,0.0,0.05390746229268918,0,12.724728011054326,0.5438562673781013,12.763375274446128,0.199118077320666,0.17986580561865065,,,
sample,1779736482.2234256,9.883617639541626,1.442,0.34989080788100474,0.06006005983745266,0,12.866120824806769,0.5728987390621199,12.907719976262129,0.22803970808590207,0.2004412687389624,,,
sample,1779736482.2726889,9.932880878448486,1.442,0.0,0.06006005983745266,0,12.866120824806769,0.5728987390621199,12.907719976262129,0.22803970808590207,0.2004412687389624,,,
sample,1779736482.3248053,9.984997272491455,1.3619,0.44205908235444313,0.06123600426540834,0,13.00069524863665,0.6037878382117878,13.045793912960633,0.22794244377628153,0.20437553718436008,,,
sample,1779736482.3740337,10.034225702285767,1.3619,0.0,0.06123600426540834,0,13.00069524863665,0.6037878382117878,13.045793912960633,0.22794244377628153,0.20437553718436008,,,
sample,1779736482.4270885,10.087280511856079,1.442,0.3325369564854269,0.07969614329627979,0,13.145700400660836,0.639775414855204,13.195198062120632,0.3114955251875309,0.2662176747801195,,,
sample,1779736482.4737785,10.133970499038696,1.442,0.0,0.07969614329627979,0,13.145700400660836,0.639775414855204,13.195198062120632,0.3114955251875309,0.2662176747801195,,,
sample,1779736482.5247662,10.184958219528198,1.3619,0.6092033282832969,0.09242842318881167,0,13.276260256836308,0.6776356940053065,13.331136565797419,0.3527731018950207,0.3089751049695586,,,
sample,1779736482.5745313,10.234723329544067,1.3619,0.0,0.09242842318881167,0,13.276260256836308,0.6776356940053065,13.331136565797419,0.3527731018950207,0.3089751049695586,,,
sample,1779736482.6277084,10.287900447845459,1.3619,0.6207997263452613,0.1030003579813148,0,13.409571063397747,0.7199482253746854,13.47100121986322,0.396392645661784,0.34455385501448865,,,
sample,1779736482.6760783,10.336270332336426,1.3619,0.0,0.10645454957474636,0,13.409571063397747,0.7199482253746854,13.47100121986322,0.41082398256886055,0.35619505149097663,,,
sample,1779736482.729941,10.390132904052734,1.3619,0.48834088601107195,0.11467742456647663,0,13.540298160353352,0.7652584042093853,13.60935795509672,0.44252223304920707,0.38394262451320543,,,
sample,1779736482.7760253,10.436217308044434,1.3619,0.0,0.11467742456647663,0,13.540298160353352,0.7652584042093853,13.60935795509672,0.44252223304920707,0.38394262451320543,,,
sample,1779736482.8270187,10.487210750579834,1.2818,0.8523731100242228,0.1186208403517982,0,13.657787354414118,0.8117917212419095,13.73572670247952,0.4367489411789635,0.39726785734147857,,,
sample,1779736482.875749,10.535941123962402,1.2818,0.0,0.1186208403517982,0,13.657787354414118,0.8117917212419095,13.73572670247952,0.4367489411789635,0.39726785734147857,,,
sample,1779736482.9297793,10.58997130393982,1.3619,0.8236241681031378,0.11803337543690595,0,13.778117014797747,0.8657601488707012,13.86760474594682,0.46019818737534,0.395281965348482,,,
sample,1779736482.9773066,10.637498617172241,1.3619,0.0,0.11803337543690595,0,13.778117014797747,0.8657601488707012,13.86760474594682,0.46019818737534,0.395281965348482,,,
sample,1779736483.029358,10.689549922943115,1.2818,0.676199603869455,0.12063189205342598,0,13.871198354705149,0.9127571354440851,13.9718777174492,0.4584739708319182,0.4040682183871446,,,
sample,1779736483.0760155,10.736207485198975,1.2818,0.33717733709583253,0.12234298081949933,0,13.901157259436669,0.927325909945599,14.005191155626433,0.4632236064016679,0.4098568653484014,,,
sample,1779736483.1314144,10.791606426239014,1.3619,1.1981487460140674,0.12091617389145737,0,14.01373752405516,0.9937170552478742,14.135889664248824,0.4720451626493678,0.40502978218071767,,,
sample,1779736483.1755536,10.835745573043823,1.3619,0.0,0.12091617389145737,0,14.01373752405516,0.9937170552478742,14.135889664248824,0.4720451626493678,0.40502978218071767,,,
sample,1779736483.228453,10.888644933700562,1.3619,1.0893607275192625,0.12160101399221514,0,14.128228366092406,1.072074112541898,14.274626758560968,0.4740743417036535,0.40734647988656,,,
sample,1779736483.2758484,10.93604040145874,1.3619,0.0,0.12160101399221514,0,14.128228366092406,1.072074112541898,14.274626758560968,0.4740743417036535,0.40734647988656,,,
sample,1779736483.3251998,10.985391855239868,1.2818,1.1107279035193272,0.12385009366401599,0,14.22870773228329,1.1486744102442872,14.400974329325967,0.4636471289722556,0.41495747452954435,,,
sample,1779736483.3730898,11.033281803131104,1.2818,0.0,0.12385009366401599,0,14.22870773228329,1.1486744102442872,14.400974329325967,0.4636471289722556,0.41495747452954435,,,
sample,1779736483.4245515,11.08474349975586,1.3619,0.9593716976478811,0.11565589758791074,0,14.317940010930947,1.2251221460934818,14.518476056415919,0.44380610844945084,0.3872478463969648,,,
sample,1779736483.4751427,11.135334730148315,1.3619,0.15137746307103145,0.11380574047831345,0,14.331781647600108,1.2369806551424654,14.536702826358667,0.4395351042262552,0.3809987567210773,,,
sample,1779736483.5325315,11.192723512649536,1.2818,0.9223911811624989,0.1149999027100053,0,14.428928424324445,1.3295586321040491,14.670897379326467,0.42748542918801,0.3850318532928161,,,
sample,1779736483.576708,11.236900091171265,1.2818,0.0,0.1149999027100053,0,14.428928424324445,1.3295586321040491,14.670897379326467,0.42748542918801,0.3850318532928161,,,
sample,1779736483.6239755,11.284167528152466,1.3619,0.9438902876339552,0.11247265314034266,0,14.520028418762449,1.403644635079292,14.788319459121759,0.43235252965764903,0.3764977621092483,,,
sample,1779736483.674253,11.334444999694824,1.3619,0.0,0.11247265314034266,0,14.520028418762449,1.403644635079292,14.788319459121759,0.43235252965764903,0.3764977621092483,,,
sample,1779736483.7237217,11.38391375541687,1.3619,0.8628744220716917,0.11241614872625766,0,14.631572967052486,1.5078156826665743,14.940942502626534,0.4362364441763383,0.3763070124197014,,,
sample,1779736483.7734363,11.43362832069397,1.3619,0.0,0.11535798367292695,0,14.631572967052486,1.5078156826665743,14.940942502626534,0.44223646002755307,0.3862414321847078,,,
sample,1779736483.8230488,11.483240842819214,1.2818,1.0507801423994934,0.10786541705521331,0,14.69374357871677,1.5862819329523243,15.041053128379334,0.4074181866803586,0.36095236458422597,,,
sample,1779736483.8724864,11.532678365707397,1.2818,0.0,0.10786541705521331,0,14.69374357871677,1.5862819329523243,15.041053128379334,0.4074181866803586,0.36095236458422597,,,
sample,1779736483.9253914,11.585583448410034,1.3619,0.9686729289737223,0.10394002770584353,0,14.772814175365435,1.6973219928471166,15.177369136814935,0.40006373605568235,0.34771986240828345,,,
sample,1779736483.9726048,11.63279676437378,1.3619,0.0,0.10394002770584353,0,14.772814175365435,1.6973219928471166,15.177369136814935,0.40006373605568235,0.34771986240828345,,,
sample,1779736484.024357,11.68454909324646,1.3619,1.0118500291812766,0.10043369250655637,0,14.848384906726228,1.816154764044021,15.318195849297833,0.38299594366024925,0.3359091656158376,,,
sample,1779736484.0723736,11.732565641403198,1.3619,0.0,0.10043369250655637,0,14.848384906726228,1.816154764044021,15.318195849297833,0.38299594366024925,0.3359091656158376,,,
sample,1779736484.1245625,11.784754514694214,1.3619,1.0601356368781727,0.09961599106943635,0,14.943235948169766,1.9216640255138413,15.460072289621204,0.3776642329928771,0.33315604081367395,,,
sample,1779736484.172385,11.832576990127563,1.3619,0.0,0.09594898237471976,0,14.943235948169766,1.9216640255138413,15.460072289621204,0.36847953264671074,0.3208150425983228,,,
sample,1779736484.2233913,11.883583307266235,1.2818,1.0667157394079299,0.09203277701869589,0,14.999681251463393,2.036545295029537,15.588071423795805,0.3380812732810713,0.30764500193101985,,,
sample,1779736484.2728882,11.933080196380615,1.2818,0.0,0.09203277701869589,0,14.999681251463393,2.036545295029537,15.588071423795805,0.3380812732810713,0.30764500193101985,,,
sample,1779736484.3233244,11.983516454696655,1.2818,1.077355990438578,0.08257829363434449,0,15.049337105491471,2.153225698668317,15.714878444234605,0.30509390408105297,0.275888374387888,,,
sample,1779736484.3729167,12.033108711242676,1.2818,0.0,0.08257829363434449,0,15.049337105491471,2.153225698668317,15.714878444234605,0.30509390408105297,0.275888374387888,,,
sample,1779736484.423545,12.083736896514893,1.3619,1.224450766605735,0.07083695106831764,0,15.097100280503835,2.2880945915523467,15.857955134002804,0.26674936604934935,0.23651890996580527,,,
sample,1779736484.4732397,12.133431673049927,1.3619,0.0,0.07083695106831764,0,15.097100280503835,2.2880945915523467,15.857955134002804,0.26674936604934935,0.23651890996580527,,,
sample,1779736484.5250132,12.185205221176147,1.3619,0.9784603000682155,0.06478608421112751,0,15.138412835586763,2.426684990484426,16.002571958347804,0.2435189957882446,0.21625625830040512,,,
sample,1779736484.5739326,12.234124660491943,1.3619,0.0,0.0626974974226221,0,15.138412835586763,2.426684990484426,16.002571958347804,0.23447669051488168,0.20926593643294195,,,
sample,1779736484.6234505,12.283642530441284,1.3619,1.0697774623047862,0.05288356141596305,0,15.170653369344603,2.5603216589544555,16.140042723155304,0.1958838216507714,0.17644305312257172,,,
sample,1779736484.6724892,12.33268117904663,1.3619,0.0,0.05288356141596305,0,15.170653369344603,2.5603216589544555,16.140042723155304,0.1958838216507714,0.17644305312257172,,,
sample,1779736484.7250836,12.385275602340698,1.3619,0.8050312091057791,0.04930509993966828,0,15.238105206012536,2.6633713739985643,16.263205193252933,0.1828386633844653,0.16448364092507317,,,
sample,1779736484.7731993,12.433391332626343,1.3619,0.0,0.04930509993966828,0,15.238105206012536,2.6633713739985643,16.263205193252933,0.1828386633844653,0.16448364092507317,,,
sample,1779736484.8235836,12.483775615692139,1.3619,0.7115451864208647,0.04158960617401758,0,15.259722810360318,2.798580792153564,16.400131843601034,0.15636739316890944,0.138712006307627,,,
sample,1779736484.8735783,12.533770322799683,1.3619,0.0,0.04158960617401758,0,15.259722810360318,2.798580792153564,16.400131843601034,0.15636739316890944,0.138712006307627,,,
sample,1779736484.9261115,12.586303472518921,1.3619,0.7880334754748355,0.034718616829985866,0,15.275657961268722,2.933989950635193,16.536475414168834,0.1281299487079424,0.11577524431736479,,,
sample,1779736484.9733522,12.633544206619263,1.3619,0.0,0.03271387536141525,0,15.275657961268722,2.933989950635193,16.536475414168834,0.12198513062848917,0.10908516821129684,,,
sample,1779736485.0254962,12.685688257217407,1.2818,0.7256708100523641,0.024751355554277238,0,15.286013622546237,3.064299094026719,16.667195391876636,0.0888224017263078,0.08252137088074694,,,
sample,1779736485.0735471,12.733739137649536,1.2818,0.0,0.024751355554277238,0,15.286013622546237,3.064299094026719,16.667195391876636,0.0888224017263078,0.08252137088074694,,,
sample,1779736485.1242614,12.784453392028809,1.3619,0.5476420367788035,0.017101782331365892,0,15.292968222833334,3.199141706076917,16.802217228961137,0.06406120537364735,0.05701149928221558,,,
sample,1779736485.1728969,12.833088874816895,1.3619,0.0,0.017101782331365892,0,15.292968222833334,3.199141706076917,16.802217228961137,0.06406120537364735,0.05701149928221558,,,
sample,1779736485.2239676,12.884159564971924,1.3619,0.3641376796227702,0.016337344292465597,0,15.327219565521684,3.3103161522580935,16.918548273655347,0.06014151807826494,0.05446265991584575,,,
sample,1779736485.2733958,12.933587789535522,1.3619,0.0,0.016337344292465597,0,15.327219565521684,3.3103161522580935,16.918548273655347,0.06014151807826494,0.05446265991584575,,,
sample,1779736485.323304,12.983495950698853,1.442,0.3478931637725465,0.011300712774629447,0,15.328808745608132,3.4290355770326464,17.03727833434828,0.043095145176212664,0.0376706461863029,,,
sample,1779736485.373199,13.033390998840332,1.442,0.043798756348139394,0.010728030625613689,0,15.329008766277264,3.443978086685767,17.052222182681344,0.04117360795171006,0.03576147403289665,,,
sample,1779736485.423145,13.08333706855774,1.2818,0.20303160677780765,0.008953585709291922,0,15.329421405348299,3.571155386777208,17.179400152194745,0.03217459546531394,0.029846083255873804,,,
sample,1779736485.4732473,13.133439302444458,1.2818,0.0,0.008953585709291922,0,15.329421405348299,3.571155386777208,17.179400152194745,0.03217459546531394,0.029846083255873804,,,
sample,1779736485.52366,13.183851957321167,1.442,0.30390498305327723,0.003906699380157646,0,15.3275779063418,3.7238051443849964,17.332061041050743,0.014860426069620947,0.013022397517838985,,,
sample,1779736485.5728586,13.23305058479309,1.442,0.0,0.003906699380157646,0,15.3275779063418,3.7238051443849964,17.332061041050743,0.014860426069620947,0.013022397517838985,,,
sample,1779736485.6235015,13.283693552017212,1.3619,0.28299841240937484,0.0018051558551681083,0,15.3241046284087,3.855298516076011,17.463600276483643,0.006752398129285047,0.0060171927197451005,,,
sample,1779736485.6747773,13.334969282150269,1.3619,0.0,-1.005283028457225e-05,0,15.3241046284087,3.855298516076011,17.463600276483643,-3.771986133762045e-05,-3.350943428303633e-05,,,
sample,1779736485.7237847,13.383976697921753,1.3619,0.12620668118236422,-0.0046716417376080595,0,15.354678225699042,3.9520641482876364,17.565080976267332,-0.017353368403651457,-0.015572252409698296,,,
sample,1779736485.772907,13.433099031448364,1.3619,0.012879799236230451,0.0015748108995922412,0,15.354496846359304,3.9575211466566684,17.570540988141357,0.005783974037837485,0.0052493740048420905,,,
sample,1779736485.8236926,13.483884572982788,1.442,0.2779357225596032,-0.002958082058133272,0,15.347670643123124,4.101606177504829,17.714787628189356,-0.01138413765106419,-0.009860302287162616,,,
sample,1779736485.872656,13.532848119735718,1.442,0.0,-0.002958082058133272,0,15.347670643123124,4.101606177504829,17.714787628189356,-0.01138413765106419,-0.009860302287162616,,,
sample,1779736485.923293,13.583485126495361,1.3619,0.279350015386673,-0.007693288861272717,0,15.339275608132876,4.237969201736485,17.851408823434056,-0.028645286748535104,-0.025644802149920345,,,
sample,1779736485.9740114,13.634203433990479,1.3619,0.0,-0.007693288861272717,0,15.339275608132876,4.237969201736485,17.851408823434056,-0.028645286748535104,-0.025644802149920345,,,
sample,1779736486.0237188,13.683910846710205,1.442,0.1957578985694236,-0.011411912465248255,0,15.32862073710559,4.387327768725059,18.001146954214057,-0.043674962301586406,-0.03804135962939503,,,
sample,1779736486.0727599,13.732951879501343,1.442,0.0,-0.011411912465248255,0,15.32862073710559,4.387327768725059,18.001146954214057,-0.043674962301586406,-0.03804135962939503,,,
sample,1779736486.1232464,13.783438444137573,1.3619,0.2032906306092586,-0.015763272086177477,0,15.317847025654446,4.519171551408565,18.133430195370025,-0.05825587834743096,-0.05254859279722137,,,
sample,1779736486.173953,13.834145069122314,1.3619,0.0010697924046141178,-0.015777931156058703,0,15.31779008317525,4.519868387581206,18.134129354219958,-0.05832791158955221,-0.052597468518457556,,,
sample,1779736486.2240143,13.884206295013428,1.442,0.21964992987728518,-0.019926487639541374,0,15.304873864134663,4.6590585232936705,18.273917488887957,-0.07541611293873443,-0.0664304180938763,,,
sample,1779736486.2734404,13.933632373809814,1.442,0.0,-0.019926487639541374,0,15.304873864134663,4.6590585232936705,18.273917488887957,-0.07541611293873443,-0.0664304180938763,,,
sample,1779736486.3238611,13.984053134918213,1.3619,0.02647691323370899,-0.01917541859404723,0,15.315437335877483,4.788742438561415,18.404030919456954,-0.07150144758355882,-0.06392589728558935,,,
sample,1779736486.3723707,14.032562732696533,1.3619,0.0,-0.01917541859404723,0,15.315437335877483,4.788742438561415,18.404030919456954,-0.07150144758355882,-0.06392589728558935,,,
sample,1779736486.4235883,14.083780288696289,1.3619,0.04900629985296495,-0.02099580317343385,0,15.306022508974552,4.885071650173918,18.50081912109072,-0.07818453884144728,-0.06999629622367719,,,
sample,1779736486.472629,14.132821083068848,1.3619,0.02143176076291344,-0.021851836826911164,0,15.302080143118978,4.925408556913782,18.541348225372456,-0.08103770900062322,-0.07285105198528634,,,
sample,1779736486.5267482,14.18694019317627,1.442,-0.05759737131620834,-0.02212346879532985,0,15.288616443872728,5.067746000897956,18.684321017040457,-0.08407148263712498,-0.073756929767861,,,
sample,1779736486.5725908,14.23278284072876,1.442,0.0,-0.02212346879532985,0,15.288616443872728,5.067746000897956,18.684321017040457,-0.08407148263712498,-0.073756929767861,,,
sample,1779736486.6234617,14.283653736114502,1.3619,0.03876778797336363,-0.02434902374393036,0,15.27554547329734,5.203084031472992,18.820288780836556,-0.09144799618435032,-0.08117945620278284,,,
sample,1779736486.6724064,14.332598447799683,1.3619,0.0,-0.02434902374393036,0,15.27554547329734,5.203084031472992,18.820288780836556,-0.09144799618435032,-0.08117945620278284,,,
sample,1779736486.731427,14.391618967056274,1.442,-0.07551451237164956,-0.024632503438678326,0,15.261855904017716,5.35174860432289,18.969582315618556,-0.09300402998887154,-0.08212495551970227,,,
sample,1779736486.775713,14.43590497970581,1.442,0.0,-0.024632503438678326,0,15.261855904017716,5.35174860432289,18.969582315618556,-0.09300402998887154,-0.08212495551970227,,,
sample,1779736486.8233383,14.483530282974243,1.3619,-0.21621291183819868,-0.023479117431761485,0,15.252536730414006,5.467702447176373,19.085910045198165,-0.08680635541871641,-0.07827810939839872,,,
sample,1779736486.873782,14.533973932266235,1.3619,0.0,-0.023479117431761485,0,15.252536730414006,5.467702447176373,19.085910045198165,-0.08680635541871641,-0.07827810939839872,,,
sample,1779736486.9244485,14.584640502929688,1.442,0.0,-0.02281109271424787,0,15.252536730414006,5.467702447176373,19.085910045198165,-0.08669366493854284,-0.07605016697058158,,,
sample,1779736486.9734843,14.633676290512085,1.442,-0.5036004139781165,-0.01493196323394311,0,15.263539280125446,5.592330168625122,19.211022494833124,-0.05730667306432216,-0.04977691031328072,,,
sample,1779736487.023135,14.683326959609985,1.3619,-0.011055677351607781,-0.01579084242339528,0,15.259880162869884,5.718648689025052,19.337394001649802,-0.05836019928678836,-0.05264051680070069,,,
sample,1779736487.072539,14.732731103897095,1.3619,0.0,-0.01579084242339528,0,15.259880162869884,5.718648689025052,19.337394001649802,-0.05836019928678836,-0.05264051680070069,,,
sample,1779736487.1234574,14.783649444580078,1.442,-0.14680283221627843,-0.014207544231282449,0,15.252224673310824,5.875369590829533,19.4943017694078,-0.05412597825246058,-0.04736166753278131,,,
sample,1779736487.172521,14.83271312713623,1.442,0.0,-0.014207544231282449,0,15.252224673310824,5.875369590829533,19.4943017694078,-0.05412597825246058,-0.04736166753278131,,,
sample,1779736487.2234254,14.883617401123047,1.442,-0.20157784506200802,-0.011940099366036499,0,15.247578131166199,5.998082120254656,19.617102238591812,-0.04592688410500095,-0.03980222271896742,,,
sample,1779736487.2732048,14.933396816253662,1.442,-0.014077400667645072,-0.011970865992738552,0,15.247260805576387,6.006462508200182,19.6254886321938,-0.04523045809656669,-0.03990479280132485,,,
sample,1779736487.3256452,14.98583722114563,1.3619,-0.03216640719663863,-0.012318951360814649,0,15.24235379893954,6.142104615740662,19.761219468970697,-0.04598608861802601,-0.04106524853071899,,,
sample,1779736487.3726199,15.032811880111694,1.3619,0.0,-0.012318951360814649,0,15.24235379893954,6.142104615740662,19.761219468970697,-0.04598608861802601,-0.04106524853071899,,,
sample,1779736487.4340007,15.094192743301392,1.442,-0.01125187606215231,-0.011942821870454099,0,15.241012659815155,6.181944015155911,19.801081435805248,-0.04561757994812566,-0.03981129902789911,,,
sample,1779736487.473227,15.133419036865234,1.442,0.0,-0.011942821870454099,0,15.241012659815155,6.181944015155911,19.801081435805248,-0.04561757994812566,-0.03981129902789911,,,
sample,1779736487.5236275,15.18381953239441,1.3619,-0.11208156453237478,-0.012544505406354744,0,15.231716670588717,6.4114526675865475,20.030778272867114,-0.04561757994812566,-0.04181721156067324,,,
sample,1779736487.5741136,15.234305620193481,1.3619,0.0,-0.011986003827415392,0,15.231716670588717,6.4114526675865475,20.030778272867114,-0.04414277406141892,-0.03995525949100942,,,
sample,1779736487.62346,15.283652067184448,1.442,0.07423648500909671,-0.013123070028808291,0,15.225338242538776,6.548515416874635,20.167989356919378,-0.05048484842715851,-0.043746078034654454,,,
sample,1779736487.673119,15.333311080932617,1.442,5.298342294095845e-05,-0.013123753300475877,0,15.225322459139447,6.548986574290608,20.168460778626898,-0.05049777310678393,-0.04374835599917724,,,
sample,1779736487.72368,15.383872032165527,1.3619,-0.14203063192891202,-0.012136881396396853,0,15.221735864257898,6.685299145236822,20.304820525842896,-0.04516439092804488,-0.04045825789375545,,,
sample,1779736487.7741413,15.434333324432373,1.3619,0.0,-0.012136881396396853,0,15.221735864257898,6.685299145236822,20.304820525842896,-0.04516439092804488,-0.04045825789375545,,,
sample,1779736487.8241436,15.484335660934448,1.442,-0.050718645199952145,-0.011441081673951126,0,15.218267561011483,6.831186118684306,20.450748721024894,-0.043679036860108184,-0.03813860302109301,,,
sample,1779736487.872715,15.532907009124756,1.442,0.0,-0.011441081673951126,0,15.218267561011483,6.831186118684306,20.450748721024894,-0.043679036860108184,-0.03813860302109301,,,
sample,1779736487.9251697,15.58536171913147,1.442,-0.05511250507723203,-0.011053522706465953,0,15.215287240816401,6.966706207473771,20.586301577040434,-0.041936510915573426,-0.036846576343149244,,,
sample,1779736487.9760735,15.636265516281128,1.442,0.0,-0.011053522706465953,0,15.215287240816401,6.966706207473771,20.586301577040434,-0.041936510915573426,-0.036846576343149244,,,
sample,1779736488.028256,15.688447952270508,1.3619,-0.0806006910482577,-0.016449830575782354,0,15.212966122460163,7.1068307730576175,20.726445365595207,-0.06176793217128173,-0.05483771498087422,,,
sample,1779736488.0771983,15.737390279769897,1.3619,-0.002235579842033447,-0.016518565038947188,0,15.212905740254158,7.110476011726035,20.730091104335234,-0.060776822535367425,-0.055066892126565854,,,
sample,1779736488.1276374,15.787829399108887,1.442,-0.17072461079521264,-0.013634777891566372,0,15.21180070646897,7.249436703878159,20.869056190105233,-0.052431986102654114,-0.04545207629572748,,,
sample,1779736488.1759477,15.836139678955078,1.442,0.0,-0.013634777891566372,0,15.21180070646897,7.249436703878159,20.869056190105233,-0.052431986102654114,-0.04545207629572748,,,
sample,1779736488.2295952,15.889787197113037,1.3619,-0.017653767158115556,-0.02005254548936469,0,15.210835999659029,7.387153626693628,21.006776491764036,-0.07457438856751958,-0.06685077887289152,,,
sample,1779736488.2771602,15.937352180480957,1.3619,0.0,-0.02005254548936469,0,15.210835999659029,7.387153626693628,21.006776491764036,-0.07457438856751958,-0.06685077887289152,,,
sample,1779736488.3246102,15.98480224609375,1.442,0.07897621053955613,-0.03356088369242779,0,15.209285136634154,7.53138340099322,21.151014603824034,-0.06594446860498078,-0.1119116320482952,,,
sample,1779736488.3732219,16.033413887023926,1.442,0.0,-0.034129436912656824,0,15.209285136634154,7.53138340099322,21.151014603824034,-0.06770798725480526,-0.11380898207527178,,,
sample,1779736488.4242167,16.0844087600708,1.3619,-0.021276552806670766,-0.0352745202340204,0,15.208012534631177,7.663018954412005,21.282656308612932,-0.06863562914025419,-0.11763052706026682,,,
sample,1779736488.4752703,16.135462284088135,1.3619,0.0,-0.0352745202340204,0,15.208012534631177,7.663018954412005,21.282656308612932,-0.06863562914025419,-0.11763052706026682,,,
sample,1779736488.5234416,16.18363356590271,1.3619,-0.008879618585365446,-0.035048575964105474,0,15.207958318043868,7.674969470273589,21.294606947457627,-0.06838253603495202,-0.11687644758036361,,,
sample,1779736488.575303,16.23549509048462,1.3619,-0.010436497033172069,-0.034360920154512364,0,15.210464938996633,7.787042165867932,21.40670767112337,-0.06881569083884279,-0.11458149848573278,,,
sample,1779736488.623571,16.28376293182373,1.442,-0.042156988700120815,-0.03162423582687846,0,15.210706392111513,7.916974146636524,21.53663987623841,-0.06862574790155568,-0.10544927476918627,,,
sample,1779736488.6729577,16.333149671554565,1.442,0.0,-0.03162423582687846,0,15.210706392111513,7.916974146636524,21.53663987623841,-0.06862574790155568,-0.10544927476918627,,,
sample,1779736488.724587,16.38477897644043,1.442,-0.06383282193369864,-0.030486250850423346,0,15.210196081538307,8.068497773459322,21.688164362386413,-0.06801923268628388,-0.10165233040085407,,,
sample,1779736488.7730935,16.43328547477722,1.442,0.0,-0.030108686604891327,0,15.210196081538307,8.068497773459322,21.688164362386413,-0.0678346908283017,-0.10039262692658532,,,
sample,1779736488.8237839,16.483975887298584,1.3619,-0.17281521022302956,-0.027548088298351717,0,15.210890522221185,8.197282063918658,21.81695052514071,-0.061064543637920105,-0.09185019712163926,,,
sample,1779736488.8725207,16.532712697982788,1.3619,0.0,-0.027548088298351717,0,15.210890522221185,8.197282063918658,21.81695052514071,-0.061064543637920105,-0.09185019712163926,,,
sample,1779736488.923605,16.583796977996826,1.442,-0.07134784313471734,-0.02466427205344635,0,15.21221399109089,8.343728444537879,21.96340288588071,-0.05970687611726228,-0.08223091526433854,,,
sample,1779736488.972485,16.63267707824707,1.442,0.0,-0.02466427205344635,0,15.21221399109089,8.343728444537879,21.96340288588071,-0.05970687611726228,-0.08223091526433854,,,
sample,1779736489.024704,16.684895992279053,1.3619,-0.3116667057177762,-0.017113102299563566,0,15.229715154602468,8.4533438591861,22.074406623893267,-0.040645898158417584,-0.05704924355487578,,,
sample,1779736489.0725815,16.732773542404175,1.3619,0.0,-0.017113102299563566,0,15.229715154602468,8.4533438591861,22.074406623893267,-0.040645898158417584,-0.05704924355487578,,,
sample,1779736489.1235452,16.783737182617188,1.442,-0.06575413123132355,-0.015184941625151667,0,15.233705936603673,8.592537126266315,22.213657088673266,-0.039133474226668026,-0.05062036286611532,,,
sample,1779736489.1732628,16.833454847335815,1.442,0.0,-0.014949988579997511,0,15.233705936603673,8.592537126266315,22.213657088673266,-0.038810715864284466,-0.049837008214952634,,,
sample,1779736489.2233844,16.88357639312744,1.442,-0.06425741261231682,-0.01371008393458085,0,15.2386128500256,8.746385703661542,22.367583897793267,-0.03726432007772796,-0.045703143369618955,,,
sample,1779736489.2731085,16.933300495147705,1.442,0.0,-0.01371008393458085,0,15.2386128500256,8.746385703661542,22.367583897793267,-0.03726432007772796,-0.045703143369618955,,,
sample,1779736489.3233643,16.983556270599365,1.3619,0.05015710166279025,-0.015374251242259366,0,15.242529909202487,8.87974881535423,22.501004521809765,-0.04147612653020797,-0.05125154227253317,,,
sample,1779736489.3732526,17.03344464302063,1.3619,0.0,-0.015374251242259366,0,15.242529909202487,8.87974881535423,22.501004521809765,-0.04147612653020797,-0.05125154227253317,,,
sample,1779736489.4234085,17.083600521087646,1.3619,0.0,-0.015374251242259366,0,15.242529909202487,8.87974881535423,22.501004521809765,-0.04147612653020797,-0.05125154227253317,,,
sample,1779736489.4754715,17.135663509368896,1.3619,0.0,-0.015374251242259366,0,15.242529909202487,8.87974881535423,22.501004521809765,-0.04147612653020797,-0.05125154227253317,,,
sample,1779736489.5237184,17.183910369873047,1.3619,-0.32121275948893446,-0.009558235012233742,0,15.254987957289694,9.143382366391434,22.764932262289292,-0.028147307713888854,-0.031861753675103986,,,
sample,1779736489.5742462,17.234438180923462,1.3619,0.0,-0.009558235012233742,0,15.254987957289694,9.143382366391434,22.764932262289292,-0.028147307713888854,-0.031861753675103986,,,
sample,1779736489.6234283,17.283620357513428,1.442,0.005551841829400911,-0.008866776011571974,0,15.264219019443203,9.286210441497031,22.90805833100793,-0.02886408352655528,-0.029556694622287064,,,
sample,1779736489.6724863,17.33267831802368,1.442,0.0,-0.008866776011571974,0,15.264219019443203,9.286210441497031,22.90805833100793,-0.02886408352655528,-0.029556694622287064,,,
sample,1779736489.7232165,17.383408546447754,1.442,-0.20187804975436657,-0.005670732239688318,0,15.273095413535628,9.439740518858008,23.061844790186075,-0.019559576285087865,-0.01890264341811647,,,
sample,1779736489.7724247,17.432616710662842,1.442,0.0,-0.005670732239688318,0,15.273095413535628,9.439740518858008,23.061844790186075,-0.019559576285087865,-0.01890264341811647,,,
sample,1779736489.8232896,17.483481645584106,1.442,-0.22918580945197728,-0.003922311041091535,0,15.281845576636783,9.571155174299744,23.193550435544076,-0.013886456542144357,-0.013074437185037684,,,
sample,1779736489.8725176,17.53270959854126,1.442,0.0,-0.002291114610541339,0,15.281845576636783,9.571155174299744,23.193550435544076,-0.008327615025800615,-0.0076370620646468825,,,
sample,1779736489.9239182,17.584110260009766,1.3619,-0.17641728178571764,0.00024449441909192614,0,15.291323300549724,9.69293499130214,23.315698505851007,0.000890513092189259,0.0008149814132122771,,,
sample,1779736489.9774156,17.63760757446289,1.3619,-0.03955253216915511,0.0008254379755967846,0,15.293534869545656,9.721351567907167,23.344201012115775,0.003043807176442835,0.002751460543556554,,,
sample,1779736490.024288,17.68447995185852,1.3619,0.06781137178444067,0.018516917487433445,0,15.302607177562024,9.842915765277317,23.466103271549276,0.06918512686238916,0.06173011371567825,,,
sample,1779736490.072655,17.732846975326538,1.3619,0.0,0.018516917487433445,0,15.302607177562024,9.842915765277317,23.466103271549276,0.06918512686238916,0.06173011371567825,,,
sample,1779736490.1234212,17.783613204956055,1.442,0.16578101385462302,0.0221241136490095,0,15.308514616502558,9.984455161582108,23.60776589379368,0.08476457560182006,0.07375908033257476,,,
sample,1779736490.1735694,17.83376145362854,1.442,0.0,0.022195298527847514,0,15.308514616502558,9.984455161582108,23.60776589379368,0.08494199849235727,0.07399647981868353,,,
sample,1779736490.2228045,17.882996559143066,1.3619,-0.00155288623388703,0.023334582787732934,0,15.311553309471046,10.030267752940064,23.65367915094113,0.08672997297696067,0.07779606319524723,,,
sample,1779736490.272959,17.93315100669861,1.3619,-0.0015890960715138798,0.02374678672625329,0,15.314720920985643,10.078023973592849,23.701540308195682,0.08817699131859079,0.07917083805292893,,,
sample,1779736490.3245702,17.98476219177246,1.3619,0.1538044200410532,0.028541213331042977,0,15.322692587845811,10.21461902865987,23.83836777817628,0.10533669390912184,0.09516321918688478,,,
sample,1779736490.372369,18.03256106376648,1.3619,0.0,0.028541213331042977,0,15.322692587845811,10.21461902865987,23.83836777817628,0.10533669390912184,0.09516321918688478,,,
sample,1779736490.4240382,18.084230184555054,1.442,0.11819147993392334,0.032388815424574474,0,15.330170474589375,10.357779474404682,23.98172339200428,0.12244792318330905,0.10800048616645899,,,
sample,1779736490.4726906,18.132882595062256,1.442,0.0,0.032388815424574474,0,15.330170474589375,10.357779474404682,23.98172339200428,0.12244792318330905,0.10800048616645899,,,
sample,1779736490.5251358,18.185327768325806,1.3619,0.32172624477962564,0.029561868462763614,0,15.33490130077651,10.491688805027504,24.115716263248483,0.11023950537753288,0.0985682762880248,,,
sample,1779736490.5781078,18.23829984664917,1.3619,0.0,0.029561868462763614,0,15.33490130077651,10.491688805027504,24.115716263248483,0.11023950537753288,0.0985682762880248,,,
sample,1779736490.6256473,18.285839319229126,1.3619,0.2321732157253979,0.03273845107872595,0,15.337061726968006,10.60278868770797,24.22683714955228,0.1225042381091226,0.10916717506713947,,,
sample,1779736490.6726918,18.332883834838867,1.3619,0.15944700063548678,0.03596066818308786,0,15.331087942491335,10.64247420166864,24.266969756236826,0.13375251001283245,0.11992059095711695,,,
sample,1779736490.7238183,18.384010314941406,1.3619,0.33401278598463197,0.04138993904084555,0,15.315784885471448,10.736230796011569,24.361967032707987,0.15293031473039376,0.13804530218791827,,,
sample,1779736490.7727637,18.432955741882324,1.3619,0.0,0.04138993904084555,0,15.315784885471448,10.736230796011569,24.361967032707987,0.15293031473039376,0.13804530218791827,,,
sample,1779736490.8237567,18.483948707580566,1.442,0.2117212400521255,0.05286101828043616,0,15.3103173819992,10.876829310148901,24.50267181504265,0.20269738557762476,0.17636769888249773,,,
sample,1779736490.8727784,18.532970428466797,1.442,0.0,0.05286101828043616,0,15.3103173819992,10.876829310148901,24.50267181504265,0.20269738557762476,0.17636769888249773,,,
sample,1779736490.9230256,18.58321762084961,1.3619,0.2853164529513342,0.05738701144683852,0,15.306852507136538,11.013029165042752,24.63891573538745,0.21654464189933426,0.19150030500276388,,,
sample,1779736490.9731097,18.633301734924316,1.3619,0.0,0.05738701144683852,0,15.306852507136538,11.013029165042752,24.63891573538745,0.21654464189933426,0.19150030500276388,,,
sample,1779736491.0252144,18.68540644645691,1.3619,0.2565131792202709,0.0830278536601199,0,15.301968054542366,11.133126163341306,24.75911202017807,0.31575910982270744,0.27739722944787476,,,
sample,1779736491.0789688,18.739160776138306,1.3619,0.03439346355145678,0.08842046419676951,0,15.301292409517131,11.149738657347848,24.77573824805205,0.3368307911408138,0.29550538696258144,,,
sample,1779736491.125457,18.785649061203003,1.3619,0.33980203737361364,0.11946404099918578,0,15.293571336368524,11.286381927226845,24.91259948498125,0.46316740349994917,0.4001187359556166,,,
sample,1779736491.173469,18.83366107940674,1.3619,0.0,0.11946404099918578,0,15.293571336368524,11.286381927226845,24.91259948498125,0.46316740349994917,0.4001187359556166,,,
sample,1779736491.2254307,18.88562273979187,1.3619,0.4236412036536602,0.12808120390408467,0,15.307316029522061,11.408789285004602,25.035776097323108,0.5004901839245463,0.42928737476488193,,,
sample,1779736491.2733493,18.933541297912598,1.3619,0.0,0.12808120390408467,0,15.307316029522061,11.408789285004602,25.035776097323108,0.5004901839245463,0.42928737476488193,,,
sample,1779736491.325204,18.985395908355713,1.3619,0.7477303216639806,0.13120918536643175,0,15.30997347009284,11.53468275685772,25.161697613537054,0.5051018767895262,0.4398912203915812,,,
sample,1779736491.3736575,19.033849477767944,1.3619,0.0,0.13120918536643175,0,15.30997347009284,11.53468275685772,25.161697613537054,0.5051018767895262,0.4398912203915812,,,
sample,1779736491.4252203,19.08541226387024,1.2818,0.8375511076996329,0.12707217188513786,0,15.290367078283987,11.652725856736602,25.281357899466755,0.4859415878538574,0.42586859216833695,,,
sample,1779736491.4737663,19.133958339691162,1.2818,0.08598962816012648,0.13210566101911989,0,15.288471899503852,11.66413605297326,25.29292441496485,0.5021482286464186,0.4429318746722533,,,
sample,1779736491.5243378,19.184529781341553,1.3619,1.1160210001512176,0.1410483769085196,0,15.259121683410415,11.794754083537923,25.42679937563085,0.5579361665739234,0.4733041666040195,,,
sample,1779736491.5731645,19.233356475830078,1.3619,0.0,0.1410483769085196,0,15.259121683410415,11.794754083537923,25.42679937563085,0.5579361665739234,0.4733041666040195,,,
sample,1779736491.6240857,19.28427767753601,1.3619,1.2432542051658144,0.1433362722636925,0,15.219987888623342,11.92865542245074,25.566302144266754,0.571278082206584,0.4810867844261161,,,
sample,1779736491.6740391,19.33423113822937,1.3619,0.0,0.1433362722636925,0,15.219987888623342,11.92865542245074,25.566302144266754,0.571278082206584,0.4810867844261161,,,
sample,1779736491.7235785,19.38377046585083,1.2818,1.926891965995473,0.13227355516472616,0,15.1744111165891,12.014436907654295,25.663439703185993,0.5064853723164016,0.44350141621343614,,,
sample,1779736491.773008,19.433200120925903,1.2818,0.0,0.13227355516472616,0,15.1744111165891,12.014436907654295,25.663439703185993,0.5064853723164016,0.44350141621343614,,,
sample,1779736491.8232603,19.483452320098877,1.2818,1.1965658834414685,0.13444769885851618,0,15.119630580109078,12.130820230253361,25.792070900631394,0.514380663636751,0.45087899958661604,,,
sample,1779736491.8725529,19.532744884490967,1.2818,0.0,0.13444769885851618,0,15.119630580109078,12.130820230253361,25.792070900631394,0.514380663636751,0.45087899958661604,,,
sample,1779736491.9260402,19.58623218536377,1.2818,1.1729381275121782,0.13549142489654534,0,15.055620823333864,12.247251102331228,25.92493698710659,0.5168823053355984,0.45442224220157135,,,
sample,1779736491.9733217,19.633513689041138,1.2818,0.0,0.13549142489654534,0,15.055620823333864,12.247251102331228,25.92493698710659,0.5168823053355984,0.45442224220157135,,,
sample,1779736492.023594,19.683785915374756,1.3619,1.5013397357820253,0.1310986719924936,0,14.983970027029338,12.357058666342718,26.05605349150329,0.5120596928769945,0.4395164324994466,,,
sample,1779736492.0725336,19.732725620269775,1.3619,0.0,0.1310986719924936,0,14.983970027029338,12.357058666342718,26.05605349150329,0.5120596928769945,0.4395164324994466,,,
sample,1779736492.1248083,19.785000324249268,1.2818,1.3677679982921935,0.13211256638598434,0,14.89148349552268,12.478809944349734,26.208949312919295,0.49739832591669125,0.4429552990096672,,,
sample,1779736492.1723225,19.83251452445984,1.2818,0.0,0.12985220169437012,0,14.89148349552268,12.478809944349734,26.208949312919295,0.4905401303923562,0.435289987991059,,,
sample,1779736492.2235205,19.88371253013611,1.2818,1.4504888675103873,0.12080611103106444,0,14.818686882642398,12.561159632802898,26.318862087587096,0.455067443441233,0.4046574942419776,,,
sample,1779736492.2733436,19.9335355758667,1.2818,0.0,0.12080611103106444,0,14.818686882642398,12.561159632802898,26.318862087587096,0.455067443441233,0.4046574942419776,,,
sample,1779736492.3234754,19.983667373657227,1.3619,1.6484402498024344,0.11442785451571678,0,14.735482229725333,12.676213548681185,26.46084947373804,0.4383444857654372,0.3830997116755013,,,
sample,1779736492.3729637,20.03315567970276,1.3619,0.0,0.11442785451571678,0,14.735482229725333,12.676213548681185,26.46084947373804,0.4383444857654372,0.3830997116755013,,,
sample,1779736492.423057,20.08324909210205,1.2818,1.191433662045826,0.10886751952189906,0,14.639567115557398,12.757754420816857,26.586740787793037,0.4068050968481971,0.36433224219297133,,,
sample,1779736492.4729717,20.133163690567017,1.2818,0.0,0.10886751952189906,0,14.639567115557398,12.757754420816857,26.586740787793037,0.4068050968481971,0.36433224219297133,,,
sample,1779736492.5239575,20.184149503707886,1.2818,1.2712384697931314,0.10376245845365821,0,14.53671196892713,12.834295865857067,26.714950670396437,0.385589362586419,0.34712153505602633,,,
sample,1779736492.5727496,20.23294162750244,1.2818,0.0,0.0997260600290375,0,14.53671196892713,12.834295865857067,26.714950670396437,0.37489437663371805,0.33352660648725996,,,
sample,1779736492.6237204,20.283912420272827,1.2818,1.4699006528411043,0.09047504534444097,0,14.428903619884458,12.902614729961885,26.842583375123237,0.33461002996983064,0.3024090818789362,,,
sample,1779736492.673456,20.333647966384888,1.2818,0.0,0.09047504534444097,0,14.428903619884458,12.902614729961885,26.842583375123237,0.33461002996983064,0.3024090818789362,,,
sample,1779736492.7245805,20.384772539138794,1.3619,1.3389770602638538,0.08017412334131686,0,14.2971502869254,12.973974027119546,26.992420253216235,0.3035542185979126,0.26782116552978175,,,
sample,1779736492.7749314,20.435123443603516,1.3619,0.0,0.08017412334131686,0,14.2971502869254,12.973974027119546,26.992420253216235,0.3035542185979126,0.26782116552978175,,,
sample,1779736492.8279943,20.488186359405518,1.3619,1.064596232627098,0.07917917906841399,0,14.184551239489982,13.08365788467232,27.149611519166417,0.2971528386373578,0.2644835406673992,,,
sample,1779736492.8754337,20.53562569618225,1.3619,0.0,0.07917917906841399,0,14.184551239489982,13.08365788467232,27.149611519166417,0.2971528386373578,0.2644835406673992,,,
sample,1779736492.9257452,20.58593726158142,1.2818,0.9805546644919466,0.07240577735844647,0,14.07061856575183,13.130564712699211,27.272822333061416,0.26875194803407615,0.24177524897089536,,,
sample,1779736492.975961,20.636152982711792,1.2818,0.0,0.07214678098911138,0,14.07061856575183,13.130564712699211,27.272822333061416,0.2646108388719367,0.2409074021125729,,,
sample,1779736493.028598,20.68879008293152,1.3619,0.8184548667737082,0.06568717625010208,0,13.937764283694156,13.178680689619325,27.414121333397716,0.24611553517104268,0.21927271793812564,,,
sample,1779736493.0759215,20.73611354827881,1.3619,0.0,0.06568717625010208,0,13.937764283694156,13.178680689619325,27.414121333397716,0.24611553517104268,0.21927271793812564,,,
sample,1779736493.1264272,20.786619186401367,1.2818,0.8995788153575643,0.05838450539195933,0,13.816229236115715,13.216548036425646,27.54141903072192,0.2144530588690402,0.1948364512470628,,,
sample,1779736493.175574,20.835766077041626,1.2818,0.0,0.05838450539195933,0,13.816229236115715,13.216548036425646,27.54141903072192,0.2144530588690402,0.1948364512470628,,,
sample,1779736493.2302394,20.89043140411377,1.3619,0.8766267721322943,0.0491924044842094,0,13.674232863493925,13.253429693632409,27.68812699395522,0.1849940240689465,0.16410707681113768,,,
sample,1779736493.2784524,20.938644409179688,1.3619,0.0,0.0491924044842094,0,13.674232863493925,13.253429693632409,27.68812699395522,0.1849940240689465,0.16410707681113768,,,
sample,1779736493.3275795,20.98777151107788,1.3619,0.7033389684893396,0.042564886036019475,0,13.574328917206191,13.27488076433694,27.790307945791817,0.15989748170385215,0.14196870200022157,,,
sample,1779736493.3765833,21.03677535057068,1.3619,0.0,0.042564886036019475,0,13.574328917206191,13.27488076433694,27.790307945791817,0.15989748170385215,0.14196870200022157,,,
sample,1779736493.4249027,21.085094690322876,1.3619,0.0,0.042564886036019475,0,13.574328917206191,13.27488076433694,27.790307945791817,0.15989748170385215,0.14196870200022157,,,
sample,1779736493.473408,21.133599996566772,1.3619,0.0,0.042564886036019475,0,13.574328917206191,13.27488076433694,27.790307945791817,0.15989748170385215,0.14196870200022157,,,
sample,1779736493.5229442,21.183136224746704,1.3619,0.0,0.042564886036019475,0,13.574328917206191,13.27488076433694,27.790307945791817,0.15989748170385215,0.14196870200022157,,,
sample,1779736493.576162,21.236354112625122,1.3619,0.0,0.042564886036019475,0,13.574328917206191,13.27488076433694,27.790307945791817,0.15989748170385215,0.14196870200022157,,,
sample,1779736493.6295705,21.289762496948242,1.3619,2.285846946322888,0.02277577906933145,0,13.13880611739542,13.381169446180238,28.238612968118133,0.08486151841177737,0.07593239364340458,,,
sample,1779736493.6752653,21.33545732498169,1.3619,0.0,0.02277577906933145,0,13.13880611739542,13.381169446180238,28.238612968118133,0.08486151841177737,0.07593239364340458,,,
sample,1779736493.7254384,21.3856303691864,1.3619,0.40936230302977233,0.019276776900950383,0,13.03914375781401,13.398152390161236,28.339711960712503,0.07179046369128726,0.06426388322757817,,,
sample,1779736493.7741117,21.434303760528564,1.3619,0.0908085007969612,0.01852007200212563,0,13.01535784838819,13.399880518743096,28.363560564772463,0.06818035431632063,0.0617406323714514,,,
sample,1779736493.8250256,21.485217571258545,1.3619,0.4071178521760027,0.013507293865871791,0,12.885830583155517,13.406595792642328,28.493261788136767,0.050352624992455006,0.045027051269501364,,,
sample,1779736493.8734193,21.533611297607422,1.3619,0.0,0.013507293865871791,0,12.885830583155517,13.406595792642328,28.493261788136767,0.050352624992455006,0.045027051269501364,,,
sample,1779736493.9241936,21.584385633468628,1.442,0.01881005160532161,0.018398219717163766,0,12.772388605489839,13.453669797773513,28.616082976275422,0.06941412109998257,0.061334319656444924,,,
sample,1779736493.9732387,21.63343071937561,1.442,0.0,0.018398219717163766,0,12.772388605489839,13.453669797773513,28.616082976275422,0.06941412109998257,0.061334319656444924,,,
sample,1779736494.0228915,21.683083534240723,1.3619,0.271710624366146,0.016605922674666342,0,12.642396687299817,13.458527494523487,28.746165626972722,0.062075833368528115,0.05535816413672945,,,
sample,1779736494.0729594,21.73315143585205,1.3619,0.0,0.015794682077251928,0,12.642396687299817,13.458527494523487,28.746165626972722,0.058706743455937065,0.05265331883959774,,,
sample,1779736494.1236212,21.78381323814392,1.3619,0.17887123652955167,0.013860412962642298,0,12.503846755535976,13.462448104444379,28.884771019270126,0.05124983509294761,0.046204335367791526,,,
sample,1779736494.1732354,21.83342742919922,1.3619,0.0,0.013860412962642298,0,12.503846755535976,13.462448104444379,28.884771019270126,0.05124983509294761,0.046204335367791526,,,
sample,1779736494.2230883,21.883280277252197,1.3619,0.3945243693156217,0.008645730377309813,0,12.372128420440706,13.463583773596481,29.016494250116825,0.03240693713587166,0.028819819342176894,,,
sample,1779736494.2724695,21.932661533355713,1.3619,0.0,0.008645730377309813,0,12.372128420440706,13.463583773596481,29.016494250116825,0.03240693713587166,0.028819819342176894,,,
sample,1779736494.324401,21.9845929145813,1.3619,0.4778140830486174,0.0017392060368977222,0,12.233691170348767,13.461342028445749,29.154949649557725,0.006484797292111867,0.0057973593016837945,,,
sample,1779736494.3729818,22.03317379951477,1.3619,0.0,0.0017392060368977222,0,12.233691170348767,13.461342028445749,29.154949649557725,0.006484797292111867,0.0057973593016837945,,,
sample,1779736494.4234586,22.083650588989258,1.442,0.012762458418300574,0.003890237308589612,0,12.130092609685148,13.478425807672812,29.259947350886147,0.014718949321468815,0.012967523111964257,,,
sample,1779736494.4730701,22.133262157440186,1.442,0.0,0.0033250544290032965,0,12.130092609685148,13.478425807672812,29.259947350886147,0.012759469137689263,0.011083555609923178,,,
sample,1779736494.5245934,22.18478536605835,1.3619,0.41474307186657683,-0.0028080048333865475,0,11.995985653759082,13.473299769400565,29.394152238636647,-0.010412280277420334,-0.009360040712268798,,,
sample,1779736494.573157,22.233349084854126,1.3619,0.0,-0.0028080048333865475,0,11.995985653759082,13.473299769400565,29.394152238636647,-0.010412280277420334,-0.009360040712268798,,,
sample,1779736494.6241503,22.284342288970947,1.3619,0.327795729027,-0.008287887002355228,0,11.860352831235769,13.465843280728828,29.529989868802048,-0.03054728370895661,-0.027626922566628992,,,
sample,1779736494.6730528,22.333244800567627,1.3619,0.0,-0.008287887002355228,0,11.860352831235769,13.465843280728828,29.529989868802048,-0.03054728370895661,-0.027626922566628992,,,
sample,1779736494.7236912,22.383883237838745,1.442,0.18492748868638126,-0.011753124765025505,0,11.71486266002923,13.45647758350774,29.67578117925005,-0.04445991867714315,-0.03917888657082938,,,
sample,1779736494.7726974,22.432889461517334,1.442,0.0,-0.011753124765025505,0,11.71486266002923,13.45647758350774,29.67578117925005,-0.04445991867714315,-0.03917888657082938,,,
sample,1779736494.8228018,22.482993841171265,1.3619,0.23125144827410893,-0.01603593053439058,0,11.601671868562198,13.447625877677622,29.789317552140133,-0.059368084289199125,-0.053457684093379934,,,
sample,1779736494.873055,22.533246994018555,1.3619,0.04320919819327063,-0.016621614112130804,0,11.580459436343025,13.44596703063263,29.81059474777705,-0.06211693107174275,-0.05541048336796307,,,
sample,1779736494.923356,22.583548069000244,1.3619,0.2262071087632648,-0.02124279055662692,0,11.446108970046508,13.433921116900088,29.94548415370555,-0.07888357324669173,-0.07081995482264207,,,
sample,1779736494.9741228,22.63431477546692,1.3619,0.0,-0.02124279055662692,0,11.446108970046508,13.433921116900088,29.94548415370555,-0.07888357324669173,-0.07081995482264207,,,
sample,1779736495.0232866,22.683478593826294,1.442,0.12014211268811113,-0.021265297466124277,0,11.331533949527218,13.441499707396982,30.06030954445566,-0.08168079234943096,-0.07089501175499527,,,
sample,1779736495.0726442,22.73283624649048,1.442,0.0,-0.021265297466124277,0,11.331533949527218,13.441499707396982,30.06030954445566,-0.08168079234943096,-0.07089501175499527,,,
sample,1779736495.1249013,22.785093307495117,1.3619,-0.10558792373933196,-0.021890379056626993,0,11.187784692045886,13.428554734607877,30.204640488285957,-0.08159447940598331,-0.07297958755894766,,,
sample,1779736495.172713,22.832905054092407,1.3619,0.0,-0.021890379056626993,0,11.187784692045886,13.428554734607877,30.204640488285957,-0.08159447940598331,-0.07297958755894766,,,
sample,1779736495.2246952,22.884887218475342,1.442,-0.016740421937204524,-0.022615187208075725,0,11.066136962700849,13.417718522289759,30.32676990141894,-0.0856060713439351,-0.07539681161518402,,,
sample,1779736495.2732441,22.933436155319214,1.442,-0.001974763900286873,-0.022589930208537112,0,11.0527346992119,13.416524667102394,30.340225233329953,-0.08600169301814838,-0.0753125785914435,,,
sample,1779736495.3242972,22.98448920249939,1.3619,-0.13150898188237517,-0.022848962749883968,0,10.916326993509342,13.405296218009733,30.477094295736553,-0.08412113703505904,-0.07617646623974407,,,
sample,1779736495.3731744,23.033366441726685,1.3619,0.0,-0.022848962749883968,0,10.916326993509342,13.405296218009733,30.477094295736553,-0.08412113703505904,-0.07617646623974407,,,
sample,1779736495.423483,23.083674907684326,1.442,-0.02352020542966021,-0.023266508879004492,0,10.768447437603026,13.393299608796525,30.625459661262553,-0.08799034805752978,-0.07756902692687524,,,
sample,1779736495.4723876,23.132579565048218,1.442,0.0,-0.023266508879004492,0,10.768447437603026,13.393299608796525,30.625459661262553,-0.08799034805752978,-0.07756902692687524,,,
sample,1779736495.5240297,23.184221744537354,1.442,-0.42280052935212387,-0.016000608737051447,0,10.648050630137364,13.405485222616669,30.746471563289163,-0.06099546429024023,-0.05333991455359541,,,
sample,1779736495.572992,23.233184099197388,1.442,0.0,-0.016000608737051447,0,10.648050630137364,13.405485222616669,30.746471563289163,-0.06099546429024023,-0.05333991455359541,,,
sample,1779736495.6242821,23.28447413444519,1.3619,-0.11428790732784373,-0.015503963551344101,0,10.521976103422322,13.39879853942348,30.872723288103312,-0.05815924816812845,-0.051684019716499476,,,
sample,1779736495.6744816,23.334673643112183,1.3619,-0.005236283361401792,-0.01574683321199188,0,10.516322612812598,13.398498692169415,30.878384724709864,-0.05793208878909812,-0.05249378294606693,,,
sample,1779736495.723842,23.384033918380737,1.442,-0.23007463233168376,-0.012991754874435234,0,10.37199343812131,13.392486600220304,31.022839063227863,-0.04900903938686836,-0.0433082862152608,,,
sample,1779736495.7730336,23.433225631713867,1.442,0.0,-0.012991754874435234,0,10.37199343812131,13.392486600220304,31.022839063227863,-0.04900903938686836,-0.0433082862152608,,,
sample,1779736495.8236454,23.483837366104126,1.442,-0.26379256997154615,-0.009772666243194521,0,10.22822545035443,13.388419707034206,31.166664561407863,-0.03755530902580763,-0.032576591226426296,,,
sample,1779736495.8724458,23.53263783454895,1.442,0.0,-0.009772666243194521,0,10.22822545035443,13.388419707034206,31.166664561407863,-0.03755530902580763,-0.032576591226426296,,,
sample,1779736495.9234195,23.583611488342285,1.3619,-0.1724082080058575,-0.008094107780359676,0,10.08984864771147,13.385722114634346,31.305067655717362,-0.030108992836788678,-0.026980948485615264,,,
sample,1779736495.97255,23.632741928100586,1.3619,0.0,-0.008094107780359676,0,10.08984864771147,13.385722114634346,31.305067655717362,-0.030108992836788678,-0.026980948485615264,,,
sample,1779736496.0239546,23.684146642684937,1.442,-0.19069495755804625,-0.005415542097808168,0,9.948058972327392,13.384348207211943,31.44686398735936,-0.020630267228581252,-0.018051983469808294,,,
sample,1779736496.0728958,23.73308777809143,1.442,0.0,-0.005415542097808168,0,9.948058972327392,13.384348207211943,31.44686398735936,-0.020630267228581252,-0.018051983469808294,,,
sample,1779736496.1238265,23.784018516540527,1.3619,-0.15412826532442173,-0.0023170023522047496,0,9.854541318744452,13.394483555793748,31.54092926693973,-0.00856256393198663,-0.0077233549949642846,,,
sample,1779736496.1724856,23.832677602767944,1.3619,0.0,-0.0023170023522047496,0,9.854541318744452,13.394483555793748,31.54092926693973,-0.00856256393198663,-0.0077233549949642846,,,
sample,1779736496.2240129,23.884204864501953,1.442,-0.14839628474511274,-0.00010535451002840798,0,9.711217105575754,13.395315829844087,31.68425589656773,-0.0003990768519004783,-0.0003511817013940156,,,
sample,1779736496.2724903,23.932682275772095,1.442,0.0,-0.00010535451002840798,0,9.711217105575754,13.395315829844087,31.68425589656773,-0.0003990768519004783,-0.0003511817013940156,,,
sample,1779736496.3230405,23.983232498168945,1.3619,-0.19516704303972504,0.002717628217877724,0,9.570488778232624,13.397521589905246,31.825001509267533,0.010194829746217025,0.00905878302749353,,,
sample,1779736496.3732853,24.033477306365967,1.3619,0.0,0.002717628217877724,0,9.570488778232624,13.397521589905246,31.825001509267533,0.010194829746217025,0.00905878302749353,,,
sample,1779736496.42431,24.08450198173523,1.442,-0.17862237240035797,0.0054576606311806195,0,9.427848593450944,13.40105790123067,31.967685523131532,0.020973518877697363,0.018192382730759297,,,
sample,1779736496.474365,24.134557008743286,1.442,0.0,0.0054576606311806195,0,9.427848593450944,13.40105790123067,31.967685523131532,0.020973518877697363,0.018192382730759297,,,
sample,1779736496.523664,24.18385601043701,1.3619,-0.021528620126007144,0.0063280797424771365,0,9.268625907471362,13.40517442082229,32.12696141416373,0.02376097756684534,0.02109388070763298,,,
sample,1779736496.5729985,24.233190536499023,1.3619,0.0,0.0063280797424771365,0,9.268625907471362,13.40517442082229,32.12696141416373,0.02376097756684534,0.02109388070763298,,,
sample,1779736496.6241016,24.28429365158081,1.442,0.2605741002441215,0.0017837068714785867,0,9.172065612080047,13.39619047230797,32.223938741292116,0.0067255605629071525,0.005945695877225517,,,
sample,1779736496.6733577,24.333549737930298,1.442,0.0,0.0017837068714785867,0,9.172065612080047,13.39619047230797,32.223938741292116,0.0067255605629071525,0.005945695877225517,,,
sample,1779736496.7233603,24.383552312850952,1.3619,-0.0034700139660490572,0.0019097645330774517,0,9.0433732659671,13.397825655011754,32.352641475414316,0.007143286270134116,0.006365889516152017,,,
sample,1779736496.7739866,24.434178590774536,1.3619,0.0,0.001996981274973465,0,9.0433732659671,13.397825655011754,32.352641475414316,0.0074161213680770995,0.006656613098625609,,,
sample,1779736496.8258648,24.486056804656982,1.442,0.03248260955227393,0.0017171462213806234,0,8.901287880553145,13.399391544032575,32.49473548921031,0.006532203843073703,0.005723826363677763,,,
sample,1779736496.873306,24.53349804878235,1.442,0.0,0.0017171462213806234,0,8.901287880553145,13.399391544032575,32.49473548921031,0.006532203843073703,0.005723826363677763,,,
sample,1779736496.9236543,24.5838463306427,1.3619,0.22123010022707404,-0.0012733034807588057,0,8.764918398067332,13.39937541957273,32.63110497264941,-0.0046843212456494955,-0.0042443472296521375,,,
sample,1779736496.9725976,24.632789611816406,1.3619,0.0,-0.0012733034807588057,0,8.764918398067332,13.39937541957273,32.63110497264941,-0.0046843212456494955,-0.0042443472296521375,,,
sample,1779736497.024043,24.684235095977783,1.3619,0.2012190486748875,-0.004272576031255167,0,8.61315968017848,13.397786439788957,32.782872008965015,-0.0157309143707758,-0.014242006766454015,,,
sample,1779736497.0724185,24.73261046409607,1.3619,0.0,-0.004272576031255167,0,8.61315968017848,13.397786439788957,32.782872008965015,-0.0157309143707758,-0.014242006766454015,,,
sample,1779736497.1236584,24.78385043144226,1.442,0.468312395169659,-0.010936875270985053,0,8.51433535505319,13.393618161313576,32.88178420124644,-0.041386546489533944,-0.036457704547243605,,,
sample,1779736497.1733067,24.83349871635437,1.442,0.020469508393421838,-0.011205256751217274,0,8.505406390274455,13.393301205040201,32.890718789837926,-0.04256461916629319,-0.037352419146071014,,,
sample,1779736497.2235978,24.883789777755737,1.442,0.3064959348988722,-0.016116848820730317,0,8.35859879298981,13.385822732024703,33.03771674281393,-0.06115926425377763,-0.0537274814378587,,,
sample,1779736497.2725685,24.93276047706604,1.442,0.0,-0.016116848820730317,0,8.35859879298981,13.385822732024703,33.03771674281393,-0.06115926425377763,-0.0537274814378587,,,
sample,1779736497.3230796,24.983271598815918,1.3619,0.1855464659125401,-0.019874055963951583,0,8.219981499805051,13.377458303342593,33.17658616938813,-0.07464276322481857,-0.06625557661014268,,,
sample,1779736497.373025,25.033216953277588,1.3619,0.0,-0.019874055963951583,0,8.219981499805051,13.377458303342593,33.17658616938813,-0.07464276322481857,-0.06625557661014268,,,
sample,1779736497.4256508,25.085842847824097,1.442,0.11066106988219383,-0.022250362458548247,0,8.069975016484218,13.36752954706774,33.326920880082135,-0.08407060704253476,-0.07418011692942837,,,
sample,1779736497.4737082,25.13390016555786,1.442,0.0,-0.022250362458548247,0,8.069975016484218,13.36752954706774,33.326920880082135,-0.08407060704253476,-0.07418011692942837,,,
sample,1779736497.523648,25.183840036392212,1.3619,0.009497117097495738,-0.023895750476991193,0,7.946337054923081,13.359283706305154,33.45083350828796,-0.08873737466242235,-0.07966766576261293,,,
sample,1779736497.5747333,25.234925270080566,1.3619,0.0005498289137839038,-0.023903291479350337,0,7.939014956078851,13.35879537035756,33.45817187346573,-0.08905141978080976,-0.07969281680035689,,,
sample,1779736497.6276202,25.28781223297119,1.442,0.07980522104413594,-0.025423274410364932,0,7.792557531163831,13.348406546710443,33.60499729690973,-0.09721582870438089,-0.08476251070330468,,,
sample,1779736497.6759186,25.336110591888428,1.442,0.0,-0.025423274410364932,0,7.792557531163831,13.348406546710443,33.60499729690973,-0.09721582870438089,-0.08476251070330468,,,
sample,1779736497.7307925,25.390984535217285,1.3619,-0.32945807995475934,-0.019887064059465498,0,7.657019062026714,13.362333178589507,33.7412493709913,-0.07347452366514669,-0.06629895407062732,,,
sample,1779736497.776308,25.436500072479248,1.3619,0.0,-0.019887064059465498,0,7.657019062026714,13.362333178589507,33.7412493709913,-0.07347452366514669,-0.06629895407062732,,,
sample,1779736497.8279798,25.488171815872192,1.442,-0.1328384889120263,-0.018686274121437814,0,7.502794975357654,13.355253519359362,33.8956358680813,-0.07068318399777268,-0.06229483121103009,,,
sample,1779736497.8763998,25.53659176826477,1.442,0.0,-0.018199159938673763,0,7.502794975357654,13.355253519359362,33.8956358680813,-0.06923107394829034,-0.06067056483106441,,,
sample,1779736497.9266713,25.58686327934265,1.442,-0.09907216187095147,-0.017351812254689302,0,7.374936745409529,13.350022185376835,34.0236010735893,-0.06679508537128791,-0.05784517974496923,,,
sample,1779736497.978456,25.63864803314209,1.442,0.0,-0.017351812254689302,0,7.374936745409529,13.350022185376835,34.0236010735893,-0.06679508537128791,-0.05784517974496923,,,
sample,1779736498.0269055,25.687097549438477,1.3619,-0.25103545120292486,-0.015250783008481487,0,7.234329891334645,13.345981472565871,34.164265976009396,-0.056874718223383074,-0.05083988497769884,,,
sample,1779736498.075762,25.73595404624939,1.3619,0.0,-0.015250783008481487,0,7.234329891334645,13.345981472565871,34.164265976009396,-0.056874718223383074,-0.05083988497769884,,,
sample,1779736498.1312675,25.791459560394287,1.442,-0.23389905765433594,-0.011562040054611224,0,7.097064882399128,13.343819771981854,34.301548005523394,-0.04406148732642119,-0.03854185096545113,,,
sample,1779736498.189307,25.849498987197876,1.442,0.0,-0.011562040054611224,0,7.097064882399128,13.343819771981854,34.301548005523394,-0.04406148732642119,-0.03854185096545113,,,
sample,1779736498.2296765,25.88986849784851,1.3619,0.006384536826035964,-0.012311546236923212,0,6.9998949818935285,13.34225200150738,34.39873055266293,-0.04558879242171274,-0.04104056104036644,,,
sample,1779736498.275292,25.935483932495117,1.3619,0.0,-0.012311546236923212,0,6.9998949818935285,13.34225200150738,34.39873055266293,-0.04558879242171274,-0.04104056104036644,,,
sample,1779736498.3269207,25.987112760543823,1.3619,0.0,-0.012311546236923212,0,6.9998949818935285,13.34225200150738,34.39873055266293,-0.04558879242171274,-0.04104056104036644,,,
sample,1779736498.3803108,26.040502786636353,1.3619,-0.35097391125893296,-0.005887549223969706,0,6.84286697911337,13.353826643948898,34.556184565011854,-0.021864704721210677,-0.019625390840273586,,,
sample,1779736498.4307275,26.090919494628906,1.3619,-0.23420070297470832,-0.0015543144086911035,0,6.735771194733276,13.363696358217396,34.663734173526855,-0.005790385706053461,-0.005181052201260751,,,
sample,1779736498.4755013,26.135693311691284,1.3619,0.0,-0.0015543144086911035,0,6.735771194733276,13.363696358217396,34.663734173526855,-0.005790385706053461,-0.005181052201260751,,,
sample,1779736498.5284207,26.188612699508667,1.442,-0.04145051584976654,-0.00012836053331499627,0,6.608143288995811,13.369515711167818,34.79149468069434,-0.0004867972711333011,-0.0004278684467332354,,,
sample,1779736498.5733476,26.233539581298828,1.442,0.0,-0.00012836053331499627,0,6.608143288995811,13.369515711167818,34.79149468069434,-0.0004867972711333011,-0.0004278684467332354,,,
sample,1779736498.6242535,26.2844455242157,1.442,-0.02243449250293076,0.00037755698534957204,0,6.493128345210966,13.371604696904035,34.90652859376017,0.0014411079774539713,0.0012585233442991054,,,
sample,1779736498.6735966,26.333788633346558,1.442,-0.00575214648920975,0.0005540660100910575,0,6.464544148997053,13.372123864033167,34.93511750433234,0.0020955703935988386,0.0018468868892949372,,,
sample,1779736498.7232935,26.383485555648804,1.3619,-0.09094051942023387,0.001971109107139676,0,6.326953036825823,13.375244993196372,35.07274401193814,0.007372408827410097,0.006570372199693561,,,
sample,1779736498.7729805,26.433172464370728,1.3619,0.0,0.001971109107139676,0,6.326953036825823,13.375244993196372,35.07274401193814,0.007372408827410097,0.006570372199693561,,,
sample,1779736498.8232255,26.483417510986328,1.442,-0.020741309156806564,0.001494792263749281,0,6.184503335197,13.368126538505814,35.21537146333275,0.005726607006745919,0.004982644590245012,,,
sample,1779736498.8731868,26.533378839492798,1.442,0.0,0.001494792263749281,0,6.184503335197,13.368126538505814,35.21537146333275,0.005726607006745919,0.004982644590245012,,,
sample,1779736498.9231427,26.58333468437195,1.3619,0.052528166506566214,0.0010999412330172757,0,6.048778027733997,13.370990531219956,35.35112698454715,0.004074585354097713,0.0036664722553768434,,,
sample,1779736498.973334,26.63352608680725,1.3619,0.0,0.0010999412330172757,0,6.048778027733997,13.370990531219956,35.35112698454715,0.004074585354097713,0.0036664722553768434,,,
sample,1779736499.0232828,26.68347477912903,1.3619,-0.019352511935425046,0.0015846589300445395,0,5.9120875803941875,13.374007080749443,35.48785071315715,0.0059147968386843485,0.005282200854938067,,,
sample,1779736499.0726619,26.732853889465332,1.3619,0.0,0.001751956530280001,0,5.9120875803941875,13.374007080749443,35.48785071315715,0.006452471320759021,0.005839861075797037,,,
sample,1779736499.1247005,26.784892559051514,1.3619,0.18430519720911986,-0.0007047705716173906,0,5.775876730519808,13.37570624869348,35.62407216079005,-0.002637245440101431,-0.0023492356276809817,,,
sample,1779736499.1746142,26.834806203842163,1.3619,0.0,-0.0007047705716173906,0,5.775876730519808,13.37570624869348,35.62407216079005,-0.002637245440101431,-0.0023492356276809817,,,
sample,1779736499.2236135,26.883805513381958,1.442,0.3058779711946314,-0.004540443613408332,0,5.629078192709271,13.375337208932045,35.77087116246805,-0.01743716579400601,-0.015134916050104795,,,
sample,1779736499.2723968,26.932588815689087,1.442,0.0,-0.004540443613408332,0,5.629078192709271,13.375337208932045,35.77087116246805,-0.01743716579400601,-0.015134916050104795,,,
sample,1779736499.3235064,26.98369836807251,1.2818,0.3051690307382773,-0.008394782360329249,0,5.495043163981449,13.382715976985102,35.90510914198222,-0.030288767556078976,-0.027983265219867496,,,
sample,1779736499.372439,27.032630920410156,1.2818,0.0,-0.008394782360329249,0,5.495043163981449,13.382715976985102,35.90510914198222,-0.030288767556078976,-0.027983265219867496,,,
sample,1779736499.4246137,27.084805727005005,1.442,-0.014038320201737882,-0.00792259727245659,0,5.355709858960412,13.380294326492953,36.04446348988422,-0.029916744578355817,-0.026409210124284786,,,
sample,1779736499.4721715,27.13236355781555,1.442,0.0,-0.007904350679667393,0,5.355709858960412,13.380294326492953,36.04446348988422,-0.030014974521800887,-0.02634838433930121,,,
sample,1779736499.523558,27.18374991416931,1.3619,0.0476075486278771,-0.009213272270386649,0,5.213042805967461,13.377465595984459,36.187158583443825,-0.03392641920834407,-0.030711776556304332,,,
sample,1779736499.573326,27.23351812362671,1.3619,0.0,-0.009213272270386649,0,5.213042805967461,13.377465595984459,36.187158583443825,-0.03392641920834407,-0.030711776556304332,,,
sample,1779736499.6232228,27.283414840698242,1.442,0.2530566353243791,-0.012580989183017623,0,5.075578146998711,13.373003082032065,36.32469565661383,-0.04840723595101065,-0.04193884334479994,,,
sample,1779736499.6740482,27.334240198135376,1.442,0.0,-0.012580989183017623,0,5.075578146998711,13.373003082032065,36.32469565661383,-0.04840723595101065,-0.04193884334479994,,,
sample,1779736499.7247698,27.3849618434906,1.3619,0.08345533004277225,-0.01480252159362501,0,4.936482849215598,13.367898138412746,36.46388460127083,-0.05516112306675775,-0.049345342793830085,,,
sample,1779736499.773671,27.433862924575806,1.3619,0.0,-0.01480252159362501,0,4.936482849215598,13.367898138412746,36.46388460127083,-0.05516112306675775,-0.049345342793830085,,,
sample,1779736499.823116,27.48330807685852,1.442,-0.035099554156178714,-0.012566855596571289,0,4.841308899300459,13.379447501010562,36.559756748002116,-0.0480276459128624,-0.041891723940626784,,,
sample,1779736499.8726497,27.532841682434082,1.442,0.012457147181431148,-0.01272816759904595,0,4.8353514548301915,13.37923552837695,36.56571796239297,-0.04876958668187343,-0.04242951663719967,,,
sample,1779736499.9236112,27.583803176879883,1.3619,0.09469205239775987,-0.015167959085246097,0,4.696714052732252,13.373632669716624,36.704468534592266,-0.05627338259774467,-0.050563741359434825,,,
sample,1779736499.9731379,27.63332986831665,1.3619,0.0,-0.015167959085246097,0,4.696714052732252,13.373632669716624,36.704468534592266,-0.05627338259774467,-0.050563741359434825,,,
sample,1779736500.023477,27.683669090270996,1.3619,0.0576942194249007,-0.016716749892627364,0,4.562196828995352,13.367804961871682,36.839111936438066,-0.061606398624806144,-0.05572769076812589,,,
sample,1779736500.0726008,27.732792854309082,1.3619,0.0,-0.016716749892627364,0,4.562196828995352,13.367804961871682,36.839111936438066,-0.061606398624806144,-0.05572769076812589,,,
sample,1779736500.1246388,27.784830808639526,1.442,-0.053761095063137636,-0.016034384296781695,0,4.418762200365036,13.3619929047839,36.98266427079007,-0.061069839426174936,-0.05345252864252872,,,
sample,1779736500.1725116,27.832703590393066,1.442,0.0,-0.016104001364344596,0,4.418762200365036,13.3619929047839,36.98266427079007,-0.060836891238548546,-0.05368464546630452,,,
sample,1779736500.2234821,27.883674144744873,1.3619,-0.09014326997439219,-0.015851404244317493,0,4.282098275728719,13.357084042261173,37.119416328281964,-0.05918320952404873,-0.052842440075952624,,,
sample,1779736500.2725756,27.932767629623413,1.3619,0.0,-0.015851404244317493,0,4.282098275728719,13.357084042261173,37.119416328281964,-0.05918320952404873,-0.052842440075952624,,,
sample,1779736500.3235834,27.98377537727356,1.442,-0.05532187263104745,-0.015116539261516133,0,4.138269075863931,13.352324155706528,37.26332426848597,-0.05784612465135618,-0.050392302641176945,,,
sample,1779736500.3730557,28.033247709274292,1.442,0.0,-0.015116539261516133,0,4.138269075863931,13.352324155706528,37.26332426848597,-0.05784612465135618,-0.050392302641176945,,,
sample,1779736500.4231794,28.08337140083313,1.3619,-0.6091530063194555,-0.0053267115924333815,0,4.023104097574974,13.370557650841416,37.37992372204013,-0.019957720823982388,-0.017755873242628086,,,
sample,1779736500.4734883,28.13368034362793,1.3619,0.0,-0.0053267115924333815,0,4.023104097574974,13.370557650841416,37.37992372204013,-0.019957720823982388,-0.017755873242628086,,,
sample,1779736500.523495,28.18368697166443,1.442,0.04747213649076173,-0.005681076834754606,0,3.882330386121832,13.369864634381901,37.52069913931213,-0.021569071608240405,-0.018937126512562793,,,
sample,1779736500.5727625,28.232954502105713,1.442,0.0,-0.005785061489832795,0,3.882330386121832,13.369864634381901,37.52069913931213,-0.02218578908446778,-0.01928375342263933,,,
sample,1779736500.6231217,28.283313751220703,1.3619,-0.03992761098311171,-0.00556031538996344,0,3.742402663378069,13.36945714316381,37.66062745539343,-0.020656454113657324,-0.018534575645426103,,,
sample,1779736500.6727345,28.332926511764526,1.3619,0.0,-0.00556031538996344,0,3.742402663378069,13.36945714316381,37.66062745539343,-0.020656454113657324,-0.018534575645426103,,,
sample,1779736500.7238512,28.384043216705322,1.3619,-0.1895481275515549,-0.002832256451206278,0,3.605855778027686,13.370382525868871,37.79717747638223,-0.010459453181308054,-0.009440880081263389,,,
sample,1779736500.7732325,28.433424472808838,1.3619,0.0,-0.002832256451206278,0,3.605855778027686,13.370382525868871,37.79717747638223,-0.010459453181308054,-0.009440880081263389,,,
sample,1779736500.8251705,28.48536252975464,1.442,-0.15583592019194195,-0.0002752827756147902,0,3.4489904630511568,13.372715401749971,37.95406013747823,-0.0010481045487601831,-0.0009176092752282968,,,
sample,1779736500.8725128,28.532704830169678,1.442,0.0,-0.0002752827756147902,0,3.4489904630511568,13.372715401749971,37.95406013747823,-0.0010481045487601831,-0.0009176092752282968,,,
sample,1779736500.9239385,28.58413052558899,1.442,0.02527351181642143,-0.0009522513782191583,0,3.332538435483169,13.370829596046756,38.07052743326484,-0.0036158082097971756,-0.0031741722201587253,,,
sample,1779736500.972272,28.632463932037354,1.442,0.0,-0.0008538990818881373,0,3.332538435483169,13.370829596046756,38.07052743326484,-0.003274145427586329,-0.002846330964755201,,,
sample,1779736501.023928,28.684119939804077,1.3619,0.022569531795995794,-0.0010697097302721718,0,3.2002568870445414,13.372470657176288,38.20281916066664,-0.003960075646320244,-0.0035657004609592857,,,
sample,1779736501.072498,28.73269009590149,1.3619,0.0,-0.0010697097302721718,0,3.2002568870445414,13.372470657176288,38.20281916066664,-0.003960075646320244,-0.0035657004609592857,,,
sample,1779736501.124198,28.784389972686768,1.442,-0.06516086317180671,0.00020284608620527828,0,3.052393535537875,13.37480324605591,38.35070090967464,0.0007711975579353374,0.000676153629958054,,,
sample,1779736501.1740267,28.834218740463257,1.442,0.0,0.00020284608620527828,0,3.052393535537875,13.37480324605591,38.35070090967464,0.0007711975579353374,0.000676153629958054,,,
sample,1779736501.2232296,28.883421659469604,1.3619,0.057473230243835806,-0.00041523381803255347,0,2.898066666265109,13.376801295232848,38.50504071264214,-0.0015387147327283117,-0.001384112806324352,,,
sample,1779736501.2728481,28.933040142059326,1.3619,0.0,-0.00041523381803255347,0,2.898066666265109,13.376801295232848,38.50504071264214,-0.0015387147327283117,-0.001384112806324352,,,
sample,1779736501.3253329,28.985524892807007,1.442,-0.18413391681745553,-0.0031452464207930883,0,2.787361154056291,13.37938720257472,38.615776422104794,-0.01202971819554691,-0.010484189307876276,,,
sample,1779736501.3732975,29.0334894657135,1.442,-0.015507736929080394,-0.0029507791234120615,0,2.7788405316076954,13.379586230967323,38.62429936873214,-0.011327435000745492,-0.00983595895894112,,,
sample,1779736501.42503,29.085222005844116,1.3619,-0.011695969180607687,-0.002650809386473155,0,2.642499434248391,13.38285348645027,38.76067960845744,-0.009842587484913078,-0.00883605198461531,,,
sample,1779736501.4736755,29.133867502212524,1.3619,0.0,-0.002650809386473155,0,2.642499434248391,13.38285348645027,38.76067960845744,-0.009842587484913078,-0.00883605198461531,,,
sample,1779736501.5253708,29.1855628490448,1.442,0.017634626017763343,-0.007833621446892168,0,2.5000283758072803,13.386391950991381,38.90319460143937,-0.029779460778015,-0.026112605630613822,,,
sample,1779736501.5736055,29.233797550201416,1.442,0.0,-0.007833621446892168,0,2.5000283758072803,13.386391950991381,38.90319460143937,-0.029779460778015,-0.026112605630613822,,,
sample,1779736501.6240203,29.284212350845337,1.3619,-0.13467912525777173,-0.006000141293349816,0,2.364224347751152,13.390445198698883,39.03905910325367,-0.022052885610365322,-0.02000071099824478,,,
sample,1779736501.6723583,29.332550287246704,1.3619,0.0,-0.006000141293349816,0,2.364224347751152,13.390445198698883,39.03905910325367,-0.022052885610365322,-0.02000071099824478,,,
sample,1779736501.72547,29.385662078857422,1.442,-0.11582514494990802,-0.009131865524882396,0,2.221856728541431,13.395581144223334,39.18151933256654,-0.03510108809002191,-0.030440397905727647,,,
sample,1779736501.773588,29.43377995491028,1.442,-0.0014646537142426219,-0.009113539073217212,0,2.220225710275299,13.395639983592924,39.183151411809675,-0.035055341781621834,-0.03037930464924303,,,
sample,1779736501.8280563,29.488248348236084,1.3619,-0.00543786085964944,-0.00906237820677076,0,2.0834002832890923,13.40061657293395,39.320067312681076,-0.03372703847518072,-0.030208754342186346,,,
sample,1779736501.8745768,29.53476881980896,1.3619,0.0,-0.00906237820677076,0,2.0834002832890923,13.40061657293395,39.320067312681076,-0.03372703847518072,-0.030208754342186346,,,
sample,1779736501.9235928,29.583784818649292,1.3619,0.0936689649591404,-0.009732511129104119,0,1.9432341684814167,13.405070379295523,39.46030416993118,-0.03607145261235464,-0.03244272811439031,,,
sample,1779736501.9742563,29.634448289871216,1.3619,0.0,-0.009732511129104119,0,1.9432341684814167,13.405070379295523,39.46030416993118,-0.03607145261235464,-0.03244272811439031,,,
sample,1779736502.0247936,29.684985637664795,1.442,-0.023273057693061767,-0.010191925984940712,0,1.8011543260533343,13.400042253927449,39.60247295577781,-0.03922426473715858,-0.03397426298749488,,,
sample,1779736502.0745776,29.734769582748413,1.442,0.0,-0.009314429700347472,0,1.8011543260533343,13.400042253927449,39.60247295577781,-0.03536092752645357,-0.031048996928860092,,,
sample,1779736502.1230109,29.78320288658142,1.3619,0.03186462241607405,-0.01002554956985563,0,1.6816481860005335,13.403791345193286,39.7220378887458,-0.03734577402946812,-0.03341961826061467,,,
sample,1779736502.1733108,29.833502769470215,1.3619,0.0007179165721325421,-0.010035238509912931,0,1.678851921172648,13.403879068318124,39.72483552923992,-0.037427953845561676,-0.033451917976999465,,,
sample,1779736502.2235627,29.88375473022461,1.3619,0.18437637766454518,-0.006219565349640302,0,1.5523064904008772,13.406675668348145,39.85141185807332,-0.02298621769865969,-0.02073215182671936,,,
sample,1779736502.2731724,29.933364391326904,1.3619,0.0,-0.006219565349640302,0,1.5523064904008772,13.406675668348145,39.85141185807332,-0.02298621769865969,-0.02073215182671936,,,
sample,1779736502.3250625,29.985254526138306,1.3619,0.06503061084325766,0.005014047266610263,0,1.3969481050871846,13.409584554800444,40.00679747358412,0.01859262171916428,0.016713630952895686,,,
sample,1779736502.372599,30.032790899276733,1.3619,0.0,0.005014047266610263,0,1.3969481050871846,13.409584554800444,40.00679747358412,0.01859262171916428,0.016713630952895686,,,
sample,1779736502.4282107,30.08840274810791,1.442,0.08646600539360624,0.015389017193729433,0,1.2734514609624321,13.411302873876302,40.13030607138412,0.05832629962525596,0.05130077375775609,,,
sample,1779736502.4727905,30.1329824924469,1.442,0.0,0.015021657281759988,0,1.2734514609624321,13.411302873876302,40.13030607138412,0.05781385405525358,0.05007595754559901,,,
sample,1779736502.5235918,30.183783769607544,1.3619,0.040135201159376875,0.01536290500140891,0,1.1368657249410241,13.412924779458644,40.26690143683342,0.05719321643374408,0.05121371253527491,,,
sample,1779736502.575449,30.23564100265503,1.3619,0.0,0.01536290500140891,0,1.1368657249410241,13.412924779458644,40.26690143683342,0.05719321643374408,0.05121371253527491,,,
sample,1779736502.6268585,30.287050485610962,1.3619,0.6352106391146415,0.017513353716463873,0,1.02152796904628,13.405041555267625,40.38250828420191,0.06547781422251404,0.05838381495732984,,,
sample,1779736502.67567,30.335861921310425,1.3619,0.0,0.017513353716463873,0,1.02152796904628,13.405041555267625,40.38250828420191,0.06547781422251404,0.05838381495732984,,,
sample,1779736502.73345,30.39364194869995,1.442,0.10083063956327229,0.04844432413465968,0,0.8763366914327192,13.401177426907434,40.52775097277191,0.18729449153165134,0.16160752324187924,,,
sample,1779736502.7754488,30.435640811920166,1.442,0.0,0.04844432413465968,0,0.8763366914327192,13.401177426907434,40.52775097277191,0.18729449153165134,0.16160752324187924,,,
sample,1779736502.828902,30.489094018936157,1.3619,0.22046031223469548,0.077105943622671,0,0.7583170074300717,13.39650657557008,40.64586304948001,0.2925945823152473,0.25753038188182203,,,
sample,1779736502.8761244,30.536316394805908,1.3619,0.02465265866346345,0.07680908531313585,0,0.7466579924845004,13.396045148088632,40.65753119178381,0.29291677627944246,0.25653497052197966,,,
sample,1779736502.9301007,30.59029269218445,1.3619,0.09854507219920491,0.12220980813169394,0,0.588173925013756,13.388928344090518,40.81617497055001,0.47477258720329274,0.40940625255465074,,,
sample,1779736502.9770844,30.63727641105652,1.3619,0.0,0.12220980813169394,0,0.588173925013756,13.388928344090518,40.81617497055001,0.47477258720329274,0.40940625255465074,,,
sample,1779736503.0371072,30.697299242019653,1.3619,0.2766709105890761,0.1414743627274716,0,0.4709898480368504,13.381714551569907,40.93358087627651,0.5572926180637237,0.47475283544440827,,,
sample,1779736503.0793486,30.739540576934814,1.3619,0.0,0.1414743627274716,0,0.4709898480368504,13.381714551569907,40.93358087627651,0.5572926180637237,0.47475283544440827,,,
sample,1779736503.138765,30.798957109451294,1.442,0.28578519442719913,0.14705999252081606,0,0.3918423114270635,13.374308466904484,41.013074163046326,0.5971674759700589,0.4937646076857009,,,
sample,1779736503.1752217,30.835413694381714,1.442,0.0,0.14705999252081606,0,0.3918423114270635,13.374308466904484,41.013074163046326,0.5971674759700589,0.4937646076857009,,,
sample,1779736503.2272704,30.887462377548218,1.2818,1.0819550408697156,0.1560727602600385,0,0.21319540038227355,13.361158830842305,41.192204371985,0.6038981058062866,0.5245082469903651,,,
sample,1779736503.275141,30.935333013534546,1.2818,0.026032513132453115,0.15579525447669712,0,0.20942008661247705,13.360642111328168,41.19601488285845,0.6036219751484223,0.5235603657852831,,,
sample,1779736503.3269203,30.987112283706665,1.2818,1.317040121667745,0.15810283848348672,0,0.0838816897259845,13.334642440275703,41.32421734768525,0.6147292619518229,0.5314449475524587,,,
sample,1779736503.3725715,31.032763481140137,1.2818,0.0,0.15810283848348672,0,0.0838816897259845,13.334642440275703,41.32421734768525,0.6147292619518229,0.5314449475524587,,,
sample,1779736503.4243608,31.084552764892578,1.3619,1.004113480935161,0.15463605128530483,0,-0.04897886845162311,13.299835814797994,41.46156154704005,0.624461339327217,0.5196017474814286,,,
sample,1779736503.4727182,31.13291025161743,1.3619,0.0,0.15463605128530483,0,-0.04897886845162311,13.299835814797994,41.46156154704005,0.624461339327217,0.5196017474814286,,,
sample,1779736503.5234396,31.183631658554077,1.2818,1.4100661731641304,0.15770829155197658,0,-0.17023375878259345,13.25860880980241,41.58963345797325,0.6117320963159752,0.5300964458615309,,,
sample,1779736503.5771952,31.23738718032837,1.2818,0.0,0.15770829155197658,0,-0.17023375878259345,13.25860880980241,41.58963345797325,0.6117320963159752,0.5300964458615309,,,
sample,1779736503.6237538,31.2839457988739,1.3619,2.524271356582168,0.14207686227917035,0,-0.33615962964527724,13.223436211046316,41.75924627094679,0.5657164403180929,0.47680208263860085,,,
sample,1779736503.6729023,31.333094358444214,1.3619,0.10833275374830906,0.14610915146439385,0,-0.3454474053400114,13.21894292037984,41.76956385004119,0.5743687648557059,0.49052604715501247,,,
sample,1779736503.7234342,31.383626222610474,1.2818,1.6225177818938044,0.13910760684090373,0,-0.46446426273038255,13.148795675736526,41.90771466717279,0.5335942478505881,0.46670631339763596,,,
sample,1779736503.7726603,31.432852268218994,1.2818,0.0,0.13910760684090373,0,-0.46446426273038255,13.148795675736526,41.90771466717279,0.5335942478505881,0.46670631339763596,,,
sample,1779736503.8236291,31.483821153640747,1.2818,1.6515241908015243,0.1290069632200814,0,-0.5505760270510281,13.087740301017648,42.01327505148659,0.4920688982966906,0.4324247959096548,,,
sample,1779736503.872448,31.532639980316162,1.2818,0.0,0.1290069632200814,0,-0.5505760270510281,13.087740301017648,42.01327505148659,0.4920688982966906,0.4324247959096548,,,
sample,1779736503.9234746,31.583666563034058,1.2818,1.5466065050982667,0.12428983464052829,0,-0.6477619022979216,13.006597651677115,42.13988162275959,0.47103577391052265,0.4164460750305106,,,
sample,1779736503.9726253,31.632817268371582,1.2818,0.0,0.12391617495014776,0,-0.6477619022979216,13.006597651677115,42.13988162275959,0.4659295360890321,0.4151811608789111,,,
sample,1779736504.0239215,31.68411350250244,1.3619,1.33632093656294,0.11852629379482024,0,-0.746167275383009,12.912273864695608,42.276192276204384,0.4551344354375458,0.3969482293012607,,,
sample,1779736504.0731287,31.733320713043213,1.3619,0.0,0.11852629379482024,0,-0.746167275383009,12.912273864695608,42.276192276204384,0.4551344354375458,0.3969482293012607,,,
sample,1779736504.1244104,31.784602403640747,1.2818,1.6539873449450588,0.10680741462562926,0,-0.83534584419918,12.810954750539988,42.41116775556779,0.4001492199802119,0.35738474415290833,,,
sample,1779736504.1723883,31.83258032798767,1.2818,0.0,0.10680741462562926,0,-0.83534584419918,12.810954750539988,42.41116775556779,0.4001492199802119,0.35738474415290833,,,
sample,1779736504.22422,31.884412050247192,1.2818,1.3688160835184253,0.10906610994411804,0,-0.9978687070502479,12.720122598799072,42.59735089320166,0.4069452802699037,0.36500213296401046,,,
sample,1779736504.273295,31.933486938476562,1.2818,0.0,0.10906610994411804,0,-0.9978687070502479,12.720122598799072,42.59735089320166,0.4069452802699037,0.36500213296401046,,,
sample,1779736504.3236,31.983792066574097,1.3619,1.3738595679965837,0.10061372288308297,0,-1.0659030810418213,12.616662626365034,42.721175938893055,0.38355217412097137,0.336515371991874,,,
sample,1779736504.3729758,32.03316783905029,1.3619,0.0,0.09662520540099935,0,-1.0659030810418213,12.616662626365034,42.721175938893055,0.37208308062385176,0.3230901472964967,,,
sample,1779736504.423514,32.08370590209961,1.2818,1.0939912477746163,0.09331934064845432,0,-1.1306452881407616,12.505249068541673,42.850034521249455,0.3441012721847143,0.3119705935942938,,,
sample,1779736504.4733524,32.13354444503784,1.2818,0.0,0.09331934064845432,0,-1.1306452881407616,12.505249068541673,42.850034521249455,0.3441012721847143,0.3119705935942938,,,
sample,1779736504.5231729,32.18336486816406,1.2818,1.0617047304050284,0.08511346091281873,0,-1.189856319349985,12.389690575587508,42.97987947306006,0.3163151466970563,0.28439862471189226,,,
sample,1779736504.572719,32.232911109924316,1.2818,0.0,0.08511346091281873,0,-1.189856319349985,12.389690575587508,42.97987947306006,0.3163151466970563,0.28439862471189226,,,
sample,1779736504.6242006,32.28439259529114,1.3619,1.0146797189057448,0.07758230949267979,0,-1.2458681268049752,12.264692298526207,43.11685352842336,0.2935820458334522,0.25912780507348293,,,
sample,1779736504.6733494,32.33354139328003,1.3619,0.0,0.07758230949267979,0,-1.2458681268049752,12.264692298526207,43.11685352842336,0.2935820458334522,0.25912780507348293,,,
sample,1779736504.7244034,32.38459539413452,1.2818,0.8656991858820062,0.08306424133854672,0,-1.3626370890324802,12.150342190286787,43.28028834048632,0.3055178373482996,0.27751936208026107,,,
sample,1779736504.7724721,32.43266415596008,1.2818,0.0,0.08010383833925434,0,-1.3626370890324802,12.150342190286787,43.28028834048632,0.2983850272903642,0.26758537109623576,,,
sample,1779736504.8259847,32.48617672920227,1.3619,0.9539956258432994,0.07101665081846728,0,-1.4024206089652853,12.032670683101843,43.40450312246262,0.26759861967158227,0.23712093260128805,,,
sample,1779736504.8727238,32.53291583061218,1.3619,0.0,0.07101665081846728,0,-1.4024206089652853,12.032670683101843,43.40450312246262,0.26759861967158227,0.23712093260128805,,,
sample,1779736504.924642,32.58483409881592,1.3619,0.9343577741535289,0.06324292744181643,0,-1.4400320855396767,11.900638344597395,43.54178808733882,0.2359233794954143,0.2110912648601922,,,
sample,1779736504.972473,32.632664918899536,1.3619,0.0,0.06324292744181643,0,-1.4400320855396767,11.900638344597395,43.54178808733882,0.2359233794954143,0.2110912648601922,,,
sample,1779736505.0238554,32.68404746055603,1.3619,0.8179084008848782,0.05628010670211441,0,-1.475358522302689,11.753408326840301,43.69319692216403,0.2093320466638702,0.18779867855652058,,,
sample,1779736505.073097,32.73328900337219,1.3619,0.0,0.05628010670211441,0,-1.475358522302689,11.753408326840301,43.69319692216403,0.2093320466638702,0.18779867855652058,,,
sample,1779736505.1234744,32.783666372299194,1.2818,0.9349728928562119,0.04887918230085057,0,-1.4968879733008205,11.640480511498675,43.808158692932025,0.1761804176188968,0.16306048834294518,,,
sample,1779736505.1728404,32.83303236961365,1.2818,0.0,0.04718263167566063,0,-1.4968879733008205,11.640480511498675,43.808158692932025,0.17114009687037532,0.15739225183864852,,,
sample,1779736505.225225,32.885416984558105,1.3619,0.7793299902646897,0.037714227321072935,0,-1.5166241029529242,11.507704913729837,43.94239309305553,0.1394073347914808,0.1257737286891683,,,
sample,1779736505.2745187,32.93471074104309,1.3619,0.0,0.037714227321072935,0,-1.5166241029529242,11.507704913729837,43.94239309305553,0.1394073347914808,0.1257737286891683,,,
sample,1779736505.3253915,32.985583543777466,1.3619,0.34000111212881556,0.03867866594989541,0,-1.5648179730968321,11.406123039330874,44.054827635460676,0.14309215098296968,0.1289932192203586,,,
sample,1779736505.3746977,33.034889698028564,1.3619,0.0,0.03867866594989541,0,-1.5648179730968321,11.406123039330874,44.054827635460676,0.14309215098296968,0.1289932192203586,,,
sample,1779736505.4252436,33.08543562889099,1.3619,0.3980594267517798,0.03457149814790864,0,-1.5804140062658323,11.26510090346016,44.196709554873074,0.1301187609346342,0.1152842596261887,,,
sample,1779736505.474496,33.13468790054321,1.3619,0.0,0.03457149814790864,0,-1.5804140062658323,11.26510090346016,44.196709554873074,0.1301187609346342,0.1152842596261887,,,
sample,1779736505.5239897,33.184181690216064,1.3619,0.5816214557087871,0.028371271623984475,0,-1.5900964321851285,11.143706460675881,44.318489520838696,0.10531953385251079,0.09459628787554172,,,
sample,1779736505.5729141,33.23310613632202,1.3619,0.03611700160443532,0.027897236396916485,0,-1.5906907663025232,11.136254933588543,44.325964712406574,0.10389186898009657,0.09301491904179131,,,
sample,1779736505.6237605,33.283952474594116,1.3619,0.6510299354124457,0.019852895817059867,0,-1.5971710967019181,10.9969606342577,44.465409671111274,0.07350726706879165,0.06618501495018458,,,
sample,1779736505.677262,33.337454080581665,1.3619,0.0,0.019852895817059867,0,-1.5971710967019181,10.9969606342577,44.465409671111274,0.07350726706879165,0.06618501495018458,,,
sample,1779736505.723623,33.38381505012512,1.3619,0.45041446906946647,0.014522819693494286,0,-1.600565474193553,10.864435106065374,44.59797866228648,0.0545195714543265,0.048412802644559806,,,
sample,1779736505.7727041,33.43289613723755,1.3619,0.0,0.014522819693494286,0,-1.600565474193553,10.864435106065374,44.59797866228648,0.0545195714543265,0.048412802644559806,,,
sample,1779736505.8242006,33.48439264297485,1.3619,-0.1673011374861932,0.014522819693494286,0,-1.6400688049494327,10.781825268706175,44.6895477529739,0.0545195714543265,0.048412802644559806,,,
sample,1779736505.8729665,33.53315854072571,1.3619,0.22192695956006483,0.01892552490364305,0,-1.6423121286273061,10.68597573549835,44.78542353467753,0.07035368834528291,0.06309261593495573,,,
sample,1779736505.924483,33.58467507362366,1.3619,0.5041881673952304,0.011906393865256198,0,-1.6420144424182088,10.597798688521808,44.8736010841478,0.04400755255867764,0.03968985507583385,,,
sample,1779736505.9731064,33.63329839706421,1.3619,0.016500989294726168,0.011689476231341757,0,-1.6420052469454576,10.59507491560912,44.87632487258243,0.04325664512654423,0.03896669564047157,,,
sample,1779736506.0241158,33.68430781364441,1.442,0.2559708653352442,0.029889506941454008,0,-1.6396834108037228,10.45379585392112,45.01762301197043,0.11267886968793045,0.09966137015145132,,,
sample,1779736506.0729296,33.73312163352966,1.442,0.0,0.029889506941454008,0,-1.6396834108037228,10.45379585392112,45.01762301197043,0.11267886968793045,0.09966137015145132,,,
sample,1779736506.123287,33.78347897529602,1.3619,0.23448882439031274,0.03385188987003716,0,-1.635570657614625,10.30820477269769,45.16327217149633,0.12628078644605512,0.11288275554274588,,,
sample,1779736506.1733906,33.833582639694214,1.3619,0.0,0.03385188987003716,0,-1.635570657614625,10.30820477269769,45.16327217149633,0.12628078644605512,0.11288275554274588,,,
sample,1779736506.2234983,33.88369035720825,1.3619,0.4542476898975961,0.03896446025842404,0,-1.6288982461338797,10.177492957305057,45.294154178503426,0.14639837927370025,0.12994730411421937,,,
sample,1779736506.2726645,33.93285655975342,1.3619,0.0,0.03896446025842404,0,-1.6288982461338797,10.177492957305057,45.294154178503426,0.14639837927370025,0.12994730411421937,,,
sample,1779736506.3255267,33.985718727111816,1.442,0.37611516448212967,0.052903311132206525,0,-1.618594981448382,10.032384097982915,45.43962836286943,0.2008709252474458,0.17650907003441774,,,
sample,1779736506.3725467,34.03273868560791,1.442,0.0,0.052903311132206525,0,-1.618594981448382,10.032384097982915,45.43962836286943,0.2008709252474458,0.17650907003441774,,,
sample,1779736506.4244895,34.08468151092529,1.3619,0.27464119270123394,0.05271943851796889,0,-1.6192476695018145,9.935557581909038,45.536457078737705,0.19835205525731747,0.1758944487073489,,,
sample,1779736506.472384,34.13257598876953,1.3619,0.0,0.05271943851796889,0,-1.6192476695018145,9.935557581909038,45.536457078737705,0.19835205525731747,0.1758944487073489,,,
sample,1779736506.5245872,34.18477916717529,1.3619,0.2464595015308709,0.05991821364345771,0,-1.606307741000807,9.803962549918603,45.6686867811278,0.2263553831671792,0.19996674246293644,,,
sample,1779736506.5731945,34.233386516571045,1.3619,0.0,0.05991821364345771,0,-1.606307741000807,9.803962549918603,45.6686867811278,0.2263553831671792,0.19996674246293644,,,
sample,1779736506.6245484,34.28474044799805,1.442,0.30168597454663254,0.06904081446204983,0,-1.5897361174809723,9.658596308995556,45.81499454820181,0.2647309712199322,0.2305024048466334,,,
sample,1779736506.6731288,34.33332085609436,1.442,0.0,0.06801364610646203,0,-1.5897361174809723,9.658596308995556,45.81499454820181,0.2649437987913128,0.22706238100603676,,,
sample,1779736506.724334,34.384526014328,1.3619,0.4776328217022887,0.07501883271590273,0,-1.5709162931664764,9.52305412232717,45.95183704947271,0.2788202369584577,0.25053293734513454,,,
sample,1779736506.7729492,34.433141231536865,1.3619,0.0,0.07501883271590273,0,-1.5709162931664764,9.52305412232717,45.95183704947271,0.2788202369584577,0.25053293734513454,,,
sample,1779736506.8231409,34.48333287239075,1.3619,0.5172569667137036,0.07789127554965378,0,-1.5490648958342197,9.390951814360195,46.08573441066991,0.2893503781229273,0.26016394071294674,,,
sample,1779736506.8734307,34.53362274169922,1.3619,0.0,0.07789127554965378,0,-1.5490648958342197,9.390951814360195,46.08573441066991,0.2893503781229273,0.26016394071294674,,,
sample,1779736506.9230082,34.583200216293335,1.3619,0.7050039871764725,0.07649184278758756,0,-1.5509683085636934,9.264325863808997,46.21237466624851,0.2897421620742178,0.25547125803445414,,,
sample,1779736506.9733043,34.63349628448486,1.3619,0.0,0.07649184278758756,0,-1.5509683085636934,9.264325863808997,46.21237466624851,0.2897421620742178,0.25547125803445414,,,
sample,1779736507.0240588,34.684250831604004,1.3619,0.5734606795487449,0.07951518613668249,0,-1.5210634249083443,9.135436815043427,46.34468751127171,0.29657705262154915,0.2656106455837877,,,
sample,1779736507.0726595,34.73285150527954,1.3619,0.0,0.07781055401143352,0,-1.5210634249083443,9.135436815043427,46.34468751127171,0.29375441534483593,0.25989323152594757,,,
sample,1779736507.1233366,34.783528566360474,1.3619,0.560320649045788,0.07888888082068443,0,-1.4875719529301095,9.007680398005151,46.476760902951206,0.29659835136334123,0.26350981019979575,,,
sample,1779736507.1726863,34.83287835121155,1.3619,0.0,0.07888888082068443,0,-1.4875719529301095,9.007680398005151,46.476760902951206,0.29659835136334123,0.26350981019979575,,,
sample,1779736507.2243567,34.88454866409302,1.3619,0.571988098768145,0.07921253874811872,0,-1.4490594033947324,8.876682157318532,46.6133030412628,0.2969296210350342,0.2645954399643026,,,
sample,1779736507.2724802,34.93267226219177,1.3619,0.0,0.07921253874811872,0,-1.4490594033947324,8.876682157318532,46.6133030412628,0.2969296210350342,0.2645954399643026,,,
sample,1779736507.324238,34.98443007469177,1.2818,0.5880651623932872,0.07894752086390319,0,-1.40922445069176,8.755000239873356,46.74133941300921,0.287876428798488,0.2637064994665307,,,
sample,1779736507.373065,35.03325700759888,1.2818,0.0,0.07894752086390319,0,-1.40922445069176,8.755000239873356,46.74133941300921,0.287876428798488,0.2637064994665307,,,
sample,1779736507.424388,35.084579944610596,1.442,0.6499480311644945,0.07500300489509909,0,-1.3817061108672972,8.638994305613123,46.86056456056745,0.28933008685193556,0.2504798799672951,,,
sample,1779736507.4725122,35.13270425796509,1.442,0.12621866993914194,0.07347676939803521,0,-1.3745828016595967,8.61982609736789,46.881013564000405,0.2857177455702279,0.24536428415015563,,,
sample,1779736507.5236886,35.18388056755066,1.2818,0.6612387167301647,0.07177900918470924,0,-1.3259554610264372,8.501407590519849,47.009027473483606,0.26639516682601433,0.2396751255530042,,,
sample,1779736507.577917,35.23810911178589,1.2818,0.0,0.07177900918470924,0,-1.3259554610264372,8.501407590519849,47.009027473483606,0.26639516682601433,0.2396751255530042,,,
sample,1779736507.6295037,35.289695739746094,1.3619,0.7933884276705838,0.05886570530952014,0,-1.2690510699740913,8.377517826692692,47.14536082707761,0.22009283701945215,0.1964459764510061,,,
sample,1779736507.6779733,35.338165283203125,1.3619,0.0,0.05886570530952014,0,-1.2690510699740913,8.377517826692692,47.14536082707761,0.22009283701945215,0.1964459764510061,,,
sample,1779736507.7295945,35.3897864818573,1.3619,0.43687785301282483,0.047587560051488835,0,-1.2272458334022025,8.295173410094993,47.23770951818716,0.17820486122504064,0.1587450483352191,,,
sample,1779736507.7767007,35.43689274787903,1.3619,0.3535323177563077,0.03784638040767218,0,-1.1963748565395702,8.234366372795172,47.30590418804951,0.14054263060191263,0.12621486834023157,,,
sample,1779736507.8279734,35.48816537857056,1.3619,0.8062825276747129,0.020987629186390546,0,-1.1417466565616123,8.136960159074999,47.41758324026671,0.078723941894905,0.06996903759038826,,,
sample,1779736507.8754845,35.5356764793396,1.3619,0.0,0.020987629186390546,0,-1.1417466565616123,8.136960159074999,47.41758324026671,0.078723941894905,0.06996903759038826,,,
sample,1779736507.9301772,35.59036922454834,1.3619,0.7332328895108065,0.011088901566023891,0,-1.062730858687713,8.008434694876179,47.56845501118881,0.04102221989934246,0.0369645203310303,,,
sample,1779736507.975264,35.63545608520508,1.3619,0.0,0.011088901566023891,0,-1.062730858687713,8.008434694876179,47.56845501118881,0.04102221989934246,0.0369645203310303,,,
sample,1779736508.02558,35.68577194213867,1.3619,0.0,0.011088901566023891,0,-1.062730858687713,8.008434694876179,47.56845501118881,0.04102221989934246,0.0369645203310303,,,
sample,1779736508.0759768,35.73616886138916,1.3619,0.6180626144658076,0.00830382139687861,0,-0.9853820439970934,7.856141008227096,47.73926545035226,0.031126147911604604,0.02768004087062279,,,
sample,1779736508.1262112,35.7864031791687,1.3619,0.7337652404182596,0.004320461258761776,0,-0.938872204802893,7.790886698421783,47.819398402937566,0.016011385634885945,0.01440162713809204,,,
sample,1779736508.1771765,35.83736848831177,1.3619,0.0,0.001234161145659683,0,-0.938872204802893,7.790886698421783,47.819398402937566,0.004506897219416404,0.004113872574219279,,,
sample,1779736508.2281363,35.888328313827515,1.442,0.24649153761065387,0.00033451811877446163,0,-0.8533724666774765,7.674061733663015,47.964168142905564,0.0012859584950424285,0.0011150604375075087,,,
sample,1779736508.27547,35.935662031173706,1.442,0.0,0.00033451811877446163,0,-0.8533724666774765,7.674061733663015,47.964168142905564,0.0012859584950424285,0.0011150604375075087,,,
sample,1779736508.3276603,35.987852334976196,1.3619,0.3117796929659008,-0.001806699391610909,0,-0.7693566898298392,7.563098948813765,48.103349285237464,-0.006610230660043129,-0.006022337858001308,,,
sample,1779736508.3756783,36.03587031364441,1.3619,0.0,-0.001806699391610909,0,-0.7693566898298392,7.563098948813765,48.103349285237464,-0.006610230660043129,-0.006022337858001308,,,
sample,1779736508.4274979,36.0876898765564,1.442,0.11158046622526417,-9.406813037074173e-05,0,-0.6785790492752932,7.444635071909538,48.25259495571346,-0.00035223768995658154,-0.00031356043549401845,,,
sample,1779736508.4748828,36.135074853897095,1.442,0.0,-9.406813037074173e-05,0,-0.6785790492752932,7.444635071909538,48.25259495571346,-0.00035223768995658154,-0.00031356043549401845,,,
sample,1779736508.523211,36.18340301513672,1.3619,0.18748570482236696,-0.0026693584580252372,0,-0.6170484338731046,7.366225044618169,48.35226515693532,-0.009933143337369565,-0.008897882660639728,,,
sample,1779736508.5732763,36.23346829414368,1.3619,0.0,-0.0026693584580252372,0,-0.6170484338731046,7.366225044618169,48.35226515693532,-0.009933143337369565,-0.008897882660639728,,,
sample,1779736508.6235256,36.2837176322937,1.442,-0.3555854779227671,0.012809098175318024,0,-0.5717731507236445,7.196038623926961,48.52837100309594,0.049020223952121224,0.04269932921222872,,,
sample,1779736508.6726978,36.332889795303345,1.442,0.0,0.012809098175318024,0,-0.5717731507236445,7.196038623926961,48.52837100309594,0.049020223952121224,0.04269932921222872,,,
sample,1779736508.7230828,36.38327479362488,1.3619,0.15213068199839277,0.013380274110706143,0,-0.4976806064221334,7.086259250871874,48.66081425837699,0.05007124245577265,0.04460357555263463,,,
sample,1779736508.7724352,36.43262720108032,1.3619,0.0,0.013380274110706143,0,-0.4976806064221334,7.086259250871874,48.66081425837699,0.05007124245577265,0.04460357555263463,,,
sample,1779736508.8237658,36.48395776748657,1.442,0.026998380640693365,0.015510329417473491,0,-0.40903381198926336,6.970634517006786,48.806510288674986,0.0592494118261481,0.05170524437378223,,,
sample,1779736508.8723872,36.53257918357849,1.442,0.0,0.015510329417473491,0,-0.40903381198926336,6.970634517006786,48.806510288674986,0.0592494118261481,0.05170524437378223,,,
sample,1779736508.923393,36.583585023880005,1.3619,0.0072848886829596235,0.017295260039769694,0,-0.3269048726425693,6.8635936159703865,48.94142847563619,0.0641179789022724,0.05765661577854307,,,
sample,1779736508.9727411,36.632933139801025,1.3619,0.0,0.017280311117679546,0,-0.3269048726425693,6.8635936159703865,48.94142847563619,0.06463228520145316,0.05760677114278248,,,
sample,1779736509.0252354,36.68542742729187,1.442,0.3489317763750064,0.014475193699761475,0,-0.23760296350127386,6.751515832555858,49.08473325752219,0.05518400098744123,0.04825401595409825,,,
sample,1779736509.0732276,36.73341965675354,1.442,0.0,0.014475193699761475,0,-0.23760296350127386,6.751515832555858,49.08473325752219,0.05518400098744123,0.04825401595409825,,,
sample,1779736509.1242063,36.784398317337036,1.3619,-0.04990118374832786,0.02040942014947142,0,-0.1801147598767351,6.630674773457679,49.218551997315785,0.07598608267415391,0.0680408481060471,,,
sample,1779736509.1740074,36.83419942855835,1.3619,0.0,0.02040942014947142,0,-0.1801147598767351,6.630674773457679,49.218551997315785,0.07598608267415391,0.0680408481060471,,,
sample,1779736509.2232897,36.88348174095154,1.3619,0.17338187263472982,0.024492864897968113,0,-0.08676173074574489,6.514944455303179,49.367240579890485,0.09014110315655928,0.08165921277863249,,,
sample,1779736509.2727654,36.93295741081238,1.3619,0.0,0.024492864897968113,0,-0.08676173074574489,6.514944455303179,49.367240579890485,0.09014110315655928,0.08165921277863249,,,
sample,1779736509.322631,36.98282289505005,1.3619,0.0,0.024492864897968113,0,-0.08676173074574489,6.514944455303179,49.367240579890485,0.09014110315655928,0.08165921277863249,,,
sample,1779736509.3741486,37.034340620040894,1.442,0.09987706461859382,0.048117100516397594,0,0.03832520613423829,6.3614958828872465,49.565213320828484,0.18508025105971163,0.1605142313242799,,,
sample,1779736509.4229674,37.08315944671631,1.2818,0.3388210043808721,0.048450230575044655,0,0.10109163426732415,6.287047182643234,49.66259008124188,0.17586413283693433,0.16162725765968322,,,
sample,1779736509.4726868,37.13287878036499,1.2818,0.0,0.048450230575044655,0,0.10109163426732415,6.287047182643234,49.66259008124188,0.17586413283693433,0.16162725765968322,,,
sample,1779736509.5260713,37.1862633228302,1.442,0.3968712230676778,0.05969362443072122,0,0.17814714817869914,6.199483489998312,49.77923035084788,0.17586413283693433,0.16162725765968322,,,
sample,1779736509.5740328,37.234224796295166,1.442,0.0,0.05969362443072122,0,0.17814714817869914,6.199483489998312,49.77923035084788,0.23166954753827015,0.1992154276894174,,,
sample,1779736509.6234002,37.283592224121094,1.2818,0.7635942381754197,0.0557171672429057,0,0.25366700391818087,6.1158495656715335,49.891915229643615,0.2050744075577723,0.18591631701153327,,,
sample,1779736509.6725676,37.332759618759155,1.2818,0.0,0.0557171672429057,0,0.25366700391818087,6.1158495656715335,49.891915229643615,0.2050744075577723,0.18591631701153327,,,
sample,1779736509.724545,37.38473701477051,1.442,0.44668108068488654,0.06865008367869871,0,0.3525226854640947,6.01662274931063,50.03198095299886,0.2664793867587801,0.2291937761765697,,,
sample,1779736509.7727637,37.432955741882324,1.442,0.019891059493116512,0.06840959426807436,0,0.3566064737228942,6.012523629247162,50.03776715311962,0.2661760513157642,0.22838836825294298,,,
sample,1779736509.824554,37.48474597930908,1.3619,0.3720734982237454,0.07493773357031576,0,0.467533256782383,5.905390627313513,50.191982039895315,0.2857205360931016,0.25026108141731546,,,
sample,1779736509.8734694,37.53366136550903,1.3619,0.0,0.07493773357031576,0,0.467533256782383,5.905390627313513,50.191982039895315,0.2857205360931016,0.25026108141731546,,,
sample,1779736509.9260452,37.58623719215393,1.3619,0.40218688539301006,0.0815180085002656,0,0.5539448997755824,5.825395711492396,50.309736694164314,0.30869215384596527,0.27233019063809644,,,
sample,1779736509.9731753,37.63336730003357,1.3619,0.0,0.0815180085002656,0,0.5539448997755824,5.825395711492396,50.309736694164314,0.30869215384596527,0.27233019063809644,,,
sample,1779736510.023496,37.683687925338745,1.3619,0.4150477527487378,0.08787101720879639,0,0.6561774214546737,5.734645100559361,50.44643768857761,0.3326998992513635,0.29365959284509235,,,
sample,1779736510.0744824,37.73467445373535,1.3619,0.0,0.08787101720879639,0,0.6561774214546737,5.734645100559361,50.44643768857761,0.3326998992513635,0.29365959284509235,,,
sample,1779736510.124062,37.78425407409668,1.3619,0.3680927721959404,0.09465126597374308,0,0.758764336612142,5.647085005033931,50.58131113107074,0.3576184292392628,0.3164497948386176,,,
sample,1779736510.1744971,37.834689140319824,1.3619,0.013421466869882442,0.09476089430515994,0,0.7632120107709804,5.640139270953496,50.58955885968772,0.3591258151727781,0.31681851991888954,,,
sample,1779736510.223239,37.88343095779419,1.3619,0.49995179221058356,0.09990306681642279,0,0.8318676265887806,5.541412732468453,50.709810774369195,0.380033647111834,0.33412254674312664,,,
sample,1779736510.2729113,37.93310332298279,1.3619,0.0,0.09990306681642279,0,0.8318676265887806,5.541412732468453,50.709810774369195,0.380033647111834,0.33412254674312664,,,
sample,1779736510.324267,37.984458923339844,1.3619,0.5206857110278399,0.10194867318473762,0,0.9285310905271509,5.449884816229698,50.84293171453855,0.3923272616689191,0.3410111668680346,,,
sample,1779736510.3732393,38.0334312915802,1.3619,0.0,0.10194867318473762,0,0.9285310905271509,5.449884816229698,50.84293171453855,0.3923272616689191,0.3410111668680346,,,
sample,1779736510.425771,38.085963010787964,1.3619,0.8406275409032284,0.10112296298736731,0,1.0425196753543926,5.369914309772421,50.98217495270095,0.38615713174911603,0.3382302276167087,,,
sample,1779736510.4727137,38.13290572166443,1.3619,0.0,0.10112296298736731,0,1.0425196753543926,5.369914309772421,50.98217495270095,0.38615713174911603,0.3382302276167087,,,
sample,1779736510.5247543,38.18494629859924,1.3619,0.7697190087248421,0.10059362800029617,0,1.1610103237470653,5.29417819138164,51.122802095832775,0.3813419418963506,0.33644770650750777,,,
sample,1779736510.5733626,38.23355460166931,1.3619,0.061567130292076194,0.0998473903526319,0,1.169862888917808,5.2885198636323345,51.13330850259345,0.38004745967100595,0.33393509489578094,,,
sample,1779736510.6316507,38.2918426990509,1.2818,0.8531097058297658,0.09491471041926569,0,1.2769567668305335,5.227344017109884,51.25664374850525,0.352583855559842,0.3173358796072993,,,
sample,1779736510.6724758,38.3326678276062,1.2818,0.0,0.09491471041926569,0,1.2769567668305335,5.227344017109884,51.25664374850525,0.352583855559842,0.3173358796072993,,,
sample,1779736510.725336,38.38552808761597,1.3619,1.2118410368730739,0.08661659000424266,0,1.3988437234916358,5.1501898115021145,51.40089769696792,0.32750895926148915,0.2894461792352559,,,
sample,1779736510.77432,38.43451189994812,1.3619,0.0,0.08661659000424266,0,1.3988437234916358,5.1501898115021145,51.40089769696792,0.32750895926148915,0.2894461792352559,,,
sample,1779736510.824509,38.48470091819763,1.3619,0.8010844276841109,0.08471752202020458,0,1.5291533288192216,5.092817814062456,51.54327796010452,0.3184131673991428,0.2830692658737601,,,
sample,1779736510.8746102,38.534802198410034,1.3619,0.0,0.08343864899418024,0,1.5291533288192216,5.092817814062456,51.54327796010452,0.3131663884606434,0.2787760775575213,,,
sample,1779736510.923672,38.583863973617554,1.3619,0.9521761721421972,0.07558794093347089,0,1.643106264239849,5.048878858167668,51.665408641491716,0.28500868428749343,0.25244076287095585,,,
sample,1779736510.973444,38.63363599777222,1.3619,0.0,0.07558794093347089,0,1.643106264239849,5.048878858167668,51.665408641491716,0.28500868428749343,0.25244076287095585,,,
sample,1779736511.0235739,38.68376588821411,1.3619,1.0115636285482463,0.0679585464770328,0,1.7994878854782868,4.997521781552902,51.83000742878851,0.25662083009949194,0.2268778640301214,,,
sample,1779736511.0724814,38.73267340660095,1.3619,0.0,0.0679585464770328,0,1.7994878854782868,4.997521781552902,51.83000742878851,0.25662083009949194,0.2268778640301214,,,
sample,1779736511.1232393,38.7834312915802,1.2818,0.8714240046357935,0.061049336895544454,0,1.8959860325572666,4.970494863284471,51.93021893861032,0.22326398861088298,0.20375098066600525,,,
sample,1779736511.179685,38.839877128601074,1.2818,0.0,0.061049336895544454,0,1.8959860325572666,4.970494863284471,51.93021893861032,0.22326398861088298,0.20375098066600525,,,
sample,1779736511.2245147,38.88470673561096,1.3619,0.8116426943190906,0.055173385096553625,0,2.0272711006880324,4.927562022839975,52.06834568440103,0.20768570745748188,0.1840981260935495,,,
sample,1779736511.2726903,38.93288230895996,1.3619,0.0,0.05554927140222431,0,2.0272711006880324,4.927562022839975,52.06834568440103,0.20711307451481578,0.1853549284713175,,,
sample,1779736511.3239489,38.98414087295532,1.3619,0.8440698480698567,0.051756332763947595,0,2.14523877801622,4.857693289415785,52.20545152966121,0.19439169942891263,0.17267531958216237,,,
sample,1779736511.3724046,39.032596588134766,1.3619,0.0,0.051756332763947595,0,2.14523877801622,4.857693289415785,52.20545152966121,0.19439169942891263,0.17267531958216237,,,
sample,1779736511.4240575,39.08424949645996,1.3619,0.790687717344453,0.04420834828606893,0,2.273214886196353,4.833502288918607,52.335693952742126,0.16409781579191193,0.14745723586747558,,,
sample,1779736511.47247,39.13266205787659,1.3619,0.0,0.04420834828606893,0,2.273214886196353,4.833502288918607,52.335693952742126,0.16409781579191193,0.14745723586747558,,,
sample,1779736511.524405,39.18459701538086,1.3619,0.44884788433988765,0.0395009494930785,0,2.4068334157678537,4.816131673945501,52.47043685500193,0.14864999107303126,0.1317383569898003,,,
sample,1779736511.5730712,39.23326325416565,1.3619,0.0,0.0395009494930785,0,2.4068334157678537,4.816131673945501,52.47043685500193,0.14864999107303126,0.1317383569898003,,,
sample,1779736511.624429,39.28462100028992,1.3619,0.28130380517034304,0.03828930417969253,0,2.541828436520473,4.800561783839033,52.606326799832026,0.14182618812726516,0.12769342256560748,,,
sample,1779736511.6736774,39.33386945724487,1.3619,0.0,0.03771781229234497,0,2.541828436520473,4.800561783839033,52.606326799832026,0.14092195093037502,0.12578569560825853,,,
sample,1779736511.7267146,39.38690662384033,1.3619,0.3897876481023107,0.03388241361503454,0,2.676171303632369,4.78787506239537,52.74126737506732,0.12560947314318352,0.11298461814952619,,,
sample,1779736511.774257,39.43444895744324,1.3619,0.0,0.03388241361503454,0,2.676171303632369,4.78787506239537,52.74126737506732,0.12560947314318352,0.11298461814952619,,,
sample,1779736511.8233511,39.483543157577515,1.3619,-0.02470500722565351,0.03940785195467313,0,2.770187681133451,4.744179226857755,52.84494189113447,0.14575214411168497,0.1314275482922742,,,
sample,1779736511.8725166,39.53270864486694,1.3619,0.0,0.03940785195467313,0,2.770187681133451,4.744179226857755,52.84494189113447,0.14575214411168497,0.1314275482922742,,,
sample,1779736511.9233427,39.583534717559814,1.3619,0.4662264453930039,0.0401939029791589,0,2.9271605877747886,4.732909270434992,53.002318844139666,0.14888323406609622,0.1340518735342044,,,
sample,1779736511.9725692,39.63276124000549,1.3619,0.0,0.0401939029791589,0,2.9271605877747886,4.732909270434992,53.002318844139666,0.14888323406609622,0.1340518735342044,,,
sample,1779736512.0244696,39.684661626815796,1.3619,0.47292512408918597,0.040029089912621184,0,3.0321285244399263,4.728223679696772,53.10739130717496,0.1482726370404883,0.13350161178539088,,,
sample,1779736512.0726814,39.73287343978882,1.3619,0.052246201477187754,0.039354635319554195,0,3.042900661321286,4.727742829768634,53.11817417087827,0.14643955942053957,0.13124988411467706,,,
sample,1779736512.1244965,39.7846884727478,1.3619,0.5629884692156396,0.03773525581984049,0,3.187886950640271,4.725504436905584,53.26317773805197,0.13969747421192236,0.12584392353590765,,,
sample,1779736512.1725883,39.83278036117554,1.3619,0.0,0.03773525581984049,0,3.187886950640271,4.725504436905584,53.26317773805197,0.13969747421192236,0.12584392353590765,,,
sample,1779736512.2274816,39.8876736164093,1.2818,0.5351305944267343,0.03129724002703343,0,3.306589915572938,4.727158982612752,53.381892233398176,0.11341004981651404,0.10435820920347869,,,
sample,1779736512.2723353,39.93252730369568,1.2818,0.0,0.03129724002703343,0,3.306589915572938,4.727158982612752,53.381892233398176,0.11341004981651404,0.10435820920347869,,,
sample,1779736512.323528,39.98372006416321,1.442,0.8655339373022626,0.031031017183589818,0,3.442882134131089,4.724538998307317,53.518209631984206,0.11954311697140789,0.10346993730707153,,,
sample,1779736512.3732028,40.0333948135376,1.442,0.0,0.03367465646905171,0,3.442882134131089,4.724538998307317,53.518209631984206,0.1271056633662826,0.11229130356328937,,,
sample,1779736512.4243493,40.08454132080078,1.3619,0.5261256339777826,0.02741253226417438,0,3.5763348851259003,4.735930876457436,53.652147720800905,0.1020323557778344,0.09139800227680897,,,
sample,1779736512.47312,40.13331198692322,1.3619,0.0,0.02741253226417438,0,3.5763348851259003,4.735930876457436,53.652147720800905,0.1020323557778344,0.09139800227680897,,,
sample,1779736512.5235903,40.18378233909607,1.3619,0.37776058000928103,0.0263351989900435,0,3.715586084332188,4.750496678764586,53.7921586456505,0.09726252414519486,0.08780429624847526,,,
sample,1779736512.5730875,40.23327946662903,1.3619,0.0,0.0263351989900435,0,3.715586084332188,4.750496678764586,53.7921586456505,0.09726252414519486,0.08780429624847526,,,
sample,1779736512.6232316,40.28342366218567,1.3619,0.43685907839170485,0.024791369932647453,0,3.85376787806053,4.768018262690612,53.931446886436504,0.09278079642481118,0.08265483402095632,,,
sample,1779736512.6727107,40.332902669906616,1.3619,0.0,0.024791369932647453,0,3.85376787806053,4.768018262690612,53.931446886436504,0.09278079642481118,0.08265483402095632,,,
sample,1779736512.72592,40.38611197471619,1.3619,0.5337335135733887,0.022907878772656,0,3.984307501781933,4.7883523254144365,54.0635607292698,0.08548691387531682,0.07637295581142292,,,
sample,1779736512.7743378,40.43452978134155,1.3619,0.0,0.0261611486697154,0,3.984307501781933,4.7883523254144365,54.0635607292698,0.09632672400921742,0.08722372861270536,,,
sample,1779736512.825356,40.48554801940918,1.3619,0.0,0.0301772068006629,0,4.116184049398202,4.8088946398059145,54.1970276183912,0.11231975557256123,0.10062123522921722,,,
sample,1779736512.8737292,40.533921241760254,1.3619,0.0,0.0301772068006629,0,4.116184049398202,4.8088946398059145,54.1970276183912,0.11231975557256123,0.10062123522921722,,,
sample,1779736512.9240463,40.58423829078674,1.3619,0.869158318950107,0.023949281973350455,0,4.249759412443812,4.81819472652119,54.33092634588956,0.08989589694568435,0.079846206240719,,,
sample,1779736512.9728787,40.63307070732117,1.3619,0.0,0.023949281973350455,0,4.249759412443812,4.81819472652119,54.33092634588956,0.08989589694568435,0.079846206240719,,,
sample,1779736513.0272722,40.687464237213135,1.3619,0.4129696157825183,0.019860715376603985,0,4.378781388814927,4.847144617732739,54.46315632202156,0.07365890812954423,0.06621109042868545,,,
sample,1779736513.0754232,40.735615253448486,1.3619,0.0,0.019860715376603985,0,4.378781388814927,4.847144617732739,54.46315632202156,0.07365890812954423,0.06621109042868545,,,
sample,1779736513.126788,40.78697991371155,1.3619,0.5168915966467409,0.01714843989406804,0,4.522063919435091,4.883314851649141,54.61093375400116,0.06369832763579991,0.05716707011095946,,,
sample,1779736513.1763048,40.83649682998657,1.3619,0.0,0.014099798439056612,0,4.522063919435091,4.883314851649141,54.61093375400116,0.05202740166011345,0.04700244293431103,,,
sample,1779736513.2302904,40.8904824256897,1.442,0.37973814451644217,0.014520239921554632,0,4.649392317111469,4.918249086778627,54.74296754376316,0.05528188812168448,0.04840420159114277,,,
sample,1779736513.2757568,40.935948848724365,1.442,0.0,0.014520239921554632,0,4.649392317111469,4.918249086778627,54.74296754376316,0.05528188812168448,0.04840420159114277,,,
sample,1779736513.329584,40.98977589607239,1.3619,0.3594047808183476,0.01223764905934485,0,4.778150958544197,4.956268789076973,54.87722209864476,0.04479621612903101,0.04079419999868671,,,
sample,1779736513.373723,41.0339150428772,1.3619,0.0,0.01223764905934485,0,4.778150958544197,4.956268789076973,54.87722209864476,0.04479621612903101,0.04079419999868671,,,
sample,1779736513.4239123,41.08410429954529,1.3619,0.0,0.01223764905934485,0,4.778150958544197,4.956268789076973,54.87722209864476,0.04479621612903101,0.04079419999868671,,,
sample,1779736513.4770947,41.13728666305542,1.3619,0.0,0.01223764905934485,0,4.778150958544197,4.956268789076973,54.87722209864476,0.04479621612903101,0.04079419999868671,,,
sample,1779736513.523931,41.184123039245605,1.3619,0.5663846646106975,0.008583084252752725,0,5.042907329582732,5.033851849020326,55.153111691046625,0.03176955192662834,0.02861098343000346,,,
sample,1779736513.5743246,41.234516620635986,1.3619,0.0,0.00804996950282768,0,5.042907329582732,5.033851849020326,55.153111691046625,0.02954373916746354,0.02683381130689026,,,
sample,1779736513.623796,41.2839879989624,1.3619,0.38277165462377366,0.005097011890093885,0,5.157694078991939,5.06920584357016,55.27321957076549,0.01877701387412707,0.01699018676625789,,,
sample,1779736513.672689,41.33288097381592,1.3619,0.0,0.005097011890093885,0,5.157694078991939,5.06920584357016,55.27321957076549,0.01877701387412707,0.01699018676625789,,,
sample,1779736513.7239928,41.38418483734131,1.3619,0.37515921108693256,-0.0005632391583077194,0,5.313795623617514,5.125372745449848,55.43911837456242,-0.0020819055738472603,-0.0018774640595602694,,,
sample,1779736513.77225,41.43244194984436,1.3619,0.0,-0.0005632391583077194,0,5.313795623617514,5.125372745449848,55.43911837456242,-0.0020819055738472603,-0.0018774640595602694,,,
sample,1779736513.8239813,41.48417329788208,1.3619,0.296394121260813,0.0011206409354109874,0,5.424932907937212,5.1681165336155175,55.55819199629582,0.004115709126042611,0.0037354713484166868,,,
sample,1779736513.8725352,41.53272724151611,1.3619,0.0,-0.0034384121286889675,0,5.424932907937212,5.1681165336155175,55.55819199629582,-0.012754113594117256,-0.011461418930553847,,,
sample,1779736513.9239976,41.584189653396606,1.3619,0.13447591700031924,-0.00010573462726038838,0,5.532337174506757,5.173765226571211,55.66574470062932,-0.0003906702315742822,-0.00035244875884806495,,,
sample,1779736513.9731565,41.63334846496582,1.3619,0.012343891224242691,-0.00026996756630634825,0,5.5369844199314215,5.175592846207325,55.67073840502299,-0.0009996608205026195,-0.000899891909549948,,,
sample,1779736514.0233378,41.6835298538208,1.442,0.19850037944321272,-0.0008328527508849511,0,5.670574240796661,5.229672232437901,55.81485925796899,-0.0031315675413915453,-0.002776176478175646,,,
sample,1779736514.0731285,41.733320474624634,1.442,0.0,-0.0008328527508849511,0,5.670574240796661,5.229672232437901,55.81485925796899,-0.0031315675413915453,-0.002776176478175646,,,
sample,1779736514.122758,41.782949924468994,1.442,0.05391092001050674,-0.000585408625218823,0,5.802389274702287,5.283444077657662,55.95722011811629,-0.0022303317209897743,-0.0019513623069754894,,,
sample,1779736514.1732204,41.833412408828735,1.442,0.0,-0.000585408625218823,0,5.802389274702287,5.283444077657662,55.95722011811629,-0.0022303317209897743,-0.0019513623069754894,,,
sample,1779736514.2231271,41.88331913948059,1.3619,0.12131582523398127,-0.004601217470962815,0,5.880685619171939,5.316417888403295,56.042176517241955,-0.01697026903704694,-0.015337499807798794,,,
sample,1779736514.2729318,41.93312382698059,1.3619,0.10472504557394385,-0.002863202662761439,0,5.948136198816807,5.344824101528039,56.11536458757119,-0.010597329050122214,-0.009544034956327586,,,
sample,1779736514.3230855,41.983277559280396,1.3619,-0.07676971876330413,-0.006367328200258447,0,6.048505629239943,5.386639538774875,56.22409615316099,-0.02373324063582299,-0.021224714171901346,,,
sample,1779736514.3731265,42.033318519592285,1.3619,0.0,-0.006367328200258447,0,6.048505629239943,5.386639538774875,56.22409615316099,-0.02373324063582299,-0.021224714171901346,,,
sample,1779736514.4259803,42.086172342300415,1.442,0.13976935521267783,-0.00640180972155562,0,6.1852714948070595,5.444807667790484,56.37271793224299,-0.0242715130637645,-0.02133965726156606,,,
sample,1779736514.4729042,42.13309621810913,1.442,0.0,-0.00640180972155562,0,6.1852714948070595,5.444807667790484,56.37271793224299,-0.0242715130637645,-0.02133965726156606,,,
sample,1779736514.5241928,42.18438482284546,1.3619,-0.3599460282358971,0.004017305203672441,0,6.29944860084689,5.469360331439528,56.489505109775,0.014813851353268214,0.013391089384093854,,,
sample,1779736514.5725412,42.23273324966431,1.3619,0.0,0.004017305203672441,0,6.29944860084689,5.469360331439528,56.489505109775,0.014813851353268214,0.013391089384093854,,,
sample,1779736514.623456,42.2836480140686,1.3619,0.06542001970753489,0.004521053682712027,0,6.457538841349411,5.533791184855437,56.660220835512405,0.016562496761665425,0.015070281620995739,,,
sample,1779736514.6726303,42.33282232284546,1.3619,0.0,0.0018957451901698951,0,6.457538841349411,5.533791184855437,56.660220835512405,0.00703027593016982,0.006319158203936669,,,
sample,1779736514.724272,42.38446402549744,1.442,0.14722832016476253,0.0037508087864126702,0,6.557186857363642,5.575289719858681,56.7681645963464,0.014180867304748985,0.01250275458670889,,,
sample,1779736514.77373,42.43392205238342,1.442,0.0,0.0037508087864126702,0,6.557186857363642,5.575289719858681,56.7681645963464,0.014180867304748985,0.01250275458670889,,,
sample,1779736514.8230677,42.48325967788696,1.3619,0.17914365059953433,-0.0008353027039610255,0,6.687624197818323,5.630968357079005,56.909988467495104,-0.00313426050203148,-0.0027843429941105586,,,
sample,1779736514.8740368,42.534228801727295,1.3619,0.0,-0.0008353027039610255,0,6.687624197818323,5.630968357079005,56.909988467495104,-0.00313426050203148,-0.0027843429941105586,,,
sample,1779736514.925422,42.58561396598816,1.442,0.277600167332544,-0.0032590736446708618,0,6.832481610800743,5.695260325284715,57.068472306645106,-0.012486984436511271,-0.010863617278454724,,,
sample,1779736514.9733365,42.63352847099304,1.442,0.0,-0.0032590736446708618,0,6.832481610800743,5.695260325284715,57.068472306645106,-0.012486984436511271,-0.010863617278454724,,,
sample,1779736515.0227814,42.68297338485718,1.3619,0.3435040047850779,-0.007003200534039406,0,6.915986167909962,5.731072376292974,57.15933216607392,-0.026198320111236222,-0.023344383421722428,,,
sample,1779736515.0737498,42.73394179344177,1.3619,0.0,-0.010249210698352435,0,6.915986167909962,5.731072376292974,57.15933216607392,-0.03813164269162006,-0.03416523198018254,,,
sample,1779736515.1233244,42.78351640701294,1.442,0.1228823712202223,-0.00834073620654792,0,7.04429338610559,5.791600308829214,57.30119961427192,-0.03209241950952071,-0.027803098759033643,,,
sample,1779736515.172603,42.83279490470886,1.442,0.0,-0.00834073620654792,0,7.04429338610559,5.791600308829214,57.30119961427192,-0.03209241950952071,-0.027803098759033643,,,
sample,1779736515.2244508,42.88464283943176,1.3619,-0.03468579472172666,-0.007944468130919449,0,7.170133789669363,5.8506881021156225,57.44022182287382,-0.029448794767237548,-0.02648211757459782,,,
sample,1779736515.2730157,42.933207750320435,1.3619,0.0,-0.007944468130919449,0,7.170133789669363,5.8506881021156225,57.44022182287382,-0.029448794767237548,-0.02648211757459782,,,
sample,1779736515.3242874,42.98447942733765,1.3619,-0.008806930731504391,-0.009999608930729612,0,7.317613821294982,5.919855426053934,57.60311589406452,-0.03715582690520083,-0.03333314079429605,,,
sample,1779736515.372956,43.03314805030823,1.3619,0.0,-0.009999608930729612,0,7.317613821294982,5.919855426053934,57.60311589406452,-0.03715582690520083,-0.03333314079429605,,,
sample,1779736515.4268427,43.087034702301025,1.3619,0.04055592987541128,-0.010291810567889007,0,7.392665362225907,5.955321902752072,57.686125560763564,-0.037767020498675356,-0.03430724652497464,,,
sample,1779736515.473045,43.13323712348938,1.3619,0.01589799532524067,-0.010491862141745394,0,7.417890360683229,5.96724226852871,57.71402530390612,-0.03897280121463769,-0.03497415712397901,,,
sample,1779736515.52373,43.18392205238342,1.3619,0.0,-0.010198742632872113,0,7.537162415548378,6.023605662299761,57.845944427725016,-0.038222758480660576,-0.033996987509281304,,,
sample,1779736515.5731819,43.23337388038635,1.3619,0.0,-0.010198742632872113,0,7.537162415548378,6.023605662299761,57.845944427725016,-0.038222758480660576,-0.033996987509281304,,,
sample,1779736515.6235292,43.28372120857239,1.442,-0.2511008025959163,-0.0027925733922940445,0,7.685773637035048,6.063883791561632,57.99991722677925,-0.010655714413100049,-0.033996987509281304,,,
sample,1779736515.674272,43.33446407318115,1.442,0.0,-0.0027925733922940445,0,7.685773637035048,6.063883791561632,57.99991722677925,-0.010655714413100049,-0.009308602171932382,,,
sample,1779736515.7246554,43.38484740257263,1.3619,-0.042284950810002435,-0.002933277834053519,0,7.827390424454066,6.128264754702517,58.15548143504655,-0.010655714413100049,-0.009777620822798368,,,
sample,1779736515.773246,43.43343806266785,1.3619,0.0,-0.007237163592265989,0,7.827390424454066,6.128264754702517,58.15548143504655,-0.027033737281028657,-0.02412429982478366,,,
sample,1779736515.823105,43.48329710960388,1.3619,0.025071582745082588,-0.004651218674704371,0,7.8937832515974335,6.158576679640126,58.228466503995705,-0.017428981065377082,-0.015504174054091083,,,
sample,1779736515.8735633,43.5337553024292,1.3619,0.007070114834721588,-0.007200189331571213,0,7.912730824991717,6.167227274097222,58.24929540991975,-0.0266858522213577,-0.02400104586655568,,,
sample,1779736515.9249234,43.58511543273926,1.442,0.14039044133694567,-0.005625483273100603,0,8.039821493301806,6.226362127238101,58.38947018948976,-0.02154766206732123,-0.01875180871772011,,,
sample,1779736515.9725745,43.63276648521423,1.442,0.0,-0.005625483273100603,0,8.039821493301806,6.226362127238101,58.38947018948976,-0.02154766206732123,-0.01875180871772011,,,
sample,1779736516.0311844,43.69137644767761,1.3619,0.036677350368018106,-0.006154886447369498,0,8.168310431447024,6.286483933906492,58.531329411476754,-0.022740280266410593,-0.01875180871772011,,,
sample,1779736516.0727386,43.7329306602478,1.3619,0.0,-0.006154886447369498,0,8.168310431447024,6.286483933906492,58.531329411476754,-0.022740280266410593,-0.02051654723212256,,,
sample,1779736516.1234794,43.783671379089355,1.3619,0.16954317345951464,-0.00719667361988423,0,8.278517502119442,6.339553084468012,58.6536483927001,-0.026329542588962373,-0.023989326220327765,,,
sample,1779736516.1730897,43.83328175544739,1.3619,0.0,-0.00828916180370111,0,8.278517502119442,6.339553084468012,58.6536483927001,-0.030770323761078522,-0.027631172196389938,,,
sample,1779736516.2239397,43.88413166999817,1.442,0.27064184881415665,-0.01410176570731591,0,8.385107392793902,6.394663944541069,58.77364260794394,-0.05410938458993819,-0.0470090017992015,,,
sample,1779736516.2724845,43.932676553726196,1.442,0.0,-0.01410176570731591,0,8.385107392793902,6.394663944541069,58.77364260794394,-0.05410938458993819,-0.0470090017992015,,,
sample,1779736516.3233364,43.98352837562561,1.3619,-0.07124675228978747,-0.0137432324901805,0,8.506464422580672,6.454412369992642,58.908910501483426,-0.05071450079446872,-0.04581365937720617,,,
sample,1779736516.3731112,44.03330326080322,1.3619,0.0,-0.0137432324901805,0,8.506464422580672,6.454412369992642,58.908910501483426,-0.05071450079446872,-0.04581365937720617,,,
sample,1779736516.4232974,44.083489418029785,1.3619,-0.15988207654247705,-0.011368665454452032,0,8.629150320959475,6.513429833987825,59.045053406981424,-0.0423966884366268,-0.03789718422240002,,,
sample,1779736516.4732456,44.133437633514404,1.3619,0.0,-0.011368665454452032,0,8.629150320959475,6.513429833987825,59.045053406981424,-0.0423966884366268,-0.03789718422240002,,,
sample,1779736516.524578,44.18477010726929,1.442,-0.44256556131944075,-0.008301315781180195,0,8.760348171277698,6.5729107265128155,59.189104968943425,-0.03183402419932847,-0.027671688242539207,,,
sample,1779736516.5732362,44.23342823982239,1.442,0.0,-0.004069492518002637,0,8.760348171277698,6.5729107265128155,59.189104968943425,-0.015398624129350993,-0.01356504994264593,,,
sample,1779736516.6233428,44.28353476524353,1.442,-0.2076856008369331,-0.0029800072616201216,0,8.891994208993273,6.630950961910555,59.33297764936343,-0.011210630172685006,-0.009933386943044256,,,
sample,1779736516.6727538,44.332945823669434,1.442,0.0,-0.0029800072616201216,0,8.891994208993273,6.630950961910555,59.33297764936343,-0.011210630172685006,-0.009933386943044256,,,
sample,1779736516.7242277,44.384419679641724,1.3619,-0.1578023550129397,-0.0031033615177556797,0,8.994050541697824,6.674052347762495,59.4437622354188,-0.011427728631598737,-0.010344571601555401,,,
sample,1779736516.7725458,44.432737827301025,1.3619,0.0,-0.0031033615177556797,0,8.994050541697824,6.674052347762495,59.4437622354188,-0.011427728631598737,-0.010344571601555401,,,
sample,1779736516.8245463,44.48473834991455,1.442,-0.06411566482779944,0.0016224544977379415,0,9.12904063681402,6.731728959094299,59.5905577301528,0.006193465503281587,0.005408186404555964,,,
sample,1779736516.8724756,44.53266763687134,1.442,0.0,0.0016224544977379415,0,9.12904063681402,6.731728959094299,59.5905577301528,0.006193465503281587,0.005408186404555964,,,
sample,1779736516.924149,44.584341049194336,1.3619,-0.0018978345053102203,-0.0005894284449496534,0,9.228305205303354,6.774127046544914,59.69849777080892,-0.002200700428363888,-0.0019647617107018804,,,
sample,1779736516.9725254,44.63271737098694,1.3619,-0.00048032966718606056,0.002529547673725931,0,9.251825406618154,6.78417304349405,59.72407357821731,0.009280166376563256,0.00843184356312432,,,
sample,1779736517.0253403,44.685532331466675,1.442,0.0,0.006125562080263596,0,9.39018480897715,6.843269397108502,59.874525242321305,0.02333104056466327,0.02041879565634435,,,
sample,1779736517.0730968,44.73328876495361,1.442,0.0,0.006125562080263596,0,9.39018480897715,6.843269397108502,59.874525242321305,0.02333104056466327,0.02041879565634435,,,
sample,1779736517.1239188,44.78411078453064,1.3619,-0.009606651903061385,0.009685142491679453,0,9.515288957024724,6.896631931717372,60.010534830066405,0.0362036868068078,0.032284817771909224,,,
sample,1779736517.1733053,44.833497285842896,1.3619,0.0,0.009685142491679453,0,9.515288957024724,6.896631931717372,60.010534830066405,0.0362036868068078,0.032284817771909224,,,
sample,1779736517.2234254,44.88361740112305,1.442,0.40735821228587693,-0.0007481551622038227,0,9.620587733338384,6.95043949053823,60.12878492807657,-0.002831192968490654,-0.002493851005978945,,,
sample,1779736517.2729926,44.93318462371826,1.442,0.0,-0.0007481551622038227,0,9.620587733338384,6.95043949053823,60.12878492807657,-0.002831192968490654,-0.002493851005978945,,,
sample,1779736517.3230865,44.98327851295471,1.3619,0.07800125059666133,-0.004335062777295906,0,9.714912891126962,6.993554179177543,60.23249660421916,-0.016013926877449968,-0.0144502997781497,,,
sample,1779736517.3729458,45.033137798309326,1.3619,0.024632114447168982,-0.004667490858806866,0,9.744560451800014,7.007105657672801,60.26509446340147,-0.017490930797515868,-0.015558415845325616,,,
sample,1779736517.4249873,45.08517932891846,1.442,0.060041650905762384,-0.0044377061534770085,0,9.87561031356192,7.067502435130545,60.409392200719466,-0.016876926783718944,-0.0147924509487929,,,
sample,1779736517.4726057,45.132797718048096,1.442,0.0,-0.0044377061534770085,0,9.87561031356192,7.067502435130545,60.409392200719466,-0.016876926783718944,-0.0147924509487929,,,
sample,1779736517.5259817,45.18617367744446,1.3619,0.05325532301634836,-0.007934425558850806,0,9.985606633662384,7.118575874484167,60.53066745228817,-0.029688491223335053,-0.026448640224174445,,,
sample,1779736517.5755286,45.23572063446045,1.3619,0.0,-0.007934425558850806,0,9.985606633662384,7.118575874484167,60.53066745228817,-0.029688491223335053,-0.026448640224174445,,,
sample,1779736517.6349819,45.29517388343811,1.3619,0.10800796113973743,-0.011874558635127087,0,10.119862068242204,7.181964418768281,60.67913505569267,-0.04425915549498783,-0.039583722637400634,,,
sample,1779736517.675309,45.335500955581665,1.3619,0.0,-0.011874558635127087,0,10.119862068242204,7.181964418768281,60.67913505569267,-0.04425915549498783,-0.039583722637400634,,,
sample,1779736517.7268405,45.3870325088501,1.442,0.21742711443067234,-0.011902869083475882,0,10.207145120005322,7.229139509748046,60.77835108430716,-0.04504592379456734,-0.03967810413796558,,,
sample,1779736517.7751894,45.4353814125061,1.442,-0.009398518668902742,-0.01178288812090835,0,10.2248603772872,7.237737836055475,60.79804274639679,-0.04496824663049881,-0.03927811149773936,,,
sample,1779736517.8268385,45.48703050613403,1.3619,0.12963035287310137,-0.014150341110061538,0,10.347539785133929,7.298300048126306,60.93485655652039,-0.0519776783794607,-0.04717095212267562,,,
sample,1779736517.8777313,45.53792333602905,1.3619,0.0,-0.014150341110061538,0,10.347539785133929,7.298300048126306,60.93485655652039,-0.0519776783794607,-0.04717095212267562,,,
sample,1779736517.9322045,45.59239649772644,1.442,0.19191623570355837,-0.0614622826597254,0,10.488483003538583,7.369720537568871,61.092862496682386,-0.2360173623136312,-0.2051326444667017,,,
sample,1779736517.9755533,45.63574528694153,1.442,0.0,-0.0614622826597254,0,10.488483003538583,7.369720537568871,61.092862496682386,-0.2360173623136312,-0.2051326444667017,,,
sample,1779736518.026401,45.6865930557251,1.3619,0.26162468218608936,-0.07603826997994247,0,10.597914400622527,7.427015072292456,61.21638534629709,-0.2894768186250056,-0.25395052063041246,,,
sample,1779736518.0755951,45.73578715324402,1.3619,0.0,-0.07603826997994247,0,10.597914400622527,7.427015072292456,61.21638534629709,-0.2894768186250056,-0.25395052063041246,,,
sample,1779736518.1314466,45.79163861274719,1.442,0.01516356270302866,-0.14200198305586137,0,10.714096280942377,7.487979215766774,61.347590742924716,-0.581996746604172,-0.4765473810372803,,,
sample,1779736518.1811316,45.84132361412048,1.442,0.0013398639938323584,-0.15431740985083947,0,10.72322875917192,7.492771303065835,61.35790414485109,-0.6244651999584341,-0.5185138547497485,,,
sample,1779736518.2270784,45.88727045059204,1.3619,-0.07591452363871024,-0.16118935657784247,0,10.84637598399373,7.5568435596735695,61.496722346280585,-0.6568262535167476,-0.5420000898917984,,,
sample,1779736518.2754986,45.9356906414032,1.3619,0.0,-0.16118935657784247,0,10.84637598399373,7.5568435596735695,61.496722346280585,-0.6568262535167476,-0.5420000898917984,,,
sample,1779736518.325215,45.98540711402893,1.442,-0.5302017442914575,-0.18904391622013855,0,10.959461871601478,7.6016228291432615,61.618351294110745,-0.8257373807044018,-0.6377619104898821,,,
sample,1779736518.372546,46.03273797035217,1.442,0.0,-0.18904391622013855,0,10.959461871601478,7.6016228291432615,61.618351294110745,-0.8257373807044018,-0.6377619104898821,,,
sample,1779736518.4259715,46.08616352081299,1.5221,-0.945438196991291,-0.20523480106535721,0,11.104285143649369,7.663344885520018,61.775778713482445,-0.9604013160705301,-0.6938859361413928,,,
sample,1779736518.472573,46.13276505470276,1.5221,0.0,-0.20523480106535721,0,11.104285143649369,7.663344885520018,61.775778713482445,-0.9604013160705301,-0.6938859361413928,,,
sample,1779736518.5240493,46.18424129486084,1.442,-1.591286414021299,-0.20746378750611047,0,11.239498133538522,7.708206771556461,61.91823973079424,-0.9443641514621813,-0.7016414645175024,,,
sample,1779736518.5725403,46.23273229598999,1.442,-0.012490227335081528,-0.212482365289632,0,11.240497891189708,7.708538477954258,61.91929307997445,-0.9614834375060386,-0.7191298731023593,,,
sample,1779736518.6234446,46.28363656997681,1.5221,-1.7412086602682653,-0.20985879112671194,0,11.386427532901024,7.742972274624673,62.06923022241465,-0.9888314677932831,-0.709982749581311,,,
sample,1779736518.6725426,46.33273458480835,1.5221,0.0,-0.20985879112671194,0,11.386427532901024,7.742972274624673,62.06923022241465,-0.9888314677932831,-0.709982749581311,,,
sample,1779736518.728537,46.388729095458984,1.5221,-1.7022425545362667,-0.21141778544786688,0,11.545703104821404,7.76483431383577,62.22999917641085,-0.9916466037053907,-0.715416961447841,,,
sample,1779736518.7728844,46.43307638168335,1.5221,0.0,-0.21141778544786688,0,11.545703104821404,7.76483431383577,62.22999917641085,-0.9916466037053907,-0.715416961447841,,,
sample,1779736518.8229787,46.48317074775696,1.442,-3.392409320754447,-0.18846801510840033,0,11.598886525566193,7.707071453684996,62.30851684483596,-0.822676341677431,-0.6357721864884289,,,
sample,1779736518.8725505,46.532742500305176,1.442,0.0,-0.18846801510840033,0,11.598886525566193,7.707071453684996,62.30851684483596,-0.822676341677431,-0.6357721864884289,,,
sample,1779736518.923659,46.58385109901428,1.5221,-1.9580305002711538,-0.18834043317374535,0,11.754179768278052,7.686199008523483,62.46520650690396,-0.8343064535322766,-0.635331453269788,,,
sample,1779736518.9730191,46.63321113586426,1.5221,0.0,-0.18834043317374535,0,11.754179768278052,7.686199008523483,62.46520650690396,-0.8343064535322766,-0.635331453269788,,,
sample,1779736519.0236604,46.683852434158325,1.5221,-1.994185005439471,-0.1806444220831043,0,11.90419280448004,7.650346710380527,62.61944430484166,-0.8007837796534272,-0.6087845599510514,,,
sample,1779736519.0722754,46.73246741294861,1.5221,0.0,-0.1806444220831043,0,11.90419280448004,7.650346710380527,62.61944430484166,-0.8007837796534272,-0.6087845599510514,,,
sample,1779736519.1245031,46.78469514846802,1.442,-1.9695445762689516,-0.18016022390005174,0,12.041961217319894,7.602006474154862,62.76544743499566,-0.7595656442600116,-0.6071168774915406,,,
sample,1779736519.1726112,46.83280324935913,1.442,0.0,-0.18016022390005174,0,12.041961217319894,7.602006474154862,62.76544743499566,-0.7595656442600116,-0.6071168774915406,,,
sample,1779736519.224346,46.88453793525696,1.5221,-1.7081654591781272,-0.17155660330165065,0,12.17322377583179,7.542467886007646,62.909581756882055,-0.742942698486229,-0.5775324067907328,,,
sample,1779736519.278116,46.938308000564575,1.5221,0.0,-0.16978862393236802,0,12.17322377583179,7.542467886007646,62.909581756882055,-0.7377471738587207,-0.5714640852457101,,,
sample,1779736519.3297029,46.98989486694336,1.442,-1.7256973974464367,-0.1697037397709324,0,12.302855683354547,7.469128843491077,63.05852149840605,-0.7038106101648234,-0.5711728260620104,,,
sample,1779736519.3724093,47.03260135650635,1.442,0.0,-0.1697037397709324,0,12.302855683354547,7.469128843491077,63.05852149840605,-0.7038106101648234,-0.5711728260620104,,,
sample,1779736519.423201,47.08339309692383,1.5221,-1.9206433536939937,-0.1520999843822175,0,12.346578855144077,7.446413255599149,63.10779333300365,-0.6343266896017895,-0.5109461835792037,,,
sample,1779736519.4724662,47.13265824317932,1.5221,0.0,-0.1520999843822175,0,12.346578855144077,7.446413255599149,63.10779333300365,-0.6343266896017895,-0.5109461835792037,,,
sample,1779736519.5229366,47.18312859535217,1.442,-1.624055207580271,-0.14132069553772936,0,12.400194949125602,7.400461647744215,63.17840661644444,-0.5677507666032731,-0.47423023238615863,,,
sample,1779736519.572984,47.2331759929657,1.442,0.0,-0.14132069553772936,0,12.400194949125602,7.400461647744215,63.17840661644444,-0.5677507666032731,-0.47423023238615863,,,
sample,1779736519.6229446,47.28313660621643,1.5221,-1.7483246581195813,-0.12719923458712373,0,12.497965715106826,7.302548043865503,63.316776398207196,-0.526319391104001,-0.42629905488073566,,,
sample,1779736519.6732125,47.333404541015625,1.5221,-0.0876825866160189,-0.12624327894324075,0,12.5028993109588,7.297607240291961,63.32375865486124,-0.5233816874997159,-0.4230608129794495,,,
sample,1779736519.7240353,47.38422727584839,1.442,-1.552283239521044,-0.12125588486229102,0,12.596647426407792,7.187601635630666,63.468292188019234,-0.48216455687936094,-0.40617891834784964,,,
sample,1779736519.7737808,47.43397283554077,1.442,0.0,-0.12125588486229102,0,12.596647426407792,7.187601635630666,63.468292188019234,-0.48216455687936094,-0.40617891834784964,,,
sample,1779736519.8234682,47.48366022109985,1.442,-1.6259792674813989,-0.11206820553597444,0,12.68098773680494,7.070699948683468,63.61244243036724,-0.43948354459791716,-0.37513246652021226,,,
sample,1779736519.8728817,47.53307366371155,1.442,0.0,-0.11206820553597444,0,12.68098773680494,7.070699948683468,63.61244243036724,-0.43948354459791716,-0.37513246652021226,,,
sample,1779736519.924855,47.585047006607056,1.442,-0.8313983061986217,-0.1045369397107189,0,12.729805840008463,6.9921696892580085,63.70490976971373,-0.41473084793825465,-0.34973134620853685,,,
sample,1779736519.9730523,47.63324427604675,1.442,0.0,-0.1045369397107189,0,12.729805840008463,6.9921696892580085,63.70490976971373,-0.41473084793825465,-0.34973134620853685,,,
sample,1779736520.0252495,47.68544149398804,1.442,-1.4732899185482795,-0.1045369397107189,0,12.83066957180192,6.920611644601261,63.8285788691137,-0.41473084793825465,-0.34973134620853685,,,
sample,1779736520.0731287,47.73332071304321,1.442,0.0,-0.09747037051641642,0,12.83066957180192,6.920611644601261,63.8285788691137,-0.3825965587382453,-0.32593406533391767,,,
sample,1779736520.1247962,47.78498816490173,1.5221,-1.3450830070645328,-0.08574067667291771,0,12.89864064280676,6.774791390021852,63.989462718953106,-0.3442960321810459,-0.2865046761394315,,,
sample,1779736520.1724145,47.83260655403137,1.5221,0.0,-0.08574067667291771,0,12.89864064280676,6.774791390021852,63.989462718953106,-0.3442960321810459,-0.2865046761394315,,,
sample,1779736520.2237158,47.88390779495239,1.442,-1.1651692106973408,-0.07895379421707859,0,12.94835782544379,6.648708865580886,64.12499353175511,-0.3046268624275665,-0.2637275415310232,,,
sample,1779736520.2724962,47.93268823623657,1.442,0.0,-0.07895379421707859,0,12.94835782544379,6.648708865580886,64.12499353175511,-0.3046268624275665,-0.2637275415310232,,,
sample,1779736520.3251078,47.985299825668335,1.442,-1.0215352107212647,-0.07070635845852434,0,12.994233697113241,6.511130467528587,64.27001908540711,-0.27069438745969915,-0.23608141366598723,,,
sample,1779736520.3743486,48.03454065322876,1.442,0.0,-0.07070635845852434,0,12.994233697113241,6.511130467528587,64.27001908540711,-0.27069438745969915,-0.23608141366598723,,,
sample,1779736520.423582,48.08377408981323,1.442,-0.9321355240029479,-0.06202714223061773,0,13.03315534134732,6.373691113659752,64.41286330258711,-0.24076485260685557,-0.20702270629096955,,,
sample,1779736520.4740674,48.13425946235657,1.442,0.0,-0.06202714223061773,0,13.03315534134732,6.373691113659752,64.41286330258711,-0.24076485260685557,-0.20702270629096955,,,
sample,1779736520.5230381,48.18323016166687,1.442,-0.3846084570806692,-0.06480421308987844,0,13.098140108457057,6.290916551537345,64.51809945650231,-0.25005414596598474,-0.21631694231634824,,,
sample,1779736520.5731413,48.233333349227905,1.442,0.0,-0.06480421308987844,0,13.098140108457057,6.290916551537345,64.51809945650231,-0.25005414596598474,-0.21631694231634824,,,
sample,1779736520.6230419,48.283233880996704,1.3619,-0.4843252160128351,-0.06507283445329283,0,13.141897970521992,6.1836774153251906,64.63392252341052,-0.24495160035567284,-0.21721613343898669,,,
sample,1779736520.6733203,48.33351230621338,1.3619,0.0,-0.06507283445329283,0,13.141897970521992,6.1836774153251906,64.63392252341052,-0.24495160035567284,-0.21721613343898669,,,
sample,1779736520.723332,48.38352394104004,1.442,-0.42174286023064256,-0.06153393049177709,0,13.17232990057989,6.042198818794041,64.77863705496652,-0.23867114755450586,-0.20537237610034842,,,
sample,1779736520.7726831,48.43287515640259,1.442,0.0,-0.061444914796691265,0,13.17232990057989,6.042198818794041,64.77863705496652,-0.23660217638766717,-0.2050745324032403,,,
sample,1779736520.8255854,48.485777378082275,1.3619,-0.412377664627507,-0.06091734461687629,0,13.198029111197034,5.908611168070726,64.91467421846282,-0.2263167848501895,-0.20330936608765346,,,
sample,1779736520.8743327,48.53452467918396,1.3619,0.0,-0.06091734461687629,0,13.198029111197034,5.908611168070726,64.91467421846282,-0.2263167848501895,-0.20330936608765346,,,
sample,1779736520.925184,48.585376024246216,1.442,-0.49093999843098474,-0.06645074890365282,0,13.222510909243505,5.761667483141265,65.06364335948282,-0.2532508803504233,-0.22182910291079494,,,
sample,1779736520.9723165,48.632508516311646,1.442,0.0,-0.06645074890365282,0,13.222510909243505,5.761667483141265,65.06364335948282,-0.2532508803504233,-0.22182910291079494,,,
sample,1779736521.024721,48.68491291999817,1.442,-0.025675851973091458,-0.07145261044931754,0,13.276758946792974,5.676251175205775,65.16483029163959,-0.27642595862596353,-0.2385815304840771,,,
sample,1779736521.0743396,48.73453164100647,1.442,0.0,-0.07145261044931754,0,13.276758946792974,5.676251175205775,65.16483029163959,-0.27642595862596353,-0.2385815304840771,,,
sample,1779736521.122838,48.78303003311157,1.3619,-0.4312534230579848,-0.07719771418134318,0,13.296077754359022,5.541914536720341,65.30054892987819,-0.2909938500656279,-0.2578381118460447,,,
sample,1779736521.1739304,48.8341224193573,1.3619,0.0,-0.07616366912650917,0,13.296077754359022,5.541914536720341,65.30054892987819,-0.29024503709795185,-0.25437094793431547,,,
sample,1779736521.2258203,48.88601231575012,1.442,-0.41404876312340716,-0.07557139572156421,0,13.313500918795732,5.3990359423868375,65.44448592782419,-0.2938533654091262,-0.25238529592436193,,,
sample,1779736521.2746346,48.934826612472534,1.442,0.0,-0.07557139572156421,0,13.313500918795732,5.3990359423868375,65.44448592782419,-0.2938533654091262,-0.25238529592436193,,,
sample,1779736521.3247554,48.98494744300842,1.3619,-0.2757523054276936,-0.08284318018383047,0,13.328146302619384,5.263355276367465,65.58095471692559,-0.3103809306114355,-0.27677739756819053,,,
sample,1779736521.3728685,49.0330605506897,1.3619,0.0,-0.08284318018383047,0,13.328146302619384,5.263355276367465,65.58095471692559,-0.3103809306114355,-0.27677739756819053,,,
sample,1779736521.4250765,49.08526849746704,1.442,-0.464753718400248,-0.08545339413005561,0,13.34021426151467,5.118747225953629,65.7260654466336,-0.3327584275104274,-0.2855400169861968,,,
sample,1779736521.4724765,49.13266849517822,1.442,0.0,-0.08545339413005561,0,13.34021426151467,5.118747225953629,65.7260654466336,-0.3327584275104274,-0.2855400169861968,,,
sample,1779736521.5246153,49.18480730056763,1.442,-0.24495181699411944,-0.08453218324669051,0,13.360687783469901,5.062053171160326,65.78634297934818,-0.3292124321208726,-0.28244702448923964,,,
sample,1779736521.5726275,49.23281955718994,1.442,-0.07447940620888018,-0.08959468934495472,0,13.362405992904364,5.036413068090284,65.81204058875261,-0.3441277725179992,-0.2994506445039884,,,
sample,1779736521.6247847,49.28497672080994,1.3619,-0.3068018758149459,-0.09019178405234503,0,13.369249661402312,4.9021040669459675,65.94652383524411,-0.34108843693557234,-0.3014571306299474,,,
sample,1779736521.6724818,49.33267378807068,1.3619,0.0,-0.09019178405234503,0,13.369249661402312,4.9021040669459675,65.94652383524411,-0.34108843693557234,-0.3014571306299474,,,
sample,1779736521.7246385,49.384830474853516,1.442,-0.4288606223578248,-0.09769015563084293,0,13.373658740257973,4.74767278882797,66.1010180410821,-0.3827367902921222,-0.32667370281979985,,,
sample,1779736521.7729857,49.43317770957947,1.442,0.0,-0.09769015563084293,0,13.373658740257973,4.74767278882797,66.1010180410821,-0.3827367902921222,-0.32667370281979985,,,
sample,1779736521.8236144,49.48380637168884,1.3619,-0.5349072424656239,-0.10154504716381572,0,13.373881462247562,4.595231639886593,66.2534593527258,-0.392301633473995,-0.33965172172568164,,,
sample,1779736521.8724248,49.53261685371399,1.3619,0.0,-0.10154504716381572,0,13.373881462247562,4.595231639886593,66.2534593527258,-0.392301633473995,-0.33965172172568164,,,
sample,1779736521.9247472,49.5849392414093,1.442,-0.45379374091390784,-0.10804157997303154,0,13.371397274189047,4.483764221234221,66.3649544495298,-0.42079494191357114,-0.3615464711503504,,,
sample,1779736521.9751563,49.635348320007324,1.442,0.0,-0.10749287061612091,0,13.371397274189047,4.483764221234221,66.3649544495298,-0.42036436951464135,-0.3596960324010018,,,
sample,1779736522.0242164,49.68440842628479,1.442,-0.531191518213848,-0.11180686954766618,0,13.364087511061003,4.332675323292104,66.51622006927981,-0.4393426907233468,-0.37425033958056647,,,
sample,1779736522.0729396,49.733131647109985,1.442,0.0,-0.11180686954766618,0,13.364087511061003,4.332675323292104,66.51622006927981,-0.4393426907233468,-0.37425033958056647,,,
sample,1779736522.1247613,49.784953355789185,1.442,-0.5017583530698078,-0.116020771609656,0,13.355557828917314,4.202032525797574,66.64714102258625,-0.4536069907270874,-0.38848056049475166,,,
sample,1779736522.1742823,49.834474325180054,1.442,0.0,-0.116020771609656,0,13.355557828917314,4.202032525797574,66.64714102258625,-0.4536069907270874,-0.38848056049475166,,,
sample,1779736522.22416,49.88435196876526,1.442,-0.6027980876225171,-0.11381905076180417,0,13.343643214890617,4.088334837949812,66.76146128434826,-0.45144715083978415,-0.3810437040375323,,,
sample,1779736522.2735093,49.933701276779175,1.442,0.0,-0.11381905076180417,0,13.343643214890617,4.088334837949812,66.76146128434826,-0.45144715083978415,-0.3810437040375323,,,
sample,1779736522.325204,49.98539590835571,1.442,-0.6342894677889087,-0.11558848320519452,0,13.324112747920376,3.948292896598418,66.9028585420216,-0.4569199860711651,-0.38702010071488835,,,
sample,1779736522.3745484,50.03474044799805,1.442,-0.027712799451031563,-0.11526970217960615,0,13.323298232739184,3.9424524685426885,66.90875549334025,-0.4566640973857056,-0.38594321257545705,,,
sample,1779736522.425216,50.085407972335815,1.442,-0.8129975329213082,-0.11453363988034895,0,13.298077966962012,3.8036675790368184,67.04981330900826,-0.451153158620603,-0.38345699159177565,,,
sample,1779736522.4737167,50.13390874862671,1.442,0.0,-0.11453363988034895,0,13.298077966962012,3.8036675790368184,67.04981330900826,-0.451153158620603,-0.38345699159177565,,,
sample,1779736522.5242746,50.18446660041809,1.442,-0.9638710353237361,-0.11128184352656799,0,13.265064149431838,3.661704940295885,67.19556413386425,-0.4359468242028188,-0.37247829607226185,,,
sample,1779736522.5725758,50.232767820358276,1.442,0.0,-0.11128184352656799,0,13.265064149431838,3.661704940295885,67.19556413386425,-0.4359468242028188,-0.37247829607226185,,,
sample,1779736522.623024,50.28321599960327,1.442,-1.3728557991981882,-0.09798935566773061,0,13.238632249463226,3.5846197138165974,67.277055099482,-0.3817191157212028,-0.3276806446350654,,,
sample,1779736522.6736104,50.333802461624146,1.442,0.0,-0.09798935566773061,0,13.238632249463226,3.5846197138165974,67.277055099482,-0.3817191157212028,-0.3276806446350654,,,
sample,1779736522.7271235,50.38731551170349,1.442,-1.0513827572650642,-0.09077946604241612,0,13.188888231768907,3.4500244494773407,67.420548487758,-0.3513330744787567,-0.3034321977230065,,,
sample,1779736522.775492,50.43568396568298,1.442,0.0,-0.09077946604241612,0,13.188888231768907,3.4500244494773407,67.420548487758,-0.3513330744787567,-0.3034321977230065,,,
sample,1779736522.828613,50.488805055618286,1.442,-1.0926936423686247,-0.08208695399551613,0,13.129288169498292,3.3136646885388084,67.569364319664,-0.3164071004529791,-0.27423942311030197,,,
sample,1779736522.8757153,50.53590726852417,1.442,0.0,-0.08208695399551613,0,13.129288169498292,3.3136646885388084,67.569364319664,-0.3164071004529791,-0.27423942311030197,,,
sample,1779736522.9270422,50.58723425865173,1.442,-0.86272252336266,-0.0785260283279379,0,13.06682926295073,3.186430354156152,67.71110242623,-0.3063843578969534,-0.26229277808496704,,,
sample,1779736522.9756336,50.635825634002686,1.442,0.0,-0.0785260283279379,0,13.06682926295073,3.186430354156152,67.71110242623,-0.3063843578969534,-0.26229277808496704,,,
sample,1779736523.0325828,50.69277477264404,1.442,-0.8765888639513897,-0.07804940469719968,0,12.995621342283862,3.0580023735252087,67.857950354968,-0.30440261426787096,-0.26229277808496704,,,
sample,1779736523.0758455,50.736037492752075,1.442,0.0,-0.07804940469719968,0,12.995621342283862,3.0580023735252087,67.857950354968,-0.30440261426787096,-0.2606942553254178,,,
sample,1779736523.127964,50.788156032562256,1.442,-0.5997560742324255,-0.08064914176543482,0,12.968209700343738,2.99862933001521,67.92334574019887,-0.3130373288112812,-0.26941484288263184,,,
sample,1779736523.1756437,50.835835695266724,1.442,-0.00924386312028211,-0.08053979124333142,0,12.967319665550786,2.9971376300703527,67.92508278673196,-0.3128257226253893,-0.2690479632421602,,,
sample,1779736523.2308624,50.89105439186096,1.442,-0.6355887319989492,-0.08587582724970426,0,12.891445006751752,2.8795548320912623,68.06502090958796,-0.33709890501066175,-0.28695851148440926,,,
sample,1779736523.2754295,50.93562150001526,1.442,0.0,-0.08587582724970426,0,12.891445006751752,2.8795548320912623,68.06502090958796,-0.33709890501066175,-0.28695851148440926,,,
sample,1779736523.3237476,50.98393964767456,1.3619,-0.708646569910259,-0.08764674259241378,0,12.812759735399627,2.766322442568435,68.20290834906235,-0.33034617982041853,-0.29290622350219586,,,
sample,1779736523.3722603,51.03245234489441,1.3619,0.0,-0.08764674259241378,0,12.812759735399627,2.766322442568435,68.20290834906235,-0.33034617982041853,-0.29290622350219586,,,
sample,1779736523.4238918,51.084083795547485,1.442,-0.619103973974983,-0.0910563718880711,0,12.730943680069661,2.6562651731447664,68.34004503074435,-0.35771507547123416,-0.30436288919954674,,,
sample,1779736523.472864,51.13305592536926,1.442,0.0,-0.09359992258974682,0,12.730943680069661,2.6562651731447664,68.34004503074435,-0.36658195847887143,-0.3129140838787953,,,
sample,1779736523.5237968,51.18398880958557,1.442,-0.7365042256251064,-0.09748414350906144,0,12.638321601793518,2.54096864109784,68.48793735538035,-0.3843529820111302,-0.32598041431578345,,,
sample,1779736523.572639,51.23283100128174,1.442,0.0,-0.09748414350906144,0,12.638321601793518,2.54096864109784,68.48793735538035,-0.3843529820111302,-0.32598041431578345,,,
sample,1779736523.624457,51.28464889526367,1.3619,-0.5894966920533004,-0.099950687892082,0,12.586452702603742,2.468875897418379,68.57675034088581,-0.3809826217016117,-0.3342828793221658,,,
sample,1779736523.6740906,51.334282636642456,1.3619,0.0,-0.099950687892082,0,12.586452702603742,2.468875897418379,68.57675034088581,-0.3809826217016117,-0.3342828793221658,,,
sample,1779736523.7245271,51.384719133377075,1.442,-0.5444199511285864,-0.10562492124685914,0,12.49422888562986,2.3610980244568363,68.71859991725933,-0.4159391146589807,-0.3533982933232835,,,
sample,1779736523.7739685,51.434160470962524,1.442,0.0,-0.10562492124685914,0,12.49422888562986,2.3610980244568363,68.71859991725933,-0.4159391146589807,-0.3533982933232835,,,
sample,1779736523.8243408,51.484532833099365,1.442,-0.7370406750682813,-0.10641297721597001,0,12.406646704275493,2.27111976585045,68.84416553959532,-0.41955700426868286,-0.35605489523742384,,,
sample,1779736523.8737223,51.53391432762146,1.442,0.0,-0.10869957572842598,0,12.406646704275493,2.27111976585045,68.84416553959532,-0.42452081344658504,-0.36376575218523405,,,
sample,1779736523.9248028,51.58499479293823,1.442,-0.5956147782188239,-0.10911886955961632,0,12.300873771242815,2.168869146909966,68.99128148854733,-0.43431820659970916,-0.3651801080719473,,,
sample,1779736523.9733052,51.63349723815918,1.442,0.0,-0.10911886955961632,0,12.300873771242815,2.168869146909966,68.99128148854733,-0.43431820659970916,-0.3651801080719473,,,
sample,1779736524.0253716,51.68556356430054,1.442,-0.560061399791039,-0.11350139900121078,0,12.19522688025295,2.072538214931485,69.13425321313532,-0.4505330658660537,-0.3799710673808781,,,
sample,1779736524.0724196,51.732611656188965,1.442,0.0,-0.11350139900121078,0,12.19522688025295,2.072538214931485,69.13425321313532,-0.4505330658660537,-0.3799710673808781,,,
sample,1779736524.1272194,51.78741145133972,1.442,-0.637041277756201,-0.11610009857199866,0,12.074576682372586,1.9700056286150565,69.29258641087132,-0.4614429020102947,-0.3887485777205918,,,
sample,1779736524.1732414,51.833433389663696,1.442,0.0,-0.11610009857199866,0,12.074576682372586,1.9700056286150565,69.29258641087132,-0.4614429020102947,-0.3887485777205918,,,
sample,1779736524.2234595,51.88365149497986,1.3619,-0.8709614234804072,-0.11246374164582608,0,12.016491660678032,1.910626124163313,69.3756514173072,-0.43704200307145297,-0.37646767819499194,,,
sample,1779736524.2724059,51.93259787559509,1.3619,-0.07574378124578095,-0.11514004217683917,0,12.005474855435162,1.9021296058155155,69.38956403107291,-0.4407138675337895,-0.3855052251976565,,,
sample,1779736524.3235185,51.983710527420044,1.442,-0.8535401378166699,-0.11229443452092641,0,11.885912100502582,1.8179717628793912,69.5357755042709,-0.4392980835499798,-0.37589613337175587,,,
sample,1779736524.3725965,52.03278851509094,1.442,0.0,-0.11229443452092641,0,11.885912100502582,1.8179717628793912,69.5357755042709,-0.4392980835499798,-0.37589613337175587,,,
sample,1779736524.4247828,52.08497476577759,1.442,-1.0324800503150595,-0.10526145388553954,0,11.764878210567307,1.7421833275722423,69.6785798789909,-0.4159714807598035,-0.35217316453794806,,,
sample,1779736524.47405,52.13424205780029,1.442,0.0,-0.10526145388553954,0,11.764878210567307,1.7421833275722423,69.6785798789909,-0.4159714807598035,-0.35217316453794806,,,
sample,1779736524.524934,52.185126066207886,1.442,-1.0116254612931141,-0.10182237560314364,0,11.639347989126557,1.6723013307893424,69.8222507875609,-0.40093088726190035,-0.34058577433219334,,,
sample,1779736524.5741556,52.2343475818634,1.442,0.0,-0.10106868961154741,0,11.639347989126557,1.6723013307893424,69.8222507875609,-0.3955603122702261,-0.33804745471317943,,,
sample,1779736524.6234276,52.28361964225769,1.442,-1.0263289871218964,-0.0961629217307396,0,11.510190703664351,1.6087283527227585,69.9662060859289,-0.3728240526240952,-0.32153479435471,,,
sample,1779736524.6743212,52.33451318740845,1.442,0.0,-0.0961629217307396,0,11.510190703664351,1.6087283527227585,69.9662060859289,-0.3728240526240952,-0.32153479435471,,,
sample,1779736524.7234864,52.3836784362793,1.442,-1.080790206439443,-0.08742690292718071,0,11.377650618417416,1.5520242634524553,70.1103665102389,-0.342884263213149,-0.2921677805902746,,,
sample,1779736524.772288,52.43248009681702,1.442,0.0,-0.08742690292718071,0,11.377650618417416,1.5520242634524553,70.1103665102389,-0.342884263213149,-0.2921677805902746,,,
sample,1779736524.8234448,52.4836368560791,1.442,-1.3663006477606605,-0.0743503262965147,0,11.315039668617171,1.5255034427195724,70.17836272312782,-0.2852122991737279,-0.2482921068771213,,,
sample,1779736524.8724678,52.53265976905823,1.442,0.0,-0.0743503262965147,0,11.315039668617171,1.5255034427195724,70.17836272312782,-0.2852122991737279,-0.2482921068771213,,,
sample,1779736524.9237022,52.5838942527771,1.442,-0.8926830516797148,-0.06854783036568451,0,11.17686677753234,1.4844769315148565,70.32249780717181,-0.2632489776910133,-0.22885132280293813,,,
sample,1779736524.9723594,52.632551431655884,1.442,0.0,-0.06590136143195335,0,11.17686677753234,1.4844769315148565,70.32249780717181,-0.2563788281508317,-0.21998976809891907,,,
sample,1779736525.0252872,52.685479164123535,1.442,-0.7626682506434668,-0.05985848251136294,0,11.036219234018882,1.448823707844029,70.46759392653581,-0.23149017749638195,-0.1997669228698338,,,
sample,1779736525.0723817,52.73257374763489,1.442,0.0,-0.05985848251136294,0,11.036219234018882,1.448823707844029,70.46759392653581,-0.23149017749638195,-0.1997669228698338,,,
sample,1779736525.1237512,52.78394317626953,1.442,-0.555683476247375,-0.056267663252020005,0,10.896998925698684,1.4177324597354024,70.61024370731981,-0.21635137594434037,-0.1877570687607457,,,
sample,1779736525.1729417,52.833133697509766,1.442,0.0,-0.056267663252020005,0,10.896998925698684,1.4177324597354024,70.61024370731981,-0.21635137594434037,-0.1877570687607457,,,
sample,1779736525.2241077,52.884299755096436,1.3619,-0.3540282482892095,-0.05658537328560476,0,10.756548615733763,1.3890270859270692,70.75359742389081,-0.21070209387886604,-0.18881948129693976,,,
sample,1779736525.273395,52.933587074279785,1.3619,0.0,-0.05658537328560476,0,10.756548615733763,1.3890270859270692,70.75359742389081,-0.21070209387886604,-0.18881948129693976,,,
sample,1779736525.3235636,52.983755588531494,1.442,-0.10717646138896997,-0.05910178034187267,0,10.66965774896985,1.3414777079116464,70.85264774482233,-0.22765319563058226,-0.1972356373395822,,,
sample,1779736525.3752122,53.035404205322266,1.442,0.0,-0.059133954751956715,0,10.66965774896985,1.3414777079116464,70.85264774482233,-0.22526413637945517,-0.19734326107179764,,,
sample,1779736525.4239192,53.08411121368408,1.442,-0.4479901519739751,-0.05642023839036661,0,10.521329241163322,1.3153425968461139,71.00326112490033,-0.21449968677049172,-0.18826727055037387,,,
sample,1779736525.4727538,53.13294577598572,1.442,0.0,-0.05642023839036661,0,10.521329241163322,1.3153425968461139,71.00326112490033,-0.21449968677049172,-0.18826727055037387,,,
sample,1779736525.5240967,53.18428874015808,1.442,-0.3082360160068228,-0.05409403945879581,0,10.378081294319959,1.292433749142272,71.14832934877434,-0.20930426714946074,-0.180489546619521,,,
sample,1779736525.5733118,53.23350381851196,1.442,0.0,-0.05409403945879581,0,10.378081294319959,1.292433749142272,71.14832934877434,-0.20930426714946074,-0.180489546619521,,,
sample,1779736525.6245553,53.28474736213684,1.442,-0.27523423176310263,-0.05292645973833038,0,10.239891135857754,1.2723282778447391,71.28797443415834,-0.20356370842886984,-0.1765864485112782,,,
sample,1779736525.6730454,53.333237409591675,1.442,0.0,-0.05292645973833038,0,10.239891135857754,1.2723282778447391,71.28797443415834,-0.20356370842886984,-0.1765864485112782,,,
sample,1779736525.7236166,53.383808612823486,1.3619,-0.467425627210329,-0.05069180512315869,0,10.107060094006982,1.2561984768124614,71.42178122083413,-0.1908073002666755,-0.16911756673082506,,,
sample,1779736525.7731218,53.433313846588135,1.3619,0.0,-0.050639199038019236,0,10.107060094006982,1.2561984768124614,71.42178122083413,-0.1877774579357978,-0.1689417622106822,,,
sample,1779736525.8249571,53.48514914512634,1.442,-0.3156918598346492,-0.046402818211710224,0,9.9554021452807,1.2402960582673521,71.57427063137614,-0.17679647279981836,-0.15478717368213132,,,
sample,1779736525.8724499,53.532641887664795,1.442,0.0,-0.046402818211710224,0,9.9554021452807,1.2402960582673521,71.57427063137614,-0.17679647279981836,-0.15478717368213132,,,
sample,1779736525.923159,53.58335089683533,1.442,-0.35262524758222485,-0.04368316192664919,0,9.865643168252625,1.2239692165052218,71.66550242254047,-0.16550637590071549,-0.14570322942018057,,,
sample,1779736525.973206,53.63339805603027,1.442,0.0,-0.04368316192664919,0,9.865643168252625,1.2239692165052218,71.66550242254047,-0.16550637590071549,-0.14570322942018057,,,
sample,1779736526.0232086,53.68340063095093,1.3619,-0.3102295775801927,-0.04203894114513181,0,9.723981244476484,1.2138826387311532,71.80752298337288,-0.15761420528065245,-0.14021241139994048,,,
sample,1779736526.0738618,53.73405385017395,1.3619,0.0,-0.04203894114513181,0,9.723981244476484,1.2138826387311532,71.80752298337288,-0.15761420528065245,-0.14021241139994048,,,
sample,1779736526.1241863,53.78437829017639,1.442,-0.24389154051023126,-0.03851714319847842,0,9.584148178360365,1.2056498299419112,71.94759819716887,-0.1469203860934285,-0.1284540071294177,,,
sample,1779736526.17295,53.833142042160034,1.442,0.0,-0.03825420893041207,0,9.584148178360365,1.2056498299419112,71.94759819716887,-0.1466297980813326,-0.12757626688396273,,,
sample,1779736526.2236273,53.883819341659546,1.442,-0.20998432854809737,-0.0363096364301836,0,9.441387646885868,1.1987682102237447,72.09052449298888,-0.13865073941803166,-0.12108533866587114,,,
sample,1779736526.2755384,53.93573045730591,1.442,0.0,-0.0363096364301836,0,9.441387646885868,1.1987682102237447,72.09052449298888,-0.13865073941803166,-0.12108533866587114,,,
sample,1779736526.3276696,53.98786163330078,1.442,-0.2739041319132931,-0.03316461785289462,0,9.290753406256009,1.1936616059996439,72.24124526745888,-0.12657329812877977,-0.11058927456460284,,,
sample,1779736526.3726654,54.0328574180603,1.442,0.0,-0.03316461785289462,0,9.290753406256009,1.1936616059996439,72.24124526745888,-0.12657329812877977,-0.11058927456460284,,,
sample,1779736526.4246306,54.08482265472412,1.3619,-0.3013187610667846,-0.03140819145104407,0,9.202045644297966,1.1856584826882872,72.33031331455963,-0.11594107588829387,-0.1047284110704353,,,
sample,1779736526.4730275,54.133219480514526,1.3619,0.0,-0.03140819145104407,0,9.202045644297966,1.1856584826882872,72.33031331455963,-0.11594107588829387,-0.1047284110704353,,,
sample,1779736526.5239458,54.18413782119751,1.442,-0.07611088179787247,-0.02914900907833285,0,9.069539011830361,1.1837635880315092,72.46283349518758,-0.11214304301054548,-0.09719089171138821,,,
sample,1779736526.5724523,54.2326443195343,1.442,-0.0011290691064902683,-0.02913484130949385,0,9.06766644610708,1.1837368096377223,72.46470625237163,-0.11217879668658813,-0.09714362568586192,,,
sample,1779736526.6236565,54.28384852409363,1.3619,-0.2214383751393023,-0.027556491842104854,0,8.926877248696458,1.18331995619158,72.60549606689783,-0.10277591525297768,-0.09187823020948671,,,
sample,1779736526.6724148,54.33260679244995,1.3619,0.0,-0.027556491842104854,0,8.926877248696458,1.18331995619158,72.60549606689783,-0.10277591525297768,-0.09187823020948671,,,
sample,1779736526.7237713,54.38396334648132,1.442,-0.23063208251574263,-0.02302203379527699,0,8.787181491181142,1.1845609961658838,72.74519733692783,-0.08782696013830636,-0.07675367330491259,,,
sample,1779736526.7727711,54.432963132858276,1.442,0.0,-0.02302203379527699,0,8.787181491181142,1.1845609961658838,72.74519733692783,-0.08782696013830636,-0.07675367330491259,,,
sample,1779736526.8236966,54.48388862609863,1.442,-0.20799375416708765,-0.019923720980230816,0,8.642968413844915,1.1873700204484985,72.88943776916582,-0.07580049975986193,-0.06642119223390247,,,
sample,1779736526.8725662,54.5327582359314,1.442,0.0,-0.019923720980230816,0,8.642968413844915,1.1873700204484985,72.88943776916582,-0.07580049975986193,-0.06642119223390247,,,
sample,1779736526.9230745,54.583266496658325,1.3619,-0.2382396062498607,-0.01723868403056258,0,8.506285581429823,1.1916781714617968,73.02618847973862,-0.06342039108419668,-0.057467972843150236,,,
sample,1779736526.9731505,54.63334250450134,1.3619,0.0,-0.01723868403056258,0,8.506285581429823,1.1916781714617968,73.02618847973862,-0.06342039108419668,-0.057467972843150236,,,
sample,1779736527.0237434,54.68393540382385,1.3619,-0.34947923925857277,-0.011089759857725257,0,8.393275360677189,1.2037371757381163,73.13984027065585,-0.04103126123638426,-0.036967381655220115,,,
sample,1779736527.0724506,54.73264265060425,1.3619,0.0,-0.011089759857725257,0,8.393275360677189,1.2037371757381163,73.13984027065585,-0.04103126123638426,-0.036967381655220115,,,
sample,1779736527.124232,54.78442406654358,1.442,-0.06640836941592064,-0.008490005555619134,0,8.250247359969617,1.2112715229144269,73.28306657890185,-0.03220147049728565,-0.028300698495280427,,,
sample,1779736527.1729438,54.83313584327698,1.442,0.0,-0.008490005555619134,0,8.250247359969617,1.2112715229144269,73.28306657890185,-0.03220147049728565,-0.028300698495280427,,,
sample,1779736527.2232065,54.88339853286743,1.3619,-0.011592021196890968,-0.008439412191217166,0,8.148511390791615,1.2167141146952856,73.38494802583838,-0.031165292855034585,-0.02813204186306018,,,
sample,1779736527.2724826,54.93267464637756,1.3619,-0.004765891928275016,-0.008060229172510636,0,8.107505120233442,1.2189078362758328,73.42601293347816,-0.029650949816579633,-0.026868012424912487,,,
sample,1779736527.32559,54.98578190803528,1.442,-0.10276990902620843,0.00067826415067038,0,7.966713770304596,1.2272106293785683,73.56704888842616,0.0025592062877975922,0.002260880848934854,,,
sample,1779736527.3783069,55.038498878479004,1.442,0.0,0.00067826415067038,0,7.966713770304596,1.2272106293785683,73.56704888842616,0.0025592062877975922,0.002260880848934854,,,
sample,1779736527.4241495,55.084341526031494,1.3619,0.09323775485151727,-0.00015482757501683933,0,7.829438486285325,1.2347174251151536,73.70452927097146,-0.0005776362494535164,-0.0005160919208466439,,,
sample,1779736527.4725587,55.13275074958801,1.3619,0.0,-0.00015482757501683933,0,7.829438486285325,1.2347174251151536,73.70452927097146,-0.0005776362494535164,-0.0005160919208466439,,,
sample,1779736527.524569,55.18476104736328,1.442,0.15571465660368256,-0.0014764461618932225,0,7.710208286089131,1.2375196087993505,73.82379239549964,-0.005587641982255073,-0.004921490782419473,,,
sample,1779736527.5742037,55.23439574241638,1.442,0.0,-0.0014764461618932225,0,7.710208286089131,1.2375196087993505,73.82379239549964,-0.005587641982255073,-0.004921490782419473,,,
sample,1779736527.6273348,55.28752684593201,1.3619,-0.06240662194797717,-0.0005748112258137026,0,7.569949516417751,1.2445168565813485,73.96422559651084,-0.002119057094418364,-0.0019160376304036993,,,
sample,1779736527.6767774,55.33696937561035,1.3619,0.0,-0.00033617251914607534,0,7.569949516417751,1.2445168565813485,73.96422559651084,-0.001259756513857891,-0.0011205751060330488,,,
sample,1779736527.7281852,55.38837718963623,1.3619,0.1959797352881802,-0.0023198587325056483,0,7.428380243500751,1.250150308271937,74.10590691077705,-0.008662223744165573,-0.007732876313812097,,,
sample,1779736527.7760146,55.436206579208374,1.3619,0.0,-0.0023198587325056483,0,7.428380243500751,1.250150308271937,74.10590691077705,-0.008662223744165573,-0.007732876313812097,,,
sample,1779736527.8277683,55.48796033859253,1.3619,0.15702041142408682,-0.003935216892124327,0,7.302788454855939,1.2541260527281868,74.23156161191865,-0.014539066323209816,-0.013117457352501805,,,
sample,1779736527.8760273,55.536219358444214,1.3619,0.0,-0.003935216892124327,0,7.302788454855939,1.2541260527281868,74.23156161191865,-0.014539066323209816,-0.013117457352501805,,,
sample,1779736527.931887,55.59207892417908,1.442,0.1969653872243559,-0.006116603034285359,0,7.151587004700231,1.257247765400149,74.38279528415865,-0.02324524537288529,-0.020388931050807368,,,
sample,1779736527.9763255,55.63651752471924,1.442,0.0,-0.006116603034285359,0,7.151587004700231,1.257247765400149,74.38279528415865,-0.02324524537288529,-0.020388931050807368,,,
sample,1779736528.0285819,55.68877387046814,1.3619,0.10229463151088758,-0.007828482556009883,0,7.07231696298631,1.2653387842258748,74.46247717732746,-0.02919418940515048,-0.026095474943815186,,,
sample,1779736528.0757174,55.7359094619751,1.3619,0.025571302383922995,-0.007327621570937183,0,7.0453513070554,1.2657188162814001,74.48944551105699,-0.027169519459971953,-0.024425842412058165,,,
sample,1779736528.124696,55.78488802909851,1.3619,0.20311141300282098,-0.009960438624069388,0,6.927898362070834,1.2662055615687586,74.60689946461548,-0.03722075283422195,-0.03320256009989237,,,
sample,1779736528.1735332,55.83372521400452,1.3619,0.0,-0.009960438624069388,0,6.927898362070834,1.2662055615687586,74.60689946461548,-0.03722075283422195,-0.03320256009989237,,,
sample,1779736528.2278628,55.888054847717285,1.442,0.17887296671287142,-0.012082101149869245,0,6.780308339740831,1.2653828930841076,74.75449177970948,-0.04635836216610243,-0.04027563029278904,,,
sample,1779736528.2749152,55.93510723114014,1.442,0.0,-0.012082101149869245,0,6.780308339740831,1.2653828930841076,74.75449177970948,-0.04635836216610243,-0.04027563029278904,,,
sample,1779736528.3242598,55.98445177078247,1.3619,0.1041130596363625,-0.013602185163515948,0,6.636361474448024,1.263840966728754,74.89844690314908,-0.05047343428757377,-0.0453434137172369,,,
sample,1779736528.3731673,56.03335928916931,1.3619,0.0,-0.014222377034763957,0,6.636361474448024,1.263840966728754,74.89844690314908,-0.052961409190356454,-0.047411120203039926,,,
sample,1779736528.424234,56.084425926208496,1.3619,0.09879338375988755,-0.0217603110957706,0,6.513048866319681,1.261897841829643,75.02177481993108,-0.08005157424969803,-0.07254582109883735,,,
sample,1779736528.474706,56.1348979473114,1.3619,0.0,-0.0217603110957706,0,6.513048866319681,1.261897841829643,75.02177481993108,-0.08005157424969803,-0.07254582109883735,,,
sample,1779736528.5229225,56.183114528656006,1.3619,0.0,-0.0217603110957706,0,6.513048866319681,1.261897841829643,75.02177481993108,-0.08005157424969803,-0.07254582109883735,,,
sample,1779736528.5733795,56.23357152938843,1.3619,-0.1114618199728135,-0.018963335416695336,0,6.345907446950327,1.2724894664517699,75.18925149466801,-0.07028455059596844,-0.06321869622220055,,,
sample,1779736528.6233337,56.283525705337524,1.442,0.13277179313251591,-0.020020715281882564,0,6.257079247553985,1.2711424674021643,75.27808990648653,-0.07592289945768438,-0.06674463557399292,,,
sample,1779736528.67309,56.33328199386597,1.442,0.0,-0.020020715281882564,0,6.257079247553985,1.2711424674021643,75.27808990648653,-0.07592289945768438,-0.06674463557399292,,,
sample,1779736528.7227857,56.38297772407532,1.3619,-0.06290561425830878,-0.020480836517894296,0,6.120495517337077,1.2692795210009407,75.41468634102733,-0.07550085864114288,-0.06827900220287998,,,
sample,1779736528.7723773,56.4325692653656,1.3619,0.0,-0.020245648757182756,0,6.120495517337077,1.2692795210009407,75.41468634102733,-0.07588441586506138,-0.06749471782918565,,,
sample,1779736528.8237936,56.48398566246033,1.3619,-0.10532621036138189,-0.018949360601948188,0,5.98457514561155,1.2681617882896732,75.55061130847784,-0.07057433064863884,-0.06317209676318618,,,
sample,1779736528.8728807,56.53307271003723,1.3619,0.0,-0.018949360601948188,0,5.98457514561155,1.2681617882896732,75.55061130847784,-0.07057433064863884,-0.06317209676318618,,,
sample,1779736528.9240065,56.58419847488403,1.442,-0.07257956876038008,-0.01719518883341685,0,5.838970101320482,1.2675047314007983,75.69621783527784,-0.06568976228847934,-0.05732294586757238,,,
sample,1779736528.9723248,56.632516860961914,1.442,0.0,-0.01719518883341685,0,5.838970101320482,1.2675047314007983,75.69621783527784,-0.06568976228847934,-0.05732294586757238,,,
sample,1779736529.0234027,56.683594703674316,1.3619,-0.12229587478881988,-0.016325854706902586,0,5.701319411761039,1.267743423864061,75.83386873178884,-0.06034389275487434,-0.05442435108043401,,,
sample,1779736529.0726917,56.73288369178772,1.3619,0.0,-0.016325854706902586,0,5.701319411761039,1.267743423864061,75.83386873178884,-0.06034389275487434,-0.05442435108043401,,,
sample,1779736529.1232698,56.783461809158325,1.3619,-0.03475788433929747,-0.015544112381824692,0,5.546088496976065,1.27099201696833,75.98913363529938,-0.058079569066648525,-0.05181788140896097,,,
sample,1779736529.1733224,56.83351445198059,1.3619,0.0,-0.015469242817199138,0,5.546088496976065,1.27099201696833,75.98913363529938,-0.05730933601575402,-0.051568256174089076,,,
sample,1779736529.223349,56.883541107177734,1.442,0.011335204604113728,-0.014807057835272738,0,5.4019336079848,1.271413666759393,76.13328914094738,-0.05624735218450933,-0.04936046691401222,,,
sample,1779736529.2729342,56.93312621116638,1.442,0.0,-0.014807057835272738,0,5.4019336079848,1.271413666759393,76.13328914094738,-0.05624735218450933,-0.04936046691401222,,,
sample,1779736529.3230376,56.983229637145996,1.3619,0.056177966985318566,-0.01632962913508915,0,5.265984113541693,1.2714286566103525,76.26923863621688,-0.061308870333745935,-0.05443693586246637,,,
sample,1779736529.3726606,57.03285264968872,1.3619,0.0,-0.01632962913508915,0,5.265984113541693,1.2714286566103525,76.26923863621688,-0.061308870333745935,-0.05443693586246637,,,
sample,1779736529.423543,57.08373498916626,1.442,-0.011050568750687006,-0.015388939277213421,0,5.120842240618188,1.271526270228424,76.41438054196489,-0.05924697065293944,-0.05130051397451889,,,
sample,1779736529.4735832,57.13377523422241,1.442,0.0,-0.015388939277213421,0,5.120842240618188,1.271526270228424,76.41438054196489,-0.05924697065293944,-0.05130051397451889,,,
sample,1779736529.5236733,57.1838653087616,1.3619,-0.13973986816227027,-0.014487972661142684,0,4.985269708100221,1.2725664193263198,76.54995706457659,-0.05338745259969617,-0.04829662142647155,,,
sample,1779736529.572449,57.232640981674194,1.3619,0.0,-0.014166000152328509,0,4.985269708100221,1.2725664193263198,76.54995706457659,-0.05272740614888933,-0.04722315939467984,,,
sample,1779736529.623576,57.28376793861389,1.442,-0.12673554578309523,-0.01151228549559847,0,4.840825178614374,1.2746106946863391,76.69441605931259,-0.04393288323573942,-0.038375980357960165,,,
sample,1779736529.6723967,57.33258867263794,1.442,0.0,-0.01151228549559847,0,4.840825178614374,1.2746106946863391,76.69441605931259,-0.04393288323573942,-0.038375980357960165,,,
sample,1779736529.7241848,57.384376764297485,1.3619,0.05962834135564001,-0.012919197295508016,0,4.729544024963648,1.2754779237396539,76.80570059212855,-0.04820728237509087,-0.04306638701958628,,,
sample,1779736529.7723343,57.43252635002136,1.3619,0.0,-0.012919197295508016,0,4.729544024963648,1.2754779237396539,76.80570059212855,-0.04820728237509087,-0.04306638701958628,,,
sample,1779736529.82362,57.48381209373474,1.442,-0.050668654613086915,-0.016953070478994792,0,4.582015466523513,1.277493623278248,76.95324292029255,-0.06487897127170994,-0.056515649357244034,,,
sample,1779736529.872336,57.532527923583984,1.442,0.0,-0.016953070478994792,0,4.582015466523513,1.277493623278248,76.95324292029255,-0.06487897127170994,-0.056515649357244034,,,
sample,1779736529.9230964,57.5832884311676,1.3619,-0.06829506086757697,-0.022771193413220536,0,4.451858187711274,1.2797232996496253,77.08341929558595,-0.08521477983878632,-0.07591710019273798,,,
sample,1779736529.9730701,57.633262157440186,1.3619,0.0,-0.02846362863207142,0,4.451858187711274,1.2797232996496253,77.08341929558595,-0.10475111454769974,-0.09490439331341535,,,
sample,1779736530.0230932,57.68328523635864,1.442,-0.1184049918532352,-0.030802887497090318,0,4.307233292005209,1.2830577744759273,77.22808262604795,-0.11854888666321077,-0.1027087776867495,,,
sample,1779736530.0769768,57.73716878890991,1.442,0.0,-0.030802887497090318,0,4.307233292005209,1.2830577744759273,77.22808262604795,-0.11854888666321077,-0.1027087776867495,,,
sample,1779736530.1242976,57.78448963165283,1.442,0.006664446124632615,-0.047345811494974244,0,4.131120865328269,1.2870626573137978,77.40424058333795,-0.18292594877449278,-0.1579374014777516,,,
sample,1779736530.1740437,57.83423566818237,1.442,0.0,-0.047345811494974244,0,4.131120865328269,1.2870626573137978,77.40424058333795,-0.18292594877449278,-0.1579374014777516,,,
sample,1779736530.2239711,57.88416314125061,1.3619,0.3032544735593194,-0.06008091061587848,0,4.024633185362969,1.2840297321888983,77.51077144562305,-0.22600142129959624,-0.20051102273583804,,,
sample,1779736530.2732418,57.93343377113342,1.3619,0.0,-0.06008091061587848,0,4.024633185362969,1.2840297321888983,77.51077144562305,-0.22600142129959624,-0.20051102273583804,,,
sample,1779736530.3234973,57.983689308166504,1.442,-0.21063592497070116,-0.071246983176572,0,3.8865108647175397,1.2865412748042184,77.64891659865705,-0.27570694693867737,-0.2378926050092071,,,
sample,1779736530.3724673,58.03265929222107,1.442,0.0,-0.07107366045865893,0,3.8865108647175397,1.2865412748042184,77.64891659865705,-0.27607048050345423,-0.23731192714300364,,,
sample,1779736530.4236755,58.08386754989624,1.442,-0.2601374998425028,-0.07856780371988152,0,3.742525076175575,1.2910787099798398,77.79297386372905,-0.3078444486711795,-0.2624328920648883,,,
sample,1779736530.4724624,58.132654428482056,1.442,0.0,-0.07856780371988152,0,3.742525076175575,1.2910787099798398,77.79297386372905,-0.3078444486711795,-0.2624328920648883,,,
sample,1779736530.5242245,58.18441653251648,1.3619,-0.20982038472327535,-0.09092152287628948,0,3.602894891415456,1.2969974598859766,77.93272943641435,-0.3411943860313829,-0.3039096504785496,,,
sample,1779736530.57269,58.232882022857666,1.3619,0.0,-0.09092152287628948,0,3.602894891415456,1.2969974598859766,77.93272943641435,-0.3411943860313829,-0.3039096504785496,,,
sample,1779736530.6253614,58.28555345535278,1.442,-0.23011217291722189,-0.09973566137070071,0,3.4610707625850514,1.30473222293146,78.07476432676835,-0.39259345282472424,-0.333558931406492,,,
sample,1779736530.6725628,58.33275485038757,1.442,0.0,-0.09973566137070071,0,3.4610707625850514,1.30473222293146,78.07476432676835,-0.39259345282472424,-0.333558931406492,,,
sample,1779736530.7236857,58.383877754211426,1.442,-0.48851091495516263,-0.10350623012176444,0,3.3524134932572482,1.3213426424404187,78.1846838801428,-0.4111570678359484,-0.34625820148976866,,,
sample,1779736530.7731798,58.433371782302856,1.442,-0.0036284689147372392,-0.10900801532687295,0,3.3506706953821426,1.3214817285204061,78.18643221917489,-0.43018433772345105,-0.3648061635625271,,,
sample,1779736530.824054,58.484246015548706,1.3619,-0.47552485433112124,-0.11943189726327133,0,3.211901676902444,1.3359420303355947,78.3259526148825,-0.4573125081675575,-0.40001004677311525,,,
sample,1779736530.8741176,58.53430962562561,1.3619,0.0,-0.11943189726327133,0,3.211901676902444,1.3359420303355947,78.3259526148825,-0.4573125081675575,-0.40001004677311525,,,
sample,1779736530.924419,58.58461093902588,1.442,-0.3766612610240961,-0.13004262988814702,0,3.072647313825971,1.3531255430305924,78.4662631659625,-0.5125396711942578,-0.43593558924944775,,,
sample,1779736530.973896,58.63408803939819,1.442,0.0,-0.13004262988814702,0,3.072647313825971,1.3531255430305924,78.4662631659625,-0.5125396711942578,-0.43593558924944775,,,
sample,1779736531.023446,58.68363809585571,1.442,-0.5014408027787847,-0.14072134568855377,0,2.926529645016727,1.374853844351163,78.6139875451845,-0.5690719419064489,-0.4721921359860336,,,
sample,1779736531.072621,58.732813119888306,1.442,0.0,-0.14072134568855377,0,2.926529645016727,1.374853844351163,78.6139875451845,-0.5690719419064489,-0.4721921359860336,,,
sample,1779736531.1235979,58.78378987312317,1.442,-0.8520910660655245,-0.1409439744324485,0,2.787141641673829,1.4018140531429504,78.7559589096705,-0.5746984879700345,-0.4729491472384017,,,
sample,1779736531.1766071,58.83679914474487,1.442,0.0,-0.1409439744324485,0,2.787141641673829,1.4018140531429504,78.7559589096705,-0.5746984879700345,-0.4729491472384017,,,
sample,1779736531.2264385,58.88663053512573,1.5221,-1.1469959551209334,-0.14669546292884864,0,2.6409847581194072,1.4388563515701114,78.9067367810015,-0.6090771850957126,-0.49252291396344183,,,
sample,1779736531.2745538,58.93474578857422,1.5221,0.0,-0.14669546292884864,0,2.6409847581194072,1.4388563515701114,78.9067367810015,-0.6090771850957126,-0.49252291396344183,,,
sample,1779736531.3235896,58.983781576156616,1.442,-1.7704742022188653,-0.13675900293668303,0,2.5396283930742047,1.5010607601479313,79.02565902947374,-0.5516761762831941,-0.4587267747819211,,,
sample,1779736531.372371,59.03256297111511,1.442,0.0,-0.13675900293668303,0,2.5396283930742047,1.5010607601479313,79.02565902947374,-0.5516761762831941,-0.4587267747819211,,,
sample,1779736531.4239023,59.084094285964966,1.442,-1.6792729154007358,-0.12332109524492141,0,2.4493070738687663,1.5867896092051716,79.15018764571792,-0.48896601641068693,-0.41316693778745883,,,
sample,1779736531.472521,59.132713079452515,1.442,0.0,-0.12051065737590802,0,2.4493070738687663,1.5867896092051716,79.15018764571792,-0.482499445386512,-0.4036581705828624,,,
sample,1779736531.523765,59.18395709991455,1.5221,-1.3394183843181584,-0.11342266952112826,0,2.317898392062719,1.6569159675726892,79.29913712638802,-0.4575377896779254,-0.379705228124075,,,
sample,1779736531.5735447,59.233736753463745,1.5221,0.0,-0.11342266952112826,0,2.317898392062719,1.6569159675726892,79.29913712638802,-0.4575377896779254,-0.379705228124075,,,
sample,1779736531.6234515,59.2836434841156,1.442,-1.5372610695411708,-0.10491403335327897,0,2.19573004295234,1.7346929321207416,79.44396240642801,-0.4167200900383896,-0.35100221228333944,,,
sample,1779736531.6733046,59.33349657058716,1.442,0.0,-0.10491403335327897,0,2.19573004295234,1.7346929321207416,79.44396240642801,-0.4167200900383896,-0.35100221228333944,,,
sample,1779736531.7266119,59.38680386543274,1.5221,-1.310399666854492,-0.08744152321233382,0,2.0719706606925925,1.8262189072682748,79.59788897601241,-0.3513062819179752,-0.29221688934214046,,,
sample,1779736531.7851248,59.445316791534424,1.5221,0.0,-0.08744152321233382,0,2.0719706606925925,1.8262189072682748,79.59788897601241,-0.3513062819179752,-0.29221688934214046,,,
sample,1779736531.824941,59.485132932662964,1.442,-1.4398528808070663,-0.08212338532790896,0,1.9834783103857276,1.9019968814834616,79.71439304220321,-0.3131214409353376,-0.2743616832216648,,,
sample,1779736531.8726835,59.532875537872314,1.442,-0.359775323722623,-0.07758185099201378,0,1.9763937218435894,1.9103563903472518,79.72535081493562,-0.29658910847750913,-0.25912626750187095,,,
sample,1779736531.9237695,59.583961486816406,1.442,-1.6553281260373895,-0.054319372455917024,0,1.941475893115039,1.9653059350270516,79.79045616973562,-0.20552392115764925,-0.18124286798052705,,,
sample,1779736531.9733741,59.63356614112854,1.442,0.0,-0.054319372455917024,0,1.941475893115039,1.9653059350270516,79.79045616973562,-0.20552392115764925,-0.18124286798052705,,,
sample,1779736532.0241213,59.68431329727173,1.5221,-1.0718387159746725,-0.025055179737864967,0,1.855936636543914,2.0711390901969504,79.92653563603365,-0.09809432221547554,-0.08353474650520598,,,
sample,1779736532.0726273,59.73281931877136,1.5221,0.0,-0.025055179737864967,0,1.855936636543914,2.0711390901969504,79.92653563603365,-0.09809432221547554,-0.08353474650520598,,,
sample,1779736532.1236184,59.78381037712097,1.3619,-0.9808670257135551,-0.012594030495454501,0,1.7716209839361923,2.17744609146995,80.06222022541034,-0.04594600733646796,-0.04198232127477117,,,
sample,1779736532.1726763,59.832868337631226,1.3619,0.0,-0.012594030495454501,0,1.7716209839361923,2.17744609146995,80.06222022541034,-0.04594600733646796,-0.04198232127477117,,,
sample,1779736532.2245858,59.884777784347534,1.442,-0.6103768987006131,0.018871427219638266,0,1.691895973576439,2.285057999073863,80.1961470708709,0.07171104990280698,0.06291222590249955,,,
sample,1779736532.2740424,59.934234380722046,1.442,-0.024910997103683996,0.019194993716377687,0,1.6887959468923792,2.289242379653926,80.20135468129034,0.07310551015440735,0.06399117171611106,,,
sample,1779736532.3285823,59.98877429962158,1.442,-0.4101535814312128,0.0434026824117876,0,1.6056273450346612,2.406916884971193,80.34545293088634,0.16650990779530508,0.06399117171611106,,,
sample,1779736532.380941,60.04113292694092,1.442,0.0,0.0434026824117876,0,1.6056273450346612,2.406916884971193,80.34545293088634,0.16650990779530508,0.14476652283730648,,,
sample,1779736532.4244542,60.084646224975586,1.442,-0.032985266663240566,0.04514868633757819,0,1.5814795812992155,2.4415018063411553,80.38763386591141,0.1711195339124578,0.15059796152307123,,,
sample,1779736532.4766457,60.13683772087097,1.442,0.14107902016505555,0.04834665474925322,0,1.5043001274213366,2.4879851028741697,80.47773028624798,0.1846781400038382,0.1612811949189059,,,
sample,1779736532.5287006,60.18889260292053,1.3619,0.17952729057335945,0.0671886665327846,0,1.4317614802604943,2.554759311445431,80.57632364435207,0.2513987637686442,0.2242998435901583,,,
sample,1779736532.5760005,60.23619246482849,1.3619,0.0,0.0671886665327846,0,1.4317614802604943,2.554759311445431,80.57632364435207,0.2513987637686442,0.2242998435901583,,,
sample,1779736532.6280274,60.2882194519043,1.3619,0.3397024768725662,0.0848522865220181,0,1.3522223735310042,2.6597795603665153,80.70806476239338,0.3194510972153766,0.28352172559209354,,,
sample,1779736532.6758823,60.336074352264404,1.3619,0.0,0.0848522865220181,0,1.3522223735310042,2.6597795603665153,80.70806476239338,0.3194510972153766,0.28352172559209354,,,
sample,1779736532.7303278,60.390519857406616,1.3619,0.5800741528074129,0.11422685418301945,0,1.263002560089891,2.7701587482395467,80.84999340723287,0.4409155944709652,0.3824208762715011,,,
sample,1779736532.775454,60.435646057128906,1.3619,0.0,0.11422685418301945,0,1.263002560089891,2.7701587482395467,80.84999340723287,0.4409155944709652,0.3824208762715011,,,
sample,1779736532.8312433,60.491435289382935,1.3619,0.4233507828722548,0.1413153142311421,0,1.1792330269320823,2.8689295983234864,80.97950408444437,0.5584134753157785,0.4742119316439703,,,
sample,1779736532.8921154,60.55230736732483,1.3619,0.37401864288335707,0.1413153142311421,0,1.1135815529722568,2.9412500386737723,81.07717886176972,0.5584134753157785,0.4742119316439703,,,
sample,1779736532.9456482,60.60584020614624,1.3619,0.0,0.1524076432918035,0,1.1135815529722568,2.9412500386737723,81.07717886176972,0.613006886643146,0.5119958585972163,,,
sample,1779736532.9760551,60.63624715805054,1.3619,0.0,0.1524076432918035,0,1.1135815529722568,2.9412500386737723,81.07717886176972,0.613006886643146,0.5119958585972163,,,
sample,1779736533.0258663,60.68605828285217,1.2818,0.0,0.16015440076124424,0,1.1135815529722568,2.9412500386737723,81.07717886176972,0.613006886643146,0.538459621850863,,,
sample,1779736533.0760405,60.73623251914978,1.2818,0.0,0.16015440076124424,0,1.1135815529722568,2.9412500386737723,81.07717886176972,0.613006886643146,0.538459621850863,,,
sample,1779736533.1235423,60.78373432159424,1.3619,0.0,0.1524076432918035,0,1.1135815529722568,2.9412500386737723,81.07717886176972,0.613006886643146,0.5119958585972163,,,
sample,1779736533.1756446,60.83583664894104,1.3619,2.8919621770149235,0.1924121970806012,0,0.8759731323950586,3.1231483761026007,81.37641917771757,0.8098499065157454,0.6494080673723601,,,
sample,1779736533.2281551,60.888347148895264,1.2818,1.3522771347676086,0.20075761208195933,0,0.7732812473141688,3.189459413980382,81.49865982973601,0.8150420278991667,0.6783296673385625,,,
sample,1779736533.2756622,60.93585419654846,1.2818,0.0,0.20075761208195933,0,0.7732812473141688,3.189459413980382,81.49865982973601,0.8150420278991667,0.6783296673385625,,,
sample,1779736533.327834,60.98802590370178,1.2818,1.3786270147018933,0.20058214044434844,0,0.657324565546034,3.260715160765134,81.63476028343301,0.8375917018866199,0.6777205616344596,,,
sample,1779736533.3766732,61.036865234375,1.2818,0.0,0.20734411269672948,0,0.657324565546034,3.260715160765134,81.63476028343301,0.8741733141241673,0.701224884178835,,,
sample,1779736533.42725,61.08744192123413,1.3619,1.7339084034508112,0.2180789693101299,0,0.5419128525570056,3.3183737692471014,81.76377337822241,0.9742781778200511,0.7386773069998814,,,
sample,1779736533.4733438,61.133535861968994,1.3619,0.0,0.2180789693101299,0,0.5419128525570056,3.3183737692471014,81.76377337822241,0.9742781778200511,0.7386773069998814,,,
sample,1779736533.5231898,61.18338179588318,1.2017,0.2324298868662244,0.23866983255389895,0,0.5281323429908336,3.323629559208998,81.77852213315383,0.9677086665485284,0.8110244481563113,,,
sample,1779736533.5782864,61.23847842216492,1.2017,0.0,0.23866983255389895,0,0.5281323429908336,3.323629559208998,81.77852213315383,0.9677086665485284,0.8110244481563113,,,
sample,1779736533.6243105,61.2845025062561,1.2017,0.0,0.23866983255389895,0,0.5281323429908336,3.323629559208998,81.77852213315383,0.9677086665485284,0.8110244481563113,,,
sample,1779736533.6784332,61.33862519264221,1.2818,0.0,0.22706376138970447,0,0.5281323429908336,3.323629559208998,81.77852213315383,0.9677086665485284,0.8110244481563113,,,
sample,1779736533.7270699,61.38726186752319,1.2818,0.0,0.22706376138970447,0,0.5281323429908336,3.323629559208998,81.77852213315383,0.9677086665485284,0.7701608966034647,,,
sample,1779736533.7740076,61.4341995716095,1.2818,6.606842038564491,0.21127564262813522,0,0.15612727106517799,3.4262222221869285,82.16441464154873,0.9028474268131771,0.7149213416431531,,,
sample,1779736533.8241234,61.484315395355225,1.2818,2.449112656749496,0.2078686136570488,0,0.019218340558025737,3.4298560608791346,82.30137178826351,0.8731107641713953,0.7030507940552753,,,
sample,1779736533.8725817,61.53277373313904,1.2818,0.0,0.2078686136570488,0,0.019218340558025737,3.4298560608791346,82.30137178826351,0.8731107641713953,0.7030507940552753,,,
sample,1779736533.9287732,61.58896517753601,1.2017,2.09421809481017,0.2024229266084875,0,-0.09746214388156804,3.4183922992690277,82.41861407278284,0.8076665451433815,0.6841125597889723,,,
sample,1779736533.9762218,61.63641381263733,1.2017,0.0,0.2024229266084875,0,-0.09746214388156804,3.4183922992690277,82.41861407278284,0.8076665451433815,0.6841125597889723,,,
sample,1779736534.0241537,61.684345722198486,1.2818,1.1370633759238014,0.21515108831950736,0,-0.16386683337178565,3.4047451563438718,82.48640660405519,0.9139413428857167,0.7284450390862198,,,
sample,1779736534.0744464,61.73463845252991,1.2818,1.2844642561580915,0.21926316162761372,0,-0.2663855663587328,3.388851525779474,82.59015002845291,0.9482540763253217,0.7428195479593243,,,
sample,1779736534.1229064,61.783098459243774,1.2017,2.96145726383488,0.22499632980427228,0,-0.4617845643778167,3.3361001104616554,82.79254439656846,0.9299883198615587,0.7629050258532671,,,
sample,1779736534.1734047,61.83359670639038,1.2017,0.0,0.22160691453432857,0,-0.4617845643778167,3.3361001104616554,82.79254439656846,0.9176197235336618,0.7510243294064115,,,
sample,1779736534.2237108,61.88390278816223,1.2818,2.1085344308338234,0.2116424522749092,0,-0.5751637347929534,3.2788667293005656,82.91955028699546,0.8942471311113134,0.7162003854494475,,,
sample,1779736534.2723923,61.932584285736084,1.2818,0.0,0.2116424522749092,0,-0.5751637347929534,3.2788667293005656,82.91955028699546,0.8942471311113134,0.7162003854494475,,,
sample,1779736534.3231122,61.983304262161255,1.2017,2.1014022492392135,0.2114864991731114,0,-0.6725872296519878,3.215861786064897,83.03557166529566,0.8526676239899074,0.7156565614796883,,,
sample,1779736534.3724658,62.032657861709595,1.2017,0.0,0.2114864991731114,0,-0.6725872296519878,3.215861786064897,83.03557166529566,0.8526676239899074,0.7156565614796883,,,
sample,1779736534.4265323,62.086724281311035,1.2818,2.033521323793062,0.20634999863387665,0,-0.7758041036497834,3.131708259883634,83.16874650919127,0.8599908777941132,0.6977652463697752,,,
sample,1779736534.474754,62.13494610786438,1.2818,0.0,0.20634999863387665,0,-0.7758041036497834,3.131708259883634,83.16874650919127,0.8599908777941132,0.6977652463697752,,,
sample,1779736534.5246983,62.184890270233154,1.2017,2.525847525279284,0.20890053928174881,0,-0.9387394014865762,3.1279365405162665,83.33172545613887,0.813848170743157,0.7066443477350041,,,
sample,1779736534.5737202,62.233912229537964,1.2017,0.0,0.20690911804877313,0,-0.9387394014865762,3.1279365405162665,83.33172545613887,0.8072123748378006,0.6997108722761523,,,
sample,1779736534.6267455,62.28693747520447,1.2818,1.8936657942109754,0.20934970554408264,0,-1.0367192333841468,3.0017501798349917,83.49148479101687,0.8901614128218605,0.7082090045461567,,,
sample,1779736534.6741753,62.33436727523804,1.2818,0.0,0.20934970554408264,0,-1.0367192333841468,3.0017501798349917,83.49148479101687,0.8901614128218605,0.7082090045461567,,,
sample,1779736534.725086,62.38527798652649,1.2017,2.096763991061192,0.20577246965754215,0,-1.0852465697763272,2.92321466171908,83.58380342393058,0.8364145925801003,0.6957560369016611,,,
sample,1779736534.7737794,62.4339714050293,1.2017,0.0,0.20577246965754215,0,-1.0852465697763272,2.92321466171908,83.58380342393058,0.8364145925801003,0.6957560369016611,,,
sample,1779736534.8245616,62.48475360870361,1.2818,2.1697062626853856,0.21492296631128452,0,-1.1389786396252848,2.8100503699739208,83.70907629512158,0.9237024493718639,0.7276483574315252,,,
sample,1779736534.873248,62.53344011306763,1.2818,0.0,0.21868233661107128,0,-1.1389786396252848,2.8100503699739208,83.70907629512158,0.9386378925699304,0.7407875809071223,,,
sample,1779736534.9241316,62.58432364463806,1.2017,2.028221443152408,0.21764279679196696,0,-1.1816093329220518,2.686198740161009,83.84005950861963,0.9005795694971162,0.7371521474302801,,,
sample,1779736534.9749582,62.63515019416809,1.2017,0.16897977072770604,0.21619933605802918,0,-1.1851571002014607,2.675891688462531,83.85096005756837,0.8959381355307001,0.7321069086001275,,,
sample,1779736535.0241904,62.68438243865967,1.2818,2.0904196072683807,0.21132246579698385,0,-1.2081470720961462,2.5770763403830914,83.95241453910457,0.9029842411765385,0.715084600084699,,,
sample,1779736535.0725172,62.73270916938782,1.2818,0.0,0.21132246579698385,0,-1.2081470720961462,2.5770763403830914,83.95241453910457,0.9029842411765385,0.715084600084699,,,
sample,1779736535.1232717,62.78346371650696,1.2818,2.5317313633721485,0.21027476974326195,0,-1.3022599529446506,2.4443252101141093,84.11514160178713,0.8799216969653545,0.7114323788817797,,,
sample,1779736535.1730058,62.833197832107544,1.2818,0.0,0.21027476974326195,0,-1.3022599529446506,2.4443252101141093,84.11514160178713,0.8799216969653545,0.7114323788817797,,,
sample,1779736535.2242143,62.884406328201294,1.2818,2.2479093841296915,0.20610624842347317,0,-1.3003259518046304,2.3155695102863754,84.24391182582413,0.8539664702890837,0.6969171860601479,,,
sample,1779736535.2726786,62.932870626449585,1.2818,0.0,0.2014067336891689,0,-1.3003259518046304,2.3155695102863754,84.24391182582413,0.8373385919842493,0.6805833083607721,,,
sample,1779736535.3246973,62.98488926887512,1.2017,2.005439856075399,0.19754949065080532,0,-1.2860427602597326,2.1964532039855458,84.36388142192023,0.7853686082651051,0.6672003098762453,,,
sample,1779736535.3722794,63.03247141838074,1.2017,0.0,0.19754949065080532,0,-1.2860427602597326,2.1964532039855458,84.36388142192023,0.7853686082651051,0.6672003098762453,,,
sample,1779736535.4243612,63.084553241729736,1.2818,2.092499499500137,0.1901570851432083,0,-1.2586789531100369,2.0786951019591515,84.48477703199183,0.7656644253135126,0.6416091257230102,,,
sample,1779736535.472326,63.13251805305481,1.2818,0.0,0.1901570851432083,0,-1.2586789531100369,2.0786951019591515,84.48477703199183,0.7656644253135126,0.6416091257230102,,,
sample,1779736535.5251024,63.18529438972473,1.2017,2.0665855094990895,0.18265501053467448,0,-1.2164804233503659,1.9584030195718245,84.61225605379133,0.7048558185603548,0.6157126232757495,,,
sample,1779736535.5733635,63.23355555534363,1.2017,0.0,0.18265501053467448,0,-1.2164804233503659,1.9584030195718245,84.61225605379133,0.7048558185603548,0.6157126232757495,,,
sample,1779736535.6234937,63.2836856842041,1.2818,1.6081849491705669,0.1816532898030123,0,-1.2397983861166852,1.7867643884042386,84.7854713738316,0.7281760533544485,0.6122602655006446,,,
sample,1779736535.6730769,63.333268880844116,1.2818,0.0,0.17896051606702462,0,-1.2397983861166852,1.7867643884042386,84.7854713738316,0.7196578142348088,0.6029860915949337,,,
sample,1779736535.723508,63.383699893951416,1.2818,2.2137967160608856,0.17117061252046312,0,-1.1741758411190557,1.6746748306963823,84.91535742912279,0.6692236897941953,0.5762072359748367,,,
sample,1779736535.773178,63.4333701133728,1.2818,0.0,0.17117061252046312,0,-1.1741758411190557,1.6746748306963823,84.91535742912279,0.6692236897941953,0.5762072359748367,,,
sample,1779736535.8229783,63.4831702709198,1.2017,2.1278279134038196,0.1605440359540099,0,-1.1018108997220075,1.5765864611582032,85.03725087842199,0.6013310321170443,0.5397923808830765,,,
sample,1779736535.872656,63.53284811973572,1.2017,0.0,0.1605440359540099,0,-1.1018108997220075,1.5765864611582032,85.03725087842199,0.6013310321170443,0.5397923808830765,,,
sample,1779736535.923471,63.58366298675537,1.2818,1.9480665017660408,0.14371052527734926,0,-1.0123808140126065,1.4775771304342435,85.17066972192019,0.5535572287722929,0.48236034896182073,,,
sample,1779736535.9724445,63.63263654708862,1.2818,0.0,0.14371052527734926,0,-1.0123808140126065,1.4775771304342435,85.17066972192019,0.5535572287722929,0.48236034896182073,,,
sample,1779736536.0239067,63.68409872055054,1.2818,2.126024825892354,0.1290730880690344,0,-0.9182346958292396,1.3938686241329257,85.2966483137372,0.4916365626336413,0.4326489234253088,,,
sample,1779736536.080098,63.74028992652893,1.2818,0.0,0.12586429940528465,0,-0.9182346958292396,1.3938686241329257,85.2966483137372,0.4814598293644244,0.4217772605509614,,,
sample,1779736536.1242857,63.78447771072388,1.2017,2.146365618296259,0.11570750372278851,0,-0.8193097228679866,1.321447213745914,85.41924933721509,0.4189194596649594,0.3874221895625984,,,
sample,1779736536.17273,63.83292198181152,1.2017,0.0,0.11570750372278851,0,-0.8193097228679866,1.321447213745914,85.41924933721509,0.4189194596649594,0.3874221895625984,,,
sample,1779736536.2245464,63.88473844528198,1.2818,1.134594914416558,0.10663876915509764,0,-0.6358531510032526,1.2549400320737634,85.6143890793855,0.3955044140982237,0.35681614084531504,,,
sample,1779736536.2727225,63.93291449546814,1.2818,0.0,0.10663876915509764,0,-0.6358531510032526,1.2549400320737634,85.6143890793855,0.3955044140982237,0.35681614084531504,,,
sample,1779736536.3237033,63.98389530181885,1.3619,1.1905096601628595,0.09521132944266823,0,-0.519081606901867,1.1892463909039024,85.7483713468763,0.3660544454313116,0.3183335989325744,,,
sample,1779736536.3729324,64.0331244468689,1.3619,0.0,0.09521132944266823,0,-0.519081606901867,1.1892463909039024,85.7483713468763,0.3660544454313116,0.3183335989325744,,,
sample,1779736536.4236596,64.08385157585144,1.2818,1.3267313332186963,0.08504235933326641,0,-0.4187754501740764,1.1415366309163022,85.85944585464281,0.31686041005242965,0.284159895630821,,,
sample,1779736536.4733138,64.13350582122803,1.2818,0.023752725168059943,0.08473788447154279,0,-0.41701763118650914,1.1407005394466023,85.8613923840001,0.3159557237504932,0.2831376303118077,,,
sample,1779736536.5236583,64.18385028839111,1.2818,1.2164894510519264,0.07569567509757405,0,-0.29007698147784855,1.0895968498698028,85.99823358991709,0.2789084864499625,0.2528019393506686,,,
sample,1779736536.5739226,64.23411464691162,1.2818,0.0,0.07569567509757405,0,-0.29007698147784855,1.0895968498698028,85.99823358991709,0.2789084864499625,0.2528019393506686,,,
sample,1779736536.624027,64.28421902656555,1.3619,0.8686930976992709,0.06884283050169512,0,-0.16430853638729048,1.0452207060374057,86.13160129186149,0.25805325563430065,0.22983931163464555,,,
sample,1779736536.6733098,64.3335018157959,1.3619,0.0,0.06884283050169512,0,-0.16430853638729048,1.0452207060374057,86.13160129186149,0.25805325563430065,0.22983931163464555,,,
sample,1779736536.7231963,64.38338828086853,1.2818,-0.1805850213205512,0.08466114059964389,0,-0.06346558612944109,0.9422216057928428,86.27574745125499,0.3112716689639836,0.28287997338866766,,,
sample,1779736536.7727318,64.43292379379272,1.2818,0.0,0.08466114059964389,0,-0.06346558612944109,0.9422216057928428,86.27574745125499,0.3112716689639836,0.28287997338866766,,,
sample,1779736536.8237376,64.48392963409424,1.3619,0.9440639437663735,0.0753696208292652,0,0.06184201896638708,0.9034513676723777,86.40691576777529,0.2811392140883644,0.25170886745742865,,,
sample,1779736536.872458,64.53264999389648,1.3619,0.0,0.0753696208292652,0,0.06184201896638708,0.9034513676723777,86.40691576777529,0.2811392140883644,0.25170886745742865,,,
sample,1779736536.9232023,64.58339428901672,1.3619,0.9844095672638318,0.0651943041517204,0,0.1939218899290257,0.8697109982297763,86.54323709715419,0.24577541355404497,0.21762275504029832,,,
sample,1779736536.9733438,64.633535861969,1.3619,0.0,0.0651943041517204,0,0.1939218899290257,0.8697109982297763,86.54323709715419,0.24577541355404497,0.21762275504029832,,,
sample,1779736537.024037,64.68422889709473,1.3619,0.8806803360717647,0.05716018409614082,0,0.32746121982884413,0.8418811447449017,86.67964550369528,0.2133298098996415,0.19074172821722452,,,
sample,1779736537.0730805,64.73327255249023,1.3619,0.0,0.05716018409614082,0,0.32746121982884413,0.8418811447449017,86.67964550369528,0.2133298098996415,0.19074172821722452,,,
sample,1779736537.123352,64.78354406356812,1.3619,0.8871519498430427,0.05029028837992025,0,0.4620184239350017,0.8200472591978165,86.81596263297459,0.18729651606500156,0.16777575974445713,,,
sample,1779736537.1733866,64.83357858657837,1.3619,0.0,0.04819039633517456,0,0.4620184239350017,0.8200472591978165,86.81596263297459,0.17815920346866648,0.16075911812101054,,,
sample,1779736537.22396,64.88415193557739,1.2818,0.9586193942954865,0.03768955540778818,0,0.589578897400017,0.8056510921292477,86.944332894394,0.13674850926999238,0.12569137196914312,,,
sample,1779736537.273969,64.93416094779968,1.2818,0.0,0.03768955540778818,0,0.589578897400017,0.8056510921292477,86.944332894394,0.13674850926999238,0.12569137196914312,,,
sample,1779736537.323397,64.9835889339447,1.3619,0.6672274809507557,0.03415859703213688,0,0.7084933954097199,0.7493056698555787,87.07592113265295,0.12837286722860486,0.11390629587925011,,,
sample,1779736537.3733854,65.03357744216919,1.3619,0.0,0.03415859703213688,0,0.7084933954097199,0.7493056698555787,87.07592113265295,0.12837286722860486,0.11390629587925011,,,
sample,1779736537.423475,65.08366703987122,1.3619,0.5250373867626812,0.028132207412040196,0,0.8446847191542659,0.7420666357714634,87.21230471039514,0.10495754390880135,0.09379877078772851,,,
sample,1779736537.4731507,65.13334274291992,1.3619,0.0,0.028132207412040196,0,0.8446847191542659,0.7420666357714634,87.21230471039514,0.10495754390880135,0.09379877078772851,,,
sample,1779736537.5239468,65.18413877487183,1.442,0.30436364045835373,0.023676227281496848,0,0.9719870249049982,0.7374608138329294,87.33969030865956,0.0898515974878434,0.07893550761729759,,,
sample,1779736537.572396,65.23258805274963,1.442,0.030517675274303595,0.0232877863888531,0,0.9841615623032169,0.7370203367252326,87.35187281172514,0.0888337652264453,0.0776399904025907,,,
sample,1779736537.6233969,65.28358888626099,1.3619,0.4279242812747198,0.018632683287335597,0,1.1197990233572779,0.7350751726122589,87.48752421977025,0.0686708115386084,0.06211613288603988,,,
sample,1779736537.6730638,65.33325576782227,1.3619,0.0,0.018632683287335597,0,1.1197990233572779,0.7350751726122589,87.48752421977025,0.0686708115386084,0.06211613288603988,,,
sample,1779736537.7280796,65.38827157020569,1.3619,0.4307549379117111,0.012098252884712744,0,1.2588167103549146,0.7363761944513563,87.62654799455716,0.04533531995028531,0.04032947727949395,,,
sample,1779736537.7724214,65.43261337280273,1.3619,0.0,0.012098252884712744,0,1.2588167103549146,0.7363761944513563,87.62654799455716,0.04533531995028531,0.04032947727949395,,,
sample,1779736537.8242226,65.48441457748413,1.3619,0.07044832324687862,0.014607051889988008,0,1.3410940136765792,0.7066719565953921,87.71402311323949,0.05427729340036775,0.04869363620411413,,,
sample,1779736537.8752918,65.53548383712769,1.3619,0.0,0.014607051889988008,0,1.3410940136765792,0.7066719565953921,87.71402311323949,0.05427729340036775,0.04869363620411413,,,
sample,1779736537.9312346,65.59142661094666,1.3619,0.3413067832042128,0.008888555124350713,0,1.4727043312354786,0.711019027425396,87.84570520280658,0.032756899493682316,0.02962929738677316,,,
sample,1779736537.9756722,65.6358642578125,1.3619,0.020624367714621592,0.008639961926388301,0,1.4790216489277517,0.7112276875667383,87.85202596556749,0.031928253790322124,0.02880058973604593,,,
sample,1779736538.0290337,65.68922567367554,1.442,0.32557458271043516,0.002617039549650841,0,1.6238707664645944,0.7185329609859781,87.99705918200749,0.00992012618428056,0.008723485080925937,,,
sample,1779736538.075611,65.73580312728882,1.442,0.0,0.002617039549650841,0,1.6238707664645944,0.7185329609859781,87.99705918200749,0.00992012618428056,0.008723485080925937,,,
sample,1779736538.1274056,65.78759765625,1.3619,0.28075989944981355,-0.001664087595074748,0,1.7574145999997952,0.7272165445355878,88.13088503936899,-0.0062280877668784256,-0.005546963770444396,,,
sample,1779736538.1756613,65.83585333824158,1.3619,0.0,-0.001664087595074748,0,1.7574145999997952,0.7272165445355878,88.13088503936899,-0.0062280877668784256,-0.005546963770444396,,,
sample,1779736538.2298753,65.89006733894348,1.3619,0.17833911900034494,-0.005568312061861133,0,1.896118976943926,0.7375833079103743,88.2699762826819,-0.020743653602424104,-0.018561232043734444,,,
sample,1779736538.2757297,65.93592166900635,1.3619,0.0,-0.005568312061861133,0,1.896118976943926,0.7375833079103743,88.2699762826819,-0.020743653602424104,-0.018561232043734444,,,
sample,1779736538.323616,65.9838080406189,1.3619,0.40984990303688174,-0.012507856435860987,0,2.03176587289044,0.7504552836584331,88.40623254176596,-0.04633185213406795,-0.04169502915562728,,,
sample,1779736538.3725686,66.03276062011719,1.3619,0.0,-0.012507856435860987,0,2.03176587289044,0.7504552836584331,88.40623254176596,-0.04633185213406795,-0.04169502915562728,,,
sample,1779736538.42353,66.08372211456299,1.442,0.0,-0.01243709810909707,0,2.03176587289044,0.7504552836584331,88.40623254176596,-0.04735687185832975,-0.0414591313713249,,,
sample,1779736538.4736953,66.13388729095459,1.442,0.0,-0.01243709810909707,0,2.03176587289044,0.7504552836584331,88.40623254176596,-0.04735687185832975,-0.0414591313713249,,,
sample,1779736538.5237417,66.1839337348938,1.3619,0.0,-0.013063678033780385,0,2.03176587289044,0.7504552836584331,88.40623254176596,-0.04735687185832975,-0.0435480707741158,,,
sample,1779736538.5734036,66.23359560966492,1.3619,0.03721782588826101,-0.014611680425786288,0,2.2922792533933953,0.7651187420287509,88.66715827532333,-0.05439885442458769,-0.048709067950193585,,,
sample,1779736538.6243773,66.28456926345825,1.442,0.07913417219714587,-0.016703354106816014,0,2.434018512976462,0.7750139413512146,88.8092425203218,-0.06371272873544111,-0.05568302567826768,,,
sample,1779736538.6724262,66.33261823654175,1.442,0.0,-0.016703354106816014,0,2.434018512976462,0.7750139413512146,88.8092425203218,-0.06371272873544111,-0.05568302567826768,,,
sample,1779736538.7242303,66.3844223022461,1.3619,0.0667689278790722,-0.01910629195930139,0,2.5591365906698478,0.7880187616926813,88.9350346453448,-0.07171943793663017,-0.06369539072876426,,,
sample,1779736538.773094,66.43328595161438,1.3619,0.0,-0.01910629195930139,0,2.5591365906698478,0.7880187616926813,88.9350346453448,-0.07171943793663017,-0.06369539072876426,,,
sample,1779736538.8277724,66.48796439170837,1.442,-0.017307115192086643,-0.020830540425101834,0,2.7147496776659383,0.8040444077701765,89.0914707478808,-0.07886625912971135,-0.06944517939291331,,,
sample,1779736538.8742049,66.53439688682556,1.442,0.0,-0.020830540425101834,0,2.7147496776659383,0.8040444077701765,89.0914707478808,-0.07886625912971135,-0.06944517939291331,,,
sample,1779736538.9236875,66.5838794708252,1.3619,-0.6142303555845168,-0.011820556409651406,0,2.7876302478678268,0.7954248979083619,89.16485925831132,-0.04392968178491811,-0.039403689950067315,,,
sample,1779736538.9741135,66.63430547714233,1.3619,0.0,-0.011820556409651406,0,2.7876302478678268,0.7954248979083619,89.16485925831132,-0.04392968178491811,-0.039403689950067315,,,
sample,1779736539.0233178,66.68350982666016,1.442,-0.11426276480372428,-0.011302603602881198,0,2.933102387873846,0.8051286012812557,89.31065468134332,-0.04334796357964386,-0.03767694975224637,,,
sample,1779736539.0727751,66.7329671382904,1.442,0.0,-0.011311550322677767,0,2.933102387873846,0.8051286012812557,89.31065468134332,-0.043128156760342595,-0.0377067759646869,,,
sample,1779736539.1229644,66.7831563949585,1.3619,0.017701053348636038,-0.012922846351610446,0,3.0653347043109873,0.8140671489391111,89.44318876429773,-0.047573201868176464,-0.043078552570887614,,,
sample,1779736539.172498,66.83269000053406,1.3619,0.0,-0.012922846351610446,0,3.0653347043109873,0.8140671489391111,89.44318876429773,-0.047573201868176464,-0.043078552570887614,,,
sample,1779736539.2254047,66.88559675216675,1.442,0.028536811635851637,-0.014244207073896115,0,3.212946693683015,0.8242692254503257,89.59115288755572,-0.05386354537912264,-0.047483901743719414,,,
sample,1779736539.27352,66.93371200561523,1.442,0.0,-0.014244207073896115,0,3.212946693683015,0.8242692254503257,89.59115288755572,-0.05386354537912264,-0.047483901743719414,,,
sample,1779736539.3236804,66.98387241363525,1.3619,-0.1496407219507253,-0.013604829048029189,0,3.373998358846427,0.8341861460465647,89.75250958610282,-0.05028256917646656,-0.04535222829669933,,,
sample,1779736539.3723075,67.03249955177307,1.3619,0.0,-0.013604829048029189,0,3.373998358846427,0.8341861460465647,89.75250958610282,-0.05028256917646656,-0.04535222829669933,,,
sample,1779736539.4247248,67.08491683006287,1.442,-0.15156947371522134,-0.010868363737135463,0,3.465495986351505,0.8337698836059797,89.8440081604823,-0.04159468153037796,-0.03622930561961039,,,
sample,1779736539.472566,67.13275790214539,1.442,0.0,-0.011212791759173285,0,3.465495986351505,0.8337698836059797,89.8440081604823,-0.04243982650666243,-0.0373775389952394,,,
sample,1779736539.5239768,67.1841688156128,1.442,0.008253137283862622,-0.01223512387336159,0,3.6092645890726844,0.8415377442498211,89.9879864601923,-0.04619116456331979,-0.04078578145163683,,,
sample,1779736539.5727108,67.23290276527405,1.442,0.0,-0.01223512387336159,0,3.6092645890726844,0.8415377442498211,89.9879864601923,-0.04619116456331979,-0.04078578145163683,,,
sample,1779736539.62364,67.28383207321167,1.3619,-0.20999254892609584,-0.010133268064583456,0,3.746233321750476,0.8474698722613327,90.12508359318241,-0.03781285811548506,-0.03377871639120787,,,
sample,1779736539.6733663,67.33355832099915,1.3619,0.0,-0.010133268064583456,0,3.746233321750476,0.8474698722613327,90.12508359318241,-0.03781285811548506,-0.03377871639120787,,,
sample,1779736539.7230542,67.38324618339539,1.442,-0.005095486845136959,-0.010550435508064806,0,3.8908085777262853,0.8536947670952167,90.2697927979904,-0.04036881855679018,-0.03516942329254042,,,
sample,1779736539.7727509,67.43294286727905,1.442,0.0,-0.010550435508064806,0,3.8908085777262853,0.8536947670952167,90.2697927979904,-0.04036881855679018,-0.03516942329254042,,,
sample,1779736539.8232443,67.48343634605408,1.3619,-0.08262104805393632,-0.010159194732252104,0,4.0099217984854905,0.8582607039142853,90.38899349907335,-0.0381404814818559,-0.03386514751420894,,,
sample,1779736539.875084,67.53527593612671,1.3619,-0.01049477177959245,-0.010240656803862522,0,4.025455270271823,0.8588561445404819,90.4045383791075,-0.03786735104481328,-0.03413671600565534,,,
sample,1779736539.923353,67.58354496955872,1.442,0.0005029875852094821,-0.010618017172558026,0,4.171808756883241,0.8644698340479102,90.55099948846151,-0.040297971015046515,-0.0353947207457992,,,
sample,1779736539.9723687,67.63256072998047,1.442,0.0,-0.010618017172558026,0,4.171808756883241,0.8644698340479102,90.55099948846151,-0.040297971015046515,-0.0353947207457992,,,
sample,1779736540.0239,67.68409204483032,1.3619,-0.054180484342324774,-0.009590971813679594,0,4.2901078542090545,0.8602108183194248,90.66937522771191,-0.03569234519105723,-0.03197088635081731,,,
sample,1779736540.0726125,67.73280453681946,1.3619,0.0,-0.009590971813679594,0,4.2901078542090545,0.8602108183194248,90.66937522771191,-0.03569234519105723,-0.03197088635081731,,,
sample,1779736540.1236506,67.78384256362915,1.442,0.05569515083583452,-0.010721182393414174,0,4.441571909591962,0.8660282064084491,90.82095095821391,-0.041036044262753577,-0.035738643966482214,,,
sample,1779736540.1725776,67.83276963233948,1.442,0.0,-0.010721182393414174,0,4.441571909591962,0.8660282064084491,90.82095095821391,-0.041036044262753577,-0.035738643966482214,,,
sample,1779736540.2246118,67.88480377197266,1.442,0.0294663353759111,-0.0117965242251067,0,4.567470598280862,0.8710713523650941,90.94695061350997,-0.044690697909008,-0.03932357149691978,,,
sample,1779736540.2723053,67.93249726295471,1.442,0.002383379853651084,-0.011826506079184573,0,4.576804410888112,0.8714452385413565,90.95629191152791,-0.044983332749981626,-0.03942352495456752,,,
sample,1779736540.3233683,67.98356032371521,1.3619,-0.1196335415104061,-0.011826506079184573,0,4.751778973321829,0.8773229026155915,91.13136516600683,-0.044983332749981626,-0.03942352495456752,,,
sample,1779736540.3737175,68.03390955924988,1.3619,-0.00691189594353462,-0.011235355776844919,0,4.761746908058781,0.8776577408405473,91.14133872302311,-0.04129912603768233,-0.03745276186364775,,,
sample,1779736540.4240046,68.0841965675354,1.442,-0.16739447861706794,-0.008941778771006988,0,4.857334196217302,0.880063333729632,91.2369562765091,-0.0337235816128482,-0.02980672364383707,,,
sample,1779736540.4729567,68.13314867019653,1.442,0.0,-0.008941778771006988,0,4.857334196217302,0.880063333729632,91.2369562765091,-0.0337235816128482,-0.02980672364383707,,,
sample,1779736540.5230541,68.18324613571167,1.3619,-0.5491808010135405,0.000982443894321578,0,4.995125401798235,0.856901219979356,91.3766806475001,0.003663317290644946,0.0032748140346844697,,,
sample,1779736540.5732677,68.23345971107483,1.3619,0.0,0.000982443894321578,0,4.995125401798235,0.856901219979356,91.3766806475001,0.003663317290644946,0.0032748140346844697,,,
sample,1779736540.6233215,68.28351354598999,1.3619,0.0166049064537257,0.000786006782588431,0,5.11776308388199,0.8567188960007368,91.49931846511322,0.002895928732040665,0.002620023148184045,,,
sample,1779736540.6738038,68.3339958190918,1.3619,0.0006655637231926526,0.0007768873965689732,0,5.122720766126533,0.8567115254736997,91.5042761528366,0.002868521107904994,0.002589625176222833,,,
sample,1779736540.7247188,68.38491082191467,1.442,-0.005837558315232562,0.0008563940198256652,0,5.264579989829399,0.8564584616465489,91.6461356022606,0.0032392375676722446,0.002854647430628592,,,
sample,1779736540.7737029,68.4338948726654,1.442,0.0,0.0008563940198256652,0,5.264579989829399,0.8564584616465489,91.6461356022606,0.0032392375676722446,0.002854647430628592,,,
sample,1779736540.8232582,68.48345017433167,1.3619,-0.12806973885202352,0.0027099868503066733,0,5.403563381435897,0.8553284405072252,91.7851235876774,0.010142816230648144,0.00903331161466641,,,
sample,1779736540.872426,68.53261804580688,1.3619,0.0,0.0027099868503066733,0,5.403563381435897,0.8553284405072252,91.7851235876774,0.010142816230648144,0.00903331161466641,,,
sample,1779736540.9240916,68.58428359031677,1.442,0.2614926802298114,-0.0009775979475109293,0,5.545358413903997,0.8560912655653866,91.92692067204341,-0.003746753353478079,-0.0032586608631347803,,,
sample,1779736540.9727485,68.63294053077698,1.442,0.0,-0.0009775979475109293,0,5.545358413903997,0.8560912655653866,91.92692067204341,-0.003746753353478079,-0.0032586608631347803,,,
sample,1779736541.0238326,68.68402457237244,1.3619,0.22148121818931285,-0.004324758877874252,0,5.6791067858968995,0.8583242518281801,92.06068768306781,-0.016013805380722786,-0.014415952802806425,,,
sample,1779736541.0727713,68.73296332359314,1.3619,0.0,-0.004324758877874252,0,5.6791067858968995,0.8583242518281801,92.06068768306781,-0.016013805380722786,-0.014415952802806425,,,
sample,1779736541.1238534,68.78404545783997,1.3619,0.7197334245923642,-0.016168530300989213,0,5.7892965732957755,0.8751580460021011,92.1721559111568,-0.06017454124707326,-0.053899797938200815,,,
sample,1779736541.1735027,68.83369469642639,1.3619,0.0,-0.016168530300989213,0,5.7892965732957755,0.8751580460021011,92.1721559111568,-0.06017454124707326,-0.053899797938200815,,,
sample,1779736541.224402,68.88459396362305,1.442,0.1099119071597146,-0.018149470310643526,0,5.933131288550962,0.883661924702914,92.31624179271881,-0.06925433200680425,-0.06050487801631715,,,
sample,1779736541.2733028,68.93349480628967,1.442,0.0,-0.018149470310643526,0,5.933131288550962,0.883661924702914,92.31624179271881,-0.06925433200680425,-0.06050487801631715,,,
sample,1779736541.3232296,68.98342156410217,1.3619,0.0975812289617379,-0.019063724361898588,0,6.118009917133806,0.8954965540880616,92.5014988189266,-0.06925433200680425,-0.0635534470424584,,,
sample,1779736541.3741276,69.03431963920593,1.3619,0.0,-0.021533918201171794,0,6.118009917133806,0.8954965540880616,92.5014988189266,-0.07943332426978543,-0.07179082437924171,,,
sample,1779736541.4233992,69.08359122276306,1.442,0.030451085336610097,-0.021990323193961624,0,6.2095284269319215,0.9014928132770333,92.5932135547106,-0.08309405565553853,-0.0733128951051863,,,
sample,1779736541.4730408,69.13323283195496,1.442,0.0,-0.021990323193961624,0,6.2095284269319215,0.9014928132770333,92.5932135547106,-0.08309405565553853,-0.0733128951051863,,,
sample,1779736541.52917,69.18936204910278,1.3619,-0.02490294557139104,-0.02308824233987993,0,6.346808081783786,0.910294632541322,92.7307750887912,-0.08625565466760113,-0.07697448580341662,,,
sample,1779736541.5754206,69.23561263084412,1.3619,0.0,-0.02308824233987993,0,6.346808081783786,0.910294632541322,92.7307750887912,-0.08625565466760113,-0.07697448580341662,,,
sample,1779736541.6251986,69.28539061546326,1.442,0.1876020170307249,-0.028418619636509348,0,6.478037792932451,0.9415009188743274,92.86566418914724,-0.10828470039627028,-0.09475424190382219,,,
sample,1779736541.6730614,69.33325338363647,1.442,0.0,-0.028418619636509348,0,6.478037792932451,0.9415009188743274,92.86566418914724,-0.10828470039627028,-0.09475424190382219,,,
sample,1779736541.723642,69.38383412361145,1.3619,0.08242459125083013,-0.03511139084235373,0,6.568725725389211,0.9796533707251657,92.96405072621158,-0.12965737333642036,-0.11708608838719277,,,
sample,1779736541.77269,69.43288207054138,1.3619,0.007258308463732553,-0.035207175353006125,0,6.579961311954354,0.9805303059983377,92.97532048312716,-0.13065200818898098,-0.11740576510322809,,,
sample,1779736541.82452,69.48471212387085,1.442,-0.05450580345179487,-0.034484879682407314,0,6.723479001750691,0.9913240087851787,93.11924348790517,-0.13115344365026113,-0.11499518691332122,,,
sample,1779736541.8727705,69.53296256065369,1.442,0.0,-0.034484879682407314,0,6.723479001750691,0.9913240087851787,93.11924348790517,-0.13115344365026113,-0.11499518691332122,,,
sample,1779736541.9236667,69.58385872840881,1.3619,-0.239500872500465,-0.03324459177626981,0,6.859493897465784,0.9998875293377317,93.25552769733767,-0.12488187948337734,-0.11085614844187469,,,
sample,1779736541.9732432,69.63343524932861,1.3619,0.0,-0.03324459177626981,0,6.859493897465784,0.9998875293377317,93.25552769733767,-0.12488187948337734,-0.11085614844187469,,,
sample,1779736542.025806,69.68599796295166,1.442,0.0016878698228124016,-0.03308765433138714,0,7.003343031405344,1.008957107651918,93.39966246269967,-0.1273767014871955,-0.11033244776931095,,,
sample,1779736542.0731578,69.73334980010986,1.442,0.0,-0.03308765433138714,0,7.003343031405344,1.008957107651918,93.39966246269967,-0.1273767014871955,-0.11033244776931095,,,
sample,1779736542.122836,69.78302812576294,1.3619,-0.42003472411786325,-0.02833295488861412,0,7.102808314040872,1.0046453064149519,93.49922115935482,-0.10601637343566055,-0.0944684627005345,,,
sample,1779736542.173284,69.83347606658936,1.3619,-0.004219476602337189,-0.028276309735117355,0,7.105771400984913,1.0047694921148036,93.50218684752555,-0.10594187668435516,-0.09427949417003062,,,
sample,1779736542.2236817,69.88387370109558,1.442,-0.13073486732643028,-0.02604630277495765,0,7.250136710256878,1.0098673697667824,93.64664213776355,-0.10001115604546902,-0.08684064798951632,,,
sample,1779736542.2729082,69.93310022354126,1.442,0.0,-0.02604630277495765,0,7.250136710256878,1.0098673697667824,93.64664213776355,-0.10001115604546902,-0.08684064798951632,,,
sample,1779736542.32364,69.98383212089539,1.442,-0.15760728357947604,-0.02443130707059039,0,7.397576052317796,1.0138937535543366,93.79413644732755,-0.09367438671006735,-0.08145389718559877,,,
sample,1779736542.372653,70.03284502029419,1.442,0.0,-0.02443130707059039,0,7.397576052317796,1.0138937535543366,93.79413644732755,-0.09367438671006735,-0.08145389718559877,,,
sample,1779736542.423581,70.08377289772034,1.3619,-0.1563647964765326,-0.0237150497294776,0,7.53054099933091,1.0164654347082471,93.92712626151705,-0.08778682648420356,-0.07906498846497548,,,
sample,1779736542.4730396,70.13323163986206,1.3619,0.0,-0.0237150497294776,0,7.53054099933091,1.0164654347082471,93.92712626151705,-0.08778682648420356,-0.07906498846497548,,,
sample,1779736542.5249796,70.1851716041565,1.442,-0.19795627572834107,-0.020143573213840048,0,7.675691693412417,1.017780070436402,94.07228290883104,-0.07646421321598464,-0.06715432721773118,,,
sample,1779736542.5816345,70.24182653427124,1.442,0.0,-0.020143573213840048,0,7.675691693412417,1.017780070436402,94.07228290883104,-0.07646421321598464,-0.06715432721773118,,,
sample,1779736542.6273901,70.28758215904236,1.3619,-0.1878749423083069,-0.018786749870018684,0,7.816021744222044,1.0178446864779302,94.21261297451714,-0.07059563042758832,-0.06262986797644776,,,
sample,1779736542.6772983,70.33749032020569,1.3619,0.0,-0.018786749870018684,0,7.816021744222044,1.0178446864779302,94.21261297451714,-0.07059563042758832,-0.06262986797644776,,,
sample,1779736542.729221,70.38941311836243,1.442,-0.007605424128876919,-0.017637365959258886,0,7.960963931298748,1.016516990712881,94.35756124242891,-0.06651819881479157,-0.05879731681530173,,,
sample,1779736542.775127,70.43531894683838,1.442,0.0,-0.017637365959258886,0,7.960963931298748,1.016516990712881,94.35756124242891,-0.06651819881479157,-0.05879731681530173,,,
sample,1779736542.8274407,70.48763275146484,1.3619,-0.10291531509904835,-0.01687270211248804,0,8.096810611790668,1.014740466463986,94.4934195386021,-0.06286231114952633,-0.05624767815737001,,,
sample,1779736542.87719,70.53738212585449,1.3619,0.0,-0.01687270211248804,0,8.096810611790668,1.014740466463986,94.4934195386021,-0.06286231114952633,-0.05624767815737001,,,
sample,1779736542.9295151,70.58970713615417,1.442,-0.0873019585870107,-0.014674135280332793,0,8.24190833953452,1.0132951585961465,94.63852446447045,-0.0560679487304316,-0.048917295442604536,,,
sample,1779736542.975976,70.63616800308228,1.442,-0.0015968848557958108,-0.01465474062685434,0,8.244264952231426,1.0132716845492042,94.64088119407609,-0.0560504736795628,-0.04885263269322226,,,
sample,1779736543.027107,70.68729901313782,1.3619,-0.12311280304447733,-0.013473965458672526,0,8.375671382841166,1.0111354218435888,94.77230498805548,-0.049729460746143664,-0.044915936357463146,,,
sample,1779736543.0761976,70.73638963699341,1.3619,0.0,-0.013473965458672526,0,8.375671382841166,1.0111354218435888,94.77230498805548,-0.049729460746143664,-0.044915936357463146,,,
sample,1779736543.130498,70.79068994522095,1.442,-0.1739363560592699,-0.009814960714491684,0,8.513905156118467,1.0075819931586207,94.91058442589748,-0.03705018143430375,-0.032717586321083264,,,
sample,1779736543.1750326,70.83522462844849,1.442,0.0,-0.009814960714491684,0,8.513905156118467,1.0075819931586207,94.91058442589748,-0.03705018143430375,-0.032717586321083264,,,
sample,1779736543.22928,70.88947200775146,1.442,-0.05822337978866632,-0.008640890206780955,0,8.619530150213063,1.0044159679345226,95.0162568588836,-0.032696998696561765,-0.028803684235041593,,,
sample,1779736543.2782435,70.9384355545044,1.442,0.009147972284447126,-0.00875316279487208,0,8.648060764455275,1.0035513664791886,95.04480057070799,-0.033529293235310766,-0.029177954504180457,,,
sample,1779736543.3306456,70.99083757400513,1.442,-0.06683421419756036,-0.00728958971155789,0,8.764562141620663,0.9997326205595078,95.16136451754333,-0.02752728761104322,-0.024299062775540704,,,
sample,1779736543.3737335,71.03392553329468,1.442,0.0,-0.00728958971155789,0,8.764562141620663,0.9997326205595078,95.16136451754333,-0.02752728761104322,-0.024299062775540704,,,
sample,1779736543.424613,71.08480501174927,1.442,0.00360202701362937,-0.00698904693043493,0,8.902330288780878,0.9954293602348558,95.29919985561519,-0.02682463914663118,-0.023297202433769017,,,
sample,1779736543.4743378,71.13452982902527,1.442,0.0,-0.00698904693043493,0,8.902330288780878,0.9954293602348558,95.29919985561519,-0.02682463914663118,-0.023297202433769017,,,
sample,1779736543.524182,71.1843740940094,1.3619,-0.03440058672925391,-0.006476922054936839,0,9.040902431088508,0.9907931587880139,95.4378495328149,-0.02406892387286166,-0.021590042088459622,,,
sample,1779736543.5749977,71.23518967628479,1.3619,0.0,-0.006476922054936839,0,9.040902431088508,0.9907931587880139,95.4378495328149,-0.02406892387286166,-0.021590042088459622,,,
sample,1779736543.6342983,71.29449033737183,1.3619,0.01825504841181807,-0.006332355043622108,0,9.174804351283694,0.9864583195013197,95.57182160103659,-0.02362913480383737,-0.021108132282526098,,,
sample,1779736543.680007,71.34019899368286,1.3619,0.0,-0.006194662800919306,0,9.174804351283694,0.9864583195013197,95.57182160103659,-0.022860893819179866,-0.02064914013272294,,,
sample,1779736543.733164,71.39335608482361,1.442,0.04970725968110736,-0.0059104373341147655,0,9.326199124600288,0.9819575951668988,95.7232832592446,-0.022438376390485786,-0.01970168719569951,,,
sample,1779736543.7774682,71.43766021728516,1.442,0.0,-0.0059104373341147655,0,9.326199124600288,0.9819575951668988,95.7232832592446,-0.022438376390485786,-0.01970168719569951,,,
sample,1779736543.8272588,71.48745083808899,1.442,-0.037966116732570936,-0.005002196698984493,0,9.44763168419709,0.9776300558431141,95.84479290547414,-0.01916686107202035,-0.016674128070034513,,,
sample,1779736543.874379,71.5345709323883,1.442,0.0,-0.005002196698984493,0,9.44763168419709,0.9776300558431141,95.84479290547414,-0.01916686107202035,-0.016674128070034513,,,
sample,1779736543.9231222,71.58331418037415,1.3619,-0.029722563071445194,-0.004453292706118585,0,9.570393586583277,0.9734579191688613,95.96762568368054,-0.016407068441580772,-0.014844407151041746,,,
sample,1779736543.9723818,71.63257384300232,1.3619,0.0,-0.004453292706118585,0,9.570393586583277,0.9734579191688613,95.96762568368054,-0.016407068441580772,-0.014844407151041746,,,
sample,1779736544.0234907,71.68368268013,1.442,-0.22555500512444848,-0.0008641490440491884,0,9.710229880663952,0.9672189550360963,96.10760108800454,-0.0033060514147946678,-0.002880497530504603,,,
sample,1779736544.07267,71.73286199569702,1.442,0.0,-0.0002580074772990214,0,9.710229880663952,0.9672189550360963,96.10760108800454,-0.000973076707848962,-0.0008600249434134112,,,
sample,1779736544.12419,71.78438210487366,1.3619,-0.07325026642160182,0.001065655921697261,0,9.848322744537418,0.9605355049539803,96.24585559085264,0.003975288778813882,0.003552187750305801,,,
sample,1779736544.1733935,71.83358550071716,1.3619,0.0,0.001065655921697261,0,9.848322744537418,0.9605355049539803,96.24585559085264,0.003975288778813882,0.003552187750305801,,,
sample,1779736544.2241402,71.8843321800232,1.442,-0.2296669677545578,0.0053383160300723145,0,9.994557705104663,0.9517486134820201,96.39235430468264,0.02043820498324748,0.017794555801380313,,,
sample,1779736544.2724962,71.93268823623657,1.442,0.0,0.0053383160300723145,0,9.994557705104663,0.9517486134820201,96.39235430468264,0.02043820498324748,0.017794555801380313,,,
sample,1779736544.3230913,71.9832832813263,1.3619,-0.21224999910727568,0.010095637015416343,0,10.11384937901478,0.9372895071386733,96.51251906332895,0.03712140929079828,0.0336532667273033,,,
sample,1779736544.3729208,72.03311276435852,1.3619,0.0,0.010095637015416343,0,10.11384937901478,0.9372895071386733,96.51251906332895,0.03712140929079828,0.0336532667273033,,,
sample,1779736544.4236293,72.0838212966919,1.442,0.08031677062473785,0.009764976987654014,0,10.251866335988886,0.9280726811015203,96.65084342956496,0.03734957938942497,0.03255095792851985,,,
sample,1779736544.4731884,72.13338041305542,1.442,0.0,0.009681671861023063,0,10.251866335988886,0.9280726811015203,96.65084342956496,0.03720403073780851,0.03227324791820211,,,
sample,1779736544.523043,72.18323493003845,1.3619,0.1929989424511394,0.008214142331919234,0,10.391290435105574,0.9201085649087597,96.79049480464316,0.03057173311861933,0.027381090262700216,,,
sample,1779736544.5726895,72.23288154602051,1.3619,0.0,0.008214142331919234,0,10.391290435105574,0.9201085649087597,96.79049480464316,0.03057173311861933,0.027381090262700216,,,
sample,1779736544.6240215,72.28421354293823,1.442,0.14158433571906903,0.007081303106110619,0,10.529284644493444,0.9132319139632763,96.92866024950116,0.02694973159667841,0.023604738240402805,,,
sample,1779736544.6724076,72.33259963989258,1.442,0.0,0.007081303106110619,0,10.529284644493444,0.9132319139632763,96.92866024950116,0.02694973159667841,0.023604738240402805,,,
sample,1779736544.7248979,72.38508987426758,1.3619,0.05471058015828576,0.007199883491778029,0,10.667381989421447,0.9067476364989078,97.06690974328106,0.02652056294659216,0.02400002634772692,,,
sample,1779736544.772407,72.43259906768799,1.3619,0.0,0.007199883491778029,0,10.667381989421447,0.9067476364989078,97.06690974328106,0.02652056294659216,0.02400002634772692,,,
sample,1779736544.8256903,72.48588228225708,1.3619,0.5721702029230139,-0.0012860575681176722,0,10.796432419013932,0.9080397672516265,97.19596664150772,-0.004797120674266196,-0.004286860923801901,,,
sample,1779736544.8722878,72.532479763031,1.3619,0.013672578000571516,-0.0014568576247957748,0,10.803954271198405,0.9079209440010989,97.20348943216345,-0.005452307475321387,-0.004856195518304788,,,
sample,1779736544.9259748,72.5861668586731,1.442,0.1087405063097828,-0.0026479545294885165,0,10.944379606479904,0.9065225707251066,97.34392172986145,-0.010142434987522458,-0.00882653572786992,,,
sample,1779736544.973123,72.63331508636475,1.442,0.0,-0.0026479545294885165,0,10.944379606479904,0.9065225707251066,97.34392172986145,-0.010142434987522458,-0.00882653572786992,,,
sample,1779736545.0246143,72.68480634689331,1.3619,0.13448955295734466,-0.004644427752030481,0,11.079245670241757,0.9061135529443858,97.47878841385035,-0.017195140720378577,-0.015481537156173383,,,
sample,1779736545.0738423,72.73403429985046,1.3619,0.0,-0.004644427752030481,0,11.079245670241757,0.9061135529443858,97.47878841385035,-0.017195140720378577,-0.015481537156173383,,,
sample,1779736545.124658,72.78485012054443,1.3619,0.25079902311323793,-0.012935677763399402,0,11.219836820950968,0.9074789886278969,97.61938619502895,-0.04772723372126739,-0.04312133109422641,,,
sample,1779736545.1733913,72.83358335494995,1.3619,0.0,-0.014165334753013414,0,11.219836820950968,0.9074789886278969,97.61938619502895,-0.05221729650676519,-0.04722094095182628,,,
sample,1779736545.2230637,72.88325572013855,1.442,0.17673409946085658,-0.016062164777061044,0,11.35704527880119,0.9100163442473237,97.75661811215895,-0.06185831401089357,-0.05354515409683655,,,
sample,1779736545.2733436,72.9335355758667,1.442,0.0,-0.016062164777061044,0,11.35704527880119,0.9100163442473237,97.75661811215895,-0.06185831401089357,-0.05354515409683655,,,
sample,1779736545.324407,72.98459911346436,1.3619,0.13548641526817579,-0.02495876025154716,0,11.493382164604961,0.9134812757478805,97.89299902057715,-0.09293519425102287,-0.08321314714745714,,,
sample,1779736545.3728585,73.03305053710938,1.3619,0.0,-0.02495876025154716,0,11.493382164604961,0.9134812757478805,97.89299902057715,-0.09293519425102287,-0.08321314714745714,,,
sample,1779736545.4229388,73.08313083648682,1.3619,0.0,-0.02495876025154716,0,11.493382164604961,0.9134812757478805,97.89299902057715,-0.09293519425102287,-0.08321314714745714,,,
sample,1779736545.472644,73.13283610343933,1.3619,0.0,-0.02495876025154716,0,11.493382164604961,0.9134812757478805,97.89299902057715,-0.09293519425102287,-0.08321314714745714,,,
sample,1779736545.5246515,73.18484354019165,1.442,-0.3028917467816706,-0.024712530008522297,0,11.744894372252542,0.9052186996722857,98.14464691100973,-0.09366754827190275,-0.08239187320131429,,,
sample,1779736545.5725715,73.23276352882385,1.442,0.0,-0.024489859911948,0,11.744894372252542,0.9052186996722857,98.14464691100973,-0.09366586698290363,-0.08164919014792454,,,
sample,1779736545.6235118,73.28370380401611,1.442,-0.026366152804478647,-0.01865783622603813,0,11.885327481263776,0.9063861879001687,98.28508487288373,-0.07112798768384401,-0.06220000516951371,,,
sample,1779736545.672466,73.33265805244446,1.442,0.0,-0.01865783622603813,0,11.885327481263776,0.9063861879001687,98.28508487288373,-0.07112798768384401,-0.06220000516951371,,,
sample,1779736545.7244372,73.38462924957275,1.3619,-0.06866172126266401,-0.006857654518805408,0,12.02093980016377,0.9070296541112626,98.42069871836493,-0.025298765948833745,-0.022859206733688686,,,
sample,1779736545.7725925,73.43278455734253,1.3619,0.0,-0.006857654518805408,0,12.02093980016377,0.9070296541112626,98.42069871836493,-0.025298765948833745,-0.022859206733688686,,,
sample,1779736545.8237662,73.48395824432373,1.3619,0.0,-0.006857654518805408,0,12.02093980016377,0.9070296541112626,98.42069871836493,-0.025298765948833745,-0.022859206733688686,,,
sample,1779736545.8723817,73.53257369995117,1.3619,0.0,-0.006857654518805408,0,12.02093980016377,0.9070296541112626,98.42069871836493,-0.025298765948833745,-0.022859206733688686,,,
sample,1779736545.9271865,73.58737850189209,1.442,-0.14458022358664682,0.0299768850699694,0,12.266389617206228,0.9008010944521732,98.66622755097244,0.11306244369389137,0.09995289170422929,,,
sample,1779736545.9727635,73.63295555114746,1.442,-0.007149593658690134,0.030062859685977467,0,12.28109732053744,0.9007495483219676,98.6809353446303,0.1140970759514388,0.10023973217867589,,,
sample,1779736546.0229774,73.6831693649292,1.3619,0.01625763944777173,0.03726909610638513,0,12.415188748686422,0.9003890653841942,98.8150272573282,0.1394145538582597,0.12428787036817873,,,
sample,1779736546.0732837,73.73347568511963,1.3619,0.0,0.03726909610638513,0,12.415188748686422,0.9003890653841942,98.8150272573282,0.1394145538582597,0.12428787036817873,,,
sample,1779736546.1234276,73.78361964225769,1.442,-0.16974959139583934,0.06032703855944054,0,12.557160370322586,0.8987988817052359,98.9570077842822,0.22916995433105727,0.20133443006973042,,,
sample,1779736546.1731758,73.83336782455444,1.442,0.0,0.06032703855944054,0,12.557160370322586,0.8987988817052359,98.9570077842822,0.22916995433105727,0.20133443006973042,,,
sample,1779736546.2231622,73.88335418701172,1.3619,-0.24368854856069222,0.07266858452242274,0,12.693157106079424,0.8956185147420322,99.0930417023708,0.2721229241071877,0.24265589839729954,,,
sample,1779736546.2723713,73.93256330490112,1.3619,0.0,0.07266858452242274,0,12.693157106079424,0.8956185147420322,99.0930417023708,0.2721229241071877,0.24265589839729954,,,
sample,1779736546.3242567,73.98444867134094,1.3619,0.2625519084206306,0.08098460721783009,0,12.826486713513203,0.8943661294454592,99.22637719159769,0.30501288784529484,0.2705403964808574,,,
sample,1779736546.3730507,74.03324270248413,1.3619,0.0074983117156214715,0.08089089976710735,0,12.830067650859593,0.894332493155914,99.22995828691599,0.3051173796452967,0.27022598310842727,,,
sample,1779736546.4282231,74.08841514587402,1.3619,0.4097421583448287,0.09253132464669625,0,12.96573181461368,0.8961252094962933,99.36563429496078,0.34878188216231965,0.3093210601954875,,,
sample,1779736546.4729726,74.13316464424133,1.3619,0.0,0.09253132464669625,0,12.96573181461368,0.8961252094962933,99.36563429496078,0.34878188216231965,0.3093210601954875,,,
sample,1779736546.5248268,74.18501877784729,1.3619,0.8466316838743649,0.10957001186909937,0,13.108492853371246,0.9126882126206256,99.50935293418213,0.42397074248302585,0.36670203992348743,,,
sample,1779736546.573573,74.23376512527466,1.3619,0.0,0.10957001186909937,0,13.108492853371246,0.9126882126206256,99.50935293418213,0.42397074248302585,0.36670203992348743,,,
sample,1779736546.624458,74.28465008735657,1.442,0.7436599586329043,0.13374089264140288,0,13.245780453378558,0.9257638254522559,99.64726180542213,0.5299375445207073,0.44848010142286227,,,
sample,1779736546.6724148,74.33260679244995,1.442,0.0,0.13374089264140288,0,13.245780453378558,0.9257638254522559,99.64726180542213,0.5299375445207073,0.44848010142286227,,,
sample,1779736546.724264,74.38445591926575,1.3619,0.7123736552983799,0.13730618632639685,0,13.380730618666306,0.9436666043182553,99.78339430191843,0.5391075649084153,0.46058540274064885,,,
sample,1779736546.7734857,74.43367767333984,1.3619,0.0,0.13730618632639685,0,13.380730618666306,0.9436666043182553,99.78339430191843,0.5391075649084153,0.46058540274064885,,,
sample,1779736546.8232977,74.4834897518158,1.2818,1.0099668562706046,0.13814346536461422,0,13.505933340585557,0.9667344385956983,99.91070434297663,0.5338152381413837,0.4634299484622244,,,
sample,1779736546.8727722,74.53296422958374,1.2818,0.0,0.13814346536461422,0,13.505933340585557,0.9667344385956983,99.91070434297663,0.5338152381413837,0.4634299484622244,,,
sample,1779736546.927064,74.58725595474243,1.3619,1.1016554538808194,0.14483421896319745,0,13.641237930569236,1.00013431487606,100.05007034961453,0.5700867420766277,0.48618505356782604,,,
sample,1779736546.9731243,74.63331627845764,1.3619,0.0,0.14483421896319745,0,13.641237930569236,1.00013431487606,100.05007034961453,0.5700867420766277,0.48618505356782604,,,
sample,1779736547.023085,74.68327713012695,1.2818,1.419579190546747,0.14082866781223305,0,13.777874863980454,1.0288569891685087,100.18969356971252,0.5434044284218906,0.4725570606841469,,,
sample,1779736547.0729043,74.73309636116028,1.2818,0.0,0.14281750520800812,0,13.777874863980454,1.0288569891685087,100.18969356971252,0.5506476729493343,0.4793216731718813,,,
sample,1779736547.1242938,74.78448581695557,1.2818,1.1080398854870848,0.14655743805339105,0,13.898371284446803,1.075575963307514,100.31892998056412,0.565342705883428,0.49205279605644936,,,
sample,1779736547.1725168,74.8327088356018,1.2818,0.0,0.14655743805339105,0,13.898371284446803,1.075575963307514,100.31892998056412,0.565342705883428,0.49205279605644936,,,
sample,1779736547.2237427,74.88393473625183,1.2818,1.2705282438180925,0.14798613642312144,0,14.012141647037936,1.1284380320447207,100.44438153980232,0.5671364536056376,0.49691992693843107,,,
sample,1779736547.2727761,74.93296813964844,1.2818,0.0,0.14798613642312144,0,14.012141647037936,1.1284380320447207,100.44438153980232,0.5671364536056376,0.49691992693843107,,,
sample,1779736547.3251746,74.98536658287048,1.3619,1.324690278197212,0.14562544872089192,0,14.134047693987934,1.1957292996458002,100.58362664376773,0.5740055711283067,0.4888789058355805,,,
sample,1779736547.372335,75.03252696990967,1.3619,0.0,0.14562544872089192,0,14.134047693987934,1.1957292996458002,100.58362664376773,0.5740055711283067,0.4888789058355805,,,
sample,1779736547.4264398,75.08663177490234,1.2818,1.4434271431293386,0.1385712222969213,0,14.238507608821095,1.2645372513267863,100.70871224654232,0.5348245572219205,0.4648834518952595,,,
sample,1779736547.472741,75.13293290138245,1.2818,0.0,0.13608915904034433,0,14.238507608821095,1.2645372513267863,100.70871224654232,0.5133355554287294,0.45645188453282587,,,
sample,1779736547.5238082,75.18400025367737,1.2818,1.41436313527764,0.12820046437474025,0,14.342333036824353,1.3442379056586047,100.83960118343532,0.48696598224775206,0.42969150934569567,,,
sample,1779736547.5731997,75.23339176177979,1.2818,0.0,0.12820046437474025,0,14.342333036824353,1.3442379056586047,100.83960118343532,0.48696598224775206,0.42969150934569567,,,
sample,1779736547.6241138,75.28430581092834,1.3619,1.7974249293812734,0.12077404202654894,0,14.458196536808895,1.4155502555721904,100.9756519161745,0.46486827505296624,0.40454902261491144,,,
sample,1779736547.6741362,75.33432817459106,1.3619,0.0,0.12077404202654894,0,14.458196536808895,1.4155502555721904,100.9756519161745,0.46486827505296624,0.40454902261491144,,,
sample,1779736547.7230742,75.38326621055603,1.2818,1.2098773532208051,0.12086663307815398,0,14.568507685067786,1.5303693648570271,101.1348749587505,0.45276521103326745,0.4048622090068538,,,
sample,1779736547.7734144,75.43360638618469,1.2818,0.0,0.12037938012287883,0,14.568507685067786,1.5303693648570271,101.1348749587505,0.4494306867864381,0.40321416970383445,,,
sample,1779736547.8234117,75.4836037158966,1.3619,1.2890214315569921,0.11033289196249563,0,14.636689046718494,1.6111646073163042,101.2405942534918,0.4274264187135467,0.36927596551814307,,,
sample,1779736547.874844,75.53503608703613,1.3619,0.0,0.11040399164885491,0,14.636689046718494,1.6111646073163042,101.2405942534918,0.42273741045656565,0.36951587500980043,,,
sample,1779736547.926855,75.58704710006714,1.2818,1.2450252816157765,0.10289726138803665,0,14.711824620608105,1.7128896443431312,101.3670590217944,0.3841657235543431,0.344206531597069,,,
sample,1779736547.9772024,75.63739442825317,1.2818,0.0,0.10289726138803665,0,14.711824620608105,1.7128896443431312,101.3670590217944,0.3841657235543431,0.344206531597069,,,
sample,1779736548.0270143,75.68720626831055,1.2818,0.0,0.10289726138803665,0,14.711824620608105,1.7128896443431312,101.3670590217944,0.3841657235543431,0.344206531597069,,,
sample,1779736548.0765822,75.7367742061615,1.2818,1.1583306928403674,0.10159454827210994,0,14.81858557026839,1.8775107577250596,101.56326812286638,0.3771463862044421,0.33981843944429047,,,
sample,1779736548.123735,75.78392696380615,1.2818,-0.2775556989422649,0.11147176942678676,0,14.869074708129967,1.8569807854728704,101.61777163470443,0.41417473391037635,0.3731193011185075,,,
sample,1779736548.1763563,75.83654832839966,1.3619,1.149009432888574,0.10033263100526713,0,14.934793676921407,1.9674750551886655,101.74633277385244,0.38533703676966385,0.3355688764279381,,,
sample,1779736548.2283113,75.88850331306458,1.2818,0.4852784532118959,0.10033263100526713,0,14.958295632507118,2.013402397993706,101.79792407867684,0.38533703676966385,0.3355688764279381,,,
sample,1779736548.2764647,75.93665671348572,1.2818,0.6892744219524385,0.0930190772071608,0,14.989234534384963,2.0738629646632782,101.86584090848663,0.34765634073996476,0.31096097679807483,,,
sample,1779736548.32335,75.98354196548462,1.2818,0.0,0.0930190772071608,0,14.989234534384963,2.0738629646632782,101.86584090848663,0.34765634073996476,0.31096097679807483,,,
sample,1779736548.3740633,76.03425526618958,1.3619,1.2469344234739739,0.08228610802053578,0,15.046731109008293,2.2062439539536216,102.01016894602233,0.3133524587071768,0.2749077741686118,,,
sample,1779736548.4228601,76.08305215835571,1.3619,0.0,0.08228610802053578,0,15.046731109008293,2.2062439539536216,102.01016894602233,0.3133524587071768,0.2749077741686118,,,
sample,1779736548.474374,76.13456606864929,1.2818,1.1427813077647087,0.07496686144647337,0,15.08906614880698,2.3219071698074103,102.13333645430433,0.27258400813602524,0.2503587218403812,,,
sample,1779736548.5235085,76.18370056152344,1.2818,0.0,0.07496686144647337,0,15.08906614880698,2.3219071698074103,102.13333645430433,0.27258400813602524,0.2503587218403812,,,
sample,1779736548.5747817,76.23497366905212,1.3619,1.6705784965997255,0.05543623819269643,0,15.129498612854897,2.470765267167987,102.28758792852354,0.20625198171322945,0.18497698845418434,,,
sample,1779736548.6249223,76.28511428833008,1.3619,0.0,0.05543623819269643,0,15.129498612854897,2.470765267167987,102.28758792852354,0.20625198171322945,0.18497698845418434,,,
sample,1779736548.6733725,76.3335645198822,1.3619,0.0,0.05543623819269643,0,15.129498612854897,2.470765267167987,102.28758792852354,0.20625198171322945,0.18497698845418434,,,
sample,1779736548.7231362,76.3833281993866,1.2818,1.2507783581655076,0.04762959429780942,0,15.20409895507,2.6630786366583306,102.49386357697323,0.17542505725020438,0.1588854805496043,,,
sample,1779736548.772524,76.43271613121033,1.2818,0.0,0.04762959429780942,0,15.20409895507,2.6630786366583306,102.49386357697323,0.17542505725020438,0.1588854805496043,,,
sample,1779736548.8233764,76.4835684299469,1.2818,0.0,0.04762959429780942,0,15.20409895507,2.6630786366583306,102.49386357697323,0.17542505725020438,0.1588854805496043,,,
sample,1779736548.8734179,76.53360986709595,1.442,0.9248562769564225,0.037966465102723564,0,15.23913153374963,2.8848185389951686,102.71835381252323,0.14572495567709592,0.1266157263733849,,,
sample,1779736548.9235172,76.58370923995972,1.2818,0.771198909635626,0.03899542683034903,0,15.247605236388702,2.9562606707207624,102.79029671920563,0.1365302772759934,0.13005068301873296,,,
sample,1779736548.9740052,76.63419723510742,1.2818,0.0,0.030876101863959053,0,15.247605236388702,2.9562606707207624,102.79029671920563,0.11050036634899821,0.10295305783137651,,,
sample,1779736549.0254269,76.68561887741089,1.3619,0.7267612410983644,0.020883566091547068,0,15.25690744149628,3.071298612734538,102.90571014616553,0.07730905202978912,0.06962200852690634,,,
sample,1779736549.077611,76.73780298233032,1.3619,0.0,0.020883566091547068,0,15.25690744149628,3.071298612734538,102.90571014616553,0.07730905202978912,0.06962200852690634,,,
sample,1779736549.1226077,76.78279972076416,1.3619,0.0,0.020883566091547068,0,15.25690744149628,3.071298612734538,102.90571014616553,0.07730905202978912,0.06962200852690634,,,
sample,1779736549.1726692,76.83286118507385,1.3619,0.0,0.020883566091547068,0,15.25690744149628,3.071298612734538,102.90571014616553,0.07730905202978912,0.06962200852690634,,,
sample,1779736549.223673,76.88386511802673,1.3619,0.46621685833283133,0.020831350751820396,0,15.310449320211719,3.314173546500169,103.15441673278526,0.07686060911956491,0.0694478816543933,,,
sample,1779736549.2733908,76.93358278274536,1.3619,0.0,0.020831350751820396,0,15.310449320211719,3.314173546500169,103.15441673278526,0.07686060911956491,0.0694478816543933,,,
sample,1779736549.323008,76.98320007324219,1.3619,0.0,0.021167255374435787,0,15.318845880512887,3.461561460903952,103.30204362578647,0.07935137140599012,0.07056805763253397,,,
sample,1779736549.3735504,77.03374242782593,1.3619,0.0,0.021839050211985272,0,15.318845880512887,3.461561460903952,103.30204362578647,0.08048955647470134,0.0728084095888202,,,
sample,1779736549.4230745,77.08326649665833,1.3619,0.37544511618539067,0.01725511253153007,0,15.322687709140089,3.5617844673318344,103.40234023921207,0.06356902264607066,0.057522750805433745,,,
sample,1779736549.4732835,77.13347554206848,1.3619,0.0,0.01725511253153007,0,15.322687709140089,3.5617844673318344,103.40234023921207,0.06356902264607066,0.057522750805433745,,,
sample,1779736549.5226536,77.18284559249878,1.3619,0.0,0.01725511253153007,0,15.322687709140089,3.5617844673318344,103.40234023921207,0.06356902264607066,0.057522750805433745,,,
sample,1779736549.5731733,77.2333652973175,1.3619,0.39374131794330014,0.012210646270323323,0,15.32598502277587,3.7799044062337495,103.62048509939399,0.04532316873955582,0.040704177250532846,,,
sample,1779736549.6283474,77.28853940963745,1.3619,0.05992890397767585,0.011409745752169308,0,15.326991889129095,3.8465094222274883,103.68709772533967,0.04265842492296254,0.03803413631197937,,,
sample,1779736549.673107,77.33329892158508,1.3619,0.0,0.011409745752169308,0,15.326991889129095,3.8465094222274883,103.68709772533967,0.04265842492296254,0.03803413631197937,,,
sample,1779736549.723086,77.38327813148499,1.3619,0.07961038076573547,0.011409745752169308,0,15.327957558056124,3.95190091181256,103.79249363889156,0.04265842492296254,0.03803413631197937,,,
sample,1779736549.7731578,77.43334984779358,1.3619,0.0,0.010584750704630568,0,15.328690662178062,4.017724425607268,103.85832123500394,0.03907441309603857,0.035283820055775544,,,
sample,1779736549.8231099,77.48330187797546,1.3619,0.9492664780248629,-0.0024750555987854313,0,15.325549499518253,4.104265567582421,103.94491936522174,-0.009282556687746574,-0.008250202175930086,,,
sample,1779736549.8721132,77.5323052406311,1.3619,0.0,-0.0024750555987854313,0,15.325549499518253,4.104265567582421,103.94491936522174,-0.009282556687746574,-0.008250202175930086,,,
sample,1779736549.9225283,77.5827202796936,1.3619,0.0,-0.0024750555987854313,0,15.325549499518253,4.104265567582421,103.94491936522174,-0.009282556687746574,-0.008250202175930086,,,
sample,1779736549.9739337,77.63412570953369,1.442,0.2946283182547562,-0.00793513233575989,0,15.31474849522683,4.314109091019507,104.15504067785373,-0.030067094266002486,-0.02645099629554155,,,
sample,1779736550.0227487,77.68294072151184,1.3619,0.2265967523364504,-0.01139952434740821,0,15.309482111887029,4.3982781591855495,104.23937434153214,-0.042661337256968954,-0.038000060530877226,,,
sample,1779736550.072961,77.7331531047821,1.3619,0.0,-0.01139952434740821,0,15.309482111887029,4.3982781591855495,104.23937434153214,-0.042661337256968954,-0.038000060530877226,,,
sample,1779736550.1227124,77.78290438652039,1.3619,0.0,-0.01139952434740821,0,15.309482111887029,4.3982781591855495,104.23937434153214,-0.042661337256968954,-0.038000060530877226,,,
sample,1779736550.1744628,77.83465480804443,1.3619,0.3325140566587026,-0.01787318874138996,0,15.294164424083213,4.590074006346372,104.43178088650345,-0.06668734733523984,-0.059583640621817986,,,
sample,1779736550.22337,77.8835620880127,1.442,0.2799298243416118,-0.022074424414673603,0,15.287309084384336,4.663269132817323,104.50529634216744,-0.08372468029375779,-0.07359336863469841,,,
sample,1779736550.2726529,77.93284487724304,1.442,0.0,-0.022074424414673603,0,15.287309084384336,4.663269132817323,104.50529634216744,-0.08372468029375779,-0.07359336863469841,,,
sample,1779736550.3231835,77.9833755493164,1.442,0.0,-0.022074424414673603,0,15.287309084384336,4.663269132817323,104.50529634216744,-0.08372468029375779,-0.07359336863469841,,,
sample,1779736550.3731406,78.03333258628845,1.442,0.0,-0.022074424414673603,0,15.287309084384336,4.663269132817323,104.50529634216744,-0.08372468029375779,-0.07359336863469841,,,
sample,1779736550.4248395,78.08503150939941,1.442,0.22356521903608995,-0.02375840932158253,0,15.275363245132136,4.966559255439305,104.8088216319795,-0.09073081638047992,-0.07920960190326587,,,
sample,1779736550.4725595,78.13275146484375,1.442,0.0,-0.026408783985674686,0,15.275363245132136,4.966559255439305,104.8088216319795,-0.1003667553750333,-0.08804975023660014,,,
sample,1779736550.524218,78.18441009521484,1.442,0.0,-0.026408783985674686,0,15.275363245132136,4.966559255439305,104.8088216319795,-0.1003667553750333,-0.08804975023660014,,,
sample,1779736550.5727181,78.23291015625,1.3619,0.0,-0.028975575595169983,0,15.256790335056953,5.142888189786501,104.9861260201843,-0.10840535188136824,-0.09661229154151918,,,
sample,1779736550.623549,78.28374099731445,1.442,-0.16106671638362194,-0.027140261156290615,0,15.250996149662596,5.202585135162076,105.0461034982203,-0.10254353173370848,-0.09048975634251788,,,
sample,1779736550.672366,78.33255791664124,1.442,0.0,-0.027140261156290615,0,15.250996149662596,5.202585135162076,105.0461034982203,-0.10254353173370848,-0.09048975634251788,,,
sample,1779736550.7230904,78.38328242301941,1.442,0.0,-0.027140261156290615,0,15.250996149662596,5.202585135162076,105.0461034982203,-0.10254353173370848,-0.09048975634251788,,,
sample,1779736550.7776098,78.43780183792114,1.442,0.0,-0.027140261156290615,0,15.250996149662596,5.202585135162076,105.0461034982203,-0.10254353173370848,-0.09048975634251788,,,
sample,1779736550.8258686,78.48606061935425,1.3619,-0.573698690485916,-0.02189173303265209,0,15.23580789853555,5.441884998947235,105.28588487318486,-0.08178153476282787,-0.0729841029758896,,,
sample,1779736550.8728843,78.53307628631592,1.3619,0.0,-0.02189173303265209,0,15.23580789853555,5.441884998947235,105.28588487318486,-0.08178153476282787,-0.0729841029758896,,,
sample,1779736550.9259126,78.58610463142395,1.3619,0.0,-0.02189173303265209,0,15.23580789853555,5.441884998947235,105.28588487318486,-0.08178153476282787,-0.0729841029758896,,,
sample,1779736550.973988,78.63418006896973,1.442,0.0,-0.021229972873907498,0,15.23580789853555,5.441884998947235,105.28588487318486,-0.08150739057995854,-0.0707772099392199,,,
sample,1779736551.0244029,78.68459486961365,1.442,-0.878428027734882,-0.008943890316282505,0,15.243146392219893,5.768750812167478,105.61283305461684,-0.033964503403907935,-0.029813762691016574,,,
sample,1779736551.0726511,78.73284316062927,1.442,0.0,-0.008943890316282505,0,15.243146392219893,5.768750812167478,105.61283305461684,-0.033964503403907935,-0.029813762691016574,,,
sample,1779736551.1228993,78.7830913066864,1.442,0.0,-0.008943890316282505,0,15.243146392219893,5.768750812167478,105.61283305461684,-0.033964503403907935,-0.029813762691016574,,,
sample,1779736551.174181,78.83437299728394,1.442,-0.15278429984589237,-0.006623657531571755,0,15.245578802261484,5.8103849386883475,105.65453817552263,-0.02506156902259116,-0.02207918133164025,,,
sample,1779736551.2247005,78.88489246368408,1.3619,-0.4704926201081831,-0.0025873489349201293,0,15.245795782880101,6.054607257862074,105.89876059108514,-0.009710283622332769,-0.008624515694988368,,,
sample,1779736551.2745633,78.93475532531738,1.3619,0.0,-0.0004091478144795244,0,15.245795782880101,6.054607257862074,105.89876059108514,-0.0015351997464925142,-0.0013638261243674595,,,
sample,1779736551.3250418,78.98523378372192,1.442,0.11816458563406282,-0.0018837057316288548,0,15.24591209799081,6.190781948972167,106.03493533187114,-0.007219904921332922,-0.00627902653215352,,,
sample,1779736551.372954,79.03314590454102,1.442,0.0,-0.0018837057316288548,0,15.24591209799081,6.190781948972167,106.03493533187114,-0.007219904921332922,-0.00627902653215352,,,
sample,1779736551.424349,79.0845410823822,1.442,0.1432751640989251,-0.00540410002990177,0,15.23190503332994,6.308594185412775,106.15357731818101,-0.02042949878961419,-0.01801384212721332,,,
sample,1779736551.4722235,79.1324155330658,1.442,0.0,-0.00540410002990177,0,15.23190503332994,6.308594185412775,106.15357731818101,-0.02042949878961419,-0.01801384212721332,,,
sample,1779736551.5235393,79.18373131752014,1.3619,-0.02494870175480712,-0.006124663179528222,0,15.224742213692872,6.427257590747167,106.27245670979582,-0.022705090603715165,-0.020415799208143418,,,
sample,1779736551.5728004,79.23299241065979,1.3619,0.0,-0.006124663179528222,0,15.224742213692872,6.427257590747167,106.27245670979582,-0.022705090603715165,-0.020415799208143418,,,
sample,1779736551.6234946,79.28368663787842,1.442,-0.24054638390925023,-0.0032272265943453365,0,15.225746916433094,6.571503742757784,106.41670636073982,-0.01237598951958665,-0.01075745932745951,,,
sample,1779736551.673217,79.33340907096863,1.442,0.0,-0.00254275960848552,0,15.225746916433094,6.571503742757784,106.41670636073982,-0.009664645977747846,-0.008475883628925335,,,
sample,1779736551.7231786,79.38337063789368,1.3619,-0.0723194696155519,-0.0015473705408346194,0,15.227213907145261,6.710178114844693,106.55538849201652,-0.0056933339568485735,-0.005157905919403014,,,
sample,1779736551.7767618,79.43695378303528,1.3619,0.0,-0.0015473705408346194,0,15.227213907145261,6.710178114844693,106.55538849201652,-0.0056933339568485735,-0.005157905919403014,,,
sample,1779736551.8283885,79.48858046531677,1.442,0.02677696410365008,-0.001623931996438028,0,15.228517612371965,6.85194482492145,106.69716119648852,-0.006121185172301764,-0.005413111413199106,,,
sample,1779736551.873701,79.53389310836792,1.442,0.0,-0.001623931996438028,0,15.228517612371965,6.85194482492145,106.69716119648852,-0.006121185172301764,-0.005413111413199106,,,
sample,1779736551.9304428,79.59063482284546,1.3619,-0.0492802393288223,-0.0009007706320863778,0,15.229483886636972,6.914327316056104,106.75955117073215,-0.0033202870501981147,-0.0030025695857040123,,,
sample,1779736551.9754105,79.63560247421265,1.3619,0.0,-0.0009007706320863778,0,15.229483886636972,6.914327316056104,106.75955117073215,-0.0033202870501981147,-0.0030025695857040123,,,
sample,1779736552.0257277,79.68591976165771,1.442,0.07592851722159914,-0.007864047763548088,0,15.225705520335389,7.081726112796156,106.92699260288659,-0.030008160825905027,-0.026214032934361454,,,
sample,1779736552.0731125,79.73330450057983,1.442,-0.01832034975910274,-0.007585778601845776,0,15.225960767345907,7.109961554070157,106.95522919784727,-0.02867831506320337,-0.025286413702121827,,,
sample,1779736552.1250565,79.78524851799011,1.442,-0.04446390810982366,-0.006847348228392627,0,15.227555494236857,7.250468276619005,107.09574497004127,-0.02634007001187596,-0.02282485081909475,,,
sample,1779736552.1730022,79.83319425582886,1.442,0.0,-0.006847348228392627,0,15.227555494236857,7.250468276619005,107.09574497004127,-0.02634007001187596,-0.02282485081909475,,,
sample,1779736552.2248075,79.8849995136261,1.3619,0.0008006035012108078,-0.012977486712083167,0,15.229133373897145,7.39000059488715,107.23528620962837,-0.048317827988597635,-0.043260717654459865,,,
sample,1779736552.2727842,79.93297624588013,1.3619,0.0,-0.012977486712083167,0,15.229133373897145,7.39000059488715,107.23528620962837,-0.048317827988597635,-0.043260717654459865,,,
sample,1779736552.3258772,79.9860692024231,1.3619,-0.09491320015353998,-0.011989128591348756,0,15.231509960881596,7.535370558676776,107.38067559898637,-0.04436094895022365,-0.0399656768677108,,,
sample,1779736552.3758883,80.0360803604126,1.3619,0.0,-0.018899270108209278,0,15.231509960881596,7.535370558676776,107.38067559898637,-0.03570701173204464,-0.06300506864009515,,,
sample,1779736552.4259107,80.08610272407532,1.442,-0.107524983761172,-0.01528393931371532,0,15.234358885392748,7.666481227115204,107.51181721613837,-0.0312426475528565,-0.050950431760758835,,,
sample,1779736552.473304,80.13349604606628,1.442,0.0,-0.01528393931371532,0,15.234358885392748,7.666481227115204,107.51181721613837,-0.0312426475528565,-0.050950431760758835,,,
sample,1779736552.5237565,80.1839485168457,1.442,-0.05505334948019425,-0.01209925619439771,0,15.253237562035306,7.774031903098544,107.62101223587942,-0.02536256363374679,-0.04033282213470604,,,
sample,1779736552.5733025,80.23349452018738,1.442,0.0,-0.01209925619439771,0,15.253237562035306,7.774031903098544,107.62101223587942,-0.02536256363374679,-0.04033282213470604,,,
sample,1779736552.6232145,80.28340649604797,1.3619,-0.16489025278403127,-0.008585636116861394,0,15.257696218737031,7.910194832922728,107.75724814552842,-0.01770114301194618,-0.028619490270563267,,,
sample,1779736552.6725974,80.33278942108154,1.3619,0.0,-0.008585636116861394,0,15.257696218737031,7.910194832922728,107.75724814552842,-0.01770114301194618,-0.028619490270563267,,,
sample,1779736552.7231972,80.38338923454285,1.442,-0.13688472576355687,-0.005877453751844643,0,15.263523954350937,8.057061453900845,107.90423034465442,-0.013060045045904481,-0.0195917381020231,,,
sample,1779736552.7725894,80.432781457901,1.442,0.0,-0.004975687361432854,0,15.263523954350937,8.057061453900845,107.90423034465442,-0.011174928092685978,-0.01658576141213642,,,
sample,1779736552.823863,80.48405504226685,1.3619,-0.031203176232965837,-0.0044781668283025615,0,15.26914476194328,8.19321458467358,108.04049944789213,-0.009916440778800568,-0.014927322545208625,,,
sample,1779736552.8787682,80.53896021842957,1.3619,0.0,-0.0044781668283025615,0,15.26914476194328,8.19321458467358,108.04049944789213,-0.009916440778800568,-0.014927322545208625,,,
sample,1779736552.9301076,80.59029960632324,1.442,0.20732788866648252,-0.008838897403749775,0,15.273583562024069,8.338154816154743,108.18550763265414,-0.02137137496321732,-0.02946375864608563,,,
sample,1779736552.9739323,80.63412427902222,1.442,0.0,-0.008838897403749775,0,15.273583562024069,8.338154816154743,108.18550763265414,-0.02137137496321732,-0.02946375864608563,,,
sample,1779736553.0244973,80.68468928337097,1.442,0.02352765423340821,-0.009791604794732161,0,15.273744953797584,8.482863242928163,108.33021614942679,-0.02464429211923581,-0.032639725772716746,,,
sample,1779736553.0741963,80.73438835144043,1.442,0.0,-0.009791604794732161,0,15.273744953797584,8.482863242928163,108.33021614942679,-0.02464429211923581,-0.032639725772716746,,,
sample,1779736553.1256807,80.7858726978302,1.442,0.12051748619306421,-0.01298287426675749,0,15.270802258182158,8.606955608955607,108.4543434017277,-0.03345341581640554,-0.04327867919612292,,,
sample,1779736553.1754541,80.83564615249634,1.442,0.0,-0.012910946052140807,0,15.270802258182158,8.606955608955607,108.4543434017277,-0.033678745396321666,-0.043038878286852655,,,
sample,1779736553.2258577,80.88604974746704,1.442,-0.0700351186421209,-0.011558252938756997,0,15.274624652022563,8.749809137990662,108.59724806033769,-0.03146784986502769,-0.03852922555879087,,,
sample,1779736553.2756667,80.93585872650146,1.442,0.0,-0.011558252938756997,0,15.274624652022563,8.749809137990662,108.59724806033769,-0.03146784986502769,-0.03852922555879087,,,
sample,1779736553.3232045,80.98339653015137,1.3619,0.09184072877826704,-0.01382409108865956,0,15.277737179519278,8.888830247659914,108.7363040086502,-0.03742710688930851,-0.04608323925300709,,,
sample,1779736553.3730907,81.03328275680542,1.3619,0.0,-0.01382409108865956,0,15.277737179519278,8.888830247659914,108.7363040086502,-0.03742710688930851,-0.04608323925300709,,,
sample,1779736553.4232838,81.08347582817078,1.442,0.012681137148988508,-0.013384737533734278,0,15.281056087031743,9.041409184306584,108.8889190375802,-0.04001633752527612,-0.04461845629424977,,,
sample,1779736553.473418,81.1336100101471,1.442,0.0,-0.013384737533734278,0,15.281056087031743,9.041409184306584,108.8889190375802,-0.04001633752527612,-0.04461845629424977,,,
sample,1779736553.5268428,81.18703484535217,1.442,-0.024883027718957212,-0.012933589463057844,0,15.28342092637915,9.141252919840996,108.98879077527712,-0.04000991013055977,-0.04311436892834943,,,
sample,1779736553.5748944,81.23508644104004,1.442,0.0,-0.012933589463057844,0,15.28342092637915,9.141252919840996,108.98879077527712,-0.04000991013055977,-0.04311436892834943,,,
sample,1779736553.625118,81.28531002998352,1.3619,0.0,-0.01358517668667991,0,15.28342092637915,9.141252919840996,108.98879077527712,-0.04000991013055977,-0.04528670831660745,,,
sample,1779736553.6742415,81.33443355560303,1.3619,-0.246182755720985,-0.007773691037163983,0,15.303385685059938,9.297867863175073,109.14667311141615,-0.024216933934914073,-0.025912825432348827,,,
sample,1779736553.7232015,81.38339352607727,1.442,-0.3901865105011956,-0.0015628571989071134,0,15.311419868336015,9.445750096798667,109.29477342580616,-0.005408230055810266,-0.005209528237821264,,,
sample,1779736553.773532,81.43372392654419,1.442,0.0,-0.0015628571989071134,0,15.311419868336015,9.445750096798667,109.29477342580616,-0.005408230055810266,-0.005209528237821264,,,
sample,1779736553.824369,81.4845609664917,1.442,0.0,-0.0015628571989071134,0,15.311419868336015,9.445750096798667,109.29477342580616,-0.005408230055810266,-0.005209528237821264,,,
sample,1779736553.8733466,81.5335385799408,1.442,-0.16094468908146184,0.0007150657131858917,0,15.322473525749563,9.623353822979794,109.47272079694615,0.0026586339019343593,0.0023835527835382414,,,
sample,1779736553.9248981,81.58509016036987,1.442,-0.23185751947039784,0.00331563982640889,0,15.328557229784339,9.705293444586891,109.55488595406214,0.012678080437916928,0.011052173255294994,,,
sample,1779736553.977603,81.63779497146606,1.442,0.0,0.015564066408873553,0,15.328557229784339,9.705293444586891,109.55488595406214,0.058788188341037474,0.051884410926627475,,,
sample,1779736554.025221,81.68541312217712,1.442,-0.09691836693343617,0.029319554761152302,0,15.340168294825778,9.852477021931108,109.70252680976014,0.11075436245690742,0.09775986345150622,,,
sample,1779736554.0743337,81.73452568054199,1.442,0.0,0.029319554761152302,0,15.340168294825778,9.852477021931108,109.70252680976014,0.11075436245690742,0.09775986345150622,,,
sample,1779736554.1233582,81.78355026245117,1.3619,-0.5985470625202465,0.04074050175284228,0,15.365071758503866,9.98738081289767,109.83970995493591,0.1522357891953427,0.1358768564429774,,,
sample,1779736554.1732764,81.83346843719482,1.3619,0.0,0.04074050175284228,0,15.365071758503866,9.98738081289767,109.83970995493591,0.1522357891953427,0.1358768564429774,,,
sample,1779736554.223149,81.88334107398987,1.3619,0.13870340613183793,0.04009592922038589,0,15.375876630564765,10.09383517789476,109.94671124972801,0.15020169945502213,0.13372476745233314,,,
sample,1779736554.2728035,81.93299555778503,1.3619,0.0,0.04009592922038589,0,15.375876630564765,10.09383517789476,109.94671124972801,0.15020169945502213,0.13372476745233314,,,
sample,1779736554.323409,81.98360109329224,1.3619,0.31665532379902916,0.04300984285395267,0,15.386554799907955,10.2189704586187,110.07230130420041,0.16216356692748393,0.14345461009721056,,,
sample,1779736554.3733306,82.033522605896,1.3619,0.0,0.043231850865414236,0,15.386554799907955,10.2189704586187,110.07230130420041,0.16002987555357906,0.1441960145238102,,,
sample,1779736554.4232757,82.08346772193909,1.3619,0.274021792342508,0.040408408652672596,0,15.39626584656245,10.354670640473818,110.20834851579491,0.1518047655783803,0.13476805502897615,,,
sample,1779736554.473533,82.13372492790222,1.3619,0.0,0.040408408652672596,0,15.39626584656245,10.354670640473818,110.20834851579491,0.1518047655783803,0.13476805502897615,,,
sample,1779736554.5246677,82.18485975265503,1.442,0.35989315458803656,0.04064194890755437,0,15.40405486252898,10.501391133886045,110.35527561321692,0.1563801688940409,0.13554780241936618,,,
sample,1779736554.5731025,82.23329448699951,1.442,0.0,0.04064194890755437,0,15.40405486252898,10.501391133886045,110.35527561321692,0.1563801688940409,0.13554780241936618,,,
sample,1779736554.6235595,82.28375148773193,1.3619,0.956356997145871,0.038120848479396424,0,15.376503919816207,10.632824592717983,110.4895656297665,0.14089655854202549,0.12713108315629917,,,
sample,1779736554.6728258,82.33301782608032,1.3619,0.0,0.038120848479396424,0,15.376503919816207,10.632824592717983,110.4895656297665,0.14089655854202549,0.12713108315629917,,,
sample,1779736554.7233183,82.38351035118103,1.3619,0.35714150169114395,0.04491166072806314,0,15.374792784947305,10.76084854695347,110.61760101878309,0.1671374278042593,0.1498062719169526,,,
sample,1779736554.7732744,82.43346643447876,1.3619,0.002296386838931135,0.044881162900089866,0,15.37478189940021,10.76166298350583,110.6184155280789,0.167081961339977,0.14970440730102563,,,
sample,1779736554.8236835,82.48387551307678,1.3619,0.26281099911987793,0.052828645278348255,0,15.371166815702564,10.897469904985268,110.7542705565168,0.19845738137338959,0.1762594869666945,,,
sample,1779736554.8743417,82.53453373908997,1.3619,0.0,0.052828645278348255,0,15.371166815702564,10.897469904985268,110.7542705565168,0.19845738137338959,0.1762594869666945,,,
sample,1779736554.9251835,82.58537554740906,1.442,0.26146789553929756,0.06311373159263943,0,15.365406475258487,11.041739173470052,110.8986547777848,0.24547071874660348,0.2106588884931529,,,
sample,1779736554.9730296,82.63322162628174,1.442,0.0,0.06311373159263943,0,15.365406475258487,11.041739173470052,110.8986547777848,0.24547071874660348,0.2106588884931529,,,
sample,1779736555.0250401,82.68523216247559,1.3619,0.41833048254948096,0.08984490879288319,0,15.357008918371603,11.177748791827819,111.0349233921004,0.34324005213429304,0.3002914594532847,,,
sample,1779736555.0725718,82.73276376724243,1.3619,0.0,0.08984490879288319,0,15.357008918371603,11.177748791827819,111.0349233921004,0.34324005213429304,0.3002914594532847,,,
sample,1779736555.1238425,82.78403449058533,1.3619,0.4779618008657862,0.1137004543611044,0,15.35466940813884,11.291028072258344,111.14822682842511,0.43869144666475224,0.3806432222727989,,,
sample,1779736555.1727395,82.83293151855469,1.3619,0.02974089430608371,0.11335093412678468,0,15.353636651882294,11.302784146761457,111.1600281789075,0.43944402877003264,0.3794630093638413,,,
sample,1779736555.2234128,82.88360476493835,1.3619,0.6607144349777229,0.12194264528302332,0,15.339342925331678,11.420234773328666,111.2783453809524,0.4723530542565727,0.40850230533745363,,,
sample,1779736555.2726111,82.9328031539917,1.3619,0.0,0.12194264528302332,0,15.339342925331678,11.420234773328666,111.2783453809524,0.4723530542565727,0.40850230533745363,,,
sample,1779736555.3237088,82.98390078544617,1.2818,0.7116993194286548,0.12414894206021186,0,15.318585905654661,11.550958734714145,111.4107070368282,0.4671081001198768,0.41596911110125384,,,
sample,1779736555.3723788,83.03257083892822,1.2818,0.0,0.12414894206021186,0,15.318585905654661,11.550958734714145,111.4107070368282,0.4671081001198768,0.41596911110125384,,,
sample,1779736555.4245684,83.08476042747498,1.442,0.7866959304182707,0.1348313853495119,0,15.289873352091522,11.69368099983536,111.5562888203502,0.5440697477510624,0.452181422318297,,,
sample,1779736555.4723809,83.132572889328,1.442,0.0,0.1348313853495119,0,15.289873352091522,11.69368099983536,111.5562888203502,0.5440697477510624,0.452181422318297,,,
sample,1779736555.5231016,83.18329358100891,1.2818,0.9754088843262486,0.1365658987322526,0,15.259265289003995,11.814559281070295,111.6809820936262,0.5212543670472244,0.4580709210313685,,,
sample,1779736555.574417,83.23460912704468,1.2818,0.0,0.1365658987322526,0,15.259265289003995,11.814559281070295,111.6809820936262,0.5212543670472244,0.4580709210313685,,,
sample,1779736555.624216,83.28440809249878,1.3619,0.9066592255990295,0.14746700056022707,0,15.219391492500712,11.94665793021024,111.8189675013771,0.5825949630899151,0.4951511538154964,,,
sample,1779736555.6730628,83.33325481414795,1.3619,0.0,0.14746700056022707,0,15.219391492500712,11.94665793021024,111.8189675013771,0.5825949630899151,0.4951511538154964,,,
sample,1779736555.7232502,83.38344216346741,1.3619,1.3396739778267397,0.14344665898415743,0,15.185723922769046,12.043627820674068,111.92161575956108,0.5667554833987989,0.4814624106664846,,,
sample,1779736555.7733893,83.43358135223389,1.3619,0.0,0.14344665898415743,0,15.185723922769046,12.043627820674068,111.92161575956108,0.5667554833987989,0.4814624106664846,,,
sample,1779736555.8234057,83.48359775543213,1.2818,1.3280827435140004,0.14375232708741156,0,15.132179748103471,12.161367167601565,112.05095845342328,0.549890102342774,0.4825026070163389,,,
sample,1779736555.8730087,83.53320074081421,1.2818,0.0,0.14045112482143465,0,15.132179748103471,12.161367167601565,112.05095845342328,0.5420884810450587,0.4712733599374365,,,
sample,1779736555.9237819,83.58397388458252,1.2818,1.3206106371461732,0.14081172303233588,0,15.072537395341374,12.272152047207681,112.17677776749048,0.5392200952261544,0.4712733599374365,,,
sample,1779736555.9723575,83.63254952430725,1.2818,0.0,0.14081172303233588,0,15.072537395341374,12.272152047207681,112.17677776749048,0.5392200952261544,0.47249944304036184,,,
sample,1779736556.0248795,83.68507146835327,1.3619,1.1589002378351323,0.14492050377902996,0,14.979347466341093,12.422547008614668,112.35370432650208,0.5700135799447337,0.48647879201352556,,,
sample,1779736556.0725753,83.73276734352112,1.3619,0.0,0.14492050377902996,0,14.979347466341093,12.422547008614668,112.35370432650208,0.5700135799447337,0.48647879201352556,,,
sample,1779736556.1274333,83.78762531280518,1.2818,1.2905678960246023,0.13533161483287948,0,14.919463118363026,12.505455994813474,112.45597863962747,0.5214793598321669,0.45387965359274085,,,
sample,1779736556.1724732,83.83266520500183,1.2818,0.0,0.13533161483287948,0,14.919463118363026,12.505455994813474,112.45597863962747,0.5214793598321669,0.45387965359274085,,,
sample,1779736556.2242177,83.8844096660614,1.3619,2.139274130113319,0.1272324287625028,0,14.838137414223201,12.631953290708779,112.60636293409556,0.49335852620099085,0.42641151233149677,,,
sample,1779736556.2728498,83.93304181098938,1.3619,0.0,0.12358077857158356,0,14.838137414223201,12.631953290708779,112.60636293409556,0.48341324895531573,0.41404587610929655,,,
sample,1779736556.323189,83.98338103294373,1.2818,1.4434950338576673,0.11598933940618876,0,14.750965170678029,12.71512319647853,112.72684626601516,0.4404525110911339,0.3883743637746525,,,
sample,1779736556.3732514,84.03344345092773,1.2818,0.0,0.11598933940618876,0,14.750965170678029,12.71512319647853,112.72684626601516,0.4404525110911339,0.3883743637746525,,,
sample,1779736556.4237156,84.08390760421753,1.2818,1.3355008785941362,0.11107226092050278,0,14.6496641362781,12.799501839200929,112.85868577040655,0.4160521766105265,0.37177098068766296,,,
sample,1779736556.4727347,84.13292670249939,1.2818,0.0,0.11107226092050278,0,14.6496641362781,12.799501839200929,112.85868577040655,0.4160521766105265,0.37177098068766296,,,
sample,1779736556.5247784,84.18497037887573,1.3619,1.3344128389422476,0.1026066923829193,0,14.53429849404441,12.882747571857575,113.00094990296826,0.39190052171921175,0.3432276697673432,,,
sample,1779736556.5727327,84.23292469978333,1.3619,0.0,0.1026066923829193,0,14.53429849404441,12.882747571857575,113.00094990296826,0.39190052171921175,0.3432276697673432,,,
sample,1779736556.6231925,84.2833845615387,1.2818,1.279246219250813,0.09586544092316616,0,14.433438772422962,12.946053678882297,113.12003116359385,0.3544906226022909,0.3205339938689461,,,
sample,1779736556.6727688,84.33296084403992,1.2818,0.0,0.094186512631868,0,14.433438772422962,12.946053678882297,113.12003116359385,0.3498248145775459,0.3148867236988091,,,
sample,1779736556.7247043,84.38489627838135,1.3619,1.3032417743207676,0.08394983010641544,0,14.313844852469876,13.010278891992364,113.25577940000515,0.31700105661238104,0.2804920062072721,,,
sample,1779736556.772618,84.4328100681305,1.3619,0.0,0.08394983010641544,0,14.313844852469876,13.010278891992364,113.25577940000515,0.31700105661238104,0.2804920062072721,,,
sample,1779736556.8234937,84.48368573188782,1.2818,1.2203038100119148,0.0822895792002018,0,14.213387299245845,13.12986611395795,113.4119614209205,0.30407618682327486,0.27491942347040915,,,
sample,1779736556.8724382,84.53263020515442,1.2818,0.0,0.0822895792002018,0,14.213387299245845,13.12986611395795,113.4119614209205,0.30407618682327486,0.27491942347040915,,,
sample,1779736556.9251943,84.58538627624512,1.3619,1.0689928202371388,0.07623573981434993,0,14.086337164504453,13.179780966740733,113.54846500792881,0.28683970106055373,0.25461258388087854,,,
sample,1779736556.9725084,84.63270044326782,1.3619,0.0,0.07272510693951022,0,14.086337164504453,13.179780966740733,113.54846500792881,0.27340476398803204,0.24284530567774337,,,
sample,1779736557.0245984,84.68479037284851,1.3619,0.7642890038895341,0.06618843859687754,0,13.962644169546497,13.222326458372226,113.67927049657449,0.25129983545627016,0.2209508781905119,,,
sample,1779736557.0725822,84.73277425765991,1.3619,0.06780005172992296,0.06726505751928694,0,13.952536311022179,13.225803161401403,113.68995956893372,0.25100099573024726,0.2245556345059648,,,
sample,1779736557.1243103,84.78450226783752,1.3619,0.8971731529952075,0.058360044096449175,0,13.831356561103219,13.261289456926518,113.81622836539792,0.21941632479037823,0.19475463513797253,,,
sample,1779736557.1736875,84.8338794708252,1.3619,0.0,0.058360044096449175,0,13.831356561103219,13.261289456926518,113.81622836539792,0.21941632479037823,0.19475463513797253,,,
sample,1779736557.2234337,84.88362574577332,1.3619,0.8606021775151464,0.05136350588658853,0,13.69657708279192,13.294567167632174,113.95505528571121,0.19157417648884112,0.17136240945897727,,,
sample,1779736557.2726982,84.93289017677307,1.3619,0.0,0.05136350588658853,0,13.69657708279192,13.294567167632174,113.95505528571121,0.19157417648884112,0.17136240945897727,,,
sample,1779736557.324168,84.98435997962952,1.3619,0.4234553621132693,0.05705261068824091,0,13.593120493500972,13.384519491551009,114.09214899981261,0.2151036259132234,0.19038197827013942,,,
sample,1779736557.373598,85.03379011154175,1.3619,0.0,0.05584532132884124,0,13.593120493500972,13.384519491551009,114.09214899981261,0.20913889823303866,0.18634482925230508,,,
sample,1779736557.4233027,85.08349466323853,1.3619,0.6989153116720964,0.049949568102471614,0,13.459348930689798,13.409626739058675,114.22825632839691,0.18541922859743584,0.1666371677179534,,,
sample,1779736557.472446,85.1326379776001,1.3619,0.0,0.049949568102471614,0,13.459348930689798,13.409626739058675,114.22825632839691,0.18541922859743584,0.1666371677179534,,,
sample,1779736557.5236163,85.18380832672119,1.3619,0.6310879216039068,0.043136941815222964,0,13.323034242997565,13.43068011103977,114.36618724789071,0.16244647530085085,0.14387906030486433,,,
sample,1779736557.5733337,85.23352575302124,1.3619,0.0,0.043136941815222964,0,13.323034242997565,13.43068011103977,114.36618724789071,0.16244647530085085,0.14387906030486433,,,
sample,1779736557.629569,85.28976106643677,1.442,0.6027170169945121,0.035905912815497515,0,13.1684475599513,13.44921689566556,114.52188135490671,0.13605306252686614,0.11973783719474058,,,
sample,1779736557.6759279,85.33611989021301,1.442,0.0,0.035905912815497515,0,13.1684475599513,13.44921689566556,114.52188135490671,0.13605306252686614,0.11973783719474058,,,
sample,1779736557.7259414,85.3861334323883,1.3619,0.3931562771590652,0.032215753426020705,0,13.074494118353496,13.457950049207847,114.61623980529069,0.12094756676402901,0.10742301048622505,,,
sample,1779736557.7774384,85.43763041496277,1.3619,0.13580106275112558,0.030908819222645257,0,13.041078860533224,13.461056061848112,114.64979910757361,0.1151630853145519,0.10306221983865686,,,
sample,1779736557.8282807,85.48847270011902,1.3619,0.5442517218762689,0.024658202329557326,0,12.907535441454462,13.469750587920535,114.78362526182931,0.09112052246877816,0.08221067054150376,,,
sample,1779736557.8754237,85.53561568260193,1.3619,0.0,0.024658202329557326,0,12.907535441454462,13.469750587920535,114.78362526182931,0.09112052246877816,0.08221067054150376,,,
sample,1779736557.92857,85.58876204490662,1.3619,0.18931228099497485,0.02632465526840531,0,12.797897334613811,13.50744012928698,114.89956065763239,0.09765633911479546,0.08776912613310268,,,
sample,1779736557.9755878,85.6357798576355,1.3619,0.0,0.02632465526840531,0,12.797897334613811,13.50744012928698,114.89956065763239,0.09765633911479546,0.08776912613310268,,,
sample,1779736558.0276258,85.68781781196594,1.3619,0.40973218393815286,0.020988862024792495,0,12.66645745906323,13.511862345669293,115.0310749035622,0.07889018521947799,0.06997314886250407,,,
sample,1779736558.0755575,85.73574948310852,1.3619,0.0,0.020988862024792495,0,12.66645745906323,13.511862345669293,115.0310749035622,0.07889018521947799,0.06997314886250407,,,
sample,1779736558.12764,85.78783202171326,1.442,0.30321791444353213,0.016960220188999866,0,12.53374301743562,13.514230137573346,115.1638104656962,0.06448647616655741,0.056539488577709886,,,
sample,1779736558.1755598,85.83575177192688,1.442,0.0,0.016390238141065293,0,12.53374301743562,13.514230137573346,115.1638104656962,0.06280540848894202,0.05463901996491385,,,
sample,1779736558.2289777,85.88916969299316,1.2818,0.3274763778533299,0.013069601245416916,0,12.397374880801278,13.514277355430618,115.3001786105052,0.047070326052341314,0.043567818184327395,,,
sample,1779736558.2760959,85.93628787994385,1.2818,0.0,0.013069601245416916,0,12.397374880801278,13.514277355430618,115.3001786105052,0.047070326052341314,0.043567818184327395,,,
sample,1779736558.32576,85.98595190048218,1.442,0.5998119912549766,0.003517311359594741,0,12.261600227564175,13.51027861091143,115.4360121351572,0.013309730812380523,0.011724419548159875,,,
sample,1779736558.37253,86.03272199630737,1.442,0.0,0.003517311359594741,0,12.261600227564175,13.51027861091143,115.4360121351572,0.013309730812380523,0.011724419548159875,,,
sample,1779736558.423477,86.08366894721985,1.442,0.0,0.003517311359594741,0,12.261600227564175,13.51027861091143,115.4360121351572,0.013309730812380523,0.011724419548159875,,,
sample,1779736558.4729793,86.13317131996155,1.3619,0.0,0.0036945313058889015,0,12.261600227564175,13.51027861091143,115.4360121351572,0.013309730812380523,0.01231516038519397,,,
sample,1779736558.5249934,86.18518543243408,1.3619,0.7787761175306737,-0.005746096253846924,0,12.013155504538133,13.522177221731594,115.68474162142478,-0.02113210255508745,-0.01915386498497942,,,
sample,1779736558.5724416,86.23263359069824,1.3619,0.029345193484232125,-0.006124630184595571,0,12.002286197358792,13.521400459390698,115.69563864846398,-0.022631635092100148,-0.02041568922090887,,,
sample,1779736558.6234682,86.28366017341614,1.3619,0.255439604897718,-0.010646361531177317,0,11.870185635985392,13.510227715375933,115.82821084963749,-0.03991625578270952,-0.03548921262248846,,,
sample,1779736558.672341,86.33253312110901,1.3619,0.0,-0.010646361531177317,0,11.870185635985392,13.510227715375933,115.82821084963749,-0.03991625578270952,-0.03548921262248846,,,
sample,1779736558.7239294,86.38412141799927,1.442,0.3314962617493693,-0.016752418818130617,0,11.726686358299405,13.495615491245273,115.97245217447349,-0.0644124996312919,-0.055846620489203705,,,
sample,1779736558.7730398,86.43323183059692,1.442,0.0,-0.016752418818130617,0,11.726686358299405,13.495615491245273,115.97245217447349,-0.0644124996312919,-0.055846620489203705,,,
sample,1779736558.8233783,86.48357033729553,1.3619,0.11400512551480495,-0.020425286993355076,0,11.580741913062624,13.4799075393613,116.11923950651499,-0.07632405641534985,-0.06809375963973811,,,
sample,1779736558.8730443,86.5332362651825,1.3619,0.0,-0.020425286993355076,0,11.580741913062624,13.4799075393613,116.11923950651499,-0.07632405641534985,-0.06809375963973811,,,
sample,1779736558.9231045,86.58329653739929,1.3619,-0.37976241871725736,-0.013218171774287489,0,11.485192941301355,13.498374453548012,116.21655668343774,-0.04925029935125776,-0.044063138849012425,,,
sample,1779736558.9731748,86.63336682319641,1.3619,2.5286738697398103e-05,-0.013218511269351812,0,11.484333979698171,13.498298489846336,116.2174189974871,-0.0492702556127138,-0.04406427069697695,,,
sample,1779736559.0231972,86.68338918685913,1.442,0.12330222299229988,-0.01627796572421852,0,11.341653498792068,13.484792891042636,116.36073724765309,-0.06219296277170336,-0.05426467870858568,,,
sample,1779736559.0725162,86.7327082157135,1.442,0.0,-0.01627796572421852,0,11.341653498792068,13.484792891042636,116.36073724765309,-0.06219296277170336,-0.05426467870858568,,,
sample,1779736559.1229074,86.78309941291809,1.3619,-0.18851524397882616,-0.015490960675839521,0,11.204610345335826,13.473133266812972,116.4982755068627,-0.05726019432901278,-0.051640666386756885,,,
sample,1779736559.1725125,86.83270454406738,1.3619,0.0,-0.015490960675839521,0,11.204610345335826,13.473133266812972,116.4982755068627,-0.05726019432901278,-0.051640666386756885,,,
sample,1779736559.2240608,86.88425278663635,1.442,-0.07247232143483101,-0.015136118664710438,0,11.10528102585677,13.465218273858316,116.59791967789967,-0.05750127433536758,-0.05045758225371005,,,
sample,1779736559.2725585,86.93275046348572,1.442,-0.0334734499270957,-0.015156016218184179,0,11.062117905412316,13.461778848359275,116.64121961570869,-0.05741110123571702,-0.05052392264950396,,,
sample,1779736559.3234367,86.98362874984741,1.3619,-0.11781287225510731,-0.014693131014562813,0,10.926030043562934,13.451755298613433,116.7776761204721,-0.055006315380531495,-0.04898062821084521,,,
sample,1779736559.3727202,87.0329122543335,1.3619,0.0,-0.014693131014562813,0,10.926030043562934,13.451755298613433,116.7776761204721,-0.055006315380531495,-0.04898062821084521,,,
sample,1779736559.4238005,87.08399248123169,1.442,-0.08887168421122141,-0.014385723292239772,0,10.782145425521282,13.441813983975647,116.9219037636121,-0.05520353099002963,-0.04795571914970228,,,
sample,1779736559.4730368,87.13322877883911,1.442,0.0,-0.014385723292239772,0,10.782145425521282,13.441813983975647,116.9219037636121,-0.05520353099002963,-0.04795571914970228,,,
sample,1779736559.5234454,87.18363738059998,1.442,-0.3416393675651042,-0.009510124278133875,0,10.66504851588132,13.446997066759014,117.03911532701079,-0.035970131834388505,-0.031701369982877675,,,
sample,1779736559.5727394,87.23293137550354,1.442,0.0,-0.009510124278133875,0,10.66504851588132,13.446997066759014,117.03911532701079,-0.035970131834388505,-0.031701369982877675,,,
sample,1779736559.6232872,87.2834792137146,1.3619,-0.239085875500957,-0.007678353905500313,0,10.529503631630341,13.441616391067003,117.17476696657889,-0.02827326914053931,-0.025595016023110685,,,
sample,1779736559.673126,87.33331799507141,1.3619,0.0,-0.006868336392320141,0,10.529503631630341,13.441616391067003,117.17476696657889,-0.025663696620568898,-0.022894814655870104,,,
sample,1779736559.7232726,87.38346457481384,1.442,-0.11610235167507954,-0.0058172454721381155,0,10.384728528233712,13.436713349783322,117.31962507086489,-0.02228800635133384,-0.01939103697408014,,,
sample,1779736559.772659,87.4328510761261,1.442,0.0,-0.0058172454721381155,0,10.384728528233712,13.436713349783322,117.31962507086489,-0.02228800635133384,-0.01939103697408014,,,
sample,1779736559.823319,87.48351097106934,1.3619,-0.2120057016825851,-0.0034392012097604944,0,10.248009594002767,13.433552736591386,117.45638053310678,-0.012745866094076524,-0.01146404923189649,,,
sample,1779736559.8726072,87.532799243927,1.3619,0.0,-0.0034392012097604944,0,10.248009594002767,13.433552736591386,117.45638053310678,-0.012745866094076524,-0.01146404923189649,,,
sample,1779736559.9232535,87.58344554901123,1.442,-0.06331721723475875,-0.0028983538272225177,0,10.103293931871619,13.430671545191387,117.60112487368679,-0.01101602370015438,-0.009661206476933333,,,
sample,1779736559.9723573,87.63254928588867,1.442,0.0,-0.0028983538272225177,0,10.103293931871619,13.430671545191387,117.60112487368679,-0.01101602370015438,-0.009661206476933333,,,
sample,1779736560.0235012,87.68369317054749,1.3619,0.1622931297260862,-0.005354151553405389,0,10.002250372498871,13.427057450765838,117.70223304630024,-0.019996378316797746,-0.01784734238790156,,,
sample,1779736560.0726755,87.73286747932434,1.3619,0.0,-0.005594780458131085,0,10.002250372498871,13.427057450765838,117.70223304630024,-0.02069770237148471,-0.01864946277998779,,,
sample,1779736560.1240125,87.78420448303223,1.3619,0.1338559051829787,-0.008075593229272917,0,9.836420554974515,13.421219592845427,117.86816558971852,-0.030086762390838205,-0.026919229281148274,,,
sample,1779736560.1724222,87.8326141834259,1.3619,0.0,-0.008075593229272917,0,9.836420554974515,13.421219592845427,117.86816558971852,-0.030086762390838205,-0.026919229281148274,,,
sample,1779736560.2242556,87.88444757461548,1.442,-0.11832355727122443,-0.00677442478445277,0,9.713180251078679,13.41763464124063,117.9914580241269,-0.02564323879117458,-0.0225817613962205,,,
sample,1779736560.272238,87.9324300289154,1.442,0.0,-0.00677442478445277,0,9.713180251078679,13.41763464124063,117.9914580241269,-0.02564323879117458,-0.0225817613962205,,,
sample,1779736560.3238425,87.98403453826904,1.3619,-0.09582027222337021,-0.005885666806525096,0,9.575550763026841,13.414330776674014,118.1291271619265,-0.022031770617268246,-0.019619115898020463,,,
sample,1779736560.3727126,88.03290462493896,1.3619,0.0,-0.005885666806525096,0,9.575550763026841,13.414330776674014,118.1291271619265,-0.022031770617268246,-0.019619115898020463,,,
sample,1779736560.4234257,88.08361768722534,1.442,-0.02147732168311107,-0.0058389696577286375,0,9.455356013476278,13.411601893414048,118.24935288556071,-0.022175554500103122,-0.01946345338578005,,,
sample,1779736560.474084,88.13427591323853,1.442,-0.0041801941777840565,-0.005783221791025497,0,9.4319874523606,13.411071337166987,118.2727274687345,-0.022185319183304183,-0.01927762088811208,,,
sample,1779736560.5239604,88.18415236473083,1.3619,-0.3375751734877263,2.1125829058503244e-05,0,9.29869433227682,13.42344888704055,118.40659404261514,7.827039289295804e-05,7.041943020548692e-05,,,
sample,1779736560.5733585,88.23355054855347,1.3619,0.0,2.1125829058503244e-05,0,9.29869433227682,13.42344888704055,118.40659404261514,7.827039289295804e-05,7.041943020548692e-05,,,
sample,1779736560.6239781,88.28417015075684,1.442,0.06624923904032581,-0.0009954437605091688,0,9.184649585990993,13.422412785509797,118.52064349531781,-0.0038138919502891024,-0.0033181469643570704,,,
sample,1779736560.673801,88.33399295806885,1.442,0.0,-0.0009954437605091688,0,9.184649585990993,13.422412785509797,118.52064349531781,-0.0038138919502891024,-0.0033181469643570704,,,
sample,1779736560.7229924,88.3831844329834,1.3619,-0.0638356525787139,-0.0002565066417978749,0,9.045228008201404,13.421565616656936,118.66006764691431,-0.0009517962668387842,-0.0008550221580784983,,,
sample,1779736560.7723672,88.43255925178528,1.3619,0.0,-0.0002565066417978749,0,9.045228008201404,13.421565616656936,118.66006764691431,-0.0009517962668387842,-0.0008550221580784983,,,
sample,1779736560.823451,88.48364305496216,1.442,0.006706146247012334,-0.00047651927681503515,0,8.901879950339946,13.420645479847005,118.80341865787831,-0.0018122554575148095,-0.0015883977096096042,,,
sample,1779736560.872327,88.53251910209656,1.442,0.0,-0.00047651927681503515,0,8.901879950339946,13.420645479847005,118.80341865787831,-0.0018122554575148095,-0.0015883977096096042,,,
sample,1779736560.9239616,88.58415365219116,1.3619,-0.10551835661902932,0.000998533459136414,0,8.768763000093218,13.420516300628133,118.936535670804,0.0037486869582061605,0.003328445970018295,,,
sample,1779736560.9729598,88.63315176963806,1.3619,0.0,0.000998533459136414,0,8.768763000093218,13.420516300628133,118.936535670804,0.0037486869582061605,0.003328445970018295,,,
sample,1779736561.023987,88.6841790676117,1.442,0.05272768016628047,0.00016537033666478275,0,8.605526187062303,13.419918692923492,119.09977357774801,0.0006279425762853773,0.0005512344605742096,,,
sample,1779736561.072303,88.73249506950378,1.442,0.0,0.00016537033666478275,0,8.605526187062303,13.419918692923492,119.09977357774801,0.0006279425762853773,0.0005512344605742096,,,
sample,1779736561.1229,88.78309202194214,1.3619,0.12020641959075558,-0.0009692961072229877,0,8.51817714532624,13.4186778858035,119.18713143197141,-0.0035684162065714614,-0.0032309880359520774,,,
sample,1779736561.1726491,88.83284115791321,1.3619,0.0,-0.001554776380420137,0,8.51817714532624,13.4186778858035,119.18713143197141,-0.0058384902245928365,-0.005182592110745557,,,
sample,1779736561.2239509,88.88414287567139,1.442,0.24381647811562218,-0.005308154633724693,0,8.371064537740496,13.415125195757724,119.33428693107776,-0.02002482093474862,-0.01769401496456515,,,
sample,1779736561.2730465,88.93323850631714,1.442,0.03856788660849615,-0.005809997446280637,0,8.34879436337332,13.414587383070627,119.35656359844141,-0.022127502083126364,-0.019366876071302743,,,
sample,1779736561.3227673,88.9829592704773,1.3619,0.21946210414967923,-0.009318209604483279,0,8.241091427108069,13.41081013783078,119.4643327501582,-0.03464745647622639,-0.031061597702950364,,,
sample,1779736561.3731205,89.03331255912781,1.3619,0.0,-0.009318209604483279,0,8.241091427108069,13.41081013783078,119.4643327501582,-0.03464745647622639,-0.031061597702950364,,,
sample,1779736561.4233654,89.08355736732483,1.3619,0.1837871605664196,-0.012584791441169411,0,8.097884902049,13.404463235285244,119.6076798533428,-0.046662789193999486,-0.04195151954554515,,,
sample,1779736561.472535,89.1327269077301,1.3619,0.0,-0.012584791441169411,0,8.097884902049,13.404463235285244,119.6076798533428,-0.046662789193999486,-0.04195151954554515,,,
sample,1779736561.5242174,89.1844093799591,1.442,0.2211604117693697,-0.015074034412150189,0,7.960622337478379,13.396806894414075,119.7451557828288,-0.05750094676346633,-0.05025058752009199,,,
sample,1779736561.5725746,89.23276662826538,1.442,0.0,-0.016165386721306206,0,7.960622337478379,13.396806894414075,119.7451557828288,-0.061293016300512496,-0.053889316599982987,,,
sample,1779736561.6231558,89.28334784507751,1.3619,-0.07524951904734901,-0.016233219013465177,0,7.822365658719359,13.389622865071749,119.8835989823695,-0.06088640804568389,-0.054115483585563694,,,
sample,1779736561.6727688,89.33296084403992,1.3619,0.0,-0.016233219013465177,0,7.822365658719359,13.389622865071749,119.8835989823695,-0.06088640804568389,-0.054115483585563694,,,
sample,1779736561.724003,89.38419508934021,1.442,0.027666554952071626,-0.01594988075737448,0,7.682861787614659,13.39164190836111,120.02311746354316,-0.06119889073634224,-0.05317077812659663,,,
sample,1779736561.7723916,89.43258357048035,1.442,0.0,-0.01594988075737448,0,7.682861787614659,13.39164190836111,120.02311746354316,-0.06119889073634224,-0.05317077812659663,,,
sample,1779736561.8230102,89.4832022190094,1.442,0.0,-0.01594988075737448,0,7.682861787614659,13.39164190836111,120.02311746354316,-0.06119889073634224,-0.05317077812659663,,,
sample,1779736561.8739939,89.53418588638306,1.442,-0.22755445893326137,-0.013867886994743304,0,7.483374615794991,13.38331232128897,120.22277846058915,-0.05318754477299695,-0.04622925359747036,,,
sample,1779736561.9233997,89.58359169960022,1.3619,-0.08342599639621681,-0.01342714309374734,0,7.433628915778762,13.381539235950605,120.27255574960455,-0.05009830046643727,-0.04475983356767462,,,
sample,1779736561.9733207,89.63351273536682,1.3619,-0.039685199997081345,-0.013107072619416375,0,7.4097184380720424,13.380686995104835,120.29648141069516,-0.04834649117062486,-0.04369274416350861,,,
sample,1779736562.0233152,89.68350720405579,1.442,-0.18828113036286487,-0.010640141349774649,0,7.26214984645306,13.376817614365601,120.44410072291316,-0.04029743695146667,-0.035468476335586474,,,
sample,1779736562.0742054,89.73439741134644,1.442,0.0,-0.010640141349774649,0,7.26214984645306,13.376817614365601,120.44410072291316,-0.04029743695146667,-0.035468476335586474,,,
sample,1779736562.1244347,89.78462672233582,1.3619,-0.22860439454763706,-0.00807983340049159,0,7.127208752896987,13.374829484834196,120.57905646154306,-0.030221910767342628,-0.026933364107480158,,,
sample,1779736562.1731265,89.83331847190857,1.3619,0.0,-0.00807983340049159,0,7.127208752896987,13.374829484834196,120.57905646154306,-0.030221910767342628,-0.026933364107480158,,,
sample,1779736562.22478,89.8849720954895,1.442,-0.2080101247740063,-0.0018126578254174955,0,7.020644884333694,13.397794604497355,120.68806680419145,-0.0068400512270170325,-0.006042199369068442,,,
sample,1779736562.276617,89.93680906295776,1.442,0.0,-0.0024164137128481747,0,7.020644884333694,13.397794604497355,120.68806680419145,-0.009116808535447789,-0.00805472805350068,,,
sample,1779736562.325759,89.98595094680786,1.3619,0.01803954934263975,-0.0027876164930124444,0,6.926883015328953,13.397315113706057,120.78182989922719,-0.010427829048928215,-0.009292079045700927,,,
sample,1779736562.376265,90.03645706176758,1.3619,0.004744126101953432,-0.0028818812878527228,0,6.90154054434156,13.397185514311378,120.80717270159295,-0.01066422734670846,-0.009606297553725256,,,
sample,1779736562.4269388,90.0871307849884,1.3619,0.017183568659527478,-0.003187899472632769,0,6.77582483700781,13.396433143105826,120.93289066026574,-0.011930825241263791,-0.010626367573006324,,,
sample,1779736562.4756458,90.13583779335022,1.3619,0.0,-0.003187899472632769,0,6.77582483700781,13.396433143105826,120.93289066026574,-0.011930825241263791,-0.010626367573006324,,,
sample,1779736562.5276957,90.18788766860962,1.442,-0.05918089114490447,-0.002316768174291838,0,6.631171427603709,13.396013028813973,121.07754467973375,-0.00888975248295686,-0.0077225743977310446,,,
sample,1779736562.5754507,90.23564267158508,1.442,0.0,-0.002316768174291838,0,6.631171427603709,13.396013028813973,121.07754467973375,-0.00888975248295686,-0.0077225743977310446,,,
sample,1779736562.6317513,90.29194331169128,1.442,-0.06474720085827895,-0.001350100286331429,0,6.470601718976775,13.396132016614317,121.23811443244774,-0.005093767610367393,-0.00450033702213271,,,
sample,1779736562.676554,90.33674597740173,1.442,0.0,-0.001350100286331429,0,6.470601718976775,13.396132016614317,121.23811443244774,-0.005093767610367393,-0.00450033702213271,,,
sample,1779736562.7241557,90.38434767723083,1.3619,-0.02516545344132314,-0.001098377338553469,0,6.384731857561848,13.396182114507821,121.32398430847664,-0.004094486579683051,-0.003661259267532746,,,
sample,1779736562.7767222,90.43691420555115,1.3619,0.004339117942788843,-0.0011494559635811066,0,6.337977879709543,13.396262104144235,121.37073835475454,-0.00427877955120158,-0.0038315215660685333,,,
sample,1779736562.8276746,90.48786664009094,1.442,-0.0404011125886776,-0.0005042310913608336,0,6.229857753146213,13.3966696536543,121.47885924942653,-0.0019358762193755054,-0.0016807704469808465,,,
sample,1779736562.875546,90.53573799133301,1.442,0.0,-0.0005042310913608336,0,6.229857753146213,13.3966696536543,121.47885924942653,-0.0019358762193755054,-0.0016807704469808465,,,
sample,1779736562.9281626,90.58835458755493,1.3619,-0.30705859790656104,0.004125884421457424,0,6.099460885601818,13.399268256132734,121.60928200741084,0.015281902405946818,0.01375302611051142,,,
sample,1779736562.9759345,90.63612651824951,1.3619,0.0,0.004125884421457424,0,6.099460885601818,13.399268256132734,121.60928200741084,0.015281902405946818,0.01375302611051142,,,
sample,1779736563.029058,90.6892499923706,1.442,-0.14479570547224782,0.006526065532665384,0,5.951264053441792,13.403362171267828,121.75753537568085,0.02482894459772902,0.021753860605337457,,,
sample,1779736563.075877,90.73606896400452,1.442,0.0,0.006526065532665384,0,5.951264053441792,13.403362171267828,121.75753537568085,0.02482894459772902,0.021753860605337457,,,
sample,1779736563.1275456,90.78773760795593,1.442,0.04410955889298728,0.006353936015350881,0,5.81048634840195,13.406923443759334,121.89835811851042,0.024078937333286757,0.02118007174943939,,,
sample,1779736563.1787257,90.83891773223877,1.442,0.0009184067856145656,0.006341535304356338,0,5.8075829239989005,13.406996892075991,121.90126247178084,0.024061720637265426,0.021138734380508555,,,
sample,1779736563.2285256,90.88871765136719,1.3619,-0.14333103189692023,0.008827942322915186,0,5.669221831621522,13.411485462486299,122.03969635183984,0.033142250357148836,0.029427238860430537,,,
sample,1779736563.2751572,90.93534922599792,1.3619,0.0,0.008827942322915186,0,5.669221831621522,13.411485462486299,122.03969635183984,0.033142250357148836,0.029427238860430537,,,
sample,1779736563.3254738,90.98566579818726,1.3619,0.11816926607929236,0.007717512973219625,0,5.554526534565376,13.414553357745588,122.15443267193125,0.02852514485707562,0.025725553984147508,,,
sample,1779736563.372298,91.03249001502991,1.3619,0.0,0.007717512973219625,0,5.554526534565376,13.414553357745588,122.15443267193125,0.02852514485707562,0.025725553984147508,,,
sample,1779736563.4239783,91.0841703414917,1.442,-0.01362255291682603,0.008140219333341723,0,5.409306587192016,13.418502535818758,122.29970630726325,0.030865776065510695,0.027134663790073784,,,
sample,1779736563.4727347,91.13292670249939,1.442,0.0,0.008140219333341723,0,5.409306587192016,13.418502535818758,122.29970630726325,0.030865776065510695,0.027134663790073784,,,
sample,1779736563.523525,91.1837170124054,1.3619,0.1267206553487012,0.006890474003819589,0,5.2699888733078675,13.421394013286207,122.43905402358415,0.025857277979353853,0.022968610186612736,,,
sample,1779736563.573252,91.23344397544861,1.3619,0.0,0.006890474003819589,0,5.2699888733078675,13.421394013286207,122.43905402358415,0.025857277979353853,0.022968610186612736,,,
sample,1779736563.623227,91.28341889381409,1.3619,0.16364753368197285,0.004934293100845327,0,5.13749449439008,13.423059993427735,122.57155887607885,0.01837264980231283,0.016447777155739803,,,
sample,1779736563.673233,91.33342504501343,1.3619,0.0,0.004934293100845327,0,5.13749449439008,13.423059993427735,122.57155887607885,0.01837264980231283,0.016447777155739803,,,
sample,1779736563.723148,91.38334012031555,1.3619,0.1579823958784367,0.002899661299391427,0,4.989574297596467,13.423753389615626,122.71948069805835,0.010786431961986543,0.00966556475412429,,,
sample,1779736563.77307,91.43326210975647,1.3619,0.0,0.002899661299391427,0,4.989574297596467,13.423753389615626,122.71948069805835,0.010786431961986543,0.00966556475412429,,,
sample,1779736563.8233705,91.48356246948242,1.442,0.6968034652417807,-0.005667130356432645,0,4.863106627196856,13.418441417826468,122.84605987762826,-0.021541741321028193,-0.01889063675474615,,,
sample,1779736563.872681,91.53287291526794,1.442,0.0,-0.007057491459699277,0,4.863106627196856,13.418441417826468,122.84605987762826,-0.026715821156786716,-0.023525362118829603,,,
sample,1779736563.9238043,91.58399629592896,1.3619,0.0743013111871777,-0.008668512754748305,0,4.72992082379082,13.413889967423072,122.97932342827016,-0.03238966895338911,-0.028895766292067707,,,
sample,1779736563.972293,91.63248491287231,1.3619,0.0,-0.008668512754748305,0,4.72992082379082,13.413889967423072,122.97932342827016,-0.03238966895338911,-0.028895766292067707,,,
sample,1779736564.024912,91.68510413169861,1.3619,0.2128005876248351,-0.012466991450359764,0,4.5920268647284335,13.407631108425802,123.11735935570157,-0.04634473984254793,-0.04155879129402109,,,
sample,1779736564.0724351,91.7326271533966,1.3619,0.0,-0.012466991450359764,0,4.5920268647284335,13.407631108425802,123.11735935570157,-0.04634473984254793,-0.04155879129402109,,,
sample,1779736564.1239674,91.78415942192078,1.442,0.07469610564717372,-0.013960445147137622,0,4.453076285842154,13.400788235521714,123.25647832738557,-0.05309447052584622,-0.04653784051214946,,,
sample,1779736564.1723824,91.8325743675232,1.442,0.0,-0.013960445147137622,0,4.453076285842154,13.400788235521714,123.25647832738557,-0.05309447052584622,-0.04653784051214946,,,
sample,1779736564.2242398,91.88443183898926,1.3619,0.14771283685635542,-0.01665578857791541,0,4.310084943918926,13.392647959961092,123.39970118851886,-0.06194037270554262,-0.05552442979666845,,,
sample,1779736564.272665,91.93285703659058,1.3619,0.0,-0.01744793082125715,0,4.310084943918926,13.392647959961092,123.39970118851886,-0.06437343952037479,-0.058165671988115945,,,
sample,1779736564.323595,91.98378705978394,1.442,0.11695536000657904,-0.019557531624128724,0,4.1728499451188625,13.384015001337591,123.53720745335886,-0.07379069567409688,-0.06520008523902271,,,
sample,1779736564.3728595,92.03305149078369,1.442,0.0,-0.019557531624128724,0,4.1728499451188625,13.384015001337591,123.53720745335886,-0.07379069567409688,-0.06520008523902271,,,
sample,1779736564.4239745,92.08416652679443,1.3619,-0.08809227811681307,-0.018250872091124897,0,4.053616096759682,13.388797222845838,123.65653716565674,-0.06753052780951409,-0.06084299593946689,,,
sample,1779736564.4730017,92.13319373130798,1.3619,0.0,-0.018250872091124897,0,4.053616096759682,13.388797222845838,123.65653716565674,-0.06753052780951409,-0.06084299593946689,,,
sample,1779736564.5232499,92.18344187736511,1.3619,-0.1916080607756229,-0.016514951849838234,0,3.9090696594973005,13.381753281187931,123.80125513150524,-0.060950347802394986,-0.05505484487663853,,,
sample,1779736564.5727916,92.23298358917236,1.3619,0.0,-0.016514951849838234,0,3.9090696594973005,13.381753281187931,123.80125513150524,-0.060950347802394986,-0.05505484487663853,,,
sample,1779736564.6246076,92.28479957580566,1.442,-0.012329750684392718,-0.016397052538373223,0,3.7694793208153965,13.375040247093219,123.94100679510925,-0.06263348782999062,-0.05466174072830174,,,
sample,1779736564.6742196,92.33441162109375,1.442,0.0,-0.01663882626392071,0,3.7694793208153965,13.375040247093219,123.94100679510925,-0.06284727750605448,-0.05546787307774157,,,
sample,1779736564.7249496,92.38514161109924,1.3619,-0.10373416602351863,-0.01626824137926692,0,3.6331920825015307,13.369204748227157,124.07741890738025,-0.0607190676014864,-0.05423225564009214,,,
sample,1779736564.773612,92.43380403518677,1.3619,0.0,-0.01626824137926692,0,3.6331920825015307,13.369204748227157,124.07741890738025,-0.0607190676014864,-0.05423225564009214,,,
sample,1779736564.826339,92.48653101921082,1.442,-0.10466413830581388,-0.014920300461015234,0,3.490277552017535,13.363875443216779,124.22043276865024,-0.05705122816107593,-0.04973802574109306,,,
sample,1779736564.873973,92.5341649055481,1.442,0.0,-0.014920300461015234,0,3.490277552017535,13.363875443216779,124.22043276865024,-0.05705122816107593,-0.04973802574109306,,,
sample,1779736564.9260309,92.58622288703918,1.3619,-0.14722459817654426,-0.012767604913984244,0,3.356758672556057,13.369666233368722,124.35407716405548,-0.047150670731480895,-0.042560995719002355,,,
sample,1779736564.972493,92.63268494606018,1.3619,0.0,-0.012767604913984244,0,3.356758672556057,13.369666233368722,124.35407716405548,-0.047150670731480895,-0.042560995719002355,,,
sample,1779736565.0243795,92.6845715045929,1.442,-0.17683570657229553,-0.010383678176594642,0,3.2244556555264996,13.366962473376093,124.48640780537949,-0.03972963343939394,-0.034613504615859554,,,
sample,1779736565.0731616,92.73335361480713,1.442,0.0,-0.010136045990000753,0,3.2244556555264996,13.366962473376093,124.48640780537949,-0.039011072996123296,-0.03378797709374485,,,
sample,1779736565.125489,92.7856810092926,1.442,0.06717205217405955,-0.011452751889640133,0,3.082549500341945,13.36356342490548,124.62835466307548,-0.04392703816773987,-0.03817750883773737,,,
sample,1779736565.1737647,92.83395671844482,1.442,0.0,-0.011452751889640133,0,3.082549500341945,13.36356342490548,124.62835466307548,-0.04392703816773987,-0.03817750883773737,,,
sample,1779736565.2234566,92.88364863395691,1.3619,-0.29559896660848756,-0.00811814718130263,0,2.931120030845694,13.362161248979822,124.77979062422489,-0.030309771205325377,-0.027061085087700557,,,
sample,1779736565.2731736,92.9333655834198,1.3619,0.0,-0.00811814718130263,0,2.931120030845694,13.362161248979822,124.77979062422489,-0.030309771205325377,-0.027061085087700557,,,
sample,1779736565.3255873,92.98577928543091,1.442,-0.22566904984615513,-0.010280036533850826,0,2.7977072510906,13.36250396282155,124.91320384416488,-0.039143733182558024,-0.034267995592235916,,,
sample,1779736565.373095,93.03328704833984,1.442,0.0,-0.010280036533850826,0,2.7977072510906,13.36250396282155,124.91320384416488,-0.039143733182558024,-0.034267995592235916,,,
sample,1779736565.4239645,93.08415651321411,1.442,-0.05158281019166404,-0.009111883064200781,0,2.6664074938673106,13.366668571630846,125.04456963199958,-0.034420506856136346,-0.030373784160771286,,,
sample,1779736565.472913,93.13310503959656,1.442,-0.0055568741686972956,-0.009039910367750877,0,2.6625962122031046,13.366689399761805,125.0483809705748,-0.034203883440655745,-0.030133855409656605,,,
sample,1779736565.5246906,93.18488264083862,1.3619,-0.08345720941675813,-0.008238375683089199,0,2.523073950238512,13.368054811329314,125.1879099135668,-0.030849779745198386,-0.02746187356652827,,,
sample,1779736565.5740032,93.23419523239136,1.3619,0.0,-0.008238375683089199,0,2.523073950238512,13.368054811329314,125.1879099135668,-0.030849779745198386,-0.02746187356652827,,,
sample,1779736565.6263354,93.28652739524841,1.442,-0.0758220772653726,-0.012149227774921495,0,2.378028152050864,13.370049890616471,125.3329694320868,-0.04661584022654383,-0.0404994185578351,,,
sample,1779736565.6733198,93.33351182937622,1.442,0.0,-0.012149227774921495,0,2.378028152050864,13.370049890616471,125.3329694320868,-0.04661584022654383,-0.0404994185578351,,,
sample,1779736565.7254622,93.38565421104431,1.3619,-0.17510046536514656,-0.010059722230289959,0,2.289695514837067,13.372651459609862,125.42134037164485,-0.037361034852614,-0.033533538617738674,,,
sample,1779736565.7737646,93.43395662307739,1.3619,-0.13579724078479938,-0.008120355393386729,0,2.2262351161534952,13.374520492514694,125.4848282877004,-0.030335957343686028,-0.02706844627990318,,,
sample,1779736565.8261065,93.48629856109619,1.442,-0.3288624186638771,-0.007913998347043837,0,2.097323284304938,13.38053946664737,125.61388055788639,-0.030073332697937546,-0.02638054524234095,,,
sample,1779736565.8740137,93.53420567512512,1.442,0.0,-0.007913998347043837,0,2.097323284304938,13.38053946664737,125.61388055788639,-0.030073332697937546,-0.02638054524234095,,,
sample,1779736565.9237208,93.58391284942627,1.442,-0.3067775606700549,-0.002857635164411824,0,1.949171884017049,13.38972262967665,125.7623162944544,-0.010852073078037535,-0.00952547647665049,,,
sample,1779736565.9727902,93.63298225402832,1.442,0.0,-0.002857635164411824,0,1.949171884017049,13.38972262967665,125.7623162944544,-0.010852073078037535,-0.00952547647665049,,,
sample,1779736566.024089,93.68428111076355,1.3619,0.12551084265146398,-0.006524005164356208,0,1.8511103093194803,13.377629017863027,125.86112078766632,-0.024072401539605826,-0.021746992418557175,,,
sample,1779736566.0731783,93.73337030410767,1.3619,0.0,-0.006524005164356208,0,1.8511103093194803,13.377629017863027,125.86112078766632,-0.024072401539605826,-0.021746992418557175,,,
sample,1779736566.1250553,93.78524732589722,1.442,0.03753776786602397,-0.00581695635214068,0,1.7325445132111208,13.383925081995665,125.97985363244977,-0.022245380421369552,-0.01939007320814317,,,
sample,1779736566.1751623,93.83535432815552,1.442,0.009336947777746046,-0.005641002172064278,0,1.704059311932972,13.385437699124424,126.00837896684632,-0.02137609788427749,-0.018803540022527442,,,
sample,1779736566.2230787,93.88327074050903,1.3619,0.007935900930740472,0.0004916769427494136,0,1.5640145780108112,13.392820932289162,126.14861818971673,0.0018071998050826748,0.0016389232745658813,,,
sample,1779736566.2725098,93.93270182609558,1.3619,0.0,0.0004916769427494136,0,1.5640145780108112,13.392820932289162,126.14861818971673,0.0018071998050826748,0.0016389232745658813,,,
sample,1779736566.3231773,93.98336935043335,1.3619,-0.06471096687946185,0.007943529485812456,0,1.4311618484519018,13.400261877083931,126.28167913594322,0.02965336772844101,0.026478988560115574,,,
sample,1779736566.3726497,94.03284168243408,1.3619,0.0,0.007943529485812456,0,1.4311618484519018,13.400261877083931,126.28167913594322,0.02965336772844101,0.026478988560115574,,,
sample,1779736566.424386,94.08457803726196,1.442,-0.019050651672055666,0.02593615947695637,0,1.2880086051363926,13.408421286985046,126.42506472462522,0.09932430534415557,0.08647325552854843,,,
sample,1779736566.4724917,94.13268375396729,1.442,0.0,0.02593615947695637,0,1.2880086051363926,13.408421286985046,126.42506472462522,0.09932430534415557,0.08647325552854843,,,
sample,1779736566.5237613,94.18395328521729,1.3619,0.3027977893079965,0.0233567813024199,0,1.1885070386776238,13.41352201317852,126.52469694398948,0.08696040848949911,0.07787009858771071,,,
sample,1779736566.5723994,94.23259139060974,1.3619,0.007932674345493431,0.023253447737211583,0,1.1749291677358575,13.414079371586636,126.53828624962686,0.08709387952100903,0.07752546622431643,,,
sample,1779736566.6236136,94.28380560874939,1.3619,0.1522773575087716,0.03356619619659963,0,1.0395109453979234,13.418580600594794,126.67377926053057,0.12471328346041495,0.11192936035917758,,,
sample,1779736566.6725106,94.33270263671875,1.3619,0.0,0.03356619619659963,0,1.0395109453979234,13.418580600594794,126.67377926053057,0.12471328346041495,0.11192936035917758,,,
sample,1779736566.7239728,94.38416481018066,1.442,0.15056586148120013,0.047255506240383806,0,0.8955301767538579,13.422249849388317,126.81780677570056,0.18303443533213115,0.15763570947418495,,,
sample,1779736566.7731671,94.43335914611816,1.442,0.0,0.047255506240383806,0,0.8955301767538579,13.422249849388317,126.81780677570056,0.18303443533213115,0.15763570947418495,,,
sample,1779736566.8247828,94.48497486114502,1.3619,0.26825733801972634,0.0870884870726088,0,0.755856547130765,13.42387467460463,126.95748985581076,0.3334906438791326,0.2910310950575003,,,
sample,1779736566.873093,94.53328490257263,1.3619,0.0,0.0870884870726088,0,0.755856547130765,13.42387467460463,126.95748985581076,0.3334906438791326,0.2910310950575003,,,
sample,1779736566.9247904,94.58498239517212,1.3619,0.2629955381179801,0.1195912802566926,0,0.5845542041056961,13.423538284144046,127.12879252912447,0.4678174962841316,0.4005489844983736,,,
sample,1779736566.9784136,94.63860559463501,1.3619,0.0,0.13039791707049894,0,0.5845542041056961,13.423538284144046,127.12879252912447,0.512575289762287,0.4371401914950229,,,
sample,1779736567.023948,94.68413996696472,1.3619,0.43571307105570467,0.14322662942909206,0,0.48458526048420447,13.421358251581413,127.22878524001267,0.5716756882147643,0.4807137013439533,,,
sample,1779736567.0726602,94.73285222053528,1.3619,0.0,0.14322662942909206,0,0.48458526048420447,13.421358251581413,127.22878524001267,0.5716756882147643,0.4807137013439533,,,
sample,1779736567.124642,94.78483390808105,1.3619,1.0032951901065614,0.15491390037220742,0,0.3604452883153082,13.414397874606514,127.35312018899214,0.6206730407189328,0.5205504568257203,,,
sample,1779736567.1727324,94.83292436599731,1.3619,0.0,0.15491390037220742,0,0.3604452883153082,13.414397874606514,127.35312018899214,0.6206730407189328,0.5205504568257203,,,
sample,1779736567.2236068,94.88379883766174,1.2818,0.9428351419267847,0.15713881790839676,0,0.23399720214266514,13.398904113685905,127.48051396876254,0.6064400152247297,0.5281503694034998,,,
sample,1779736567.272566,94.93275809288025,1.2818,0.0,0.15713881790839676,0,0.23399720214266514,13.398904113685905,127.48051396876254,0.6064400152247297,0.5281503694034998,,,
sample,1779736567.32503,94.98522210121155,1.3619,1.1674337177505087,0.1589546924972859,0,0.0978120497849004,13.373574450076067,127.61903468050376,0.6430319550744326,0.5343570348310994,,,
sample,1779736567.3725777,95.0327696800232,1.3619,0.015182489370118988,0.158804067978894,0,0.09620692998131661,13.373275906923789,127.62066732792364,0.642742610502749,0.5338420628519934,,,
sample,1779736567.423946,95.08413791656494,1.2818,1.2827852439242668,0.16231924495208022,0,-0.025000630903466076,13.342353980500054,127.74575704912164,0.6206312556217694,0.5458666726776789,,,
sample,1779736567.4762712,95.1364631652832,1.2818,0.0,0.16231924495208022,0,-0.025000630903466076,13.342353980500054,127.74575704912164,0.6206312556217694,0.5458666726776789,,,
sample,1779736567.5310974,95.19128942489624,1.3619,1.4265451234902553,0.15377348971634305,0,-0.15318632802347265,13.298733509783997,127.88116132679274,0.6158425754563817,0.5166570735938419,,,
sample,1779736567.573391,95.23358297348022,1.3619,0.0,0.15377348971634305,0,-0.15318632802347265,13.298733509783997,127.88116132679274,0.6158425754563817,0.5166570735938419,,,
sample,1779736567.6239047,95.28409671783447,1.2818,1.7895602965168311,0.14798275977255765,0,-0.2843766454464607,13.256660922622544,128.0189328840025,0.5758041244629386,0.49690842130404,,,
sample,1779736567.6776798,95.33787178993225,1.2818,0.0,0.14798275977255765,0,-0.2843766454464607,13.256660922622544,128.0189328840025,0.5758041244629386,0.49690842130404,,,
sample,1779736567.7283099,95.3885018825531,1.2818,2.408141549860897,0.13712071650200747,0,-0.45065401845775305,13.205329367443746,128.19295326594846,0.5218445928249783,0.4599553825211513,,,
sample,1779736567.775854,95.43604612350464,1.2818,0.025963891393468864,0.13682990839955092,0,-0.452444331469604,13.204252411042187,128.19504253753715,0.5210770998977146,0.4589676048715726,,,
sample,1779736567.8269012,95.48709321022034,1.2818,1.4077654962008075,0.12954363652652942,0,-0.5519354357326316,13.134208791791139,128.31671664499333,0.49524607204371984,0.4342439397132062,,,
sample,1779736567.8756704,95.5358624458313,1.2818,0.0,0.12954363652652942,0,-0.5519354357326316,13.134208791791139,128.31671664499333,0.49524607204371984,0.4342439397132062,,,
sample,1779736567.9275677,95.58775973320007,1.2818,1.5222300777015203,0.1245340434757484,0,-0.6480252181185987,13.054511070715213,128.44155643441835,0.4689229724410715,0.4172728354682199,,,
sample,1779736567.9755368,95.63572883605957,1.2818,0.0,0.1245340434757484,0,-0.6480252181185987,13.054511070715213,128.44155643441835,0.4689229724410715,0.4172728354682199,,,
sample,1779736568.030799,95.6909909248352,1.3619,1.2884408141274861,0.11870416960509741,0,-0.7490867716040942,12.957758295437207,128.58146546599565,0.4689229724410715,0.4172728354682199,,,
sample,1779736568.0775805,95.7377724647522,1.3619,0.0,0.11852633471087815,0,-0.7490867716040942,12.957758295437207,128.58146546599565,0.45625702701667936,0.39694836762223823,,,
sample,1779736568.129469,95.78966093063354,1.2818,1.368279306675028,0.11054222474714316,0,-0.8349045351936254,12.863047855081595,128.70927296209766,0.41468397855431505,0.36998232154115834,,,
sample,1779736568.1755269,95.83571887016296,1.2818,0.0,0.11054222474714316,0,-0.8349045351936254,12.863047855081595,128.70927296209766,0.41468397855431505,0.36998232154115834,,,
sample,1779736568.228528,95.88872003555298,1.3619,1.420352211656069,0.10785413860772666,0,-0.9780433264135054,12.769366705730688,128.88034274696804,0.41381321291344403,0.3609143289765164,,,
sample,1779736568.2757456,95.93593764305115,1.3619,0.0,0.10785413860772666,0,-0.9780433264135054,12.769366705730688,128.88034274696804,0.41381321291344403,0.3609143289765164,,,
sample,1779736568.3233953,95.98358726501465,1.2818,1.5294513505097973,0.09782274760702753,0,-1.0511579343053925,12.659699078699283,129.01214841568483,0.36648674170330103,0.3271199267687171,,,
sample,1779736568.3730288,96.03322076797485,1.2818,0.0,0.09782274760702753,0,-1.0511579343053925,12.659699078699283,129.01214841568483,0.36648674170330103,0.3271199267687171,,,
sample,1779736568.4238505,96.0840425491333,1.2818,0.9690951815509502,0.09135199474292235,0,-1.1002219176092192,12.574497307933248,129.11046736705896,0.340389067300546,0.3053565412300755,,,
sample,1779736568.4739707,96.13416266441345,1.2818,0.3250562887489349,0.09023627002485436,0,-1.1164518653616873,12.546313287908065,129.14299043869784,0.3331760906570633,0.3016066306240743,,,
sample,1779736568.5241752,96.1843671798706,1.442,1.0769897960809192,0.0815140955144413,0,-1.1775721513720607,12.425513753920315,129.27837218330782,0.31510915900021536,0.2723170602957225,,,
sample,1779736568.5745366,96.23472857475281,1.442,0.0,0.0815140955144413,0,-1.1775721513720607,12.425513753920315,129.27837218330782,0.31510915900021536,0.2723170602957225,,,
sample,1779736568.6242225,96.28441452980042,1.3619,0.9936420213352413,0.07497867448649166,0,-1.2342717483727697,12.298218783683588,129.41772373065342,0.28532495064226615,0.25039832080617386,,,
sample,1779736568.673621,96.33381295204163,1.3619,0.0,0.07497867448649166,0,-1.2342717483727697,12.298218783683588,129.41772373065342,0.28532495064226615,0.25039832080617386,,,
sample,1779736568.72509,96.38528203964233,1.2818,0.8655053224779209,0.07811389331537576,0,-1.3338436857717866,12.194398277494129,129.5615752799076,0.28454965478556427,0.26091053329997776,,,
sample,1779736568.772622,96.43281412124634,1.2818,0.0,0.07811389331537576,0,-1.3338436857717866,12.194398277494129,129.5615752799076,0.28454965478556427,0.26091053329997776,,,
sample,1779736568.8235366,96.48372864723206,1.3619,0.7525792769055807,0.07174669860554968,0,-1.376258740966482,12.073017417114903,129.6901534669129,0.2692840077723916,0.23956686705766217,,,
sample,1779736568.8722827,96.53247475624084,1.3619,0.0,0.07035465761383347,0,-1.376258740966482,12.073017417114903,129.6901534669129,0.2659867552072094,0.2349032262616792,,,
sample,1779736568.9239159,96.58410787582397,1.3619,0.8137451569533978,0.06459306929591338,0,-1.4159768771708752,11.941911232074553,129.8271438392001,0.2418895056821868,0.2156101753268509,,,
sample,1779736568.972274,96.63246607780457,1.3619,0.0,0.06459306929591338,0,-1.4159768771708752,11.941911232074553,129.8271438392001,0.2418895056821868,0.2156101753268509,,,
sample,1779736569.0233607,96.6835527420044,1.2818,0.8239601719114633,0.05784856183498453,0,-1.4479664194276762,11.81770023049392,129.9554080342331,0.21249984565689004,0.19304392518054286,,,
sample,1779736569.0727646,96.73295664787292,1.2818,0.0,0.05784856183498453,0,-1.4479664194276762,11.81770023049392,129.9554080342331,0.21249984565689004,0.19304392518054286,,,
sample,1779736569.1246881,96.7848801612854,1.3619,0.8241413067168848,0.048968779231587684,0,-1.4789784919582483,11.671679597585685,130.104685540501,0.18434799289395518,0.16335986077204895,,,
sample,1779736569.1735103,96.83370232582092,1.3619,0.0,0.048968779231587684,0,-1.4789784919582483,11.671679597585685,130.104685540501,0.18434799289395518,0.16335986077204895,,,
sample,1779736569.224336,96.88452792167664,1.3619,0.640694306787802,0.045646020664503587,0,-1.5205607028886645,11.591689679402261,130.19483800733832,0.17022120210466515,0.15225916390063904,,,
sample,1779736569.2730284,96.93322038650513,1.3619,0.2850927458377068,0.04291584150597901,0,-1.529089753043429,11.539772174285787,130.24745142800322,0.16007477977242762,0.14314069319717948,,,
sample,1779736569.322807,96.98299908638,1.3619,0.6042362116409699,0.036472058227986354,0,-1.5419195434790611,11.443693076703754,130.3443833449078,0.13561909879649592,0.1216274622737969,,,
sample,1779736569.3730116,97.03320360183716,1.3619,0.0,0.036472058227986354,0,-1.5419195434790611,11.443693076703754,130.3443833449078,0.13561909879649592,0.1216274622737969,,,
sample,1779736569.4233806,97.08357262611389,1.3619,0.506002344052198,0.03154912126908801,0,-1.5562369903061966,11.310723651456351,130.47812136244312,0.11633345509179578,0.10519864293295879,,,
sample,1779736569.472379,97.13257098197937,1.3619,0.0,0.03154912126908801,0,-1.5562369903061966,11.310723651456351,130.47812136244312,0.11633345509179578,0.10519864293295879,,,
sample,1779736569.5229714,97.18316340446472,1.3619,0.3718851005007196,0.027510090899641154,0,-1.5691132855453491,11.165521278637996,130.6238935410341,0.1034083060484124,0.09172344308954486,,,
sample,1779736569.572653,97.2328450679779,1.3619,0.0,0.027510090899641154,0,-1.5691132855453491,11.165521278637996,130.6238935410341,0.1034083060484124,0.09172344308954486,,,
sample,1779736569.6235075,97.28369951248169,1.3619,0.5535736690967823,0.02110041171222341,0,-1.5765256633701543,11.041723083687533,130.7479134443481,0.07833238933866146,0.07034514587883306,,,
sample,1779736569.672508,97.33270001411438,1.3619,0.01003950956755561,0.020968204941840252,0,-1.5766551921375507,11.039559752570746,130.7500806497427,0.07791436143365084,0.06990426160657144,,,
sample,1779736569.7235541,97.38374614715576,1.3619,0.38147668104380433,0.016450141861793416,0,-1.5822230796425403,10.901577700527056,130.8881749945127,0.0607751857149422,0.05483875288174385,,,
sample,1779736569.7725537,97.43274569511414,1.3619,0.0,0.016450141861793416,0,-1.5822230796425403,10.901577700527056,130.8881749945127,0.0607751857149422,0.05483875288174385,,,
sample,1779736569.823348,97.48354005813599,1.3619,0.3064918049998509,0.015466544634693566,0,-1.6100945969402325,10.779183539653426,131.013702489877,0.057681828059897175,0.051559260080208426,,,
sample,1779736569.872267,97.53245902061462,1.3619,0.0,0.015466544634693566,0,-1.6100945969402325,10.779183539653426,131.013702489877,0.057681828059897175,0.051559260080208426,,,
sample,1779736569.924352,97.58454394340515,1.442,0.25412068943276334,0.011608154636434331,0,-1.6116797936976783,10.641662936454827,131.151232229035,0.044243624829410126,0.038695586870883654,,,
sample,1779736569.9735732,97.63376522064209,1.442,0.0,0.011608154636434331,0,-1.6116797936976783,10.641662936454827,131.151232229035,0.044243624829410126,0.038695586870883654,,,
sample,1779736570.0234416,97.68363356590271,1.3619,0.1442285681327946,0.022076699091148455,0,-1.6122857696541337,10.50184555422624,131.29105092442342,0.08137371203064808,0.07360095458587892,,,
sample,1779736570.0734572,97.73364925384521,1.3619,0.0,0.022076699091148455,0,-1.6122857696541337,10.50184555422624,131.29105092442342,0.08137371203064808,0.07360095458587892,,,
sample,1779736570.1233013,97.78349328041077,1.3619,0.270474165442259,0.030127475369839958,0,-1.6110459113260545,10.366308593334844,131.42659355615362,0.1124264779733486,0.10045531298834294,,,
sample,1779736570.1731327,97.83332467079163,1.3619,0.0,0.030127475369839958,0,-1.6110459113260545,10.366308593334844,131.42659355615362,0.1124264779733486,0.10045531298834294,,,
sample,1779736570.2245545,97.88474655151367,1.3619,0.05154417112843932,0.04690948197665515,0,-1.6092668144958644,10.215519033713234,131.57739361078362,0.1739658006705888,0.15647973462285175,,,
sample,1779736570.272738,97.93292999267578,1.3619,0.0,0.04690948197665515,0,-1.6092668144958644,10.215519033713234,131.57739361078362,0.1739658006705888,0.15647973462285175,,,
sample,1779736570.3232396,97.9834315776825,1.3619,0.23671528270038555,0.05058818841405057,0,-1.6168984232741521,10.13855032834487,131.6547397358231,0.18904022722514052,0.16877129046488648,,,
sample,1779736570.3730526,98.03324460983276,1.3619,0.0,0.05058818841405057,0,-1.6168984232741521,10.13855032834487,131.6547397358231,0.18904022722514052,0.16877129046488648,,,
sample,1779736570.4242814,98.08447337150574,1.442,0.40317655906749783,0.05902969831349345,0,-1.610549795801378,9.995678868611712,131.7977521796071,0.22825460757065077,0.19699452370133289,,,
sample,1779736570.472373,98.13256502151489,1.442,0.0,0.05902969831349345,0,-1.610549795801378,9.995678868611712,131.7977521796071,0.22825460757065077,0.19699452370133289,,,
sample,1779736570.5247798,98.1849718093872,1.2818,0.2914525609628736,0.06671760998148649,0,-1.6027006010918847,9.864315500566306,131.9293498403835,0.24069700673787867,0.22272259524794136,,,
sample,1779736570.572398,98.23258996009827,1.2818,0.0,0.06671760998148649,0,-1.6027006010918847,9.864315500566306,131.9293498403835,0.24069700673787867,0.22272259524794136,,,
sample,1779736570.6241775,98.28436946868896,1.442,0.15822870582439577,0.07922048198919732,0,-1.592434187558072,9.713290512935737,132.08072337220352,0.3030918178131688,0.2646220842850372,,,
sample,1779736570.6724412,98.33263325691223,1.442,0.0,0.07922048198919732,0,-1.592434187558072,9.713290512935737,132.08072337220352,0.3030918178131688,0.2646220842850372,,,
sample,1779736570.724706,98.3848979473114,1.3619,0.4410386905491106,0.07841111336360497,0,-1.5811063417733981,9.589048944295262,132.2054802857128,0.3030918178131688,0.2646220842850372,,,
sample,1779736570.7731934,98.43338537216187,1.3619,0.0,0.08237930465533447,0,-1.5811063417733981,9.589048944295262,132.2054802857128,0.307298789216729,0.2752205450035401,,,
sample,1779736570.824522,98.48471403121948,1.3619,0.5221454925617849,0.08570114314807863,0,-1.5650567821025674,9.453349101257077,132.3421259434053,0.31997607213903867,0.28637192464233735,,,
sample,1779736570.8727112,98.53290319442749,1.3619,0.0,0.08570114314807863,0,-1.5650567821025674,9.453349101257077,132.3421259434053,0.31997607213903867,0.28637192464233735,,,
sample,1779736570.9230819,98.58327388763428,1.3619,1.1273239941028037,0.07519314532269757,0,-1.5387464063914953,9.329284931660835,132.46894926163844,0.2866311103186407,0.2511172693401044,,,
sample,1779736570.9730062,98.63319826126099,1.3619,0.0,0.07519314532269757,0,-1.5387464063914953,9.329284931660835,132.46894926163844,0.2866311103186407,0.2511172693401044,,,
sample,1779736571.0232065,98.68339848518372,1.3619,0.743686127359379,0.07467177697478053,0,-1.5092070137516305,9.191937016897205,132.60943778575145,0.2846691287482517,0.24936958010524476,,,
sample,1779736571.0724697,98.73266172409058,1.3619,0.0,0.07467177697478053,0,-1.5092070137516305,9.191937016897205,132.60943778575145,0.2846691287482517,0.24936958010524476,,,
sample,1779736571.1237843,98.78397631645203,1.3619,0.6028668979922673,0.07700102251071063,0,-1.4758842850431386,9.057388828558997,132.74805098582155,0.2898537025728869,0.257178560122397,,,
sample,1779736571.1725106,98.83270263671875,1.3619,0.0,0.0753537882256917,0,-1.4758842850431386,9.057388828558997,132.74805098582155,0.2870078141452397,0.2516557912420745,,,
sample,1779736571.224081,98.88427305221558,1.2818,0.5627909551938509,0.07573154866817308,0,-1.4432589975677808,8.940326137046332,132.86957498808874,0.28012178902743223,0.25292220603786547,,,
sample,1779736571.277282,98.93747401237488,1.2818,0.0,0.07573154866817308,0,-1.4432589975677808,8.940326137046332,132.86957498808874,0.28012178902743223,0.25292220603786547,,,
sample,1779736571.3235905,98.98378252983093,1.3619,0.5933414067602041,0.07679050884384434,0,-1.4026697639394534,8.80877625016686,133.00724436966846,0.2892247895795344,0.2564726822904199,,,
sample,1779736571.372603,99.03279495239258,1.3619,0.0,0.07679050884384434,0,-1.4026697639394534,8.80877625016686,133.00724436966846,0.2892247895795344,0.2564726822904199,,,
sample,1779736571.4235573,99.083749294281,1.3619,0.8743899339436566,0.07358781680449451,0,-1.3662443466304337,8.676163426437162,133.14476881129139,0.275642948653997,0.2457364508525076,,,
sample,1779736571.4724584,99.13265037536621,1.3619,0.0,0.07358781680449451,0,-1.3662443466304337,8.676163426437162,133.14476881129139,0.275642948653997,0.2457364508525076,,,
sample,1779736571.5241492,99.18434119224548,1.3619,0.7648814349478883,0.06978635817553523,0,-1.3160037597658476,8.551597680277666,133.27908463941588,0.2599054447623003,0.23299956328676583,,,
sample,1779736571.5734444,99.23363637924194,1.3619,0.0,0.06978635817553523,0,-1.3160037597658476,8.551597680277666,133.27908463941588,0.2599054447623003,0.23299956328676583,,,
sample,1779736571.6233242,99.28351616859436,1.2818,0.6302174214795481,0.06786601745326995,0,-1.2634064033690557,8.432154947251329,133.40959536071009,0.24609935595883856,0.2265680070618351,,,
sample,1779736571.672716,99.33290791511536,1.2818,0.0,0.06786601745326995,0,-1.2634064033690557,8.432154947251329,133.40959536071009,0.24609935595883856,0.2265680070618351,,,
sample,1779736571.723881,99.38407301902771,1.3619,0.6937545332620281,0.04514121647739372,0,-1.2053040365139114,8.311966390080357,133.5430913318441,0.16888229252440654,0.15057301117318334,,,
sample,1779736571.773574,99.43376612663269,1.3619,0.0,0.04514121647739372,0,-1.2053040365139114,8.311966390080357,133.5430913318441,0.16888229252440654,0.15057301117318334,,,
sample,1779736571.824151,99.4843430519104,1.3619,0.8479453569238521,0.025374797215966194,0,-1.1378833395760628,8.186530175255603,133.685498474801,0.09533814129219402,0.08460081576652038,,,
sample,1779736571.87441,99.53460192680359,1.3619,0.0,0.025374797215966194,0,-1.1378833395760628,8.186530175255603,133.685498474801,0.09533814129219402,0.08460081576652038,,,
sample,1779736571.9233775,99.58356952667236,1.3619,0.8449108662928435,0.010434351437417198,0,-1.070903184024761,8.073399553347544,133.81697044463098,0.038777824500227195,0.03478243378771173,,,
sample,1779736571.9723408,99.63253283500671,1.3619,0.0,0.010434351437417198,0,-1.070903184024761,8.073399553347544,133.81697044463098,0.038777824500227195,0.03478243378771173,,,
sample,1779736572.0234966,99.68368864059448,1.3619,0.5606833399316197,0.007161443188399267,0,-1.0132977679937571,7.97009563766076,133.9352501256938,0.026372765558842312,0.023871885396034558,,,
sample,1779736572.0726922,99.73288416862488,1.3619,0.0,0.007161443188399267,0,-1.0132977679937571,7.97009563766076,133.9352501256938,0.026372765558842312,0.023871885396034558,,,
sample,1779736572.1233754,99.78356742858887,1.3619,0.4915740450476959,0.003670862465618846,0,-0.9373813810652905,7.856259352282793,134.07207847682372,0.013504914523363743,0.012236263180937495,,,
sample,1779736572.1722593,99.83245134353638,1.3619,0.0,0.003670862465618846,0,-0.9373813810652905,7.856259352282793,134.07207847682372,0.013504914523363743,0.012236263180937495,,,
sample,1779736572.2240953,99.88428735733032,1.3619,0.42404813395510843,0.0008010134168822448,0,-0.8541028884368322,7.737141265953104,134.2174209201268,0.002992419003347711,0.0026700452939945477,,,
sample,1779736572.2725542,99.9327461719513,1.3619,0.0,0.0006098979188195928,0,-0.8541028884368322,7.737141265953104,134.2174209201268,0.002249735734569543,0.0020329933148065314,,,
sample,1779736572.3246515,99.98484349250793,1.442,0.30908091186989545,0.00020710608749051148,0,-0.7707785685345527,7.621952715057844,134.3595875285288,0.0007796540410134365,0.0006903536348388023,,,
sample,1779736572.3746777,100.03486967086792,1.442,0.0,0.00020710608749051148,0,-0.7707785685345527,7.621952715057844,134.3595875285288,0.0007796540410134365,0.0006903536348388023,,,
sample,1779736572.4235299,100.08372187614441,1.3619,0.2648195712488049,-0.0021746631089955494,0,-0.690978798306602,7.514589200952322,134.4933594519265,-0.008010795846576,-0.007248888457039005,,,
sample,1779736572.474575,100.13476705551147,1.3619,0.0,-0.0021746631089955494,0,-0.690978798306602,7.514589200952322,134.4933594519265,-0.008010795846576,-0.007248888457039005,,,
sample,1779736572.527112,100.18730401992798,1.3619,0.04126209310190367,0.006286380150747951,0,-0.6620752465795925,7.3818062909906645,134.62925174928114,0.022991444134683094,0.020954876538843245,,,
sample,1779736572.5757282,100.23592019081116,1.3619,0.0,0.006286380150747951,0,-0.6620752465795925,7.3818062909906645,134.62925174928114,0.022991444134683094,0.020954876538843245,,,
sample,1779736572.626281,100.28647303581238,1.3619,0.3759536038762344,0.003137521374823931,0,-0.577760525615209,7.273246776060752,134.76670770751184,0.011676876883074944,0.010458438900533901,,,
sample,1779736572.6762314,100.33642339706421,1.3619,0.0,0.003174219472991667,0,-0.577760525615209,7.273246776060752,134.76670770751184,0.011593308368909077,0.010580767112766088,,,
sample,1779736572.7297108,100.3899028301239,1.442,0.25314735289450513,0.0012634469271598364,0,-0.4873067833608515,7.159982059540467,134.91165864919984,0.004856121955974713,0.0042114919981319715,,,
sample,1779736572.777726,100.43791794776917,1.442,0.0,0.0012634469271598364,0,-0.4873067833608515,7.159982059540467,134.91165864919984,0.004856121955974713,0.0042114919981319715,,,
sample,1779736572.8269525,100.48714447021484,1.3619,0.0772980472847635,0.0020836361047992737,0,-0.39835555504420633,7.049463826964508,135.05352690058385,0.0076284114671555285,0.006945463734002015,,,
sample,1779736572.873345,100.53353691101074,1.3619,0.0,0.0020836361047992737,0,-0.39835555504420633,7.049463826964508,135.05352690058385,0.0076284114671555285,0.006945463734002015,,,
sample,1779736572.9256864,100.58587837219238,1.442,0.17718058740544695,0.001917321126343098,0,-0.30667279953639376,6.937690007339761,135.19809216062583,0.007166701318905456,0.006391078252603086,,,
sample,1779736572.9734354,100.63362741470337,1.442,0.0,0.001917321126343098,0,-0.30667279953639376,6.937690007339761,135.19809216062583,0.007166701318905456,0.006391078252603086,,,
sample,1779736573.0243886,100.6845805644989,1.3619,-0.171340732721444,0.01028013734765776,0,-0.2515377785226061,6.800666605946094,135.3457921371718,0.038486986764644966,0.03426833167377494,,,
sample,1779736573.0759459,100.73613786697388,1.3619,0.0,0.010446277436861684,0,-0.2515377785226061,6.800666605946094,135.3457921371718,0.03830486280339663,0.03482219145262844,,,
sample,1779736573.127436,100.78762793540955,1.442,0.19494718305197867,0.009653982408170034,0,-0.15991441406414708,6.689262568850108,135.4900339494038,0.036125472202145695,0.032180941114659176,,,
sample,1779736573.1755788,100.83577084541321,1.442,0.0,0.009653982408170034,0,-0.15991441406414708,6.689262568850108,135.4900339494038,0.036125472202145695,0.032180941114659176,,,
sample,1779736573.2266037,100.88679575920105,1.3619,-0.013731584612691748,0.014902158831802645,0,-0.07629125147937083,6.587440571536957,135.6217933986191,0.05539540492574419,0.049677540196068244,,,
sample,1779736573.2761345,100.93632650375366,1.3619,0.0,0.014902158831802645,0,-0.07629125147937083,6.587440571536957,135.6217933986191,0.05539540492574419,0.049677540196068244,,,
sample,1779736573.3231366,100.98332858085632,1.3619,0.18512854309235932,0.014902158831802645,0,0.04221761799670748,6.445674014200263,135.8065692328713,0.05539540492574419,0.049677540196068244,,,
sample,1779736573.3739026,101.03409457206726,1.3619,0.0,0.026900794972076442,0,0.04221761799670748,6.445674014200263,135.8065692328713,0.10053643288204694,0.08969095265285792,,,
sample,1779736573.4243662,101.0845582485199,1.442,0.21709830623911333,0.0402499016680654,0,0.10200586406132994,6.375723980022529,135.8985890223133,0.15388001623664876,0.1342388381391351,,,
sample,1779736573.4732225,101.13341450691223,1.442,0.0,0.03991550798587449,0,0.10200586406132994,6.375723980022529,135.8985890223133,0.1532985007409569,0.1331223997859986,,,
sample,1779736573.5305068,101.1906988620758,1.3619,0.1935127091790838,0.04779747751528721,0,0.19784159064591017,6.2660841486332,136.0442096908912,0.1802381151837366,0.15944636721135821,,,
sample,1779736573.573,101.2331919670105,1.3619,0.0,0.04779747751528721,0,0.19784159064591017,6.2660841486332,136.0442096908912,0.1802381151837366,0.15944636721135821,,,
sample,1779736573.6236389,101.28383088111877,1.3619,0.14120447807908368,0.0609907965989475,0,0.2659882215081245,6.165653576325866,136.1655779863882,0.23035966842299874,0.20355511796396802,,,
sample,1779736573.6724474,101.33263945579529,1.3619,0.0,0.0609907965989475,0,0.2659882215081245,6.165653576325866,136.1655779863882,0.23035966842299874,0.20355511796396802,,,
sample,1779736573.723835,101.38402700424194,1.3619,0.1932316916663569,0.06864571556583807,0,0.30771072117544274,6.100453050826747,136.24298519215,0.2586280008434138,0.22917914696794972,,,
sample,1779736573.772648,101.43284010887146,1.3619,0.17435131759522668,0.07076868485709768,0,0.3416423811407536,6.063582127674148,136.2930933004971,0.2676037655681096,0.23629021136781211,,,
sample,1779736573.8241427,101.48433470726013,1.442,0.33336096389622216,0.08339476825143714,0,0.43965291983505783,5.961047531497271,136.43493620341545,0.32182607145948317,0.2786287858834152,,,
sample,1779736573.8734207,101.5336127281189,1.442,0.035886510158974046,0.08295435180980484,0,0.4497496521272314,5.950484745269628,136.4495484057091,0.3220263533155919,0.2771505280156486,,,
sample,1779736573.924226,101.58441805839539,1.3619,0.2859105081876417,0.0916878774715136,0,0.5433896769089808,5.855328808106377,136.5830516139797,0.34541640909276894,0.30648558068288784,,,
sample,1779736573.9731112,101.63330316543579,1.3619,0.0,0.0916878774715136,0,0.5433896769089808,5.855328808106377,136.5830516139797,0.34541640909276894,0.30648558068288784,,,
sample,1779736574.024294,101.684485912323,1.3619,0.41463159461573196,0.0944656252035685,0,0.6399094955171758,5.761322703420366,136.7177855113567,0.3623258626369728,0.3158254262216004,,,
sample,1779736574.0782862,101.73847818374634,1.3619,0.0,0.0944656252035685,0,0.6399094955171758,5.761322703420366,136.7177855113567,0.3623258626369728,0.3158254262216004,,,
sample,1779736574.1241722,101.78436422348022,1.3619,0.5642737681772952,0.10043301191885204,0,0.7304852343827366,5.67188172911569,136.84507907896958,0.38274626660395505,0.33590687395208624,,,
sample,1779736574.174667,101.83485889434814,1.3619,0.0,0.10043301191885204,0,0.7304852343827366,5.67188172911569,136.84507907896958,0.38274626660395505,0.33590687395208624,,,
sample,1779736574.2239673,101.88415932655334,1.2818,0.6283986817646925,0.10298765200024441,0,0.8103102459696829,5.5865159301509495,136.9619523098984,0.38284549051475675,0.3445110492743166,,,
sample,1779736574.273117,101.93330907821655,1.2818,0.0,0.10298765200024441,0,0.8103102459696829,5.5865159301509495,136.9619523098984,0.38284549051475675,0.3445110492743166,,,
sample,1779736574.3253264,101.98551845550537,1.3619,0.8390032926197001,0.101868406875521,0,0.9212112077494959,5.498116813835825,137.10377412447212,0.3883697858017381,0.3407408145059991,,,
sample,1779736574.373636,102.03382802009583,1.3619,0.0,0.101868406875521,0,0.9212112077494959,5.498116813835825,137.10377412447212,0.3883697858017381,0.3407408145059991,,,
sample,1779736574.4244366,102.08462858200073,1.3619,0.9700868180994752,0.09637883544507643,0,1.028146453077471,5.421411291405997,137.23537535495493,0.3708616275045513,0.32226121852390355,,,
sample,1779736574.4732535,102.13344550132751,1.3619,0.0,0.09637883544507643,0,1.028146453077471,5.421411291405997,137.23537535495493,0.3708616275045513,0.32226121852390355,,,
sample,1779736574.523562,102.18375396728516,1.3619,0.980876872034753,0.09417465146382849,0,1.1449203733737872,5.346083959390424,137.37433705978742,0.3609860668651073,0.31484683369327776,,,
sample,1779736574.5756183,102.23581027984619,1.3619,0.0,0.0936307970372056,0,1.1449203733737872,5.346083959390424,137.37433705978742,0.35726770679814823,0.3130179059281305,,,
sample,1779736574.6234496,102.28364157676697,1.3619,0.8135313085001643,0.09084227535568772,0,1.2548694526990893,5.253971297607646,137.51777186206772,0.3436976635324174,0.303643298184568,,,
sample,1779736574.6723406,102.33253264427185,1.3619,0.10928946099697923,0.09419040409241246,0,1.2688296603861926,5.245817145156163,137.53393903871884,0.3584598721924929,0.31489981099452197,,,
sample,1779736574.7233725,102.38356447219849,1.2818,1.0447499941359142,0.08769767830532131,0,1.3662527168562448,5.1956744610363925,137.64350883703344,0.32375544240271875,0.2930773209722546,,,
sample,1779736574.773131,102.43332290649414,1.2818,0.0,0.08769767830532131,0,1.3662527168562448,5.1956744610363925,137.64350883703344,0.32375544240271875,0.2930773209722546,,,
sample,1779736574.823865,102.48405694961548,1.3619,1.0699801854866298,0.0794529363037852,0,1.488655138234061,5.14085924796055,137.77762468376193,0.29821292857768683,0.26540182967699,,,
sample,1779736574.873086,102.53327798843384,1.3619,0.0,0.0794529363037852,0,1.488655138234061,5.14085924796055,137.77762468376193,0.29821292857768683,0.26540182967699,,,
sample,1779736574.9235957,102.58378767967224,1.3619,0.895912102177096,0.07458446255919524,0,1.612926808306168,5.091828641455152,137.91121902629482,0.2795658025056845,0.2490769050653323,,,
sample,1779736574.9730694,102.63326144218445,1.3619,0.0,0.07203340262727612,0,1.612926808306168,5.091828641455152,137.91121902629482,0.27314530420111127,0.24052750333030706,,,
sample,1779736575.0231528,102.68334484100342,1.3619,0.9533530266907159,0.06539991238592228,0,1.741598969297012,5.048035863052079,138.0471393428568,0.24545712213368434,0.21831104633099088,,,
sample,1779736575.072518,102.73271012306213,1.3619,0.0,0.06539991238592228,0,1.741598969297012,5.048035863052079,138.0471393428568,0.24545712213368434,0.21831104633099088,,,
sample,1779736575.1256528,102.78584480285645,1.3619,0.9036740190062941,0.05770402285406623,0,1.875834025647393,5.009431593655436,138.18681518174472,0.2147818885742755,0.19256051670555197,,,
sample,1779736575.1725278,102.83271980285645,1.3619,0.0,0.05770402285406623,0,1.875834025647393,5.009431593655436,138.18681518174472,0.2147818885742755,0.19256051670555197,,,
sample,1779736575.2234886,102.88368058204651,1.2818,0.8098254085974196,0.053034910945765644,0,1.993826426708762,4.960810486019119,138.31443265239827,0.19334397598398864,0.17694896916311598,,,
sample,1779736575.2724383,102.93263030052185,1.2818,0.0,0.053034910945765644,0,1.993826426708762,4.960810486019119,138.31443265239827,0.19334397598398864,0.17694896916311598,,,
sample,1779736575.3240309,102.98422288894653,1.3619,0.513170682067629,0.052862865159564995,0,2.118519346596945,4.90108069509563,138.4526931753034,0.1985105041385801,0.17637387238132962,,,
sample,1779736575.3729398,103.03313183784485,1.3619,0.0,0.05236000593008208,0,2.118519346596945,4.90108069509563,138.4526931753034,0.19434282134056363,0.17469302668624276,,,
sample,1779736575.4236982,103.08389019966125,1.3619,0.7060029636401617,0.04487871571994464,0,2.2492101204040438,4.877778021970816,138.585445173153,0.16854862539123402,0.14969623358134626,,,
sample,1779736575.4725528,103.13274478912354,1.3619,0.0,0.04487871571994464,0,2.2492101204040438,4.877778021970816,138.585445173153,0.16854862539123402,0.14969623358134626,,,
sample,1779736575.5234263,103.18361830711365,1.3619,0.7500169402650501,0.03723488810309735,0,2.382952913434358,4.85916343324467,138.7204771604782,0.13860702453937018,0.12417368530797054,,,
sample,1779736575.5728765,103.23306846618652,1.3619,0.0,0.03723488810309735,0,2.382952913434358,4.85916343324467,138.7204771604782,0.13860702453937018,0.12417368530797054,,,
sample,1779736575.6241572,103.28434920310974,1.442,0.2841168216480229,0.034520486294232544,0,2.5390773590771607,4.839747946224506,138.8778042200182,0.13237991245498537,0.11511401702283128,,,
sample,1779736575.6744974,103.3346893787384,1.442,0.0,0.034520486294232544,0,2.5390773590771607,4.839747946224506,138.8778042200182,0.13237991245498537,0.11511401702283128,,,
sample,1779736575.72392,103.38411211967468,1.3619,-0.3498153555847334,0.032372420425843575,0,2.6064750029022568,4.766077194818603,138.9776532160366,0.12123958419697639,0.10794577882984889,,,
sample,1779736575.7736773,103.43386936187744,1.3619,0.0,0.04926859008155222,0,2.6064750029022568,4.766077194818603,138.9776532160366,0.18162935607882405,0.16436164528693153,,,
sample,1779736575.8244262,103.48461818695068,1.3619,0.6641306769249714,0.04154564597886808,0,2.756120096069125,4.749354580746153,139.12822977374177,0.15620639017748206,0.1385652188405179,,,
sample,1779736575.8730648,103.5332567691803,1.3619,0.0,0.04154564597886808,0,2.756120096069125,4.749354580746153,139.12822977374177,0.15620639017748206,0.1385652188405179,,,
sample,1779736575.923549,103.58374094963074,1.3619,0.5279188185225892,0.035933568115882754,0,2.8938145556788726,4.738224372877817,139.26637334302538,0.13417889886115308,0.11983014057053136,,,
sample,1779736575.972503,103.6326949596405,1.3619,0.0,0.035933568115882754,0,2.8938145556788726,4.738224372877817,139.26637334302538,0.13417889886115308,0.11983014057053136,,,
sample,1779736576.023747,103.68393898010254,1.3619,0.53696654613907,0.04132663100133044,0,3.0322448133759523,4.7308611236591425,139.4049992918414,0.1531472283489477,0.13783391401447234,,,
sample,1779736576.0726044,103.73279643058777,1.3619,0.0,0.04132663100133044,0,3.0322448133759523,4.7308611236591425,139.4049992918414,0.1531472283489477,0.13783391401447234,,,
sample,1779736576.1240444,103.78423643112183,1.3619,0.5552778377740408,0.0339598525564887,0,3.1641167291862966,4.727619393202135,139.5369110464194,0.12741586796344886,0.1132430451978134,,,
sample,1779736576.1725104,103.83270239830017,1.3619,0.0,0.0339598525564887,0,3.1641167291862966,4.727619393202135,139.5369110464194,0.12741586796344886,0.1132430451978134,,,
sample,1779736576.2240114,103.88420343399048,1.3619,0.47566548242291345,0.039265121614516174,0,3.307221040550043,4.727607915897054,139.6800153582434,0.1462215865469307,0.1309510435471652,,,
sample,1779736576.2732608,103.93345284461975,1.3619,0.0,0.039265121614516174,0,3.307221040550043,4.727607915897054,139.6800153582434,0.1462215865469307,0.1309510435471652,,,
sample,1779736576.3233478,103.98353981971741,1.3619,0.28478917472501614,0.04392576156123474,0,3.4128253644388122,4.705938519297649,139.78781997768516,0.1633126788776425,0.14651344855213808,,,
sample,1779736576.3731742,104.0333662033081,1.3619,0.0,0.04392576156123474,0,3.4128253644388122,4.705938519297649,139.78781997768516,0.1633126788776425,0.14651344855213808,,,
sample,1779736576.423111,104.08330297470093,1.3619,0.5816150074427586,0.043570291479152985,0,3.5430154848567827,4.711569886171612,139.91813183342867,0.16112842428573307,0.14532627760073555,,,
sample,1779736576.4735348,104.13372683525085,1.3619,0.0,0.0415576023316255,0,3.5430154848567827,4.711569886171612,139.91813183342867,0.1558914776305281,0.13860514223929318,,,
sample,1779736576.523371,104.1835629940033,1.3619,0.6030534691252275,0.03818883146961972,0,3.678950090343472,4.7215492985825405,140.0544322576426,0.14176541506485157,0.12735802334117183,,,
sample,1779736576.5731552,104.2333471775055,1.3619,0.0,0.03818883146961972,0,3.678950090343472,4.7215492985825405,140.0544322576426,0.14176541506485157,0.12735802334117183,,,
sample,1779736576.6235864,104.28377842903137,1.3619,0.4616187149120155,0.036690616596742866,0,3.814294761810294,4.73465920624839,140.19041038005008,0.13775257982293002,0.12235696595481406,,,
sample,1779736576.67276,104.33295202255249,1.3619,0.0,0.036690616596742866,0,3.814294761810294,4.73465920624839,140.19041038005008,0.13775257982293002,0.12235696595481406,,,
sample,1779736576.723357,104.38354897499084,1.3619,0.0,0.036690616596742866,0,3.814294761810294,4.73465920624839,140.19041038005008,0.13775257982293002,0.12235696595481406,,,
sample,1779736576.7726886,104.43288064002991,1.3619,0.0,0.036690616596742866,0,3.814294761810294,4.73465920624839,140.19041038005008,0.13775257982293002,0.12235696595481406,,,
sample,1779736576.824394,104.4845860004425,1.3619,1.0886691485161457,0.03305421157108506,0,4.109539369817136,4.757503621715961,140.48653745729086,0.12353327730282704,0.11022084989301376,,,
sample,1779736576.8726277,104.5328197479248,1.3619,0.0,0.03650096168826744,0,4.109539369817136,4.757503621715961,140.48653745729086,0.13479192267896187,0.12172393551591537,,,
sample,1779736576.9247556,104.58494758605957,1.3619,0.0,0.04053529832519053,0,4.236340989364618,4.777037859703175,140.61483491312538,0.15092074602292369,0.13519171416715414,,,
sample,1779736576.9735003,104.63369226455688,1.3619,0.0,0.04053529832519053,0,4.236340989364618,4.777037859703175,140.61483491312538,0.15092074602292369,0.13519171416715414,,,
sample,1779736577.0248315,104.68502354621887,1.3619,0.7554721281332839,0.03260028192703989,0,4.3744144145577355,4.8038257566725555,140.75548292117597,0.12021627533321261,0.10870611932345364,,,
sample,1779736577.0722756,104.73246765136719,1.3619,0.0,0.03260028192703989,0,4.3744144145577355,4.8038257566725555,140.75548292117597,0.12021627533321261,0.10870611932345364,,,
sample,1779736577.1231244,104.78331637382507,1.3619,0.3976867450822755,0.030428460430460786,0,4.517618844649368,4.834626240652087,140.90196219824696,0.11390772159195447,0.1014595168593119,,,
sample,1779736577.1730878,104.83327984809875,1.3619,0.0,0.030428460430460786,0,4.517618844649368,4.834626240652087,140.90196219824696,0.11390772159195447,0.1014595168593119,,,
sample,1779736577.2235017,104.88369369506836,1.442,0.3056717134773564,0.027265297284861857,0,4.6421566086772605,4.863426641885323,141.02978675684295,0.10496328944453362,0.09090685200929688,,,
sample,1779736577.2730644,104.93325638771057,1.442,0.0,0.030952518439423995,0,4.6421566086772605,4.863426641885323,141.02978675684295,0.11684134770430256,0.10320802334125667,,,
sample,1779736577.323119,104.98331093788147,1.3619,0.6036325602879534,0.02262866460058166,0,4.783737888440933,4.900708195985684,141.17619431489805,0.08476977978050101,0.07544175925497117,,,
sample,1779736577.3733082,105.03350019454956,1.3619,0.0,0.02262866460058166,0,4.783737888440933,4.900708195985684,141.17619431489805,0.08476977978050101,0.07544175925497117,,,
sample,1779736577.4240658,105.08425784111023,1.3619,0.5793219007121179,0.01852700322834139,0,4.8839171854762755,4.917787194276668,141.2778190350065,0.06903404202922371,0.06176374438815899,,,
sample,1779736577.4724858,105.13267779350281,1.3619,0.0,0.01852700322834139,0,4.8839171854762755,4.917787194276668,141.2778190350065,0.06903404202922371,0.06176374438815899,,,
sample,1779736577.5234747,105.1836667060852,1.3619,0.3401086418663451,0.014205823185589423,0,5.022440706958437,4.9612795811649795,141.42300978444,0.052611166390801836,0.04735592955578736,,,
sample,1779736577.5723803,105.23257231712341,1.3619,0.0,0.014205823185589423,0,5.022440706958437,4.9612795811649795,141.42300978444,0.052611166390801836,0.04735592955578736,,,
sample,1779736577.623731,105.28392291069031,1.3619,0.4657692646605983,0.00951253953299534,0,5.131725598999086,4.99868863216704,141.53852006417827,0.035285003366645085,0.03170942156078342,,,
sample,1779736577.672423,105.33261489868164,1.3619,0.0341630256054739,0.00906428155394297,0,5.139326370303799,5.0012904340820485,141.54655381159972,0.03374029952508696,0.030215099353950434,,,
sample,1779736577.7256048,105.38579678535461,1.442,0.0,0.012129260218110652,0,5.139326370303799,5.0012904340820485,141.54655381159972,0.046120800484450296,0.040432850226019675,,,
sample,1779736577.7780144,105.43820643424988,1.442,0.3006218276394215,0.007491595171400843,0,5.314085375022459,5.064889743606427,141.73252580385187,0.02882469452633095,0.024972451091017634,,,
sample,1779736577.829911,105.49010300636292,1.3619,0.06677848724624717,0.010454534863202443,0,5.422953849958795,5.104509789772687,141.84837956034332,0.039161183887389636,0.03484971921332231,,,
sample,1779736577.878416,105.53860807418823,1.3619,0.0,0.010454534863202443,0,5.422953849958795,5.104509789772687,141.84837956034332,0.039161183887389636,0.03484971921332231,,,
sample,1779736577.92641,105.58660197257996,1.3619,0.31864084244966384,0.003353415963449674,0,5.544533252256105,5.137675843784541,141.97440153541785,0.012425975902364215,0.011178095112242124,,,
sample,1779736577.9755478,105.63573980331421,1.3619,0.0,0.0070351099693297435,0,5.544533252256105,5.137675843784541,141.97440153541785,0.025972580468787813,0.02345075344664239,,,
sample,1779736578.0265613,105.68675327301025,1.3619,0.20278432898380427,0.008189353157320655,0,5.6531228621176135,5.155079664568161,142.08437697061927,0.030173369069662392,0.0272984541220024,,,
sample,1779736578.0775497,105.7377417087555,1.3619,0.050517309872751416,0.007490468878147113,0,5.667554023145539,5.160797519750314,142.09989960816893,0.027785296638625983,0.024968696569488726,,,
sample,1779736578.130213,105.79040503501892,1.442,0.2781259957572982,0.005175963723727719,0,5.7906534311713065,5.211669884356498,142.2330966867289,0.019399766081779183,0.017253366488717035,,,
sample,1779736578.1759827,105.8361747264862,1.442,0.0,0.005175963723727719,0,5.7906534311713065,5.211669884356498,142.2330966867289,0.019399766081779183,0.017253366488717035,,,
sample,1779736578.2262743,105.88646626472473,1.3619,0.217044723005962,6.175138463178268e-05,0,5.91669772013743,5.265377433293827,142.37010640752942,0.00022912981932839745,0.0002058379490342451,,,
sample,1779736578.276611,105.93680310249329,1.3619,0.0,6.175138463178268e-05,0,5.91669772013743,5.265377433293827,142.37010640752942,0.00022912981932839745,0.0002058379490342451,,,
sample,1779736578.3231127,105.98330473899841,1.3619,0.018444717662693004,0.0030209228309190385,0,6.041790800274798,5.318806491874813,142.50613193086642,0.01132945975748798,0.010069773401914702,,,
sample,1779736578.3728428,106.03303480148315,1.3619,0.0,0.0006226515361059922,0,6.041790800274798,5.318806491874813,142.50613193086642,0.002335367139062437,0.0020755053885742904,,,
sample,1779736578.4246383,106.08483028411865,1.3619,0.2789626368974713,-0.005027186668423693,0,6.164704325415982,5.373417783140929,142.6406314765771,-0.018665404168691755,-0.01675743006295822,,,
sample,1779736578.4738314,106.13402342796326,1.3619,0.0,-0.005027186668423693,0,6.164704325415982,5.373417783140929,142.6406314765771,-0.018665404168691755,-0.01675743006295822,,,
sample,1779736578.5238895,106.18408155441284,1.442,-0.0817146496455674,0.00031354718705278414,0,6.293725494148787,5.4248687863031035,142.7795331241828,0.001202435010501765,0.0010451573244263939,,,
sample,1779736578.5722187,106.23241066932678,1.442,0.0,0.00031354718705278414,0,6.293725494148787,5.4248687863031035,142.7795331241828,0.001202435010501765,0.0010451573244263939,,,
sample,1779736578.6231058,106.2832977771759,1.442,0.0,0.00031354718705278414,0,6.293725494148787,5.4248687863031035,142.7795331241828,0.001202435010501765,0.0010451573244263939,,,
sample,1779736578.6728668,106.33305883407593,1.442,0.0,0.00031354718705278414,0,6.293725494148787,5.4248687863031035,142.7795331241828,0.001202435010501765,0.0010451573244263939,,,
sample,1779736578.7244997,106.38469171524048,1.3619,0.3688621644641987,-0.0029056033294141974,0,6.551296922911909,5.541764126813151,143.0623892033963,-0.010649388776033537,-0.009685371687745296,,,
sample,1779736578.7726789,106.43287086486816,1.3619,0.0,-0.003844121201583713,0,6.551296922911909,5.541764126813151,143.0623892033963,-0.01440504213145351,-0.012813800456328238,,,
sample,1779736578.8234842,106.48367619514465,1.442,0.1658068291196591,-0.01032750384563208,0,6.674664117074946,5.600067416822753,143.1988397007263,-0.03948962498499377,-0.03442623676437342,,,
sample,1779736578.872863,106.53305506706238,1.442,0.0,-0.01032750384563208,0,6.674664117074946,5.600067416822753,143.1988397007263,-0.03948962498499377,-0.03442623676437342,,,
sample,1779736578.924021,106.58421301841736,1.3619,0.2834842474047515,-0.012125346740377832,0,6.795343595678919,5.6592564692185725,143.3332527971107,-0.04548547627289881,-0.04041980338151881,,,
sample,1779736578.9746468,106.63483881950378,1.3619,0.0,-0.012125346740377832,0,6.795343595678919,5.6592564692185725,143.3332527971107,-0.04548547627289881,-0.04041980338151881,,,
sample,1779736579.0234025,106.68359446525574,1.3619,0.9443202457091986,-0.02603528405800357,0,6.891082636810962,5.723008737541693,143.4482759065854,-0.09787171629371395,-0.08680389401492294,,,
sample,1779736579.0722497,106.73244166374207,1.3619,0.0,-0.02603528405800357,0,6.891082636810962,5.723008737541693,143.4482759065854,-0.09787171629371395,-0.08680389401492294,,,
sample,1779736579.1236594,106.78385138511658,1.442,0.03002392498757338,-0.028271099564622395,0,7.0032575280727585,5.7848118857923545,143.5763494610894,-0.10839699845317172,-0.0942621130442362,,,
sample,1779736579.1725335,106.83272552490234,1.442,0.0,-0.026179877057880337,0,7.0032575280727585,5.7848118857923545,143.5763494610894,-0.09916745177308922,-0.08728619934943158,,,
sample,1779736579.2241838,106.88437581062317,1.442,-0.19855448109161927,-0.02650643665209865,0,7.141318460613285,5.8589443266175465,143.73305440637404,-0.10033918344271604,-0.0883754870892121,,,
sample,1779736579.272509,106.93270111083984,1.442,-0.01132379119272339,-0.026362425396627174,0,7.148685360950103,5.862900017001746,143.7414161470414,-0.10014730356994402,-0.0878951139736083,,,
sample,1779736579.3240595,106.98425149917603,1.3619,-0.44605151748445515,-0.02402234544846746,0,7.2477987744358705,5.913218600265851,143.85257112243391,-0.08930246680760486,-0.08008989132772408,,,
sample,1779736579.3727047,107.03289675712585,1.3619,0.0,-0.02402234544846746,0,7.2477987744358705,5.913218600265851,143.85257112243391,-0.08930246680760486,-0.08008989132772408,,,
sample,1779736579.431261,107.09145307540894,1.442,-0.08938338180211305,-0.019037197518394167,0,7.375368909478742,5.977146713220835,143.99526289858392,-0.07319527544643525,-0.06346499213259373,,,
sample,1779736579.4726722,107.13286423683167,1.442,0.0,-0.019037197518394167,0,7.375368909478742,5.977146713220835,143.99526289858392,-0.07319527544643525,-0.06346499213259373,,,
sample,1779736579.5234666,107.18365859985352,1.3619,-0.6119704179929456,-0.009222318560559079,0,7.505833682778944,6.0175070305140155,144.13182794639732,-0.033705217884608986,-0.03074193341916758,,,
sample,1779736579.5727115,107.23290348052979,1.3619,0.0,-0.008966536017391238,0,7.505833682778944,6.0175070305140155,144.13182794639732,-0.033144287470221565,-0.029889254415342882,,,
sample,1779736579.6236532,107.28384518623352,1.442,0.1563831732655638,-0.010028152378423366,0,7.632348082400098,6.077288093778198,144.27175531625932,-0.037570696989410936,-0.033428295161500574,,,
sample,1779736579.6731334,107.33332538604736,1.442,0.0,-0.010028152378423366,0,7.632348082400098,6.077288093778198,144.27175531625932,-0.037570696989410936,-0.033428295161500574,,,
sample,1779736579.7237098,107.38390183448792,1.3619,0.258914314220102,-0.019388051717027815,0,7.784461701570618,6.151617386225046,144.4410579944803,-0.0715116031691629,-0.06463493794309857,,,
sample,1779736579.7732425,107.43343448638916,1.3619,0.0,-0.019388051717027815,0,7.784461701570618,6.151617386225046,144.4410579944803,-0.0715116031691629,-0.06463493794309857,,,
sample,1779736579.824673,107.48486495018005,1.442,-0.03660632390696647,-0.01523698100470308,0,7.89290652555954,6.204355532744526,144.5616465177663,-0.05759790618431613,-0.05079386760593506,,,
sample,1779736579.8734448,107.53363680839539,1.442,0.0,-0.01523698100470308,0,7.89290652555954,6.204355532744526,144.5616465177663,-0.05759790618431613,-0.05079386760593506,,,
sample,1779736579.924736,107.58492803573608,1.3619,-0.17004176311814378,-0.01641251538316199,0,8.010117845851532,6.260098203833877,144.6914376537686,-0.06080799887052999,-0.05471329741779906,,,
sample,1779736579.9793718,107.63956379890442,1.3619,0.0,-0.016120528499652422,0,8.010117845851532,6.260098203833877,144.6914376537686,-0.06014867701511299,-0.05373975022156845,,,
sample,1779736580.0260391,107.68623113632202,1.442,-0.21381772776199678,-0.012056857861142621,0,8.155868565161544,6.327638563150384,144.85207691520858,-0.045973824659481695,-0.0401914737383426,,,
sample,1779736580.0722468,107.73243880271912,1.442,0.0,-0.012056857861142621,0,8.155868565161544,6.327638563150384,144.85207691520858,-0.045973824659481695,-0.0401914737383426,,,
sample,1779736580.1235828,107.78377485275269,1.442,-0.576944694454647,0.00013641659582239976,0,8.232894559394945,6.346397511682818,144.93135428863687,0.0005228447535293204,0.00045472198889538035,,,
sample,1779736580.1724062,107.8325982093811,1.442,0.0,0.00013641659582239976,0,8.232894559394945,6.346397511682818,144.93135428863687,0.0005228447535293204,0.00045472198889538035,,,
sample,1779736580.2243874,107.88457942008972,1.3619,-0.12661155749868874,-0.002630100658645674,0,8.364974336040436,6.4018882482018515,145.07461729585836,-0.009812901703177411,-0.008767022410581313,,,
sample,1779736580.2722878,107.93247985839844,1.3619,0.0,-0.002630100658645674,0,8.364974336040436,6.4018882482018515,145.07461729585836,-0.009812901703177411,-0.008767022410581313,,,
sample,1779736580.3241231,107.98431515693665,1.442,0.07026104356901863,0.00032768240306801005,0,8.485825048790876,6.453200076828017,145.20591009280187,0.0012588240202128856,0.0010922747159879758,,,
sample,1779736580.3734028,108.03359484672546,1.442,0.002865502441141121,-0.0019074368940832907,0,8.490510784228045,6.455189586432613,145.21100069837036,-0.007200117703200716,-0.006358130691241333,,,
sample,1779736580.4236033,108.08379530906677,1.3619,0.07285102517986565,7.985104227093098e-05,0,8.618072810869622,6.509902436015759,145.34980115424287,0.00029617349930678217,0.00026617014146882036,,,
sample,1779736580.4769886,108.13718056678772,1.3619,0.0,7.985104227093098e-05,0,8.618072810869622,6.509902436015759,145.34980115424287,0.00029617349930678217,0.00026617014146882036,,,
sample,1779736580.5241969,108.1843888759613,1.442,-0.17653250038453774,0.003894273429840573,0,8.776302363442621,6.5762132320010895,145.52136371709287,0.014836260321938457,0.012980977053288977,,,
sample,1779736580.573292,108.2334840297699,1.442,0.0,0.003894273429840573,0,8.776302363442621,6.5762132320010895,145.52136371709287,0.014836260321938457,0.012980977053288977,,,
sample,1779736580.623028,108.28322005271912,1.3619,-0.13955902539687917,0.002859874732503462,0,8.858397424976497,6.6181684921627655,145.61355831012025,0.010581472198836274,0.00953294176463237,,,
sample,1779736580.6727643,108.33295631408691,1.3619,0.0,0.002859874732503462,0,8.858397424976497,6.6181684921627655,145.61355831012025,0.010581472198836274,0.00953294176463237,,,
sample,1779736580.7237055,108.38389754295349,1.442,0.12998138693423766,0.0027062006873553235,0,8.988463243528226,6.672627560135034,145.75456507322025,0.01015249596885176,0.009020690978938593,,,
sample,1779736580.7726016,108.43279361724854,1.442,0.0,0.0027062006873553235,0,8.988463243528226,6.672627560135034,145.75456507322025,0.01015249596885176,0.009020690978938593,,,
sample,1779736580.8233292,108.48352122306824,1.3619,0.12578418148590442,-0.0012605962195730005,0,9.117756278581815,6.7277352856469035,145.89511239736575,-0.004689402209184204,-0.004201989624374771,,,
sample,1779736580.872676,108.53286790847778,1.3619,0.0,-0.0012605962195730005,0,9.117756278581815,6.7277352856469035,145.89511239736575,-0.004689402209184204,-0.004201989624374771,,,
sample,1779736580.924555,108.58474707603455,1.442,0.13382453730272878,0.0006172173285911509,0,9.247089657339112,6.783924419002105,146.03612424639974,0.0023738772515192624,0.002057391356563215,,,
sample,1779736580.972443,108.63263511657715,1.442,0.0,0.0006172173285911509,0,9.247089657339112,6.783924419002105,146.03612424639974,0.0023738772515192624,0.002057391356563215,,,
sample,1779736581.024301,108.68449306488037,1.3619,0.23452164306570789,-0.002123155206488865,0,9.379583605895577,6.843412447494398,146.18136016460863,-0.00788882321843457,-0.0070771946557972015,,,
sample,1779736581.072411,108.73260307312012,1.3619,0.0,-0.002123155206488865,0,9.379583605895577,6.843412447494398,146.18136016460863,-0.00788882321843457,-0.0070771946557972015,,,
sample,1779736581.1238382,108.7840301990509,1.442,0.20426853786336652,-0.001571952705379608,0,9.50217661586765,6.900009922096865,146.31638727383265,-0.006022040420749746,-0.005239846667214779,,,
sample,1779736581.173125,108.8333170413971,1.442,0.0,-0.001571952705379608,0,9.50217661586765,6.900009922096865,146.31638727383265,-0.006022040420749746,-0.005239846667214779,,,
sample,1779736581.2232819,108.88347387313843,1.3619,0.47584851018145624,-0.005958023688259571,0,9.605908173883604,6.95531090270163,146.43393911169267,-0.022220626919957926,-0.0198603139622027,,,
sample,1779736581.2727325,108.93292450904846,1.3619,0.0,-0.005958023688259571,0,9.605908173883604,6.95531090270163,146.43393911169267,-0.022220626919957926,-0.0198603139622027,,,
sample,1779736581.3239741,108.9841661453247,1.442,0.2112021650303047,-0.018565802396132713,0,9.732690684850892,7.019266987322383,146.57593976608266,-0.071495040085473,-0.06189311944339333,,,
sample,1779736581.3729227,109.03311467170715,1.442,0.0,-0.018565802396132713,0,9.732690684850892,7.019266987322383,146.57593976608266,-0.071495040085473,-0.06189311944339333,,,
sample,1779736581.4230022,109.08319425582886,1.3619,0.0337421650391708,-0.017245631103462947,0,9.855744514864563,7.081603192570635,146.71388195529894,-0.06424221881290776,-0.05749113663854682,,,
sample,1779736581.4727745,109.1329665184021,1.3619,0.0,-0.020030293021342432,0,9.855744514864563,7.081603192570635,146.71388195529894,-0.07427764215307353,-0.066776574178526,,,
sample,1779736581.5236251,109.18381714820862,1.442,-0.14047846482979245,-0.017191344348363786,0,9.98108626649503,7.143977305450999,146.85388582902894,-0.06458704692861048,-0.0573101271284417,,,
sample,1779736581.5726123,109.23280429840088,1.442,0.0,-0.017191344348363786,0,9.98108626649503,7.143977305450999,146.85388582902894,-0.06458704692861048,-0.0573101271284417,,,
sample,1779736581.6235285,109.28372049331665,1.3619,-0.22866217081569903,-0.017376073626948662,0,10.107786212757096,7.20519740624676,146.99460106318733,-0.06472636218793244,-0.057926075373945674,,,
sample,1779736581.6724086,109.3326005935669,1.3619,0.0,-0.017376073626948662,0,10.107786212757096,7.20519740624676,146.99460106318733,-0.06472636218793244,-0.057926075373945674,,,
sample,1779736581.7241552,109.38434720039368,1.442,-0.499505979904091,-0.007272437005457367,0,10.254464431924415,7.255076482854719,147.1495282146533,-0.027605850281143214,-0.024241884057366835,,,
sample,1779736581.7725885,109.43278050422668,1.442,0.0,-0.007272437005457367,0,10.254464431924415,7.255076482854719,147.1495282146533,-0.027605850281143214,-0.024241884057366835,,,
sample,1779736581.8230789,109.48327088356018,1.3619,-0.05265556494362596,-0.0071125689746399335,0,10.360366766921492,7.302573290840202,147.2655939345134,-0.02663425782385306,-0.023708963051526612,,,
sample,1779736581.8727741,109.53296613693237,1.3619,0.0,-0.003930276610697461,0,10.360366766921492,7.302573290840202,147.2655939345134,-0.014514816931400594,-0.013100989493046765,,,
sample,1779736581.9252748,109.58546686172485,1.442,0.05892105770823426,-0.0491578028290072,0,10.489818841006034,7.36111373631036,147.40766723686338,-0.18798411078466332,-0.16399145859884467,,,
sample,1779736581.9729676,109.63315963745117,1.442,0.0,-0.0491578028290072,0,10.489818841006034,7.36111373631036,147.40766723686338,-0.18798411078466332,-0.16399145859884467,,,
sample,1779736582.023367,109.68355894088745,1.3619,0.22146135993264573,-0.0702900389519593,0,10.610337496389599,7.417242880609413,147.54061544909356,-0.2634155278786191,-0.23468676201938488,,,
sample,1779736582.073022,109.73321390151978,1.3619,0.0,-0.0702900389519593,0,10.610337496389599,7.417242880609413,147.54061544909356,-0.2634155278786191,-0.23468676201938488,,,
sample,1779736582.123251,109.78344297409058,1.3619,0.06836340158292538,-0.09459971422759546,0,10.741817188981347,7.47902719684798,147.68588833471605,-0.35988738393575165,-0.3162764078083379,,,
sample,1779736582.1729515,109.83314347267151,1.3619,0.0,-0.09459971422759546,0,10.741817188981347,7.47902719684798,147.68588833471605,-0.35988738393575165,-0.3162764078083379,,,
sample,1779736582.224985,109.88517689704895,1.442,0.16355261239311986,-0.15681935516888876,0,10.812633533420465,7.513346146025255,147.7645823301182,-0.6422996040054335,-0.527058815269006,,,
sample,1779736582.2726088,109.93280076980591,1.442,-0.029911399909394672,-0.15652545826828496,0,10.838934230482526,7.525933520152569,147.7937399818304,-0.648380024456625,-0.5260547129919577,,,
sample,1779736582.3245754,109.9847674369812,1.442,-0.40213566797858175,-0.18708021004534145,0,10.963243750919055,7.582265753106225,147.93021773584442,-0.810717144354538,-0.6309791473903043,,,
sample,1779736582.3727734,110.03296542167664,1.442,0.0,-0.18708021004534145,0,10.963243750919055,7.582265753106225,147.93021773584442,-0.810717144354538,-0.6309791473903043,,,
sample,1779736582.4290106,110.0892026424408,1.442,-0.5198634947983244,-0.2068951338039775,0,11.122207678523967,7.648771914828628,148.10253314382243,-0.9342373155516037,-0.6996622042835163,,,
sample,1779736582.4754913,110.13568329811096,1.442,0.0,-0.2068951338039775,0,11.122207678523967,7.648771914828628,148.10253314382243,-0.9342373155516037,-0.6996622042835163,,,
sample,1779736582.52819,110.1883819103241,1.5221,-0.6053911538673469,-0.21188652792735138,0,11.190774349120382,7.6732291256586045,148.17533110724352,-0.9979399631336068,-0.7170515746813012,,,
sample,1779736582.5759666,110.23615860939026,1.5221,-0.45453548919800557,-0.21378414804393114,0,11.237446922922738,7.689876878386464,148.22488387524112,-1.0102591114634503,-0.7236723914769898,,,
sample,1779736582.6267521,110.28694415092468,1.442,-1.5331998166636773,-0.217875208734982,0,11.378033850853619,7.727993495586221,148.37054636461912,-0.9992181025989492,-0.7379647830155671,,,
sample,1779736582.6758003,110.3359923362732,1.442,0.0,-0.217875208734982,0,11.378033850853619,7.727993495586221,148.37054636461912,-0.9992181025989492,-0.7379647830155671,,,
sample,1779736582.728127,110.38831901550293,1.5221,-1.8825052361641388,-0.21444858676394501,0,11.528534582140292,7.753248072606758,148.5231512917293,-1.0129073748061077,-0.7259919124566188,,,
sample,1779736582.7757072,110.43589925765991,1.5221,0.0,-0.21444858676394501,0,11.528534582140292,7.753248072606758,148.5231512917293,-1.0129073748061077,-0.7259919124566188,,,
sample,1779736582.827624,110.48781609535217,1.5221,-3.1432225976615005,-0.19208030459677286,0,11.58889922381763,7.7188578713805684,148.5926248543644,-0.8732005421105479,-0.6482598425065074,,,
sample,1779736582.8759081,110.53610014915466,1.5221,0.0,-0.19208030459677286,0,11.58889922381763,7.7188578713805684,148.5926248543644,-0.8732005421105479,-0.6482598425065074,,,
sample,1779736582.926493,110.58668494224548,1.5221,-2.1193557912223584,-0.19016408879463773,0,11.751710495921513,7.701841376410787,148.7563229649984,-0.8605274064546573,-0.641633336202127,,,
sample,1779736582.9787176,110.63890957832336,1.5221,0.0,-0.18961103678752983,0,11.751710495921513,7.701841376410787,148.7563229649984,-0.8547050465838587,-0.6397217264729805,,,
sample,1779736583.0285528,110.68874478340149,1.442,-2.0961430283933664,-0.1853333354881561,0,11.884433543185613,7.673746614541423,148.89198697245638,-0.8025772177978862,-0.6249495724754478,,,
sample,1779736583.076833,110.73702502250671,1.442,0.0,-0.1853333354881561,0,11.884433543185613,7.673746614541423,148.89198697245638,-0.8025772177978862,-0.6249495724754478,,,
sample,1779736583.1292603,110.78945231437683,1.5221,-2.0175091794272055,-0.17796615847017644,0,12.02821499109351,7.626995235791756,149.04317822940428,-0.7823024532173087,-0.5995637185361673,,,
sample,1779736583.1755252,110.83571720123291,1.5221,0.0,-0.17796615847017644,0,12.02821499109351,7.626995235791756,149.04317822940428,-0.7823024532173087,-0.5995637185361673,,,
sample,1779736583.2305374,110.89072942733765,1.5221,-1.7458892836208948,-0.1746354808128199,0,12.167712698958374,7.566295823298683,149.19530984734268,-0.7549822863308875,-0.5881090893732451,,,
sample,1779736583.2885091,110.94870114326477,1.5221,-1.2652688715782352,-0.1746354808128199,0,12.269530101432533,7.509784740772071,149.3117584879312,-0.7549822863308875,-0.5881090893732451,,,
sample,1779736583.3266094,110.98680138587952,1.5221,0.0,-0.16977329096918953,0,12.269530101432533,7.509784740772071,149.3117584879312,-0.7277153872088383,-0.571411473315485,,,
sample,1779736583.3872051,111.04739713668823,1.442,0.0,-0.16977329096918953,0,12.269530101432533,7.509784740772071,149.3117584879312,-0.7277153872088383,-0.571411473315485,,,
sample,1779736583.4493413,111.10953330993652,1.442,0.0,-0.17794617014537187,0,12.269530101432533,7.509784740772071,149.3117584879312,-0.7277153872088383,-0.5994949354332768,,,
sample,1779736583.4737997,111.13399171829224,1.442,0.0,-0.17794617014537187,0,12.269530101432533,7.509784740772071,149.3117584879312,-0.7277153872088383,-0.5994949354332768,,,
sample,1779736583.5247629,111.18495488166809,1.5221,0.0,-0.16977329096918953,0,12.269530101432533,7.509784740772071,149.3117584879312,-0.7277153872088383,-0.571411473315485,,,
sample,1779736583.5758924,111.23608446121216,1.5221,-4.281850298288734,-0.1405592189151089,0,12.427573994126886,7.370913698174955,149.52214631669037,-0.5791243752397192,-0.4716408814645252,,,
sample,1779736583.6230602,111.2832522392273,1.442,-1.9543062346382385,-0.1292703185727418,0,12.510741952359895,7.275187029978619,149.64895524492738,-0.5153936747152363,-0.4333174511432223,,,
sample,1779736583.673079,111.33327102661133,1.442,0.0,-0.1292703185727418,0,12.510741952359895,7.275187029978619,149.64895524492738,-0.5153936747152363,-0.4333174511432223,,,
sample,1779736583.724556,111.38474798202515,1.5221,-1.7585773318804354,-0.11658952239536284,0,12.600985904688537,7.164813038066933,149.79152589065228,-0.47635581544071176,-0.3904022743079142,,,
sample,1779736583.7743742,111.43456625938416,1.5221,0.0,-0.11666651876816224,0,12.600985904688537,7.164813038066933,149.79152589065228,-0.4706392373605623,-0.39066245182673853,,,
sample,1779736583.827972,111.48816394805908,1.442,-1.7009249043283936,-0.10322693646477582,0,12.683329125545619,7.042948583085122,149.9386018962043,-0.40751179932610715,-0.3453172041568919,,,
sample,1779736583.8773403,111.53753232955933,1.442,0.0,-0.10322693646477582,0,12.683329125545619,7.042948583085122,149.9386018962043,-0.40751179932610715,-0.3453172041568919,,,
sample,1779736583.9245057,111.58469772338867,1.442,-0.2574146889831096,-0.10322933690650724,0,12.693961604337385,7.024064349762822,149.96027362602516,-0.4022683261027063,-0.3453252915028027,,,
sample,1779736583.9734457,111.63363766670227,1.442,-1.1786143744666173,-0.09632702605589602,0,12.759368936117143,6.989478953974411,150.03426192680567,-0.37306896269668527,-0.32208690727575223,,,
sample,1779736584.0230644,111.68325638771057,1.442,0.0,-0.09632702605589602,0,12.759368936117143,6.989478953974411,150.03426192680567,-0.37306896269668527,-0.32208690727575223,,,
sample,1779736584.0749357,111.73512768745422,1.442,-1.1910601197248705,-0.0884952879424773,0,12.851638228720768,6.85440058203049,150.19784612202207,-0.3485005877835301,-0.29575676127609063,,,
sample,1779736584.1257505,111.78594255447388,1.442,-1.540066436819476,-0.07801736823350076,0,12.88498201030273,6.771964913229393,150.28676995044208,-0.3010731711640959,-0.26058681420845886,,,
sample,1779736584.1732206,111.83341264724731,1.442,0.0,-0.07344996192261329,0,12.88498201030273,6.771964913229393,150.28676995044208,-0.28536127583827814,-0.24527444190379652,,,
sample,1779736584.2250516,111.8852436542511,1.442,-1.3228281267653446,-0.06138963839582136,0,12.927096243955035,6.643071066111526,150.42236948031208,-0.23559403490921083,-0.2048895809583946,,,
sample,1779736584.2762408,111.93643283843994,1.442,0.0,-0.06138963839582136,0,12.927096243955035,6.643071066111526,150.42236948031208,-0.23559403490921083,-0.2048895809583946,,,
sample,1779736584.3252332,111.98542523384094,1.442,-1.1060772625091277,-0.051825954486041576,0,12.964893335672587,6.501904418138569,150.5685086011601,-0.19776093142230544,-0.1729080155971351,,,
sample,1779736584.3729672,112.03315925598145,1.442,0.0,-0.051825954486041576,0,12.964893335672587,6.501904418138569,150.5685086011601,-0.19776093142230544,-0.1729080155971351,,,
sample,1779736584.4230852,112.08327722549438,1.442,-0.6095458409689559,-0.049625142181926984,0,13.019848243158563,6.390517857939612,150.6927141068744,-0.190414175362968,-0.1655530629348418,,,
sample,1779736584.4727085,112.13290047645569,1.442,0.0,-0.049625142181926984,0,13.019848243158563,6.390517857939612,150.6927141068744,-0.190414175362968,-0.1655530629348418,,,
sample,1779736584.5230758,112.18326783180237,1.3619,0.1417020645262734,-0.06111778566830776,0,13.095291437196593,6.334281322891986,150.78681098993025,-0.22969407085465493,-0.2039799966846277,,,
sample,1779736584.573302,112.23349404335022,1.3619,-0.014398623116588188,-0.06092920563327035,0,13.096292693643969,6.330144646252231,150.79106711587943,-0.22939638526468456,-0.20334904991913796,,,
sample,1779736584.6237175,112.28390955924988,1.442,-0.3776407369530446,-0.05814299468237448,0,13.12785525120247,6.187957748726634,150.93671500933343,-0.22411519123142587,-0.1940286765217143,,,
sample,1779736584.6737957,112.33398771286011,1.442,0.0,-0.05814299468237448,0,13.12785525120247,6.187957748726634,150.93671500933343,-0.22411519123142587,-0.1940286765217143,,,
sample,1779736584.7231028,112.38329482078552,1.442,-0.3849429592255538,-0.05663444736368078,0,13.156118046385295,6.048143194433883,151.07935755271942,-0.21719531716935814,-0.1889835869019486,,,
sample,1779736584.77231,112.4325020313263,1.442,0.0,-0.05663444736368078,0,13.156118046385295,6.048143194433883,151.07935755271942,-0.21719531716935814,-0.1889835869019486,,,
sample,1779736584.8235037,112.48369574546814,1.3619,-0.2738894755569195,-0.05679037059754852,0,13.18131030866688,5.913849495661609,151.2159937397593,-0.21500741262562362,-0.18950500625840755,,,
sample,1779736584.872451,112.53264307975769,1.3619,0.0,-0.05679037059754852,0,13.18131030866688,5.913849495661609,151.2159937397593,-0.21500741262562362,-0.18950500625840755,,,
sample,1779736584.9245682,112.5847601890564,1.442,0.4665585747750132,-0.07513285236372176,0,13.254404940927683,5.831968218128529,151.32575424666317,-0.29129305550245105,-0.2509151531079078,,,
sample,1779736584.972381,112.63257312774658,1.442,-0.00668946744021402,-0.07505299925067187,0,13.255000529323468,5.8291660847301126,151.32861897651426,-0.29132637804823946,-0.2506474694452541,,,
sample,1779736585.025936,112.68612790107727,1.442,-0.41524999578839034,-0.07810738895804886,0,13.281352599967203,5.690039287467592,151.47021946148428,-0.30115921493691455,-0.2608887192861097,,,
sample,1779736585.074979,112.73517107963562,1.442,0.0,-0.07810738895804886,0,13.281352599967203,5.690039287467592,151.47021946148428,-0.30115921493691455,-0.2608887192861097,,,
sample,1779736585.1234899,112.78368186950684,1.442,-0.49893871975376813,-0.07935437821441231,0,13.304224689990729,5.550955063790944,151.61117177178028,-0.310139486241613,-0.2650712226314103,,,
sample,1779736585.173171,112.83336305618286,1.442,0.0,-0.07935437821441231,0,13.304224689990729,5.550955063790944,151.61117177178028,-0.310139486241613,-0.2650712226314103,,,
sample,1779736585.2236383,112.88383030891418,1.3619,-0.24712215553441172,-0.08765950160580599,0,13.325606318190745,5.409975259047134,151.7537637749575,-0.33117131600496924,-0.29294908198914205,,,
sample,1779736585.2737536,112.93394565582275,1.3619,0.0,-0.08765950160580599,0,13.325606318190745,5.409975259047134,151.7537637749575,-0.33117131600496924,-0.29294908198914205,,,
sample,1779736585.3245554,112.98474740982056,1.442,-0.31336875596336955,-0.09367725210194919,0,13.344972367677968,5.266964218558656,151.8980800996555,-0.3605449330645105,-0.31317412232862196,,,
sample,1779736585.3740172,113.03420925140381,1.442,0.0,-0.09367725210194919,0,13.344972367677968,5.266964218558656,151.8980800996555,-0.3605449330645105,-0.31317412232862196,,,
sample,1779736585.4229834,113.08317542076111,1.3619,-0.48841486509616616,-0.09278394417860361,0,13.360961480271593,5.123094568551918,152.04283550685878,-0.35269031825939273,-0.3101703963847259,,,
sample,1779736585.4734533,113.1336452960968,1.3619,0.0,-0.09278394417860361,0,13.360961480271593,5.123094568551918,152.04283550685878,-0.35269031825939273,-0.3101703963847259,,,
sample,1779736585.5239298,113.18412184715271,1.442,-0.39500560838833326,-0.09699962946089982,0,13.376092914661644,5.035322587046083,152.1319022292873,-0.37364004280881913,-0.3243499988059694,,,
sample,1779736585.5725372,113.23272919654846,1.442,0.0,-0.09699962946089982,0,13.376092914661644,5.035322587046083,152.1319022292873,-0.37364004280881913,-0.3243499988059694,,,
sample,1779736585.6234698,113.28366184234619,1.442,-0.42633557939867595,-0.09363241634936155,0,13.387191675810394,4.874793990625328,152.2928140460313,-0.36917294030678577,-0.31302335123430824,,,
sample,1779736585.6731875,113.33337950706482,1.442,0.0,-0.0979661177541885,0,13.387191675810394,4.874793990625328,152.2928140460313,-0.38436597110133697,-0.32760243655336635,,,
sample,1779736585.7255042,113.38569617271423,1.442,-0.5021212318505729,-0.10321719769369063,0,13.393035150299694,4.73821877845236,152.42951420979932,-0.40615893663572983,-0.34528439323278715,,,
sample,1779736585.7723148,113.43250679969788,1.442,0.0,-0.10321719769369063,0,13.393035150299694,4.73821877845236,152.42951420979932,-0.40615893663572983,-0.34528439323278715,,,
sample,1779736585.8234193,113.48361134529114,1.3619,-0.6723981599956131,-0.10561196275119196,0,13.394100047198561,4.611404231439246,152.5563332278508,-0.40473901380973654,-0.35335461288040204,,,
sample,1779736585.8723276,113.53251957893372,1.3619,0.0,-0.10561196275119196,0,13.394100047198561,4.611404231439246,152.5563332278508,-0.40473901380973654,-0.35335461288040204,,,
sample,1779736585.9256847,113.58587670326233,1.442,-0.37638427580496336,-0.11785703883017823,0,13.391928724107341,4.425602462369793,152.7421476837828,-0.4592817018609931,-0.39468592345316905,,,
sample,1779736585.9729433,113.6331353187561,1.442,0.0,-0.11785703883017823,0,13.391928724107341,4.425602462369793,152.7421476837828,-0.4592817018609931,-0.39468592345316905,,,
sample,1779736586.0230887,113.68328070640564,1.442,-0.4070164434975514,-0.11292995955555214,0,13.390540467504387,4.405193506239337,152.76260380136975,-0.4422781030013474,-0.3780416437123109,,,
sample,1779736586.0740414,113.73423337936401,1.442,-0.2664069933655942,-0.11500395578589313,0,13.387243264078595,4.333047203001225,152.83482540908764,-0.4506186150212838,-0.38504554381216133,,,
sample,1779736586.1230612,113.78325319290161,1.3619,0.0,-0.12074366039410779,0,13.381948762416105,4.21719789887616,152.95079563377536,-0.47303077006130767,-0.40444625920907296,,,
sample,1779736586.1733181,113.83351016044617,1.3619,0.0,-0.12074366039410779,0,13.381948762416105,4.21719789887616,152.95079563377536,-0.47303077006130767,-0.40444625920907296,,,
sample,1779736586.2241557,113.88434767723083,1.5221,-1.5187736880813805,-0.11146757092090426,0,13.365884490069373,4.079844102011906,153.08908564194317,-0.44940154994045145,-0.37310513075326485,,,
sample,1779736586.272695,113.93288707733154,1.5221,0.0,-0.11146757092090426,0,13.365884490069373,4.079844102011906,153.08908564194317,-0.44940154994045145,-0.37310513075326485,,,
sample,1779736586.3236523,113.98384428024292,1.3619,-0.9630308941961906,-0.12272966052327205,0,13.336145467679563,3.908604396901929,153.26288853621958,-0.44940154994045145,-0.41116534661567744,,,
sample,1779736586.3726122,114.03280425071716,1.3619,0.0,-0.11495716753596302,0,13.336145467679563,3.908604396901929,153.26288853621958,-0.4360807973830546,-0.38488750278433276,,,
sample,1779736586.4237032,114.08389520645142,1.5221,0.0,-0.11302424657407872,0,13.319664236075113,3.8137041273906402,153.35920931356546,-0.46382423603541584,-0.38488750278433276,,,
sample,1779736586.4741206,114.1343126296997,1.5221,0.0,-0.11733162483366551,0,13.317329563910272,3.800260895538709,153.37285376946306,-0.47069103115727173,-0.3929100995576318,,,
sample,1779736586.525141,114.18533301353455,1.442,-1.9168315533436049,-0.10290249215660566,0,13.276261083874498,3.6517260187623575,153.52696162024105,-0.40105293164337297,-0.344224153421331,,,
sample,1779736586.5734336,114.23362565040588,1.442,0.0,-0.10290249215660566,0,13.276261083874498,3.6517260187623575,153.52696162024105,-0.40105293164337297,-0.344224153421331,,,
sample,1779736586.6232362,114.28342819213867,1.442,-1.9854875153137874,-0.07834446098152267,0,13.232442766830014,3.623046894620092,153.57933085806422,-0.2986244132891985,-0.26168381487663506,,,
sample,1779736586.67258,114.33277201652527,1.442,0.0,-0.07834446098152267,0,13.232442766830014,3.623046894620092,153.57933085806422,-0.2986244132891985,-0.26168381487663506,,,
sample,1779736586.7243204,114.384512424469,1.442,-1.150330548554727,-0.06865176664400585,0,13.171892805350485,3.4903743563406846,153.72516741126222,-0.2607033335248845,-0.22919941258332183,,,
sample,1779736586.7731795,114.43337154388428,1.442,0.0,-0.06865176664400585,0,13.171892805350485,3.4903743563406846,153.72516741126222,-0.2607033335248845,-0.22919941258332183,,,
sample,1779736586.8231297,114.48332166671753,1.442,-0.9995982626063595,-0.060548931884991455,0,13.103181458021329,3.3577719809841966,153.8745147888822,-0.229739551415138,-0.2020767828203274,,,
sample,1779736586.8737195,114.53391146659851,1.442,0.0,-0.060548931884991455,0,13.103181458021329,3.3577719809841966,153.8745147888822,-0.229739551415138,-0.2020767828203274,,,
sample,1779736586.925024,114.58521604537964,1.442,-0.935760156386025,-0.05496190926002806,0,13.034757162624313,3.2399368383277873,154.0107755867862,-0.21088148117045308,-0.18339106467685265,,,
sample,1779736586.9738915,114.63408350944519,1.442,0.0,-0.05496190926002806,0,13.034757162624313,3.2399368383277873,154.0107755867862,-0.21088148117045308,-0.18339106467685265,,,
sample,1779736587.0244002,114.68459224700928,1.3619,-0.7081797889898005,-0.05987894525335301,0,12.951101259895237,3.1070535485653568,154.1677987658379,-0.22027596568459962,-0.19983537707466764,,,
sample,1779736587.0740824,114.73427438735962,1.3619,0.0,-0.05987894525335301,0,12.951101259895237,3.1070535485653568,154.1677987658379,-0.22027596568459962,-0.19983537707466764,,,
sample,1779736587.124447,114.78463912010193,1.442,0.12029316864279761,-0.06291892957358787,0,12.941292442306228,3.0434758168210685,154.23212870347382,-0.24451523070589112,-0.21000696301874042,,,
sample,1779736587.1744933,114.83468532562256,1.442,0.0,-0.07089221430361628,0,12.941292442306228,3.0434758168210685,154.23212870347382,-0.2727861561643552,-0.23670404892371966,,,
sample,1779736587.2235744,114.88376641273499,1.3619,-0.3731765852421629,-0.07944824392142455,0,12.865156340330007,2.9257626555727247,154.37231819792763,-0.29954537397987063,-0.26538608925154195,,,
sample,1779736587.2722998,114.93249177932739,1.3619,0.0,-0.07944824392142455,0,12.865156340330007,2.9257626555727247,154.37231819792763,-0.29954537397987063,-0.26538608925154195,,,
sample,1779736587.3245442,114.98473620414734,1.442,-0.32102881404858047,-0.08700119969874859,0,12.784368728873797,2.8053360121098567,154.51733273037362,-0.338751386757483,-0.2907379214296077,,,
sample,1779736587.3723192,115.03251123428345,1.442,0.0,-0.08700119969874859,0,12.784368728873797,2.8053360121098567,154.51733273037362,-0.338751386757483,-0.2907379214296077,,,
sample,1779736587.4237692,115.08396124839783,1.3619,-0.3977359870763352,-0.09565981199183728,0,12.702950840968324,2.6891799038795554,154.6591816427776,-0.3639893029030437,-0.3198422397455328,,,
sample,1779736587.4725912,115.13278317451477,1.3619,0.0,-0.09565981199183728,0,12.702950840968324,2.6891799038795554,154.6591816427776,-0.3639893029030437,-0.3198422397455328,,,
sample,1779736587.5256042,115.18579626083374,1.442,-0.4237846364988826,-0.10058238942952195,0,12.625891042408144,2.584333912621823,154.78930041327962,-0.39760584162761714,-0.33640986299590503,,,
sample,1779736587.5733137,115.2335057258606,1.442,0.0,-0.10369687099817185,0,12.625891042408144,2.584333912621823,154.78930041327962,-0.4084486371349422,-0.346900540857621,,,
sample,1779736587.6231318,115.28332376480103,1.3619,-0.4284720620765374,-0.11278724336463444,0,12.539162567525889,2.471463017407233,154.93164389694482,-0.4326845370041907,-0.37755981196541294,,,
sample,1779736587.6729677,115.33315968513489,1.3619,0.0,-0.11278724336463444,0,12.539162567525889,2.471463017407233,154.93164389694482,-0.4326845370041907,-0.37755981196541294,,,
sample,1779736587.724455,115.38464713096619,1.442,-0.3258206529713031,-0.11810135129115411,0,12.490585852482807,2.388346971545449,155.0279142159641,-0.4675104218559144,-0.39551173970580755,,,
sample,1779736587.772751,115.43294310569763,1.442,0.0,-0.11810135129115411,0,12.490585852482807,2.388346971545449,155.0279142159641,-0.4675104218559144,-0.39551173970580755,,,
sample,1779736587.8234892,115.48368120193481,1.442,-0.5563508710895545,-0.12423434384463035,0,12.382670326827792,2.2602690465851154,155.1953947089761,-0.49682816177400435,-0.4162582199267684,,,
sample,1779736587.8740187,115.53421068191528,1.442,0.0,-0.12423434384463035,0,12.382670326827792,2.2602690465851154,155.1953947089761,-0.49682816177400435,-0.4162582199267684,,,
sample,1779736587.9270458,115.58723783493042,1.3619,-0.5792743386785754,-0.12469597831481626,0,12.31001604154108,2.1792282206368867,155.30423523746109,-0.48989014037069417,-0.41782108804771284,,,
sample,1779736587.9760458,115.63623785972595,1.3619,0.0,-0.12738331765407163,0,12.31001604154108,2.1792282206368867,155.30423523746109,-0.4955876409137142,-0.4269227158669299,,,
sample,1779736588.0297754,115.68996739387512,1.5221,-0.8248777908997137,-0.12507338111592534,0,12.201407663836425,2.068383155900792,155.45942031433378,-0.5152127830549097,-0.4190989233620039,,,
sample,1779736588.0799937,115.74018573760986,1.5221,0.0,-0.12507338111592534,0,12.201407663836425,2.068383155900792,155.45942031433378,-0.5152127830549097,-0.4190989233620039,,,
sample,1779736588.1365051,115.79669713973999,1.3619,-0.8939155110934993,-0.12536150110454583,0,12.101285279150915,1.9760266335912928,155.59563418707887,-0.4917254075396228,-0.42007454064922684,,,
sample,1779736588.184559,115.84475111961365,1.3619,0.0,-0.12536150110454583,0,12.101285279150915,1.9760266335912928,155.59563418707887,-0.4917254075396228,-0.42007454064922684,,,
sample,1779736588.2271838,115.887375831604,1.5221,-0.7031423328486505,-0.12112010891740616,0,12.045151869574768,1.930409220371707,155.66796611681596,-0.4953546964092992,-0.4057196193129602,,,
sample,1779736588.2753043,115.93549633026123,1.5221,0.0,-0.12112010891740616,0,12.045151869574768,1.930409220371707,155.66796611681596,-0.4953546964092992,-0.4057196193129602,,,
sample,1779736588.3267374,115.9869294166565,1.442,-2.3328658974276117,-0.10792330536410437,0,11.887005967395144,1.8041231929373767,155.87034765525598,-0.4278601736887316,-0.36114758945929193,,,
sample,1779736588.375608,116.03579998016357,1.442,0.0,-0.1093023282937852,0,11.887005967395144,1.8041231929373767,155.87034765525598,-0.4269591651597258,-0.36579898925648807,,,
sample,1779736588.4286041,116.08879613876343,1.442,-1.32473485579769,-0.10066382921604017,0,11.739942358631302,1.71895869620039,156.04029087085198,-0.392764264414915,-0.33668409620671785,,,
sample,1779736588.4732482,116.13344025611877,1.442,0.0,-0.10066382921604017,0,11.739942358631302,1.71895869620039,156.04029087085198,-0.392764264414915,-0.33668409620671785,,,
sample,1779736588.5234709,116.18366289138794,1.442,-1.2360574989971802,-0.09046093868662895,0,11.636039865520157,1.6671133602038017,156.15641006366397,-0.3524719919667323,-0.30236167272544145,,,
sample,1779736588.573233,116.23342490196228,1.442,0.0,-0.09046093868662895,0,11.636039865520157,1.6671133602038017,156.15641006366397,-0.3524719919667323,-0.30236167272544145,,,
sample,1779736588.6253955,116.2855875492096,1.442,-1.249133893680176,-0.08081805172942412,0,11.49499679487543,1.6078676888285013,156.30939109959198,-0.312916485078734,-0.2699815619045654,,,
sample,1779736588.6728864,116.33307838439941,1.442,0.0,-0.08081805172942412,0,11.49499679487543,1.6078676888285013,156.30939109959198,-0.312916485078734,-0.2699815619045654,,,
sample,1779736588.723382,116.38357400894165,1.5221,-1.382507372669783,-0.06511081426795165,0,11.447871086874088,1.5782303431463531,156.3650615999823,-0.25734021724618433,-0.21734327073465592,,,
sample,1779736588.773052,116.43324398994446,1.5221,-0.02479820981834426,-0.06480688490178088,0,11.444905193490973,1.5772256012094141,156.36819305809632,-0.2564409326396429,-0.21632588586421767,,,
sample,1779736588.8235645,116.48375654220581,1.3619,-1.0163570910106428,-0.058965048080412294,0,11.299822342087372,1.536244841988211,156.51895265612492,-0.220050822318879,-0.19677827108891438,,,
sample,1779736588.8729026,116.53309464454651,1.3619,0.0,-0.058965048080412294,0,11.299822342087372,1.536244841988211,156.51895265612492,-0.220050822318879,-0.19677827108891438,,,
sample,1779736588.923324,116.58351612091064,1.442,-0.9342080570006652,-0.04808826906864706,0,11.172583121169799,1.506695657810639,156.6495779738289,-0.18626357507382363,-0.16041790378105,,,
sample,1779736588.9726849,116.63287687301636,1.442,0.0,-0.04808826906864706,0,11.172583121169799,1.506695657810639,156.6495779738289,-0.18626357507382363,-0.16041790378105,,,
sample,1779736589.0235248,116.68371677398682,1.442,-0.5554550671104604,-0.044218330121325346,0,11.027452773895797,1.4772839608691375,156.7976585789629,-0.1708131207125004,-0.1474905737788047,,,
sample,1779736589.0724702,116.73266220092773,1.442,0.0,-0.044218330121325346,0,11.027452773895797,1.4772839608691375,156.7976585789629,-0.1708131207125004,-0.1474905737788047,,,
sample,1779736589.1237562,116.78394818305969,1.3619,-0.34400598637952123,-0.04383026268636598,0,10.89817080987336,1.4534503928809528,156.92911908704252,-0.1632279260185007,-0.14619450530794112,,,
sample,1779736589.1731732,116.83336520195007,1.3619,0.0,-0.04383026268636598,0,10.89817080987336,1.4534503928809528,156.92911908704252,-0.1632279260185007,-0.14619450530794112,,,
sample,1779736589.2242174,116.88440942764282,1.442,-0.3600836073850496,-0.040737122118535626,0,10.752015804484849,1.4292748087125986,157.07726004852853,-0.15562820050929224,-0.1358655722778731,,,
sample,1779736589.2722547,116.93244671821594,1.442,0.0,-0.040737122118535626,0,10.752015804484849,1.4292748087125986,157.07726004852853,-0.15562820050929224,-0.1358655722778731,,,
sample,1779736589.3241088,116.9843008518219,1.442,0.40967272864898396,-0.053415398945588756,0,10.663452975306107,1.3663267143532076,157.18591471844942,-0.203709442363986,-0.1782208622778623,,,
sample,1779736589.37352,117.0337119102478,1.442,0.0,-0.053415398945588756,0,10.663452975306107,1.3663267143532076,157.18591471844942,-0.203709442363986,-0.1782208622778623,,,
sample,1779736589.4232106,117.08340263366699,1.3619,-0.3971264840893481,-0.05171164551184704,0,10.518518871773102,1.3421282269319064,157.33285505042264,-0.19548637190258836,-0.17252596269200804,,,
sample,1779736589.4726942,117.13288617134094,1.3619,0.0,-0.05171164551184704,0,10.518518871773102,1.3421282269319064,157.33285505042264,-0.19548637190258836,-0.17252596269200804,,,
sample,1779736589.523265,117.1834568977356,1.442,-0.3445377538700596,-0.04821277438867988,0,10.380422479695314,1.3215376522663782,157.47247806167064,-0.18614128511420241,-0.1608338852115271,,,
sample,1779736589.573479,117.23367094993591,1.442,0.0,-0.04821277438867988,0,10.380422479695314,1.3215376522663782,157.47247806167064,-0.18614128511420241,-0.1608338852115271,,,
sample,1779736589.6231136,117.28330564498901,1.3619,-0.2931302042845999,-0.04829533931622537,0,10.250889991854647,1.3041464677684935,157.60317281559915,-0.17967703112706904,-0.16110974346169774,,,
sample,1779736589.6732116,117.33340358734131,1.3619,0.0,-0.04829533931622537,0,10.250889991854647,1.3041464677684935,157.60317281559915,-0.17967703112706904,-0.16110974346169774,,,
sample,1779736589.7246165,117.38480854034424,1.442,-0.2977254417129194,-0.0447545463025325,0,10.108286040584835,1.2872177426682954,157.74677806846714,-0.1704483329162054,-0.14928150308149954,,,
sample,1779736589.7733479,117.43353986740112,1.442,0.0,-0.0447545463025325,0,10.108286040584835,1.2872177426682954,157.74677806846714,-0.1704483329162054,-0.14928150308149954,,,
sample,1779736589.8233795,117.48357152938843,1.3619,-0.057196326656953705,-0.04869817886767043,0,9.996972231884067,1.2613289489509492,157.86106277281382,-0.1827038584646265,-0.16245570511900084,,,
sample,1779736589.8729832,117.53317523002625,1.3619,0.0,-0.04842616752087725,0,9.996972231884067,1.2613289489509492,157.86106277281382,-0.18029187784315973,-0.16154685899049354,,,
sample,1779736589.9246233,117.58481526374817,1.442,-0.36843136333333526,-0.0434505269690757,0,9.855579844200026,1.2476747446113696,158.0031129209698,-0.16545045028734937,-0.14492630583555074,,,
sample,1779736589.9734008,117.6335928440094,1.442,0.0,-0.0434505269690757,0,9.855579844200026,1.2476747446113696,158.0031129209698,-0.16545045028734937,-0.14492630583555074,,,
sample,1779736590.0241385,117.68433046340942,1.3619,-0.34116241711082307,-0.04137011523653968,0,9.724161487325366,1.237276160888007,158.1349420340939,-0.1552020520713885,-0.13797910956283543,,,
sample,1779736590.0725613,117.73275327682495,1.3619,0.0,-0.04137011523653968,0,9.724161487325366,1.237276160888007,158.1349420340939,-0.1552020520713885,-0.13797910956283543,,,
sample,1779736590.1236877,117.78387975692749,1.442,-0.25983196872640374,-0.038566816099983706,0,9.569961659924948,1.22713419239754,158.2894750282899,-0.14800747884375004,-0.12861982967262267,,,
sample,1779736590.1736248,117.83381676673889,1.442,0.0,-0.03751785845161021,0,9.569961659924948,1.22713419239754,158.2894750282899,-0.14478214544201232,-0.12511823872977001,,,
sample,1779736590.2238925,117.8840844631195,1.3619,-0.19123764955910125,-0.037606102127414325,0,9.439642314901796,1.219820314147762,158.41999944938541,-0.13950176316854973,-0.1254127997173502,,,
sample,1779736590.2730937,117.9332857131958,1.3619,0.0,-0.03747004751103315,0,9.439642314901796,1.219820314147762,158.41999944938541,-0.13941227822158608,-0.12495864467616602,,,
sample,1779736590.3236513,117.9838433265686,1.442,-0.21906814451465656,-0.03386923875873283,0,9.296473892116,1.2133750526355724,158.56331287750342,-0.1290595691821123,-0.11294065152630227,,,
sample,1779736590.3726888,118.03288078308105,1.442,0.0,-0.03386923875873283,0,9.296473892116,1.2133750526355724,158.56331287750342,-0.1290595691821123,-0.11294065152630227,,,
sample,1779736590.4231336,118.08332562446594,1.3619,0.16010891076731854,-0.03917844790388188,0,9.215812298711796,1.1972647698072607,158.64556756650845,-0.14723139530680687,-0.13066168627411393,,,
sample,1779736590.473441,118.13363289833069,1.3619,0.0,-0.03917844790388188,0,9.215812298711796,1.1972647698072607,158.64556756650845,-0.14723139530680687,-0.13066168627411393,,,
sample,1779736590.5234432,118.18363523483276,1.442,-0.17216222824860755,-0.036134880451398434,0,9.076086704635873,1.191048961293161,158.78543134993845,-0.13884720582241414,-0.12050205376962633,,,
sample,1779736590.5725243,118.23271632194519,1.442,0.0,-0.036134880451398434,0,9.076086704635873,1.191048961293161,158.78543134993845,-0.13884720582241414,-0.12050205376962633,,,
sample,1779736590.6236105,118.28380250930786,1.3619,-0.29163711880178034,-0.0342552362038641,0,8.939279757455752,1.1870068701801686,158.92229799780165,-0.12722710350934252,-0.1142288036753714,,,
sample,1779736590.6727939,118.33298587799072,1.3619,-0.00041743370230903833,-0.034249742543514455,0,8.939091233023342,1.1870013000468644,158.92248660450355,-0.12721704261020214,-0.1142104699729113,,,
sample,1779736590.72425,118.38444209098816,1.442,-0.44321033295480294,-0.026940482219843992,0,8.797718199376721,1.186049642864766,159.06386284116954,-0.102375765511278,-0.08982333939901822,,,
sample,1779736590.7730021,118.43319416046143,1.442,0.0,-0.026940482219843992,0,8.797718199376721,1.186049642864766,159.06386284116954,-0.102375765511278,-0.08982333939901822,,,
sample,1779736590.8236818,118.48387384414673,1.3619,-0.3664719891928099,-0.023109073146976272,0,8.661509617790893,1.187662598607408,159.20008097257593,-0.08673829278942284,-0.07704395888770614,,,
sample,1779736590.8724992,118.53269124031067,1.3619,0.0,-0.023109073146976272,0,8.661509617790893,1.187662598607408,159.20008097257593,-0.08673829278942284,-0.07704395888770614,,,
sample,1779736590.9243472,118.58453917503357,1.442,-0.19343470051176923,-0.019490259855595795,0,8.549319285254143,1.1854998900763547,159.31229214859195,-0.07394202113085344,-0.06497576051269811,,,
sample,1779736590.9729705,118.63316249847412,1.442,0.0,-0.019490259855595795,0,8.549319285254143,1.1854998900763547,159.31229214859195,-0.07394202113085344,-0.06497576051269811,,,
sample,1779736591.0234482,118.68364024162292,1.3619,-0.25004157083548706,-0.016779425298905436,0,8.41130435261852,1.1902621867396976,159.45038921988575,-0.06295051155927563,-0.05593666740125994,,,
sample,1779736591.073405,118.73359704017639,1.3619,0.0,-0.016779425298905436,0,8.41130435261852,1.1902621867396976,159.45038921988575,-0.06295051155927563,-0.05593666740125994,,,
sample,1779736591.1234381,118.78363013267517,1.442,-0.16339138420090732,-0.01294312608000875,0,8.268124317028741,1.19637495251142,159.59369968180974,-0.04975611139808334,-0.04314616297358059,,,
sample,1779736591.1735063,118.83369827270508,1.442,0.0,-0.01294312608000875,0,8.268124317028741,1.19637495251142,159.59369968180974,-0.04975611139808334,-0.04314616297358059,,,
sample,1779736591.2234375,118.88362956047058,1.3619,-0.037225459684413764,-0.01256188696112332,0,8.127708692563044,1.2026311870598925,159.73425461080484,-0.04679752048023094,-0.041875159207638964,,,
sample,1779736591.2729807,118.9331727027893,1.3619,0.0,-0.01256188696112332,0,8.127708692563044,1.2026311870598925,159.73425461080484,-0.04679752048023094,-0.041875159207638964,,,
sample,1779736591.3288922,118.98908424377441,1.442,-0.1635533733257672,-0.009348975964898174,0,7.986250345418298,1.210230581489854,159.87591693738685,-0.03586220694204907,-0.03116416117232983,,,
sample,1779736591.3732607,119.03345274925232,1.442,0.0,-0.008416934287936408,0,7.986250345418298,1.210230581489854,159.87591693738685,-0.03211412910997677,-0.028057110196210027,,,
sample,1779736591.4243424,119.08453440666199,1.3619,-0.15714904775010444,-5.937103255920577e-06,0,7.847236436177663,1.218818308807772,160.01519585188166,-2.1969268852985836e-05,-1.9790344186634463e-05,,,
sample,1779736591.4726288,119.13282084465027,1.3619,0.0,-5.937103255920577e-06,0,7.847236436177663,1.218818308807772,160.01519585188166,-2.1969268852985836e-05,-1.9790344186634463e-05,,,
sample,1779736591.524579,119.1847710609436,1.3619,0.11725965355806929,-0.0025391907242666655,0,7.732699400804925,1.21210944520355,160.12992920066412,-0.009454233928637305,-0.008463987271386487,,,
sample,1779736591.5726316,119.23282361030579,1.3619,0.0,-0.0025391907242666655,0,7.732699400804925,1.21210944520355,160.12992920066412,-0.009454233928637305,-0.008463987271386487,,,
sample,1779736591.6241693,119.28436136245728,1.442,-0.033074744041908556,-0.000692765226163339,0,7.580114635546148,1.22086374975949,160.28276489164412,-0.002654678364143405,-0.0023092177899605593,,,
sample,1779736591.6724846,119.33267664909363,1.442,0.0,-0.000692765226163339,0,7.580114635546148,1.22086374975949,160.28276489164412,-0.002654678364143405,-0.0023092177899605593,,,
sample,1779736591.724242,119.38443398475647,1.3619,-0.2038113645301779,0.0018677846229856502,0,7.454284734426922,1.2294156083921113,160.40888506569152,0.006949535595710672,0.006225955983284124,,,
sample,1779736591.7731292,119.43332123756409,1.3619,0.0,0.002965068684314835,0,7.454284734426922,1.2294156083921113,160.40888506569152,0.01094134156426507,0.009883591245366448,,,
sample,1779736591.8253953,119.48558735847473,1.442,0.0,0.00434848304677755,0,7.301488917761298,1.239800168915148,160.56203336208353,0.01651975553300853,0.014495034853051092,,,
sample,1779736591.875027,119.5352189540863,1.442,0.0,0.00434848304677755,0,7.301488917761298,1.239800168915148,160.56203336208353,0.01651975553300853,0.014495034853051092,,,
sample,1779736591.9231527,119.58334469795227,1.3619,-0.02511381861546074,0.005309463161877777,0,7.18072108990318,1.248154639485744,160.68308981760774,0.01980515677407682,0.017698376848007208,,,
sample,1779736591.9732485,119.63344049453735,1.3619,0.0,0.005309463161877777,0,7.18072108990318,1.248154639485744,160.68308981760774,0.01980515677407682,0.017698376848007208,,,
sample,1779736592.023798,119.68399000167847,1.3619,0.22351080341953017,0.0022571308934978412,0,7.042038037763199,1.2473004972097892,160.82177550003345,0.008377057320964307,0.007523782421984446,,,
sample,1779736592.0725043,119.73269629478455,1.3619,0.0,0.0022571308934978412,0,7.042038037763199,1.2473004972097892,160.82177550003345,0.008377057320964307,0.007523782421984446,,,
sample,1779736592.1230552,119.78324723243713,1.3619,0.061175136615574485,0.0022021279947713733,0,6.937638032041796,1.2530144810373807,160.92633175668897,0.008130616737007212,0.007340438514736909,,,
sample,1779736592.1724963,119.832688331604,1.3619,0.0,0.0020696905723256056,0,6.937638032041796,1.2530144810373807,160.92633175668897,0.007697144905210831,0.00689897842528667,,,
sample,1779736592.2245219,119.88471388816833,1.3619,0.10494009533741182,0.0014737107977446343,0,6.7939127248209275,1.2600940020402884,161.07023131733237,0.005466388584094237,0.004912372882084944,,,
sample,1779736592.2726693,119.932861328125,1.3619,0.0,0.0014737107977446343,0,6.7939127248209275,1.2600940020402884,161.07023131733237,0.005466388584094237,0.004912372882084944,,,
sample,1779736592.325161,119.98535299301147,1.442,0.31029266569203595,-0.0020366219022775415,0,6.656292613781548,1.2646274359422145,161.20792607752838,-0.007724679004474806,-0.00678874906045063,,,
sample,1779736592.3723736,120.03256559371948,1.442,0.0,-0.0020366219022775415,0,6.656292613781548,1.2646274359422145,161.20792607752838,-0.007724679004474806,-0.00678874906045063,,,
sample,1779736592.424437,120.08462905883789,1.3619,0.321872406772786,-0.012590904400508758,0,6.52170023635083,1.2668042471887972,161.3425360569863,-0.04713294414653669,-0.04197189930575862,,,
sample,1779736592.4726863,120.13287830352783,1.3619,0.0,-0.012590904400508758,0,6.52170023635083,1.2668042471887972,161.3425360569863,-0.04713294414653669,-0.04197189930575862,,,
sample,1779736592.5234206,120.18361258506775,1.3619,0.38197214429095083,-0.017507911819120182,0,6.390143899749342,1.268999934970375,161.47411071543098,-0.06503909395903544,-0.058365669736357456,,,
sample,1779736592.5760899,120.23628187179565,1.3619,0.0617778202320112,-0.018420441223119442,0,6.358975549872045,1.2687985558290718,161.5052797158582,-0.0678740972667314,-0.06140841645178967,,,
sample,1779736592.6276069,120.28779888153076,1.3619,0.16661007379857795,-0.02092263745589054,0,6.2598771130638715,1.2673075889436716,161.60438936806258,-0.0770804076464081,-0.0697523033307443,,,
sample,1779736592.6762064,120.3363983631134,1.3619,0.0,-0.02092263745589054,0,6.2598771130638715,1.2673075889436716,161.60438936806258,-0.0770804076464081,-0.0697523033307443,,,
sample,1779736592.731189,120.39138102531433,1.442,0.2286772406861337,-0.023780291453084988,0,6.117603023499717,1.2633773406474955,161.74671773281457,-0.0897995588276924,-0.07928258356717327,,,
sample,1779736592.7758515,120.43604350090027,1.442,0.0,-0.023780291453084988,0,6.117603023499717,1.2633773406474955,161.74671773281457,-0.0897995588276924,-0.07928258356717327,,,
sample,1779736592.8259993,120.4861912727356,1.3619,-0.14950820715524507,-0.02286318569835541,0,6.015861568261339,1.2616267479512515,161.84847424753875,-0.08587886682863316,-0.07622390084351142,,,
sample,1779736592.8763924,120.53658437728882,1.3619,-0.05785250491712658,-0.02219070554188971,0,5.976299904010367,1.2609460385951021,161.88804176759666,-0.08296055189716128,-0.07398116232241302,,,
sample,1779736592.927034,120.58722591400146,1.3619,-0.11993419440017725,-0.02076710989637736,0,5.8405851820353725,1.2594353441083121,162.02376489738145,-0.07713625783746648,-0.06923365280576306,,,
sample,1779736592.975376,120.63556790351868,1.3619,0.0,-0.02076710989637736,0,5.8405851820353725,1.2594353441083121,162.02376489738145,-0.07713625783746648,-0.06923365280576306,,,
sample,1779736593.0290005,120.68919253349304,1.442,-0.1442624592738381,-0.017868510731073605,0,5.693297124062646,1.2589353115204516,162.17105380413946,-0.06812415376004513,-0.059568042273024986,,,
sample,1779736593.0757477,120.73593974113464,1.442,0.0,-0.017868510731073605,0,5.693297124062646,1.2589353115204516,162.17105380413946,-0.06812415376004513,-0.059568042273024986,,,
sample,1779736593.1278768,120.7880687713623,1.3619,-0.2948282565879423,-0.01274784247663522,0,5.547205859788108,1.2746532181643306,162.31798817753997,-0.04719926244699003,-0.042495110204924316,,,
sample,1779736593.1751275,120.83531951904297,1.3619,0.0,-0.01274784247663522,0,5.547205859788108,1.2746532181643306,162.31798817753997,-0.04719926244699003,-0.042495110204924316,,,
sample,1779736593.2271588,120.8873507976532,1.3619,0.17680477751469947,-0.014665862894636835,0,5.409394536311671,1.2750356201977806,162.45580003156437,-0.054504263598501614,-0.048889714888463665,,,
sample,1779736593.276297,120.93648910522461,1.3619,0.0,-0.01518051722427143,0,5.409394536311671,1.2750356201977806,162.45580003156437,-0.05591900019468182,-0.050605611463018736,,,
sample,1779736593.325764,120.98595595359802,1.442,0.02964287800692783,-0.014801513285059182,0,5.263475403560551,1.2752265520119725,162.60171928923037,-0.055955917661573935,-0.04934198102876933,,,
sample,1779736593.3726606,121.03285264968872,1.442,0.0,-0.014801513285059182,0,5.263475403560551,1.2752265520119725,162.60171928923037,-0.055955917661573935,-0.04934198102876933,,,
sample,1779736593.4231944,121.08338642120361,1.3619,-0.06336066888194591,-0.014631891253165188,0,5.132413652802108,1.2758176877295122,162.73278237309958,-0.05453651197296743,-0.04877645178020073,,,
sample,1779736593.472988,121.1331799030304,1.3619,0.0,-0.014631891253165188,0,5.132413652802108,1.2758176877295122,162.73278237309958,-0.05453651197296743,-0.04877645178020073,,,
sample,1779736593.532272,121.19246411323547,1.442,-0.06774997161224304,-0.01271339453018795,0,4.974637235393845,1.2771630535412783,162.89056452639758,-0.04886267944181432,-0.04238026510497086,,,
sample,1779736593.575144,121.23533606529236,1.442,0.0,-0.01271339453018795,0,4.974637235393845,1.2771630535412783,162.89056452639758,-0.04886267944181432,-0.04238026510497086,,,
sample,1779736593.62555,121.28574204444885,1.3619,0.10287628043805946,-0.015984043968494722,0,4.8585218714592475,1.2674782445188104,163.0070830797162,-0.05923609441049758,-0.05328468453428312,,,
sample,1779736593.6744382,121.33463025093079,1.3619,0.0,-0.01592009466622829,0,4.8585218714592475,1.2674782445188104,163.0070830797162,-0.05865742409711739,-0.053071465940505394,,,
sample,1779736593.723485,121.38367700576782,1.442,0.06047922531279145,-0.0159135104082579,0,4.718322857398039,1.2675308112849761,163.14728210363222,-0.060030139167530805,-0.0530495128527107,,,
sample,1779736593.7724757,121.43266773223877,1.442,0.0,-0.0159135104082579,0,4.718322857398039,1.2675308112849761,163.14728210363222,-0.060030139167530805,-0.0530495128527107,,,
sample,1779736593.8242192,121.48441123962402,1.3619,-0.18821032316893707,-0.01394663376007133,0,4.583954886269643,1.2688898023575057,163.28165694696943,-0.05193490195036817,-0.046491793590449096,,,
sample,1779736593.8722572,121.53244924545288,1.3619,0.0,-0.01394663376007133,0,4.583954886269643,1.2688898023575057,163.28165694696943,-0.05193490195036817,-0.046491793590449096,,,
sample,1779736593.9233296,121.58352160453796,1.442,0.0,-0.018844092053564705,0,4.583954886269643,1.2688898023575057,163.28165694696943,-0.07204797214784789,-0.06282107627190595,,,
sample,1779736593.9723103,121.63250231742859,1.442,0.0,-0.018844092053564705,0,4.583954886269643,1.2688898023575057,163.28165694696943,-0.07204797214784789,-0.06282107627190595,,,
sample,1779736594.024945,121.68513703346252,1.442,0.139505542735152,-0.037457846902209574,0,4.304697736410044,1.2696635620923473,163.56091516878544,-0.14344009100329974,-0.12491791884619415,,,
sample,1779736594.07233,121.73252201080322,1.442,0.0,-0.03754258522170866,0,4.304697736410044,1.2696635620923473,163.56091516878544,-0.14471209552412395,-0.12520077749950165,,,
sample,1779736594.1231244,121.78331637382507,1.3619,-0.07238875204239553,-0.05015533733842762,0,4.165581949401402,1.2705605530601793,163.70003384757385,-0.18629979454364023,-0.16732478639082035,,,
sample,1779736594.1728718,121.83306384086609,1.3619,0.0,-0.05015533733842762,0,4.165581949401402,1.2705605530601793,163.70003384757385,-0.18629979454364023,-0.16732478639082035,,,
sample,1779736594.2230554,121.88324737548828,1.442,-0.11269896588495697,-0.06141942644958309,0,4.038418239850888,1.2856792534731372,163.82809314684113,-0.23525561999581193,-0.20498924980188374,,,
sample,1779736594.2730665,121.93325853347778,1.442,0.0,-0.06141942644958309,0,4.038418239850888,1.2856792534731372,163.82809314684113,-0.23525561999581193,-0.20498924980188374,,,
sample,1779736594.323912,121.98410391807556,1.442,-0.004026854797234479,-0.07242802240600384,0,3.88431135571757,1.2875761108887558,163.98221170446914,-0.2817918861407871,-0.2418497893517875,,,
sample,1779736594.3727586,122.03295063972473,1.442,0.0,-0.07242802240600384,0,3.88431135571757,1.2875761108887558,163.98221170446914,-0.2817918861407871,-0.2418497893517875,,,
sample,1779736594.4229615,122.08315348625183,1.3619,-0.3646620661705482,-0.07694171541873739,0,3.761137116696281,1.2914299027910363,164.1054462161552,-0.2923711884905685,-0.2569796939397867,,,
sample,1779736594.4724784,122.13267040252686,1.3619,-0.013368205403586195,-0.0767731533145336,0,3.7566833480099526,1.2915692492796724,164.10990216419745,-0.29227644632588917,-0.25641448811892065,,,
sample,1779736594.5231771,122.18336915969849,1.442,-0.44814019189648774,-0.08343164989781744,0,3.612116467067732,1.2993830616731716,164.25468005867546,-0.32711259036956336,-0.2787525840673188,,,
sample,1779736594.5753732,122.23556518554688,1.442,0.0,-0.08343164989781744,0,3.612116467067732,1.2993830616731716,164.25468005867546,-0.32711259036956336,-0.2787525840673188,,,
sample,1779736594.6332045,122.29339647293091,1.442,-0.1113284778784468,-0.09788810771987966,0,3.4673354592971157,1.30814364817778,164.39972587242747,-0.38415806790714063,-0.2787525840673188,,,
sample,1779736594.6730044,122.33319640159607,1.442,0.0,-0.09788810771987966,0,3.4673354592971157,1.30814364817778,164.39972587242747,-0.38415806790714063,-0.32733989342840975,,,
sample,1779736594.7236695,122.38386154174805,1.3619,-0.3507178286709798,-0.10219236302762584,0,3.344818415300037,1.330298332046183,164.5242299128723,-0.39113621626920253,-0.3418319883302554,,,
sample,1779736594.7724903,122.4326822757721,1.3619,0.0,-0.10219236302762584,0,3.344818415300037,1.330298332046183,164.5242299128723,-0.39113621626920253,-0.3418319883302554,,,
sample,1779736594.8240838,122.4842758178711,1.442,-0.5871854278968247,-0.11315995009371663,0,3.2473607101345405,1.3777492055763105,164.63262543720285,-0.447530250711592,-0.37881815987045914,,,
sample,1779736594.872608,122.53279995918274,1.442,-0.024266423454345504,-0.11288463750623931,0,3.238731808767898,1.3786994123199932,164.64130649886897,-0.4479634643167823,-0.3778886278342224,,,
sample,1779736594.9235291,122.58372116088867,1.442,-0.3348861317640853,-0.12400555893911232,0,3.0581000383475647,1.4017142171652732,164.82339855725496,-0.49550674676730566,-0.41548373315834336,,,
sample,1779736594.9725742,122.63276624679565,1.442,0.0,-0.12400555893911232,0,3.0581000383475647,1.4017142171652732,164.82339855725496,-0.49550674676730566,-0.41548373315834336,,,
sample,1779736595.0232031,122.68339514732361,1.442,-0.532840879637584,-0.13424290035457737,0,2.961944054528001,1.4166115849060252,164.92070171645295,-0.5395553164049796,-0.45018386699213675,,,
sample,1779736595.073275,122.73346710205078,1.442,0.0,-0.13424290035457737,0,2.961944054528001,1.4166115849060252,164.92070171645295,-0.5395553164049796,-0.45018386699213675,,,
sample,1779736595.1239543,122.78414630889893,1.442,-0.8940547963789348,-0.13534206345202832,0,2.8236825701222243,1.4444971262199795,165.06174724628096,-0.5446919638650326,-0.4539151281194991,,,
sample,1779736595.174087,122.83427906036377,1.442,0.0,-0.13381254325513334,0,2.8236825701222243,1.4444971262199795,165.06174724628096,-0.5425345328743524,-0.4487232625674831,,,
sample,1779736595.22323,122.88342189788818,1.442,-0.9275471614873897,-0.14510581932858355,0,2.68138308794818,1.4800146644966408,165.20841230057897,-0.5902388433379165,-0.4871096847053239,,,
sample,1779736595.2726889,122.93288087844849,1.442,0.0,-0.14510581932858355,0,2.68138308794818,1.4800146644966408,165.20841230057897,-0.5902388433379165,-0.4871096847053239,,,
sample,1779736595.323617,122.98380899429321,1.5221,-1.633203008935484,-0.13238944200455627,0,2.596245724313667,1.5273384917480515,165.30581823116,-0.5468377382480095,-0.4438945499995989,,,
sample,1779736595.3723052,123.03249716758728,1.5221,0.0,-0.13238944200455627,0,2.596245724313667,1.5273384917480515,165.30581823116,-0.5468377382480095,-0.4438945499995989,,,
sample,1779736595.423284,123.08347606658936,1.442,-1.180471470380131,-0.12803222190231694,0,2.458777990458238,1.5835168558573431,165.454322057526,-0.5137849440664324,-0.42912139443916036,,,
sample,1779736595.4722865,123.13247847557068,1.442,0.0,-0.12803222190231694,0,2.458777990458238,1.5835168558573431,165.454322057526,-0.5137849440664324,-0.42912139443916036,,,
sample,1779736595.5237038,123.18389582633972,1.442,-1.08817348928029,-0.12038679107982725,0,2.3518952157323896,1.6356698620274268,165.57325003398938,-0.47268544189129985,-0.40323923438185205,,,
sample,1779736595.5724785,123.232670545578,1.442,-0.20609763621571095,-0.11803631868289957,0,2.3326922781066957,1.6450398557148604,165.594617055194,-0.4667036163398912,-0.39529191413467474,,,
sample,1779736595.6235445,123.28373646736145,1.442,-1.4436053926405261,-0.11499965446846597,0,2.2119750803385667,1.7153939162301102,165.734339407264,-0.45475548317046494,-0.3850310147805351,,,
sample,1779736595.6724443,123.33263635635376,1.442,0.0,-0.11499965446846597,0,2.2119750803385667,1.7153939162301102,165.734339407264,-0.45475548317046494,-0.3850310147805351,,,
sample,1779736595.7238941,123.38408613204956,1.5221,-1.2626230326654329,-0.0992783424830369,0,2.079107793290238,1.8048646063952127,165.8945228033018,-0.3978615211653614,-0.332019340859028,,,
sample,1779736595.7737663,123.43395829200745,1.5221,0.0,-0.0992783424830369,0,2.079107793290238,1.8048646063952127,165.8945228033018,-0.3978615211653614,-0.332019340859028,,,
sample,1779736595.8240056,123.48419761657715,1.442,-2.0184428092079263,-0.07711975385455778,0,2.0419147043776738,1.8533943062395792,165.95566573118265,-0.29838104152998535,-0.2575766908137599,,,
sample,1779736595.8741589,123.5343508720398,1.442,0.0,-0.07711975385455778,0,2.0419147043776738,1.8533943062395792,165.95566573118265,-0.29838104152998535,-0.2575766908137599,,,
sample,1779736595.925438,123.58562994003296,1.442,-1.3671187710698787,-0.06354225980033576,0,1.9533731268952528,1.9393165030029917,166.07904415247148,-0.2454491787192845,-0.21209305984052296,,,
sample,1779736595.974328,123.63452005386353,1.442,-0.12757254671581553,-0.06196303779961313,0,1.9454957947187417,1.9469607951478352,166.09002083524064,-0.24033466709521456,-0.20680820148398502,,,
sample,1779736596.0248911,123.68508315086365,1.5221,-1.653640045823713,-0.02560560699933616,0,1.8371985756731968,2.0712377707650074,166.25486334893642,-0.10072144651498233,-0.08537068182696238,,,
sample,1779736596.073629,123.73382091522217,1.5221,0.0,-0.02560560699933616,0,1.8371985756731968,2.0712377707650074,166.25486334893642,-0.10072144651498233,-0.08537068182696238,,,
sample,1779736596.1230183,123.78321027755737,1.442,-1.2813603734473191,-0.004489383467459603,0,1.7537587179939866,2.1802010594497503,166.39210477173043,-0.01707451369313822,-0.014964712094082564,,,
sample,1779736596.1724677,123.83265972137451,1.442,0.0,-0.004489383467459603,0,1.7537587179939866,2.1802010594497503,166.39210477173043,-0.01707451369313822,-0.014964712094082564,,,
sample,1779736596.2240493,123.88424134254456,1.442,-0.8981132819364138,0.0261627476043118,0,1.6752710338285701,2.2931754780161304,166.52966761488244,0.10023729933739865,0.08722906204431466,,,
sample,1779736596.2780328,123.93822479248047,1.442,0.0,0.0261627476043118,0,1.6752710338285701,2.2931754780161304,166.52966761488244,0.10023729933739865,0.08722906204431466,,,
sample,1779736596.3265648,123.98675680160522,1.3619,-0.5007303980737756,0.04397869360050481,0,1.6012974884954276,2.405703472396981,166.66433251353288,0.10023729933739865,0.08722906204431466,,,
sample,1779736596.372929,124.03312110900879,1.3619,0.0,0.04397869360050481,0,1.6012974884954276,2.405703472396981,166.66433251353288,0.1657014505135156,0.1466902299692722,,,
sample,1779736596.4243424,124.08453440666199,1.442,0.08089584457227851,0.051243599752089905,0,1.5309394398018088,2.4496708196412347,166.74729866711175,0.19719141111214078,0.17096166849651395,,,
sample,1779736596.4729369,124.13312888145447,1.442,0.0,0.04790091492796007,0,1.5309394398018088,2.4496708196412347,166.74729866711175,0.18495525651299716,0.15979194920931472,,,
sample,1779736596.5239375,124.18412947654724,1.3619,0.1303394386438975,0.056819260598271505,0,1.459085123543997,2.5337908541169623,166.8579296888239,0.2129303077242928,0.18960161767011216,,,
sample,1779736596.5731642,124.2333562374115,1.3619,0.0,0.056819260598271505,0,1.459085123543997,2.5337908541169623,166.8579296888239,0.2129303077242928,0.18960161767011216,,,
sample,1779736596.6238003,124.28399229049683,1.3619,0.3642577605686555,0.08279701306573355,0,1.379130420600437,2.647669803493589,166.9970741088842,0.31468754496898343,0.27662244676870834,,,
sample,1779736596.6730072,124.33319926261902,1.3619,0.0,0.08279701306573355,0,1.379130420600437,2.647669803493589,166.9970741088842,0.31468754496898343,0.27662244676870834,,,
sample,1779736596.726547,124.38673901557922,1.442,0.45681234705976254,0.1285819648887734,0,1.2917659916041624,2.7658476967478345,167.1440385872722,0.5165126431426701,0.4309843728498601,,,
sample,1779736596.775085,124.43527698516846,1.442,0.0,0.1285819648887734,0,1.2917659916041624,2.7658476967478345,167.1440385872722,0.5165126431426701,0.4309843728498601,,,
sample,1779736596.8247335,124.48492550849915,1.3619,0.4257948957200804,0.1462486431450384,0,1.2034726990361897,2.880146265819114,167.2884680455009,0.5842652655513138,0.49100109834924527,,,
sample,1779736596.88262,124.54281210899353,1.3619,0.0,0.1462486431450384,0,1.2034726990361897,2.880146265819114,167.2884680455009,0.5842652655513138,0.49100109834924527,,,
sample,1779736596.9241867,124.58437871932983,1.3619,0.28084007688991053,0.15169229500848808,0,1.1785909592223607,2.90991228018528,167.32726387758902,0.6096018690875319,0.5095553756871732,,,
sample,1779736596.9734466,124.63363862037659,1.3619,0.0,0.15169229500848808,0,1.1785909592223607,2.90991228018528,167.32726387758902,0.6096018690875319,0.5095553756871732,,,
sample,1779736597.024751,124.68494296073914,1.2818,2.5606757334916663,0.15837289795394424,0,0.9857289079842416,3.020799017062943,167.54973104195975,0.6163471777704383,0.5323680677273568,,,
sample,1779736597.0727262,124.73291826248169,1.2818,0.0,0.1562937576779367,0,0.9857289079842416,3.020799017062943,167.54973104195975,0.6150878744847964,0.5252631708214468,,,
sample,1779736597.129081,124.78927302360535,1.3619,1.2221153979386756,0.19285031619998852,0,0.8809475346206621,3.109260180068922,167.68686059225556,0.8107411843894096,0.650924024432147,,,
sample,1779736597.17263,124.83282208442688,1.3619,0.0,0.19285031619998852,0,0.8809475346206621,3.109260180068922,167.68686059225556,0.8107411843894096,0.650924024432147,,,
sample,1779736597.2251666,124.88535857200623,1.2818,1.3523309816386118,0.20190794677755744,0,0.7788916951110754,3.1836857334688635,167.81317194319794,0.819209108635434,0.6823238445336206,,,
sample,1779736597.2724886,124.93268060684204,1.2818,0.0,0.20190794677755744,0,0.7788916951110754,3.1836857334688635,167.81317194319794,0.819209108635434,0.6823238445336206,,,
sample,1779736597.3282034,124.98839545249939,1.2818,1.5023055406408186,0.20115649387824636,0,0.6669684721131788,3.251752686185922,167.94416781297414,0.8427221954717594,0.6797144471853948,,,
sample,1779736597.3844976,125.04468965530396,1.2818,0.0,0.20115649387824636,0,0.6669684721131788,3.251752686185922,167.94416781297414,0.8427221954717594,0.6797144471853948,,,
sample,1779736597.4259558,125.08614778518677,1.2818,1.5179220981164783,0.21069263551991638,0,0.575702521451189,3.2976821035717476,168.0463391647888,0.8991946569600768,0.7128888438610688,,,
sample,1779736597.479557,125.13974905014038,1.2818,0.0,0.21069263551991638,0,0.575702521451189,3.2976821035717476,168.0463391647888,0.8991946569600768,0.7128888438610688,,,
sample,1779736597.5243242,125.18451619148254,1.2818,0.0,0.21069263551991638,0,0.575702521451189,3.2976821035717476,168.0463391647888,0.8991946569600768,0.7128888438610688,,,
sample,1779736597.5734928,125.2336847782135,1.2818,0.0,0.21069263551991638,0,0.575702521451189,3.2976821035717476,168.0463391647888,0.8991946569600768,0.7128888438610688,,,
sample,1779736597.627027,125.28721904754639,1.2818,4.544419991230606,0.21410767474509718,0,0.2896722810187964,3.3887612773199263,168.34652030065925,0.9145195342718146,0.7248017226237505,,,
sample,1779736597.672743,125.33293509483337,1.2818,0.0,0.21410767474509718,0,0.2896722810187964,3.3887612773199263,168.34652030065925,0.9145195342718146,0.7248017226237505,,,
sample,1779736597.7234716,125.38366365432739,1.2818,2.1942729677983235,0.21256482003631114,0,0.1644786652802327,3.4037340747750795,168.47260608925308,0.8964623505789349,0.7194175197620889,,,
sample,1779736597.7732701,125.43346214294434,1.2818,0.0,0.21256482003631114,0,0.1644786652802327,3.4037340747750795,168.47260608925308,0.8964623505789349,0.7194175197620889,,,
sample,1779736597.8263845,125.48657655715942,1.2818,2.012149300733436,0.2085457271097476,0,0.03582351811712087,3.406564592328864,168.60129236948987,0.8734970009940626,0.7054085811582119,,,
sample,1779736597.8745012,125.53469324111938,1.2818,0.0,0.20566630504020725,0,0.03582351811712087,3.406564592328864,168.60129236948987,0.863624239128858,0.6953867454880347,,,
sample,1779736597.9301813,125.59037327766418,1.2818,1.6770678975120192,0.22021539006095636,0,-0.09515749535527501,3.397199001031346,168.73260779200606,0.9559563477582023,0.7461519773195292,,,
sample,1779736597.9817228,125.64191484451294,1.2818,0.0,0.22021539006095636,0,-0.09515749535527501,3.397199001031346,168.73260779200606,0.9559563477582023,0.7461519773195292,,,
sample,1779736598.0249987,125.68519067764282,1.2818,0.42289006034448545,0.22309562934470065,0,-0.11584762895494755,3.393462421838218,168.75363262618944,0.9562896919068143,0.7562403728308483,,,
sample,1779736598.077353,125.73754501342773,1.2818,1.788206093757191,0.22433172467146037,0,-0.26712303173752805,3.3881269058849828,168.90500209212468,0.9830217410417346,0.7605739847831051,,,
sample,1779736598.1263275,125.7865195274353,1.2017,2.0200863186812903,0.22962179798766089,0,-0.4259909714019596,3.3607369135975422,169.0662138594704,0.9774879587069226,0.7791482047736267,,,
sample,1779736598.178693,125.83888506889343,1.2017,0.0,0.22962179798766089,0,-0.4259909714019596,3.3607369135975422,169.0662138594704,0.9774879587069226,0.7791482047736267,,,
sample,1779736598.2312527,125.89144468307495,1.2818,1.8269032097020683,0.2226775154595987,0,-0.5430882517621686,3.3142032292812456,169.1922184500368,0.9540597437809497,0.7547750630552944,,,
sample,1779736598.2790122,125.93920421600342,1.2818,0.0,0.22028385851249277,0,-0.5430882517621686,3.3142032292812456,169.1922184500368,0.945947308121148,0.7463916449596013,,,
sample,1779736598.3304913,125.99068331718445,1.2818,1.894517266478372,0.22023585469536178,0,-0.6699276375846909,3.2488472653697156,169.3349056317128,0.9518938485415329,0.7462236111568998,,,
sample,1779736598.3761318,126.03632378578186,1.2818,0.0,0.22023585469536178,0,-0.6699276375846909,3.2488472653697156,169.3349056317128,0.9518938485415329,0.7462236111568998,,,
sample,1779736598.4249372,126.08512926101685,1.2017,2.1840814753980795,0.21325006130397048,0,-0.7554587484592028,3.192518526302849,169.43731899886907,0.8810278415203247,0.721808407652684,,,
sample,1779736598.4733055,126.13349747657776,1.2017,0.0,0.21325006130397048,0,-0.7554587484592028,3.192518526302849,169.43731899886907,0.8810278415203247,0.721808407652684,,,
sample,1779736598.5242472,126.1844391822815,1.2818,1.1972870062992917,0.21710826494009788,0,-0.8129182116584859,3.145189498438575,169.51176110247803,0.9173832647731669,0.7352834570032645,,,
sample,1779736598.5760462,126.23623824119568,1.2818,0.0,0.21710826494009788,0,-0.8129182116584859,3.145189498438575,169.51176110247803,0.9173832647731669,0.7352834570032645,,,
sample,1779736598.6348753,126.29506731033325,1.2017,0.0,0.22824123639288982,0,-0.8129182116584859,3.145189498438575,169.51176110247803,0.9173832647731669,0.7742964653028512,,,
sample,1779736598.684469,126.34466099739075,1.2017,0.0,0.22824123639288982,0,-0.8129182116584859,3.145189498438575,169.51176110247803,0.9173832647731669,0.7742964653028512,,,
sample,1779736598.7274077,126.38759970664978,1.2818,6.998869972567127,0.21710826494009788,0,-1.0716222207886879,2.9648258839535546,169.82713199170234,0.9173832647731669,0.7352834570032645,,,
sample,1779736598.7764304,126.43662238121033,1.2818,0.0,0.19219307917146028,0,-1.0716222207886879,2.9648258839535546,169.82713199170234,0.7782376420495041,0.6486499840578074,,,
sample,1779736598.827465,126.48765707015991,1.2818,2.102209313165983,0.18820217720565752,0,-1.1551240824703215,2.83764802704891,169.97927261149587,0.7538998336652225,0.6348538706819568,,,
sample,1779736598.8743386,126.53453063964844,1.2818,0.0,0.18820217720565752,0,-1.1551240824703215,2.83764802704891,169.97927261149587,0.7538998336652225,0.6348538706819568,,,
sample,1779736598.925059,126.58525109291077,1.2017,2.039926986071285,0.18610925471877549,0,-1.2059964210778822,2.7225425024994148,170.10511885346287,0.7180083327204165,0.6276272733442572,,,
sample,1779736598.9740596,126.63425159454346,1.2017,0.0,0.18395356899683746,0,-1.2059964210778822,2.7225425024994148,170.10511885346287,0.7018796433365975,0.6201899137763303,,,
sample,1779736599.0243495,126.68454146385193,1.2818,1.955830843125657,0.16935863108994917,0,-1.2386216391697005,2.623359661865946,170.20952977593586,0.6601622391020798,0.5699887574540815,,,
sample,1779736599.0729065,126.73309850692749,1.2818,0.0,0.16935863108994917,0,-1.2386216391697005,2.623359661865946,170.20952977593586,0.6601622391020798,0.5699887574540815,,,
sample,1779736599.12337,126.78356194496155,1.2017,2.2895443159484934,0.16157583693078909,0,-1.34110564357059,2.53691261268306,170.34360461873072,0.6017199831551253,0.5433225011190046,,,
sample,1779736599.1727948,126.83298683166504,1.2017,0.0,0.16157583693078909,0,-1.34110564357059,2.53691261268306,170.34360461873072,0.6017199831551253,0.5433225011190046,,,
sample,1779736599.2233005,126.8834924697876,1.2818,2.0476084389580618,0.14329176551828424,0,-1.354094717242535,2.405922271147542,170.47523738672731,0.5506769336665953,0.4809353393284402,,,
sample,1779736599.2726777,126.93286967277527,1.2818,0.0,0.14329176551828424,0,-1.354094717242535,2.405922271147542,170.47523738672731,0.5506769336665953,0.4809353393284402,,,
sample,1779736599.3240592,126.98425126075745,1.2818,2.052418803193913,0.134494878151898,0,-1.353305885319716,2.2867488577350445,170.59441341082692,0.5017244419922505,0.45103914227004654,,,
sample,1779736599.3739634,127.03415536880493,1.2818,0.0,0.13034761244632304,0,-1.353305885319716,2.2867488577350445,170.59441341082692,0.48868363216621963,0.43696962670298056,,,
sample,1779736599.423598,127.08379006385803,1.2818,1.7168675173310624,0.12013434180290145,0,-1.3380032043230852,2.133782028519458,170.74814376855093,0.44793344579704736,0.40238544822981787,,,
sample,1779736599.4742742,127.13446617126465,1.2818,0.15534308540959332,0.1181809367199385,0,-1.3365895586841274,2.1196511130887927,170.76234521794532,0.4427742508955296,0.39578076186290606,,,
sample,1779736599.525472,127.18566393852234,1.2818,1.8760360873353414,0.11198797147104717,0,-1.3184689447803675,2.028269362779947,170.85550626633872,0.4187362082850823,0.37486163481561047,,,
sample,1779736599.5727735,127.23296546936035,1.2818,0.0,0.11198797147104717,0,-1.3184689447803675,2.028269362779947,170.85550626633872,0.4187362082850823,0.37486163481561047,,,
sample,1779736599.6233506,127.28354263305664,1.2818,0.0,0.11198797147104717,0,-1.3184689447803675,2.028269362779947,170.85550626633872,0.4187362082850823,0.37486163481561047,,,
sample,1779736599.6724727,127.33266472816467,1.2818,0.0,0.11198797147104717,0,-1.3184689447803675,2.028269362779947,170.85550626633872,0.4187362082850823,0.37486163481561047,,,
sample,1779736599.7244735,127.38466548919678,1.2818,2.9483120497055992,0.11593969704656439,0,-1.3074967545048903,1.7392904585527276,171.14469339614882,0.43401791836131565,0.38820664387618764,,,
sample,1779736599.772707,127.4328989982605,1.2818,0.2203382168262249,0.11329776576766482,0,-1.3004470807681638,1.7205442510557623,171.16472133152203,0.4271131619993544,0.3792834858382195,,,
sample,1779736599.8234053,127.48359727859497,1.2818,1.3231661006998554,0.10512262037698471,0,-1.2491398346224372,1.6077142109755902,171.28866910863624,0.39586094831165164,0.35170522734997944,,,
sample,1779736599.8729727,127.53316473960876,1.2818,0.0,0.10512262037698471,0,-1.2491398346224372,1.6077142109755902,171.28866910863624,0.39586094831165164,0.35170522734997944,,,
sample,1779736599.9240785,127.58427047729492,1.2818,1.190981668666239,0.11145332460034815,0,-1.180941424529436,1.4791275279048848,171.43422170463623,0.4179873281333063,0.37305704813660956,,,
sample,1779736599.9730017,127.63319373130798,1.2818,0.0,0.11145332460034815,0,-1.180941424529436,1.4791275279048848,171.43422170463623,0.4179873281333063,0.37305704813660956,,,
sample,1779736600.023322,127.68351411819458,1.2818,1.2122468087013658,0.10334132821261285,0,-1.1099841733242324,1.3630412475239315,171.57027667878742,0.38875029681068357,0.3457026067097782,,,
sample,1779736600.0777192,127.73791122436523,1.2818,0.0,0.10334132821261285,0,-1.1099841733242324,1.3630412475239315,171.57027667878742,0.38875029681068357,0.3457026067097782,,,
sample,1779736600.123536,127.78372812271118,1.2818,-0.6909912144983198,0.1075723289971399,0,-1.0320885483437006,1.314005203864809,171.6623215698398,0.4018976027992438,0.3599639800961395,,,
sample,1779736600.172546,127.83273792266846,1.2818,0.10354789468695728,0.12062223246057499,0,-1.025629624654218,1.3027782426486316,171.67527388057482,0.4547147428177941,0.4040355466427858,,,
sample,1779736600.2242584,127.88445043563843,1.3619,0.8957755781110317,0.12036601127520641,0,-0.9391979521297394,1.1674525807973168,171.83584619690262,0.467551418065797,0.4031689548925155,,,
sample,1779736600.2726038,127.93279576301575,1.3619,0.0,0.12036601127520641,0,-0.9391979521297394,1.1674525807973168,171.83584619690262,0.467551418065797,0.4031689548925155,,,
sample,1779736600.324171,127.98436307907104,1.2818,1.0209764373256254,0.11826679198281925,0,-0.87277762291174,1.0746183992771399,171.9499945450814,0.4472502328927748,0.3960709836043542,,,
sample,1779736600.372493,128.0326850414276,1.2818,0.0,0.11826679198281925,0,-0.87277762291174,1.0746183992771399,171.9499945450814,0.4472502328927748,0.3960709836043542,,,
sample,1779736600.4248033,128.0849952697754,1.3619,1.1189884949556135,0.11684731030422507,0,-0.7901873370781457,0.97239634705077,172.0814118319026,0.45453451164798536,0.39127338079839236,,,
sample,1779736600.4725866,128.13277864456177,1.3619,0.0,0.11685711676562284,0,-0.7901873370781457,0.97239634705077,172.0814118319026,0.453161919565874,0.39130651943684464,,,
sample,1779736600.5244586,128.18465065956116,1.2818,1.0890121062965101,0.1130694115111796,0,-0.7118254347909557,0.8858935281365039,172.1981308338268,0.42671019097313073,0.3785124699669872,,,
sample,1779736600.5740726,128.23426461219788,1.2818,0.0,0.1130694115111796,0,-0.7118254347909557,0.8858935281365039,172.1981308338268,0.42671019097313073,0.3785124699669872,,,
sample,1779736600.6240394,128.28423142433167,1.2818,1.1076037343992755,0.11219316773729955,0,-0.6154769112722491,0.7906950912871978,172.3335774298076,0.42029723658685414,0.37555428869368745,,,
sample,1779736600.6731353,128.333327293396,1.2818,0.0,0.11219316773729955,0,-0.6154769112722491,0.7906950912871978,172.3335774298076,0.42029723658685414,0.37555428869368745,,,
sample,1779736600.7236037,128.38379573822021,1.3619,0.9215788488039425,0.10775437848667459,0,-0.536726233966499,0.6697222522425551,172.47792457028027,0.42862575596545893,0.3605779004718209,,,
sample,1779736600.7727668,128.43295884132385,1.3619,0.0,0.10775437848667459,0,-0.536726233966499,0.6697222522425551,172.47792457028027,0.42862575596545893,0.3605779004718209,,,
sample,1779736600.8230226,128.4832146167755,1.3619,1.232257873792947,0.09775426666288506,0,-0.40535620077494094,0.5654393701340462,172.64565353355616,0.4065093271561148,0.32688946011209713,,,
sample,1779736600.8731053,128.53329730033875,1.3619,0.0,0.09304603042467263,0,-0.40535620077494094,0.5654393701340462,172.64565353355616,0.396082262510443,0.31105160297073337,,,
sample,1779736600.9227831,128.58297514915466,1.2818,0.9301520123301474,0.08686408786324809,0,-0.30739184688596666,0.4958941139150731,172.76579327425608,0.37073553756797634,0.2902774105234031,,,
sample,1779736600.9725752,128.63276720046997,1.2818,0.14872854871670582,0.08521491877020444,0,-0.2916916273293594,0.4847484701332967,172.78504742366434,0.3669012024294807,0.2847392823717741,,,
sample,1779736601.0232902,128.68348217010498,1.3619,1.0358816665185488,0.0698991541647506,0,-0.21366523910157775,0.43530576136482313,172.87742003167253,0.32998823583616477,0.23337738996558324,,,
sample,1779736601.072664,128.73285603523254,1.3619,0.0,0.0698991541647506,0,-0.21366523910157775,0.43530576136482313,172.87742003167253,0.32998823583616477,0.23337738996558324,,,
sample,1779736601.1250758,128.78526782989502,1.2818,1.077699935880463,0.06130136476177312,0,-0.09616047318391369,0.36983692077202335,173.01193225826154,0.2948859153960682,0.20459422540209887,,,
sample,1779736601.173449,128.8336410522461,1.2818,0.0,0.06130136476177312,0,-0.09616047318391369,0.36983692077202335,173.01193225826154,0.2948859153960682,0.20459422540209887,,,
sample,1779736601.225285,128.88547706604004,1.3619,0.7535622228574206,0.055214484106775805,0,-0.01966500896982165,0.2887624347824871,173.12339807510148,0.29501689391378905,0.18423554098605843,,,
sample,1779736601.2731774,128.93336939811707,1.3619,0.0,0.055214484106775805,0,-0.01966500896982165,0.2887624347824871,173.12339807510148,0.29501689391378905,0.18423554098605843,,,
sample,1779736601.3231316,128.98332357406616,1.2818,1.2354935396645506,0.0,0,0.11939821216487823,0.22748873977843662,173.2753620352098,0.29501689391378905,0.18423554098605843,,,
sample,1779736601.3707848,129.03097677230835,1.2818,0.0,0.0,0,0.11939821216487823,0.22748873977843662,173.2753620352098,0.29501689391378905,0.18423554098605843,,,
sample,1779736601.4210715,129.0812635421753,1.3619,0.6554509621512914,0.0,0,0.24508932696655228,0.178073940601786,173.4104178707659,0.29501689391378905,0.18423554098605843,,,
sample,1779736601.4708796,129.1310715675354,1.3619,0.0,0.0,0,0.24508932696655228,0.178073940601786,173.4104178707659,0.29501689391378905,0.18423554098605843,,,
sample,1779736601.5209067,129.1810986995697,1.3619,0.57059228815565,0.0,0,0.3713120689334335,0.13256501027515843,173.54459403604542,0.29501689391378905,0.18423554098605843,,,
sample,1779736601.570988,129.23117995262146,1.3619,0.0,0.0,0,0.3713120689334335,0.13256501027515843,173.54459403604542,0.29501689391378905,0.18423554098605843,,,
sample,1779736601.6209946,129.28118658065796,1.2818,0.4960423736701945,0.0,0,0.48089361429356353,0.09629727710519727,173.66002134456815,0.29501689391378905,0.18423554098605843,,,
sample,1779736601.671088,129.33127999305725,1.2818,0.032220777317942505,0.0,0,0.4880239126626072,0.0939373928945775,173.66753201752863,0.29501689391378905,0.18423554098605843,,,
sample,1779736601.72107,129.3812620639801,1.1215,0.24323849941869521,0.0,0,0.5961659676013484,0.05959906560473431,173.78099489589613,0.29501689391378905,0.18423554098605843,,,
sample,1779736601.7710078,129.43119978904724,1.1215,0.0,0.0,0,0.5961659676013484,0.05959906560473431,173.78099489589613,0.29501689391378905,0.18423554098605843,,,
sample,1779736601.8209794,129.4811713695526,1.1215,-0.1303038584006505,0.0,0,0.6797746440293924,-0.01128195483895406,173.89060570664574,0.29501689391378905,0.18423554098605843,,,
sample,1779736601.8709972,129.53118920326233,1.1215,0.0,0.0,0,0.6797746440293924,-0.01128195483895406,173.89060570664574,0.29501689391378905,0.18423554098605843,,,
sample,1779736601.921006,129.58119797706604,0.9613,0.11432243326760885,0.0,0,0.7703138838089121,-0.040110056059702,173.98562366999926,0.29501689391378905,0.18423554098605843,,,
sample,1779736601.9708812,129.63107323646545,0.9613,0.0,0.0,0,0.7703138838089121,-0.040110056059702,173.98562366999926,0.29501689391378905,0.18423554098605843,,,
sample,1779736602.0211103,129.68130230903625,0.8011,0.056664748197214156,0.0,0,0.8461615559224107,-0.0640169571212227,174.06514982471205,0.29501689391378905,0.18423554098605843,,,
sample,1779736602.0708072,129.7309992313385,0.8011,0.001396837715371187,0.0,0,0.8480114615782446,-0.06460004042826199,174.06708944763378,0.29501689391378905,0.18423554098605843,,,
sample,1779736602.1210043,129.7811963558197,0.721,0.11697882524309235,0.0,0,0.9162063548077792,-0.08565539890985573,174.13846081152278,0.29501689391378905,0.18423554098605843,,,
sample,1779736602.1707702,129.8309621810913,0.721,0.0,0.0,0,0.9162063548077792,-0.08565539890985573,174.13846081152278,0.29501689391378905,0.18423554098605843,,,
sample,1779736602.2210765,129.88126850128174,0.6409,0.04172810844938001,0.0,0,0.9790820563142559,-0.10492396586367982,174.20422274209346,0.29501689391378905,0.18423554098605843,,,
sample,1779736602.2711911,129.93138313293457,0.6409,0.0,0.0,0,0.9790820563142559,-0.10492396586367982,174.20422274209346,0.29501689391378905,0.18423554098605843,,,
sample,1779736602.3211823,129.98137426376343,0.4807,0.041143880558241065,0.0,0,1.0094943629909126,-0.11413903111374744,174.23600049885755,0.29501689391378905,0.18423554098605843,,,
sample,1779736602.3712451,130.0314371585846,0.4807,-0.12309723002353679,0.0,0,1.0039269534821653,-0.116291126522606,174.2419693817754,0.29501689391378905,0.18423554098605843,,,
sample,1779736602.4210463,130.0812382698059,0.4006,-0.25071674233512,0.0,0,0.980602829190592,-0.12069904244087853,174.2657063676142,0.29501689391378905,0.18423554098605843,,,
sample,1779736602.47102,130.1312119960785,0.4006,0.0,0.0,0,0.980602829190592,-0.12069904244087853,174.2657063676142,0.29501689391378905,0.18423554098605843,,,
sample,1779736602.5212507,130.18144273757935,0.4006,0.03076514359210414,0.0,0,1.0193470119534194,-0.1334360981578619,174.30649048567867,0.29501689391378905,0.18423554098605843,,,
sample,1779736602.5709631,130.23115515708923,0.4006,0.0,0.0,0,1.0193470119534194,-0.1334360981578619,174.30649048567867,0.29501689391378905,0.18423554098605843,,,
sample,1779736602.6210709,130.28126287460327,0.2403,0.1800999095905455,0.0,0,1.0410526617433518,-0.1402311540713851,174.32923489197276,0.29501689391378905,0.18423554098605843,,,
sample,1779736602.6709793,130.33117127418518,0.2403,0.0,0.0,0,1.0410526617433518,-0.1402311540713851,174.32923489197276,0.29501689391378905,0.18423554098605843,,,
sample,1779736602.7211342,130.38132619857788,0.3204,0.1434035720579545,0.0,0,1.063352227813012,-0.14697484813365608,174.3525318457758,0.29501689391378905,0.18423554098605843,,,
sample,1779736602.7708838,130.4310758113861,0.3204,0.05081520964553501,0.0,0,1.0711902464074592,-0.14934517225970523,174.36072043368515,0.29501689391378905,0.18423554098605843,,,
sample,1779736602.8211858,130.48137784004211,0.1602,0.045324761775420955,0.0,0,1.0864789336330998,-0.15393066180707665,174.37668197093794,0.29501689391378905,0.18423554098605843,,,
sample,1779736602.8708768,130.53106880187988,0.1602,0.0,0.0,0,1.0864789336330998,-0.15393066180707665,174.37668197093794,0.29501689391378905,0.18423554098605843,,,
sample,1779736602.92116,130.58135199546814,0.1602,-0.09913070230216824,0.0,0,1.101878343884206,-0.15863315120572136,174.39278337592714,0.29501689391378905,0.18423554098605843,,,
sample,1779736602.9708872,130.63107919692993,0.1602,0.0,0.0,0,1.101878343884206,-0.15863315120572136,174.39278337592714,0.29501689391378905,0.18423554098605843,,,
sample,1779736603.021079,130.6812710762024,0.0801,0.051725246740503376,0.0,0,1.1100502836126975,-0.1611054253714776,174.40132110035913,0.29501689391378905,0.18423554098605843,,,
sample,1779736603.0711343,130.73132634162903,0.0801,0.0,0.0,0,1.1100502836126975,-0.1611054253714776,174.40132110035913,0.29501689391378905,0.18423554098605843,,,
sample,1779736603.1210515,130.78124356269836,0.0801,0.0,0.0,0,1.1165921886896677,-0.16308456171535357,174.40815582805698,0.29501689391378905,0.18423554098605843,,,
sample,1779736603.171214,130.8314061164856,0.0801,0.0,0.0,0,1.1171191151486477,-0.16324397388860398,174.40870634030404,0.29501689391378905,0.18423554098605843,,,
sample,1779736603.2212188,130.88141083717346,0.0,0.0,0.0,0,1.1171191151486477,-0.163243973888604,174.40870634030404,0.29501689391378905,0.18423554098605843,,,
sample,1779736603.271283,130.93147492408752,0.0,0.0,0.0,0,1.1171191151486477,-0.163243973888604,174.40870634030404,0.29501689391378905,0.18423554098605843,,,
sample,1779736603.3208857,130.98107767105103,0.0,0.0,0.0,0,1.1171191151486477,-0.163243973888604,174.40870634030404,0.29501689391378905,0.18423554098605843,,,
sample,1779736603.3708491,131.0310411453247,0.0,0.0,0.0,0,1.1171191151486477,-0.163243973888604,174.40870634030404,0.29501689391378905,0.18423554098605843,,,
sample,1779736603.4210749,131.0812668800354,0.0,0.0,0.0,0,1.1171191151486477,-0.163243973888604,174.40870634030404,0.29501689391378905,0.18423554098605843,,,
sample,1779736603.4709735,131.13116550445557,0.0,0.0,0.0,0,1.1171191151486477,-0.163243973888604,174.40870634030404,0.29501689391378905,0.18423554098605843,,,
sample,1779736603.5211184,131.18131041526794,0.0,0.0,0.0,0,1.1171191151486477,-0.163243973888604,174.40870634030404,0.29501689391378905,0.18423554098605843,,,
sample,1779736603.5708773,131.23106932640076,0.0,0.0,0.0,0,1.1171191151486477,-0.163243973888604,174.40870634030404,0.29501689391378905,0.18423554098605843,,,
sample,1779736603.6211553,131.28134727478027,0.0,0.0,0.0,0,1.1171191151486477,-0.163243973888604,174.40870634030404,0.29501689391378905,0.18423554098605843,,,
sample,1779736603.6708827,131.33107471466064,0.0,0.0,0.0,0,1.1171191151486477,-0.163243973888604,174.40870634030404,0.29501689391378905,0.18423554098605843,,,
sample,1779736603.7210236,131.38121557235718,0.0,0.0,0.0,0,1.1171191151486477,-0.163243973888604,174.40870634030404,0.29501689391378905,0.18423554098605843,,,
sample,1779736603.7708035,131.43099546432495,0.0,0.0,0.0,0,1.1171191151486477,-0.163243973888604,174.40870634030404,0.29501689391378905,0.18423554098605843,,,
sample,1779736603.8209176,131.48110961914062,0.0,0.0,0.0,0,1.1171191151486477,-0.163243973888604,174.40870634030404,0.29501689391378905,0.18423554098605843,,,
sample,1779736603.8709233,131.5311152935028,0.0,0.0,0.0,0,1.1171191151486477,-0.163243973888604,174.40870634030404,0.29501689391378905,0.18423554098605843,,,
sample,1779736603.9208748,131.58106684684753,0.0,0.0,0.0,0,1.1171191151486477,-0.163243973888604,174.40870634030404,0.29501689391378905,0.18423554098605843,,,
sample,1779736603.9709666,131.63115859031677,0.0,0.0,0.0,0,1.1171191151486477,-0.163243973888604,174.40870634030404,0.29501689391378905,0.18423554098605843,,,
sample,1779736604.0207846,131.6809766292572,0.0,0.0,0.0,0,1.1171191151486477,-0.163243973888604,174.40870634030404,0.29501689391378905,0.18423554098605843,,,
sample,1779736604.0709314,131.7311234474182,0.0,0.0,0.0,0,1.1171191151486477,-0.163243973888604,174.40870634030404,0.29501689391378905,0.18423554098605843,,,
sample,1779736604.1207867,131.78097867965698,0.0,0.0,0.0,0,1.1171191151486477,-0.163243973888604,174.40870634030404,0.29501689391378905,0.18423554098605843,,,
sample,1779736604.1709628,131.83115482330322,0.0,0.0,0.0,0,1.1171191151486477,-0.163243973888604,174.40870634030404,0.29501689391378905,0.18423554098605843,,,
sample,1779736604.221013,131.8812050819397,0.0,0.0,0.0,0,1.1171191151486477,-0.163243973888604,174.40870634030404,0.29501689391378905,0.18423554098605843,,,
sample,1779736604.2709684,131.9311604499817,0.0,0.0,0.0,0,1.1171191151486477,-0.163243973888604,174.40870634030404,0.29501689391378905,0.18423554098605843,,,
sample,1779736604.3211617,131.98135375976562,0.0,0.0,0.0,0,1.1171191151486477,-0.163243973888604,174.40870634030404,0.29501689391378905,0.18423554098605843,,,
sample,1779736604.3708055,132.03099751472473,0.0,0.0,0.0,0,1.1171191151486477,-0.163243973888604,174.40870634030404,0.29501689391378905,0.18423554098605843,,,
sample,1779736604.42104,132.08123207092285,0.0,0.0,0.0,0,1.1171191151486477,-0.163243973888604,174.40870634030404,0.29501689391378905,0.18423554098605843,,,
sample,1779736604.4709668,132.13115882873535,0.0,0.0,0.0,0,1.1171191151486477,-0.163243973888604,174.40870634030404,0.29501689391378905,0.18423554098605843,,,
sample,1779736604.5212142,132.18140625953674,0.0,0.0,0.0,0,1.1171191151486477,-0.163243973888604,174.40870634030404,0.29501689391378905,0.18423554098605843,,,
sample,1779736604.5709774,132.23116946220398,0.0,0.0,0.0,0,1.1171191151486477,-0.163243973888604,174.40870634030404,0.29501689391378905,0.18423554098605843,,,
sample,1779736604.6211197,132.281311750412,0.0,0.0,0.0,0,1.1171191151486477,-0.163243973888604,174.40870634030404,0.29501689391378905,0.18423554098605843,,,
sample,1779736604.6712873,132.33147931098938,0.0,0.0,0.0,0,1.1171191151486477,-0.163243973888604,174.40870634030404,0.29501689391378905,0.18423554098605843,,,
sample,1779736604.72112,132.3813121318817,0.0,0.0,0.0,0,1.1171191151486477,-0.163243973888604,174.40870634030404,0.29501689391378905,0.18423554098605843,,,
sample,1779736604.771372,132.4315640926361,0.0,0.0,0.0,0,1.1171191151486477,-0.163243973888604,174.40870634030404,0.29501689391378905,0.18423554098605843,,,
sample,1779736604.821021,132.48121309280396,0.0,0.0,0.0,0,1.1171191151486477,-0.163243973888604,174.40870634030404,0.29501689391378905,0.18423554098605843,,,
sample,1779736604.8709633,132.5311553478241,0.0,0.0,0.0,0,1.1171191151486477,-0.163243973888604,174.40870634030404,0.29501689391378905,0.18423554098605843,,,
sample,1779736604.9209526,132.58114457130432,0.0,0.0,0.0,0,1.1171191151486477,-0.163243973888604,174.40870634030404,0.29501689391378905,0.18423554098605843,,,
sample,1779736604.9708598,132.63105177879333,0.0,0.0,0.0,0,1.1171191151486477,-0.163243973888604,174.40870634030404,0.29501689391378905,0.18423554098605843,,,
sample,1779736605.0209846,132.68117666244507,0.0,0.0,0.0,0,1.1171191151486477,-0.163243973888604,174.40870634030404,0.29501689391378905,0.18423554098605843,,,
sample,1779736605.0709195,132.73111152648926,0.0,0.0,0.0,0,1.1171191151486477,-0.163243973888604,174.40870634030404,0.29501689391378905,0.18423554098605843,,,
sample,1779736605.1209939,132.78118586540222,0.0,0.0,0.0,0,1.1171191151486477,-0.163243973888604,174.40870634030404,0.29501689391378905,0.18423554098605843,,,
sample,1779736605.1708355,132.83102750778198,0.0,0.0,0.0,0,1.1171191151486477,-0.163243973888604,174.40870634030404,0.29501689391378905,0.18423554098605843,,,
sample,1779736605.2209806,132.88117265701294,0.0,0.0,0.0,0,1.1171191151486477,-0.163243973888604,174.40870634030404,0.29501689391378905,0.18423554098605843,,,
sample,1779736605.27097,132.93116211891174,0.0,0.0,0.0,0,1.1171191151486477,-0.163243973888604,174.40870634030404,0.29501689391378905,0.18423554098605843,,,
sample,1779736605.320995,132.98118710517883,0.0,0.0,0.0,0,1.1171191151486477,-0.163243973888604,174.40870634030404,0.29501689391378905,0.18423554098605843,,,
sample,1779736605.3707995,133.03099155426025,0.0,0.0,0.0,0,1.1171191151486477,-0.163243973888604,174.40870634030404,0.29501689391378905,0.18423554098605843,,,
sample,1779736605.4209926,133.0811846256256,0.0,0.0,0.0,0,1.1171191151486477,-0.163243973888604,174.40870634030404,0.29501689391378905,0.18423554098605843,,,
sample,1779736605.4710033,133.13119530677795,0.0,0.0,0.0,0,1.1171191151486477,-0.163243973888604,174.40870634030404,0.29501689391378905,0.18423554098605843,,,
sample,1779736605.520877,133.18106889724731,0.0,0.0,0.0,0,1.1171191151486477,-0.163243973888604,174.40870634030404,0.29501689391378905,0.18423554098605843,,,
sample,1779736605.571227,133.2314190864563,0.0,0.0,0.0,0,1.1171191151486477,-0.163243973888604,174.40870634030404,0.29501689391378905,0.18423554098605843,,,
sample,1779736605.6208618,133.2810537815094,0.0,0.0,0.0,0,1.1171191151486477,-0.163243973888604,174.40870634030404,0.29501689391378905,0.18423554098605843,,,
sample,1779736605.6711571,133.3313491344452,0.0,0.0,0.0,0,1.1171191151486477,-0.163243973888604,174.40870634030404,0.29501689391378905,0.18423554098605843,,,
sample,1779736605.7209191,133.38111114501953,0.0,0.0,0.0,0,1.1171191151486477,-0.163243973888604,174.40870634030404,0.29501689391378905,0.18423554098605843,,,
sample,1779736605.77094,133.43113207817078,0.0,0.0,0.0,0,1.1171191151486477,-0.163243973888604,174.40870634030404,0.29501689391378905,0.18423554098605843,,,
sample,1779736605.821089,133.481281042099,0.0,0.0,0.0,0,1.1171191151486477,-0.163243973888604,174.40870634030404,0.29501689391378905,0.18423554098605843,,,
sample,1779736605.8708932,133.53108525276184,0.0,0.0,0.0,0,1.1171191151486477,-0.163243973888604,174.40870634030404,0.29501689391378905,0.18423554098605843,,,
sample,1779736605.9210467,133.58123874664307,0.0,0.0,0.0,0,1.1171191151486477,-0.163243973888604,174.40870634030404,0.29501689391378905,0.18423554098605843,,,
sample,1779736605.9709375,133.63112950325012,0.0,0.0,0.0,0,1.1171191151486477,-0.163243973888604,174.40870634030404,0.29501689391378905,0.18423554098605843,,,
sample,1779736606.0209682,133.6811602115631,0.0,0.0,0.0,0,1.1171191151486477,-0.163243973888604,174.40870634030404,0.29501689391378905,0.18423554098605843,,,
sample,1779736606.0709484,133.73114037513733,0.0,0.0,0.0,0,1.1171191151486477,-0.163243973888604,174.40870634030404,0.29501689391378905,0.18423554098605843,,,
sample,1779736606.1209083,133.78110027313232,0.0,0.0,0.0,0,1.1171191151486477,-0.163243973888604,174.40870634030404,0.29501689391378905,0.18423554098605843,,,
sample,1779736606.1709566,133.83114862442017,0.0,0.0,0.0,0,1.1171191151486477,-0.163243973888604,174.40870634030404,0.29501689391378905,0.18423554098605843,,,
sample,1779736606.2210598,133.8812518119812,0.0,0.0,0.0,0,1.1171191151486477,-0.163243973888604,174.40870634030404,0.29501689391378905,0.18423554098605843,,,
sample,1779736606.2709765,133.93116855621338,0.0,0.0,0.0,0,1.1171191151486477,-0.163243973888604,174.40870634030404,0.29501689391378905,0.18423554098605843,,,
sample,1779736606.3210075,133.98119950294495,0.0,0.0,0.0,0,1.1171191151486477,-0.163243973888604,174.40870634030404,0.29501689391378905,0.18423554098605843,,,
sample,1779736606.371185,134.03137707710266,0.0,0.0,0.0,0,1.1171191151486477,-0.163243973888604,174.40870634030404,0.29501689391378905,0.18423554098605843,,,
sample,1779736606.4211068,134.081298828125,0.0,0.0,0.0,0,1.1171191151486477,-0.163243973888604,174.40870634030404,0.29501689391378905,0.18423554098605843,,,
sample,1779736606.4709551,134.13114714622498,0.0,0.0,0.0,0,1.1171191151486477,-0.163243973888604,174.40870634030404,0.29501689391378905,0.18423554098605843,,,
sample,1779736606.5210772,134.18126916885376,0.0,0.0,0.0,0,1.1171191151486477,-0.163243973888604,174.40870634030404,0.29501689391378905,0.18423554098605843,,,
sample,1779736606.5709662,134.23115825653076,0.0,0.0,0.0,0,1.1171191151486477,-0.163243973888604,174.40870634030404,0.29501689391378905,0.18423554098605843,,,
sample,1779736606.6210372,134.28122925758362,0.0,0.0,0.0,0,1.1171191151486477,-0.163243973888604,174.40870634030404,0.29501689391378905,0.18423554098605843,,,
sample,1779736606.6709702,134.33116221427917,0.0,0.0,0.0,0,1.1171191151486477,-0.163243973888604,174.40870634030404,0.29501689391378905,0.18423554098605843,,,
sample,1779736606.7213442,134.38153624534607,0.0,0.0,0.0,0,1.1171191151486477,-0.163243973888604,174.40870634030404,0.29501689391378905,0.18423554098605843,,,
sample,1779736606.7708669,134.431058883667,0.0,0.0,0.0,0,1.1171191151486477,-0.163243973888604,174.40870634030404,0.29501689391378905,0.18423554098605843,,,
sample,1779736606.8210301,134.48122215270996,0.0,0.0,0.0,0,1.1171191151486477,-0.163243973888604,174.40870634030404,0.29501689391378905,0.18423554098605843,,,
sample,1779736606.8707578,134.5309498310089,0.0,0.0,0.0,0,1.1171191151486477,-0.163243973888604,174.40870634030404,0.29501689391378905,0.18423554098605843,,,
sample,1779736606.9209936,134.58118557929993,0.0,0.0,0.0,0,1.1171191151486477,-0.163243973888604,174.40870634030404,0.29501689391378905,0.18423554098605843,,,
sample,1779736606.9708753,134.63106727600098,0.0,0.0,0.0,0,1.1171191151486477,-0.163243973888604,174.40870634030404,0.29501689391378905,0.18423554098605843,,,
sample,1779736607.0209963,134.68118834495544,0.0,0.0,0.0,0,1.1171191151486477,-0.163243973888604,174.40870634030404,0.29501689391378905,0.18423554098605843,,,
sample,1779736607.0710337,134.73122572898865,0.0,0.0,0.0,0,1.1171191151486477,-0.163243973888604,174.40870634030404,0.29501689391378905,0.18423554098605843,,,
sample,1779736607.120921,134.78111290931702,0.0,0.0,0.0,0,1.1171191151486477,-0.163243973888604,174.40870634030404,0.29501689391378905,0.18423554098605843,,,
sample,1779736607.1710675,134.83125948905945,0.0,0.0,0.0,0,1.1171191151486477,-0.163243973888604,174.40870634030404,0.29501689391378905,0.18423554098605843,,,
sample,1779736607.2210357,134.8812277317047,0.0,0.0,0.0,0,1.1171191151486477,-0.163243973888604,174.40870634030404,0.29501689391378905,0.18423554098605843,,,
