row_type,timestamp_s,elapsed_s,v_real,w_real,steering_angle_rad,brake,x,y,distance_m,heading_error_rad,kappa,path_index,path_x,path_y
planned_path,,,,,,,,,,,,0,0.043418879145223244,-0.01485807914083992
planned_path,,,,,,,,,,,,1,0.0934188798902813,-0.01485807914083992
planned_path,,,,,,,,,,,,2,0.14341888063533936,-0.01485807914083992
planned_path,,,,,,,,,,,,3,0.19341888138039742,-0.01485807914083992
planned_path,,,,,,,,,,,,4,0.24341888212545548,-0.01485807914083992
planned_path,,,,,,,,,,,,5,0.29341888287051354,-0.01485807914083992
planned_path,,,,,,,,,,,,6,0.3434188836155716,-0.01485807914083992
planned_path,,,,,,,,,,,,7,0.39341888436062966,-0.01485807914083992
planned_path,,,,,,,,,,,,8,0.4434188851056877,-0.01485807914083992
planned_path,,,,,,,,,,,,9,0.4934188858507458,-0.01485807914083992
planned_path,,,,,,,,,,,,10,0.5434188865958038,-0.01485807914083992
planned_path,,,,,,,,,,,,11,0.5934188873408619,-0.01485807914083992
planned_path,,,,,,,,,,,,12,0.64341888808592,-0.01485807914083992
planned_path,,,,,,,,,,,,13,0.693418888830978,-0.01485807914083992
planned_path,,,,,,,,,,,,14,0.7434188895760361,-0.01485807914083992
planned_path,,,,,,,,,,,,15,0.7934188903210941,0.03514192160421814
planned_path,,,,,,,,,,,,16,0.8434188910661522,0.0851419223492762
planned_path,,,,,,,,,,,,17,0.8934188918112103,0.0851419223492762
planned_path,,,,,,,,,,,,18,0.9434188925562683,0.0851419223492762
planned_path,,,,,,,,,,,,19,0.9934188933013264,0.0851419223492762
planned_path,,,,,,,,,,,,20,1.0434188940463844,0.0851419223492762
planned_path,,,,,,,,,,,,21,1.0934188947914425,0.0851419223492762
planned_path,,,,,,,,,,,,22,1.1434188955365006,0.0851419223492762
planned_path,,,,,,,,,,,,23,1.1934188962815586,0.0851419223492762
planned_path,,,,,,,,,,,,24,1.2434188970266167,0.0851419223492762
planned_path,,,,,,,,,,,,25,1.2934188977716747,0.0851419223492762
planned_path,,,,,,,,,,,,26,1.3434188985167328,0.0851419223492762
planned_path,,,,,,,,,,,,27,1.3934188992617909,0.0851419223492762
planned_path,,,,,,,,,,,,28,1.443418900006849,0.0851419223492762
planned_path,,,,,,,,,,,,29,1.493418900751907,0.0851419223492762
planned_path,,,,,,,,,,,,30,1.543418901496965,0.0851419223492762
planned_path,,,,,,,,,,,,31,1.593418902242023,0.0851419223492762
planned_path,,,,,,,,,,,,32,1.6434189029870812,0.13514192309433426
planned_path,,,,,,,,,,,,33,1.6934189037321392,0.13514192309433426
planned_path,,,,,,,,,,,,34,1.7434189044771973,0.13514192309433426
planned_path,,,,,,,,,,,,35,1.7934189052222553,0.13514192309433426
planned_path,,,,,,,,,,,,36,1.8434189059673134,0.13514192309433426
planned_path,,,,,,,,,,,,37,1.8934189067123715,0.13514192309433426
planned_path,,,,,,,,,,,,38,1.9434189074574295,0.13514192309433426
planned_path,,,,,,,,,,,,39,1.9934189082024876,0.13514192309433426
planned_path,,,,,,,,,,,,40,2.0434189089475456,0.13514192309433426
planned_path,,,,,,,,,,,,41,2.0934189096926037,0.13514192309433426
planned_path,,,,,,,,,,,,42,2.1434189104376618,0.13514192309433426
planned_path,,,,,,,,,,,,43,2.19341891118272,0.13514192309433426
planned_path,,,,,,,,,,,,44,2.243418911927778,0.13514192309433426
planned_path,,,,,,,,,,,,45,2.293418912672836,0.13514192309433426
planned_path,,,,,,,,,,,,46,2.343418913417894,0.13514192309433426
planned_path,,,,,,,,,,,,47,2.393418914162952,0.13514192309433426
planned_path,,,,,,,,,,,,48,2.44341891490801,0.13514192309433426
planned_path,,,,,,,,,,,,49,2.493418915653068,0.13514192309433426
planned_path,,,,,,,,,,,,50,2.5434189163981262,0.13514192309433426
planned_path,,,,,,,,,,,,51,2.5934189171431843,0.13514192309433426
planned_path,,,,,,,,,,,,52,2.6434189178882423,0.13514192309433426
planned_path,,,,,,,,,,,,53,2.6934189186333004,0.13514192309433426
planned_path,,,,,,,,,,,,54,2.7434189193783585,0.13514192309433426
planned_path,,,,,,,,,,,,55,2.7934189201234165,0.13514192309433426
planned_path,,,,,,,,,,,,56,2.8434189208684746,0.13514192309433426
planned_path,,,,,,,,,,,,57,2.8934189216135326,0.13514192309433426
planned_path,,,,,,,,,,,,58,2.9434189223585907,0.13514192309433426
planned_path,,,,,,,,,,,,59,2.9934189231036488,0.13514192309433426
planned_path,,,,,,,,,,,,60,3.043418923848707,0.13514192309433426
planned_path,,,,,,,,,,,,61,3.093418924593765,0.13514192309433426
planned_path,,,,,,,,,,,,62,3.143418925338823,0.13514192309433426
planned_path,,,,,,,,,,,,63,3.193418926083881,0.13514192309433426
planned_path,,,,,,,,,,,,64,3.243418926828939,0.13514192309433426
planned_path,,,,,,,,,,,,65,3.293418927573997,0.13514192309433426
planned_path,,,,,,,,,,,,66,3.343418928319055,0.13514192309433426
planned_path,,,,,,,,,,,,67,3.3934189290641132,0.13514192309433426
planned_path,,,,,,,,,,,,68,3.4434189298091713,0.13514192309433426
planned_path,,,,,,,,,,,,69,3.4934189305542294,0.13514192309433426
planned_path,,,,,,,,,,,,70,3.5434189312992874,0.13514192309433426
planned_path,,,,,,,,,,,,71,3.5934189320443455,0.13514192309433426
planned_path,,,,,,,,,,,,72,3.6434189327894035,0.13514192309433426
planned_path,,,,,,,,,,,,73,3.6934189335344616,0.13514192309433426
planned_path,,,,,,,,,,,,74,3.7434189342795197,0.13514192309433426
planned_path,,,,,,,,,,,,75,3.7934189350245777,0.13514192309433426
planned_path,,,,,,,,,,,,76,3.843418935769636,0.13514192309433426
planned_path,,,,,,,,,,,,77,3.893418936514694,0.13514192309433426
planned_path,,,,,,,,,,,,78,3.943418937259752,0.13514192309433426
planned_path,,,,,,,,,,,,79,3.99341893800481,0.13514192309433426
planned_path,,,,,,,,,,,,80,4.043418938749868,0.13514192309433426
planned_path,,,,,,,,,,,,81,4.093418939494926,0.13514192309433426
planned_path,,,,,,,,,,,,82,4.143418940239984,0.13514192309433426
planned_path,,,,,,,,,,,,83,4.193418940985042,0.13514192309433426
planned_path,,,,,,,,,,,,84,4.2434189417301,0.13514192309433426
planned_path,,,,,,,,,,,,85,4.293418942475158,0.13514192309433426
planned_path,,,,,,,,,,,,86,4.343418943220216,0.13514192309433426
planned_path,,,,,,,,,,,,87,4.393418943965274,0.13514192309433426
planned_path,,,,,,,,,,,,88,4.4434189447103325,0.13514192309433426
planned_path,,,,,,,,,,,,89,4.493418945455391,0.13514192309433426
planned_path,,,,,,,,,,,,90,4.543418946200449,0.13514192309433426
planned_path,,,,,,,,,,,,91,4.593418946945507,0.13514192309433426
planned_path,,,,,,,,,,,,92,4.643418947690565,0.13514192309433426
planned_path,,,,,,,,,,,,93,4.693418948435623,0.13514192309433426
planned_path,,,,,,,,,,,,94,4.743418949180681,0.13514192309433426
planned_path,,,,,,,,,,,,95,4.793418949925739,0.13514192309433426
planned_path,,,,,,,,,,,,96,4.843418950670797,0.13514192309433426
planned_path,,,,,,,,,,,,97,4.893418951415855,0.13514192309433426
planned_path,,,,,,,,,,,,98,4.943418952160913,0.13514192309433426
planned_path,,,,,,,,,,,,99,4.993418952905971,0.13514192309433426
planned_path,,,,,,,,,,,,100,5.043418953651029,0.13514192309433426
planned_path,,,,,,,,,,,,101,5.093418954396087,0.13514192309433426
planned_path,,,,,,,,,,,,102,5.143418955141145,0.13514192309433426
planned_path,,,,,,,,,,,,103,5.193418955886203,0.13514192309433426
planned_path,,,,,,,,,,,,104,5.2434189566312615,0.13514192309433426
planned_path,,,,,,,,,,,,105,5.2934189573763195,0.13514192309433426
planned_path,,,,,,,,,,,,106,5.343418958121378,0.13514192309433426
planned_path,,,,,,,,,,,,107,5.393418958866436,0.13514192309433426
planned_path,,,,,,,,,,,,108,5.443418959611494,0.13514192309433426
planned_path,,,,,,,,,,,,109,5.493418960356552,0.13514192309433426
planned_path,,,,,,,,,,,,110,5.54341896110161,0.13514192309433426
planned_path,,,,,,,,,,,,111,5.593418961846668,0.13514192309433426
planned_path,,,,,,,,,,,,112,5.643418962591726,0.13514192309433426
planned_path,,,,,,,,,,,,113,5.693418963336784,0.13514192309433426
planned_path,,,,,,,,,,,,114,5.743418964081842,0.13514192309433426
planned_path,,,,,,,,,,,,115,5.7934189648269,0.13514192309433426
planned_path,,,,,,,,,,,,116,5.843418965571958,0.13514192309433426
planned_path,,,,,,,,,,,,117,5.893418966317016,0.13514192309433426
planned_path,,,,,,,,,,,,118,5.943418967062074,0.13514192309433426
planned_path,,,,,,,,,,,,119,5.993418967807132,0.13514192309433426
planned_path,,,,,,,,,,,,120,6.04341896855219,0.13514192309433426
planned_path,,,,,,,,,,,,121,6.0934189692972485,0.13514192309433426
planned_path,,,,,,,,,,,,122,6.1434189700423065,0.13514192309433426
planned_path,,,,,,,,,,,,123,6.193418970787365,0.13514192309433426
planned_path,,,,,,,,,,,,124,6.243418971532423,0.13514192309433426
planned_path,,,,,,,,,,,,125,6.293418972277481,0.13514192309433426
planned_path,,,,,,,,,,,,126,6.343418973022539,0.13514192309433426
planned_path,,,,,,,,,,,,127,6.393418973767597,0.13514192309433426
planned_path,,,,,,,,,,,,128,6.443418974512655,0.13514192309433426
planned_path,,,,,,,,,,,,129,6.493418975257713,0.13514192309433426
planned_path,,,,,,,,,,,,130,6.543418976002771,0.13514192309433426
planned_path,,,,,,,,,,,,131,6.593418976747829,0.13514192309433426
planned_path,,,,,,,,,,,,132,6.643418977492887,0.13514192309433426
planned_path,,,,,,,,,,,,133,6.693418978237945,0.13514192309433426
planned_path,,,,,,,,,,,,134,6.743418978983003,0.13514192309433426
planned_path,,,,,,,,,,,,135,6.793418979728061,0.13514192309433426
planned_path,,,,,,,,,,,,136,6.843418980473119,0.13514192309433426
planned_path,,,,,,,,,,,,137,6.893418981218177,0.13514192309433426
planned_path,,,,,,,,,,,,138,6.9434189819632355,0.13514192309433426
planned_path,,,,,,,,,,,,139,6.9934189827082935,0.13514192309433426
planned_path,,,,,,,,,,,,140,7.043418983453352,0.13514192309433426
planned_path,,,,,,,,,,,,141,7.09341898419841,0.13514192309433426
planned_path,,,,,,,,,,,,142,7.143418984943468,0.13514192309433426
planned_path,,,,,,,,,,,,143,7.193418985688526,0.13514192309433426
planned_path,,,,,,,,,,,,144,7.243418986433584,0.13514192309433426
planned_path,,,,,,,,,,,,145,7.293418987178642,0.13514192309433426
planned_path,,,,,,,,,,,,146,7.3434189879237,0.13514192309433426
planned_path,,,,,,,,,,,,147,7.393418988668758,0.13514192309433426
planned_path,,,,,,,,,,,,148,7.443418989413816,0.13514192309433426
planned_path,,,,,,,,,,,,149,7.493418990158874,0.13514192309433426
planned_path,,,,,,,,,,,,150,7.543418990903932,0.13514192309433426
planned_path,,,,,,,,,,,,151,7.59341899164899,0.13514192309433426
planned_path,,,,,,,,,,,,152,7.643418992394048,0.13514192309433426
planned_path,,,,,,,,,,,,153,7.693418993139106,0.13514192309433426
planned_path,,,,,,,,,,,,154,7.743418993884164,0.13514192309433426
planned_path,,,,,,,,,,,,155,7.7934189946292225,0.13514192309433426
planned_path,,,,,,,,,,,,156,7.8434189953742806,0.13514192309433426
planned_path,,,,,,,,,,,,157,7.893418996119339,0.13514192309433426
planned_path,,,,,,,,,,,,158,7.943418996864397,0.13514192309433426
planned_path,,,,,,,,,,,,159,7.993418997609455,0.13514192309433426
planned_path,,,,,,,,,,,,160,8.043418998354513,0.13514192309433426
planned_path,,,,,,,,,,,,161,8.09341899909957,0.13514192309433426
planned_path,,,,,,,,,,,,162,8.143418999844629,0.13514192309433426
planned_path,,,,,,,,,,,,163,8.193419000589687,0.13514192309433426
planned_path,,,,,,,,,,,,164,8.243419001334745,0.13514192309433426
planned_path,,,,,,,,,,,,165,8.293419002079803,0.13514192309433426
planned_path,,,,,,,,,,,,166,8.343419002824861,0.13514192309433426
planned_path,,,,,,,,,,,,167,8.39341900356992,0.13514192309433426
planned_path,,,,,,,,,,,,168,8.443419004314977,0.13514192309433426
planned_path,,,,,,,,,,,,169,8.493419005060035,0.13514192309433426
planned_path,,,,,,,,,,,,170,8.543419005805093,0.13514192309433426
planned_path,,,,,,,,,,,,171,8.593419006550151,0.13514192309433426
planned_path,,,,,,,,,,,,172,8.64341900729521,0.13514192309433426
planned_path,,,,,,,,,,,,173,8.693419008040268,0.13514192309433426
planned_path,,,,,,,,,,,,174,8.743419008785326,0.13514192309433426
planned_path,,,,,,,,,,,,175,8.793419009530384,0.18514192383939232
planned_path,,,,,,,,,,,,176,8.843419010275442,0.18514192383939232
planned_path,,,,,,,,,,,,177,8.8934190110205,0.18514192383939232
planned_path,,,,,,,,,,,,178,8.943419011765558,0.18514192383939232
planned_path,,,,,,,,,,,,179,8.993419012510616,0.18514192383939232
planned_path,,,,,,,,,,,,180,9.043419013255674,0.18514192383939232
planned_path,,,,,,,,,,,,181,9.093419014000732,0.18514192383939232
planned_path,,,,,,,,,,,,182,9.14341901474579,0.18514192383939232
planned_path,,,,,,,,,,,,183,9.193419015490848,0.18514192383939232
planned_path,,,,,,,,,,,,184,9.243419016235906,0.18514192383939232
planned_path,,,,,,,,,,,,185,9.293419016980964,0.18514192383939232
planned_path,,,,,,,,,,,,186,9.343419017726022,0.18514192383939232
planned_path,,,,,,,,,,,,187,9.39341901847108,0.18514192383939232
planned_path,,,,,,,,,,,,188,9.443419019216138,0.18514192383939232
planned_path,,,,,,,,,,,,189,9.493419019961197,0.18514192383939232
planned_path,,,,,,,,,,,,190,9.543419020706255,0.18514192383939232
planned_path,,,,,,,,,,,,191,9.593419021451313,0.18514192383939232
planned_path,,,,,,,,,,,,192,9.64341902219637,0.18514192383939232
planned_path,,,,,,,,,,,,193,9.693419022941429,0.18514192383939232
planned_path,,,,,,,,,,,,194,9.743419023686487,0.18514192383939232
planned_path,,,,,,,,,,,,195,9.793419024431545,0.18514192383939232
planned_path,,,,,,,,,,,,196,9.843419025176603,0.18514192383939232
planned_path,,,,,,,,,,,,197,9.893419025921661,0.18514192383939232
planned_path,,,,,,,,,,,,198,9.943419026666719,0.18514192383939232
planned_path,,,,,,,,,,,,199,9.993419027411777,0.18514192383939232
planned_path,,,,,,,,,,,,200,10.043419028156835,0.18514192383939232
planned_path,,,,,,,,,,,,201,10.093419028901893,0.18514192383939232
planned_path,,,,,,,,,,,,202,10.143419029646951,0.18514192383939232
planned_path,,,,,,,,,,,,203,10.19341903039201,0.18514192383939232
planned_path,,,,,,,,,,,,204,10.243419031137067,0.18514192383939232
planned_path,,,,,,,,,,,,205,10.293419031882125,0.18514192383939232
planned_path,,,,,,,,,,,,206,10.343419032627184,0.18514192383939232
planned_path,,,,,,,,,,,,207,10.393419033372242,0.18514192383939232
planned_path,,,,,,,,,,,,208,10.4434190341173,0.18514192383939232
planned_path,,,,,,,,,,,,209,10.493419034862358,0.18514192383939232
planned_path,,,,,,,,,,,,210,10.543419035607416,0.18514192383939232
planned_path,,,,,,,,,,,,211,10.593419036352474,0.18514192383939232
planned_path,,,,,,,,,,,,212,10.643419037097532,0.18514192383939232
planned_path,,,,,,,,,,,,213,10.69341903784259,0.18514192383939232
planned_path,,,,,,,,,,,,214,10.743419038587648,0.18514192383939232
planned_path,,,,,,,,,,,,215,10.793419039332706,0.18514192383939232
planned_path,,,,,,,,,,,,216,10.843419040077764,0.18514192383939232
planned_path,,,,,,,,,,,,217,10.893419040822822,0.18514192383939232
planned_path,,,,,,,,,,,,218,10.94341904156788,0.18514192383939232
planned_path,,,,,,,,,,,,219,10.993419042312938,0.18514192383939232
planned_path,,,,,,,,,,,,220,11.043419043057996,0.18514192383939232
planned_path,,,,,,,,,,,,221,11.093419043803054,0.18514192383939232
planned_path,,,,,,,,,,,,222,11.143419044548112,0.18514192383939232
planned_path,,,,,,,,,,,,223,11.19341904529317,0.18514192383939232
planned_path,,,,,,,,,,,,224,11.243419046038229,0.18514192383939232
planned_path,,,,,,,,,,,,225,11.293419046783287,0.18514192383939232
planned_path,,,,,,,,,,,,226,11.343419047528345,0.18514192383939232
planned_path,,,,,,,,,,,,227,11.393419048273403,0.18514192383939232
planned_path,,,,,,,,,,,,228,11.44341904901846,0.18514192383939232
planned_path,,,,,,,,,,,,229,11.493419049763519,0.18514192383939232
planned_path,,,,,,,,,,,,230,11.543419050508577,0.18514192383939232
planned_path,,,,,,,,,,,,231,11.593419051253635,0.18514192383939232
planned_path,,,,,,,,,,,,232,11.643419051998693,0.18514192383939232
planned_path,,,,,,,,,,,,233,11.693419052743751,0.18514192383939232
planned_path,,,,,,,,,,,,234,11.74341905348881,0.18514192383939232
planned_path,,,,,,,,,,,,235,11.793419054233867,0.18514192383939232
planned_path,,,,,,,,,,,,236,11.843419054978925,0.18514192383939232
planned_path,,,,,,,,,,,,237,11.893419055723983,0.18514192383939232
planned_path,,,,,,,,,,,,238,11.943419056469041,0.18514192383939232
planned_path,,,,,,,,,,,,239,11.9934190572141,0.18514192383939232
planned_path,,,,,,,,,,,,240,12.043419057959158,0.18514192383939232
planned_path,,,,,,,,,,,,241,12.093419058704216,0.18514192383939232
planned_path,,,,,,,,,,,,242,12.143419059449274,0.18514192383939232
planned_path,,,,,,,,,,,,243,12.193419060194332,0.18514192383939232
planned_path,,,,,,,,,,,,244,12.24341906093939,0.18514192383939232
planned_path,,,,,,,,,,,,245,12.293419061684448,0.18514192383939232
planned_path,,,,,,,,,,,,246,12.343419062429506,0.23514192458445038
planned_path,,,,,,,,,,,,247,12.393419063174564,0.28514192532950844
planned_path,,,,,,,,,,,,248,12.443419063919622,0.3351419260745665
planned_path,,,,,,,,,,,,249,12.49341906466468,0.38514192681962456
planned_path,,,,,,,,,,,,250,12.543419065409738,0.4351419275646826
planned_path,,,,,,,,,,,,251,12.593419066154796,0.4851419283097407
planned_path,,,,,,,,,,,,252,12.643419066899854,0.4851419283097407
planned_path,,,,,,,,,,,,253,12.693419067644912,0.4851419283097407
planned_path,,,,,,,,,,,,254,12.74341906838997,0.4851419283097407
planned_path,,,,,,,,,,,,255,12.793419069135028,0.4851419283097407
planned_path,,,,,,,,,,,,256,12.843419069880087,0.4851419283097407
planned_path,,,,,,,,,,,,257,12.893419070625145,0.5351419290547987
planned_path,,,,,,,,,,,,258,12.943419071370203,0.5351419290547987
planned_path,,,,,,,,,,,,259,12.99341907211526,0.5351419290547987
planned_path,,,,,,,,,,,,260,13.043419072860319,0.5351419290547987
planned_path,,,,,,,,,,,,261,13.093419073605377,0.5351419290547987
planned_path,,,,,,,,,,,,262,13.143419074350435,0.5351419290547987
planned_path,,,,,,,,,,,,263,13.193419075095493,0.5851419297998568
planned_path,,,,,,,,,,,,264,13.243419075840551,0.5851419297998568
planned_path,,,,,,,,,,,,265,13.293419076585609,0.5851419297998568
planned_path,,,,,,,,,,,,266,13.343419077330667,0.5851419297998568
planned_path,,,,,,,,,,,,267,13.393419078075725,0.5851419297998568
planned_path,,,,,,,,,,,,268,13.443419078820783,0.5851419297998568
planned_path,,,,,,,,,,,,269,13.493419079565841,0.6351419305449149
planned_path,,,,,,,,,,,,270,13.5434190803109,0.6351419305449149
planned_path,,,,,,,,,,,,271,13.593419081055957,0.6351419305449149
planned_path,,,,,,,,,,,,272,13.643419081801015,0.6351419305449149
planned_path,,,,,,,,,,,,273,13.693419082546074,0.6351419305449149
planned_path,,,,,,,,,,,,274,13.743419083291132,0.6351419305449149
planned_path,,,,,,,,,,,,275,13.79341908403619,0.6851419312899729
planned_path,,,,,,,,,,,,276,13.843419084781248,0.6851419312899729
planned_path,,,,,,,,,,,,277,13.893419085526306,0.6851419312899729
planned_path,,,,,,,,,,,,278,13.943419086271364,0.6851419312899729
planned_path,,,,,,,,,,,,279,13.993419087016422,0.6851419312899729
planned_path,,,,,,,,,,,,280,14.04341908776148,0.6851419312899729
planned_path,,,,,,,,,,,,281,14.093419088506538,0.735141932035031
planned_path,,,,,,,,,,,,282,14.143419089251596,0.735141932035031
planned_path,,,,,,,,,,,,283,14.193419089996654,0.735141932035031
planned_path,,,,,,,,,,,,284,14.193419089996654,0.735141932035031
planned_path,,,,,,,,,,,,285,14.243419090741712,0.785141932780089
planned_path,,,,,,,,,,,,286,14.29341909148677,0.8351419335251471
planned_path,,,,,,,,,,,,287,14.343419092231828,0.8851419342702052
planned_path,,,,,,,,,,,,288,14.393419092976886,0.9351419350152632
planned_path,,,,,,,,,,,,289,14.443419093721944,0.9851419357603213
planned_path,,,,,,,,,,,,290,14.493419094467002,1.0351419365053793
planned_path,,,,,,,,,,,,291,14.54341909521206,1.0851419372504374
planned_path,,,,,,,,,,,,292,14.593419095957119,1.1351419379954955
planned_path,,,,,,,,,,,,293,14.643419096702177,1.1851419387405535
planned_path,,,,,,,,,,,,294,14.693419097447235,1.2351419394856116
planned_path,,,,,,,,,,,,295,14.743419098192293,1.2851419402306696
planned_path,,,,,,,,,,,,296,14.79341909893735,1.3351419409757277
planned_path,,,,,,,,,,,,297,14.843419099682409,1.3851419417207858
planned_path,,,,,,,,,,,,298,14.893419100427467,1.4351419424658438
planned_path,,,,,,,,,,,,299,14.943419101172525,1.4851419432109019
planned_path,,,,,,,,,,,,300,14.993419101917583,1.53514194395596
planned_path,,,,,,,,,,,,301,15.043419102662641,1.585141944701018
planned_path,,,,,,,,,,,,302,15.043419102662641,1.635141945446076
planned_path,,,,,,,,,,,,303,15.043419102662641,1.685141946191134
planned_path,,,,,,,,,,,,304,15.0934191034077,1.7351419469361922
planned_path,,,,,,,,,,,,305,15.0934191034077,1.7851419476812502
planned_path,,,,,,,,,,,,306,15.0934191034077,1.8351419484263083
planned_path,,,,,,,,,,,,307,15.0934191034077,1.8351419484263083
planned_path,,,,,,,,,,,,308,15.0934191034077,1.8851419491713663
planned_path,,,,,,,,,,,,309,15.0934191034077,1.9351419499164244
planned_path,,,,,,,,,,,,310,15.0934191034077,1.9851419506614825
planned_path,,,,,,,,,,,,311,15.0934191034077,2.0351419514065405
planned_path,,,,,,,,,,,,312,15.0934191034077,2.0851419521515986
planned_path,,,,,,,,,,,,313,15.0934191034077,2.1351419528966566
planned_path,,,,,,,,,,,,314,15.0934191034077,2.1851419536417147
planned_path,,,,,,,,,,,,315,15.143419104152757,2.2351419543867728
planned_path,,,,,,,,,,,,316,15.143419104152757,2.285141955131831
planned_path,,,,,,,,,,,,317,15.193419104897815,2.335141955876889
planned_path,,,,,,,,,,,,318,15.193419104897815,2.385141956621947
planned_path,,,,,,,,,,,,319,15.193419104897815,2.435141957367005
planned_path,,,,,,,,,,,,320,15.193419104897815,2.485141958112063
planned_path,,,,,,,,,,,,321,15.193419104897815,2.535141958857121
planned_path,,,,,,,,,,,,322,15.193419104897815,2.585141959602179
planned_path,,,,,,,,,,,,323,15.193419104897815,2.6351419603472372
planned_path,,,,,,,,,,,,324,15.193419104897815,2.6851419610922953
planned_path,,,,,,,,,,,,325,15.193419104897815,2.7351419618373534
planned_path,,,,,,,,,,,,326,15.193419104897815,2.7851419625824114
planned_path,,,,,,,,,,,,327,15.193419104897815,2.8351419633274695
planned_path,,,,,,,,,,,,328,15.193419104897815,2.8851419640725275
planned_path,,,,,,,,,,,,329,15.193419104897815,2.9351419648175856
planned_path,,,,,,,,,,,,330,15.193419104897815,2.9851419655626437
planned_path,,,,,,,,,,,,331,15.193419104897815,3.0351419663077017
planned_path,,,,,,,,,,,,332,15.193419104897815,3.08514196705276
planned_path,,,,,,,,,,,,333,15.193419104897815,3.135141967797818
planned_path,,,,,,,,,,,,334,15.193419104897815,3.185141968542876
planned_path,,,,,,,,,,,,335,15.193419104897815,3.235141969287934
planned_path,,,,,,,,,,,,336,15.243419105642873,3.285141970032992
planned_path,,,,,,,,,,,,337,15.243419105642873,3.33514197077805
planned_path,,,,,,,,,,,,338,15.243419105642873,3.385141971523108
planned_path,,,,,,,,,,,,339,15.243419105642873,3.385141971523108
planned_path,,,,,,,,,,,,340,15.243419105642873,3.435141972268166
planned_path,,,,,,,,,,,,341,15.243419105642873,3.4851419730132243
planned_path,,,,,,,,,,,,342,15.243419105642873,3.5351419737582823
planned_path,,,,,,,,,,,,343,15.243419105642873,3.5851419745033404
planned_path,,,,,,,,,,,,344,15.243419105642873,3.6351419752483984
planned_path,,,,,,,,,,,,345,15.243419105642873,3.6851419759934565
planned_path,,,,,,,,,,,,346,15.243419105642873,3.7351419767385146
planned_path,,,,,,,,,,,,347,15.243419105642873,3.7851419774835726
planned_path,,,,,,,,,,,,348,15.243419105642873,3.8351419782286307
planned_path,,,,,,,,,,,,349,15.243419105642873,3.8851419789736887
planned_path,,,,,,,,,,,,350,15.243419105642873,3.935141979718747
planned_path,,,,,,,,,,,,351,15.243419105642873,3.985141980463805
planned_path,,,,,,,,,,,,352,15.243419105642873,4.035141981208863
planned_path,,,,,,,,,,,,353,15.243419105642873,4.085141981953921
planned_path,,,,,,,,,,,,354,15.243419105642873,4.135141982698979
planned_path,,,,,,,,,,,,355,15.243419105642873,4.185141983444037
planned_path,,,,,,,,,,,,356,15.243419105642873,4.235141984189095
planned_path,,,,,,,,,,,,357,15.243419105642873,4.285141984934153
planned_path,,,,,,,,,,,,358,15.243419105642873,4.335141985679211
planned_path,,,,,,,,,,,,359,15.243419105642873,4.385141986424269
planned_path,,,,,,,,,,,,360,15.243419105642873,4.435141987169327
planned_path,,,,,,,,,,,,361,15.243419105642873,4.4851419879143855
planned_path,,,,,,,,,,,,362,15.243419105642873,4.5351419886594435
planned_path,,,,,,,,,,,,363,15.243419105642873,4.585141989404502
planned_path,,,,,,,,,,,,364,15.243419105642873,4.63514199014956
planned_path,,,,,,,,,,,,365,15.243419105642873,4.685141990894618
planned_path,,,,,,,,,,,,366,15.243419105642873,4.735141991639676
planned_path,,,,,,,,,,,,367,15.243419105642873,4.785141992384734
planned_path,,,,,,,,,,,,368,15.243419105642873,4.835141993129792
planned_path,,,,,,,,,,,,369,15.243419105642873,4.88514199387485
planned_path,,,,,,,,,,,,370,15.243419105642873,4.935141994619908
planned_path,,,,,,,,,,,,371,15.243419105642873,4.985141995364966
planned_path,,,,,,,,,,,,372,15.243419105642873,5.035141996110024
planned_path,,,,,,,,,,,,373,15.243419105642873,5.085141996855082
planned_path,,,,,,,,,,,,374,15.243419105642873,5.13514199760014
planned_path,,,,,,,,,,,,375,15.243419105642873,5.185141998345198
planned_path,,,,,,,,,,,,376,15.243419105642873,5.235141999090256
planned_path,,,,,,,,,,,,377,15.243419105642873,5.285141999835314
planned_path,,,,,,,,,,,,378,15.243419105642873,5.3351420005803725
planned_path,,,,,,,,,,,,379,15.243419105642873,5.3851420013254305
planned_path,,,,,,,,,,,,380,15.243419105642873,5.435142002070489
planned_path,,,,,,,,,,,,381,15.243419105642873,5.485142002815547
planned_path,,,,,,,,,,,,382,15.243419105642873,5.535142003560605
planned_path,,,,,,,,,,,,383,15.243419105642873,5.585142004305663
planned_path,,,,,,,,,,,,384,15.243419105642873,5.635142005050721
planned_path,,,,,,,,,,,,385,15.243419105642873,5.685142005795779
planned_path,,,,,,,,,,,,386,15.243419105642873,5.735142006540837
planned_path,,,,,,,,,,,,387,15.243419105642873,5.785142007285895
planned_path,,,,,,,,,,,,388,15.243419105642873,5.835142008030953
planned_path,,,,,,,,,,,,389,15.243419105642873,5.885142008776011
planned_path,,,,,,,,,,,,390,15.243419105642873,5.935142009521069
planned_path,,,,,,,,,,,,391,15.243419105642873,5.985142010266127
planned_path,,,,,,,,,,,,392,15.243419105642873,6.035142011011185
planned_path,,,,,,,,,,,,393,15.243419105642873,6.085142011756243
planned_path,,,,,,,,,,,,394,15.243419105642873,6.135142012501301
planned_path,,,,,,,,,,,,395,15.243419105642873,6.1851420132463595
planned_path,,,,,,,,,,,,396,15.243419105642873,6.2351420139914175
planned_path,,,,,,,,,,,,397,15.243419105642873,6.285142014736476
planned_path,,,,,,,,,,,,398,15.243419105642873,6.335142015481534
planned_path,,,,,,,,,,,,399,15.243419105642873,6.385142016226592
planned_path,,,,,,,,,,,,400,15.243419105642873,6.43514201697165
planned_path,,,,,,,,,,,,401,15.243419105642873,6.485142017716708
planned_path,,,,,,,,,,,,402,15.243419105642873,6.535142018461766
planned_path,,,,,,,,,,,,403,15.243419105642873,6.585142019206824
planned_path,,,,,,,,,,,,404,15.243419105642873,6.635142019951882
planned_path,,,,,,,,,,,,405,15.243419105642873,6.68514202069694
planned_path,,,,,,,,,,,,406,15.243419105642873,6.735142021441998
planned_path,,,,,,,,,,,,407,15.243419105642873,6.785142022187056
planned_path,,,,,,,,,,,,408,15.243419105642873,6.835142022932114
planned_path,,,,,,,,,,,,409,15.243419105642873,6.885142023677172
planned_path,,,,,,,,,,,,410,15.243419105642873,6.93514202442223
planned_path,,,,,,,,,,,,411,15.243419105642873,6.985142025167288
planned_path,,,,,,,,,,,,412,15.243419105642873,7.0351420259123465
planned_path,,,,,,,,,,,,413,15.243419105642873,7.085142026657405
planned_path,,,,,,,,,,,,414,15.243419105642873,7.135142027402463
planned_path,,,,,,,,,,,,415,15.243419105642873,7.185142028147521
planned_path,,,,,,,,,,,,416,15.243419105642873,7.235142028892579
planned_path,,,,,,,,,,,,417,15.243419105642873,7.285142029637637
planned_path,,,,,,,,,,,,418,15.243419105642873,7.335142030382695
planned_path,,,,,,,,,,,,419,15.243419105642873,7.385142031127753
planned_path,,,,,,,,,,,,420,15.243419105642873,7.435142031872811
planned_path,,,,,,,,,,,,421,15.243419105642873,7.485142032617869
planned_path,,,,,,,,,,,,422,15.243419105642873,7.535142033362927
planned_path,,,,,,,,,,,,423,15.243419105642873,7.585142034107985
planned_path,,,,,,,,,,,,424,15.243419105642873,7.635142034853043
planned_path,,,,,,,,,,,,425,15.243419105642873,7.685142035598101
planned_path,,,,,,,,,,,,426,15.243419105642873,7.735142036343159
planned_path,,,,,,,,,,,,427,15.243419105642873,7.785142037088217
planned_path,,,,,,,,,,,,428,15.243419105642873,7.8351420378332755
planned_path,,,,,,,,,,,,429,15.243419105642873,7.8851420385783335
planned_path,,,,,,,,,,,,430,15.243419105642873,7.935142039323392
planned_path,,,,,,,,,,,,431,15.243419105642873,7.98514204006845
planned_path,,,,,,,,,,,,432,15.243419105642873,8.035142040813508
planned_path,,,,,,,,,,,,433,15.243419105642873,8.085142041558566
planned_path,,,,,,,,,,,,434,15.243419105642873,8.135142042303624
planned_path,,,,,,,,,,,,435,15.243419105642873,8.185142043048682
planned_path,,,,,,,,,,,,436,15.243419105642873,8.23514204379374
planned_path,,,,,,,,,,,,437,15.243419105642873,8.285142044538798
planned_path,,,,,,,,,,,,438,15.243419105642873,8.335142045283856
planned_path,,,,,,,,,,,,439,15.243419105642873,8.385142046028914
planned_path,,,,,,,,,,,,440,15.243419105642873,8.435142046773972
planned_path,,,,,,,,,,,,441,15.243419105642873,8.48514204751903
planned_path,,,,,,,,,,,,442,15.243419105642873,8.535142048264088
planned_path,,,,,,,,,,,,443,15.243419105642873,8.585142049009146
planned_path,,,,,,,,,,,,444,15.243419105642873,8.635142049754204
planned_path,,,,,,,,,,,,445,15.243419105642873,8.685142050499262
planned_path,,,,,,,,,,,,446,15.243419105642873,8.73514205124432
planned_path,,,,,,,,,,,,447,15.243419105642873,8.785142051989379
planned_path,,,,,,,,,,,,448,15.243419105642873,8.835142052734437
planned_path,,,,,,,,,,,,449,15.243419105642873,8.885142053479495
planned_path,,,,,,,,,,,,450,15.243419105642873,8.935142054224553
planned_path,,,,,,,,,,,,451,15.243419105642873,8.98514205496961
planned_path,,,,,,,,,,,,452,15.243419105642873,9.035142055714669
planned_path,,,,,,,,,,,,453,15.243419105642873,9.085142056459727
planned_path,,,,,,,,,,,,454,15.243419105642873,9.135142057204785
planned_path,,,,,,,,,,,,455,15.243419105642873,9.185142057949843
planned_path,,,,,,,,,,,,456,15.243419105642873,9.235142058694901
planned_path,,,,,,,,,,,,457,15.243419105642873,9.28514205943996
planned_path,,,,,,,,,,,,458,15.293419106387931,9.335142060185017
planned_path,,,,,,,,,,,,459,15.293419106387931,9.385142060930075
planned_path,,,,,,,,,,,,460,15.293419106387931,9.435142061675133
planned_path,,,,,,,,,,,,461,15.293419106387931,9.485142062420191
planned_path,,,,,,,,,,,,462,15.293419106387931,9.53514206316525
planned_path,,,,,,,,,,,,463,15.293419106387931,9.585142063910308
planned_path,,,,,,,,,,,,464,15.34341910713299,9.635142064655366
planned_path,,,,,,,,,,,,465,15.34341910713299,9.685142065400424
planned_path,,,,,,,,,,,,466,15.34341910713299,9.735142066145482
planned_path,,,,,,,,,,,,467,15.443419108623106,11.985142099673094
planned_path,,,,,,,,,,,,468,15.393419107878048,11.985142099673094
planned_path,,,,,,,,,,,,469,15.393419107878048,12.035142100418152
planned_path,,,,,,,,,,,,470,15.393419107878048,12.08514210116321
planned_path,,,,,,,,,,,,471,15.393419107878048,12.135142101908269
planned_path,,,,,,,,,,,,472,15.393419107878048,12.185142102653327
planned_path,,,,,,,,,,,,473,15.393419107878048,12.235142103398385
planned_path,,,,,,,,,,,,474,15.393419107878048,12.285142104143443
planned_path,,,,,,,,,,,,475,15.393419107878048,12.3351421048885
planned_path,,,,,,,,,,,,476,15.393419107878048,12.385142105633559
planned_path,,,,,,,,,,,,477,15.34341910713299,12.435142106378617
planned_path,,,,,,,,,,,,478,15.34341910713299,12.485142107123675
planned_path,,,,,,,,,,,,479,15.293419106387931,12.535142107868733
planned_path,,,,,,,,,,,,480,15.293419106387931,12.585142108613791
planned_path,,,,,,,,,,,,481,15.243419105642873,12.63514210935885
planned_path,,,,,,,,,,,,482,15.243419105642873,12.685142110103907
planned_path,,,,,,,,,,,,483,15.193419104897815,12.735142110848965
planned_path,,,,,,,,,,,,484,15.193419104897815,12.785142111594023
planned_path,,,,,,,,,,,,485,15.193419104897815,12.785142111594023
planned_path,,,,,,,,,,,,486,15.143419104152757,12.835142112339081
planned_path,,,,,,,,,,,,487,15.0934191034077,12.88514211308414
planned_path,,,,,,,,,,,,488,15.043419102662641,12.935142113829198
planned_path,,,,,,,,,,,,489,14.993419101917583,12.985142114574256
planned_path,,,,,,,,,,,,490,14.943419101172525,13.035142115319314
planned_path,,,,,,,,,,,,491,14.893419100427467,13.085142116064372
planned_path,,,,,,,,,,,,492,14.843419099682409,13.13514211680943
planned_path,,,,,,,,,,,,493,14.79341909893735,13.185142117554488
planned_path,,,,,,,,,,,,494,14.743419098192293,13.235142118299546
planned_path,,,,,,,,,,,,495,14.693419097447235,13.235142118299546
planned_path,,,,,,,,,,,,496,14.643419096702177,13.235142118299546
planned_path,,,,,,,,,,,,497,14.643419096702177,13.235142118299546
planned_path,,,,,,,,,,,,498,14.593419095957119,13.235142118299546
planned_path,,,,,,,,,,,,499,14.54341909521206,13.235142118299546
planned_path,,,,,,,,,,,,500,14.493419094467002,13.235142118299546
planned_path,,,,,,,,,,,,501,14.443419093721944,13.235142118299546
planned_path,,,,,,,,,,,,502,14.393419092976886,13.235142118299546
planned_path,,,,,,,,,,,,503,14.343419092231828,13.235142118299546
planned_path,,,,,,,,,,,,504,14.29341909148677,13.235142118299546
planned_path,,,,,,,,,,,,505,14.243419090741712,13.235142118299546
planned_path,,,,,,,,,,,,506,14.193419089996654,13.235142118299546
planned_path,,,,,,,,,,,,507,14.143419089251596,13.235142118299546
planned_path,,,,,,,,,,,,508,14.093419088506538,13.235142118299546
planned_path,,,,,,,,,,,,509,14.04341908776148,13.285142119044604
planned_path,,,,,,,,,,,,510,13.993419087016422,13.335142119789662
planned_path,,,,,,,,,,,,511,13.943419086271364,13.38514212053472
planned_path,,,,,,,,,,,,512,13.893419085526306,13.38514212053472
planned_path,,,,,,,,,,,,513,13.843419084781248,13.38514212053472
planned_path,,,,,,,,,,,,514,13.79341908403619,13.38514212053472
planned_path,,,,,,,,,,,,515,13.743419083291132,13.38514212053472
planned_path,,,,,,,,,,,,516,13.693419082546074,13.38514212053472
planned_path,,,,,,,,,,,,517,13.643419081801015,13.38514212053472
planned_path,,,,,,,,,,,,518,13.593419081055957,13.38514212053472
planned_path,,,,,,,,,,,,519,13.5434190803109,13.38514212053472
planned_path,,,,,,,,,,,,520,13.493419079565841,13.38514212053472
planned_path,,,,,,,,,,,,521,13.443419078820783,13.38514212053472
planned_path,,,,,,,,,,,,522,13.393419078075725,13.38514212053472
planned_path,,,,,,,,,,,,523,13.343419077330667,13.38514212053472
planned_path,,,,,,,,,,,,524,13.293419076585609,13.38514212053472
planned_path,,,,,,,,,,,,525,13.243419075840551,13.38514212053472
planned_path,,,,,,,,,,,,526,13.243419075840551,13.38514212053472
planned_path,,,,,,,,,,,,527,13.193419075095493,13.38514212053472
planned_path,,,,,,,,,,,,528,13.143419074350435,13.38514212053472
planned_path,,,,,,,,,,,,529,13.093419073605377,13.38514212053472
planned_path,,,,,,,,,,,,530,13.043419072860319,13.38514212053472
planned_path,,,,,,,,,,,,531,12.99341907211526,13.38514212053472
planned_path,,,,,,,,,,,,532,12.943419071370203,13.38514212053472
planned_path,,,,,,,,,,,,533,12.893419070625145,13.38514212053472
planned_path,,,,,,,,,,,,534,12.843419069880087,13.38514212053472
planned_path,,,,,,,,,,,,535,12.793419069135028,13.38514212053472
planned_path,,,,,,,,,,,,536,12.74341906838997,13.38514212053472
planned_path,,,,,,,,,,,,537,12.693419067644912,13.38514212053472
planned_path,,,,,,,,,,,,538,12.643419066899854,13.38514212053472
planned_path,,,,,,,,,,,,539,12.593419066154796,13.38514212053472
planned_path,,,,,,,,,,,,540,12.543419065409738,13.38514212053472
planned_path,,,,,,,,,,,,541,12.49341906466468,13.38514212053472
planned_path,,,,,,,,,,,,542,12.443419063919622,13.38514212053472
planned_path,,,,,,,,,,,,543,12.393419063174564,13.38514212053472
planned_path,,,,,,,,,,,,544,12.343419062429506,13.38514212053472
planned_path,,,,,,,,,,,,545,12.293419061684448,13.38514212053472
planned_path,,,,,,,,,,,,546,12.24341906093939,13.38514212053472
planned_path,,,,,,,,,,,,547,12.193419060194332,13.38514212053472
planned_path,,,,,,,,,,,,548,12.143419059449274,13.38514212053472
planned_path,,,,,,,,,,,,549,12.093419058704216,13.38514212053472
planned_path,,,,,,,,,,,,550,12.043419057959158,13.38514212053472
planned_path,,,,,,,,,,,,551,11.9934190572141,13.38514212053472
planned_path,,,,,,,,,,,,552,11.943419056469041,13.38514212053472
planned_path,,,,,,,,,,,,553,11.893419055723983,13.38514212053472
planned_path,,,,,,,,,,,,554,11.843419054978925,13.38514212053472
planned_path,,,,,,,,,,,,555,11.793419054233867,13.38514212053472
planned_path,,,,,,,,,,,,556,11.74341905348881,13.38514212053472
planned_path,,,,,,,,,,,,557,11.693419052743751,13.38514212053472
planned_path,,,,,,,,,,,,558,11.643419051998693,13.38514212053472
planned_path,,,,,,,,,,,,559,11.593419051253635,13.38514212053472
planned_path,,,,,,,,,,,,560,11.543419050508577,13.38514212053472
planned_path,,,,,,,,,,,,561,11.493419049763519,13.38514212053472
planned_path,,,,,,,,,,,,562,11.44341904901846,13.38514212053472
planned_path,,,,,,,,,,,,563,11.393419048273403,13.38514212053472
planned_path,,,,,,,,,,,,564,11.343419047528345,13.38514212053472
planned_path,,,,,,,,,,,,565,11.293419046783287,13.38514212053472
planned_path,,,,,,,,,,,,566,11.243419046038229,13.38514212053472
planned_path,,,,,,,,,,,,567,11.19341904529317,13.38514212053472
planned_path,,,,,,,,,,,,568,11.143419044548112,13.38514212053472
planned_path,,,,,,,,,,,,569,11.093419043803054,13.38514212053472
planned_path,,,,,,,,,,,,570,11.043419043057996,13.38514212053472
planned_path,,,,,,,,,,,,571,10.993419042312938,13.38514212053472
planned_path,,,,,,,,,,,,572,10.94341904156788,13.38514212053472
planned_path,,,,,,,,,,,,573,10.893419040822822,13.38514212053472
planned_path,,,,,,,,,,,,574,10.843419040077764,13.38514212053472
planned_path,,,,,,,,,,,,575,10.793419039332706,13.38514212053472
planned_path,,,,,,,,,,,,576,10.743419038587648,13.38514212053472
planned_path,,,,,,,,,,,,577,10.69341903784259,13.38514212053472
planned_path,,,,,,,,,,,,578,10.643419037097532,13.38514212053472
planned_path,,,,,,,,,,,,579,10.593419036352474,13.38514212053472
planned_path,,,,,,,,,,,,580,10.543419035607416,13.38514212053472
planned_path,,,,,,,,,,,,581,10.493419034862358,13.38514212053472
planned_path,,,,,,,,,,,,582,10.4434190341173,13.38514212053472
planned_path,,,,,,,,,,,,583,10.393419033372242,13.38514212053472
planned_path,,,,,,,,,,,,584,10.343419032627184,13.38514212053472
planned_path,,,,,,,,,,,,585,10.293419031882125,13.38514212053472
planned_path,,,,,,,,,,,,586,10.243419031137067,13.38514212053472
planned_path,,,,,,,,,,,,587,10.19341903039201,13.38514212053472
planned_path,,,,,,,,,,,,588,10.143419029646951,13.38514212053472
planned_path,,,,,,,,,,,,589,10.093419028901893,13.38514212053472
planned_path,,,,,,,,,,,,590,10.043419028156835,13.38514212053472
planned_path,,,,,,,,,,,,591,9.993419027411777,13.38514212053472
planned_path,,,,,,,,,,,,592,9.943419026666719,13.38514212053472
planned_path,,,,,,,,,,,,593,9.893419025921661,13.38514212053472
planned_path,,,,,,,,,,,,594,9.843419025176603,13.38514212053472
planned_path,,,,,,,,,,,,595,9.793419024431545,13.38514212053472
planned_path,,,,,,,,,,,,596,9.743419023686487,13.38514212053472
planned_path,,,,,,,,,,,,597,9.693419022941429,13.38514212053472
planned_path,,,,,,,,,,,,598,9.64341902219637,13.38514212053472
planned_path,,,,,,,,,,,,599,9.593419021451313,13.38514212053472
planned_path,,,,,,,,,,,,600,9.543419020706255,13.38514212053472
planned_path,,,,,,,,,,,,601,9.493419019961197,13.38514212053472
planned_path,,,,,,,,,,,,602,9.443419019216138,13.38514212053472
planned_path,,,,,,,,,,,,603,9.39341901847108,13.38514212053472
planned_path,,,,,,,,,,,,604,9.343419017726022,13.38514212053472
planned_path,,,,,,,,,,,,605,9.293419016980964,13.38514212053472
planned_path,,,,,,,,,,,,606,9.243419016235906,13.38514212053472
planned_path,,,,,,,,,,,,607,9.193419015490848,13.38514212053472
planned_path,,,,,,,,,,,,608,9.14341901474579,13.38514212053472
planned_path,,,,,,,,,,,,609,9.093419014000732,13.38514212053472
planned_path,,,,,,,,,,,,610,9.043419013255674,13.38514212053472
planned_path,,,,,,,,,,,,611,8.993419012510616,13.38514212053472
planned_path,,,,,,,,,,,,612,8.943419011765558,13.38514212053472
planned_path,,,,,,,,,,,,613,8.8934190110205,13.38514212053472
planned_path,,,,,,,,,,,,614,8.843419010275442,13.38514212053472
planned_path,,,,,,,,,,,,615,8.793419009530384,13.38514212053472
planned_path,,,,,,,,,,,,616,8.743419008785326,13.38514212053472
planned_path,,,,,,,,,,,,617,8.693419008040268,13.38514212053472
planned_path,,,,,,,,,,,,618,8.64341900729521,13.38514212053472
planned_path,,,,,,,,,,,,619,8.593419006550151,13.38514212053472
planned_path,,,,,,,,,,,,620,8.543419005805093,13.38514212053472
planned_path,,,,,,,,,,,,621,8.493419005060035,13.38514212053472
planned_path,,,,,,,,,,,,622,8.443419004314977,13.38514212053472
planned_path,,,,,,,,,,,,623,8.39341900356992,13.38514212053472
planned_path,,,,,,,,,,,,624,8.343419002824861,13.38514212053472
planned_path,,,,,,,,,,,,625,8.293419002079803,13.38514212053472
planned_path,,,,,,,,,,,,626,8.243419001334745,13.38514212053472
planned_path,,,,,,,,,,,,627,8.193419000589687,13.38514212053472
planned_path,,,,,,,,,,,,628,8.143418999844629,13.38514212053472
planned_path,,,,,,,,,,,,629,8.09341899909957,13.38514212053472
planned_path,,,,,,,,,,,,630,8.043418998354513,13.38514212053472
planned_path,,,,,,,,,,,,631,7.993418997609455,13.38514212053472
planned_path,,,,,,,,,,,,632,7.943418996864397,13.38514212053472
planned_path,,,,,,,,,,,,633,7.893418996119339,13.38514212053472
planned_path,,,,,,,,,,,,634,7.8434189953742806,13.38514212053472
planned_path,,,,,,,,,,,,635,7.7934189946292225,13.38514212053472
planned_path,,,,,,,,,,,,636,7.743418993884164,13.38514212053472
planned_path,,,,,,,,,,,,637,7.693418993139106,13.38514212053472
planned_path,,,,,,,,,,,,638,7.643418992394048,13.38514212053472
planned_path,,,,,,,,,,,,639,7.59341899164899,13.38514212053472
planned_path,,,,,,,,,,,,640,7.543418990903932,13.38514212053472
planned_path,,,,,,,,,,,,641,7.493418990158874,13.38514212053472
planned_path,,,,,,,,,,,,642,7.443418989413816,13.38514212053472
planned_path,,,,,,,,,,,,643,7.393418988668758,13.38514212053472
planned_path,,,,,,,,,,,,644,7.3434189879237,13.38514212053472
planned_path,,,,,,,,,,,,645,7.293418987178642,13.38514212053472
planned_path,,,,,,,,,,,,646,7.243418986433584,13.38514212053472
planned_path,,,,,,,,,,,,647,7.193418985688526,13.38514212053472
planned_path,,,,,,,,,,,,648,7.143418984943468,13.38514212053472
planned_path,,,,,,,,,,,,649,7.09341898419841,13.38514212053472
planned_path,,,,,,,,,,,,650,7.043418983453352,13.38514212053472
planned_path,,,,,,,,,,,,651,6.9934189827082935,13.38514212053472
planned_path,,,,,,,,,,,,652,6.9434189819632355,13.38514212053472
planned_path,,,,,,,,,,,,653,6.893418981218177,13.38514212053472
planned_path,,,,,,,,,,,,654,6.843418980473119,13.38514212053472
planned_path,,,,,,,,,,,,655,6.793418979728061,13.38514212053472
planned_path,,,,,,,,,,,,656,6.743418978983003,13.38514212053472
planned_path,,,,,,,,,,,,657,6.693418978237945,13.38514212053472
planned_path,,,,,,,,,,,,658,6.643418977492887,13.38514212053472
planned_path,,,,,,,,,,,,659,6.593418976747829,13.38514212053472
planned_path,,,,,,,,,,,,660,6.543418976002771,13.38514212053472
planned_path,,,,,,,,,,,,661,6.493418975257713,13.38514212053472
planned_path,,,,,,,,,,,,662,6.443418974512655,13.38514212053472
planned_path,,,,,,,,,,,,663,6.393418973767597,13.38514212053472
planned_path,,,,,,,,,,,,664,6.343418973022539,13.38514212053472
planned_path,,,,,,,,,,,,665,6.293418972277481,13.38514212053472
planned_path,,,,,,,,,,,,666,6.243418971532423,13.38514212053472
planned_path,,,,,,,,,,,,667,6.193418970787365,13.38514212053472
planned_path,,,,,,,,,,,,668,6.1434189700423065,13.38514212053472
planned_path,,,,,,,,,,,,669,6.0934189692972485,13.38514212053472
planned_path,,,,,,,,,,,,670,6.04341896855219,13.38514212053472
planned_path,,,,,,,,,,,,671,5.993418967807132,13.38514212053472
planned_path,,,,,,,,,,,,672,5.943418967062074,13.38514212053472
planned_path,,,,,,,,,,,,673,5.893418966317016,13.38514212053472
planned_path,,,,,,,,,,,,674,5.843418965571958,13.38514212053472
planned_path,,,,,,,,,,,,675,5.7934189648269,13.38514212053472
planned_path,,,,,,,,,,,,676,5.743418964081842,13.38514212053472
planned_path,,,,,,,,,,,,677,5.693418963336784,13.38514212053472
planned_path,,,,,,,,,,,,678,5.643418962591726,13.38514212053472
planned_path,,,,,,,,,,,,679,5.593418961846668,13.38514212053472
planned_path,,,,,,,,,,,,680,5.54341896110161,13.38514212053472
planned_path,,,,,,,,,,,,681,5.493418960356552,13.38514212053472
planned_path,,,,,,,,,,,,682,5.443418959611494,13.38514212053472
planned_path,,,,,,,,,,,,683,5.393418958866436,13.38514212053472
planned_path,,,,,,,,,,,,684,5.343418958121378,13.38514212053472
planned_path,,,,,,,,,,,,685,5.2934189573763195,13.38514212053472
planned_path,,,,,,,,,,,,686,5.2434189566312615,13.38514212053472
planned_path,,,,,,,,,,,,687,5.193418955886203,13.38514212053472
planned_path,,,,,,,,,,,,688,5.143418955141145,13.38514212053472
planned_path,,,,,,,,,,,,689,5.093418954396087,13.38514212053472
planned_path,,,,,,,,,,,,690,5.043418953651029,13.38514212053472
planned_path,,,,,,,,,,,,691,4.993418952905971,13.38514212053472
planned_path,,,,,,,,,,,,692,4.943418952160913,13.38514212053472
planned_path,,,,,,,,,,,,693,4.893418951415855,13.38514212053472
planned_path,,,,,,,,,,,,694,4.843418950670797,13.38514212053472
planned_path,,,,,,,,,,,,695,4.793418949925739,13.38514212053472
planned_path,,,,,,,,,,,,696,4.743418949180681,13.38514212053472
planned_path,,,,,,,,,,,,697,4.693418948435623,13.38514212053472
planned_path,,,,,,,,,,,,698,4.643418947690565,13.38514212053472
planned_path,,,,,,,,,,,,699,4.593418946945507,13.38514212053472
planned_path,,,,,,,,,,,,700,4.543418946200449,13.38514212053472
planned_path,,,,,,,,,,,,701,4.493418945455391,13.38514212053472
planned_path,,,,,,,,,,,,702,4.4434189447103325,13.38514212053472
planned_path,,,,,,,,,,,,703,4.393418943965274,13.38514212053472
planned_path,,,,,,,,,,,,704,4.343418943220216,13.38514212053472
planned_path,,,,,,,,,,,,705,4.293418942475158,13.38514212053472
planned_path,,,,,,,,,,,,706,4.2434189417301,13.38514212053472
planned_path,,,,,,,,,,,,707,4.193418940985042,13.38514212053472
planned_path,,,,,,,,,,,,708,4.143418940239984,13.38514212053472
planned_path,,,,,,,,,,,,709,4.093418939494926,13.38514212053472
planned_path,,,,,,,,,,,,710,4.043418938749868,13.38514212053472
planned_path,,,,,,,,,,,,711,3.99341893800481,13.38514212053472
planned_path,,,,,,,,,,,,712,3.943418937259752,13.38514212053472
planned_path,,,,,,,,,,,,713,3.893418936514694,13.38514212053472
planned_path,,,,,,,,,,,,714,3.843418935769636,13.38514212053472
planned_path,,,,,,,,,,,,715,3.7934189350245777,13.38514212053472
planned_path,,,,,,,,,,,,716,3.7434189342795197,13.38514212053472
planned_path,,,,,,,,,,,,717,3.6934189335344616,13.38514212053472
planned_path,,,,,,,,,,,,718,3.6434189327894035,13.38514212053472
planned_path,,,,,,,,,,,,719,3.5934189320443455,13.38514212053472
planned_path,,,,,,,,,,,,720,3.5434189312992874,13.38514212053472
planned_path,,,,,,,,,,,,721,3.4934189305542294,13.38514212053472
planned_path,,,,,,,,,,,,722,3.4434189298091713,13.38514212053472
planned_path,,,,,,,,,,,,723,3.3934189290641132,13.38514212053472
planned_path,,,,,,,,,,,,724,3.343418928319055,13.38514212053472
planned_path,,,,,,,,,,,,725,3.293418927573997,13.38514212053472
planned_path,,,,,,,,,,,,726,3.243418926828939,13.38514212053472
planned_path,,,,,,,,,,,,727,3.193418926083881,13.38514212053472
planned_path,,,,,,,,,,,,728,3.143418925338823,13.38514212053472
planned_path,,,,,,,,,,,,729,3.093418924593765,13.38514212053472
planned_path,,,,,,,,,,,,730,3.043418923848707,13.38514212053472
planned_path,,,,,,,,,,,,731,2.9934189231036488,13.38514212053472
planned_path,,,,,,,,,,,,732,2.9434189223585907,13.38514212053472
planned_path,,,,,,,,,,,,733,2.8934189216135326,13.38514212053472
planned_path,,,,,,,,,,,,734,2.8434189208684746,13.38514212053472
planned_path,,,,,,,,,,,,735,2.7934189201234165,13.38514212053472
planned_path,,,,,,,,,,,,736,2.7434189193783585,13.38514212053472
planned_path,,,,,,,,,,,,737,2.6934189186333004,13.38514212053472
planned_path,,,,,,,,,,,,738,2.6434189178882423,13.38514212053472
planned_path,,,,,,,,,,,,739,2.5934189171431843,13.38514212053472
planned_path,,,,,,,,,,,,740,2.5434189163981262,13.38514212053472
planned_path,,,,,,,,,,,,741,2.493418915653068,13.38514212053472
planned_path,,,,,,,,,,,,742,2.44341891490801,13.38514212053472
planned_path,,,,,,,,,,,,743,2.393418914162952,13.38514212053472
planned_path,,,,,,,,,,,,744,2.343418913417894,13.38514212053472
planned_path,,,,,,,,,,,,745,2.293418912672836,13.38514212053472
planned_path,,,,,,,,,,,,746,2.243418911927778,13.38514212053472
planned_path,,,,,,,,,,,,747,2.19341891118272,13.38514212053472
planned_path,,,,,,,,,,,,748,2.1434189104376618,13.38514212053472
planned_path,,,,,,,,,,,,749,2.0934189096926037,13.38514212053472
planned_path,,,,,,,,,,,,750,2.0434189089475456,13.38514212053472
planned_path,,,,,,,,,,,,751,1.9934189082024876,13.38514212053472
planned_path,,,,,,,,,,,,752,1.9434189074574295,13.38514212053472
planned_path,,,,,,,,,,,,753,1.8934189067123715,13.38514212053472
planned_path,,,,,,,,,,,,754,1.8434189059673134,13.38514212053472
planned_path,,,,,,,,,,,,755,1.7934189052222553,13.38514212053472
planned_path,,,,,,,,,,,,756,1.7434189044771973,13.38514212053472
planned_path,,,,,,,,,,,,757,1.6934189037321392,13.38514212053472
planned_path,,,,,,,,,,,,758,1.6434189029870812,13.38514212053472
planned_path,,,,,,,,,,,,759,1.593418902242023,13.38514212053472
planned_path,,,,,,,,,,,,760,1.543418901496965,13.38514212053472
planned_path,,,,,,,,,,,,761,1.493418900751907,13.38514212053472
planned_path,,,,,,,,,,,,762,1.443418900006849,13.38514212053472
planned_path,,,,,,,,,,,,763,1.3934188992617909,13.38514212053472
planned_path,,,,,,,,,,,,764,1.3434188985167328,13.38514212053472
planned_path,,,,,,,,,,,,765,1.2934188977716747,13.38514212053472
planned_path,,,,,,,,,,,,766,1.2434188970266167,13.38514212053472
planned_path,,,,,,,,,,,,767,1.1934188962815586,13.38514212053472
planned_path,,,,,,,,,,,,768,1.1434188955365006,13.38514212053472
planned_path,,,,,,,,,,,,769,1.0934188947914425,13.38514212053472
planned_path,,,,,,,,,,,,770,1.0434188940463844,13.38514212053472
planned_path,,,,,,,,,,,,771,0.9934188933013264,13.38514212053472
planned_path,,,,,,,,,,,,772,0.9434188925562683,13.38514212053472
planned_path,,,,,,,,,,,,773,0.8934188918112103,13.38514212053472
planned_path,,,,,,,,,,,,774,0.8434188910661522,13.38514212053472
planned_path,,,,,,,,,,,,775,0.7934188903210941,13.38514212053472
planned_path,,,,,,,,,,,,776,0.7434188895760361,13.38514212053472
planned_path,,,,,,,,,,,,777,0.693418888830978,13.38514212053472
planned_path,,,,,,,,,,,,778,0.64341888808592,13.38514212053472
planned_path,,,,,,,,,,,,779,0.5934188873408619,13.38514212053472
planned_path,,,,,,,,,,,,780,0.5434188865958038,13.38514212053472
planned_path,,,,,,,,,,,,781,0.4934188858507458,13.435142121279778
planned_path,,,,,,,,,,,,782,0.4434188851056877,13.435142121279778
planned_path,,,,,,,,,,,,783,0.39341888436062966,13.435142121279778
planned_path,,,,,,,,,,,,784,0.3434188836155716,13.435142121279778
planned_path,,,,,,,,,,,,785,0.29341888287051354,13.435142121279778
planned_path,,,,,,,,,,,,786,0.24341888212545548,13.435142121279778
planned_path,,,,,,,,,,,,787,0.19341888138039742,13.485142122024836
planned_path,,,,,,,,,,,,788,0.14341888063533936,13.485142122024836
planned_path,,,,,,,,,,,,789,0.0934188798902813,13.485142122024836
planned_path,,,,,,,,,,,,790,0.043418879145223244,13.485142122024836
planned_path,,,,,,,,,,,,791,-0.006581121599834816,13.485142122024836
planned_path,,,,,,,,,,,,792,-0.056581122344892876,13.485142122024836
planned_path,,,,,,,,,,,,793,-0.10658112308995094,13.535142122769894
planned_path,,,,,,,,,,,,794,-0.156581123835009,13.535142122769894
planned_path,,,,,,,,,,,,795,-0.20658112458006705,13.535142122769894
planned_path,,,,,,,,,,,,796,-0.20658112458006705,13.535142122769894
planned_path,,,,,,,,,,,,797,-0.2565811253251251,13.535142122769894
planned_path,,,,,,,,,,,,798,-0.3065811260701832,13.535142122769894
planned_path,,,,,,,,,,,,799,-0.35658112681524123,13.535142122769894
planned_path,,,,,,,,,,,,800,-0.4065811275602993,13.535142122769894
planned_path,,,,,,,,,,,,801,-0.45658112830535735,13.535142122769894
planned_path,,,,,,,,,,,,802,-0.5065811290504154,13.535142122769894
planned_path,,,,,,,,,,,,803,-0.5565811297954735,13.535142122769894
planned_path,,,,,,,,,,,,804,-0.6065811305405315,13.535142122769894
planned_path,,,,,,,,,,,,805,-0.6565811312855896,13.535142122769894
planned_path,,,,,,,,,,,,806,-0.7065811320306477,13.485142122024836
planned_path,,,,,,,,,,,,807,-0.7565811327757057,13.485142122024836
planned_path,,,,,,,,,,,,808,-0.8065811335207638,13.435142121279778
planned_path,,,,,,,,,,,,809,-0.8565811342658218,13.435142121279778
planned_path,,,,,,,,,,,,810,-0.8565811342658218,13.435142121279778
planned_path,,,,,,,,,,,,811,-0.9065811350108799,13.38514212053472
planned_path,,,,,,,,,,,,812,-0.956581135755938,13.335142119789662
planned_path,,,,,,,,,,,,813,-1.006581136500996,13.285142119044604
planned_path,,,,,,,,,,,,814,-1.056581137246054,13.285142119044604
planned_path,,,,,,,,,,,,815,-1.1065811379911121,13.285142119044604
planned_path,,,,,,,,,,,,816,-1.1565811387361702,13.285142119044604
planned_path,,,,,,,,,,,,817,-1.2065811394812282,13.235142118299546
planned_path,,,,,,,,,,,,818,-1.2565811402262863,13.185142117554488
planned_path,,,,,,,,,,,,819,-1.3065811409713444,13.185142117554488
planned_path,,,,,,,,,,,,820,-1.3565811417164024,13.13514211680943
planned_path,,,,,,,,,,,,821,-1.4065811424614605,13.13514211680943
planned_path,,,,,,,,,,,,822,-1.4065811424614605,13.13514211680943
planned_path,,,,,,,,,,,,823,-1.4065811424614605,13.085142116064372
planned_path,,,,,,,,,,,,824,-1.4065811424614605,13.035142115319314
planned_path,,,,,,,,,,,,825,-1.4065811424614605,12.985142114574256
planned_path,,,,,,,,,,,,826,-1.4065811424614605,12.935142113829198
planned_path,,,,,,,,,,,,827,-1.4065811424614605,12.88514211308414
planned_path,,,,,,,,,,,,828,-1.4065811424614605,12.835142112339081
planned_path,,,,,,,,,,,,829,-1.4065811424614605,12.785142111594023
planned_path,,,,,,,,,,,,830,-1.4065811424614605,12.735142110848965
planned_path,,,,,,,,,,,,831,-1.4065811424614605,12.685142110103907
planned_path,,,,,,,,,,,,832,-1.4065811424614605,12.63514210935885
planned_path,,,,,,,,,,,,833,-1.4065811424614605,12.585142108613791
planned_path,,,,,,,,,,,,834,-1.4065811424614605,12.535142107868733
planned_path,,,,,,,,,,,,835,-1.4065811424614605,12.485142107123675
planned_path,,,,,,,,,,,,836,-1.4065811424614605,12.435142106378617
planned_path,,,,,,,,,,,,837,-1.4065811424614605,12.385142105633559
planned_path,,,,,,,,,,,,838,-1.4065811424614605,12.3351421048885
planned_path,,,,,,,,,,,,839,-1.4065811424614605,12.285142104143443
planned_path,,,,,,,,,,,,840,-1.4065811424614605,12.235142103398385
planned_path,,,,,,,,,,,,841,-1.4065811424614605,12.185142102653327
planned_path,,,,,,,,,,,,842,-1.4065811424614605,12.135142101908269
planned_path,,,,,,,,,,,,843,-1.4065811424614605,12.08514210116321
planned_path,,,,,,,,,,,,844,-1.4065811424614605,12.035142100418152
planned_path,,,,,,,,,,,,845,-1.4065811424614605,11.985142099673094
planned_path,,,,,,,,,,,,846,-1.4065811424614605,11.935142098928036
planned_path,,,,,,,,,,,,847,-1.4565811432065185,11.885142098182978
planned_path,,,,,,,,,,,,848,-1.4565811432065185,11.83514209743792
planned_path,,,,,,,,,,,,849,-1.4565811432065185,11.785142096692862
planned_path,,,,,,,,,,,,850,-1.4565811432065185,11.735142095947804
planned_path,,,,,,,,,,,,851,-1.4565811432065185,11.685142095202746
planned_path,,,,,,,,,,,,852,-1.4565811432065185,11.635142094457688
planned_path,,,,,,,,,,,,853,-1.5065811439515766,11.58514209371263
planned_path,,,,,,,,,,,,854,-1.5065811439515766,11.535142092967572
planned_path,,,,,,,,,,,,855,-1.5065811439515766,11.485142092222514
planned_path,,,,,,,,,,,,856,-1.5065811439515766,11.485142092222514
planned_path,,,,,,,,,,,,857,-1.5065811439515766,11.435142091477456
planned_path,,,,,,,,,,,,858,-1.5065811439515766,11.385142090732398
planned_path,,,,,,,,,,,,859,-1.5065811439515766,11.33514208998734
planned_path,,,,,,,,,,,,860,-1.5565811446966347,11.285142089242282
planned_path,,,,,,,,,,,,861,-1.5565811446966347,11.235142088497224
planned_path,,,,,,,,,,,,862,-1.5565811446966347,11.185142087752165
planned_path,,,,,,,,,,,,863,-1.5565811446966347,11.135142087007107
planned_path,,,,,,,,,,,,864,-1.5565811446966347,11.08514208626205
planned_path,,,,,,,,,,,,865,-1.5565811446966347,11.035142085516991
planned_path,,,,,,,,,,,,866,-1.5565811446966347,10.985142084771933
planned_path,,,,,,,,,,,,867,-1.5565811446966347,10.935142084026875
planned_path,,,,,,,,,,,,868,-1.5565811446966347,10.885142083281817
planned_path,,,,,,,,,,,,869,-1.5565811446966347,10.835142082536759
planned_path,,,,,,,,,,,,870,-1.5565811446966347,10.785142081791701
planned_path,,,,,,,,,,,,871,-1.5565811446966347,10.735142081046643
planned_path,,,,,,,,,,,,872,-1.5565811446966347,10.685142080301585
planned_path,,,,,,,,,,,,873,-1.5565811446966347,10.635142079556527
planned_path,,,,,,,,,,,,874,-1.5565811446966347,10.585142078811469
planned_path,,,,,,,,,,,,875,-1.5565811446966347,10.53514207806641
planned_path,,,,,,,,,,,,876,-1.5565811446966347,10.485142077321353
planned_path,,,,,,,,,,,,877,-1.5565811446966347,10.435142076576295
planned_path,,,,,,,,,,,,878,-1.5565811446966347,10.385142075831236
planned_path,,,,,,,,,,,,879,-1.5565811446966347,10.335142075086178
planned_path,,,,,,,,,,,,880,-1.5565811446966347,10.28514207434112
planned_path,,,,,,,,,,,,881,-1.5565811446966347,10.235142073596062
planned_path,,,,,,,,,,,,882,-1.5565811446966347,10.185142072851004
planned_path,,,,,,,,,,,,883,-1.5565811446966347,10.135142072105946
planned_path,,,,,,,,,,,,884,-1.5565811446966347,10.085142071360888
planned_path,,,,,,,,,,,,885,-1.5565811446966347,10.03514207061583
planned_path,,,,,,,,,,,,886,-1.5565811446966347,9.985142069870772
planned_path,,,,,,,,,,,,887,-1.5565811446966347,9.935142069125714
planned_path,,,,,,,,,,,,888,-1.5565811446966347,9.885142068380656
planned_path,,,,,,,,,,,,889,-1.5565811446966347,9.835142067635598
planned_path,,,,,,,,,,,,890,-1.5565811446966347,9.78514206689054
planned_path,,,,,,,,,,,,891,-1.5565811446966347,9.735142066145482
planned_path,,,,,,,,,,,,892,-1.5565811446966347,9.685142065400424
planned_path,,,,,,,,,,,,893,-1.5565811446966347,9.635142064655366
planned_path,,,,,,,,,,,,894,-1.5565811446966347,9.585142063910308
planned_path,,,,,,,,,,,,895,-1.5565811446966347,9.53514206316525
planned_path,,,,,,,,,,,,896,-1.5565811446966347,9.485142062420191
planned_path,,,,,,,,,,,,897,-1.5565811446966347,9.435142061675133
planned_path,,,,,,,,,,,,898,-1.5565811446966347,9.385142060930075
planned_path,,,,,,,,,,,,899,-1.5565811446966347,9.335142060185017
planned_path,,,,,,,,,,,,900,-1.5565811446966347,9.28514205943996
planned_path,,,,,,,,,,,,901,-1.5565811446966347,9.235142058694901
planned_path,,,,,,,,,,,,902,-1.5565811446966347,9.185142057949843
planned_path,,,,,,,,,,,,903,-1.5565811446966347,9.135142057204785
planned_path,,,,,,,,,,,,904,-1.5565811446966347,9.085142056459727
planned_path,,,,,,,,,,,,905,-1.5565811446966347,9.035142055714669
planned_path,,,,,,,,,,,,906,-1.5565811446966347,8.98514205496961
planned_path,,,,,,,,,,,,907,-1.5565811446966347,8.935142054224553
planned_path,,,,,,,,,,,,908,-1.5565811446966347,8.885142053479495
planned_path,,,,,,,,,,,,909,-1.5565811446966347,8.835142052734437
planned_path,,,,,,,,,,,,910,-1.5565811446966347,8.785142051989379
planned_path,,,,,,,,,,,,911,-1.5565811446966347,8.73514205124432
planned_path,,,,,,,,,,,,912,-1.5565811446966347,8.685142050499262
planned_path,,,,,,,,,,,,913,-1.5565811446966347,8.635142049754204
planned_path,,,,,,,,,,,,914,-1.5565811446966347,8.585142049009146
planned_path,,,,,,,,,,,,915,-1.5565811446966347,8.535142048264088
planned_path,,,,,,,,,,,,916,-1.5565811446966347,8.48514204751903
planned_path,,,,,,,,,,,,917,-1.5565811446966347,8.435142046773972
planned_path,,,,,,,,,,,,918,-1.5565811446966347,8.385142046028914
planned_path,,,,,,,,,,,,919,-1.5565811446966347,8.335142045283856
planned_path,,,,,,,,,,,,920,-1.5565811446966347,8.285142044538798
planned_path,,,,,,,,,,,,921,-1.5065811439515766,8.23514204379374
planned_path,,,,,,,,,,,,922,-1.4565811432065185,8.185142043048682
planned_path,,,,,,,,,,,,923,-1.4065811424614605,8.135142042303624
planned_path,,,,,,,,,,,,924,-1.3565811417164024,8.085142041558566
planned_path,,,,,,,,,,,,925,-1.3065811409713444,8.035142040813508
planned_path,,,,,,,,,,,,926,-1.2565811402262863,7.98514204006845
planned_path,,,,,,,,,,,,927,-1.2065811394812282,7.935142039323392
planned_path,,,,,,,,,,,,928,-1.1565811387361702,7.8851420385783335
planned_path,,,,,,,,,,,,929,-1.1065811379911121,7.8351420378332755
planned_path,,,,,,,,,,,,930,-1.056581137246054,7.785142037088217
planned_path,,,,,,,,,,,,931,-1.006581136500996,7.735142036343159
planned_path,,,,,,,,,,,,932,-0.956581135755938,7.685142035598101
planned_path,,,,,,,,,,,,933,-0.9065811350108799,7.635142034853043
planned_path,,,,,,,,,,,,934,-0.8565811342658218,7.585142034107985
planned_path,,,,,,,,,,,,935,-0.8065811335207638,7.535142033362927
planned_path,,,,,,,,,,,,936,-0.7565811327757057,7.485142032617869
planned_path,,,,,,,,,,,,937,-0.7065811320306477,7.435142031872811
planned_path,,,,,,,,,,,,938,-0.6565811312855896,7.385142031127753
planned_path,,,,,,,,,,,,939,-0.6065811305405315,7.335142030382695
planned_path,,,,,,,,,,,,940,-0.5565811297954735,7.285142029637637
planned_path,,,,,,,,,,,,941,-0.5065811290504154,7.235142028892579
planned_path,,,,,,,,,,,,942,-0.45658112830535735,7.185142028147521
planned_path,,,,,,,,,,,,943,-0.4065811275602993,7.135142027402463
planned_path,,,,,,,,,,,,944,-0.35658112681524123,7.085142026657405
planned_path,,,,,,,,,,,,945,-0.3065811260701832,7.0351420259123465
planned_path,,,,,,,,,,,,946,-0.2565811253251251,6.985142025167288
planned_path,,,,,,,,,,,,947,-0.20658112458006705,6.93514202442223
planned_path,,,,,,,,,,,,948,-0.156581123835009,6.885142023677172
planned_path,,,,,,,,,,,,949,-0.10658112308995094,6.835142022932114
planned_path,,,,,,,,,,,,950,-0.056581122344892876,6.785142022187056
planned_path,,,,,,,,,,,,951,-0.006581121599834816,6.735142021441998
planned_path,,,,,,,,,,,,952,0.043418879145223244,6.68514202069694
planned_path,,,,,,,,,,,,953,0.0934188798902813,6.635142019951882
planned_path,,,,,,,,,,,,954,0.14341888063533936,6.585142019206824
planned_path,,,,,,,,,,,,955,0.19341888138039742,6.535142018461766
planned_path,,,,,,,,,,,,956,0.24341888212545548,6.485142017716708
planned_path,,,,,,,,,,,,957,0.29341888287051354,6.43514201697165
planned_path,,,,,,,,,,,,958,0.29341888287051354,6.385142016226592
planned_path,,,,,,,,,,,,959,0.29341888287051354,6.335142015481534
planned_path,,,,,,,,,,,,960,0.29341888287051354,6.285142014736476
planned_path,,,,,,,,,,,,961,0.29341888287051354,6.2351420139914175
planned_path,,,,,,,,,,,,962,0.29341888287051354,6.1851420132463595
planned_path,,,,,,,,,,,,963,0.3434188836155716,6.135142012501301
planned_path,,,,,,,,,,,,964,0.39341888436062966,6.085142011756243
planned_path,,,,,,,,,,,,965,0.4434188851056877,6.035142011011185
planned_path,,,,,,,,,,,,966,0.4934188858507458,5.985142010266127
planned_path,,,,,,,,,,,,967,0.5434188865958038,5.935142009521069
planned_path,,,,,,,,,,,,968,0.5934188873408619,5.885142008776011
planned_path,,,,,,,,,,,,969,0.64341888808592,5.835142008030953
planned_path,,,,,,,,,,,,970,0.693418888830978,5.785142007285895
planned_path,,,,,,,,,,,,971,0.7434188895760361,5.735142006540837
planned_path,,,,,,,,,,,,972,0.7934188903210941,5.685142005795779
planned_path,,,,,,,,,,,,973,0.8434188910661522,5.635142005050721
planned_path,,,,,,,,,,,,974,0.8934188918112103,5.585142004305663
planned_path,,,,,,,,,,,,975,0.9434188925562683,5.535142003560605
planned_path,,,,,,,,,,,,976,0.9934188933013264,5.485142002815547
planned_path,,,,,,,,,,,,977,1.0434188940463844,5.435142002070489
planned_path,,,,,,,,,,,,978,1.0934188947914425,5.3851420013254305
planned_path,,,,,,,,,,,,979,1.1434188955365006,5.3351420005803725
planned_path,,,,,,,,,,,,980,1.1934188962815586,5.285141999835314
planned_path,,,,,,,,,,,,981,1.2434188970266167,5.235141999090256
planned_path,,,,,,,,,,,,982,1.2934188977716747,5.185141998345198
planned_path,,,,,,,,,,,,983,1.3434188985167328,5.13514199760014
planned_path,,,,,,,,,,,,984,1.3934188992617909,5.085141996855082
planned_path,,,,,,,,,,,,985,1.443418900006849,5.035141996110024
planned_path,,,,,,,,,,,,986,1.493418900751907,4.985141995364966
planned_path,,,,,,,,,,,,987,1.543418901496965,4.935141994619908
planned_path,,,,,,,,,,,,988,1.593418902242023,4.88514199387485
planned_path,,,,,,,,,,,,989,1.593418902242023,4.88514199387485
planned_path,,,,,,,,,,,,990,1.6434189029870812,4.88514199387485
planned_path,,,,,,,,,,,,991,1.6934189037321392,4.88514199387485
planned_path,,,,,,,,,,,,992,1.7434189044771973,4.88514199387485
planned_path,,,,,,,,,,,,993,1.7934189052222553,4.88514199387485
planned_path,,,,,,,,,,,,994,1.8434189059673134,4.88514199387485
planned_path,,,,,,,,,,,,995,1.8934189067123715,4.88514199387485
planned_path,,,,,,,,,,,,996,1.9434189074574295,4.88514199387485
planned_path,,,,,,,,,,,,997,1.9934189082024876,4.88514199387485
planned_path,,,,,,,,,,,,998,2.0434189089475456,4.88514199387485
planned_path,,,,,,,,,,,,999,2.0934189096926037,4.88514199387485
planned_path,,,,,,,,,,,,1000,2.1434189104376618,4.88514199387485
planned_path,,,,,,,,,,,,1001,2.19341891118272,4.88514199387485
planned_path,,,,,,,,,,,,1002,2.243418911927778,4.88514199387485
planned_path,,,,,,,,,,,,1003,2.293418912672836,4.88514199387485
planned_path,,,,,,,,,,,,1004,2.343418913417894,4.88514199387485
planned_path,,,,,,,,,,,,1005,2.393418914162952,4.88514199387485
planned_path,,,,,,,,,,,,1006,2.44341891490801,4.88514199387485
planned_path,,,,,,,,,,,,1007,2.493418915653068,4.88514199387485
planned_path,,,,,,,,,,,,1008,2.5434189163981262,4.88514199387485
planned_path,,,,,,,,,,,,1009,2.5934189171431843,4.88514199387485
planned_path,,,,,,,,,,,,1010,2.6434189178882423,4.88514199387485
planned_path,,,,,,,,,,,,1011,2.6934189186333004,4.88514199387485
planned_path,,,,,,,,,,,,1012,2.7434189193783585,4.88514199387485
planned_path,,,,,,,,,,,,1013,2.7934189201234165,4.88514199387485
planned_path,,,,,,,,,,,,1014,2.8434189208684746,4.88514199387485
planned_path,,,,,,,,,,,,1015,2.8934189216135326,4.88514199387485
planned_path,,,,,,,,,,,,1016,2.9434189223585907,4.88514199387485
planned_path,,,,,,,,,,,,1017,2.9934189231036488,4.88514199387485
planned_path,,,,,,,,,,,,1018,3.043418923848707,4.88514199387485
planned_path,,,,,,,,,,,,1019,3.093418924593765,4.88514199387485
planned_path,,,,,,,,,,,,1020,3.143418925338823,4.88514199387485
planned_path,,,,,,,,,,,,1021,3.193418926083881,4.88514199387485
planned_path,,,,,,,,,,,,1022,3.243418926828939,4.88514199387485
planned_path,,,,,,,,,,,,1023,3.293418927573997,4.88514199387485
planned_path,,,,,,,,,,,,1024,3.343418928319055,4.88514199387485
planned_path,,,,,,,,,,,,1025,3.3934189290641132,4.88514199387485
planned_path,,,,,,,,,,,,1026,3.4434189298091713,4.88514199387485
planned_path,,,,,,,,,,,,1027,3.4934189305542294,4.88514199387485
planned_path,,,,,,,,,,,,1028,3.5434189312992874,4.88514199387485
planned_path,,,,,,,,,,,,1029,3.5934189320443455,4.88514199387485
planned_path,,,,,,,,,,,,1030,3.6434189327894035,4.88514199387485
planned_path,,,,,,,,,,,,1031,3.6934189335344616,4.88514199387485
planned_path,,,,,,,,,,,,1032,3.7434189342795197,4.88514199387485
planned_path,,,,,,,,,,,,1033,3.7934189350245777,4.88514199387485
planned_path,,,,,,,,,,,,1034,3.843418935769636,4.88514199387485
planned_path,,,,,,,,,,,,1035,3.893418936514694,4.88514199387485
planned_path,,,,,,,,,,,,1036,3.943418937259752,4.88514199387485
planned_path,,,,,,,,,,,,1037,3.99341893800481,4.88514199387485
planned_path,,,,,,,,,,,,1038,4.043418938749868,4.88514199387485
planned_path,,,,,,,,,,,,1039,4.093418939494926,4.88514199387485
planned_path,,,,,,,,,,,,1040,4.143418940239984,4.88514199387485
planned_path,,,,,,,,,,,,1041,4.193418940985042,4.88514199387485
planned_path,,,,,,,,,,,,1042,4.2434189417301,4.88514199387485
planned_path,,,,,,,,,,,,1043,4.293418942475158,4.88514199387485
planned_path,,,,,,,,,,,,1044,4.343418943220216,4.88514199387485
planned_path,,,,,,,,,,,,1045,4.393418943965274,4.88514199387485
planned_path,,,,,,,,,,,,1046,4.4434189447103325,4.88514199387485
planned_path,,,,,,,,,,,,1047,4.493418945455391,4.88514199387485
planned_path,,,,,,,,,,,,1048,4.543418946200449,4.88514199387485
planned_path,,,,,,,,,,,,1049,4.593418946945507,4.88514199387485
planned_path,,,,,,,,,,,,1050,4.643418947690565,4.88514199387485
planned_path,,,,,,,,,,,,1051,4.693418948435623,4.88514199387485
planned_path,,,,,,,,,,,,1052,4.743418949180681,4.88514199387485
planned_path,,,,,,,,,,,,1053,4.793418949925739,4.88514199387485
planned_path,,,,,,,,,,,,1054,4.843418950670797,4.88514199387485
planned_path,,,,,,,,,,,,1055,4.893418951415855,4.88514199387485
planned_path,,,,,,,,,,,,1056,4.943418952160913,4.88514199387485
planned_path,,,,,,,,,,,,1057,4.993418952905971,4.88514199387485
planned_path,,,,,,,,,,,,1058,5.043418953651029,4.88514199387485
planned_path,,,,,,,,,,,,1059,5.093418954396087,4.88514199387485
planned_path,,,,,,,,,,,,1060,5.143418955141145,4.88514199387485
planned_path,,,,,,,,,,,,1061,5.193418955886203,4.88514199387485
planned_path,,,,,,,,,,,,1062,5.2434189566312615,4.88514199387485
planned_path,,,,,,,,,,,,1063,5.2934189573763195,4.935141994619908
planned_path,,,,,,,,,,,,1064,5.343418958121378,4.935141994619908
planned_path,,,,,,,,,,,,1065,5.393418958866436,4.935141994619908
planned_path,,,,,,,,,,,,1066,5.443418959611494,4.985141995364966
planned_path,,,,,,,,,,,,1067,5.493418960356552,4.985141995364966
planned_path,,,,,,,,,,,,1068,5.54341896110161,5.035141996110024
planned_path,,,,,,,,,,,,1069,5.593418961846668,5.035141996110024
planned_path,,,,,,,,,,,,1070,5.643418962591726,5.085141996855082
planned_path,,,,,,,,,,,,1071,5.693418963336784,5.085141996855082
planned_path,,,,,,,,,,,,1072,5.743418964081842,5.13514199760014
planned_path,,,,,,,,,,,,1073,5.7934189648269,5.13514199760014
planned_path,,,,,,,,,,,,1074,5.843418965571958,5.185141998345198
planned_path,,,,,,,,,,,,1075,5.893418966317016,5.185141998345198
planned_path,,,,,,,,,,,,1076,5.943418967062074,5.185141998345198
planned_path,,,,,,,,,,,,1077,5.993418967807132,5.235141999090256
planned_path,,,,,,,,,,,,1078,6.04341896855219,5.235141999090256
planned_path,,,,,,,,,,,,1079,6.0934189692972485,5.285141999835314
planned_path,,,,,,,,,,,,1080,6.1434189700423065,5.285141999835314
planned_path,,,,,,,,,,,,1081,6.193418970787365,5.3351420005803725
planned_path,,,,,,,,,,,,1082,6.243418971532423,5.3351420005803725
planned_path,,,,,,,,,,,,1083,6.293418972277481,5.3851420013254305
planned_path,,,,,,,,,,,,1084,6.343418973022539,5.3851420013254305
planned_path,,,,,,,,,,,,1085,6.393418973767597,5.435142002070489
planned_path,,,,,,,,,,,,1086,6.443418974512655,5.435142002070489
planned_path,,,,,,,,,,,,1087,6.493418975257713,5.435142002070489
planned_path,,,,,,,,,,,,1088,6.543418976002771,5.485142002815547
planned_path,,,,,,,,,,,,1089,6.593418976747829,5.485142002815547
planned_path,,,,,,,,,,,,1090,6.643418977492887,5.535142003560605
planned_path,,,,,,,,,,,,1091,6.693418978237945,5.535142003560605
planned_path,,,,,,,,,,,,1092,6.743418978983003,5.585142004305663
planned_path,,,,,,,,,,,,1093,6.793418979728061,5.585142004305663
planned_path,,,,,,,,,,,,1094,6.843418980473119,5.635142005050721
planned_path,,,,,,,,,,,,1095,6.893418981218177,5.635142005050721
planned_path,,,,,,,,,,,,1096,6.9434189819632355,5.685142005795779
planned_path,,,,,,,,,,,,1097,6.9934189827082935,5.685142005795779
planned_path,,,,,,,,,,,,1098,7.043418983453352,5.685142005795779
planned_path,,,,,,,,,,,,1099,7.09341898419841,5.735142006540837
planned_path,,,,,,,,,,,,1100,7.143418984943468,5.735142006540837
planned_path,,,,,,,,,,,,1101,7.193418985688526,5.785142007285895
planned_path,,,,,,,,,,,,1102,7.243418986433584,5.785142007285895
planned_path,,,,,,,,,,,,1103,7.293418987178642,5.835142008030953
planned_path,,,,,,,,,,,,1104,7.3434189879237,5.835142008030953
planned_path,,,,,,,,,,,,1105,7.393418988668758,5.885142008776011
planned_path,,,,,,,,,,,,1106,7.443418989413816,5.885142008776011
planned_path,,,,,,,,,,,,1107,7.493418990158874,5.935142009521069
planned_path,,,,,,,,,,,,1108,7.543418990903932,5.935142009521069
planned_path,,,,,,,,,,,,1109,7.59341899164899,5.935142009521069
planned_path,,,,,,,,,,,,1110,7.643418992394048,5.985142010266127
planned_path,,,,,,,,,,,,1111,7.693418993139106,5.985142010266127
planned_path,,,,,,,,,,,,1112,7.743418993884164,6.035142011011185
planned_path,,,,,,,,,,,,1113,7.7934189946292225,6.035142011011185
planned_path,,,,,,,,,,,,1114,7.8434189953742806,6.085142011756243
planned_path,,,,,,,,,,,,1115,7.893418996119339,6.085142011756243
planned_path,,,,,,,,,,,,1116,7.943418996864397,6.135142012501301
planned_path,,,,,,,,,,,,1117,7.993418997609455,6.135142012501301
planned_path,,,,,,,,,,,,1118,8.043418998354513,6.1851420132463595
planned_path,,,,,,,,,,,,1119,8.09341899909957,6.1851420132463595
planned_path,,,,,,,,,,,,1120,8.143418999844629,6.1851420132463595
planned_path,,,,,,,,,,,,1121,8.193419000589687,6.2351420139914175
planned_path,,,,,,,,,,,,1122,8.243419001334745,6.2351420139914175
planned_path,,,,,,,,,,,,1123,8.293419002079803,6.285142014736476
planned_path,,,,,,,,,,,,1124,8.343419002824861,6.285142014736476
planned_path,,,,,,,,,,,,1125,8.39341900356992,6.335142015481534
planned_path,,,,,,,,,,,,1126,8.443419004314977,6.335142015481534
planned_path,,,,,,,,,,,,1127,8.493419005060035,6.385142016226592
planned_path,,,,,,,,,,,,1128,8.543419005805093,6.385142016226592
planned_path,,,,,,,,,,,,1129,8.593419006550151,6.43514201697165
planned_path,,,,,,,,,,,,1130,8.64341900729521,6.43514201697165
planned_path,,,,,,,,,,,,1131,8.693419008040268,6.485142017716708
planned_path,,,,,,,,,,,,1132,8.743419008785326,6.485142017716708
planned_path,,,,,,,,,,,,1133,8.793419009530384,6.485142017716708
planned_path,,,,,,,,,,,,1134,8.843419010275442,6.535142018461766
planned_path,,,,,,,,,,,,1135,8.8934190110205,6.535142018461766
planned_path,,,,,,,,,,,,1136,8.943419011765558,6.585142019206824
planned_path,,,,,,,,,,,,1137,8.993419012510616,6.585142019206824
planned_path,,,,,,,,,,,,1138,9.043419013255674,6.635142019951882
planned_path,,,,,,,,,,,,1139,9.093419014000732,6.635142019951882
planned_path,,,,,,,,,,,,1140,9.14341901474579,6.68514202069694
planned_path,,,,,,,,,,,,1141,9.193419015490848,6.68514202069694
planned_path,,,,,,,,,,,,1142,9.243419016235906,6.735142021441998
planned_path,,,,,,,,,,,,1143,9.293419016980964,6.735142021441998
planned_path,,,,,,,,,,,,1144,9.343419017726022,6.735142021441998
planned_path,,,,,,,,,,,,1145,9.39341901847108,6.785142022187056
planned_path,,,,,,,,,,,,1146,9.443419019216138,6.785142022187056
planned_path,,,,,,,,,,,,1147,9.493419019961197,6.835142022932114
planned_path,,,,,,,,,,,,1148,9.543419020706255,6.835142022932114
planned_path,,,,,,,,,,,,1149,9.593419021451313,6.885142023677172
planned_path,,,,,,,,,,,,1150,9.64341902219637,6.885142023677172
planned_path,,,,,,,,,,,,1151,9.693419022941429,6.93514202442223
planned_path,,,,,,,,,,,,1152,9.743419023686487,6.93514202442223
planned_path,,,,,,,,,,,,1153,9.793419024431545,6.985142025167288
planned_path,,,,,,,,,,,,1154,9.843419025176603,6.985142025167288
planned_path,,,,,,,,,,,,1155,9.893419025921661,6.985142025167288
planned_path,,,,,,,,,,,,1156,9.943419026666719,7.0351420259123465
planned_path,,,,,,,,,,,,1157,9.993419027411777,7.0351420259123465
planned_path,,,,,,,,,,,,1158,10.043419028156835,7.085142026657405
planned_path,,,,,,,,,,,,1159,10.093419028901893,7.085142026657405
planned_path,,,,,,,,,,,,1160,10.143419029646951,7.135142027402463
planned_path,,,,,,,,,,,,1161,10.19341903039201,7.135142027402463
planned_path,,,,,,,,,,,,1162,10.243419031137067,7.185142028147521
planned_path,,,,,,,,,,,,1163,10.293419031882125,7.185142028147521
planned_path,,,,,,,,,,,,1164,10.343419032627184,7.235142028892579
planned_path,,,,,,,,,,,,1165,10.393419033372242,7.235142028892579
planned_path,,,,,,,,,,,,1166,10.4434190341173,7.235142028892579
planned_path,,,,,,,,,,,,1167,10.493419034862358,7.285142029637637
planned_path,,,,,,,,,,,,1168,10.543419035607416,7.285142029637637
planned_path,,,,,,,,,,,,1169,10.593419036352474,7.335142030382695
planned_path,,,,,,,,,,,,1170,10.643419037097532,7.335142030382695
planned_path,,,,,,,,,,,,1171,10.69341903784259,7.385142031127753
planned_path,,,,,,,,,,,,1172,10.743419038587648,7.385142031127753
planned_path,,,,,,,,,,,,1173,10.793419039332706,7.435142031872811
planned_path,,,,,,,,,,,,1174,10.843419040077764,7.435142031872811
planned_path,,,,,,,,,,,,1175,10.893419040822822,7.485142032617869
planned_path,,,,,,,,,,,,1176,10.94341904156788,7.485142032617869
planned_path,,,,,,,,,,,,1177,10.993419042312938,7.485142032617869
planned_path,,,,,,,,,,,,1178,11.043419043057996,7.535142033362927
planned_path,,,,,,,,,,,,1179,11.093419043803054,7.535142033362927
planned_path,,,,,,,,,,,,1180,11.143419044548112,7.585142034107985
planned_path,,,,,,,,,,,,1181,11.19341904529317,7.585142034107985
planned_path,,,,,,,,,,,,1182,11.243419046038229,7.635142034853043
planned_path,,,,,,,,,,,,1183,11.293419046783287,7.635142034853043
planned_path,,,,,,,,,,,,1184,11.343419047528345,7.685142035598101
planned_path,,,,,,,,,,,,1185,11.393419048273403,7.685142035598101
planned_path,,,,,,,,,,,,1186,11.44341904901846,7.735142036343159
planned_path,,,,,,,,,,,,1187,11.493419049763519,7.785142037088217
planned_path,,,,,,,,,,,,1188,11.543419050508577,7.8351420378332755
planned_path,,,,,,,,,,,,1189,11.593419051253635,7.8851420385783335
planned_path,,,,,,,,,,,,1190,11.643419051998693,7.8851420385783335
planned_path,,,,,,,,,,,,1191,11.693419052743751,7.8851420385783335
planned_path,,,,,,,,,,,,1192,11.74341905348881,7.935142039323392
planned_path,,,,,,,,,,,,1193,11.793419054233867,7.935142039323392
planned_path,,,,,,,,,,,,1194,11.843419054978925,7.935142039323392
planned_path,,,,,,,,,,,,1195,11.893419055723983,7.935142039323392
planned_path,,,,,,,,,,,,1196,11.943419056469041,7.935142039323392
planned_path,,,,,,,,,,,,1197,11.9934190572141,7.98514204006845
planned_path,,,,,,,,,,,,1198,12.043419057959158,7.98514204006845
planned_path,,,,,,,,,,,,1199,12.093419058704216,7.98514204006845
planned_path,,,,,,,,,,,,1200,12.143419059449274,8.035142040813508
planned_path,,,,,,,,,,,,1201,12.193419060194332,8.035142040813508
planned_path,,,,,,,,,,,,1202,12.24341906093939,8.085142041558566
planned_path,,,,,,,,,,,,1203,12.293419061684448,8.085142041558566
planned_path,,,,,,,,,,,,1204,12.343419062429506,8.135142042303624
planned_path,,,,,,,,,,,,1205,12.393419063174564,8.135142042303624
planned_path,,,,,,,,,,,,1206,12.443419063919622,8.185142043048682
planned_path,,,,,,,,,,,,1207,12.49341906466468,8.185142043048682
planned_path,,,,,,,,,,,,1208,12.543419065409738,8.23514204379374
planned_path,,,,,,,,,,,,1209,12.593419066154796,8.23514204379374
planned_path,,,,,,,,,,,,1210,12.593419066154796,8.23514204379374
planned_path,,,,,,,,,,,,1211,12.593419066154796,8.185142043048682
planned_path,,,,,,,,,,,,1212,12.593419066154796,8.135142042303624
planned_path,,,,,,,,,,,,1213,12.593419066154796,8.085142041558566
planned_path,,,,,,,,,,,,1214,12.593419066154796,8.035142040813508
planned_path,,,,,,,,,,,,1215,12.643419066899854,7.98514204006845
planned_path,,,,,,,,,,,,1216,12.693419067644912,7.935142039323392
planned_path,,,,,,,,,,,,1217,12.74341906838997,7.8851420385783335
planned_path,,,,,,,,,,,,1218,12.793419069135028,7.8351420378332755
planned_path,,,,,,,,,,,,1219,12.843419069880087,7.785142037088217
planned_path,,,,,,,,,,,,1220,12.893419070625145,7.735142036343159
planned_path,,,,,,,,,,,,1221,12.943419071370203,7.685142035598101
planned_path,,,,,,,,,,,,1222,12.99341907211526,7.635142034853043
planned_path,,,,,,,,,,,,1223,12.99341907211526,7.585142034107985
planned_path,,,,,,,,,,,,1224,12.99341907211526,7.535142033362927
planned_path,,,,,,,,,,,,1225,12.99341907211526,7.485142032617869
planned_path,,,,,,,,,,,,1226,12.99341907211526,7.435142031872811
planned_path,,,,,,,,,,,,1227,12.99341907211526,7.385142031127753
planned_path,,,,,,,,,,,,1228,12.99341907211526,7.335142030382695
planned_path,,,,,,,,,,,,1229,12.99341907211526,7.285142029637637
planned_path,,,,,,,,,,,,1230,12.99341907211526,7.235142028892579
planned_path,,,,,,,,,,,,1231,12.99341907211526,7.185142028147521
planned_path,,,,,,,,,,,,1232,13.043419072860319,7.135142027402463
planned_path,,,,,,,,,,,,1233,13.043419072860319,7.085142026657405
planned_path,,,,,,,,,,,,1234,13.093419073605377,7.0351420259123465
planned_path,,,,,,,,,,,,1235,13.093419073605377,6.985142025167288
planned_path,,,,,,,,,,,,1236,13.093419073605377,6.985142025167288
planned_path,,,,,,,,,,,,1237,13.093419073605377,6.93514202442223
planned_path,,,,,,,,,,,,1238,13.093419073605377,6.885142023677172
planned_path,,,,,,,,,,,,1239,13.093419073605377,6.835142022932114
planned_path,,,,,,,,,,,,1240,13.093419073605377,6.785142022187056
planned_path,,,,,,,,,,,,1241,13.093419073605377,6.735142021441998
planned_path,,,,,,,,,,,,1242,13.093419073605377,6.68514202069694
planned_path,,,,,,,,,,,,1243,13.093419073605377,6.635142019951882
planned_path,,,,,,,,,,,,1244,13.093419073605377,6.585142019206824
planned_path,,,,,,,,,,,,1245,13.093419073605377,6.535142018461766
planned_path,,,,,,,,,,,,1246,13.093419073605377,6.485142017716708
planned_path,,,,,,,,,,,,1247,13.093419073605377,6.43514201697165
planned_path,,,,,,,,,,,,1248,13.093419073605377,6.385142016226592
planned_path,,,,,,,,,,,,1249,13.093419073605377,6.335142015481534
planned_path,,,,,,,,,,,,1250,13.093419073605377,6.285142014736476
planned_path,,,,,,,,,,,,1251,13.093419073605377,6.2351420139914175
planned_path,,,,,,,,,,,,1252,13.093419073605377,6.1851420132463595
planned_path,,,,,,,,,,,,1253,13.093419073605377,6.135142012501301
planned_path,,,,,,,,,,,,1254,13.093419073605377,6.085142011756243
planned_path,,,,,,,,,,,,1255,13.093419073605377,6.035142011011185
planned_path,,,,,,,,,,,,1256,13.093419073605377,5.985142010266127
planned_path,,,,,,,,,,,,1257,13.093419073605377,5.935142009521069
planned_path,,,,,,,,,,,,1258,13.093419073605377,5.885142008776011
planned_path,,,,,,,,,,,,1259,13.093419073605377,5.835142008030953
planned_path,,,,,,,,,,,,1260,13.093419073605377,5.785142007285895
planned_path,,,,,,,,,,,,1261,13.093419073605377,5.735142006540837
planned_path,,,,,,,,,,,,1262,13.093419073605377,5.685142005795779
planned_path,,,,,,,,,,,,1263,13.093419073605377,5.635142005050721
planned_path,,,,,,,,,,,,1264,13.093419073605377,5.585142004305663
planned_path,,,,,,,,,,,,1265,13.093419073605377,5.535142003560605
planned_path,,,,,,,,,,,,1266,13.093419073605377,5.485142002815547
planned_path,,,,,,,,,,,,1267,13.093419073605377,5.435142002070489
planned_path,,,,,,,,,,,,1268,13.093419073605377,5.3851420013254305
planned_path,,,,,,,,,,,,1269,13.093419073605377,5.3351420005803725
planned_path,,,,,,,,,,,,1270,13.093419073605377,5.285141999835314
planned_path,,,,,,,,,,,,1271,13.093419073605377,5.235141999090256
planned_path,,,,,,,,,,,,1272,13.093419073605377,5.185141998345198
planned_path,,,,,,,,,,,,1273,13.093419073605377,5.13514199760014
planned_path,,,,,,,,,,,,1274,13.093419073605377,5.085141996855082
planned_path,,,,,,,,,,,,1275,13.093419073605377,5.035141996110024
planned_path,,,,,,,,,,,,1276,13.093419073605377,4.985141995364966
planned_path,,,,,,,,,,,,1277,13.093419073605377,4.935141994619908
planned_path,,,,,,,,,,,,1278,13.093419073605377,4.88514199387485
planned_path,,,,,,,,,,,,1279,13.093419073605377,4.835141993129792
planned_path,,,,,,,,,,,,1280,13.093419073605377,4.785141992384734
planned_path,,,,,,,,,,,,1281,13.093419073605377,4.735141991639676
planned_path,,,,,,,,,,,,1282,13.093419073605377,4.685141990894618
planned_path,,,,,,,,,,,,1283,13.093419073605377,4.63514199014956
planned_path,,,,,,,,,,,,1284,13.093419073605377,4.585141989404502
planned_path,,,,,,,,,,,,1285,13.093419073605377,4.5351419886594435
planned_path,,,,,,,,,,,,1286,13.093419073605377,4.4851419879143855
planned_path,,,,,,,,,,,,1287,13.093419073605377,4.435141987169327
planned_path,,,,,,,,,,,,1288,13.093419073605377,4.385141986424269
planned_path,,,,,,,,,,,,1289,13.093419073605377,4.335141985679211
planned_path,,,,,,,,,,,,1290,13.093419073605377,4.285141984934153
planned_path,,,,,,,,,,,,1291,13.093419073605377,4.235141984189095
planned_path,,,,,,,,,,,,1292,13.093419073605377,4.185141983444037
planned_path,,,,,,,,,,,,1293,13.093419073605377,4.135141982698979
planned_path,,,,,,,,,,,,1294,13.093419073605377,4.085141981953921
planned_path,,,,,,,,,,,,1295,13.093419073605377,4.035141981208863
planned_path,,,,,,,,,,,,1296,13.093419073605377,3.985141980463805
planned_path,,,,,,,,,,,,1297,13.093419073605377,3.935141979718747
planned_path,,,,,,,,,,,,1298,13.093419073605377,3.8851419789736887
planned_path,,,,,,,,,,,,1299,13.093419073605377,3.8351419782286307
planned_path,,,,,,,,,,,,1300,13.093419073605377,3.7851419774835726
planned_path,,,,,,,,,,,,1301,13.093419073605377,3.7351419767385146
planned_path,,,,,,,,,,,,1302,13.093419073605377,3.6851419759934565
planned_path,,,,,,,,,,,,1303,13.093419073605377,3.6351419752483984
planned_path,,,,,,,,,,,,1304,13.093419073605377,3.5851419745033404
planned_path,,,,,,,,,,,,1305,13.043419072860319,3.5351419737582823
planned_path,,,,,,,,,,,,1306,13.043419072860319,3.4851419730132243
planned_path,,,,,,,,,,,,1307,12.99341907211526,3.435141972268166
planned_path,,,,,,,,,,,,1308,12.99341907211526,3.385141971523108
planned_path,,,,,,,,,,,,1309,12.943419071370203,3.33514197077805
planned_path,,,,,,,,,,,,1310,12.943419071370203,3.285141970032992
planned_path,,,,,,,,,,,,1311,12.943419071370203,3.235141969287934
planned_path,,,,,,,,,,,,1312,12.893419070625145,3.185141968542876
planned_path,,,,,,,,,,,,1313,12.893419070625145,3.135141967797818
planned_path,,,,,,,,,,,,1314,12.843419069880087,3.08514196705276
planned_path,,,,,,,,,,,,1315,12.843419069880087,3.0351419663077017
planned_path,,,,,,,,,,,,1316,12.793419069135028,2.9851419655626437
planned_path,,,,,,,,,,,,1317,12.793419069135028,2.9351419648175856
planned_path,,,,,,,,,,,,1318,12.74341906838997,2.8851419640725275
planned_path,,,,,,,,,,,,1319,12.74341906838997,2.8351419633274695
planned_path,,,,,,,,,,,,1320,12.693419067644912,2.7851419625824114
planned_path,,,,,,,,,,,,1321,12.693419067644912,2.7351419618373534
planned_path,,,,,,,,,,,,1322,12.693419067644912,2.7351419618373534
planned_path,,,,,,,,,,,,1323,12.643419066899854,2.6851419610922953
planned_path,,,,,,,,,,,,1324,12.593419066154796,2.6351419603472372
planned_path,,,,,,,,,,,,1325,12.543419065409738,2.585141959602179
planned_path,,,,,,,,,,,,1326,12.49341906466468,2.535141958857121
planned_path,,,,,,,,,,,,1327,12.443419063919622,2.485141958112063
planned_path,,,,,,,,,,,,1328,12.393419063174564,2.435141957367005
planned_path,,,,,,,,,,,,1329,12.343419062429506,2.385141956621947
planned_path,,,,,,,,,,,,1330,12.293419061684448,2.335141955876889
planned_path,,,,,,,,,,,,1331,12.24341906093939,2.285141955131831
planned_path,,,,,,,,,,,,1332,12.193419060194332,2.2351419543867728
planned_path,,,,,,,,,,,,1333,12.143419059449274,2.1851419536417147
planned_path,,,,,,,,,,,,1334,12.093419058704216,2.1351419528966566
planned_path,,,,,,,,,,,,1335,12.043419057959158,2.0851419521515986
planned_path,,,,,,,,,,,,1336,11.9934190572141,2.0351419514065405
planned_path,,,,,,,,,,,,1337,11.943419056469041,1.9851419506614825
planned_path,,,,,,,,,,,,1338,11.893419055723983,1.9351419499164244
planned_path,,,,,,,,,,,,1339,11.843419054978925,1.8851419491713663
planned_path,,,,,,,,,,,,1340,11.793419054233867,1.8351419484263083
planned_path,,,,,,,,,,,,1341,11.74341905348881,1.7851419476812502
planned_path,,,,,,,,,,,,1342,11.693419052743751,1.7351419469361922
planned_path,,,,,,,,,,,,1343,11.643419051998693,1.685141946191134
planned_path,,,,,,,,,,,,1344,11.593419051253635,1.635141945446076
planned_path,,,,,,,,,,,,1345,11.543419050508577,1.585141944701018
planned_path,,,,,,,,,,,,1346,11.493419049763519,1.53514194395596
planned_path,,,,,,,,,,,,1347,11.44341904901846,1.4851419432109019
planned_path,,,,,,,,,,,,1348,11.393419048273403,1.4851419432109019
planned_path,,,,,,,,,,,,1349,11.343419047528345,1.4851419432109019
planned_path,,,,,,,,,,,,1350,11.293419046783287,1.4351419424658438
planned_path,,,,,,,,,,,,1351,11.243419046038229,1.4351419424658438
planned_path,,,,,,,,,,,,1352,11.19341904529317,1.4351419424658438
planned_path,,,,,,,,,,,,1353,11.143419044548112,1.4351419424658438
planned_path,,,,,,,,,,,,1354,11.093419043803054,1.4351419424658438
planned_path,,,,,,,,,,,,1355,11.043419043057996,1.4351419424658438
planned_path,,,,,,,,,,,,1356,10.993419042312938,1.3851419417207858
planned_path,,,,,,,,,,,,1357,10.94341904156788,1.3851419417207858
planned_path,,,,,,,,,,,,1358,10.893419040822822,1.3851419417207858
planned_path,,,,,,,,,,,,1359,10.893419040822822,1.3851419417207858
planned_path,,,,,,,,,,,,1360,10.843419040077764,1.3851419417207858
planned_path,,,,,,,,,,,,1361,10.793419039332706,1.3851419417207858
planned_path,,,,,,,,,,,,1362,10.743419038587648,1.3851419417207858
planned_path,,,,,,,,,,,,1363,10.69341903784259,1.3851419417207858
planned_path,,,,,,,,,,,,1364,10.643419037097532,1.3851419417207858
planned_path,,,,,,,,,,,,1365,10.593419036352474,1.3851419417207858
planned_path,,,,,,,,,,,,1366,10.543419035607416,1.3851419417207858
planned_path,,,,,,,,,,,,1367,10.493419034862358,1.3851419417207858
planned_path,,,,,,,,,,,,1368,10.4434190341173,1.3851419417207858
planned_path,,,,,,,,,,,,1369,10.393419033372242,1.3851419417207858
planned_path,,,,,,,,,,,,1370,10.343419032627184,1.3851419417207858
planned_path,,,,,,,,,,,,1371,10.293419031882125,1.3851419417207858
planned_path,,,,,,,,,,,,1372,10.243419031137067,1.3851419417207858
planned_path,,,,,,,,,,,,1373,10.19341903039201,1.3851419417207858
planned_path,,,,,,,,,,,,1374,10.143419029646951,1.3851419417207858
planned_path,,,,,,,,,,,,1375,10.093419028901893,1.3851419417207858
planned_path,,,,,,,,,,,,1376,10.043419028156835,1.3851419417207858
planned_path,,,,,,,,,,,,1377,9.993419027411777,1.3851419417207858
planned_path,,,,,,,,,,,,1378,9.943419026666719,1.3851419417207858
planned_path,,,,,,,,,,,,1379,9.893419025921661,1.3851419417207858
planned_path,,,,,,,,,,,,1380,9.843419025176603,1.3851419417207858
planned_path,,,,,,,,,,,,1381,9.793419024431545,1.3851419417207858
planned_path,,,,,,,,,,,,1382,9.743419023686487,1.3851419417207858
planned_path,,,,,,,,,,,,1383,9.693419022941429,1.3851419417207858
planned_path,,,,,,,,,,,,1384,9.64341902219637,1.3851419417207858
planned_path,,,,,,,,,,,,1385,9.593419021451313,1.3851419417207858
planned_path,,,,,,,,,,,,1386,9.543419020706255,1.3851419417207858
planned_path,,,,,,,,,,,,1387,9.493419019961197,1.3851419417207858
planned_path,,,,,,,,,,,,1388,9.443419019216138,1.3851419417207858
planned_path,,,,,,,,,,,,1389,9.39341901847108,1.3851419417207858
planned_path,,,,,,,,,,,,1390,9.343419017726022,1.3851419417207858
planned_path,,,,,,,,,,,,1391,9.293419016980964,1.3851419417207858
planned_path,,,,,,,,,,,,1392,9.243419016235906,1.3851419417207858
planned_path,,,,,,,,,,,,1393,9.193419015490848,1.3851419417207858
planned_path,,,,,,,,,,,,1394,9.14341901474579,1.3851419417207858
planned_path,,,,,,,,,,,,1395,9.093419014000732,1.3851419417207858
planned_path,,,,,,,,,,,,1396,9.043419013255674,1.3851419417207858
planned_path,,,,,,,,,,,,1397,8.993419012510616,1.3851419417207858
planned_path,,,,,,,,,,,,1398,8.943419011765558,1.3851419417207858
planned_path,,,,,,,,,,,,1399,8.8934190110205,1.3851419417207858
planned_path,,,,,,,,,,,,1400,8.843419010275442,1.3851419417207858
planned_path,,,,,,,,,,,,1401,8.793419009530384,1.3851419417207858
planned_path,,,,,,,,,,,,1402,8.743419008785326,1.3851419417207858
planned_path,,,,,,,,,,,,1403,8.693419008040268,1.3851419417207858
planned_path,,,,,,,,,,,,1404,8.64341900729521,1.3851419417207858
planned_path,,,,,,,,,,,,1405,8.593419006550151,1.3851419417207858
planned_path,,,,,,,,,,,,1406,8.543419005805093,1.3851419417207858
planned_path,,,,,,,,,,,,1407,8.493419005060035,1.3851419417207858
planned_path,,,,,,,,,,,,1408,8.443419004314977,1.3851419417207858
planned_path,,,,,,,,,,,,1409,8.39341900356992,1.3851419417207858
planned_path,,,,,,,,,,,,1410,8.343419002824861,1.3851419417207858
planned_path,,,,,,,,,,,,1411,8.293419002079803,1.3851419417207858
planned_path,,,,,,,,,,,,1412,8.243419001334745,1.3851419417207858
planned_path,,,,,,,,,,,,1413,8.193419000589687,1.3851419417207858
planned_path,,,,,,,,,,,,1414,8.143418999844629,1.3851419417207858
planned_path,,,,,,,,,,,,1415,8.09341899909957,1.3851419417207858
planned_path,,,,,,,,,,,,1416,8.043418998354513,1.3851419417207858
planned_path,,,,,,,,,,,,1417,7.993418997609455,1.3851419417207858
planned_path,,,,,,,,,,,,1418,7.943418996864397,1.3851419417207858
planned_path,,,,,,,,,,,,1419,7.893418996119339,1.3851419417207858
planned_path,,,,,,,,,,,,1420,7.8434189953742806,1.3851419417207858
planned_path,,,,,,,,,,,,1421,7.7934189946292225,1.3851419417207858
planned_path,,,,,,,,,,,,1422,7.743418993884164,1.3851419417207858
planned_path,,,,,,,,,,,,1423,7.693418993139106,1.3851419417207858
planned_path,,,,,,,,,,,,1424,7.643418992394048,1.3851419417207858
planned_path,,,,,,,,,,,,1425,7.59341899164899,1.3851419417207858
planned_path,,,,,,,,,,,,1426,7.543418990903932,1.3851419417207858
planned_path,,,,,,,,,,,,1427,7.493418990158874,1.3851419417207858
planned_path,,,,,,,,,,,,1428,7.443418989413816,1.3851419417207858
planned_path,,,,,,,,,,,,1429,7.393418988668758,1.3851419417207858
planned_path,,,,,,,,,,,,1430,7.3434189879237,1.3851419417207858
planned_path,,,,,,,,,,,,1431,7.293418987178642,1.3851419417207858
planned_path,,,,,,,,,,,,1432,7.243418986433584,1.3851419417207858
planned_path,,,,,,,,,,,,1433,7.193418985688526,1.3851419417207858
planned_path,,,,,,,,,,,,1434,7.143418984943468,1.3851419417207858
planned_path,,,,,,,,,,,,1435,7.09341898419841,1.3851419417207858
planned_path,,,,,,,,,,,,1436,7.043418983453352,1.3851419417207858
planned_path,,,,,,,,,,,,1437,6.9934189827082935,1.3851419417207858
planned_path,,,,,,,,,,,,1438,6.9434189819632355,1.3851419417207858
planned_path,,,,,,,,,,,,1439,6.893418981218177,1.3851419417207858
planned_path,,,,,,,,,,,,1440,6.843418980473119,1.3851419417207858
planned_path,,,,,,,,,,,,1441,6.793418979728061,1.3851419417207858
planned_path,,,,,,,,,,,,1442,6.743418978983003,1.3851419417207858
planned_path,,,,,,,,,,,,1443,6.693418978237945,1.3851419417207858
planned_path,,,,,,,,,,,,1444,6.643418977492887,1.3851419417207858
planned_path,,,,,,,,,,,,1445,6.593418976747829,1.3851419417207858
planned_path,,,,,,,,,,,,1446,6.543418976002771,1.3851419417207858
planned_path,,,,,,,,,,,,1447,6.493418975257713,1.3851419417207858
planned_path,,,,,,,,,,,,1448,6.443418974512655,1.3851419417207858
planned_path,,,,,,,,,,,,1449,6.393418973767597,1.3851419417207858
planned_path,,,,,,,,,,,,1450,6.343418973022539,1.3851419417207858
planned_path,,,,,,,,,,,,1451,6.293418972277481,1.3851419417207858
planned_path,,,,,,,,,,,,1452,6.243418971532423,1.3851419417207858
planned_path,,,,,,,,,,,,1453,6.193418970787365,1.3851419417207858
planned_path,,,,,,,,,,,,1454,6.1434189700423065,1.3851419417207858
planned_path,,,,,,,,,,,,1455,6.0934189692972485,1.3851419417207858
planned_path,,,,,,,,,,,,1456,6.04341896855219,1.3851419417207858
planned_path,,,,,,,,,,,,1457,5.993418967807132,1.3851419417207858
planned_path,,,,,,,,,,,,1458,5.943418967062074,1.3851419417207858
planned_path,,,,,,,,,,,,1459,5.893418966317016,1.3851419417207858
planned_path,,,,,,,,,,,,1460,5.843418965571958,1.3851419417207858
planned_path,,,,,,,,,,,,1461,5.7934189648269,1.3851419417207858
planned_path,,,,,,,,,,,,1462,5.743418964081842,1.3851419417207858
planned_path,,,,,,,,,,,,1463,5.693418963336784,1.3851419417207858
planned_path,,,,,,,,,,,,1464,5.643418962591726,1.3851419417207858
planned_path,,,,,,,,,,,,1465,5.593418961846668,1.3351419409757277
planned_path,,,,,,,,,,,,1466,5.54341896110161,1.3351419409757277
planned_path,,,,,,,,,,,,1467,5.493418960356552,1.3351419409757277
planned_path,,,,,,,,,,,,1468,5.493418960356552,1.3351419409757277
planned_path,,,,,,,,,,,,1469,5.443418959611494,1.3351419409757277
planned_path,,,,,,,,,,,,1470,5.393418958866436,1.3351419409757277
planned_path,,,,,,,,,,,,1471,5.343418958121378,1.3351419409757277
planned_path,,,,,,,,,,,,1472,5.2934189573763195,1.3351419409757277
planned_path,,,,,,,,,,,,1473,5.2434189566312615,1.3351419409757277
planned_path,,,,,,,,,,,,1474,5.193418955886203,1.3351419409757277
planned_path,,,,,,,,,,,,1475,5.143418955141145,1.3351419409757277
planned_path,,,,,,,,,,,,1476,5.093418954396087,1.3351419409757277
planned_path,,,,,,,,,,,,1477,5.043418953651029,1.3351419409757277
planned_path,,,,,,,,,,,,1478,4.993418952905971,1.3351419409757277
planned_path,,,,,,,,,,,,1479,4.943418952160913,1.3351419409757277
planned_path,,,,,,,,,,,,1480,4.893418951415855,1.3351419409757277
planned_path,,,,,,,,,,,,1481,4.843418950670797,1.3351419409757277
planned_path,,,,,,,,,,,,1482,4.793418949925739,1.3351419409757277
planned_path,,,,,,,,,,,,1483,4.743418949180681,1.3351419409757277
planned_path,,,,,,,,,,,,1484,4.693418948435623,1.3351419409757277
planned_path,,,,,,,,,,,,1485,4.643418947690565,1.3351419409757277
planned_path,,,,,,,,,,,,1486,4.593418946945507,1.3351419409757277
planned_path,,,,,,,,,,,,1487,4.543418946200449,1.3351419409757277
planned_path,,,,,,,,,,,,1488,4.493418945455391,1.3351419409757277
planned_path,,,,,,,,,,,,1489,4.4434189447103325,1.3351419409757277
planned_path,,,,,,,,,,,,1490,4.393418943965274,1.3351419409757277
planned_path,,,,,,,,,,,,1491,4.343418943220216,1.3851419417207858
planned_path,,,,,,,,,,,,1492,4.293418942475158,1.3851419417207858
planned_path,,,,,,,,,,,,1493,4.2434189417301,1.3851419417207858
planned_path,,,,,,,,,,,,1494,4.193418940985042,1.3851419417207858
planned_path,,,,,,,,,,,,1495,4.143418940239984,1.3851419417207858
planned_path,,,,,,,,,,,,1496,4.093418939494926,1.3851419417207858
planned_path,,,,,,,,,,,,1497,4.043418938749868,1.3851419417207858
planned_path,,,,,,,,,,,,1498,3.99341893800481,1.3851419417207858
planned_path,,,,,,,,,,,,1499,3.943418937259752,1.3851419417207858
planned_path,,,,,,,,,,,,1500,3.893418936514694,1.3851419417207858
planned_path,,,,,,,,,,,,1501,3.843418935769636,1.3851419417207858
planned_path,,,,,,,,,,,,1502,3.7934189350245777,1.3851419417207858
planned_path,,,,,,,,,,,,1503,3.7434189342795197,1.3851419417207858
planned_path,,,,,,,,,,,,1504,3.6934189335344616,1.3851419417207858
planned_path,,,,,,,,,,,,1505,3.6434189327894035,1.3851419417207858
planned_path,,,,,,,,,,,,1506,3.5934189320443455,1.3851419417207858
planned_path,,,,,,,,,,,,1507,3.5434189312992874,1.3851419417207858
planned_path,,,,,,,,,,,,1508,3.4934189305542294,1.3851419417207858
planned_path,,,,,,,,,,,,1509,3.4434189298091713,1.3851419417207858
planned_path,,,,,,,,,,,,1510,3.3934189290641132,1.3851419417207858
planned_path,,,,,,,,,,,,1511,3.343418928319055,1.3851419417207858
planned_path,,,,,,,,,,,,1512,3.293418927573997,1.3851419417207858
planned_path,,,,,,,,,,,,1513,3.243418926828939,1.3851419417207858
planned_path,,,,,,,,,,,,1514,3.193418926083881,1.3851419417207858
planned_path,,,,,,,,,,,,1515,3.143418925338823,1.3851419417207858
planned_path,,,,,,,,,,,,1516,3.093418924593765,1.3851419417207858
planned_path,,,,,,,,,,,,1517,3.043418923848707,1.3851419417207858
planned_path,,,,,,,,,,,,1518,2.9934189231036488,1.3851419417207858
planned_path,,,,,,,,,,,,1519,2.9434189223585907,1.3851419417207858
planned_path,,,,,,,,,,,,1520,2.8934189216135326,1.3851419417207858
planned_path,,,,,,,,,,,,1521,2.8434189208684746,1.3851419417207858
planned_path,,,,,,,,,,,,1522,2.7934189201234165,1.3851419417207858
planned_path,,,,,,,,,,,,1523,2.7434189193783585,1.3851419417207858
planned_path,,,,,,,,,,,,1524,2.6934189186333004,1.3851419417207858
planned_path,,,,,,,,,,,,1525,2.6434189178882423,1.3851419417207858
planned_path,,,,,,,,,,,,1526,2.5934189171431843,1.3851419417207858
planned_path,,,,,,,,,,,,1527,2.5434189163981262,1.3851419417207858
planned_path,,,,,,,,,,,,1528,2.493418915653068,1.3851419417207858
planned_path,,,,,,,,,,,,1529,2.44341891490801,1.3851419417207858
planned_path,,,,,,,,,,,,1530,2.393418914162952,1.3851419417207858
planned_path,,,,,,,,,,,,1531,2.343418913417894,1.3851419417207858
planned_path,,,,,,,,,,,,1532,2.293418912672836,1.3851419417207858
planned_path,,,,,,,,,,,,1533,2.243418911927778,1.4351419424658438
planned_path,,,,,,,,,,,,1534,2.19341891118272,1.4851419432109019
planned_path,,,,,,,,,,,,1535,2.1434189104376618,1.53514194395596
planned_path,,,,,,,,,,,,1536,2.0934189096926037,1.585141944701018
planned_path,,,,,,,,,,,,1537,2.0434189089475456,1.635141945446076
planned_path,,,,,,,,,,,,1538,1.9934189082024876,1.685141946191134
planned_path,,,,,,,,,,,,1539,1.9434189074574295,1.7351419469361922
planned_path,,,,,,,,,,,,1540,1.8934189067123715,1.7851419476812502
planned_path,,,,,,,,,,,,1541,1.8434189059673134,1.8351419484263083
planned_path,,,,,,,,,,,,1542,1.7934189052222553,1.8851419491713663
planned_path,,,,,,,,,,,,1543,1.7434189044771973,1.9351419499164244
planned_path,,,,,,,,,,,,1544,1.6934189037321392,1.9851419506614825
planned_path,,,,,,,,,,,,1545,1.6434189029870812,2.0351419514065405
planned_path,,,,,,,,,,,,1546,1.593418902242023,2.0851419521515986
planned_path,,,,,,,,,,,,1547,1.543418901496965,2.1351419528966566
planned_path,,,,,,,,,,,,1548,1.493418900751907,2.1851419536417147
planned_path,,,,,,,,,,,,1549,1.443418900006849,2.2351419543867728
planned_path,,,,,,,,,,,,1550,1.3934188992617909,2.285141955131831
planned_path,,,,,,,,,,,,1551,1.3434188985167328,2.335141955876889
planned_path,,,,,,,,,,,,1552,1.3434188985167328,2.385141956621947
planned_path,,,,,,,,,,,,1553,1.3434188985167328,2.435141957367005
planned_path,,,,,,,,,,,,1554,1.2934188977716747,2.485141958112063
planned_path,,,,,,,,,,,,1555,1.2934188977716747,2.535141958857121
planned_path,,,,,,,,,,,,1556,1.2434188970266167,2.585141959602179
planned_path,,,,,,,,,,,,1557,1.2434188970266167,2.6351419603472372
planned_path,,,,,,,,,,,,1558,1.1934188962815586,2.6851419610922953
planned_path,,,,,,,,,,,,1559,1.1934188962815586,2.7351419618373534
planned_path,,,,,,,,,,,,1560,1.1434188955365006,2.7851419625824114
planned_path,,,,,,,,,,,,1561,1.1434188955365006,2.8351419633274695
planned_path,,,,,,,,,,,,1562,1.1434188955365006,2.8351419633274695
planned_path,,,,,,,,,,,,1563,1.1434188955365006,2.8851419640725275
planned_path,,,,,,,,,,,,1564,1.1434188955365006,2.9351419648175856
planned_path,,,,,,,,,,,,1565,1.1434188955365006,2.9851419655626437
planned_path,,,,,,,,,,,,1566,1.1434188955365006,3.0351419663077017
planned_path,,,,,,,,,,,,1567,1.1434188955365006,3.08514196705276
planned_path,,,,,,,,,,,,1568,1.1434188955365006,3.135141967797818
planned_path,,,,,,,,,,,,1569,1.1434188955365006,3.185141968542876
planned_path,,,,,,,,,,,,1570,1.0934188947914425,3.235141969287934
planned_path,,,,,,,,,,,,1571,1.0434188940463844,3.285141970032992
planned_path,,,,,,,,,,,,1572,1.0434188940463844,3.33514197077805
planned_path,,,,,,,,,,,,1573,1.0434188940463844,3.33514197077805
planned_path,,,,,,,,,,,,1574,0.9934188933013264,3.385141971523108
planned_path,,,,,,,,,,,,1575,0.9434188925562683,3.435141972268166
planned_path,,,,,,,,,,,,1576,0.8934188918112103,3.4851419730132243
planned_path,,,,,,,,,,,,1577,0.8934188918112103,3.5351419737582823
planned_path,,,,,,,,,,,,1578,0.8934188918112103,3.5851419745033404
planned_path,,,,,,,,,,,,1579,0.8934188918112103,3.6351419752483984
planned_path,,,,,,,,,,,,1580,0.8934188918112103,3.6851419759934565
planned_path,,,,,,,,,,,,1581,0.8434188910661522,3.7351419767385146
planned_path,,,,,,,,,,,,1582,0.8434188910661522,3.7851419774835726
planned_path,,,,,,,,,,,,1583,0.7934188903210941,3.8351419782286307
planned_path,,,,,,,,,,,,1584,0.7934188903210941,3.8851419789736887
planned_path,,,,,,,,,,,,1585,0.7934188903210941,3.8851419789736887
planned_path,,,,,,,,,,,,1586,0.7434188895760361,3.935141979718747
planned_path,,,,,,,,,,,,1587,0.693418888830978,3.985141980463805
planned_path,,,,,,,,,,,,1588,0.64341888808592,4.035141981208863
planned_path,,,,,,,,,,,,1589,0.5934188873408619,4.035141981208863
planned_path,,,,,,,,,,,,1590,0.5434188865958038,4.035141981208863
planned_path,,,,,,,,,,,,1591,0.4934188858507458,4.035141981208863
planned_path,,,,,,,,,,,,1592,0.4434188851056877,4.085141981953921
planned_path,,,,,,,,,,,,1593,0.39341888436062966,4.085141981953921
planned_path,,,,,,,,,,,,1594,0.3434188836155716,4.085141981953921
planned_path,,,,,,,,,,,,1595,0.3434188836155716,4.085141981953921
planned_path,,,,,,,,,,,,1596,0.29341888287051354,4.085141981953921
planned_path,,,,,,,,,,,,1597,0.24341888212545548,4.085141981953921
planned_path,,,,,,,,,,,,1598,0.19341888138039742,4.085141981953921
planned_path,,,,,,,,,,,,1599,0.14341888063533936,4.085141981953921
planned_path,,,,,,,,,,,,1600,0.0934188798902813,4.085141981953921
planned_path,,,,,,,,,,,,1601,0.043418879145223244,4.085141981953921
planned_path,,,,,,,,,,,,1602,-0.006581121599834816,4.085141981953921
planned_path,,,,,,,,,,,,1603,-0.056581122344892876,4.085141981953921
planned_path,,,,,,,,,,,,1604,-0.10658112308995094,4.085141981953921
planned_path,,,,,,,,,,,,1605,-0.156581123835009,4.085141981953921
planned_path,,,,,,,,,,,,1606,-0.20658112458006705,4.085141981953921
planned_path,,,,,,,,,,,,1607,-0.20658112458006705,4.085141981953921
planned_path,,,,,,,,,,,,1608,-0.2565811253251251,4.035141981208863
planned_path,,,,,,,,,,,,1609,-0.3065811260701832,3.985141980463805
planned_path,,,,,,,,,,,,1610,-0.35658112681524123,3.985141980463805
planned_path,,,,,,,,,,,,1611,-0.4065811275602993,3.985141980463805
planned_path,,,,,,,,,,,,1612,-0.45658112830535735,3.935141979718747
planned_path,,,,,,,,,,,,1613,-0.5065811290504154,3.935141979718747
planned_path,,,,,,,,,,,,1614,-0.5565811297954735,3.935141979718747
planned_path,,,,,,,,,,,,1615,-0.5565811297954735,3.935141979718747
planned_path,,,,,,,,,,,,1616,-0.6065811305405315,3.8851419789736887
planned_path,,,,,,,,,,,,1617,-0.6565811312855896,3.8351419782286307
planned_path,,,,,,,,,,,,1618,-0.7065811320306477,3.7851419774835726
planned_path,,,,,,,,,,,,1619,-0.7565811327757057,3.7351419767385146
planned_path,,,,,,,,,,,,1620,-0.8065811335207638,3.6851419759934565
planned_path,,,,,,,,,,,,1621,-0.8565811342658218,3.6851419759934565
planned_path,,,,,,,,,,,,1622,-0.9065811350108799,3.6851419759934565
planned_path,,,,,,,,,,,,1623,-0.9065811350108799,3.6851419759934565
planned_path,,,,,,,,,,,,1624,-0.956581135755938,3.6351419752483984
planned_path,,,,,,,,,,,,1625,-1.006581136500996,3.5851419745033404
planned_path,,,,,,,,,,,,1626,-1.056581137246054,3.5351419737582823
planned_path,,,,,,,,,,,,1627,-1.1065811379911121,3.4851419730132243
planned_path,,,,,,,,,,,,1628,-1.1565811387361702,3.435141972268166
planned_path,,,,,,,,,,,,1629,-1.1565811387361702,3.385141971523108
planned_path,,,,,,,,,,,,1630,-1.2065811394812282,3.33514197077805
planned_path,,,,,,,,,,,,1631,-1.2065811394812282,3.285141970032992
planned_path,,,,,,,,,,,,1632,-1.2065811394812282,3.235141969287934
planned_path,,,,,,,,,,,,1633,-1.2065811394812282,3.235141969287934
planned_path,,,,,,,,,,,,1634,-1.2565811402262863,3.185141968542876
planned_path,,,,,,,,,,,,1635,-1.3065811409713444,3.135141967797818
planned_path,,,,,,,,,,,,1636,-1.3565811417164024,3.08514196705276
planned_path,,,,,,,,,,,,1637,-1.3565811417164024,3.0351419663077017
planned_path,,,,,,,,,,,,1638,-1.3565811417164024,2.9851419655626437
planned_path,,,,,,,,,,,,1639,-1.3565811417164024,2.9351419648175856
planned_path,,,,,,,,,,,,1640,-1.3565811417164024,2.8851419640725275
planned_path,,,,,,,,,,,,1641,-1.4065811424614605,2.8351419633274695
planned_path,,,,,,,,,,,,1642,-1.4065811424614605,2.7851419625824114
planned_path,,,,,,,,,,,,1643,-1.4565811432065185,2.7351419618373534
planned_path,,,,,,,,,,,,1644,-1.4565811432065185,2.6851419610922953
planned_path,,,,,,,,,,,,1645,-1.4565811432065185,2.6851419610922953
planned_path,,,,,,,,,,,,1646,-1.4565811432065185,2.6351419603472372
planned_path,,,,,,,,,,,,1647,-1.4565811432065185,2.585141959602179
planned_path,,,,,,,,,,,,1648,-1.4565811432065185,2.535141958857121
planned_path,,,,,,,,,,,,1649,-1.4565811432065185,2.485141958112063
planned_path,,,,,,,,,,,,1650,-1.4565811432065185,2.435141957367005
planned_path,,,,,,,,,,,,1651,-1.4565811432065185,2.385141956621947
planned_path,,,,,,,,,,,,1652,-1.4565811432065185,2.335141955876889
planned_path,,,,,,,,,,,,1653,-1.4565811432065185,2.285141955131831
planned_path,,,,,,,,,,,,1654,-1.4565811432065185,2.2351419543867728
planned_path,,,,,,,,,,,,1655,-1.4565811432065185,2.1851419536417147
planned_path,,,,,,,,,,,,1656,-1.4065811424614605,2.1351419528966566
planned_path,,,,,,,,,,,,1657,-1.4065811424614605,2.0851419521515986
planned_path,,,,,,,,,,,,1658,-1.4065811424614605,2.0351419514065405
planned_path,,,,,,,,,,,,1659,-1.4065811424614605,2.0351419514065405
planned_path,,,,,,,,,,,,1660,-1.4065811424614605,1.9851419506614825
planned_path,,,,,,,,,,,,1661,-1.4065811424614605,1.9351419499164244
planned_path,,,,,,,,,,,,1662,-1.4065811424614605,1.8851419491713663
planned_path,,,,,,,,,,,,1663,-1.4065811424614605,1.8351419484263083
planned_path,,,,,,,,,,,,1664,-1.4065811424614605,1.7851419476812502
planned_path,,,,,,,,,,,,1665,-1.4065811424614605,1.7351419469361922
planned_path,,,,,,,,,,,,1666,-1.4065811424614605,1.685141946191134
planned_path,,,,,,,,,,,,1667,-1.3565811417164024,1.635141945446076
planned_path,,,,,,,,,,,,1668,-1.3065811409713444,1.585141944701018
planned_path,,,,,,,,,,,,1669,-1.3065811409713444,1.53514194395596
planned_path,,,,,,,,,,,,1670,-1.2565811402262863,1.4851419432109019
planned_path,,,,,,,,,,,,1671,-1.2565811402262863,1.4351419424658438
planned_path,,,,,,,,,,,,1672,-1.2565811402262863,1.4351419424658438
planned_path,,,,,,,,,,,,1673,-1.2065811394812282,1.3851419417207858
planned_path,,,,,,,,,,,,1674,-1.1565811387361702,1.3351419409757277
planned_path,,,,,,,,,,,,1675,-1.1065811379911121,1.2851419402306696
planned_path,,,,,,,,,,,,1676,-1.1065811379911121,1.2351419394856116
planned_path,,,,,,,,,,,,1677,-1.1065811379911121,1.1851419387405535
planned_path,,,,,,,,,,,,1678,-1.1065811379911121,1.1351419379954955
planned_path,,,,,,,,,,,,1679,-1.056581137246054,1.0851419372504374
planned_path,,,,,,,,,,,,1680,-1.006581136500996,1.0351419365053793
planned_path,,,,,,,,,,,,1681,-0.956581135755938,0.9851419357603213
planned_path,,,,,,,,,,,,1682,-0.9065811350108799,0.9351419350152632
planned_path,,,,,,,,,,,,1683,-0.8565811342658218,0.8851419342702052
planned_path,,,,,,,,,,,,1684,-0.8565811342658218,0.8351419335251471
planned_path,,,,,,,,,,,,1685,-0.8565811342658218,0.8351419335251471
planned_path,,,,,,,,,,,,1686,-0.8065811335207638,0.8351419335251471
planned_path,,,,,,,,,,,,1687,-0.7565811327757057,0.8351419335251471
planned_path,,,,,,,,,,,,1688,-0.7065811320306477,0.8351419335251471
planned_path,,,,,,,,,,,,1689,-0.6565811312855896,0.8351419335251471
planned_path,,,,,,,,,,,,1690,-0.6065811305405315,0.8351419335251471
planned_path,,,,,,,,,,,,1691,-0.5565811297954735,0.8351419335251471
planned_path,,,,,,,,,,,,1692,-0.5065811290504154,0.8351419335251471
planned_path,,,,,,,,,,,,1693,-0.45658112830535735,0.8351419335251471
planned_path,,,,,,,,,,,,1694,-0.4065811275602993,0.8351419335251471
planned_path,,,,,,,,,,,,1695,-0.35658112681524123,0.8351419335251471
planned_path,,,,,,,,,,,,1696,-0.3065811260701832,0.8351419335251471
planned_path,,,,,,,,,,,,1697,-0.2565811253251251,0.8351419335251471
planned_path,,,,,,,,,,,,1698,-0.20658112458006705,0.8351419335251471
planned_path,,,,,,,,,,,,1699,-0.156581123835009,0.8351419335251471
planned_path,,,,,,,,,,,,1700,-0.10658112308995094,0.8351419335251471
planned_path,,,,,,,,,,,,1701,-0.056581122344892876,0.8351419335251471
planned_path,,,,,,,,,,,,1702,-0.006581121599834816,0.8351419335251471
planned_path,,,,,,,,,,,,1703,0.043418879145223244,0.8351419335251471
planned_path,,,,,,,,,,,,1704,0.0934188798902813,0.8351419335251471
planned_path,,,,,,,,,,,,1705,0.14341888063533936,0.8351419335251471
planned_path,,,,,,,,,,,,1706,0.19341888138039742,0.8351419335251471
planned_path,,,,,,,,,,,,1707,0.24341888212545548,0.8351419335251471
planned_path,,,,,,,,,,,,1708,0.29341888287051354,0.8351419335251471
planned_path,,,,,,,,,,,,1709,0.3434188836155716,0.8351419335251471
planned_path,,,,,,,,,,,,1710,0.39341888436062966,0.8351419335251471
planned_path,,,,,,,,,,,,1711,0.4434188851056877,0.8351419335251471
planned_path,,,,,,,,,,,,1712,0.4934188858507458,0.8351419335251471
planned_path,,,,,,,,,,,,1713,0.5434188865958038,0.8351419335251471
planned_path,,,,,,,,,,,,1714,0.5934188873408619,0.8351419335251471
planned_path,,,,,,,,,,,,1715,0.64341888808592,0.8351419335251471
planned_path,,,,,,,,,,,,1716,0.693418888830978,0.8351419335251471
planned_path,,,,,,,,,,,,1717,0.7434188895760361,0.8351419335251471
planned_path,,,,,,,,,,,,1718,0.7934188903210941,0.8351419335251471
planned_path,,,,,,,,,,,,1719,0.8434188910661522,0.8351419335251471
planned_path,,,,,,,,,,,,1720,0.8934188918112103,0.8351419335251471
planned_path,,,,,,,,,,,,1721,0.9434188925562683,0.8351419335251471
planned_path,,,,,,,,,,,,1722,0.9934188933013264,0.8351419335251471
planned_path,,,,,,,,,,,,1723,1.0434188940463844,0.8351419335251471
planned_path,,,,,,,,,,,,1724,1.0934188947914425,0.8351419335251471
planned_path,,,,,,,,,,,,1725,1.1434188955365006,0.8351419335251471
planned_path,,,,,,,,,,,,1726,1.1934188962815586,0.8351419335251471
planned_path,,,,,,,,,,,,1727,1.2434188970266167,0.8351419335251471
planned_path,,,,,,,,,,,,1728,1.2934188977716747,0.8351419335251471
planned_path,,,,,,,,,,,,1729,1.3434188985167328,0.8351419335251471
planned_path,,,,,,,,,,,,1730,1.3934188992617909,0.8351419335251471
planned_path,,,,,,,,,,,,1731,1.443418900006849,0.8351419335251471
planned_path,,,,,,,,,,,,1732,1.493418900751907,0.8351419335251471
planned_path,,,,,,,,,,,,1733,1.543418901496965,0.8351419335251471
planned_path,,,,,,,,,,,,1734,1.593418902242023,0.8351419335251471
planned_path,,,,,,,,,,,,1735,1.6434189029870812,0.8351419335251471
planned_path,,,,,,,,,,,,1736,1.6934189037321392,0.8351419335251471
planned_path,,,,,,,,,,,,1737,1.7434189044771973,0.8351419335251471
planned_path,,,,,,,,,,,,1738,1.7934189052222553,0.8351419335251471
planned_path,,,,,,,,,,,,1739,1.8434189059673134,0.8351419335251471
planned_path,,,,,,,,,,,,1740,1.8934189067123715,0.8351419335251471
planned_path,,,,,,,,,,,,1741,1.9434189074574295,0.8351419335251471
planned_path,,,,,,,,,,,,1742,1.9934189082024876,0.8351419335251471
planned_path,,,,,,,,,,,,1743,2.0434189089475456,0.8351419335251471
planned_path,,,,,,,,,,,,1744,2.0934189096926037,0.8351419335251471
planned_path,,,,,,,,,,,,1745,2.1434189104376618,0.8351419335251471
planned_path,,,,,,,,,,,,1746,2.19341891118272,0.8351419335251471
planned_path,,,,,,,,,,,,1747,2.243418911927778,0.8351419335251471
planned_path,,,,,,,,,,,,1748,2.293418912672836,0.8351419335251471
planned_path,,,,,,,,,,,,1749,2.343418913417894,0.8351419335251471
planned_path,,,,,,,,,,,,1750,2.393418914162952,0.8351419335251471
planned_path,,,,,,,,,,,,1751,2.44341891490801,0.8351419335251471
planned_path,,,,,,,,,,,,1752,2.493418915653068,0.8351419335251471
planned_path,,,,,,,,,,,,1753,2.5434189163981262,0.8351419335251471
planned_path,,,,,,,,,,,,1754,2.5934189171431843,0.8351419335251471
planned_path,,,,,,,,,,,,1755,2.6434189178882423,0.8351419335251471
planned_path,,,,,,,,,,,,1756,2.6934189186333004,0.8351419335251471
planned_path,,,,,,,,,,,,1757,2.7434189193783585,0.8351419335251471
planned_path,,,,,,,,,,,,1758,2.7934189201234165,0.8351419335251471
planned_path,,,,,,,,,,,,1759,2.8434189208684746,0.8351419335251471
planned_path,,,,,,,,,,,,1760,2.8934189216135326,0.8351419335251471
planned_path,,,,,,,,,,,,1761,2.9434189223585907,0.8351419335251471
planned_path,,,,,,,,,,,,1762,2.9934189231036488,0.8351419335251471
planned_path,,,,,,,,,,,,1763,3.043418923848707,0.8351419335251471
planned_path,,,,,,,,,,,,1764,3.093418924593765,0.8351419335251471
planned_path,,,,,,,,,,,,1765,3.143418925338823,0.8351419335251471
planned_path,,,,,,,,,,,,1766,3.193418926083881,0.8351419335251471
planned_path,,,,,,,,,,,,1767,3.243418926828939,0.8351419335251471
planned_path,,,,,,,,,,,,1768,3.293418927573997,0.8351419335251471
planned_path,,,,,,,,,,,,1769,3.343418928319055,0.8351419335251471
planned_path,,,,,,,,,,,,1770,3.3934189290641132,0.8351419335251471
planned_path,,,,,,,,,,,,1771,3.4434189298091713,0.8351419335251471
planned_path,,,,,,,,,,,,1772,3.4934189305542294,0.8351419335251471
planned_path,,,,,,,,,,,,1773,3.5434189312992874,0.8351419335251471
planned_path,,,,,,,,,,,,1774,3.5934189320443455,0.8351419335251471
planned_path,,,,,,,,,,,,1775,3.6434189327894035,0.8351419335251471
planned_path,,,,,,,,,,,,1776,3.6934189335344616,0.8351419335251471
planned_path,,,,,,,,,,,,1777,3.7434189342795197,0.8351419335251471
planned_path,,,,,,,,,,,,1778,3.7934189350245777,0.8351419335251471
planned_path,,,,,,,,,,,,1779,3.843418935769636,0.8351419335251471
planned_path,,,,,,,,,,,,1780,3.893418936514694,0.8351419335251471
planned_path,,,,,,,,,,,,1781,3.943418937259752,0.8351419335251471
planned_path,,,,,,,,,,,,1782,3.99341893800481,0.8351419335251471
planned_path,,,,,,,,,,,,1783,4.043418938749868,0.8351419335251471
planned_path,,,,,,,,,,,,1784,4.093418939494926,0.8351419335251471
planned_path,,,,,,,,,,,,1785,4.143418940239984,0.8351419335251471
planned_path,,,,,,,,,,,,1786,4.193418940985042,0.8351419335251471
planned_path,,,,,,,,,,,,1787,4.2434189417301,0.8351419335251471
planned_path,,,,,,,,,,,,1788,4.293418942475158,0.8351419335251471
planned_path,,,,,,,,,,,,1789,4.343418943220216,0.8351419335251471
planned_path,,,,,,,,,,,,1790,4.393418943965274,0.8351419335251471
planned_path,,,,,,,,,,,,1791,4.4434189447103325,0.8351419335251471
planned_path,,,,,,,,,,,,1792,4.493418945455391,0.8351419335251471
planned_path,,,,,,,,,,,,1793,4.543418946200449,0.8351419335251471
planned_path,,,,,,,,,,,,1794,4.593418946945507,0.8351419335251471
planned_path,,,,,,,,,,,,1795,4.643418947690565,0.8351419335251471
planned_path,,,,,,,,,,,,1796,4.693418948435623,0.8351419335251471
planned_path,,,,,,,,,,,,1797,4.743418949180681,0.8351419335251471
planned_path,,,,,,,,,,,,1798,4.793418949925739,0.8351419335251471
planned_path,,,,,,,,,,,,1799,4.843418950670797,0.8351419335251471
planned_path,,,,,,,,,,,,1800,4.893418951415855,0.8351419335251471
planned_path,,,,,,,,,,,,1801,4.943418952160913,0.8351419335251471
planned_path,,,,,,,,,,,,1802,4.993418952905971,0.8351419335251471
planned_path,,,,,,,,,,,,1803,5.043418953651029,0.8351419335251471
planned_path,,,,,,,,,,,,1804,5.093418954396087,0.8351419335251471
planned_path,,,,,,,,,,,,1805,5.143418955141145,0.8351419335251471
planned_path,,,,,,,,,,,,1806,5.193418955886203,0.8351419335251471
planned_path,,,,,,,,,,,,1807,5.2434189566312615,0.8351419335251471
planned_path,,,,,,,,,,,,1808,5.2934189573763195,0.8351419335251471
planned_path,,,,,,,,,,,,1809,5.343418958121378,0.8351419335251471
planned_path,,,,,,,,,,,,1810,5.393418958866436,0.8351419335251471
planned_path,,,,,,,,,,,,1811,5.443418959611494,0.8351419335251471
planned_path,,,,,,,,,,,,1812,5.493418960356552,0.8351419335251471
planned_path,,,,,,,,,,,,1813,5.54341896110161,0.8351419335251471
planned_path,,,,,,,,,,,,1814,5.593418961846668,0.8351419335251471
planned_path,,,,,,,,,,,,1815,5.643418962591726,0.8351419335251471
planned_path,,,,,,,,,,,,1816,5.693418963336784,0.8351419335251471
planned_path,,,,,,,,,,,,1817,5.743418964081842,0.8351419335251471
planned_path,,,,,,,,,,,,1818,5.7934189648269,0.8351419335251471
planned_path,,,,,,,,,,,,1819,5.843418965571958,0.8351419335251471
planned_path,,,,,,,,,,,,1820,5.893418966317016,0.8351419335251471
planned_path,,,,,,,,,,,,1821,5.943418967062074,0.8351419335251471
planned_path,,,,,,,,,,,,1822,5.993418967807132,0.8351419335251471
planned_path,,,,,,,,,,,,1823,6.04341896855219,0.8351419335251471
planned_path,,,,,,,,,,,,1824,6.0934189692972485,0.8351419335251471
planned_path,,,,,,,,,,,,1825,6.1434189700423065,0.8351419335251471
planned_path,,,,,,,,,,,,1826,6.193418970787365,0.8351419335251471
planned_path,,,,,,,,,,,,1827,6.243418971532423,0.8351419335251471
planned_path,,,,,,,,,,,,1828,6.293418972277481,0.8351419335251471
planned_path,,,,,,,,,,,,1829,6.343418973022539,0.8351419335251471
planned_path,,,,,,,,,,,,1830,6.393418973767597,0.8351419335251471
planned_path,,,,,,,,,,,,1831,6.443418974512655,0.8351419335251471
planned_path,,,,,,,,,,,,1832,6.493418975257713,0.8351419335251471
planned_path,,,,,,,,,,,,1833,6.543418976002771,0.8351419335251471
planned_path,,,,,,,,,,,,1834,6.593418976747829,0.8351419335251471
planned_path,,,,,,,,,,,,1835,6.643418977492887,0.8351419335251471
planned_path,,,,,,,,,,,,1836,6.693418978237945,0.8351419335251471
planned_path,,,,,,,,,,,,1837,6.743418978983003,0.8351419335251471
planned_path,,,,,,,,,,,,1838,6.793418979728061,0.8351419335251471
planned_path,,,,,,,,,,,,1839,6.843418980473119,0.8351419335251471
planned_path,,,,,,,,,,,,1840,6.893418981218177,0.8351419335251471
planned_path,,,,,,,,,,,,1841,6.9434189819632355,0.8351419335251471
planned_path,,,,,,,,,,,,1842,6.9934189827082935,0.8351419335251471
planned_path,,,,,,,,,,,,1843,7.043418983453352,0.8351419335251471
planned_path,,,,,,,,,,,,1844,7.09341898419841,0.8351419335251471
planned_path,,,,,,,,,,,,1845,7.143418984943468,0.8351419335251471
planned_path,,,,,,,,,,,,1846,7.193418985688526,0.8351419335251471
planned_path,,,,,,,,,,,,1847,7.243418986433584,0.8351419335251471
planned_path,,,,,,,,,,,,1848,7.293418987178642,0.8351419335251471
planned_path,,,,,,,,,,,,1849,7.3434189879237,0.8351419335251471
planned_path,,,,,,,,,,,,1850,7.393418988668758,0.8351419335251471
planned_path,,,,,,,,,,,,1851,7.443418989413816,0.8351419335251471
planned_path,,,,,,,,,,,,1852,7.493418990158874,0.8351419335251471
planned_path,,,,,,,,,,,,1853,7.543418990903932,0.8351419335251471
planned_path,,,,,,,,,,,,1854,7.59341899164899,0.8351419335251471
planned_path,,,,,,,,,,,,1855,7.643418992394048,0.8351419335251471
planned_path,,,,,,,,,,,,1856,7.693418993139106,0.8351419335251471
planned_path,,,,,,,,,,,,1857,7.743418993884164,0.8351419335251471
planned_path,,,,,,,,,,,,1858,7.7934189946292225,0.8351419335251471
planned_path,,,,,,,,,,,,1859,7.8434189953742806,0.8351419335251471
planned_path,,,,,,,,,,,,1860,7.893418996119339,0.8351419335251471
planned_path,,,,,,,,,,,,1861,7.943418996864397,0.8351419335251471
planned_path,,,,,,,,,,,,1862,7.993418997609455,0.8351419335251471
planned_path,,,,,,,,,,,,1863,8.043418998354513,0.8351419335251471
planned_path,,,,,,,,,,,,1864,8.09341899909957,0.8351419335251471
planned_path,,,,,,,,,,,,1865,8.143418999844629,0.8351419335251471
planned_path,,,,,,,,,,,,1866,8.193419000589687,0.8351419335251471
planned_path,,,,,,,,,,,,1867,8.243419001334745,0.8351419335251471
planned_path,,,,,,,,,,,,1868,8.293419002079803,0.8351419335251471
planned_path,,,,,,,,,,,,1869,8.343419002824861,0.8351419335251471
planned_path,,,,,,,,,,,,1870,8.39341900356992,0.8351419335251471
planned_path,,,,,,,,,,,,1871,8.443419004314977,0.8351419335251471
planned_path,,,,,,,,,,,,1872,8.493419005060035,0.8351419335251471
planned_path,,,,,,,,,,,,1873,8.543419005805093,0.8351419335251471
planned_path,,,,,,,,,,,,1874,8.593419006550151,0.8351419335251471
planned_path,,,,,,,,,,,,1875,8.64341900729521,0.8351419335251471
planned_path,,,,,,,,,,,,1876,8.693419008040268,0.8351419335251471
planned_path,,,,,,,,,,,,1877,8.743419008785326,0.8351419335251471
planned_path,,,,,,,,,,,,1878,8.793419009530384,0.8351419335251471
planned_path,,,,,,,,,,,,1879,8.843419010275442,0.8351419335251471
planned_path,,,,,,,,,,,,1880,8.8934190110205,0.8351419335251471
planned_path,,,,,,,,,,,,1881,8.943419011765558,0.8351419335251471
planned_path,,,,,,,,,,,,1882,8.993419012510616,0.8351419335251471
planned_path,,,,,,,,,,,,1883,9.043419013255674,0.8351419335251471
planned_path,,,,,,,,,,,,1884,9.093419014000732,0.8351419335251471
planned_path,,,,,,,,,,,,1885,9.14341901474579,0.8351419335251471
planned_path,,,,,,,,,,,,1886,9.193419015490848,0.8351419335251471
planned_path,,,,,,,,,,,,1887,9.243419016235906,0.8351419335251471
planned_path,,,,,,,,,,,,1888,9.293419016980964,0.8351419335251471
planned_path,,,,,,,,,,,,1889,9.343419017726022,0.8351419335251471
planned_path,,,,,,,,,,,,1890,9.39341901847108,0.8351419335251471
planned_path,,,,,,,,,,,,1891,9.443419019216138,0.8351419335251471
planned_path,,,,,,,,,,,,1892,9.493419019961197,0.8351419335251471
planned_path,,,,,,,,,,,,1893,9.543419020706255,0.8351419335251471
planned_path,,,,,,,,,,,,1894,9.593419021451313,0.8351419335251471
planned_path,,,,,,,,,,,,1895,9.64341902219637,0.8351419335251471
planned_path,,,,,,,,,,,,1896,9.693419022941429,0.8351419335251471
planned_path,,,,,,,,,,,,1897,9.743419023686487,0.8351419335251471
planned_path,,,,,,,,,,,,1898,9.793419024431545,0.8351419335251471
planned_path,,,,,,,,,,,,1899,9.843419025176603,0.8351419335251471
planned_path,,,,,,,,,,,,1900,9.893419025921661,0.8351419335251471
planned_path,,,,,,,,,,,,1901,9.943419026666719,0.8351419335251471
planned_path,,,,,,,,,,,,1902,9.993419027411777,0.8351419335251471
planned_path,,,,,,,,,,,,1903,10.043419028156835,0.8351419335251471
planned_path,,,,,,,,,,,,1904,10.093419028901893,0.8351419335251471
planned_path,,,,,,,,,,,,1905,10.143419029646951,0.8351419335251471
planned_path,,,,,,,,,,,,1906,10.19341903039201,0.8351419335251471
planned_path,,,,,,,,,,,,1907,10.243419031137067,0.8351419335251471
planned_path,,,,,,,,,,,,1908,10.293419031882125,0.8351419335251471
planned_path,,,,,,,,,,,,1909,10.343419032627184,0.8351419335251471
planned_path,,,,,,,,,,,,1910,10.393419033372242,0.8351419335251471
planned_path,,,,,,,,,,,,1911,10.4434190341173,0.8351419335251471
planned_path,,,,,,,,,,,,1912,10.493419034862358,0.8351419335251471
planned_path,,,,,,,,,,,,1913,10.543419035607416,0.8351419335251471
planned_path,,,,,,,,,,,,1914,10.593419036352474,0.8351419335251471
planned_path,,,,,,,,,,,,1915,10.643419037097532,0.8351419335251471
planned_path,,,,,,,,,,,,1916,10.69341903784259,0.8351419335251471
planned_path,,,,,,,,,,,,1917,10.743419038587648,0.8351419335251471
planned_path,,,,,,,,,,,,1918,10.793419039332706,0.8351419335251471
planned_path,,,,,,,,,,,,1919,10.843419040077764,0.8351419335251471
planned_path,,,,,,,,,,,,1920,10.893419040822822,0.8351419335251471
planned_path,,,,,,,,,,,,1921,10.94341904156788,0.8351419335251471
planned_path,,,,,,,,,,,,1922,10.993419042312938,0.8351419335251471
planned_path,,,,,,,,,,,,1923,11.043419043057996,0.8351419335251471
planned_path,,,,,,,,,,,,1924,11.093419043803054,0.8351419335251471
planned_path,,,,,,,,,,,,1925,11.143419044548112,0.8351419335251471
planned_path,,,,,,,,,,,,1926,11.19341904529317,0.8351419335251471
planned_path,,,,,,,,,,,,1927,11.243419046038229,0.8351419335251471
planned_path,,,,,,,,,,,,1928,11.293419046783287,0.8351419335251471
planned_path,,,,,,,,,,,,1929,11.343419047528345,0.8351419335251471
planned_path,,,,,,,,,,,,1930,11.393419048273403,0.8351419335251471
planned_path,,,,,,,,,,,,1931,11.44341904901846,0.8351419335251471
planned_path,,,,,,,,,,,,1932,11.493419049763519,0.8351419335251471
planned_path,,,,,,,,,,,,1933,11.543419050508577,0.8351419335251471
planned_path,,,,,,,,,,,,1934,11.593419051253635,0.8351419335251471
planned_path,,,,,,,,,,,,1935,11.643419051998693,0.8351419335251471
planned_path,,,,,,,,,,,,1936,11.693419052743751,0.8351419335251471
planned_path,,,,,,,,,,,,1937,11.74341905348881,0.8351419335251471
planned_path,,,,,,,,,,,,1938,11.793419054233867,0.8351419335251471
planned_path,,,,,,,,,,,,1939,11.843419054978925,0.8351419335251471
planned_path,,,,,,,,,,,,1940,11.893419055723983,0.8351419335251471
planned_path,,,,,,,,,,,,1941,11.943419056469041,0.8351419335251471
planned_path,,,,,,,,,,,,1942,11.9934190572141,0.8351419335251471
planned_path,,,,,,,,,,,,1943,12.043419057959158,0.8351419335251471
planned_path,,,,,,,,,,,,1944,12.093419058704216,0.8351419335251471
planned_path,,,,,,,,,,,,1945,12.143419059449274,0.8351419335251471
planned_path,,,,,,,,,,,,1946,12.193419060194332,0.8351419335251471
planned_path,,,,,,,,,,,,1947,12.24341906093939,0.8351419335251471
planned_path,,,,,,,,,,,,1948,12.293419061684448,0.8351419335251471
planned_path,,,,,,,,,,,,1949,12.343419062429506,0.8351419335251471
planned_path,,,,,,,,,,,,1950,12.393419063174564,0.8351419335251471
planned_path,,,,,,,,,,,,1951,12.443419063919622,0.8351419335251471
planned_path,,,,,,,,,,,,1952,12.49341906466468,0.8351419335251471
planned_path,,,,,,,,,,,,1953,12.543419065409738,0.8351419335251471
planned_path,,,,,,,,,,,,1954,12.593419066154796,0.8351419335251471
planned_path,,,,,,,,,,,,1955,12.643419066899854,0.8351419335251471
planned_path,,,,,,,,,,,,1956,12.693419067644912,0.8351419335251471
planned_path,,,,,,,,,,,,1957,12.74341906838997,0.8351419335251471
planned_path,,,,,,,,,,,,1958,12.793419069135028,0.8351419335251471
planned_path,,,,,,,,,,,,1959,12.843419069880087,0.8351419335251471
planned_path,,,,,,,,,,,,1960,12.893419070625145,0.8351419335251471
planned_path,,,,,,,,,,,,1961,12.943419071370203,0.8351419335251471
planned_path,,,,,,,,,,,,1962,12.99341907211526,0.8351419335251471
planned_path,,,,,,,,,,,,1963,13.043419072860319,0.8351419335251471
planned_path,,,,,,,,,,,,1964,13.093419073605377,0.8351419335251471
planned_path,,,,,,,,,,,,1965,13.143419074350435,0.8351419335251471
planned_path,,,,,,,,,,,,1966,13.193419075095493,0.8351419335251471
planned_path,,,,,,,,,,,,1967,13.243419075840551,0.8351419335251471
planned_path,,,,,,,,,,,,1968,13.293419076585609,0.8351419335251471
planned_path,,,,,,,,,,,,1969,13.343419077330667,0.8351419335251471
planned_path,,,,,,,,,,,,1970,13.393419078075725,0.8351419335251471
planned_path,,,,,,,,,,,,1971,13.443419078820783,0.8351419335251471
planned_path,,,,,,,,,,,,1972,13.493419079565841,0.8351419335251471
planned_path,,,,,,,,,,,,1973,13.5434190803109,0.8351419335251471
planned_path,,,,,,,,,,,,1974,13.593419081055957,0.8351419335251471
planned_path,,,,,,,,,,,,1975,13.643419081801015,0.8351419335251471
planned_path,,,,,,,,,,,,1976,13.693419082546074,0.8351419335251471
planned_path,,,,,,,,,,,,1977,13.743419083291132,0.8351419335251471
planned_path,,,,,,,,,,,,1978,13.79341908403619,0.785141932780089
planned_path,,,,,,,,,,,,1979,13.843419084781248,0.785141932780089
planned_path,,,,,,,,,,,,1980,13.893419085526306,0.785141932780089
planned_path,,,,,,,,,,,,1981,13.943419086271364,0.785141932780089
planned_path,,,,,,,,,,,,1982,13.993419087016422,0.785141932780089
planned_path,,,,,,,,,,,,1983,14.04341908776148,0.785141932780089
planned_path,,,,,,,,,,,,1984,14.093419088506538,0.735141932035031
planned_path,,,,,,,,,,,,1985,14.143419089251596,0.735141932035031
planned_path,,,,,,,,,,,,1986,14.193419089996654,0.735141932035031
planned_path,,,,,,,,,,,,1987,14.193419089996654,0.735141932035031
planned_path,,,,,,,,,,,,1988,14.243419090741712,0.785141932780089
planned_path,,,,,,,,,,,,1989,14.29341909148677,0.8351419335251471
planned_path,,,,,,,,,,,,1990,14.343419092231828,0.8851419342702052
planned_path,,,,,,,,,,,,1991,14.393419092976886,0.9351419350152632
planned_path,,,,,,,,,,,,1992,14.443419093721944,0.9851419357603213
planned_path,,,,,,,,,,,,1993,14.493419094467002,1.0351419365053793
planned_path,,,,,,,,,,,,1994,14.54341909521206,1.0851419372504374
planned_path,,,,,,,,,,,,1995,14.593419095957119,1.1351419379954955
planned_path,,,,,,,,,,,,1996,14.643419096702177,1.1851419387405535
planned_path,,,,,,,,,,,,1997,14.693419097447235,1.2351419394856116
planned_path,,,,,,,,,,,,1998,14.743419098192293,1.2851419402306696
planned_path,,,,,,,,,,,,1999,14.79341909893735,1.3351419409757277
planned_path,,,,,,,,,,,,2000,14.843419099682409,1.3851419417207858
planned_path,,,,,,,,,,,,2001,14.893419100427467,1.4351419424658438
planned_path,,,,,,,,,,,,2002,14.943419101172525,1.4851419432109019
planned_path,,,,,,,,,,,,2003,14.993419101917583,1.53514194395596
planned_path,,,,,,,,,,,,2004,15.043419102662641,1.585141944701018
planned_path,,,,,,,,,,,,2005,15.043419102662641,1.635141945446076
planned_path,,,,,,,,,,,,2006,15.043419102662641,1.685141946191134
planned_path,,,,,,,,,,,,2007,15.0934191034077,1.7351419469361922
planned_path,,,,,,,,,,,,2008,15.0934191034077,1.7851419476812502
planned_path,,,,,,,,,,,,2009,15.0934191034077,1.8351419484263083
planned_path,,,,,,,,,,,,2010,15.0934191034077,1.8351419484263083
planned_path,,,,,,,,,,,,2011,15.0934191034077,1.8851419491713663
planned_path,,,,,,,,,,,,2012,15.0934191034077,1.9351419499164244
planned_path,,,,,,,,,,,,2013,15.0934191034077,1.9851419506614825
planned_path,,,,,,,,,,,,2014,15.0934191034077,2.0351419514065405
planned_path,,,,,,,,,,,,2015,15.0934191034077,2.0851419521515986
planned_path,,,,,,,,,,,,2016,15.0934191034077,2.1351419528966566
planned_path,,,,,,,,,,,,2017,15.0934191034077,2.1851419536417147
planned_path,,,,,,,,,,,,2018,15.143419104152757,2.2351419543867728
planned_path,,,,,,,,,,,,2019,15.143419104152757,2.285141955131831
planned_path,,,,,,,,,,,,2020,15.193419104897815,2.335141955876889
planned_path,,,,,,,,,,,,2021,15.193419104897815,2.385141956621947
planned_path,,,,,,,,,,,,2022,15.193419104897815,2.435141957367005
planned_path,,,,,,,,,,,,2023,15.193419104897815,2.485141958112063
planned_path,,,,,,,,,,,,2024,15.193419104897815,2.535141958857121
planned_path,,,,,,,,,,,,2025,15.193419104897815,2.585141959602179
planned_path,,,,,,,,,,,,2026,15.193419104897815,2.6351419603472372
planned_path,,,,,,,,,,,,2027,15.193419104897815,2.6851419610922953
planned_path,,,,,,,,,,,,2028,15.193419104897815,2.7351419618373534
planned_path,,,,,,,,,,,,2029,15.193419104897815,2.7851419625824114
planned_path,,,,,,,,,,,,2030,15.193419104897815,2.8351419633274695
planned_path,,,,,,,,,,,,2031,15.193419104897815,2.8851419640725275
planned_path,,,,,,,,,,,,2032,15.193419104897815,2.9351419648175856
planned_path,,,,,,,,,,,,2033,15.193419104897815,2.9851419655626437
planned_path,,,,,,,,,,,,2034,15.193419104897815,3.0351419663077017
planned_path,,,,,,,,,,,,2035,15.193419104897815,3.08514196705276
planned_path,,,,,,,,,,,,2036,15.193419104897815,3.135141967797818
planned_path,,,,,,,,,,,,2037,15.193419104897815,3.185141968542876
planned_path,,,,,,,,,,,,2038,15.193419104897815,3.235141969287934
planned_path,,,,,,,,,,,,2039,15.243419105642873,3.285141970032992
planned_path,,,,,,,,,,,,2040,15.243419105642873,3.33514197077805
planned_path,,,,,,,,,,,,2041,15.243419105642873,3.385141971523108
planned_path,,,,,,,,,,,,2042,15.243419105642873,3.385141971523108
planned_path,,,,,,,,,,,,2043,15.243419105642873,3.435141972268166
planned_path,,,,,,,,,,,,2044,15.243419105642873,3.4851419730132243
planned_path,,,,,,,,,,,,2045,15.243419105642873,3.5351419737582823
planned_path,,,,,,,,,,,,2046,15.243419105642873,3.5851419745033404
planned_path,,,,,,,,,,,,2047,15.243419105642873,3.6351419752483984
planned_path,,,,,,,,,,,,2048,15.243419105642873,3.6851419759934565
planned_path,,,,,,,,,,,,2049,15.243419105642873,3.7351419767385146
planned_path,,,,,,,,,,,,2050,15.243419105642873,3.7851419774835726
planned_path,,,,,,,,,,,,2051,15.243419105642873,3.8351419782286307
planned_path,,,,,,,,,,,,2052,15.243419105642873,3.8851419789736887
planned_path,,,,,,,,,,,,2053,15.243419105642873,3.935141979718747
planned_path,,,,,,,,,,,,2054,15.243419105642873,3.985141980463805
planned_path,,,,,,,,,,,,2055,15.243419105642873,4.035141981208863
planned_path,,,,,,,,,,,,2056,15.243419105642873,4.085141981953921
planned_path,,,,,,,,,,,,2057,15.243419105642873,4.135141982698979
planned_path,,,,,,,,,,,,2058,15.243419105642873,4.185141983444037
planned_path,,,,,,,,,,,,2059,15.243419105642873,4.235141984189095
planned_path,,,,,,,,,,,,2060,15.243419105642873,4.285141984934153
planned_path,,,,,,,,,,,,2061,15.243419105642873,4.335141985679211
planned_path,,,,,,,,,,,,2062,15.243419105642873,4.385141986424269
planned_path,,,,,,,,,,,,2063,15.243419105642873,4.435141987169327
planned_path,,,,,,,,,,,,2064,15.243419105642873,4.4851419879143855
planned_path,,,,,,,,,,,,2065,15.243419105642873,4.5351419886594435
planned_path,,,,,,,,,,,,2066,15.243419105642873,4.585141989404502
planned_path,,,,,,,,,,,,2067,15.243419105642873,4.63514199014956
planned_path,,,,,,,,,,,,2068,15.243419105642873,4.685141990894618
planned_path,,,,,,,,,,,,2069,15.243419105642873,4.735141991639676
planned_path,,,,,,,,,,,,2070,15.243419105642873,4.785141992384734
planned_path,,,,,,,,,,,,2071,15.243419105642873,4.835141993129792
planned_path,,,,,,,,,,,,2072,15.243419105642873,4.88514199387485
planned_path,,,,,,,,,,,,2073,15.243419105642873,4.935141994619908
planned_path,,,,,,,,,,,,2074,15.243419105642873,4.985141995364966
planned_path,,,,,,,,,,,,2075,15.243419105642873,5.035141996110024
planned_path,,,,,,,,,,,,2076,15.243419105642873,5.085141996855082
planned_path,,,,,,,,,,,,2077,15.243419105642873,5.13514199760014
planned_path,,,,,,,,,,,,2078,15.243419105642873,5.185141998345198
planned_path,,,,,,,,,,,,2079,15.243419105642873,5.235141999090256
planned_path,,,,,,,,,,,,2080,15.243419105642873,5.285141999835314
planned_path,,,,,,,,,,,,2081,15.243419105642873,5.3351420005803725
planned_path,,,,,,,,,,,,2082,15.243419105642873,5.3851420013254305
planned_path,,,,,,,,,,,,2083,15.243419105642873,5.435142002070489
planned_path,,,,,,,,,,,,2084,15.243419105642873,5.485142002815547
planned_path,,,,,,,,,,,,2085,15.243419105642873,5.535142003560605
planned_path,,,,,,,,,,,,2086,15.243419105642873,5.585142004305663
planned_path,,,,,,,,,,,,2087,15.243419105642873,5.635142005050721
planned_path,,,,,,,,,,,,2088,15.243419105642873,5.685142005795779
planned_path,,,,,,,,,,,,2089,15.243419105642873,5.735142006540837
planned_path,,,,,,,,,,,,2090,15.243419105642873,5.785142007285895
planned_path,,,,,,,,,,,,2091,15.243419105642873,5.835142008030953
planned_path,,,,,,,,,,,,2092,15.243419105642873,5.885142008776011
planned_path,,,,,,,,,,,,2093,15.243419105642873,5.935142009521069
planned_path,,,,,,,,,,,,2094,15.243419105642873,5.985142010266127
planned_path,,,,,,,,,,,,2095,15.243419105642873,6.035142011011185
planned_path,,,,,,,,,,,,2096,15.243419105642873,6.085142011756243
planned_path,,,,,,,,,,,,2097,15.243419105642873,6.135142012501301
planned_path,,,,,,,,,,,,2098,15.243419105642873,6.1851420132463595
planned_path,,,,,,,,,,,,2099,15.243419105642873,6.2351420139914175
planned_path,,,,,,,,,,,,2100,15.243419105642873,6.285142014736476
planned_path,,,,,,,,,,,,2101,15.243419105642873,6.335142015481534
planned_path,,,,,,,,,,,,2102,15.243419105642873,6.385142016226592
planned_path,,,,,,,,,,,,2103,15.243419105642873,6.43514201697165
planned_path,,,,,,,,,,,,2104,15.243419105642873,6.485142017716708
planned_path,,,,,,,,,,,,2105,15.243419105642873,6.535142018461766
planned_path,,,,,,,,,,,,2106,15.243419105642873,6.585142019206824
planned_path,,,,,,,,,,,,2107,15.243419105642873,6.635142019951882
planned_path,,,,,,,,,,,,2108,15.243419105642873,6.68514202069694
planned_path,,,,,,,,,,,,2109,15.243419105642873,6.735142021441998
planned_path,,,,,,,,,,,,2110,15.243419105642873,6.785142022187056
planned_path,,,,,,,,,,,,2111,15.243419105642873,6.835142022932114
planned_path,,,,,,,,,,,,2112,15.243419105642873,6.885142023677172
planned_path,,,,,,,,,,,,2113,15.243419105642873,6.93514202442223
planned_path,,,,,,,,,,,,2114,15.243419105642873,6.985142025167288
planned_path,,,,,,,,,,,,2115,15.243419105642873,7.0351420259123465
planned_path,,,,,,,,,,,,2116,15.243419105642873,7.085142026657405
planned_path,,,,,,,,,,,,2117,15.243419105642873,7.135142027402463
planned_path,,,,,,,,,,,,2118,15.243419105642873,7.185142028147521
planned_path,,,,,,,,,,,,2119,15.243419105642873,7.235142028892579
planned_path,,,,,,,,,,,,2120,15.243419105642873,7.285142029637637
planned_path,,,,,,,,,,,,2121,15.243419105642873,7.335142030382695
planned_path,,,,,,,,,,,,2122,15.243419105642873,7.385142031127753
planned_path,,,,,,,,,,,,2123,15.243419105642873,7.435142031872811
planned_path,,,,,,,,,,,,2124,15.243419105642873,7.485142032617869
planned_path,,,,,,,,,,,,2125,15.243419105642873,7.535142033362927
planned_path,,,,,,,,,,,,2126,15.243419105642873,7.585142034107985
planned_path,,,,,,,,,,,,2127,15.243419105642873,7.635142034853043
planned_path,,,,,,,,,,,,2128,15.243419105642873,7.685142035598101
planned_path,,,,,,,,,,,,2129,15.243419105642873,7.735142036343159
planned_path,,,,,,,,,,,,2130,15.243419105642873,7.785142037088217
planned_path,,,,,,,,,,,,2131,15.243419105642873,7.8351420378332755
planned_path,,,,,,,,,,,,2132,15.243419105642873,7.8851420385783335
planned_path,,,,,,,,,,,,2133,15.243419105642873,7.935142039323392
planned_path,,,,,,,,,,,,2134,15.243419105642873,7.98514204006845
planned_path,,,,,,,,,,,,2135,15.243419105642873,8.035142040813508
planned_path,,,,,,,,,,,,2136,15.243419105642873,8.085142041558566
planned_path,,,,,,,,,,,,2137,15.243419105642873,8.135142042303624
planned_path,,,,,,,,,,,,2138,15.243419105642873,8.185142043048682
planned_path,,,,,,,,,,,,2139,15.243419105642873,8.23514204379374
planned_path,,,,,,,,,,,,2140,15.243419105642873,8.285142044538798
planned_path,,,,,,,,,,,,2141,15.243419105642873,8.335142045283856
planned_path,,,,,,,,,,,,2142,15.243419105642873,8.385142046028914
planned_path,,,,,,,,,,,,2143,15.243419105642873,8.435142046773972
planned_path,,,,,,,,,,,,2144,15.243419105642873,8.48514204751903
planned_path,,,,,,,,,,,,2145,15.243419105642873,8.535142048264088
planned_path,,,,,,,,,,,,2146,15.243419105642873,8.585142049009146
planned_path,,,,,,,,,,,,2147,15.243419105642873,8.635142049754204
planned_path,,,,,,,,,,,,2148,15.243419105642873,8.685142050499262
planned_path,,,,,,,,,,,,2149,15.243419105642873,8.73514205124432
planned_path,,,,,,,,,,,,2150,15.243419105642873,8.785142051989379
planned_path,,,,,,,,,,,,2151,15.243419105642873,8.835142052734437
planned_path,,,,,,,,,,,,2152,15.243419105642873,8.885142053479495
planned_path,,,,,,,,,,,,2153,15.243419105642873,8.935142054224553
planned_path,,,,,,,,,,,,2154,15.243419105642873,8.98514205496961
planned_path,,,,,,,,,,,,2155,15.243419105642873,9.035142055714669
planned_path,,,,,,,,,,,,2156,15.243419105642873,9.085142056459727
planned_path,,,,,,,,,,,,2157,15.243419105642873,9.135142057204785
planned_path,,,,,,,,,,,,2158,15.243419105642873,9.185142057949843
planned_path,,,,,,,,,,,,2159,15.243419105642873,9.235142058694901
planned_path,,,,,,,,,,,,2160,15.243419105642873,9.28514205943996
planned_path,,,,,,,,,,,,2161,15.293419106387931,9.335142060185017
planned_path,,,,,,,,,,,,2162,15.293419106387931,9.385142060930075
planned_path,,,,,,,,,,,,2163,15.293419106387931,9.435142061675133
planned_path,,,,,,,,,,,,2164,15.293419106387931,9.485142062420191
planned_path,,,,,,,,,,,,2165,15.293419106387931,9.53514206316525
planned_path,,,,,,,,,,,,2166,15.293419106387931,9.585142063910308
planned_path,,,,,,,,,,,,2167,15.34341910713299,9.635142064655366
planned_path,,,,,,,,,,,,2168,15.34341910713299,9.685142065400424
planned_path,,,,,,,,,,,,2169,15.34341910713299,9.735142066145482
planned_path,,,,,,,,,,,,2170,15.443419108623106,11.985142099673094
planned_path,,,,,,,,,,,,2171,15.393419107878048,11.985142099673094
planned_path,,,,,,,,,,,,2172,15.393419107878048,12.035142100418152
planned_path,,,,,,,,,,,,2173,15.393419107878048,12.08514210116321
planned_path,,,,,,,,,,,,2174,15.393419107878048,12.135142101908269
planned_path,,,,,,,,,,,,2175,15.393419107878048,12.185142102653327
planned_path,,,,,,,,,,,,2176,15.393419107878048,12.235142103398385
planned_path,,,,,,,,,,,,2177,15.393419107878048,12.285142104143443
planned_path,,,,,,,,,,,,2178,15.393419107878048,12.3351421048885
planned_path,,,,,,,,,,,,2179,15.393419107878048,12.385142105633559
planned_path,,,,,,,,,,,,2180,15.34341910713299,12.435142106378617
planned_path,,,,,,,,,,,,2181,15.34341910713299,12.485142107123675
planned_path,,,,,,,,,,,,2182,15.293419106387931,12.535142107868733
planned_path,,,,,,,,,,,,2183,15.293419106387931,12.585142108613791
planned_path,,,,,,,,,,,,2184,15.243419105642873,12.63514210935885
planned_path,,,,,,,,,,,,2185,15.243419105642873,12.685142110103907
planned_path,,,,,,,,,,,,2186,15.193419104897815,12.735142110848965
planned_path,,,,,,,,,,,,2187,15.193419104897815,12.785142111594023
planned_path,,,,,,,,,,,,2188,15.193419104897815,12.785142111594023
planned_path,,,,,,,,,,,,2189,15.143419104152757,12.835142112339081
planned_path,,,,,,,,,,,,2190,15.0934191034077,12.88514211308414
planned_path,,,,,,,,,,,,2191,15.043419102662641,12.935142113829198
planned_path,,,,,,,,,,,,2192,14.993419101917583,12.985142114574256
planned_path,,,,,,,,,,,,2193,14.943419101172525,13.035142115319314
planned_path,,,,,,,,,,,,2194,14.893419100427467,13.085142116064372
planned_path,,,,,,,,,,,,2195,14.843419099682409,13.13514211680943
planned_path,,,,,,,,,,,,2196,14.79341909893735,13.185142117554488
planned_path,,,,,,,,,,,,2197,14.743419098192293,13.235142118299546
planned_path,,,,,,,,,,,,2198,14.693419097447235,13.235142118299546
planned_path,,,,,,,,,,,,2199,14.643419096702177,13.235142118299546
planned_path,,,,,,,,,,,,2200,14.643419096702177,13.235142118299546
planned_path,,,,,,,,,,,,2201,14.593419095957119,13.235142118299546
planned_path,,,,,,,,,,,,2202,14.54341909521206,13.235142118299546
planned_path,,,,,,,,,,,,2203,14.493419094467002,13.235142118299546
planned_path,,,,,,,,,,,,2204,14.443419093721944,13.235142118299546
planned_path,,,,,,,,,,,,2205,14.393419092976886,13.235142118299546
planned_path,,,,,,,,,,,,2206,14.343419092231828,13.235142118299546
planned_path,,,,,,,,,,,,2207,14.29341909148677,13.235142118299546
planned_path,,,,,,,,,,,,2208,14.243419090741712,13.235142118299546
planned_path,,,,,,,,,,,,2209,14.193419089996654,13.235142118299546
planned_path,,,,,,,,,,,,2210,14.143419089251596,13.235142118299546
planned_path,,,,,,,,,,,,2211,14.093419088506538,13.235142118299546
planned_path,,,,,,,,,,,,2212,14.04341908776148,13.285142119044604
planned_path,,,,,,,,,,,,2213,13.993419087016422,13.335142119789662
planned_path,,,,,,,,,,,,2214,13.943419086271364,13.38514212053472
planned_path,,,,,,,,,,,,2215,13.893419085526306,13.38514212053472
planned_path,,,,,,,,,,,,2216,13.843419084781248,13.38514212053472
planned_path,,,,,,,,,,,,2217,13.79341908403619,13.38514212053472
planned_path,,,,,,,,,,,,2218,13.743419083291132,13.38514212053472
planned_path,,,,,,,,,,,,2219,13.693419082546074,13.38514212053472
planned_path,,,,,,,,,,,,2220,13.643419081801015,13.38514212053472
planned_path,,,,,,,,,,,,2221,13.593419081055957,13.38514212053472
planned_path,,,,,,,,,,,,2222,13.5434190803109,13.38514212053472
planned_path,,,,,,,,,,,,2223,13.493419079565841,13.38514212053472
planned_path,,,,,,,,,,,,2224,13.443419078820783,13.38514212053472
planned_path,,,,,,,,,,,,2225,13.393419078075725,13.38514212053472
planned_path,,,,,,,,,,,,2226,13.343419077330667,13.38514212053472
planned_path,,,,,,,,,,,,2227,13.293419076585609,13.38514212053472
planned_path,,,,,,,,,,,,2228,13.243419075840551,13.38514212053472
planned_path,,,,,,,,,,,,2229,13.243419075840551,13.38514212053472
planned_path,,,,,,,,,,,,2230,13.193419075095493,13.38514212053472
planned_path,,,,,,,,,,,,2231,13.143419074350435,13.38514212053472
planned_path,,,,,,,,,,,,2232,13.093419073605377,13.38514212053472
planned_path,,,,,,,,,,,,2233,13.043419072860319,13.38514212053472
planned_path,,,,,,,,,,,,2234,12.99341907211526,13.38514212053472
planned_path,,,,,,,,,,,,2235,12.943419071370203,13.38514212053472
planned_path,,,,,,,,,,,,2236,12.893419070625145,13.38514212053472
planned_path,,,,,,,,,,,,2237,12.843419069880087,13.38514212053472
planned_path,,,,,,,,,,,,2238,12.793419069135028,13.38514212053472
planned_path,,,,,,,,,,,,2239,12.74341906838997,13.38514212053472
planned_path,,,,,,,,,,,,2240,12.693419067644912,13.38514212053472
planned_path,,,,,,,,,,,,2241,12.643419066899854,13.38514212053472
planned_path,,,,,,,,,,,,2242,12.593419066154796,13.38514212053472
planned_path,,,,,,,,,,,,2243,12.543419065409738,13.38514212053472
planned_path,,,,,,,,,,,,2244,12.49341906466468,13.38514212053472
planned_path,,,,,,,,,,,,2245,12.443419063919622,13.38514212053472
planned_path,,,,,,,,,,,,2246,12.393419063174564,13.38514212053472
planned_path,,,,,,,,,,,,2247,12.343419062429506,13.38514212053472
planned_path,,,,,,,,,,,,2248,12.293419061684448,13.38514212053472
planned_path,,,,,,,,,,,,2249,12.24341906093939,13.38514212053472
planned_path,,,,,,,,,,,,2250,12.193419060194332,13.38514212053472
planned_path,,,,,,,,,,,,2251,12.143419059449274,13.38514212053472
planned_path,,,,,,,,,,,,2252,12.093419058704216,13.38514212053472
planned_path,,,,,,,,,,,,2253,12.043419057959158,13.38514212053472
planned_path,,,,,,,,,,,,2254,11.9934190572141,13.38514212053472
planned_path,,,,,,,,,,,,2255,11.943419056469041,13.38514212053472
planned_path,,,,,,,,,,,,2256,11.893419055723983,13.38514212053472
planned_path,,,,,,,,,,,,2257,11.843419054978925,13.38514212053472
planned_path,,,,,,,,,,,,2258,11.793419054233867,13.38514212053472
planned_path,,,,,,,,,,,,2259,11.74341905348881,13.38514212053472
planned_path,,,,,,,,,,,,2260,11.693419052743751,13.38514212053472
planned_path,,,,,,,,,,,,2261,11.643419051998693,13.38514212053472
planned_path,,,,,,,,,,,,2262,11.593419051253635,13.38514212053472
planned_path,,,,,,,,,,,,2263,11.543419050508577,13.38514212053472
planned_path,,,,,,,,,,,,2264,11.493419049763519,13.38514212053472
planned_path,,,,,,,,,,,,2265,11.44341904901846,13.38514212053472
planned_path,,,,,,,,,,,,2266,11.393419048273403,13.38514212053472
planned_path,,,,,,,,,,,,2267,11.343419047528345,13.38514212053472
planned_path,,,,,,,,,,,,2268,11.293419046783287,13.38514212053472
planned_path,,,,,,,,,,,,2269,11.243419046038229,13.38514212053472
planned_path,,,,,,,,,,,,2270,11.19341904529317,13.38514212053472
planned_path,,,,,,,,,,,,2271,11.143419044548112,13.38514212053472
planned_path,,,,,,,,,,,,2272,11.093419043803054,13.38514212053472
planned_path,,,,,,,,,,,,2273,11.043419043057996,13.38514212053472
planned_path,,,,,,,,,,,,2274,10.993419042312938,13.38514212053472
planned_path,,,,,,,,,,,,2275,10.94341904156788,13.38514212053472
planned_path,,,,,,,,,,,,2276,10.893419040822822,13.38514212053472
planned_path,,,,,,,,,,,,2277,10.843419040077764,13.38514212053472
planned_path,,,,,,,,,,,,2278,10.793419039332706,13.38514212053472
planned_path,,,,,,,,,,,,2279,10.743419038587648,13.38514212053472
planned_path,,,,,,,,,,,,2280,10.69341903784259,13.38514212053472
planned_path,,,,,,,,,,,,2281,10.643419037097532,13.38514212053472
planned_path,,,,,,,,,,,,2282,10.593419036352474,13.38514212053472
planned_path,,,,,,,,,,,,2283,10.543419035607416,13.38514212053472
planned_path,,,,,,,,,,,,2284,10.493419034862358,13.38514212053472
planned_path,,,,,,,,,,,,2285,10.4434190341173,13.38514212053472
planned_path,,,,,,,,,,,,2286,10.393419033372242,13.38514212053472
planned_path,,,,,,,,,,,,2287,10.343419032627184,13.38514212053472
planned_path,,,,,,,,,,,,2288,10.293419031882125,13.38514212053472
planned_path,,,,,,,,,,,,2289,10.243419031137067,13.38514212053472
planned_path,,,,,,,,,,,,2290,10.19341903039201,13.38514212053472
planned_path,,,,,,,,,,,,2291,10.143419029646951,13.38514212053472
planned_path,,,,,,,,,,,,2292,10.093419028901893,13.38514212053472
planned_path,,,,,,,,,,,,2293,10.043419028156835,13.38514212053472
planned_path,,,,,,,,,,,,2294,9.993419027411777,13.38514212053472
planned_path,,,,,,,,,,,,2295,9.943419026666719,13.38514212053472
planned_path,,,,,,,,,,,,2296,9.893419025921661,13.38514212053472
planned_path,,,,,,,,,,,,2297,9.843419025176603,13.38514212053472
planned_path,,,,,,,,,,,,2298,9.793419024431545,13.38514212053472
planned_path,,,,,,,,,,,,2299,9.743419023686487,13.38514212053472
planned_path,,,,,,,,,,,,2300,9.693419022941429,13.38514212053472
planned_path,,,,,,,,,,,,2301,9.64341902219637,13.38514212053472
planned_path,,,,,,,,,,,,2302,9.593419021451313,13.38514212053472
planned_path,,,,,,,,,,,,2303,9.543419020706255,13.38514212053472
planned_path,,,,,,,,,,,,2304,9.493419019961197,13.38514212053472
planned_path,,,,,,,,,,,,2305,9.443419019216138,13.38514212053472
planned_path,,,,,,,,,,,,2306,9.39341901847108,13.38514212053472
planned_path,,,,,,,,,,,,2307,9.343419017726022,13.38514212053472
planned_path,,,,,,,,,,,,2308,9.293419016980964,13.38514212053472
planned_path,,,,,,,,,,,,2309,9.243419016235906,13.38514212053472
planned_path,,,,,,,,,,,,2310,9.193419015490848,13.38514212053472
planned_path,,,,,,,,,,,,2311,9.14341901474579,13.38514212053472
planned_path,,,,,,,,,,,,2312,9.093419014000732,13.38514212053472
planned_path,,,,,,,,,,,,2313,9.043419013255674,13.38514212053472
planned_path,,,,,,,,,,,,2314,8.993419012510616,13.38514212053472
planned_path,,,,,,,,,,,,2315,8.943419011765558,13.38514212053472
planned_path,,,,,,,,,,,,2316,8.8934190110205,13.38514212053472
planned_path,,,,,,,,,,,,2317,8.843419010275442,13.38514212053472
planned_path,,,,,,,,,,,,2318,8.793419009530384,13.38514212053472
planned_path,,,,,,,,,,,,2319,8.743419008785326,13.38514212053472
planned_path,,,,,,,,,,,,2320,8.693419008040268,13.38514212053472
planned_path,,,,,,,,,,,,2321,8.64341900729521,13.38514212053472
planned_path,,,,,,,,,,,,2322,8.593419006550151,13.38514212053472
planned_path,,,,,,,,,,,,2323,8.543419005805093,13.38514212053472
planned_path,,,,,,,,,,,,2324,8.493419005060035,13.38514212053472
planned_path,,,,,,,,,,,,2325,8.443419004314977,13.38514212053472
planned_path,,,,,,,,,,,,2326,8.39341900356992,13.38514212053472
planned_path,,,,,,,,,,,,2327,8.343419002824861,13.38514212053472
planned_path,,,,,,,,,,,,2328,8.293419002079803,13.38514212053472
planned_path,,,,,,,,,,,,2329,8.243419001334745,13.38514212053472
planned_path,,,,,,,,,,,,2330,8.193419000589687,13.38514212053472
planned_path,,,,,,,,,,,,2331,8.143418999844629,13.38514212053472
planned_path,,,,,,,,,,,,2332,8.09341899909957,13.38514212053472
planned_path,,,,,,,,,,,,2333,8.043418998354513,13.38514212053472
planned_path,,,,,,,,,,,,2334,7.993418997609455,13.38514212053472
planned_path,,,,,,,,,,,,2335,7.943418996864397,13.38514212053472
planned_path,,,,,,,,,,,,2336,7.893418996119339,13.38514212053472
planned_path,,,,,,,,,,,,2337,7.8434189953742806,13.38514212053472
planned_path,,,,,,,,,,,,2338,7.7934189946292225,13.38514212053472
planned_path,,,,,,,,,,,,2339,7.743418993884164,13.38514212053472
planned_path,,,,,,,,,,,,2340,7.693418993139106,13.38514212053472
planned_path,,,,,,,,,,,,2341,7.643418992394048,13.38514212053472
planned_path,,,,,,,,,,,,2342,7.59341899164899,13.38514212053472
planned_path,,,,,,,,,,,,2343,7.543418990903932,13.38514212053472
planned_path,,,,,,,,,,,,2344,7.493418990158874,13.38514212053472
planned_path,,,,,,,,,,,,2345,7.443418989413816,13.38514212053472
planned_path,,,,,,,,,,,,2346,7.393418988668758,13.38514212053472
planned_path,,,,,,,,,,,,2347,7.3434189879237,13.38514212053472
planned_path,,,,,,,,,,,,2348,7.293418987178642,13.38514212053472
planned_path,,,,,,,,,,,,2349,7.243418986433584,13.38514212053472
planned_path,,,,,,,,,,,,2350,7.193418985688526,13.38514212053472
planned_path,,,,,,,,,,,,2351,7.143418984943468,13.38514212053472
planned_path,,,,,,,,,,,,2352,7.09341898419841,13.38514212053472
planned_path,,,,,,,,,,,,2353,7.043418983453352,13.38514212053472
planned_path,,,,,,,,,,,,2354,6.9934189827082935,13.38514212053472
planned_path,,,,,,,,,,,,2355,6.9434189819632355,13.38514212053472
planned_path,,,,,,,,,,,,2356,6.893418981218177,13.38514212053472
planned_path,,,,,,,,,,,,2357,6.843418980473119,13.38514212053472
planned_path,,,,,,,,,,,,2358,6.793418979728061,13.38514212053472
planned_path,,,,,,,,,,,,2359,6.743418978983003,13.38514212053472
planned_path,,,,,,,,,,,,2360,6.693418978237945,13.38514212053472
planned_path,,,,,,,,,,,,2361,6.643418977492887,13.38514212053472
planned_path,,,,,,,,,,,,2362,6.593418976747829,13.38514212053472
planned_path,,,,,,,,,,,,2363,6.543418976002771,13.38514212053472
planned_path,,,,,,,,,,,,2364,6.493418975257713,13.38514212053472
planned_path,,,,,,,,,,,,2365,6.443418974512655,13.38514212053472
planned_path,,,,,,,,,,,,2366,6.393418973767597,13.38514212053472
planned_path,,,,,,,,,,,,2367,6.343418973022539,13.38514212053472
planned_path,,,,,,,,,,,,2368,6.293418972277481,13.38514212053472
planned_path,,,,,,,,,,,,2369,6.243418971532423,13.38514212053472
planned_path,,,,,,,,,,,,2370,6.193418970787365,13.38514212053472
planned_path,,,,,,,,,,,,2371,6.1434189700423065,13.38514212053472
planned_path,,,,,,,,,,,,2372,6.0934189692972485,13.38514212053472
planned_path,,,,,,,,,,,,2373,6.04341896855219,13.38514212053472
planned_path,,,,,,,,,,,,2374,5.993418967807132,13.38514212053472
planned_path,,,,,,,,,,,,2375,5.943418967062074,13.38514212053472
planned_path,,,,,,,,,,,,2376,5.893418966317016,13.38514212053472
planned_path,,,,,,,,,,,,2377,5.843418965571958,13.38514212053472
planned_path,,,,,,,,,,,,2378,5.7934189648269,13.38514212053472
planned_path,,,,,,,,,,,,2379,5.743418964081842,13.38514212053472
planned_path,,,,,,,,,,,,2380,5.693418963336784,13.38514212053472
planned_path,,,,,,,,,,,,2381,5.643418962591726,13.38514212053472
planned_path,,,,,,,,,,,,2382,5.593418961846668,13.38514212053472
planned_path,,,,,,,,,,,,2383,5.54341896110161,13.38514212053472
planned_path,,,,,,,,,,,,2384,5.493418960356552,13.38514212053472
planned_path,,,,,,,,,,,,2385,5.443418959611494,13.38514212053472
planned_path,,,,,,,,,,,,2386,5.393418958866436,13.38514212053472
planned_path,,,,,,,,,,,,2387,5.343418958121378,13.38514212053472
planned_path,,,,,,,,,,,,2388,5.2934189573763195,13.38514212053472
planned_path,,,,,,,,,,,,2389,5.2434189566312615,13.38514212053472
planned_path,,,,,,,,,,,,2390,5.193418955886203,13.38514212053472
planned_path,,,,,,,,,,,,2391,5.143418955141145,13.38514212053472
planned_path,,,,,,,,,,,,2392,5.093418954396087,13.38514212053472
planned_path,,,,,,,,,,,,2393,5.043418953651029,13.38514212053472
planned_path,,,,,,,,,,,,2394,4.993418952905971,13.38514212053472
planned_path,,,,,,,,,,,,2395,4.943418952160913,13.38514212053472
planned_path,,,,,,,,,,,,2396,4.893418951415855,13.38514212053472
planned_path,,,,,,,,,,,,2397,4.843418950670797,13.38514212053472
planned_path,,,,,,,,,,,,2398,4.793418949925739,13.38514212053472
planned_path,,,,,,,,,,,,2399,4.743418949180681,13.38514212053472
planned_path,,,,,,,,,,,,2400,4.693418948435623,13.38514212053472
planned_path,,,,,,,,,,,,2401,4.643418947690565,13.38514212053472
planned_path,,,,,,,,,,,,2402,4.593418946945507,13.38514212053472
planned_path,,,,,,,,,,,,2403,4.543418946200449,13.38514212053472
planned_path,,,,,,,,,,,,2404,4.493418945455391,13.38514212053472
planned_path,,,,,,,,,,,,2405,4.4434189447103325,13.38514212053472
planned_path,,,,,,,,,,,,2406,4.393418943965274,13.38514212053472
planned_path,,,,,,,,,,,,2407,4.343418943220216,13.38514212053472
planned_path,,,,,,,,,,,,2408,4.293418942475158,13.38514212053472
planned_path,,,,,,,,,,,,2409,4.2434189417301,13.38514212053472
planned_path,,,,,,,,,,,,2410,4.193418940985042,13.38514212053472
planned_path,,,,,,,,,,,,2411,4.143418940239984,13.38514212053472
planned_path,,,,,,,,,,,,2412,4.093418939494926,13.38514212053472
planned_path,,,,,,,,,,,,2413,4.043418938749868,13.38514212053472
planned_path,,,,,,,,,,,,2414,3.99341893800481,13.38514212053472
planned_path,,,,,,,,,,,,2415,3.943418937259752,13.38514212053472
planned_path,,,,,,,,,,,,2416,3.893418936514694,13.38514212053472
planned_path,,,,,,,,,,,,2417,3.843418935769636,13.38514212053472
planned_path,,,,,,,,,,,,2418,3.7934189350245777,13.38514212053472
planned_path,,,,,,,,,,,,2419,3.7434189342795197,13.38514212053472
planned_path,,,,,,,,,,,,2420,3.6934189335344616,13.38514212053472
planned_path,,,,,,,,,,,,2421,3.6434189327894035,13.38514212053472
planned_path,,,,,,,,,,,,2422,3.5934189320443455,13.38514212053472
planned_path,,,,,,,,,,,,2423,3.5434189312992874,13.38514212053472
planned_path,,,,,,,,,,,,2424,3.4934189305542294,13.38514212053472
planned_path,,,,,,,,,,,,2425,3.4434189298091713,13.38514212053472
planned_path,,,,,,,,,,,,2426,3.3934189290641132,13.38514212053472
planned_path,,,,,,,,,,,,2427,3.343418928319055,13.38514212053472
planned_path,,,,,,,,,,,,2428,3.293418927573997,13.38514212053472
planned_path,,,,,,,,,,,,2429,3.243418926828939,13.38514212053472
planned_path,,,,,,,,,,,,2430,3.193418926083881,13.38514212053472
planned_path,,,,,,,,,,,,2431,3.143418925338823,13.38514212053472
planned_path,,,,,,,,,,,,2432,3.093418924593765,13.38514212053472
planned_path,,,,,,,,,,,,2433,3.043418923848707,13.38514212053472
planned_path,,,,,,,,,,,,2434,2.9934189231036488,13.38514212053472
planned_path,,,,,,,,,,,,2435,2.9434189223585907,13.38514212053472
planned_path,,,,,,,,,,,,2436,2.8934189216135326,13.38514212053472
planned_path,,,,,,,,,,,,2437,2.8434189208684746,13.38514212053472
planned_path,,,,,,,,,,,,2438,2.7934189201234165,13.38514212053472
planned_path,,,,,,,,,,,,2439,2.7434189193783585,13.38514212053472
planned_path,,,,,,,,,,,,2440,2.6934189186333004,13.38514212053472
planned_path,,,,,,,,,,,,2441,2.6434189178882423,13.38514212053472
planned_path,,,,,,,,,,,,2442,2.5934189171431843,13.38514212053472
planned_path,,,,,,,,,,,,2443,2.5434189163981262,13.38514212053472
planned_path,,,,,,,,,,,,2444,2.493418915653068,13.38514212053472
planned_path,,,,,,,,,,,,2445,2.44341891490801,13.38514212053472
planned_path,,,,,,,,,,,,2446,2.393418914162952,13.38514212053472
planned_path,,,,,,,,,,,,2447,2.343418913417894,13.38514212053472
planned_path,,,,,,,,,,,,2448,2.293418912672836,13.38514212053472
planned_path,,,,,,,,,,,,2449,2.243418911927778,13.38514212053472
planned_path,,,,,,,,,,,,2450,2.19341891118272,13.38514212053472
planned_path,,,,,,,,,,,,2451,2.1434189104376618,13.38514212053472
planned_path,,,,,,,,,,,,2452,2.0934189096926037,13.38514212053472
planned_path,,,,,,,,,,,,2453,2.0434189089475456,13.38514212053472
planned_path,,,,,,,,,,,,2454,1.9934189082024876,13.38514212053472
planned_path,,,,,,,,,,,,2455,1.9434189074574295,13.38514212053472
planned_path,,,,,,,,,,,,2456,1.8934189067123715,13.38514212053472
planned_path,,,,,,,,,,,,2457,1.8434189059673134,13.38514212053472
planned_path,,,,,,,,,,,,2458,1.7934189052222553,13.38514212053472
planned_path,,,,,,,,,,,,2459,1.7434189044771973,13.38514212053472
planned_path,,,,,,,,,,,,2460,1.6934189037321392,13.38514212053472
planned_path,,,,,,,,,,,,2461,1.6434189029870812,13.38514212053472
planned_path,,,,,,,,,,,,2462,1.593418902242023,13.38514212053472
planned_path,,,,,,,,,,,,2463,1.543418901496965,13.38514212053472
planned_path,,,,,,,,,,,,2464,1.493418900751907,13.38514212053472
planned_path,,,,,,,,,,,,2465,1.443418900006849,13.38514212053472
planned_path,,,,,,,,,,,,2466,1.3934188992617909,13.38514212053472
planned_path,,,,,,,,,,,,2467,1.3434188985167328,13.38514212053472
planned_path,,,,,,,,,,,,2468,1.2934188977716747,13.38514212053472
planned_path,,,,,,,,,,,,2469,1.2434188970266167,13.38514212053472
planned_path,,,,,,,,,,,,2470,1.1934188962815586,13.38514212053472
planned_path,,,,,,,,,,,,2471,1.1434188955365006,13.38514212053472
planned_path,,,,,,,,,,,,2472,1.0934188947914425,13.38514212053472
planned_path,,,,,,,,,,,,2473,1.0434188940463844,13.38514212053472
planned_path,,,,,,,,,,,,2474,0.9934188933013264,13.38514212053472
planned_path,,,,,,,,,,,,2475,0.9434188925562683,13.38514212053472
planned_path,,,,,,,,,,,,2476,0.8934188918112103,13.38514212053472
planned_path,,,,,,,,,,,,2477,0.8434188910661522,13.38514212053472
planned_path,,,,,,,,,,,,2478,0.7934188903210941,13.38514212053472
planned_path,,,,,,,,,,,,2479,0.7434188895760361,13.38514212053472
planned_path,,,,,,,,,,,,2480,0.693418888830978,13.38514212053472
planned_path,,,,,,,,,,,,2481,0.64341888808592,13.38514212053472
planned_path,,,,,,,,,,,,2482,0.5934188873408619,13.38514212053472
planned_path,,,,,,,,,,,,2483,0.5434188865958038,13.38514212053472
planned_path,,,,,,,,,,,,2484,0.4934188858507458,13.435142121279778
planned_path,,,,,,,,,,,,2485,0.4434188851056877,13.435142121279778
planned_path,,,,,,,,,,,,2486,0.39341888436062966,13.435142121279778
planned_path,,,,,,,,,,,,2487,0.3434188836155716,13.435142121279778
planned_path,,,,,,,,,,,,2488,0.29341888287051354,13.435142121279778
planned_path,,,,,,,,,,,,2489,0.24341888212545548,13.435142121279778
planned_path,,,,,,,,,,,,2490,0.19341888138039742,13.485142122024836
planned_path,,,,,,,,,,,,2491,0.14341888063533936,13.485142122024836
planned_path,,,,,,,,,,,,2492,0.0934188798902813,13.485142122024836
planned_path,,,,,,,,,,,,2493,0.043418879145223244,13.485142122024836
planned_path,,,,,,,,,,,,2494,-0.006581121599834816,13.485142122024836
planned_path,,,,,,,,,,,,2495,-0.056581122344892876,13.485142122024836
planned_path,,,,,,,,,,,,2496,-0.10658112308995094,13.535142122769894
planned_path,,,,,,,,,,,,2497,-0.156581123835009,13.535142122769894
planned_path,,,,,,,,,,,,2498,-0.20658112458006705,13.535142122769894
planned_path,,,,,,,,,,,,2499,-0.20658112458006705,13.535142122769894
planned_path,,,,,,,,,,,,2500,-0.2565811253251251,13.535142122769894
planned_path,,,,,,,,,,,,2501,-0.3065811260701832,13.535142122769894
planned_path,,,,,,,,,,,,2502,-0.35658112681524123,13.535142122769894
planned_path,,,,,,,,,,,,2503,-0.4065811275602993,13.535142122769894
planned_path,,,,,,,,,,,,2504,-0.45658112830535735,13.535142122769894
planned_path,,,,,,,,,,,,2505,-0.5065811290504154,13.535142122769894
planned_path,,,,,,,,,,,,2506,-0.5565811297954735,13.535142122769894
planned_path,,,,,,,,,,,,2507,-0.6065811305405315,13.535142122769894
planned_path,,,,,,,,,,,,2508,-0.6565811312855896,13.535142122769894
planned_path,,,,,,,,,,,,2509,-0.7065811320306477,13.485142122024836
planned_path,,,,,,,,,,,,2510,-0.7565811327757057,13.485142122024836
planned_path,,,,,,,,,,,,2511,-0.8065811335207638,13.435142121279778
planned_path,,,,,,,,,,,,2512,-0.8565811342658218,13.435142121279778
planned_path,,,,,,,,,,,,2513,-0.8565811342658218,13.435142121279778
planned_path,,,,,,,,,,,,2514,-0.9065811350108799,13.38514212053472
planned_path,,,,,,,,,,,,2515,-0.956581135755938,13.335142119789662
planned_path,,,,,,,,,,,,2516,-1.006581136500996,13.285142119044604
planned_path,,,,,,,,,,,,2517,-1.056581137246054,13.285142119044604
planned_path,,,,,,,,,,,,2518,-1.1065811379911121,13.285142119044604
planned_path,,,,,,,,,,,,2519,-1.1565811387361702,13.285142119044604
planned_path,,,,,,,,,,,,2520,-1.2065811394812282,13.235142118299546
planned_path,,,,,,,,,,,,2521,-1.2565811402262863,13.185142117554488
planned_path,,,,,,,,,,,,2522,-1.3065811409713444,13.185142117554488
planned_path,,,,,,,,,,,,2523,-1.3565811417164024,13.13514211680943
planned_path,,,,,,,,,,,,2524,-1.4065811424614605,13.13514211680943
planned_path,,,,,,,,,,,,2525,-1.4065811424614605,13.13514211680943
planned_path,,,,,,,,,,,,2526,-1.4065811424614605,13.085142116064372
planned_path,,,,,,,,,,,,2527,-1.4065811424614605,13.035142115319314
planned_path,,,,,,,,,,,,2528,-1.4065811424614605,12.985142114574256
planned_path,,,,,,,,,,,,2529,-1.4065811424614605,12.935142113829198
planned_path,,,,,,,,,,,,2530,-1.4065811424614605,12.88514211308414
planned_path,,,,,,,,,,,,2531,-1.4065811424614605,12.835142112339081
planned_path,,,,,,,,,,,,2532,-1.4065811424614605,12.785142111594023
planned_path,,,,,,,,,,,,2533,-1.4065811424614605,12.735142110848965
planned_path,,,,,,,,,,,,2534,-1.4065811424614605,12.685142110103907
planned_path,,,,,,,,,,,,2535,-1.4065811424614605,12.63514210935885
planned_path,,,,,,,,,,,,2536,-1.4065811424614605,12.585142108613791
planned_path,,,,,,,,,,,,2537,-1.4065811424614605,12.535142107868733
planned_path,,,,,,,,,,,,2538,-1.4065811424614605,12.485142107123675
planned_path,,,,,,,,,,,,2539,-1.4065811424614605,12.435142106378617
planned_path,,,,,,,,,,,,2540,-1.4065811424614605,12.385142105633559
planned_path,,,,,,,,,,,,2541,-1.4065811424614605,12.3351421048885
planned_path,,,,,,,,,,,,2542,-1.4065811424614605,12.285142104143443
planned_path,,,,,,,,,,,,2543,-1.4065811424614605,12.235142103398385
planned_path,,,,,,,,,,,,2544,-1.4065811424614605,12.185142102653327
planned_path,,,,,,,,,,,,2545,-1.4065811424614605,12.135142101908269
planned_path,,,,,,,,,,,,2546,-1.4065811424614605,12.08514210116321
planned_path,,,,,,,,,,,,2547,-1.4065811424614605,12.035142100418152
planned_path,,,,,,,,,,,,2548,-1.4065811424614605,11.985142099673094
planned_path,,,,,,,,,,,,2549,-1.4065811424614605,11.935142098928036
planned_path,,,,,,,,,,,,2550,-1.4565811432065185,11.885142098182978
planned_path,,,,,,,,,,,,2551,-1.4565811432065185,11.83514209743792
planned_path,,,,,,,,,,,,2552,-1.4565811432065185,11.785142096692862
planned_path,,,,,,,,,,,,2553,-1.4565811432065185,11.735142095947804
planned_path,,,,,,,,,,,,2554,-1.4565811432065185,11.685142095202746
planned_path,,,,,,,,,,,,2555,-1.4565811432065185,11.635142094457688
planned_path,,,,,,,,,,,,2556,-1.5065811439515766,11.58514209371263
planned_path,,,,,,,,,,,,2557,-1.5065811439515766,11.535142092967572
planned_path,,,,,,,,,,,,2558,-1.5065811439515766,11.485142092222514
planned_path,,,,,,,,,,,,2559,-1.5065811439515766,11.485142092222514
planned_path,,,,,,,,,,,,2560,-1.5065811439515766,11.435142091477456
planned_path,,,,,,,,,,,,2561,-1.5065811439515766,11.385142090732398
planned_path,,,,,,,,,,,,2562,-1.5065811439515766,11.33514208998734
planned_path,,,,,,,,,,,,2563,-1.5565811446966347,11.285142089242282
planned_path,,,,,,,,,,,,2564,-1.5565811446966347,11.235142088497224
planned_path,,,,,,,,,,,,2565,-1.5565811446966347,11.185142087752165
planned_path,,,,,,,,,,,,2566,-1.5565811446966347,11.135142087007107
planned_path,,,,,,,,,,,,2567,-1.5565811446966347,11.08514208626205
planned_path,,,,,,,,,,,,2568,-1.5565811446966347,11.035142085516991
planned_path,,,,,,,,,,,,2569,-1.5565811446966347,10.985142084771933
planned_path,,,,,,,,,,,,2570,-1.5565811446966347,10.935142084026875
planned_path,,,,,,,,,,,,2571,-1.5565811446966347,10.885142083281817
planned_path,,,,,,,,,,,,2572,-1.5565811446966347,10.835142082536759
planned_path,,,,,,,,,,,,2573,-1.5565811446966347,10.785142081791701
planned_path,,,,,,,,,,,,2574,-1.5565811446966347,10.735142081046643
planned_path,,,,,,,,,,,,2575,-1.5565811446966347,10.685142080301585
planned_path,,,,,,,,,,,,2576,-1.5565811446966347,10.635142079556527
planned_path,,,,,,,,,,,,2577,-1.5565811446966347,10.585142078811469
planned_path,,,,,,,,,,,,2578,-1.5565811446966347,10.53514207806641
planned_path,,,,,,,,,,,,2579,-1.5565811446966347,10.485142077321353
planned_path,,,,,,,,,,,,2580,-1.5565811446966347,10.435142076576295
planned_path,,,,,,,,,,,,2581,-1.5565811446966347,10.385142075831236
planned_path,,,,,,,,,,,,2582,-1.5565811446966347,10.335142075086178
planned_path,,,,,,,,,,,,2583,-1.5565811446966347,10.28514207434112
planned_path,,,,,,,,,,,,2584,-1.5565811446966347,10.235142073596062
planned_path,,,,,,,,,,,,2585,-1.5565811446966347,10.185142072851004
planned_path,,,,,,,,,,,,2586,-1.5565811446966347,10.135142072105946
planned_path,,,,,,,,,,,,2587,-1.5565811446966347,10.085142071360888
planned_path,,,,,,,,,,,,2588,-1.5565811446966347,10.03514207061583
planned_path,,,,,,,,,,,,2589,-1.5565811446966347,9.985142069870772
planned_path,,,,,,,,,,,,2590,-1.5565811446966347,9.935142069125714
planned_path,,,,,,,,,,,,2591,-1.5565811446966347,9.885142068380656
planned_path,,,,,,,,,,,,2592,-1.5565811446966347,9.835142067635598
planned_path,,,,,,,,,,,,2593,-1.5565811446966347,9.78514206689054
planned_path,,,,,,,,,,,,2594,-1.5565811446966347,9.735142066145482
planned_path,,,,,,,,,,,,2595,-1.5565811446966347,9.685142065400424
planned_path,,,,,,,,,,,,2596,-1.5565811446966347,9.635142064655366
planned_path,,,,,,,,,,,,2597,-1.5565811446966347,9.585142063910308
planned_path,,,,,,,,,,,,2598,-1.5565811446966347,9.53514206316525
planned_path,,,,,,,,,,,,2599,-1.5565811446966347,9.485142062420191
planned_path,,,,,,,,,,,,2600,-1.5565811446966347,9.435142061675133
planned_path,,,,,,,,,,,,2601,-1.5565811446966347,9.385142060930075
planned_path,,,,,,,,,,,,2602,-1.5565811446966347,9.335142060185017
planned_path,,,,,,,,,,,,2603,-1.5565811446966347,9.28514205943996
planned_path,,,,,,,,,,,,2604,-1.5565811446966347,9.235142058694901
planned_path,,,,,,,,,,,,2605,-1.5565811446966347,9.185142057949843
planned_path,,,,,,,,,,,,2606,-1.5565811446966347,9.135142057204785
planned_path,,,,,,,,,,,,2607,-1.5565811446966347,9.085142056459727
planned_path,,,,,,,,,,,,2608,-1.5565811446966347,9.035142055714669
planned_path,,,,,,,,,,,,2609,-1.5565811446966347,8.98514205496961
planned_path,,,,,,,,,,,,2610,-1.5565811446966347,8.935142054224553
planned_path,,,,,,,,,,,,2611,-1.5565811446966347,8.885142053479495
planned_path,,,,,,,,,,,,2612,-1.5565811446966347,8.835142052734437
planned_path,,,,,,,,,,,,2613,-1.5565811446966347,8.785142051989379
planned_path,,,,,,,,,,,,2614,-1.5565811446966347,8.73514205124432
planned_path,,,,,,,,,,,,2615,-1.5565811446966347,8.685142050499262
planned_path,,,,,,,,,,,,2616,-1.5565811446966347,8.635142049754204
planned_path,,,,,,,,,,,,2617,-1.5565811446966347,8.585142049009146
planned_path,,,,,,,,,,,,2618,-1.5565811446966347,8.535142048264088
planned_path,,,,,,,,,,,,2619,-1.5565811446966347,8.48514204751903
planned_path,,,,,,,,,,,,2620,-1.5565811446966347,8.435142046773972
planned_path,,,,,,,,,,,,2621,-1.5565811446966347,8.385142046028914
planned_path,,,,,,,,,,,,2622,-1.5565811446966347,8.335142045283856
planned_path,,,,,,,,,,,,2623,-1.5565811446966347,8.285142044538798
planned_path,,,,,,,,,,,,2624,-1.5065811439515766,8.23514204379374
planned_path,,,,,,,,,,,,2625,-1.4565811432065185,8.185142043048682
planned_path,,,,,,,,,,,,2626,-1.4065811424614605,8.135142042303624
planned_path,,,,,,,,,,,,2627,-1.3565811417164024,8.085142041558566
planned_path,,,,,,,,,,,,2628,-1.3065811409713444,8.035142040813508
planned_path,,,,,,,,,,,,2629,-1.2565811402262863,7.98514204006845
planned_path,,,,,,,,,,,,2630,-1.2065811394812282,7.935142039323392
planned_path,,,,,,,,,,,,2631,-1.1565811387361702,7.8851420385783335
planned_path,,,,,,,,,,,,2632,-1.1065811379911121,7.8351420378332755
planned_path,,,,,,,,,,,,2633,-1.056581137246054,7.785142037088217
planned_path,,,,,,,,,,,,2634,-1.006581136500996,7.735142036343159
planned_path,,,,,,,,,,,,2635,-0.956581135755938,7.685142035598101
planned_path,,,,,,,,,,,,2636,-0.9065811350108799,7.635142034853043
planned_path,,,,,,,,,,,,2637,-0.8565811342658218,7.585142034107985
planned_path,,,,,,,,,,,,2638,-0.8065811335207638,7.535142033362927
planned_path,,,,,,,,,,,,2639,-0.7565811327757057,7.485142032617869
planned_path,,,,,,,,,,,,2640,-0.7065811320306477,7.435142031872811
planned_path,,,,,,,,,,,,2641,-0.6565811312855896,7.385142031127753
planned_path,,,,,,,,,,,,2642,-0.6065811305405315,7.335142030382695
planned_path,,,,,,,,,,,,2643,-0.5565811297954735,7.285142029637637
planned_path,,,,,,,,,,,,2644,-0.5065811290504154,7.235142028892579
planned_path,,,,,,,,,,,,2645,-0.45658112830535735,7.185142028147521
planned_path,,,,,,,,,,,,2646,-0.4065811275602993,7.135142027402463
planned_path,,,,,,,,,,,,2647,-0.35658112681524123,7.085142026657405
planned_path,,,,,,,,,,,,2648,-0.3065811260701832,7.0351420259123465
planned_path,,,,,,,,,,,,2649,-0.2565811253251251,6.985142025167288
planned_path,,,,,,,,,,,,2650,-0.20658112458006705,6.93514202442223
planned_path,,,,,,,,,,,,2651,-0.156581123835009,6.885142023677172
planned_path,,,,,,,,,,,,2652,-0.10658112308995094,6.835142022932114
planned_path,,,,,,,,,,,,2653,-0.056581122344892876,6.785142022187056
planned_path,,,,,,,,,,,,2654,-0.006581121599834816,6.735142021441998
planned_path,,,,,,,,,,,,2655,0.043418879145223244,6.68514202069694
planned_path,,,,,,,,,,,,2656,0.0934188798902813,6.635142019951882
planned_path,,,,,,,,,,,,2657,0.14341888063533936,6.585142019206824
planned_path,,,,,,,,,,,,2658,0.19341888138039742,6.535142018461766
planned_path,,,,,,,,,,,,2659,0.24341888212545548,6.485142017716708
planned_path,,,,,,,,,,,,2660,0.29341888287051354,6.43514201697165
planned_path,,,,,,,,,,,,2661,0.29341888287051354,6.385142016226592
planned_path,,,,,,,,,,,,2662,0.29341888287051354,6.335142015481534
planned_path,,,,,,,,,,,,2663,0.29341888287051354,6.285142014736476
planned_path,,,,,,,,,,,,2664,0.29341888287051354,6.2351420139914175
planned_path,,,,,,,,,,,,2665,0.29341888287051354,6.1851420132463595
planned_path,,,,,,,,,,,,2666,0.3434188836155716,6.135142012501301
planned_path,,,,,,,,,,,,2667,0.39341888436062966,6.085142011756243
planned_path,,,,,,,,,,,,2668,0.4434188851056877,6.035142011011185
planned_path,,,,,,,,,,,,2669,0.4934188858507458,5.985142010266127
planned_path,,,,,,,,,,,,2670,0.5434188865958038,5.935142009521069
planned_path,,,,,,,,,,,,2671,0.5934188873408619,5.885142008776011
planned_path,,,,,,,,,,,,2672,0.64341888808592,5.835142008030953
planned_path,,,,,,,,,,,,2673,0.693418888830978,5.785142007285895
planned_path,,,,,,,,,,,,2674,0.7434188895760361,5.735142006540837
planned_path,,,,,,,,,,,,2675,0.7934188903210941,5.685142005795779
planned_path,,,,,,,,,,,,2676,0.8434188910661522,5.635142005050721
planned_path,,,,,,,,,,,,2677,0.8934188918112103,5.585142004305663
planned_path,,,,,,,,,,,,2678,0.9434188925562683,5.535142003560605
planned_path,,,,,,,,,,,,2679,0.9934188933013264,5.485142002815547
planned_path,,,,,,,,,,,,2680,1.0434188940463844,5.435142002070489
planned_path,,,,,,,,,,,,2681,1.0934188947914425,5.3851420013254305
planned_path,,,,,,,,,,,,2682,1.1434188955365006,5.3351420005803725
planned_path,,,,,,,,,,,,2683,1.1934188962815586,5.285141999835314
planned_path,,,,,,,,,,,,2684,1.2434188970266167,5.235141999090256
planned_path,,,,,,,,,,,,2685,1.2934188977716747,5.185141998345198
planned_path,,,,,,,,,,,,2686,1.3434188985167328,5.13514199760014
planned_path,,,,,,,,,,,,2687,1.3934188992617909,5.085141996855082
planned_path,,,,,,,,,,,,2688,1.443418900006849,5.035141996110024
planned_path,,,,,,,,,,,,2689,1.493418900751907,4.985141995364966
planned_path,,,,,,,,,,,,2690,1.543418901496965,4.935141994619908
planned_path,,,,,,,,,,,,2691,1.593418902242023,4.88514199387485
planned_path,,,,,,,,,,,,2692,1.593418902242023,4.88514199387485
planned_path,,,,,,,,,,,,2693,1.6434189029870812,4.88514199387485
planned_path,,,,,,,,,,,,2694,1.6934189037321392,4.88514199387485
planned_path,,,,,,,,,,,,2695,1.7434189044771973,4.88514199387485
planned_path,,,,,,,,,,,,2696,1.7934189052222553,4.88514199387485
planned_path,,,,,,,,,,,,2697,1.8434189059673134,4.88514199387485
planned_path,,,,,,,,,,,,2698,1.8934189067123715,4.88514199387485
planned_path,,,,,,,,,,,,2699,1.9434189074574295,4.88514199387485
planned_path,,,,,,,,,,,,2700,1.9934189082024876,4.88514199387485
planned_path,,,,,,,,,,,,2701,2.0434189089475456,4.88514199387485
planned_path,,,,,,,,,,,,2702,2.0934189096926037,4.88514199387485
planned_path,,,,,,,,,,,,2703,2.1434189104376618,4.88514199387485
planned_path,,,,,,,,,,,,2704,2.19341891118272,4.88514199387485
planned_path,,,,,,,,,,,,2705,2.243418911927778,4.88514199387485
planned_path,,,,,,,,,,,,2706,2.293418912672836,4.88514199387485
planned_path,,,,,,,,,,,,2707,2.343418913417894,4.88514199387485
planned_path,,,,,,,,,,,,2708,2.393418914162952,4.88514199387485
planned_path,,,,,,,,,,,,2709,2.44341891490801,4.88514199387485
planned_path,,,,,,,,,,,,2710,2.493418915653068,4.88514199387485
planned_path,,,,,,,,,,,,2711,2.5434189163981262,4.88514199387485
planned_path,,,,,,,,,,,,2712,2.5934189171431843,4.88514199387485
planned_path,,,,,,,,,,,,2713,2.6434189178882423,4.88514199387485
planned_path,,,,,,,,,,,,2714,2.6934189186333004,4.88514199387485
planned_path,,,,,,,,,,,,2715,2.7434189193783585,4.88514199387485
planned_path,,,,,,,,,,,,2716,2.7934189201234165,4.88514199387485
planned_path,,,,,,,,,,,,2717,2.8434189208684746,4.88514199387485
planned_path,,,,,,,,,,,,2718,2.8934189216135326,4.88514199387485
planned_path,,,,,,,,,,,,2719,2.9434189223585907,4.88514199387485
planned_path,,,,,,,,,,,,2720,2.9934189231036488,4.88514199387485
planned_path,,,,,,,,,,,,2721,3.043418923848707,4.88514199387485
planned_path,,,,,,,,,,,,2722,3.093418924593765,4.88514199387485
planned_path,,,,,,,,,,,,2723,3.143418925338823,4.88514199387485
planned_path,,,,,,,,,,,,2724,3.193418926083881,4.88514199387485
planned_path,,,,,,,,,,,,2725,3.243418926828939,4.88514199387485
planned_path,,,,,,,,,,,,2726,3.293418927573997,4.88514199387485
planned_path,,,,,,,,,,,,2727,3.343418928319055,4.88514199387485
planned_path,,,,,,,,,,,,2728,3.3934189290641132,4.88514199387485
planned_path,,,,,,,,,,,,2729,3.4434189298091713,4.88514199387485
planned_path,,,,,,,,,,,,2730,3.4934189305542294,4.88514199387485
planned_path,,,,,,,,,,,,2731,3.5434189312992874,4.88514199387485
planned_path,,,,,,,,,,,,2732,3.5934189320443455,4.88514199387485
planned_path,,,,,,,,,,,,2733,3.6434189327894035,4.88514199387485
planned_path,,,,,,,,,,,,2734,3.6934189335344616,4.88514199387485
planned_path,,,,,,,,,,,,2735,3.7434189342795197,4.88514199387485
planned_path,,,,,,,,,,,,2736,3.7934189350245777,4.88514199387485
planned_path,,,,,,,,,,,,2737,3.843418935769636,4.88514199387485
planned_path,,,,,,,,,,,,2738,3.893418936514694,4.88514199387485
planned_path,,,,,,,,,,,,2739,3.943418937259752,4.88514199387485
planned_path,,,,,,,,,,,,2740,3.99341893800481,4.88514199387485
planned_path,,,,,,,,,,,,2741,4.043418938749868,4.88514199387485
planned_path,,,,,,,,,,,,2742,4.093418939494926,4.88514199387485
planned_path,,,,,,,,,,,,2743,4.143418940239984,4.88514199387485
planned_path,,,,,,,,,,,,2744,4.193418940985042,4.88514199387485
planned_path,,,,,,,,,,,,2745,4.2434189417301,4.88514199387485
planned_path,,,,,,,,,,,,2746,4.293418942475158,4.88514199387485
planned_path,,,,,,,,,,,,2747,4.343418943220216,4.88514199387485
planned_path,,,,,,,,,,,,2748,4.393418943965274,4.88514199387485
planned_path,,,,,,,,,,,,2749,4.4434189447103325,4.88514199387485
planned_path,,,,,,,,,,,,2750,4.493418945455391,4.88514199387485
planned_path,,,,,,,,,,,,2751,4.543418946200449,4.88514199387485
planned_path,,,,,,,,,,,,2752,4.593418946945507,4.88514199387485
planned_path,,,,,,,,,,,,2753,4.643418947690565,4.88514199387485
planned_path,,,,,,,,,,,,2754,4.693418948435623,4.88514199387485
planned_path,,,,,,,,,,,,2755,4.743418949180681,4.88514199387485
planned_path,,,,,,,,,,,,2756,4.793418949925739,4.88514199387485
planned_path,,,,,,,,,,,,2757,4.843418950670797,4.88514199387485
planned_path,,,,,,,,,,,,2758,4.893418951415855,4.88514199387485
planned_path,,,,,,,,,,,,2759,4.943418952160913,4.88514199387485
planned_path,,,,,,,,,,,,2760,4.993418952905971,4.88514199387485
planned_path,,,,,,,,,,,,2761,5.043418953651029,4.88514199387485
planned_path,,,,,,,,,,,,2762,5.093418954396087,4.88514199387485
planned_path,,,,,,,,,,,,2763,5.143418955141145,4.88514199387485
planned_path,,,,,,,,,,,,2764,5.193418955886203,4.88514199387485
planned_path,,,,,,,,,,,,2765,5.2434189566312615,4.88514199387485
planned_path,,,,,,,,,,,,2766,5.2934189573763195,4.935141994619908
planned_path,,,,,,,,,,,,2767,5.343418958121378,4.935141994619908
planned_path,,,,,,,,,,,,2768,5.393418958866436,4.935141994619908
planned_path,,,,,,,,,,,,2769,5.443418959611494,4.985141995364966
planned_path,,,,,,,,,,,,2770,5.493418960356552,4.985141995364966
planned_path,,,,,,,,,,,,2771,5.54341896110161,5.035141996110024
planned_path,,,,,,,,,,,,2772,5.593418961846668,5.035141996110024
planned_path,,,,,,,,,,,,2773,5.643418962591726,5.085141996855082
planned_path,,,,,,,,,,,,2774,5.693418963336784,5.085141996855082
planned_path,,,,,,,,,,,,2775,5.743418964081842,5.13514199760014
planned_path,,,,,,,,,,,,2776,5.7934189648269,5.13514199760014
planned_path,,,,,,,,,,,,2777,5.843418965571958,5.185141998345198
planned_path,,,,,,,,,,,,2778,5.893418966317016,5.185141998345198
planned_path,,,,,,,,,,,,2779,5.943418967062074,5.185141998345198
planned_path,,,,,,,,,,,,2780,5.993418967807132,5.235141999090256
planned_path,,,,,,,,,,,,2781,6.04341896855219,5.235141999090256
planned_path,,,,,,,,,,,,2782,6.0934189692972485,5.285141999835314
planned_path,,,,,,,,,,,,2783,6.1434189700423065,5.285141999835314
planned_path,,,,,,,,,,,,2784,6.193418970787365,5.3351420005803725
planned_path,,,,,,,,,,,,2785,6.243418971532423,5.3351420005803725
planned_path,,,,,,,,,,,,2786,6.293418972277481,5.3851420013254305
planned_path,,,,,,,,,,,,2787,6.343418973022539,5.3851420013254305
planned_path,,,,,,,,,,,,2788,6.393418973767597,5.435142002070489
planned_path,,,,,,,,,,,,2789,6.443418974512655,5.435142002070489
planned_path,,,,,,,,,,,,2790,6.493418975257713,5.435142002070489
planned_path,,,,,,,,,,,,2791,6.543418976002771,5.485142002815547
planned_path,,,,,,,,,,,,2792,6.593418976747829,5.485142002815547
planned_path,,,,,,,,,,,,2793,6.643418977492887,5.535142003560605
planned_path,,,,,,,,,,,,2794,6.693418978237945,5.535142003560605
planned_path,,,,,,,,,,,,2795,6.743418978983003,5.585142004305663
planned_path,,,,,,,,,,,,2796,6.793418979728061,5.585142004305663
planned_path,,,,,,,,,,,,2797,6.843418980473119,5.635142005050721
planned_path,,,,,,,,,,,,2798,6.893418981218177,5.635142005050721
planned_path,,,,,,,,,,,,2799,6.9434189819632355,5.685142005795779
planned_path,,,,,,,,,,,,2800,6.9934189827082935,5.685142005795779
planned_path,,,,,,,,,,,,2801,7.043418983453352,5.685142005795779
planned_path,,,,,,,,,,,,2802,7.09341898419841,5.735142006540837
planned_path,,,,,,,,,,,,2803,7.143418984943468,5.735142006540837
planned_path,,,,,,,,,,,,2804,7.193418985688526,5.785142007285895
planned_path,,,,,,,,,,,,2805,7.243418986433584,5.785142007285895
planned_path,,,,,,,,,,,,2806,7.293418987178642,5.835142008030953
planned_path,,,,,,,,,,,,2807,7.3434189879237,5.835142008030953
planned_path,,,,,,,,,,,,2808,7.393418988668758,5.885142008776011
planned_path,,,,,,,,,,,,2809,7.443418989413816,5.885142008776011
planned_path,,,,,,,,,,,,2810,7.493418990158874,5.935142009521069
planned_path,,,,,,,,,,,,2811,7.543418990903932,5.935142009521069
planned_path,,,,,,,,,,,,2812,7.59341899164899,5.935142009521069
planned_path,,,,,,,,,,,,2813,7.643418992394048,5.985142010266127
planned_path,,,,,,,,,,,,2814,7.693418993139106,5.985142010266127
planned_path,,,,,,,,,,,,2815,7.743418993884164,6.035142011011185
planned_path,,,,,,,,,,,,2816,7.7934189946292225,6.035142011011185
planned_path,,,,,,,,,,,,2817,7.8434189953742806,6.085142011756243
planned_path,,,,,,,,,,,,2818,7.893418996119339,6.085142011756243
planned_path,,,,,,,,,,,,2819,7.943418996864397,6.135142012501301
planned_path,,,,,,,,,,,,2820,7.993418997609455,6.135142012501301
planned_path,,,,,,,,,,,,2821,8.043418998354513,6.1851420132463595
planned_path,,,,,,,,,,,,2822,8.09341899909957,6.1851420132463595
planned_path,,,,,,,,,,,,2823,8.143418999844629,6.1851420132463595
planned_path,,,,,,,,,,,,2824,8.193419000589687,6.2351420139914175
planned_path,,,,,,,,,,,,2825,8.243419001334745,6.2351420139914175
planned_path,,,,,,,,,,,,2826,8.293419002079803,6.285142014736476
planned_path,,,,,,,,,,,,2827,8.343419002824861,6.285142014736476
planned_path,,,,,,,,,,,,2828,8.39341900356992,6.335142015481534
planned_path,,,,,,,,,,,,2829,8.443419004314977,6.335142015481534
planned_path,,,,,,,,,,,,2830,8.493419005060035,6.385142016226592
planned_path,,,,,,,,,,,,2831,8.543419005805093,6.385142016226592
planned_path,,,,,,,,,,,,2832,8.593419006550151,6.43514201697165
planned_path,,,,,,,,,,,,2833,8.64341900729521,6.43514201697165
planned_path,,,,,,,,,,,,2834,8.693419008040268,6.485142017716708
planned_path,,,,,,,,,,,,2835,8.743419008785326,6.485142017716708
planned_path,,,,,,,,,,,,2836,8.793419009530384,6.485142017716708
planned_path,,,,,,,,,,,,2837,8.843419010275442,6.535142018461766
planned_path,,,,,,,,,,,,2838,8.8934190110205,6.535142018461766
planned_path,,,,,,,,,,,,2839,8.943419011765558,6.585142019206824
planned_path,,,,,,,,,,,,2840,8.993419012510616,6.585142019206824
planned_path,,,,,,,,,,,,2841,9.043419013255674,6.635142019951882
planned_path,,,,,,,,,,,,2842,9.093419014000732,6.635142019951882
planned_path,,,,,,,,,,,,2843,9.14341901474579,6.68514202069694
planned_path,,,,,,,,,,,,2844,9.193419015490848,6.68514202069694
planned_path,,,,,,,,,,,,2845,9.243419016235906,6.735142021441998
planned_path,,,,,,,,,,,,2846,9.293419016980964,6.735142021441998
planned_path,,,,,,,,,,,,2847,9.343419017726022,6.735142021441998
planned_path,,,,,,,,,,,,2848,9.39341901847108,6.785142022187056
planned_path,,,,,,,,,,,,2849,9.443419019216138,6.785142022187056
planned_path,,,,,,,,,,,,2850,9.493419019961197,6.835142022932114
planned_path,,,,,,,,,,,,2851,9.543419020706255,6.835142022932114
planned_path,,,,,,,,,,,,2852,9.593419021451313,6.885142023677172
planned_path,,,,,,,,,,,,2853,9.64341902219637,6.885142023677172
planned_path,,,,,,,,,,,,2854,9.693419022941429,6.93514202442223
planned_path,,,,,,,,,,,,2855,9.743419023686487,6.93514202442223
planned_path,,,,,,,,,,,,2856,9.793419024431545,6.985142025167288
planned_path,,,,,,,,,,,,2857,9.843419025176603,6.985142025167288
planned_path,,,,,,,,,,,,2858,9.893419025921661,6.985142025167288
planned_path,,,,,,,,,,,,2859,9.943419026666719,7.0351420259123465
planned_path,,,,,,,,,,,,2860,9.993419027411777,7.0351420259123465
planned_path,,,,,,,,,,,,2861,10.043419028156835,7.085142026657405
planned_path,,,,,,,,,,,,2862,10.093419028901893,7.085142026657405
planned_path,,,,,,,,,,,,2863,10.143419029646951,7.135142027402463
planned_path,,,,,,,,,,,,2864,10.19341903039201,7.135142027402463
planned_path,,,,,,,,,,,,2865,10.243419031137067,7.185142028147521
planned_path,,,,,,,,,,,,2866,10.293419031882125,7.185142028147521
planned_path,,,,,,,,,,,,2867,10.343419032627184,7.235142028892579
planned_path,,,,,,,,,,,,2868,10.393419033372242,7.235142028892579
planned_path,,,,,,,,,,,,2869,10.4434190341173,7.235142028892579
planned_path,,,,,,,,,,,,2870,10.493419034862358,7.285142029637637
planned_path,,,,,,,,,,,,2871,10.543419035607416,7.285142029637637
planned_path,,,,,,,,,,,,2872,10.593419036352474,7.335142030382695
planned_path,,,,,,,,,,,,2873,10.643419037097532,7.335142030382695
planned_path,,,,,,,,,,,,2874,10.69341903784259,7.385142031127753
planned_path,,,,,,,,,,,,2875,10.743419038587648,7.385142031127753
planned_path,,,,,,,,,,,,2876,10.793419039332706,7.435142031872811
planned_path,,,,,,,,,,,,2877,10.843419040077764,7.435142031872811
planned_path,,,,,,,,,,,,2878,10.893419040822822,7.485142032617869
planned_path,,,,,,,,,,,,2879,10.94341904156788,7.485142032617869
planned_path,,,,,,,,,,,,2880,10.993419042312938,7.485142032617869
planned_path,,,,,,,,,,,,2881,11.043419043057996,7.535142033362927
planned_path,,,,,,,,,,,,2882,11.093419043803054,7.535142033362927
planned_path,,,,,,,,,,,,2883,11.143419044548112,7.585142034107985
planned_path,,,,,,,,,,,,2884,11.19341904529317,7.585142034107985
planned_path,,,,,,,,,,,,2885,11.243419046038229,7.635142034853043
planned_path,,,,,,,,,,,,2886,11.293419046783287,7.635142034853043
planned_path,,,,,,,,,,,,2887,11.343419047528345,7.685142035598101
planned_path,,,,,,,,,,,,2888,11.393419048273403,7.685142035598101
planned_path,,,,,,,,,,,,2889,11.44341904901846,7.735142036343159
planned_path,,,,,,,,,,,,2890,11.493419049763519,7.785142037088217
planned_path,,,,,,,,,,,,2891,11.543419050508577,7.8351420378332755
planned_path,,,,,,,,,,,,2892,11.593419051253635,7.8851420385783335
planned_path,,,,,,,,,,,,2893,11.643419051998693,7.8851420385783335
planned_path,,,,,,,,,,,,2894,11.693419052743751,7.8851420385783335
planned_path,,,,,,,,,,,,2895,11.74341905348881,7.935142039323392
planned_path,,,,,,,,,,,,2896,11.793419054233867,7.935142039323392
planned_path,,,,,,,,,,,,2897,11.843419054978925,7.935142039323392
planned_path,,,,,,,,,,,,2898,11.893419055723983,7.935142039323392
planned_path,,,,,,,,,,,,2899,11.943419056469041,7.935142039323392
planned_path,,,,,,,,,,,,2900,11.9934190572141,7.98514204006845
planned_path,,,,,,,,,,,,2901,12.043419057959158,7.98514204006845
planned_path,,,,,,,,,,,,2902,12.093419058704216,7.98514204006845
planned_path,,,,,,,,,,,,2903,12.143419059449274,8.035142040813508
planned_path,,,,,,,,,,,,2904,12.193419060194332,8.035142040813508
planned_path,,,,,,,,,,,,2905,12.24341906093939,8.085142041558566
planned_path,,,,,,,,,,,,2906,12.293419061684448,8.085142041558566
planned_path,,,,,,,,,,,,2907,12.343419062429506,8.135142042303624
planned_path,,,,,,,,,,,,2908,12.393419063174564,8.135142042303624
planned_path,,,,,,,,,,,,2909,12.443419063919622,8.185142043048682
planned_path,,,,,,,,,,,,2910,12.49341906466468,8.185142043048682
planned_path,,,,,,,,,,,,2911,12.543419065409738,8.23514204379374
planned_path,,,,,,,,,,,,2912,12.593419066154796,8.23514204379374
planned_path,,,,,,,,,,,,2913,12.593419066154796,8.23514204379374
planned_path,,,,,,,,,,,,2914,12.593419066154796,8.185142043048682
planned_path,,,,,,,,,,,,2915,12.593419066154796,8.135142042303624
planned_path,,,,,,,,,,,,2916,12.593419066154796,8.085142041558566
planned_path,,,,,,,,,,,,2917,12.593419066154796,8.035142040813508
planned_path,,,,,,,,,,,,2918,12.643419066899854,7.98514204006845
planned_path,,,,,,,,,,,,2919,12.693419067644912,7.935142039323392
planned_path,,,,,,,,,,,,2920,12.74341906838997,7.8851420385783335
planned_path,,,,,,,,,,,,2921,12.793419069135028,7.8351420378332755
planned_path,,,,,,,,,,,,2922,12.843419069880087,7.785142037088217
planned_path,,,,,,,,,,,,2923,12.893419070625145,7.735142036343159
planned_path,,,,,,,,,,,,2924,12.943419071370203,7.685142035598101
planned_path,,,,,,,,,,,,2925,12.99341907211526,7.635142034853043
planned_path,,,,,,,,,,,,2926,12.99341907211526,7.585142034107985
planned_path,,,,,,,,,,,,2927,12.99341907211526,7.535142033362927
planned_path,,,,,,,,,,,,2928,12.99341907211526,7.485142032617869
planned_path,,,,,,,,,,,,2929,12.99341907211526,7.435142031872811
planned_path,,,,,,,,,,,,2930,12.99341907211526,7.385142031127753
planned_path,,,,,,,,,,,,2931,12.99341907211526,7.335142030382695
planned_path,,,,,,,,,,,,2932,12.99341907211526,7.285142029637637
planned_path,,,,,,,,,,,,2933,12.99341907211526,7.235142028892579
planned_path,,,,,,,,,,,,2934,12.99341907211526,7.185142028147521
planned_path,,,,,,,,,,,,2935,13.043419072860319,7.135142027402463
planned_path,,,,,,,,,,,,2936,13.043419072860319,7.085142026657405
planned_path,,,,,,,,,,,,2937,13.093419073605377,7.0351420259123465
planned_path,,,,,,,,,,,,2938,13.093419073605377,6.985142025167288
planned_path,,,,,,,,,,,,2939,13.093419073605377,6.985142025167288
planned_path,,,,,,,,,,,,2940,13.093419073605377,6.93514202442223
planned_path,,,,,,,,,,,,2941,13.093419073605377,6.885142023677172
planned_path,,,,,,,,,,,,2942,13.093419073605377,6.835142022932114
planned_path,,,,,,,,,,,,2943,13.093419073605377,6.785142022187056
planned_path,,,,,,,,,,,,2944,13.093419073605377,6.735142021441998
planned_path,,,,,,,,,,,,2945,13.093419073605377,6.68514202069694
planned_path,,,,,,,,,,,,2946,13.093419073605377,6.635142019951882
planned_path,,,,,,,,,,,,2947,13.093419073605377,6.585142019206824
planned_path,,,,,,,,,,,,2948,13.093419073605377,6.535142018461766
planned_path,,,,,,,,,,,,2949,13.093419073605377,6.485142017716708
planned_path,,,,,,,,,,,,2950,13.093419073605377,6.43514201697165
planned_path,,,,,,,,,,,,2951,13.093419073605377,6.385142016226592
planned_path,,,,,,,,,,,,2952,13.093419073605377,6.335142015481534
planned_path,,,,,,,,,,,,2953,13.093419073605377,6.285142014736476
planned_path,,,,,,,,,,,,2954,13.093419073605377,6.2351420139914175
planned_path,,,,,,,,,,,,2955,13.093419073605377,6.1851420132463595
planned_path,,,,,,,,,,,,2956,13.093419073605377,6.135142012501301
planned_path,,,,,,,,,,,,2957,13.093419073605377,6.085142011756243
planned_path,,,,,,,,,,,,2958,13.093419073605377,6.035142011011185
planned_path,,,,,,,,,,,,2959,13.093419073605377,5.985142010266127
planned_path,,,,,,,,,,,,2960,13.093419073605377,5.935142009521069
planned_path,,,,,,,,,,,,2961,13.093419073605377,5.885142008776011
planned_path,,,,,,,,,,,,2962,13.093419073605377,5.835142008030953
planned_path,,,,,,,,,,,,2963,13.093419073605377,5.785142007285895
planned_path,,,,,,,,,,,,2964,13.093419073605377,5.735142006540837
planned_path,,,,,,,,,,,,2965,13.093419073605377,5.685142005795779
planned_path,,,,,,,,,,,,2966,13.093419073605377,5.635142005050721
planned_path,,,,,,,,,,,,2967,13.093419073605377,5.585142004305663
planned_path,,,,,,,,,,,,2968,13.093419073605377,5.535142003560605
planned_path,,,,,,,,,,,,2969,13.093419073605377,5.485142002815547
planned_path,,,,,,,,,,,,2970,13.093419073605377,5.435142002070489
planned_path,,,,,,,,,,,,2971,13.093419073605377,5.3851420013254305
planned_path,,,,,,,,,,,,2972,13.093419073605377,5.3351420005803725
planned_path,,,,,,,,,,,,2973,13.093419073605377,5.285141999835314
planned_path,,,,,,,,,,,,2974,13.093419073605377,5.235141999090256
planned_path,,,,,,,,,,,,2975,13.093419073605377,5.185141998345198
planned_path,,,,,,,,,,,,2976,13.093419073605377,5.13514199760014
planned_path,,,,,,,,,,,,2977,13.093419073605377,5.085141996855082
planned_path,,,,,,,,,,,,2978,13.093419073605377,5.035141996110024
planned_path,,,,,,,,,,,,2979,13.093419073605377,4.985141995364966
planned_path,,,,,,,,,,,,2980,13.093419073605377,4.935141994619908
planned_path,,,,,,,,,,,,2981,13.093419073605377,4.88514199387485
planned_path,,,,,,,,,,,,2982,13.093419073605377,4.835141993129792
planned_path,,,,,,,,,,,,2983,13.093419073605377,4.785141992384734
planned_path,,,,,,,,,,,,2984,13.093419073605377,4.735141991639676
planned_path,,,,,,,,,,,,2985,13.093419073605377,4.685141990894618
planned_path,,,,,,,,,,,,2986,13.093419073605377,4.63514199014956
planned_path,,,,,,,,,,,,2987,13.093419073605377,4.585141989404502
planned_path,,,,,,,,,,,,2988,13.093419073605377,4.5351419886594435
planned_path,,,,,,,,,,,,2989,13.093419073605377,4.4851419879143855
planned_path,,,,,,,,,,,,2990,13.093419073605377,4.435141987169327
planned_path,,,,,,,,,,,,2991,13.093419073605377,4.385141986424269
planned_path,,,,,,,,,,,,2992,13.093419073605377,4.335141985679211
planned_path,,,,,,,,,,,,2993,13.093419073605377,4.285141984934153
planned_path,,,,,,,,,,,,2994,13.093419073605377,4.235141984189095
planned_path,,,,,,,,,,,,2995,13.093419073605377,4.185141983444037
planned_path,,,,,,,,,,,,2996,13.093419073605377,4.135141982698979
planned_path,,,,,,,,,,,,2997,13.093419073605377,4.085141981953921
planned_path,,,,,,,,,,,,2998,13.093419073605377,4.035141981208863
planned_path,,,,,,,,,,,,2999,13.093419073605377,3.985141980463805
planned_path,,,,,,,,,,,,3000,13.093419073605377,3.935141979718747
planned_path,,,,,,,,,,,,3001,13.093419073605377,3.8851419789736887
planned_path,,,,,,,,,,,,3002,13.093419073605377,3.8351419782286307
planned_path,,,,,,,,,,,,3003,13.093419073605377,3.7851419774835726
planned_path,,,,,,,,,,,,3004,13.093419073605377,3.7351419767385146
planned_path,,,,,,,,,,,,3005,13.093419073605377,3.6851419759934565
planned_path,,,,,,,,,,,,3006,13.093419073605377,3.6351419752483984
planned_path,,,,,,,,,,,,3007,13.093419073605377,3.5851419745033404
planned_path,,,,,,,,,,,,3008,13.043419072860319,3.5351419737582823
planned_path,,,,,,,,,,,,3009,13.043419072860319,3.4851419730132243
planned_path,,,,,,,,,,,,3010,12.99341907211526,3.435141972268166
planned_path,,,,,,,,,,,,3011,12.99341907211526,3.385141971523108
planned_path,,,,,,,,,,,,3012,12.943419071370203,3.33514197077805
planned_path,,,,,,,,,,,,3013,12.943419071370203,3.285141970032992
planned_path,,,,,,,,,,,,3014,12.943419071370203,3.235141969287934
planned_path,,,,,,,,,,,,3015,12.893419070625145,3.185141968542876
planned_path,,,,,,,,,,,,3016,12.893419070625145,3.135141967797818
planned_path,,,,,,,,,,,,3017,12.843419069880087,3.08514196705276
planned_path,,,,,,,,,,,,3018,12.843419069880087,3.0351419663077017
planned_path,,,,,,,,,,,,3019,12.793419069135028,2.9851419655626437
planned_path,,,,,,,,,,,,3020,12.793419069135028,2.9351419648175856
planned_path,,,,,,,,,,,,3021,12.74341906838997,2.8851419640725275
planned_path,,,,,,,,,,,,3022,12.74341906838997,2.8351419633274695
planned_path,,,,,,,,,,,,3023,12.693419067644912,2.7851419625824114
planned_path,,,,,,,,,,,,3024,12.693419067644912,2.7351419618373534
planned_path,,,,,,,,,,,,3025,12.693419067644912,2.7351419618373534
planned_path,,,,,,,,,,,,3026,12.643419066899854,2.6851419610922953
planned_path,,,,,,,,,,,,3027,12.593419066154796,2.6351419603472372
planned_path,,,,,,,,,,,,3028,12.543419065409738,2.585141959602179
planned_path,,,,,,,,,,,,3029,12.49341906466468,2.535141958857121
planned_path,,,,,,,,,,,,3030,12.443419063919622,2.485141958112063
planned_path,,,,,,,,,,,,3031,12.393419063174564,2.435141957367005
planned_path,,,,,,,,,,,,3032,12.343419062429506,2.385141956621947
planned_path,,,,,,,,,,,,3033,12.293419061684448,2.335141955876889
planned_path,,,,,,,,,,,,3034,12.24341906093939,2.285141955131831
planned_path,,,,,,,,,,,,3035,12.193419060194332,2.2351419543867728
planned_path,,,,,,,,,,,,3036,12.143419059449274,2.1851419536417147
planned_path,,,,,,,,,,,,3037,12.093419058704216,2.1351419528966566
planned_path,,,,,,,,,,,,3038,12.043419057959158,2.0851419521515986
planned_path,,,,,,,,,,,,3039,11.9934190572141,2.0351419514065405
planned_path,,,,,,,,,,,,3040,11.943419056469041,1.9851419506614825
planned_path,,,,,,,,,,,,3041,11.893419055723983,1.9351419499164244
planned_path,,,,,,,,,,,,3042,11.843419054978925,1.8851419491713663
planned_path,,,,,,,,,,,,3043,11.793419054233867,1.8351419484263083
planned_path,,,,,,,,,,,,3044,11.74341905348881,1.7851419476812502
planned_path,,,,,,,,,,,,3045,11.693419052743751,1.7351419469361922
planned_path,,,,,,,,,,,,3046,11.643419051998693,1.685141946191134
planned_path,,,,,,,,,,,,3047,11.593419051253635,1.635141945446076
planned_path,,,,,,,,,,,,3048,11.543419050508577,1.585141944701018
planned_path,,,,,,,,,,,,3049,11.493419049763519,1.53514194395596
planned_path,,,,,,,,,,,,3050,11.44341904901846,1.4851419432109019
planned_path,,,,,,,,,,,,3051,11.393419048273403,1.4851419432109019
planned_path,,,,,,,,,,,,3052,11.343419047528345,1.4851419432109019
planned_path,,,,,,,,,,,,3053,11.293419046783287,1.4351419424658438
planned_path,,,,,,,,,,,,3054,11.243419046038229,1.4351419424658438
planned_path,,,,,,,,,,,,3055,11.19341904529317,1.4351419424658438
planned_path,,,,,,,,,,,,3056,11.143419044548112,1.4351419424658438
planned_path,,,,,,,,,,,,3057,11.093419043803054,1.4351419424658438
planned_path,,,,,,,,,,,,3058,11.043419043057996,1.4351419424658438
planned_path,,,,,,,,,,,,3059,10.993419042312938,1.3851419417207858
planned_path,,,,,,,,,,,,3060,10.94341904156788,1.3851419417207858
planned_path,,,,,,,,,,,,3061,10.893419040822822,1.3851419417207858
planned_path,,,,,,,,,,,,3062,10.893419040822822,1.3851419417207858
planned_path,,,,,,,,,,,,3063,10.843419040077764,1.3851419417207858
planned_path,,,,,,,,,,,,3064,10.793419039332706,1.3851419417207858
planned_path,,,,,,,,,,,,3065,10.743419038587648,1.3851419417207858
planned_path,,,,,,,,,,,,3066,10.69341903784259,1.3851419417207858
planned_path,,,,,,,,,,,,3067,10.643419037097532,1.3851419417207858
planned_path,,,,,,,,,,,,3068,10.593419036352474,1.3851419417207858
planned_path,,,,,,,,,,,,3069,10.543419035607416,1.3851419417207858
planned_path,,,,,,,,,,,,3070,10.493419034862358,1.3851419417207858
planned_path,,,,,,,,,,,,3071,10.4434190341173,1.3851419417207858
planned_path,,,,,,,,,,,,3072,10.393419033372242,1.3851419417207858
planned_path,,,,,,,,,,,,3073,10.343419032627184,1.3851419417207858
planned_path,,,,,,,,,,,,3074,10.293419031882125,1.3851419417207858
planned_path,,,,,,,,,,,,3075,10.243419031137067,1.3851419417207858
planned_path,,,,,,,,,,,,3076,10.19341903039201,1.3851419417207858
planned_path,,,,,,,,,,,,3077,10.143419029646951,1.3851419417207858
planned_path,,,,,,,,,,,,3078,10.093419028901893,1.3851419417207858
planned_path,,,,,,,,,,,,3079,10.043419028156835,1.3851419417207858
planned_path,,,,,,,,,,,,3080,9.993419027411777,1.3851419417207858
planned_path,,,,,,,,,,,,3081,9.943419026666719,1.3851419417207858
planned_path,,,,,,,,,,,,3082,9.893419025921661,1.3851419417207858
planned_path,,,,,,,,,,,,3083,9.843419025176603,1.3851419417207858
planned_path,,,,,,,,,,,,3084,9.793419024431545,1.3851419417207858
planned_path,,,,,,,,,,,,3085,9.743419023686487,1.3851419417207858
planned_path,,,,,,,,,,,,3086,9.693419022941429,1.3851419417207858
planned_path,,,,,,,,,,,,3087,9.64341902219637,1.3851419417207858
planned_path,,,,,,,,,,,,3088,9.593419021451313,1.3851419417207858
planned_path,,,,,,,,,,,,3089,9.543419020706255,1.3851419417207858
planned_path,,,,,,,,,,,,3090,9.493419019961197,1.3851419417207858
planned_path,,,,,,,,,,,,3091,9.443419019216138,1.3851419417207858
planned_path,,,,,,,,,,,,3092,9.39341901847108,1.3851419417207858
planned_path,,,,,,,,,,,,3093,9.343419017726022,1.3851419417207858
planned_path,,,,,,,,,,,,3094,9.293419016980964,1.3851419417207858
planned_path,,,,,,,,,,,,3095,9.243419016235906,1.3851419417207858
planned_path,,,,,,,,,,,,3096,9.193419015490848,1.3851419417207858
planned_path,,,,,,,,,,,,3097,9.14341901474579,1.3851419417207858
planned_path,,,,,,,,,,,,3098,9.093419014000732,1.3851419417207858
planned_path,,,,,,,,,,,,3099,9.043419013255674,1.3851419417207858
planned_path,,,,,,,,,,,,3100,8.993419012510616,1.3851419417207858
planned_path,,,,,,,,,,,,3101,8.943419011765558,1.3851419417207858
planned_path,,,,,,,,,,,,3102,8.8934190110205,1.3851419417207858
planned_path,,,,,,,,,,,,3103,8.843419010275442,1.3851419417207858
planned_path,,,,,,,,,,,,3104,8.793419009530384,1.3851419417207858
planned_path,,,,,,,,,,,,3105,8.743419008785326,1.3851419417207858
planned_path,,,,,,,,,,,,3106,8.693419008040268,1.3851419417207858
planned_path,,,,,,,,,,,,3107,8.64341900729521,1.3851419417207858
planned_path,,,,,,,,,,,,3108,8.593419006550151,1.3851419417207858
planned_path,,,,,,,,,,,,3109,8.543419005805093,1.3851419417207858
planned_path,,,,,,,,,,,,3110,8.493419005060035,1.3851419417207858
planned_path,,,,,,,,,,,,3111,8.443419004314977,1.3851419417207858
planned_path,,,,,,,,,,,,3112,8.39341900356992,1.3851419417207858
planned_path,,,,,,,,,,,,3113,8.343419002824861,1.3851419417207858
planned_path,,,,,,,,,,,,3114,8.293419002079803,1.3851419417207858
planned_path,,,,,,,,,,,,3115,8.243419001334745,1.3851419417207858
planned_path,,,,,,,,,,,,3116,8.193419000589687,1.3851419417207858
planned_path,,,,,,,,,,,,3117,8.143418999844629,1.3851419417207858
planned_path,,,,,,,,,,,,3118,8.09341899909957,1.3851419417207858
planned_path,,,,,,,,,,,,3119,8.043418998354513,1.3851419417207858
planned_path,,,,,,,,,,,,3120,7.993418997609455,1.3851419417207858
planned_path,,,,,,,,,,,,3121,7.943418996864397,1.3851419417207858
planned_path,,,,,,,,,,,,3122,7.893418996119339,1.3851419417207858
planned_path,,,,,,,,,,,,3123,7.8434189953742806,1.3851419417207858
planned_path,,,,,,,,,,,,3124,7.7934189946292225,1.3851419417207858
planned_path,,,,,,,,,,,,3125,7.743418993884164,1.3851419417207858
planned_path,,,,,,,,,,,,3126,7.693418993139106,1.3851419417207858
planned_path,,,,,,,,,,,,3127,7.643418992394048,1.3851419417207858
planned_path,,,,,,,,,,,,3128,7.59341899164899,1.3851419417207858
planned_path,,,,,,,,,,,,3129,7.543418990903932,1.3851419417207858
planned_path,,,,,,,,,,,,3130,7.493418990158874,1.3851419417207858
planned_path,,,,,,,,,,,,3131,7.443418989413816,1.3851419417207858
planned_path,,,,,,,,,,,,3132,7.393418988668758,1.3851419417207858
planned_path,,,,,,,,,,,,3133,7.3434189879237,1.3851419417207858
planned_path,,,,,,,,,,,,3134,7.293418987178642,1.3851419417207858
planned_path,,,,,,,,,,,,3135,7.243418986433584,1.3851419417207858
planned_path,,,,,,,,,,,,3136,7.193418985688526,1.3851419417207858
planned_path,,,,,,,,,,,,3137,7.143418984943468,1.3851419417207858
planned_path,,,,,,,,,,,,3138,7.09341898419841,1.3851419417207858
planned_path,,,,,,,,,,,,3139,7.043418983453352,1.3851419417207858
planned_path,,,,,,,,,,,,3140,6.9934189827082935,1.3851419417207858
planned_path,,,,,,,,,,,,3141,6.9434189819632355,1.3851419417207858
planned_path,,,,,,,,,,,,3142,6.893418981218177,1.3851419417207858
planned_path,,,,,,,,,,,,3143,6.843418980473119,1.3851419417207858
planned_path,,,,,,,,,,,,3144,6.793418979728061,1.3851419417207858
planned_path,,,,,,,,,,,,3145,6.743418978983003,1.3851419417207858
planned_path,,,,,,,,,,,,3146,6.693418978237945,1.3851419417207858
planned_path,,,,,,,,,,,,3147,6.643418977492887,1.3851419417207858
planned_path,,,,,,,,,,,,3148,6.593418976747829,1.3851419417207858
planned_path,,,,,,,,,,,,3149,6.543418976002771,1.3851419417207858
planned_path,,,,,,,,,,,,3150,6.493418975257713,1.3851419417207858
planned_path,,,,,,,,,,,,3151,6.443418974512655,1.3851419417207858
planned_path,,,,,,,,,,,,3152,6.393418973767597,1.3851419417207858
planned_path,,,,,,,,,,,,3153,6.343418973022539,1.3851419417207858
planned_path,,,,,,,,,,,,3154,6.293418972277481,1.3851419417207858
planned_path,,,,,,,,,,,,3155,6.243418971532423,1.3851419417207858
planned_path,,,,,,,,,,,,3156,6.193418970787365,1.3851419417207858
planned_path,,,,,,,,,,,,3157,6.1434189700423065,1.3851419417207858
planned_path,,,,,,,,,,,,3158,6.0934189692972485,1.3851419417207858
planned_path,,,,,,,,,,,,3159,6.04341896855219,1.3851419417207858
planned_path,,,,,,,,,,,,3160,5.993418967807132,1.3851419417207858
planned_path,,,,,,,,,,,,3161,5.943418967062074,1.3851419417207858
planned_path,,,,,,,,,,,,3162,5.893418966317016,1.3851419417207858
planned_path,,,,,,,,,,,,3163,5.843418965571958,1.3851419417207858
planned_path,,,,,,,,,,,,3164,5.7934189648269,1.3851419417207858
planned_path,,,,,,,,,,,,3165,5.743418964081842,1.3851419417207858
planned_path,,,,,,,,,,,,3166,5.693418963336784,1.3851419417207858
planned_path,,,,,,,,,,,,3167,5.643418962591726,1.3851419417207858
planned_path,,,,,,,,,,,,3168,5.593418961846668,1.3351419409757277
planned_path,,,,,,,,,,,,3169,5.54341896110161,1.3351419409757277
planned_path,,,,,,,,,,,,3170,5.493418960356552,1.3351419409757277
planned_path,,,,,,,,,,,,3171,5.493418960356552,1.3351419409757277
planned_path,,,,,,,,,,,,3172,5.443418959611494,1.3351419409757277
planned_path,,,,,,,,,,,,3173,5.393418958866436,1.3351419409757277
planned_path,,,,,,,,,,,,3174,5.343418958121378,1.3351419409757277
planned_path,,,,,,,,,,,,3175,5.2934189573763195,1.3351419409757277
planned_path,,,,,,,,,,,,3176,5.2434189566312615,1.3351419409757277
planned_path,,,,,,,,,,,,3177,5.193418955886203,1.3351419409757277
planned_path,,,,,,,,,,,,3178,5.143418955141145,1.3351419409757277
planned_path,,,,,,,,,,,,3179,5.093418954396087,1.3351419409757277
planned_path,,,,,,,,,,,,3180,5.043418953651029,1.3351419409757277
planned_path,,,,,,,,,,,,3181,4.993418952905971,1.3351419409757277
planned_path,,,,,,,,,,,,3182,4.943418952160913,1.3351419409757277
planned_path,,,,,,,,,,,,3183,4.893418951415855,1.3351419409757277
planned_path,,,,,,,,,,,,3184,4.843418950670797,1.3351419409757277
planned_path,,,,,,,,,,,,3185,4.793418949925739,1.3351419409757277
planned_path,,,,,,,,,,,,3186,4.743418949180681,1.3351419409757277
planned_path,,,,,,,,,,,,3187,4.693418948435623,1.3351419409757277
planned_path,,,,,,,,,,,,3188,4.643418947690565,1.3351419409757277
planned_path,,,,,,,,,,,,3189,4.593418946945507,1.3351419409757277
planned_path,,,,,,,,,,,,3190,4.543418946200449,1.3351419409757277
planned_path,,,,,,,,,,,,3191,4.493418945455391,1.3351419409757277
planned_path,,,,,,,,,,,,3192,4.4434189447103325,1.3351419409757277
planned_path,,,,,,,,,,,,3193,4.393418943965274,1.3351419409757277
planned_path,,,,,,,,,,,,3194,4.343418943220216,1.3851419417207858
planned_path,,,,,,,,,,,,3195,4.293418942475158,1.3851419417207858
planned_path,,,,,,,,,,,,3196,4.2434189417301,1.3851419417207858
planned_path,,,,,,,,,,,,3197,4.193418940985042,1.3851419417207858
planned_path,,,,,,,,,,,,3198,4.143418940239984,1.3851419417207858
planned_path,,,,,,,,,,,,3199,4.093418939494926,1.3851419417207858
planned_path,,,,,,,,,,,,3200,4.043418938749868,1.3851419417207858
planned_path,,,,,,,,,,,,3201,3.99341893800481,1.3851419417207858
planned_path,,,,,,,,,,,,3202,3.943418937259752,1.3851419417207858
planned_path,,,,,,,,,,,,3203,3.893418936514694,1.3851419417207858
planned_path,,,,,,,,,,,,3204,3.843418935769636,1.3851419417207858
planned_path,,,,,,,,,,,,3205,3.7934189350245777,1.3851419417207858
planned_path,,,,,,,,,,,,3206,3.7434189342795197,1.3851419417207858
planned_path,,,,,,,,,,,,3207,3.6934189335344616,1.3851419417207858
planned_path,,,,,,,,,,,,3208,3.6434189327894035,1.3851419417207858
planned_path,,,,,,,,,,,,3209,3.5934189320443455,1.3851419417207858
planned_path,,,,,,,,,,,,3210,3.5434189312992874,1.3851419417207858
planned_path,,,,,,,,,,,,3211,3.4934189305542294,1.3851419417207858
planned_path,,,,,,,,,,,,3212,3.4434189298091713,1.3851419417207858
planned_path,,,,,,,,,,,,3213,3.3934189290641132,1.3851419417207858
planned_path,,,,,,,,,,,,3214,3.343418928319055,1.3851419417207858
planned_path,,,,,,,,,,,,3215,3.293418927573997,1.3851419417207858
planned_path,,,,,,,,,,,,3216,3.243418926828939,1.3851419417207858
planned_path,,,,,,,,,,,,3217,3.193418926083881,1.3851419417207858
planned_path,,,,,,,,,,,,3218,3.143418925338823,1.3851419417207858
planned_path,,,,,,,,,,,,3219,3.093418924593765,1.3851419417207858
planned_path,,,,,,,,,,,,3220,3.043418923848707,1.3851419417207858
planned_path,,,,,,,,,,,,3221,2.9934189231036488,1.3851419417207858
planned_path,,,,,,,,,,,,3222,2.9434189223585907,1.3851419417207858
planned_path,,,,,,,,,,,,3223,2.8934189216135326,1.3851419417207858
planned_path,,,,,,,,,,,,3224,2.8434189208684746,1.3851419417207858
planned_path,,,,,,,,,,,,3225,2.7934189201234165,1.3851419417207858
planned_path,,,,,,,,,,,,3226,2.7434189193783585,1.3851419417207858
planned_path,,,,,,,,,,,,3227,2.6934189186333004,1.3851419417207858
planned_path,,,,,,,,,,,,3228,2.6434189178882423,1.3851419417207858
planned_path,,,,,,,,,,,,3229,2.5934189171431843,1.3851419417207858
planned_path,,,,,,,,,,,,3230,2.5434189163981262,1.3851419417207858
planned_path,,,,,,,,,,,,3231,2.493418915653068,1.3851419417207858
planned_path,,,,,,,,,,,,3232,2.44341891490801,1.3851419417207858
planned_path,,,,,,,,,,,,3233,2.393418914162952,1.3851419417207858
planned_path,,,,,,,,,,,,3234,2.343418913417894,1.3851419417207858
planned_path,,,,,,,,,,,,3235,2.293418912672836,1.3851419417207858
planned_path,,,,,,,,,,,,3236,2.243418911927778,1.4351419424658438
planned_path,,,,,,,,,,,,3237,2.19341891118272,1.4851419432109019
planned_path,,,,,,,,,,,,3238,2.1434189104376618,1.53514194395596
planned_path,,,,,,,,,,,,3239,2.0934189096926037,1.585141944701018
planned_path,,,,,,,,,,,,3240,2.0434189089475456,1.635141945446076
planned_path,,,,,,,,,,,,3241,1.9934189082024876,1.685141946191134
planned_path,,,,,,,,,,,,3242,1.9434189074574295,1.7351419469361922
planned_path,,,,,,,,,,,,3243,1.8934189067123715,1.7851419476812502
planned_path,,,,,,,,,,,,3244,1.8434189059673134,1.8351419484263083
planned_path,,,,,,,,,,,,3245,1.7934189052222553,1.8851419491713663
planned_path,,,,,,,,,,,,3246,1.7434189044771973,1.9351419499164244
planned_path,,,,,,,,,,,,3247,1.6934189037321392,1.9851419506614825
planned_path,,,,,,,,,,,,3248,1.6434189029870812,2.0351419514065405
planned_path,,,,,,,,,,,,3249,1.593418902242023,2.0851419521515986
planned_path,,,,,,,,,,,,3250,1.543418901496965,2.1351419528966566
planned_path,,,,,,,,,,,,3251,1.493418900751907,2.1851419536417147
planned_path,,,,,,,,,,,,3252,1.443418900006849,2.2351419543867728
planned_path,,,,,,,,,,,,3253,1.3934188992617909,2.285141955131831
planned_path,,,,,,,,,,,,3254,1.3434188985167328,2.335141955876889
planned_path,,,,,,,,,,,,3255,1.3434188985167328,2.385141956621947
planned_path,,,,,,,,,,,,3256,1.3434188985167328,2.435141957367005
planned_path,,,,,,,,,,,,3257,1.2934188977716747,2.485141958112063
planned_path,,,,,,,,,,,,3258,1.2934188977716747,2.535141958857121
planned_path,,,,,,,,,,,,3259,1.2434188970266167,2.585141959602179
planned_path,,,,,,,,,,,,3260,1.2434188970266167,2.6351419603472372
planned_path,,,,,,,,,,,,3261,1.1934188962815586,2.6851419610922953
planned_path,,,,,,,,,,,,3262,1.1934188962815586,2.7351419618373534
planned_path,,,,,,,,,,,,3263,1.1434188955365006,2.7851419625824114
planned_path,,,,,,,,,,,,3264,1.1434188955365006,2.8351419633274695
planned_path,,,,,,,,,,,,3265,1.1434188955365006,2.8351419633274695
planned_path,,,,,,,,,,,,3266,1.1434188955365006,2.8851419640725275
planned_path,,,,,,,,,,,,3267,1.1434188955365006,2.9351419648175856
planned_path,,,,,,,,,,,,3268,1.1434188955365006,2.9851419655626437
planned_path,,,,,,,,,,,,3269,1.1434188955365006,3.0351419663077017
planned_path,,,,,,,,,,,,3270,1.1434188955365006,3.08514196705276
planned_path,,,,,,,,,,,,3271,1.1434188955365006,3.135141967797818
planned_path,,,,,,,,,,,,3272,1.1434188955365006,3.185141968542876
planned_path,,,,,,,,,,,,3273,1.0934188947914425,3.235141969287934
planned_path,,,,,,,,,,,,3274,1.0434188940463844,3.285141970032992
planned_path,,,,,,,,,,,,3275,1.0434188940463844,3.33514197077805
planned_path,,,,,,,,,,,,3276,1.0434188940463844,3.33514197077805
planned_path,,,,,,,,,,,,3277,0.9934188933013264,3.385141971523108
planned_path,,,,,,,,,,,,3278,0.9434188925562683,3.435141972268166
planned_path,,,,,,,,,,,,3279,0.8934188918112103,3.4851419730132243
planned_path,,,,,,,,,,,,3280,0.8934188918112103,3.5351419737582823
planned_path,,,,,,,,,,,,3281,0.8934188918112103,3.5851419745033404
planned_path,,,,,,,,,,,,3282,0.8934188918112103,3.6351419752483984
planned_path,,,,,,,,,,,,3283,0.8934188918112103,3.6851419759934565
planned_path,,,,,,,,,,,,3284,0.8434188910661522,3.7351419767385146
planned_path,,,,,,,,,,,,3285,0.8434188910661522,3.7851419774835726
planned_path,,,,,,,,,,,,3286,0.7934188903210941,3.8351419782286307
planned_path,,,,,,,,,,,,3287,0.7934188903210941,3.8851419789736887
planned_path,,,,,,,,,,,,3288,0.7934188903210941,3.8851419789736887
planned_path,,,,,,,,,,,,3289,0.7434188895760361,3.935141979718747
planned_path,,,,,,,,,,,,3290,0.693418888830978,3.985141980463805
planned_path,,,,,,,,,,,,3291,0.64341888808592,4.035141981208863
planned_path,,,,,,,,,,,,3292,0.5934188873408619,4.035141981208863
planned_path,,,,,,,,,,,,3293,0.5434188865958038,4.035141981208863
planned_path,,,,,,,,,,,,3294,0.4934188858507458,4.035141981208863
planned_path,,,,,,,,,,,,3295,0.4434188851056877,4.085141981953921
planned_path,,,,,,,,,,,,3296,0.39341888436062966,4.085141981953921
planned_path,,,,,,,,,,,,3297,0.3434188836155716,4.085141981953921
planned_path,,,,,,,,,,,,3298,0.3434188836155716,4.085141981953921
planned_path,,,,,,,,,,,,3299,0.29341888287051354,4.085141981953921
planned_path,,,,,,,,,,,,3300,0.24341888212545548,4.085141981953921
planned_path,,,,,,,,,,,,3301,0.19341888138039742,4.085141981953921
planned_path,,,,,,,,,,,,3302,0.14341888063533936,4.085141981953921
planned_path,,,,,,,,,,,,3303,0.0934188798902813,4.085141981953921
planned_path,,,,,,,,,,,,3304,0.043418879145223244,4.085141981953921
planned_path,,,,,,,,,,,,3305,-0.006581121599834816,4.085141981953921
planned_path,,,,,,,,,,,,3306,-0.056581122344892876,4.085141981953921
planned_path,,,,,,,,,,,,3307,-0.10658112308995094,4.085141981953921
planned_path,,,,,,,,,,,,3308,-0.156581123835009,4.085141981953921
planned_path,,,,,,,,,,,,3309,-0.20658112458006705,4.085141981953921
planned_path,,,,,,,,,,,,3310,-0.20658112458006705,4.085141981953921
planned_path,,,,,,,,,,,,3311,-0.2565811253251251,4.035141981208863
planned_path,,,,,,,,,,,,3312,-0.3065811260701832,3.985141980463805
planned_path,,,,,,,,,,,,3313,-0.35658112681524123,3.985141980463805
planned_path,,,,,,,,,,,,3314,-0.4065811275602993,3.985141980463805
planned_path,,,,,,,,,,,,3315,-0.45658112830535735,3.935141979718747
planned_path,,,,,,,,,,,,3316,-0.5065811290504154,3.935141979718747
planned_path,,,,,,,,,,,,3317,-0.5565811297954735,3.935141979718747
planned_path,,,,,,,,,,,,3318,-0.5565811297954735,3.935141979718747
planned_path,,,,,,,,,,,,3319,-0.6065811305405315,3.8851419789736887
planned_path,,,,,,,,,,,,3320,-0.6565811312855896,3.8351419782286307
planned_path,,,,,,,,,,,,3321,-0.7065811320306477,3.7851419774835726
planned_path,,,,,,,,,,,,3322,-0.7565811327757057,3.7351419767385146
planned_path,,,,,,,,,,,,3323,-0.8065811335207638,3.6851419759934565
planned_path,,,,,,,,,,,,3324,-0.8565811342658218,3.6851419759934565
planned_path,,,,,,,,,,,,3325,-0.9065811350108799,3.6851419759934565
planned_path,,,,,,,,,,,,3326,-0.9065811350108799,3.6851419759934565
planned_path,,,,,,,,,,,,3327,-0.956581135755938,3.6351419752483984
planned_path,,,,,,,,,,,,3328,-1.006581136500996,3.5851419745033404
planned_path,,,,,,,,,,,,3329,-1.056581137246054,3.5351419737582823
planned_path,,,,,,,,,,,,3330,-1.1065811379911121,3.4851419730132243
planned_path,,,,,,,,,,,,3331,-1.1565811387361702,3.435141972268166
planned_path,,,,,,,,,,,,3332,-1.1565811387361702,3.385141971523108
planned_path,,,,,,,,,,,,3333,-1.2065811394812282,3.33514197077805
planned_path,,,,,,,,,,,,3334,-1.2065811394812282,3.285141970032992
planned_path,,,,,,,,,,,,3335,-1.2065811394812282,3.235141969287934
planned_path,,,,,,,,,,,,3336,-1.2065811394812282,3.235141969287934
planned_path,,,,,,,,,,,,3337,-1.2565811402262863,3.185141968542876
planned_path,,,,,,,,,,,,3338,-1.3065811409713444,3.135141967797818
planned_path,,,,,,,,,,,,3339,-1.3565811417164024,3.08514196705276
planned_path,,,,,,,,,,,,3340,-1.3565811417164024,3.0351419663077017
planned_path,,,,,,,,,,,,3341,-1.3565811417164024,2.9851419655626437
planned_path,,,,,,,,,,,,3342,-1.3565811417164024,2.9351419648175856
planned_path,,,,,,,,,,,,3343,-1.3565811417164024,2.8851419640725275
planned_path,,,,,,,,,,,,3344,-1.4065811424614605,2.8351419633274695
planned_path,,,,,,,,,,,,3345,-1.4065811424614605,2.7851419625824114
planned_path,,,,,,,,,,,,3346,-1.4565811432065185,2.7351419618373534
planned_path,,,,,,,,,,,,3347,-1.4565811432065185,2.6851419610922953
planned_path,,,,,,,,,,,,3348,-1.4565811432065185,2.6851419610922953
planned_path,,,,,,,,,,,,3349,-1.4565811432065185,2.6351419603472372
planned_path,,,,,,,,,,,,3350,-1.4565811432065185,2.585141959602179
planned_path,,,,,,,,,,,,3351,-1.4565811432065185,2.535141958857121
planned_path,,,,,,,,,,,,3352,-1.4565811432065185,2.485141958112063
planned_path,,,,,,,,,,,,3353,-1.4565811432065185,2.435141957367005
planned_path,,,,,,,,,,,,3354,-1.4565811432065185,2.385141956621947
planned_path,,,,,,,,,,,,3355,-1.4565811432065185,2.335141955876889
planned_path,,,,,,,,,,,,3356,-1.4565811432065185,2.285141955131831
planned_path,,,,,,,,,,,,3357,-1.4565811432065185,2.2351419543867728
planned_path,,,,,,,,,,,,3358,-1.4565811432065185,2.1851419536417147
planned_path,,,,,,,,,,,,3359,-1.4065811424614605,2.1351419528966566
planned_path,,,,,,,,,,,,3360,-1.4065811424614605,2.0851419521515986
planned_path,,,,,,,,,,,,3361,-1.4065811424614605,2.0351419514065405
planned_path,,,,,,,,,,,,3362,-1.4065811424614605,2.0351419514065405
planned_path,,,,,,,,,,,,3363,-1.4065811424614605,1.9851419506614825
planned_path,,,,,,,,,,,,3364,-1.4065811424614605,1.9351419499164244
planned_path,,,,,,,,,,,,3365,-1.4065811424614605,1.8851419491713663
planned_path,,,,,,,,,,,,3366,-1.4065811424614605,1.8351419484263083
planned_path,,,,,,,,,,,,3367,-1.4065811424614605,1.7851419476812502
planned_path,,,,,,,,,,,,3368,-1.4065811424614605,1.7351419469361922
planned_path,,,,,,,,,,,,3369,-1.4065811424614605,1.685141946191134
planned_path,,,,,,,,,,,,3370,-1.3565811417164024,1.635141945446076
planned_path,,,,,,,,,,,,3371,-1.3065811409713444,1.585141944701018
planned_path,,,,,,,,,,,,3372,-1.3065811409713444,1.53514194395596
planned_path,,,,,,,,,,,,3373,-1.2565811402262863,1.4851419432109019
planned_path,,,,,,,,,,,,3374,-1.2565811402262863,1.4351419424658438
planned_path,,,,,,,,,,,,3375,-1.2565811402262863,1.4351419424658438
planned_path,,,,,,,,,,,,3376,-1.2065811394812282,1.3851419417207858
planned_path,,,,,,,,,,,,3377,-1.1565811387361702,1.3351419409757277
planned_path,,,,,,,,,,,,3378,-1.1065811379911121,1.2851419402306696
planned_path,,,,,,,,,,,,3379,-1.1065811379911121,1.2351419394856116
planned_path,,,,,,,,,,,,3380,-1.1065811379911121,1.1851419387405535
planned_path,,,,,,,,,,,,3381,-1.1065811379911121,1.1351419379954955
planned_path,,,,,,,,,,,,3382,-1.056581137246054,1.0851419372504374
planned_path,,,,,,,,,,,,3383,-1.006581136500996,1.0351419365053793
planned_path,,,,,,,,,,,,3384,-0.956581135755938,0.9851419357603213
planned_path,,,,,,,,,,,,3385,-0.9065811350108799,0.9351419350152632
planned_path,,,,,,,,,,,,3386,-0.8565811342658218,0.8851419342702052
planned_path,,,,,,,,,,,,3387,-0.8565811342658218,0.8351419335251471
planned_path,,,,,,,,,,,,3388,-0.8565811342658218,0.8351419335251471
planned_path,,,,,,,,,,,,3389,-0.8065811335207638,0.785141932780089
planned_path,,,,,,,,,,,,3390,-0.7565811327757057,0.735141932035031
planned_path,,,,,,,,,,,,3391,-0.7065811320306477,0.6851419312899729
planned_path,,,,,,,,,,,,3392,-0.6565811312855896,0.6351419305449149
planned_path,,,,,,,,,,,,3393,-0.6065811305405315,0.5851419297998568
planned_path,,,,,,,,,,,,3394,-0.5565811297954735,0.5351419290547987
planned_path,,,,,,,,,,,,3395,-0.5065811290504154,0.4851419283097407
planned_path,,,,,,,,,,,,3396,-0.45658112830535735,0.4351419275646826
planned_path,,,,,,,,,,,,3397,-0.4065811275602993,0.38514192681962456
planned_path,,,,,,,,,,,,3398,-0.35658112681524123,0.3351419260745665
planned_path,,,,,,,,,,,,3399,-0.3065811260701832,0.28514192532950844
planned_path,,,,,,,,,,,,3400,-0.2565811253251251,0.23514192458445038
planned_path,,,,,,,,,,,,3401,-0.20658112458006705,0.18514192383939232
planned_path,,,,,,,,,,,,3402,-0.156581123835009,0.18514192383939232
planned_path,,,,,,,,,,,,3403,-0.10658112308995094,0.18514192383939232
planned_path,,,,,,,,,,,,3404,-0.056581122344892876,0.18514192383939232
planned_path,,,,,,,,,,,,3405,-0.006581121599834816,0.13514192309433426
planned_path,,,,,,,,,,,,3406,0.043418879145223244,0.13514192309433426
planned_path,,,,,,,,,,,,3407,0.0934188798902813,0.13514192309433426
planned_path,,,,,,,,,,,,3408,0.14341888063533936,0.13514192309433426
planned_path,,,,,,,,,,,,3409,0.19341888138039742,0.13514192309433426
planned_path,,,,,,,,,,,,3410,0.24341888212545548,0.13514192309433426
planned_path,,,,,,,,,,,,3411,0.29341888287051354,0.0851419223492762
planned_path,,,,,,,,,,,,3412,0.3434188836155716,0.0851419223492762
planned_path,,,,,,,,,,,,3413,0.39341888436062966,0.0851419223492762
planned_path,,,,,,,,,,,,3414,0.4434188851056877,0.0851419223492762
planned_path,,,,,,,,,,,,3415,0.4934188858507458,0.0851419223492762
planned_path,,,,,,,,,,,,3416,0.5434188865958038,0.0851419223492762
planned_path,,,,,,,,,,,,3417,0.5934188873408619,0.03514192160421814
planned_path,,,,,,,,,,,,3418,0.64341888808592,0.03514192160421814
planned_path,,,,,,,,,,,,3419,0.693418888830978,0.03514192160421814
planned_path,,,,,,,,,,,,3420,0.7434188895760361,0.03514192160421814
planned_path,,,,,,,,,,,,3421,0.7934188903210941,0.03514192160421814
planned_path,,,,,,,,,,,,3422,0.8434188910661522,0.03514192160421814
planned_path,,,,,,,,,,,,3423,0.8934188918112103,-0.01485807914083992
planned_path,,,,,,,,,,,,3424,0.9434188925562683,-0.01485807914083992
planned_path,,,,,,,,,,,,3425,0.9934188933013264,-0.01485807914083992
planned_path,,,,,,,,,,,,3426,0.9934188933013264,-0.01485807914083992
planned_path,,,,,,,,,,,,3427,1.0434188940463844,-0.01485807914083992
planned_path,,,,,,,,,,,,3428,1.0934188947914425,-0.01485807914083992
planned_path,,,,,,,,,,,,3429,1.1434188955365006,-0.01485807914083992
planned_path,,,,,,,,,,,,3430,1.1934188962815586,-0.01485807914083992
planned_path,,,,,,,,,,,,3431,1.2434188970266167,-0.01485807914083992
planned_path,,,,,,,,,,,,3432,1.2934188977716747,-0.01485807914083992
planned_path,,,,,,,,,,,,3433,1.3434188985167328,-0.01485807914083992
planned_path,,,,,,,,,,,,3434,1.3934188992617909,-0.01485807914083992
planned_path,,,,,,,,,,,,3435,1.443418900006849,0.03514192160421814
planned_path,,,,,,,,,,,,3436,1.493418900751907,0.03514192160421814
planned_path,,,,,,,,,,,,3437,1.543418901496965,0.03514192160421814
sample,1779737629.591707,0.0,0.0,0.0,0.04393588639646858,0,0.0489378662433612,-0.02988662667015735,0.0,0.0,0.0,,,
sample,1779737629.6232457,0.03153872489929199,0.0,0.0,0.04393588639646858,0,0.0489378662433612,-0.02988662667015735,0.0,0.08892592722894435,0.1418199321488323,,,
sample,1779737629.671095,0.07938790321350098,0.0,0.0,0.04393588639646858,0,0.0489378662433612,-0.02988662667015735,0.0,0.08892592722894435,0.1418199321488323,,,
sample,1779737629.723893,0.1321859359741211,0.0,0.0,0.04393588639646858,0,0.0489378662433612,-0.02988662667015735,0.0,0.08892592722894435,0.1418199321488323,,,
sample,1779737629.772452,0.18074512481689453,0.8011,0.0,0.04393588639646858,0,0.1348780572786034,-0.03019409372283831,0.08594074104382862,0.08892592722894435,0.1418199321488323,,,
sample,1779737629.8275983,0.23589134216308594,0.8011,0.0,0.030786297834896077,0,0.1370761258412569,-0.030201957722841198,0.08813882367390001,0.09230422510502433,0.09934202548963622,,,
sample,1779737629.8740702,0.2823631763458252,1.1215,0.8644409053571626,0.012051803028088717,0,0.23608153463462767,-0.026577287802011323,0.18721056133089997,0.03999641521043229,0.03887866630282476,,,
sample,1779737629.923451,0.3317439556121826,1.1215,0.0,0.012051803028088717,0,0.23608153463462767,-0.026577287802011323,0.18721056133089997,0.03999641521043229,0.03887866630282476,,,
sample,1779737629.9727986,0.3810915946960449,1.3619,0.8459875285861442,-0.003318806716567013,0,0.36887482175369685,-0.01615266436919794,0.3204124001980999,-0.011923365107940844,-0.010705867424500788,,,
sample,1779737630.0203009,0.42859387397766113,1.3619,0.0,-0.003318806716567013,0,0.36887482175369685,-0.01615266436919794,0.3204124001980999,-0.011923365107940844,-0.010705867424500788,,,
sample,1779737630.0727272,0.4810202121734619,1.5221,0.44370290808451823,-0.011769607085925574,0,0.4917495242149349,-0.0029444124976366164,0.4439949654022596,-0.044170940378086304,-0.03796822765275649,,,
sample,1779737630.1230714,0.5313644409179688,1.5221,0.10882667634294284,-0.011769607085925574,0,0.5206900046828513,0.00016650576012947407,0.47310216764019986,-0.044170940378086304,-0.03796822765275649,,,
sample,1779737630.1760201,0.584313154220581,1.7624,0.22007242787061387,-0.01820327467536777,0,0.710848046928596,0.02285163316190898,0.6646085540505997,-0.0744255980315731,-0.05872672757891022,,,
sample,1779737630.2242103,0.6325032711029053,1.7624,0.0,-0.01820327467536777,0,0.710848046928596,0.02285163316190898,0.6646085540505997,-0.0744255980315731,-0.05872672757891022,,,
sample,1779737630.272141,0.680433988571167,1.9227,0.1485230236350705,-0.0216188493221841,0,0.8876609053704669,0.045222449144356955,0.8428310002185996,-0.09200847233737738,-0.06974909027733267,,,
sample,1779737630.321752,0.7300450801849365,1.9227,0.0,-0.0216188493221841,0,0.8876609053704669,0.045222449144356955,0.8428310002185996,-0.09200847233737738,-0.06974909027733267,,,
sample,1779737630.3748384,0.7831313610076904,2.0028,0.031059367612269906,-0.022735232121003302,0,0.9865787620366371,0.05807810654248367,0.9425807385368878,-0.09904033751721149,-0.0733520972312879,,,
sample,1779737630.4213064,0.8295993804931641,2.0028,0.0,-0.022735232121003302,0,0.9865787620366371,0.05807810654248367,0.9425807385368878,-0.09904033751721149,-0.0733520972312879,,,
sample,1779737630.471269,0.8795619010925293,2.0028,0.0,-0.022735232121003302,0,0.9865787620366371,0.05807810654248367,0.9425807385368878,-0.09904033751721149,-0.0733520972312879,,,
sample,1779737630.5216236,0.9299166202545166,2.0028,0.0,-0.022735232121003302,0,0.9865787620366371,0.05807810654248367,0.9425807385368878,-0.09904033751721149,-0.0733520972312879,,,
sample,1779737630.5709136,0.9792065620422363,2.0829,0.0,-0.0228564254051219,0,0.9865787620366371,0.05807810654248367,0.9425807385368878,-0.10005385380890404,-0.07374324653502437,,,
sample,1779737630.6230998,1.0313928127288818,2.0829,0.0,-0.0228564254051219,0,0.9865787620366371,0.05807810654248367,0.9425807385368878,-0.10005385380890404,-0.07374324653502437,,,
sample,1779737630.6700504,1.078343391418457,2.163,0.0,-0.022176584228518544,0,0.9865787620366371,0.05807810654248367,0.9425807385368878,-0.10005385380890404,-0.07154909816701467,,,
sample,1779737630.7235463,1.1318392753601074,2.163,0.0,-0.022176584228518544,0,0.9865787620366371,0.05807810654248367,0.9425807385368878,-0.10005385380890404,-0.07154909816701467,,,
sample,1779737630.772711,1.1810040473937988,2.0829,0.0,-0.0228564254051219,0,0.9865787620366371,0.05807810654248367,0.9425807385368878,-0.10005385380890404,-0.07374324653502437,,,
sample,1779737630.8260818,1.234374761581421,2.0829,0.0,-0.0228564254051219,0,0.9865787620366371,0.05807810654248367,0.9425807385368878,-0.10005385380890404,-0.07374324653502437,,,
sample,1779737630.87408,1.2823729515075684,2.2431,0.0,-0.022176584228518544,0,0.9865787620366371,0.05807810654248367,0.9425807385368878,-0.10005385380890404,-0.07154909816701467,,,
sample,1779737630.932804,1.341097116470337,2.2431,-0.9670248871791022,-0.017194111873076224,0,1.9655250559357824,0.15282213717297155,1.926101087934389,-0.07696694545095248,-0.0554703434885759,,,
sample,1779737630.9705117,1.3788046836853027,2.163,0.0,-0.017194111873076224,0,1.9655250559357824,0.15282213717297155,1.926101087934389,-0.07696694545095248,-0.0554703434885759,,,
sample,1779737631.022353,1.4306459426879883,2.163,0.0,-0.017194111873076224,0,1.9655250559357824,0.15282213717297155,1.926101087934389,-0.07696694545095248,-0.0554703434885759,,,
sample,1779737631.079452,1.4877450466156006,2.163,0.0,-0.017194111873076224,0,1.9655250559357824,0.15282213717297155,1.926101087934389,-0.07696694545095248,-0.0554703434885759,,,
sample,1779737631.1302428,1.5385358333587646,2.163,0.22444197591627496,-0.02227081112118234,0,2.375166742547461,0.18581779597924356,2.3370694868534794,-0.10009390775188558,-0.07185320605746356,,,
sample,1779737631.1772814,1.5855743885040283,2.163,0.283937233044863,-0.026158446473355794,0,2.4860384295273534,0.19866936168425178,2.4486835259114645,-0.11809539290917354,-0.08440133721742081,,,
sample,1779737631.2239306,1.6322236061096191,2.163,0.18673794444798147,-0.028898755489214157,0,2.584122247943554,0.2089250328533155,2.547302054729482,-0.13043958073397519,-0.09324775159511708,,,
sample,1779737631.277106,1.685399055480957,2.2431,-0.03346376381763348,-0.030118232585720554,0,2.788217923480132,0.2298460481733168,2.7524671922522876,-0.13614963314988296,-0.09718497651784344,,,
sample,1779737631.3249264,1.7332193851470947,2.2431,-0.005293066267944944,-0.03046545343928693,0,2.817249307781139,0.23282193697706252,2.781650701098981,-0.1366980755465754,-0.09830607219672133,,,
sample,1779737631.3759985,1.7842915058135986,2.163,-0.5176896229952486,-0.025797943646949883,0,3.010032897728774,0.2474454634378713,2.974988126547981,-0.11532470516150921,-0.08323763969759641,,,
sample,1779737631.427149,1.835442066192627,2.163,0.0,-0.025797943646949883,0,3.010032897728774,0.2474454634378713,2.974988126547981,-0.11532470516150921,-0.08323763969759641,,,
sample,1779737631.4733808,1.881673812866211,2.2431,-0.5738719290850471,-0.019449306595192475,0,3.2107831404076013,0.24199304232782132,3.175812400059849,-0.08688210375496264,-0.06274761085555873,,,
sample,1779737631.5205572,1.9288501739501953,2.2431,0.0,-0.019449306595192475,0,3.2107831404076013,0.24199304232782132,3.175812400059849,-0.08688210375496264,-0.06274761085555873,,,
sample,1779737631.569932,1.9782249927520752,2.2431,-0.56194031865208,-0.011874455473149947,0,3.3210198299342446,0.22483662842764013,3.2873761497983187,-0.05320173680625309,-0.03830649553127562,,,
sample,1779737631.623427,2.031719923019409,2.2431,-0.0854324541562325,-0.01098865704012445,0,3.399387062361068,0.2261582312889447,3.3657545253387875,-0.048854273013309656,-0.035448707603457426,,,
sample,1779737631.6778972,2.0861902236938477,2.163,-0.06709045214529483,-0.01037619291563863,0,3.609391022445018,0.22893216527929572,3.5757768050157877,-0.04629044319923594,-0.03347279134599662,,,
sample,1779737631.720938,2.1292309761047363,2.163,0.0,-0.01037619291563863,0,3.609391022445018,0.22893216527929572,3.5757768050157877,-0.04629044319923594,-0.03347279134599662,,,
sample,1779737631.7721686,2.1804616451263428,2.2431,-0.1007723023536006,-0.009346969692841284,0,3.840592653168584,0.23079235195865033,3.806985918901288,-0.04215874120375086,-0.030152393239724424,,,
sample,1779737631.820538,2.2288310527801514,2.2431,0.0,-0.009346969692841284,0,3.840592653168584,0.23079235195865033,3.806985918901288,-0.04215874120375086,-0.030152393239724424,,,
sample,1779737631.874224,2.2825169563293457,2.2431,0.0,-0.009346969692841284,0,3.840592653168584,0.23079235195865033,3.806985918901288,-0.04215874120375086,-0.030152393239724424,,,
sample,1779737631.9247684,2.333061456680298,2.2431,-0.17757681939338746,-0.007328509038377065,0,4.196005436230582,0.2304618279881091,4.162398855652287,-0.03253349275357612,-0.023640774963601674,,,
sample,1779737631.970902,2.379194974899292,2.163,0.04236800739909849,-0.007778705637386982,0,4.219623676466926,0.23061365909876597,4.186017583910766,-0.034821462239780276,-0.025093104945706615,,,
sample,1779737632.0222454,2.4305384159088135,2.163,0.0,-0.007778705637386982,0,4.219623676466926,0.23061365909876597,4.186017583910766,-0.034821462239780276,-0.025093104945706615,,,
sample,1779737632.0719743,2.480267286300659,2.2431,-0.27919816749857623,-0.008033864821897913,0,4.459450773627554,0.20274926943488059,4.427457971468097,-0.03597595273567759,-0.025916250546978,,,
sample,1779737632.1242507,2.532543659210205,2.2431,-0.01677214503520693,-0.0024641051630819627,0,4.4807734273657385,0.20245635487358782,4.448782637031212,-0.010991950678247221,-0.007948742420291486,,,
sample,1779737632.1736321,2.5819251537323,2.163,-0.06762964025944616,-0.0022675603817756645,0,4.685734382370322,0.19895609406953152,4.653773478051213,-0.010191830756397027,-0.0073147234459797475,,,
sample,1779737632.2237108,2.6320037841796875,2.163,0.0,-0.0012544770355048137,0,4.685734382370322,0.19895609406953152,4.653773478051213,-0.00564844904333166,-0.004046702237314024,,,
sample,1779737632.2716024,2.6798954010009766,2.2431,0.31614313596113786,-0.004586139905200992,0,4.884787988849746,0.19857083931441577,4.852827457347513,-0.02064430254699235,-0.014794103414219387,,,
sample,1779737632.3217204,2.730013370513916,2.2431,0.0,-0.004586139905200992,0,4.884787988849746,0.19857083931441577,4.852827457347513,-0.02064430254699235,-0.014794103414219387,,,
sample,1779737632.3754702,2.7837631702423096,2.163,-0.0015059712530246059,-0.004535969148060022,0,5.052987861456688,0.19822788515194578,5.021027679590378,-0.020189968988830694,-0.014632258895254269,,,
sample,1779737632.42117,2.829463005065918,2.163,-0.0004943078550819883,-0.00452283271974344,0,5.0999279897847,0.19813217573107972,5.067967905492512,-0.02010984827010555,-0.014589882450672026,,,
sample,1779737632.472488,2.8807809352874756,2.2431,-0.40936796792376834,0.0005664809303716038,0,5.323894200828935,0.1929695387975251,5.291993610512312,0.00254005426347545,0.0018273580353751944,,,
sample,1779737632.5210118,2.929304838180542,2.2431,0.0,0.0005664809303716038,0,5.323894200828935,0.1929695387975251,5.291993610512312,0.00254005426347545,0.0018273580353751944,,,
sample,1779737632.5744019,2.9826948642730713,2.2431,-0.3745557003586852,0.007175961605656527,0,5.477505036494883,0.16559933249539888,5.44802379037189,0.032228670531250496,0.023148660587739286,,,
sample,1779737632.6205363,3.028829336166382,2.2431,0.0,0.007175961605656527,0,5.477505036494883,0.16559933249539888,5.44802379037189,0.032228670531250496,0.023148660587739286,,,
sample,1779737632.6727645,3.081057548522949,2.163,-0.17222153341339547,0.010205893242481943,0,5.694102398258948,0.15431758384692337,5.664914765231888,0.04530942928638185,0.032923379376559626,,,
sample,1779737632.7195475,3.127840518951416,2.163,0.0,0.010205893242481943,0,5.694102398258948,0.15431758384692337,5.664914765231888,0.04530942928638185,0.032923379376559626,,,
sample,1779737632.7746952,3.182988166809082,2.163,0.08241685110230723,0.009733125711303482,0,5.874618921121123,0.14589939010678354,5.845627468194621,0.04367783802837682,0.031398171208832655,,,
sample,1779737632.8214004,3.2296934127807617,2.163,0.019141010145671506,0.009718222961181622,0,5.910125143221125,0.14424359565717265,5.881172277422889,0.04338777366014703,0.03135009327385393,,,
sample,1779737632.87231,3.2806029319763184,2.2431,0.010237799473192893,0.014279311213573266,0,6.134164010532304,0.13391280471963973,6.105449202913389,0.06431277792364264,0.04606542517377015,,,
sample,1779737632.9205341,3.328827142715454,2.2431,0.0,0.014279311213573266,0,6.134164010532304,0.13391280471963973,6.105449202913389,0.06431277792364264,0.04606542517377015,,,
sample,1779737632.9791064,3.387399435043335,2.163,0.0725071651001751,0.014164302347757174,0,6.359263628763477,0.12449092973593825,6.330745918060389,0.06322880845133422,0.045694353784258034,,,
sample,1779737633.0446374,3.452930450439453,2.163,0.0,0.014164302347757174,0,6.359263628763477,0.12449092973593825,6.330745918060389,0.06322880845133422,0.045694353784258034,,,
sample,1779737633.1010458,3.509338855743408,2.2431,0.24040525727769127,0.014164302347757174,0,6.469317714747617,0.12308394554724067,6.440808997457213,0.06322880845133422,0.045694353784258034,,,
sample,1779737633.127079,3.535372018814087,2.2431,0.0,0.01121830146306251,0,6.469317714747617,0.12308394554724067,6.440808997457213,0.05024205344448602,0.036189587405085454,,,
sample,1779737633.1755528,3.583845853805542,2.163,0.0,0.01121830146306251,0,6.469317714747617,0.12308394554724067,6.440808997457213,0.05024205344448602,0.036189587405085454,,,
sample,1779737633.2214618,3.6297547817230225,2.163,0.0,0.01121830146306251,0,6.469317714747617,0.12308394554724067,6.440808997457213,0.05024205344448602,0.036189587405085454,,,
sample,1779737633.2904754,3.698768377304077,2.2431,0.0,0.01121830146306251,0,6.469317714747617,0.12308394554724067,6.440808997457213,0.05024205344448602,0.036189587405085454,,,
sample,1779737633.3213015,3.7295944690704346,2.2431,0.0,0.01121830146306251,0,6.469317714747617,0.12308394554724067,6.440808997457213,0.05024205344448602,0.036189587405085454,,,
sample,1779737633.369197,3.7774899005889893,2.2431,0.0,0.01121830146306251,0,6.469317714747617,0.12308394554724067,6.440808997457213,0.05024205344448602,0.036189587405085454,,,
sample,1779737633.4218647,3.83015775680542,2.2431,1.3470316048121456,-0.0004220754049109071,0,7.2305029736391,0.14988953322963242,7.202466097394379,-0.0018795497199839146,-0.0013615336450800725,,,
sample,1779737633.4731421,3.8814351558685303,2.163,0.1629081438041572,-0.00923630846286716,0,7.353824720405138,0.15706851986440165,7.325996624287649,-0.041141508334380114,-0.02979539070899783,,,
sample,1779737633.5305774,3.938870429992676,2.163,0.12396987925221893,-0.011293071994071934,0,7.458939978321246,0.16318764363193733,7.4312898392753794,-0.0504025613418382,-0.03643081322624399,,,
sample,1779737633.5774505,3.985743522644043,2.163,0.3326484451938708,-0.015690836293119795,0,7.635267112495286,0.17666254083633248,7.608131098886079,-0.07072055455302012,-0.05061975524785926,,,
sample,1779737633.6192157,4.027508735656738,2.163,0.0,-0.015690836293119795,0,7.635267112495286,0.17666254083633248,7.608131098886079,-0.07072055455302012,-0.05061975524785926,,,
sample,1779737633.6724126,4.080705642700195,2.2431,0.0,-0.015690836293119795,0,7.635267112495286,0.17666254083633248,7.608131098886079,-0.07072055455302012,-0.05061975524785926,,,
sample,1779737633.7200215,4.12831449508667,2.2431,0.8340584123539766,-0.026285504196661764,0,7.86061191876217,0.19698988957303365,7.834390867334036,-0.11763105648208354,-0.08481148278972075,,,
sample,1779737633.7735012,4.181794166564941,2.163,0.38897875709637736,-0.033001381926969435,0,8.066433605350309,0.22456916125628112,8.042052088789955,-0.148196963436696,-0.1064947343657991,,,
sample,1779737633.8203669,4.2286598682403564,2.163,0.0,-0.033001381926969435,0,8.066433605350309,0.22456916125628112,8.042052088789955,-0.148196963436696,-0.1064947343657991,,,
sample,1779737633.870679,4.278971910476685,2.2431,-0.013473685140133019,-0.03495557292594317,0,8.293804805379487,0.2551217895903484,8.271466834830457,-0.15856428560035846,-0.11280586193717314,,,
sample,1779737633.9224508,4.330743789672852,2.2431,0.0,-0.03495557292594317,0,8.293804805379487,0.2551217895903484,8.271466834830457,-0.15856428560035846,-0.11280586193717314,,,
sample,1779737633.972709,4.381001949310303,2.163,0.06867161331217912,-0.03787385879878331,0,8.478415471673083,0.2806688789838735,8.457836767721592,-0.1709464603862789,-0.1222321881227909,,,
sample,1779737634.0235274,4.431820392608643,2.163,0.009557985579425068,-0.03852153748044501,0,8.504396760215192,0.2842642633366312,8.484065647662458,-0.172410342971852,-0.12432452563618297,,,
sample,1779737634.0696785,4.47797155380249,2.2431,0.17161885534279198,-0.042558691694235866,0,8.734239234481212,0.31792807607668044,8.716360321008455,-0.19266417480775933,-0.13736904846332593,,,
sample,1779737634.1191533,4.527446269989014,2.2431,0.0,-0.042558691694235866,0,8.734239234481212,0.31792807607668044,8.716360321008455,-0.19266417480775933,-0.13736904846332593,,,
sample,1779737634.1716862,4.579979181289673,2.2431,-0.7311195682653682,-0.03272711575876994,0,8.968878349252915,0.2980618914607327,8.951838938874374,-0.1469797292151468,-0.10560904853692114,,,
sample,1779737634.216904,4.625196933746338,2.2431,0.0,-0.03272711575876994,0,8.968878349252915,0.2980618914607327,8.951838938874374,-0.1469797292151468,-0.10560904853692114,,,
sample,1779737634.268944,4.677237033843994,2.2431,-0.5375784102518593,-0.02809411764353761,0,9.20455140604325,0.31673008618208576,9.188250214390274,-0.1253663906895078,-0.09065003660547517,,,
sample,1779737634.317098,4.725390911102295,2.2431,0.0,-0.02809411764353761,0,9.20455140604325,0.31673008618208576,9.188250214390274,-0.1253663906895078,-0.09065003660547517,,,
sample,1779737634.3723454,4.7806384563446045,2.2431,-0.3500498103901787,-0.024454151376326817,0,9.39397393944372,0.3276347841470955,9.377986369609992,-0.11056431454367177,-0.07890008746811988,,,
sample,1779737634.417348,4.825640916824341,2.2431,-0.04895656307953274,-0.02419610139743086,0,9.415553171641655,0.3288770598426579,9.399601329965176,-0.10828907132162269,-0.07806717543007141,,,
sample,1779737634.472705,4.880997896194458,2.2431,-0.22353235146234215,-0.010307484813792147,0,9.635315081620618,0.33880177890854624,9.619587232072876,-0.04643388635360915,-0.03325112860090466,,,
sample,1779737634.5170548,4.925347805023193,2.2431,0.0,-0.010307484813792147,0,9.635315081620618,0.33880177890854624,9.619587232072876,-0.04643388635360915,-0.03325112860090466,,,
sample,1779737634.5699835,4.978276491165161,2.2431,-0.4572451916554052,0.006509049862536035,0,9.85661076534875,0.3434339928577793,9.840931391794276,0.0289826300993962,0.020997231576289913,,,
sample,1779737634.6173182,5.025611162185669,2.2431,0.0,0.006509049862536035,0,9.85661076534875,0.3434339928577793,9.840931391794276,0.0289826300993962,0.020997231576289913,,,
sample,1779737634.667406,5.075699090957642,2.2431,-0.9469793975928666,0.020343183262457935,0,10.03422820980755,0.30224276222532626,10.023262612535792,0.0915187108031791,0.06563222592266486,,,
sample,1779737634.7174854,5.125778436660767,2.2431,0.0,0.020343183262457935,0,10.03422820980755,0.30224276222532626,10.023262612535792,0.0915187108031791,0.06563222592266486,,,
sample,1779737634.7685735,5.17686653137207,2.2431,0.13051462846047973,0.023124996573054862,0,10.242884072978303,0.298169668981818,10.23195822658674,0.10425100449875141,0.07461006324148134,,,
sample,1779737634.8175414,5.225834369659424,2.2431,0.006476970843526143,0.023054922071411403,0,10.252809165624008,0.2979759249519014,10.241885210054791,0.10430157220442487,0.0743838959030592,,,
sample,1779737634.8682666,5.276559591293335,2.163,0.16349083101214115,0.025401733489225697,0,10.471883474378822,0.29551670393829965,10.460973321380791,0.11351486471847969,0.08195870442849408,,,
sample,1779737634.9174128,5.3257057666778564,2.163,0.0,0.025401733489225697,0,10.471883474378822,0.29551670393829965,10.460973321380791,0.11351486471847969,0.08195870442849408,,,
sample,1779737634.9687417,5.377034664154053,2.2431,0.5893752179610653,0.02230337957389557,0,10.685962609533071,0.2995904665910873,10.67509121332479,0.09993027057462044,0.07195831778424157,,,
sample,1779737635.0182092,5.426502227783203,2.2431,0.0,0.02230337957389557,0,10.685962609533071,0.2995904665910873,10.67509121332479,0.09993027057462044,0.07195831778424157,,,
sample,1779737635.068557,5.4768500328063965,2.163,0.3871385343359072,0.01739398968847122,0,10.834991073582296,0.3067766167905514,10.824292834802442,0.07787440861369069,0.05611530351527854,,,
sample,1779737635.1167676,5.525060653686523,2.163,0.2004568026266882,0.015048953566886986,0,10.908881097256376,0.3103395925734098,10.898268711917792,0.06793755413290924,0.04854867651725113,,,
sample,1779737635.1695423,5.577835321426392,2.2431,0.30840505766331844,0.014119655582627474,0,11.132944165668583,0.3248024288843609,11.122798069152989,0.06305869355921247,0.045550303153667766,,,
sample,1779737635.217171,5.625463962554932,2.2431,0.0,0.014119655582627474,0,11.132944165668583,0.3248024288843609,11.122798069152989,0.06305869355921247,0.045550303153667766,,,
sample,1779737635.270376,5.678668975830078,2.0829,0.5676719930119424,0.011146176826007612,0,11.309814845922618,0.3334792736068012,11.299881453940671,0.04864511075778768,0.03595689819063071,,,
sample,1779737635.3172603,5.725553274154663,2.0829,0.0,0.011146176826007612,0,11.309814845922618,0.3334792736068012,11.299881453940671,0.04864511075778768,0.03595689819063071,,,
sample,1779737635.3685226,5.77681565284729,2.2431,0.6406455141487968,0.009347404591427511,0,11.525662512758998,0.3611505350146087,11.51749559407547,0.04210674159750105,0.030153796260967945,,,
sample,1779737635.4189348,5.827227830886841,2.2431,0.0,0.009347404591427511,0,11.525662512758998,0.3611505350146087,11.51749559407547,0.04210674159750105,0.030153796260967945,,,
sample,1779737635.4677691,5.8760621547698975,2.163,0.29663125382629685,0.016125746984434555,0,11.684625609527123,0.38476786112420513,11.67820354106839,0.07229249693379083,0.05202304809052258,,,
sample,1779737635.5175235,5.925816535949707,2.163,0.1106191922451455,0.0182292979620287,0,11.745022703086898,0.3937411252570358,11.739263580207469,0.08177708731684706,0.058810701527170405,,,
sample,1779737635.5675395,5.975832462310791,2.163,0.4484931266016351,0.026145289349441186,0,11.954408423728944,0.42966723538700735,11.951709021198468,0.11608821489205799,0.0843588658418016,,,
sample,1779737635.6176586,6.025951623916626,2.163,0.0,0.026145289349441186,0,11.954408423728944,0.42966723538700735,11.951709021198468,0.11608821489205799,0.0843588658418016,,,
sample,1779737635.6719038,6.080196857452393,2.2431,-0.08721754986905296,0.036945227176767174,0,12.182195745418387,0.46764213885208683,12.18264008713727,0.1668116980042046,0.11923240587017467,,,
sample,1779737635.7177908,6.126083850860596,2.2431,0.0,0.036945227176767174,0,12.182195745418387,0.46764213885208683,12.18264008713727,0.1668116980042046,0.11923240587017467,,,
sample,1779737635.7677655,6.176058530807495,2.163,-0.4222354291867172,0.0606692253969294,0,12.464311165737243,0.4347616869894664,12.466665146764718,0.27546247431740145,0.19594764947122553,,,
sample,1779737635.8166077,6.224900722503662,2.163,0.0,0.0606692253969294,0,12.464311165737243,0.4347616869894664,12.466665146764718,0.27546247431740145,0.19594764947122553,,,
sample,1779737635.869039,6.277332067489624,2.163,0.2922722441699099,0.07612019112160089,0,12.631482774101489,0.4625096581277356,12.636123981132771,0.34919894520611333,0.24602436558100488,,,
sample,1779737635.917562,6.325855016708374,2.163,0.1044718196365603,0.08281635327262125,0,12.686783431808276,0.47168873505945863,12.692181257164718,0.38186213792831164,0.26776195955114745,,,
sample,1779737635.9711003,6.3793933391571045,2.2431,0.1772949729706206,0.10335277427751427,0,12.904837655161783,0.5100126866245879,12.913577665414417,0.482599866230156,0.3345882296922565,,,
sample,1779737636.017103,6.425395965576172,2.2431,0.0,0.10335277427751427,0,12.904837655161783,0.5100126866245879,12.913577665414417,0.482599866230156,0.3345882296922565,,,
sample,1779737636.067989,6.476282119750977,2.0829,0.9174465961178907,0.1078813100843316,0,13.106483969847291,0.5552450566298178,13.120234878021519,0.49920539444642814,0.3493606090014806,,,
sample,1779737636.1167297,6.525022745132446,2.0829,0.0,0.1078813100843316,0,13.106483969847291,0.5552450566298178,13.120234878021519,0.49920539444642814,0.3493606090014806,,,
sample,1779737636.1685684,6.576861381530762,2.163,1.1650395531516728,0.1155331312518991,0,13.30885128334894,0.6136682643365241,13.33086678627052,0.5515519591664829,0.37435462078557424,,,
sample,1779737636.2174351,6.625728130340576,2.163,0.0,0.1155331312518991,0,13.30885128334894,0.6136682643365241,13.33086678627052,0.5515519591664829,0.37435462078557424,,,
sample,1779737636.2680755,6.676368474960327,2.163,2.0916184841038192,0.11141998818058355,0,13.454120573843179,0.6985788593534591,13.499131387143162,0.5228459021550919,0.36091406643160034,,,
sample,1779737636.3183408,6.726633787155151,2.163,0.19380505240601106,0.10954666172115012,0,13.483688069036337,0.7109655924155461,13.531188647287298,0.5187136303845463,0.3547967074144922,,,
sample,1779737636.367675,6.775968074798584,2.0829,1.5873497858208856,0.11150942894765029,0,13.674950629808034,0.8093337288274801,13.746264581352698,0.5173712330925705,0.36120619960227346,,,
sample,1779737636.419009,6.827301979064941,2.0829,0.0,0.11150942894765029,0,13.674950629808034,0.8093337288274801,13.746264581352698,0.5173712330925705,0.36120619960227346,,,
sample,1779737636.4700243,6.878317356109619,2.163,1.4798884726858557,0.10828886251618196,0,13.858703888346941,0.9221269831989097,13.9618743637267,0.5081056914255986,0.3506907733590572,,,
sample,1779737636.520687,6.928980112075806,2.163,0.0,0.10828886251618196,0,13.858703888346941,0.9221269831989097,13.9618743637267,0.5081056914255986,0.3506907733590572,,,
sample,1779737636.569241,6.977534055709839,2.0829,1.158107361153622,0.11015868885295495,0,14.030810109589737,1.0415864220561755,14.171376413651199,0.5114137059521479,0.35679500639571343,,,
sample,1779737636.6167047,7.024997711181641,2.0829,0.0,0.11015868885295495,0,14.030810109589737,1.0415864220561755,14.171376413651199,0.5114137059521479,0.35679500639571343,,,
sample,1779737636.669528,7.0778210163116455,2.163,1.1913238478240822,0.10998560857493132,0,14.176063725505635,1.1589559309913997,14.358122804685507,0.5150740221320022,0.35622986332093426,,,
sample,1779737636.7175019,7.125794887542725,2.163,0.20703319561967418,0.10806548378935588,0,14.19898909248006,1.1774803515160224,14.3875969731502,0.5102195577103986,0.3499616981897764,,,
sample,1779737636.770545,7.178838014602661,2.0829,1.5656481824663702,0.10332643279695733,0,14.344369398725101,1.3163968549980618,14.588677127276801,0.47742499143220657,0.3345023432469093,,,
sample,1779737636.8164794,7.2247724533081055,2.0829,0.0,0.10332643279695733,0,14.344369398725101,1.3163968549980618,14.588677127276801,0.47742499143220657,0.3345023432469093,,,
sample,1779737636.8689835,7.277276515960693,2.0829,1.5351771712478137,0.09964128694759533,0,14.507691117065399,1.4145505963751743,14.77922407851967,0.45870325751085333,0.3224914866987958,,,
sample,1779737636.9164724,7.32476544380188,2.0829,0.0,0.09964128694759533,0,14.507691117065399,1.4145505963751743,14.77922407851967,0.45870325751085333,0.3224914866987958,,,
sample,1779737636.9677005,7.375993490219116,2.0829,1.4787467316343,0.09397548158655061,0,14.638072320966032,1.585428627189002,14.994162580760172,0.4311960912692289,0.3040422809701566,,,
sample,1779737637.017453,7.425745964050293,2.0829,0.0,0.09397548158655061,0,14.638072320966032,1.585428627189002,14.994162580760172,0.4311960912692289,0.3040422809701566,,,
sample,1779737637.0676992,7.475992202758789,2.163,1.406613456470279,0.08771293393604195,0,14.746002511300311,1.7520229490675958,15.192663447427757,0.4042380275119354,0.28367280605321343,,,
sample,1779737637.1174212,7.525714159011841,2.163,0.12521545034258313,0.08644111608997188,0,14.75551010785957,1.7666982831569675,15.21014943676117,0.4004229837687108,0.2795389014653941,,,
sample,1779737637.1681833,7.576476335525513,2.163,1.4494264447711815,0.07881072334003432,0,14.859049007335637,1.9556430049890823,15.425603403104171,0.36387896147951565,0.2547557988071034,,,
sample,1779737637.2173405,7.625633478164673,2.163,0.0,0.07881072334003432,0,14.859049007335637,1.9556430049890823,15.425603403104171,0.36387896147951565,0.2547557988071034,,,
sample,1779737637.268508,7.676800966262817,2.0829,1.5322615651131528,0.06931283490824236,0,14.942065188186415,2.1401041459322157,15.627884392821672,0.3135495304583081,0.22394854129591746,,,
sample,1779737637.3180337,7.7263267040252686,2.0829,0.0,0.06931283490824236,0,14.942065188186415,2.1401041459322157,15.627884392821672,0.3135495304583081,0.22394854129591746,,,
sample,1779737637.367265,7.775557994842529,2.0829,0.5770419351304827,0.0729589569533227,0,15.057092574146834,2.2043845440458565,15.759654150742582,0.3275788162436279,0.2357699578056244,,,
sample,1779737637.4179013,7.8261942863464355,2.0829,0.4659462626406652,0.06935992575071692,0,15.085260602472156,2.2768167451844,15.837370697124356,0.3136148062747993,0.224101179879343,,,
sample,1779737637.4684901,7.876783132553101,2.163,1.2765661332093423,0.05971974102925027,0,15.148760502739952,2.4785204786187696,16.048833775261848,0.27259657651065117,0.1928736717090921,,,
sample,1779737637.5170739,7.9253668785095215,2.163,0.027081776837243717,0.05943928048269128,0,15.15005423111161,2.482629931413389,16.053142062087353,0.27169255611649035,0.1919657411767946,,,
sample,1779737637.5689948,7.977287769317627,2.163,1.022976304434844,0.05296255643589782,0,15.20227637590367,2.685555233004781,16.262679243591354,0.2374439716814297,0.17100687943145343,,,
sample,1779737637.6165705,8.024863481521606,2.163,0.0,0.05296255643589782,0,15.20227637590367,2.685555233004781,16.262679243591354,0.2374439716814297,0.17100687943145343,,,
sample,1779737637.6687953,8.077088356018066,2.0829,1.1901881301326274,0.04278776062252511,0,15.24344669061796,2.899946755878257,16.480988015503254,0.18973358591871736,0.13810932772691453,,,
sample,1779737637.7165816,8.124874591827393,2.0829,0.0,0.04278776062252511,0,15.24344669061796,2.899946755878257,16.480988015503254,0.18973358591871736,0.13810932772691453,,,
sample,1779737637.7681556,8.176448583602905,2.163,0.5833322480719133,0.03734548781765321,0,15.264147372770209,3.041723186560645,16.624267722854317,0.1669286900159873,0.12052535240347739,,,
sample,1779737637.8213034,8.229596376419067,2.163,0.275723213641689,0.03466691395443939,0,15.274230528841672,3.11078148460662,16.694058256348253,0.15589356414926867,0.11187357464750403,,,
sample,1779737637.8690622,8.277355194091797,2.163,0.9488932260339036,0.026216516615893148,0,15.29512244441528,3.3197045273722137,16.904023277089255,0.1180289754287059,0.08458878877985099,,,
sample,1779737637.9169333,8.325226306915283,2.163,0.0,0.026216516615893148,0,15.29512244441528,3.3197045273722137,16.904023277089255,0.1180289754287059,0.08458878877985099,,,
sample,1779737637.967654,8.375946998596191,2.163,0.5857300069484435,0.025829020928409437,0,15.374678029575886,3.484801353848511,17.087288258039766,0.11679638214094512,0.08333795582202157,,,
sample,1779737638.0168493,8.425142288208008,2.163,0.0,0.025829020928409437,0,15.374678029575886,3.484801353848511,17.087288258039766,0.11679638214094512,0.08333795582202157,,,
sample,1779737638.0673964,8.47568941116333,2.163,0.9298800811159628,0.015822308237581868,0,15.379322765842511,3.6871030800815547,17.289643297541765,0.07148831476017332,0.05104396360443305,,,
sample,1779737638.1172986,8.525591611862183,2.163,0.0,0.015822308237581868,0,15.379322765842511,3.6871030800815547,17.289643297541765,0.07148831476017332,0.05104396360443305,,,
sample,1779737638.1680727,8.57636570930481,2.163,0.6026817079359372,0.008810415490322274,0,15.376495905226019,3.8518491779309048,17.454413646505202,0.0392892566986011,0.028421430523434158,,,
sample,1779737638.2172143,8.625507354736328,2.163,0.1935630289742198,0.0066103667767142835,0,15.37561719379429,3.9030594423027103,17.505631449179766,0.029487687146687855,0.021324074395753918,,,
sample,1779737638.2679565,8.676249504089355,2.163,0.49060114207891875,0.00036500778016850937,0,15.366223041580282,4.126324827126557,17.72909438157877,0.0016416803695546956,0.0011774445044470596,,,
sample,1779737638.3172283,8.725521326065063,2.163,0.0,0.00036500778016850937,0,15.366223041580282,4.126324827126557,17.72909438157877,0.0016416803695546956,0.0011774445044470596,,,
sample,1779737638.386973,8.795265913009644,2.2431,0.2916192797466206,-0.005389480995869504,0,15.352089289455094,4.352568715976138,17.95577931753817,-0.024044563531837954,0.0011774445044470596,,,
sample,1779737638.4172652,8.825558185577393,2.2431,0.0,-0.005389480995869504,0,15.352089289455094,4.352568715976138,17.95577931753817,-0.024044563531837954,-0.017385590897866933,,,
sample,1779737638.4684234,8.876716375350952,2.163,0.4917609888949814,-0.010389225854125644,0,15.360429322406734,4.549466206560149,18.15285335932936,-0.0463076209675803,-0.033514837615504584,,,
sample,1779737638.5176237,8.92591667175293,2.163,0.0,-0.010389225854125644,0,15.360429322406734,4.549466206560149,18.15285335932936,-0.0463076209675803,-0.033514837615504584,,,
sample,1779737638.5702255,8.97851848602295,2.163,-0.08299239600726294,-0.007295851868684768,0,15.386421144776266,4.709571410091097,18.315054626364407,-0.03261545888394251,-0.023535423622084134,,,
sample,1779737638.6192951,9.027588129043579,2.163,0.025141570859645752,-0.007905076803800185,0,15.382608451093548,4.754629624148729,18.36027386217376,-0.03528094001683424,-0.025500778939666284,,,
sample,1779737638.6701074,9.078400373458862,2.2431,0.3456815112441569,-0.013849688043314124,0,15.358262077737356,4.992536244853126,18.59942299152736,-0.06160218622747974,-0.04467926978052955,,,
sample,1779737638.7167115,9.125004529953003,2.2431,0.0,-0.013849688043314124,0,15.358262077737356,4.992536244853126,18.59942299152736,-0.06160218622747974,-0.04467926978052955,,,
sample,1779737638.7693987,9.17769169807434,2.2431,0.2839149435001443,-0.01905097209023214,0,15.33452061522544,5.194633429280379,18.80290991738656,-0.08487823619940582,-0.06146218454370041,,,
sample,1779737638.8171594,9.225452423095703,2.2431,0.0,-0.01905097209023214,0,15.33452061522544,5.194633429280379,18.80290991738656,-0.08487823619940582,-0.06146218454370041,,,
sample,1779737638.8701775,9.278470516204834,2.163,-0.3343342685494847,-0.016646097437601093,0,15.312681973833756,5.414027845299046,19.02338856950056,-0.0746670643401514,-0.05370204874607403,,,
sample,1779737638.921876,9.330168962478638,2.163,0.0,-0.016646097437601093,0,15.312681973833756,5.414027845299046,19.02338856950056,-0.0746670643401514,-0.05370204874607403,,,
sample,1779737638.9773278,9.385620832443237,2.2431,-0.1024640933732389,-0.0168446555913645,0,15.295092128657206,5.603416116789495,19.21359193443261,-0.07528604287467709,-0.05434273855913398,,,
sample,1779737639.0207732,9.429066181182861,2.2431,0.0,-0.0168446555913645,0,15.295092128657206,5.603416116789495,19.21359193443261,-0.07528604287467709,-0.05434273855913398,,,
sample,1779737639.073223,9.481516122817993,2.2431,0.0,-0.0168446555913645,0,15.295092128657206,5.603416116789495,19.21359193443261,-0.07528604287467709,-0.05434273855913398,,,
sample,1779737639.1200833,9.528376340866089,2.2431,-0.31102537713401907,-0.013932201533421238,0,15.291856306963043,5.839219386034973,19.44941740449234,-0.06193897529915686,-0.04494549369623601,,,
sample,1779737639.1703923,9.578685283660889,2.163,-0.4225849231767027,-0.009849530646174111,0,15.28274412722288,6.044399095594658,19.654799353637376,-0.04385505708790296,-0.03177370700066826,,,
sample,1779737639.2181199,9.626412868499756,2.163,0.0,-0.009849530646174111,0,15.28274412722288,6.044399095594658,19.654799353637376,-0.04385505708790296,-0.03177370700066826,,,
sample,1779737639.2683077,9.676600694656372,2.2431,-0.03545247338174967,-0.010555018669475068,0,15.269136393836115,6.287496510724052,19.898277327282877,-0.046887282306247356,-0.03404971180513345,,,
sample,1779737639.3166385,9.724931478500366,2.2431,0.0,-0.010555018669475068,0,15.269136393836115,6.287496510724052,19.898277327282877,-0.046887282306247356,-0.03404971180513345,,,
sample,1779737639.3695295,9.777822494506836,2.2431,-0.08059382300654606,-0.01020015806372806,0,15.259563197824752,6.4747061081129145,20.085731533521017,-0.04591114412687761,-0.032904876873858395,,,
sample,1779737639.41786,9.826153039932251,2.2431,-0.011662911731447892,-0.014225256180043222,0,15.258297290334962,6.49946168934346,20.110519460498374,-0.06347678532198567,-0.04589101867345076,,,
sample,1779737639.488626,9.896919012069702,2.2431,-0.05261508379728177,-0.014140744121660083,0,15.2473293660999,6.7308337250823875,20.342151311252973,-0.06380223886328903,-0.045618344283297946,,,
sample,1779737639.5202832,9.928576231002808,2.2431,0.0,-0.014140744121660083,0,15.2473293660999,6.7308337250823875,20.342151311252973,-0.06380223886328903,-0.045618344283297946,,,
sample,1779737639.567487,9.975780010223389,2.2431,0.0,-0.014140744121660083,0,15.2473293660999,6.7308337250823875,20.342151311252973,-0.06380223886328903,-0.045618344283297946,,,
sample,1779737639.625672,10.033965110778809,2.2431,-0.032868677944820485,-0.013865707324525434,0,15.245637672420457,6.776767531129964,20.388116258392305,-0.06246818797332183,-0.04473095480595141,,,
sample,1779737639.6674132,10.075706243515015,2.163,0.0,-0.013865707324525434,0,15.245637672420457,6.776767531129964,20.388116258392305,-0.06246818797332183,-0.04473095480595141,,,
sample,1779737639.718989,10.127281904220581,2.163,0.0,-0.013865707324525434,0,15.245637672420457,6.776767531129964,20.388116258392305,-0.06246818797332183,-0.04473095480595141,,,
sample,1779737639.7694821,10.177775144577026,2.163,-0.013115062764597944,-0.035183441578801766,0,15.214596534593193,7.15045775084407,20.763093501098563,-0.09208777555919799,-0.11354182688132439,,,
sample,1779737639.8218892,10.23018217086792,2.2431,0.13328272893028206,-0.03866991277103771,0,15.189845988130859,7.425281094043894,21.039029108655313,-0.10733126600600057,-0.1248038692969315,,,
sample,1779737639.8681936,10.27648663520813,2.163,-0.49470385080457324,-0.030444912618195118,0,15.1852407757146,7.5847431465293145,21.198557645802314,-0.08747604112366462,-0.0982397499874817,,,
sample,1779737639.9193375,10.327630519866943,2.163,0.0,-0.030444912618195118,0,15.1852407757146,7.5847431465293145,21.198557645802314,-0.08747604112366462,-0.0982397499874817,,,
sample,1779737639.9700112,10.378304243087769,2.2431,-0.16260762414075175,-0.027584953518974616,0,15.180702799172629,7.8046634052701345,21.418524719328612,-0.08747604112366462,-0.0982397499874817,,,
sample,1779737640.018298,10.426590919494629,2.2431,0.0,-0.027584953518974616,0,15.180702799172629,7.8046634052701345,21.418524719328612,-0.0833927780118722,-0.0890062980183241,,,
sample,1779737640.0696733,10.47796630859375,2.2431,-0.1496615179957102,-0.02372928832554927,0,15.194600198931704,8.019970960741743,21.634280324500814,-0.07561174256918718,-0.07656046177812145,,,
sample,1779737640.1192613,10.527554273605347,2.2431,0.0,-0.02372928832554927,0,15.194600198931704,8.019970960741743,21.634280324500814,-0.07561174256918718,-0.07656046177812145,,,
sample,1779737640.1714358,10.579728841781616,2.2431,-0.30229075176161085,-0.01874518748397933,0,15.195685291247123,8.2139221129442,21.828234512045178,-0.06276729262555787,-0.060475430215407806,,,
sample,1779737640.222025,10.63031792640686,2.2431,-0.05466631723359586,-0.01792047183658368,0,15.195875556552455,8.247930440778491,21.862243372110918,-0.06054627286612618,-0.0578141626761093,,,
sample,1779737640.271417,10.679709911346436,2.2431,-0.07344540766358355,-0.0168481775212583,0,15.197884148763837,8.465723376021641,22.080045569263515,-0.06043068656246623,-0.05435410284820758,,,
sample,1779737640.3208368,10.729129791259766,2.2431,0.0,-0.0168481775212583,0,15.197884148763837,8.465723376021641,22.080045569263515,-0.06043068656246623,-0.05435410284820758,,,
sample,1779737640.3671024,10.775395393371582,2.2431,-0.18450184746015733,-0.01447097338861727,0,15.201780055009658,8.685085240797445,22.299442027310118,-0.05533393747713919,-0.046683818035266444,,,
sample,1779737640.4196734,10.827966451644897,2.2431,0.0,-0.01447097338861727,0,15.201780055009658,8.685085240797445,22.299442027310118,-0.05533393747713919,-0.046683818035266444,,,
sample,1779737640.4671953,10.87548828125,2.2431,-0.24113331979548538,-0.0114766536251145,0,15.208492128959831,8.91474844372868,22.52920329192482,-0.04714743540771013,-0.037023088802264584,,,
sample,1779737640.5174003,10.925693273544312,2.2431,0.0,-0.0114766536251145,0,15.208492128959831,8.91474844372868,22.52920329192482,-0.04714743540771013,-0.037023088802264584,,,
sample,1779737640.5675397,10.97583270072937,2.163,0.001508349181262265,-0.011495137097813682,0,15.214364277307123,9.116232929607243,22.730773329817264,-0.05052960821133041,-0.03708272077439672,,,
sample,1779737640.6188028,11.027095794677734,2.163,0.00359909115904476,-0.011522329070450631,0,15.21490149950178,9.128341074823451,22.742893387088714,-0.05086349658238145,-0.03717044843426426,,,
sample,1779737640.6754148,11.083707809448242,2.2431,-0.24025866738385246,-0.003735983102839446,0,15.225929461018943,9.312414742615614,22.92729710481068,-0.016707806700769434,-0.012051614466724939,,,
sample,1779737640.7198668,11.128159761428833,2.2431,0.0,-0.003735983102839446,0,15.225929461018943,9.312414742615614,22.92729710481068,-0.016707806700769434,-0.012051614466724939,,,
sample,1779737640.772913,11.181205987930298,2.2431,-0.3092507420730303,0.0009326635898110445,0,15.238978025632925,9.518774645737562,23.134069140286915,0.004181282613182361,0.003008593097549942,,,
sample,1779737640.8196514,11.227944374084473,2.2431,0.0,0.0009326635898110445,0,15.238978025632925,9.518774645737562,23.134069140286915,0.004181282613182361,0.003008593097549942,,,
sample,1779737640.8737257,11.282018661499023,2.163,-0.028370683634117502,0.005948521586585296,0,15.247618019245412,9.659389836234997,23.274949519645624,0.026607636983670628,0.019189005645839346,,,
sample,1779737640.9226906,11.330983638763428,2.163,-0.017759058623979963,0.010574191634622658,0,15.252515337339231,9.739093288294647,23.354803285960916,0.04699595453983279,0.03411156698325914,,,
sample,1779737640.9747033,11.382996320724487,2.2431,0.02602753188876051,0.019110311864323347,0,15.265646979242362,9.95766317000624,23.57376728576566,0.08555274739236893,0.06165367287672668,,,
sample,1779737641.0170984,11.425391435623169,2.2431,0.00013273399477354306,0.019109058247586658,0,15.265701564426223,9.958571714213269,23.574677468230014,0.08557462452400728,0.06164962747464926,,,
sample,1779737641.0819335,11.49022650718689,2.2431,0.17725080920540587,0.03310257869250332,0,15.276987295414242,10.191009682322338,23.807389257236515,0.149656370686443,0.10682153242034828,,,
sample,1779737641.11752,11.525813102722168,2.2431,0.0,0.03310257869250332,0,15.276987295414242,10.191009682322338,23.807389257236515,0.149656370686443,0.10682153242034828,,,
sample,1779737641.1682131,11.5765061378479,2.163,0.6754227661375447,0.04201633804575787,0,15.285100618752317,10.384278616028642,24.000828412403095,0.18805218829029238,0.13561638822317582,,,
sample,1779737641.217507,11.625799894332886,2.163,0.0,0.04201633804575787,0,15.285100618752317,10.384278616028642,24.000828412403095,0.18805218829029238,0.13561638822317582,,,
sample,1779737641.2688446,11.677137613296509,2.163,0.12931371443157175,0.0567845997621437,0,15.291478912172376,10.513909839718147,24.130616458008962,0.25874659907049224,0.18337326578109212,,,
sample,1779737641.318153,11.72644591331482,2.163,0.09138247188192142,0.07157118636058324,0,15.291684581133902,10.579580444355146,24.196287384704956,0.32930817509147825,0.23126981781123068,,,
sample,1779737641.3686423,11.776935338973999,2.2431,0.543759911272525,0.09703323057913618,0,15.286116788653656,10.808452403394499,24.425227057867154,0.4485757410157854,0.3139965129521429,,,
sample,1779737641.4182522,11.826545238494873,2.2431,0.0,0.09703323057913618,0,15.286116788653656,10.808452403394499,24.425227057867154,0.4485757410157854,0.3139965129521429,,,
sample,1779737641.4691315,11.877424478530884,2.0829,0.49336784677747103,0.10666387989426238,0,15.275831434070968,11.016385317587162,24.633414198016457,0.49445149007637207,0.34538787353195854,,,
sample,1779737641.5167274,11.925020456314087,2.0829,0.0,0.10666387989426238,0,15.275831434070968,11.016385317587162,24.633414198016457,0.49445149007637207,0.34538787353195854,,,
sample,1779737641.5694456,11.977738618850708,2.163,0.8133900074868854,0.12635007492244538,0,15.256169312726323,11.228792723070647,24.846729703594455,0.6067399900648182,0.4097637472247486,,,
sample,1779737641.6163442,12.024637222290039,2.163,0.0,0.12635007492244538,0,15.256169312726323,11.228792723070647,24.846729703594455,0.6067399900648182,0.4097637472247486,,,
sample,1779737641.6681733,12.07646632194519,2.163,0.6135590786905004,0.1305728210761482,0,15.270737787363682,11.349925633363462,24.968735533001357,0.6340702776710155,0.42361281799294387,,,
sample,1779737641.7169366,12.125229597091675,2.163,0.3408762955741173,0.13533132054026772,0,15.263375672648854,11.401894556444628,25.021223338244962,0.6538404431220406,0.43923740751244833,,,
sample,1779737641.7670622,12.175355195999146,2.0829,1.2508675193005154,0.139646840664393,0,15.21752063810046,11.624188320191147,25.24819734907886,0.6751724872459123,0.45342496834784546,,,
sample,1779737641.8169374,12.22523045539856,2.0829,0.0,0.139646840664393,0,15.21752063810046,11.624188320191147,25.24819734907886,0.6751724872459123,0.45342496834784546,,,
sample,1779737641.8676944,12.275987386703491,2.163,1.7100970250519254,0.13913932159796985,0,15.161034148484758,11.813321307844552,25.44558531864086,0.6846201994730187,0.45175558269296795,,,
sample,1779737641.9169347,12.325227737426758,2.163,0.0,0.13913932159796985,0,15.161034148484758,11.813321307844552,25.44558531864086,0.6846201994730187,0.45175558269296795,,,
sample,1779737641.96725,12.375543117523193,2.0829,2.1330544663983013,0.13870181183251903,0,15.080822061646737,12.004342812440818,25.65276445391546,0.6578176369445556,0.4503166695512284,,,
sample,1779737642.0175333,12.42582631111145,2.0829,0.0,0.13870181183251903,0,15.080822061646737,12.004342812440818,25.65276445391546,0.6578176369445556,0.4503166695512284,,,
sample,1779737642.0681467,12.476439714431763,2.0829,1.3655631755662534,0.13663651005620556,0,15.001934081324876,12.155146293905599,25.822955533179798,0.6482476131968185,0.44352652193135955,,,
sample,1779737642.1184871,12.526780128479004,2.0829,0.30396923716543284,0.13389367528321752,0,14.984468625824164,12.188533528362981,25.860635097409755,0.6410108673987623,0.4345147804950575,,,
sample,1779737642.1678026,12.576095581054688,2.0829,1.7055513980882244,0.13204226389257925,0,14.870231029397138,12.368307178824322,26.07363461345996,0.6288650392519488,0.42843563360280035,,,
sample,1779737642.217696,12.625988960266113,2.0829,0.0,0.13204226389257925,0,14.870231029397138,12.368307178824322,26.07363461345996,0.6288650392519488,0.42843563360280035,,,
sample,1779737642.267667,12.675960063934326,2.0829,1.7262548679885366,0.1263527405352907,0,14.773063335982084,12.510143598881143,26.24556230377812,0.5972329890571024,0.40977248472653377,,,
sample,1779737642.3162413,12.724534273147583,2.0829,0.0,0.1263527405352907,0,14.773063335982084,12.510143598881143,26.24556230377812,0.5972329890571024,0.40977248472653377,,,
sample,1779737642.3674917,12.775784730911255,2.0829,1.555805512195835,0.12324507919367823,0,14.635688653133723,12.663008294633384,26.451084610828016,0.5766607246907243,0.39958999396823686,,,
sample,1779737642.4167583,12.825051307678223,2.0829,0.0,0.12324507919367823,0,14.635688653133723,12.663008294633384,26.451084610828016,0.5766607246907243,0.39958999396823686,,,
sample,1779737642.4673886,12.875681638717651,2.163,1.2539278154892133,0.1185597197802897,0,14.507257460100595,12.785799554977029,26.628770471156557,0.5616853795370522,0.38425280299484116,,,
sample,1779737642.516668,12.92496109008789,2.163,0.2491627260648876,0.1189535110836069,0,14.482418343191913,12.809547885884871,26.66313564174702,0.5594292051415649,0.3855411824683683,,,
sample,1779737642.5689187,12.977211713790894,2.0829,1.6972988623781247,0.10991861802470256,0,14.31857187928419,12.940497767879457,26.87288200126122,0.5125291888790106,0.3560111310542829,,,
sample,1779737642.618393,13.026685953140259,2.0829,0.0,0.10991861802470256,0,14.31857187928419,12.940497767879457,26.87288200126122,0.5125291888790106,0.3560111310542829,,,
sample,1779737642.6691265,13.077419519424438,2.0028,1.6764702092455754,0.10391828641185999,0,14.14836674015182,13.05426586217579,27.07760857175682,0.4674958113792624,0.33643219643068295,,,
sample,1779737642.7172945,13.125587463378906,2.0028,0.0,0.10391828641185999,0,14.14836674015182,13.05426586217579,27.07760857175682,0.4674958113792624,0.33643219643068295,,,
sample,1779737642.7702634,13.178556442260742,2.163,3.060832920970145,0.0779575459728873,0,13.963938695970517,13.186801561977887,27.304719591310192,0.3568795436489517,0.2519866344514487,,,
sample,1779737642.8173397,13.225632667541504,2.163,0.0,0.0779575459728873,0,13.963938695970517,13.186801561977887,27.304719591310192,0.3568795436489517,0.2519866344514487,,,
sample,1779737642.8670678,13.275360822677612,2.0829,1.5853787679723876,0.06721894944111473,0,13.794049995723485,13.247087535238105,27.48498763907118,0.2989923543877468,0.21716249408548347,,,
sample,1779737642.9179845,13.326277494430542,2.0829,0.14243949821620402,0.06564016860717277,0,13.778421414610543,13.252633426293249,27.501571048105493,0.2934505134628194,0.21204711119602773,,,
sample,1779737642.9687076,13.377000570297241,2.0829,1.5304025027066288,0.052861287581442366,0,13.578190344414192,13.306621810681314,27.708952887042294,0.2351784656840682,0.17067928941828317,,,
sample,1779737643.017473,13.425765991210938,2.0829,0.0,0.052861287581442366,0,13.578190344414192,13.306621810681314,27.708952887042294,0.2351784656840682,0.17067928941828317,,,
sample,1779737643.070173,13.478466033935547,2.163,1.2593472874625962,0.04086148212276842,0,13.365232469509367,13.349125711001584,27.926110981587293,0.1842367879394726,0.13188464169435282,,,
sample,1779737643.116387,13.524679899215698,2.163,0.0,0.04086148212276842,0,13.365232469509367,13.349125711001584,27.926110981587293,0.1842367879394726,0.13188464169435282,,,
sample,1779737643.1697357,13.578028678894043,2.163,0.8701206175475695,0.033612694249889566,0,13.14048979081859,13.38322553648515,28.153425894699293,0.14990661303357714,0.10846889890968998,,,
sample,1779737643.2166686,13.624961614608765,2.163,0.0,0.033612694249889566,0,13.14048979081859,13.38322553648515,28.153425894699293,0.14990661303357714,0.10846889890968998,,,
sample,1779737643.2671938,13.67548680305481,2.163,0.5912058770052556,0.03678503187985381,0,12.992229949557467,13.514423634551319,28.351400442222335,0.16686777723818516,0.11871494391494306,,,
sample,1779737643.317246,13.725538969039917,2.163,0.04001439146309295,0.03681559028868269,0,12.980324375424372,13.515843575771578,28.363390393369343,0.16474548114496784,0.11881365304508021,,,
sample,1779737643.3673995,13.775692462921143,2.163,0.741406955661826,0.029849820569797424,0,12.763261530794532,13.533578287755875,28.581176523616346,0.13411338431380151,0.09631835240209029,,,
sample,1779737643.4171042,13.825397253036499,2.163,0.0,0.029849820569797424,0,12.763261530794532,13.533578287755875,28.581176523616346,0.13411338431380151,0.09631835240209029,,,
sample,1779737643.4667683,13.875061273574829,2.163,0.33038280493370326,0.027246082691354385,0,12.555192140056064,13.547145678681112,28.789687783405345,0.122666435471313,0.08791234428455841,,,
sample,1779737643.5167735,13.925066471099854,2.163,0.0,0.027246082691354385,0,12.555192140056064,13.547145678681112,28.789687783405345,0.122666435471313,0.08791234428455841,,,
sample,1779737643.5679317,13.976224660873413,2.163,0.3946352567714034,0.023191776088627183,0,12.409167126548699,13.552171854928757,28.935799271719915,0.10417549221576457,0.0748255966059507,,,
sample,1779737643.61738,14.025672912597656,2.163,0.21272132559030063,0.021129950475084293,0,12.333085782539952,13.55479057233176,29.011925670472348,0.09407784013934119,0.06817127645261829,,,
sample,1779737643.6673634,14.075656414031982,2.2431,0.8709405223704582,0.011213339630277798,0,12.109444738937379,13.552649006755862,29.235576967555023,0.05028715604014847,0.03617357947924999,,,
sample,1779737643.719008,14.12730097770691,2.2431,0.0,0.011213339630277798,0,12.109444738937379,13.552649006755862,29.235576967555023,0.05028715604014847,0.03617357947924999,,,
sample,1779737643.7681632,14.176456212997437,2.163,0.9074601717986835,0.0004259201384467445,0,11.892895115752768,13.541104052912946,29.452434121600334,0.0019208931604628935,0.0013739360135543491,,,
sample,1779737643.8166466,14.224939584732056,2.163,0.0,0.0004259201384467445,0,11.892895115752768,13.541104052912946,29.452434121600334,0.0019208931604628935,0.0013739360135543491,,,
sample,1779737643.8683894,14.276682376861572,2.163,0.4305456858259881,-0.003007408969684663,0,11.730583927901105,13.563072818159382,29.616225294586766,-0.013378093296173522,-0.009701348505041958,,,
sample,1779737643.9166763,14.324969291687012,2.163,0.0,-0.003007408969684663,0,11.730583927901105,13.563072818159382,29.616225294586766,-0.013378093296173522,-0.009701348505041958,,,
sample,1779737643.9686053,14.376898288726807,2.2431,0.25988174589473473,-0.007169382959869736,0,11.574038657488021,13.548153595012964,29.77347988087282,-0.031980643499405874,-0.0231274380578957,,,
sample,1779737644.0181174,14.426410436630249,2.2431,0.11129055152521847,-0.008779178731401799,0,11.510120491911936,13.542062006472326,29.837687663435062,-0.03936297415076975,-0.02832065899065129,,,
sample,1779737644.068129,14.47642207145691,2.163,0.37900044254116505,-0.015250116130123979,0,11.289158589198092,13.516769285937373,30.060092438930063,-0.06774921986890167,-0.04919773696718726,,,
sample,1779737644.1168752,14.525168180465698,2.163,0.0,-0.015250116130123979,0,11.289158589198092,13.516769285937373,30.060092438930063,-0.06774921986890167,-0.04919773696718726,,,
sample,1779737644.1676998,14.575992822647095,2.163,-0.08679607346777245,-0.015987603946347868,0,11.07067979488164,13.492736732492803,30.279889043069065,-0.0715212347244097,-0.0515773104775265,,,
sample,1779737644.2171776,14.625470638275146,2.163,0.0,-0.015987603946347868,0,11.07067979488164,13.492736732492803,30.279889043069065,-0.0715212347244097,-0.0515773104775265,,,
sample,1779737644.2677214,14.676014423370361,2.2431,-0.2860161204646356,-0.014262067727013907,0,10.856529439387083,13.472308837007901,30.495011505104966,-0.06412670032885105,-0.04600978969403753,,,
sample,1779737644.317628,14.725920915603638,2.2431,0.0,-0.014262067727013907,0,10.856529439387083,13.472308837007901,30.495011505104966,-0.06412670032885105,-0.04600978969403753,,,
sample,1779737644.3668005,14.77509355545044,2.2431,-0.9150158742911583,4.30207529077592e-05,0,10.743236938439345,13.526100226022077,30.620425636298656,0.00019405415539507263,0.00013877662236870948,,,
sample,1779737644.4191065,14.827399492263794,2.2431,-0.10510373884973898,0.0009091135693030363,0,10.688082332695831,13.523638069430092,30.675635171252374,0.004036443578388815,0.002932625225032626,,,
sample,1779737644.4687304,14.877023458480835,2.2431,-0.2993905069481358,0.0037844944972884403,0,10.460274425059902,13.51685777297868,30.903543958273474,0.016971350382420092,0.012208105048617787,,,
sample,1779737644.517545,14.925837993621826,2.2431,0.0,0.0037844944972884403,0,10.460274425059902,13.51685777297868,30.903543958273474,0.016971350382420092,0.012208105048617787,,,
sample,1779737644.5682762,14.976569175720215,2.2431,-0.176142877701739,0.005365193648901804,0,10.236282874907012,13.512193931571012,31.127584057265977,0.023843269045485994,0.017307242351836463,,,
sample,1779737644.6171055,15.02539849281311,2.2431,0.0,0.005365193648901804,0,10.236282874907012,13.512193931571012,31.127584057265977,0.023843269045485994,0.017307242351836463,,,
sample,1779737644.669329,15.077621936798096,2.163,0.024078795829812025,0.004733167455433713,0,10.030371804514301,13.5076475052397,31.333545313094977,0.021079245215809343,0.015268396133124995,,,
sample,1779737644.7170897,15.125382661819458,2.163,0.0,0.004733167455433713,0,10.030371804514301,13.5076475052397,31.333545313094977,0.021079245215809343,0.015268396133124995,,,
sample,1779737644.7697763,15.178069353103638,2.163,0.15394010221913615,0.0025273431318528663,0,9.84872129461632,13.50182360661635,31.51528915904683,0.011382664420630169,0.008152737138614368,,,
sample,1779737644.8194888,15.227781772613525,2.163,0.03748480460045857,0.0019868997030637265,0,9.806985942974903,13.500485529133904,31.557045955235974,0.00892246421820378,0.006409362315083293,,,
sample,1779737644.8695962,15.277889251708984,2.2431,0.2678739786871785,-0.001900797914887567,0,9.582732651894549,13.49028113246433,31.781531296119873,-0.008459703781260165,-0.006131613561631908,,,
sample,1779737644.91677,15.325062990188599,2.2431,0.0,-0.001900797914887567,0,9.582732651894549,13.49028113246433,31.781531296119873,-0.008459703781260165,-0.006131613561631908,,,
sample,1779737644.9690888,15.377381801605225,2.2431,1.147055638927382,-0.01973438686320524,0,9.415109796011043,13.43292545990201,31.95869533025101,-0.08855243327788681,-0.06366757770489587,,,
sample,1779737645.01779,15.426083087921143,2.2431,0.0,-0.01973438686320524,0,9.415109796011043,13.43292545990201,31.95869533025101,-0.08855243327788681,-0.06366757770489587,,,
sample,1779737645.0674596,15.475752592086792,2.163,0.05447486978495805,-0.022042640460482037,0,9.199749657439973,13.409534125440983,32.175322068705015,-0.09949928797205229,-0.07111681021224887,,,
sample,1779737645.1173625,15.525655508041382,2.163,0.0,-0.022042640460482037,0,9.199749657439973,13.409534125440983,32.175322068705015,-0.09949928797205229,-0.07111681021224887,,,
sample,1779737645.1677322,15.576025247573853,2.163,-0.11230829761900593,-0.02240181392282726,0,9.013289472988046,13.39047413308552,32.362753879490796,-0.10064303880763242,-0.07227600664552043,,,
sample,1779737645.2179432,15.626236200332642,2.163,-0.01329492407587356,-0.022655660896249548,0,8.991286119087796,13.388224946438163,32.384871890781014,-0.10078385418461548,-0.0730952836032801,,,
sample,1779737645.2679293,15.676222324371338,2.2431,-0.1764837461470606,-0.022147863136367164,0,8.752998492997676,13.365989361333522,32.62419471458311,-0.09986146174862977,-0.07145640396203125,,,
sample,1779737645.3182347,15.726527690887451,2.2431,0.0,-0.022147863136367164,0,8.752998492997676,13.365989361333522,32.62419471458311,-0.09986146174862977,-0.07145640396203125,,,
sample,1779737645.3706977,15.778990745544434,2.2431,-0.2385653969677663,-0.02065211623053518,0,8.544979414547026,13.34920154042139,32.83289010966991,-0.09335681752757743,-0.06662920271691265,,,
sample,1779737645.4177153,15.826008319854736,2.2431,0.0,-0.02065211623053518,0,8.544979414547026,13.34920154042139,32.83289010966991,-0.09335681752757743,-0.06662920271691265,,,
sample,1779737645.4684842,15.876777172088623,2.2431,0.09265906982410937,-0.02282663018886034,0,8.340822699815952,13.338675703770948,33.0373179879228,-0.10155036740216188,-0.0736470827708592,,,
sample,1779737645.5171108,15.925403833389282,2.2431,0.0,-0.02282663018886034,0,8.340822699815952,13.338675703770948,33.0373179879228,-0.10155036740216188,-0.0736470827708592,,,
sample,1779737645.5690656,15.97735857963562,2.163,-0.20561678836936179,-0.021298683408060924,0,8.145206794713035,13.324287390421832,33.23346233754895,-0.09626672500243826,-0.06871582127183949,,,
sample,1779737645.6169188,16.025211811065674,2.163,-0.02358232075105772,-0.021339765255103026,0,8.124542614714253,13.322767459326409,33.2541823405788,-0.09544989046978128,-0.06884840360987084,,,
sample,1779737645.6686034,16.07689642906189,2.2431,-0.33422860359574874,-0.018374610254956687,0,7.911761976620969,13.310807850369956,33.4672988162295,-0.08251626230124166,-0.05927960790808165,,,
sample,1779737645.7167141,16.125007152557373,2.2431,0.0,-0.018374610254956687,0,7.911761976620969,13.310807850369956,33.4672988162295,-0.08251626230124166,-0.05927960790808165,,,
sample,1779737645.7686517,16.176944732666016,2.2431,-0.027605261068178837,-0.01913691433723101,0,7.68607336985945,13.29844730991137,33.693325651323,-0.08520184400402153,-0.06173951869653523,,,
sample,1779737645.8180897,16.226382732391357,2.2431,0.0,-0.01913691433723101,0,7.68607336985945,13.29844730991137,33.693325651323,-0.08520184400402153,-0.06173951869653523,,,
sample,1779737645.8689685,16.27726149559021,2.163,-0.35840065699709106,-0.01562556644538724,0,7.46348224562713,13.290323921561292,33.916064956398,-0.07008853396125543,-0.0504091557214546,,,
sample,1779737645.922867,16.331160068511963,2.163,0.0,-0.01562556644538724,0,7.46348224562713,13.290323921561292,33.916064956398,-0.07008853396125543,-0.0504091557214546,,,
sample,1779737645.9704578,16.378750801086426,2.163,0.0,-0.01562556644538724,0,7.46348224562713,13.290323921561292,33.916064956398,-0.07008853396125543,-0.0504091557214546,,,
sample,1779737646.0204668,16.428759813308716,2.2431,-0.48178508535121206,-0.011400066189699848,0,7.205731828099629,13.287883354690106,34.1738269281903,-0.051438851043697685,-0.0367760002321813,,,
sample,1779737646.0671844,16.47547745704651,2.2431,-0.18137133054907006,-0.008428049267563935,0,7.078588525265235,13.289654938986656,34.30098257284109,-0.037578443043094066,-0.0271878994419563,,,
sample,1779737646.1171832,16.525476217269897,2.2431,0.0,-0.008428049267563935,0,7.078588525265235,13.289654938986656,34.30098257284109,-0.037578443043094066,-0.0271878994419563,,,
sample,1779737646.1675355,16.575828552246094,2.2431,-0.2631415175677782,-0.005219710592188188,0,6.876862672062488,13.292674655059095,34.50273102645483,-0.023284574720343728,-0.01683792902269468,,,
sample,1779737646.216617,16.62491011619568,2.2431,0.0,-0.005219710592188188,0,6.876862672062488,13.292674655059095,34.50273102645483,-0.023284574720343728,-0.01683792902269468,,,
sample,1779737646.2691846,16.677477598190308,2.163,-0.08074664211585152,-0.004084919210450821,0,6.723806734176199,13.29503564424983,34.6558051731688,-0.01824183376638894,-0.013177232037717394,,,
sample,1779737646.3166509,16.72494387626648,2.163,-0.03879889593176407,-0.0036115750972474697,0,6.657399853009887,13.296060014364375,34.72221995465883,-0.016221961198467097,-0.011650292902662942,,,
sample,1779737646.3693902,16.77768325805664,2.2431,0.03553683604663718,-0.003760906304223353,0,6.429690437884739,13.299145722282468,34.949950276157736,-0.01676069359999227,-0.01213201302020989,,,
sample,1779737646.4172788,16.8255717754364,2.2431,0.0,-0.003760906304223353,0,6.429690437884739,13.299145722282468,34.949950276157736,-0.01676069359999227,-0.01213201302020989,,,
sample,1779737646.4699352,16.878228187561035,2.2431,-0.08950191161914792,-0.0024146274338506155,0,6.212886129173736,13.303105680812816,35.16679074642843,-0.010825128964327939,-0.007789135892355259,,,
sample,1779737646.5167837,16.925076723098755,2.2431,0.0,-0.0024146274338506155,0,6.212886129173736,13.303105680812816,35.16679074642843,-0.010825128964327939,-0.007789135892355259,,,
sample,1779737646.5681667,16.976459741592407,2.163,0.19759332183312545,-0.005559615177929108,0,6.033761371758564,13.2918007182156,35.3462718900017,-0.024740749618774847,-0.017934427290152415,,,
sample,1779737646.618327,17.026619911193848,2.163,0.0,-0.005559615177929108,0,6.033761371758564,13.2918007182156,35.3462718900017,-0.024740749618774847,-0.017934427290152415,,,
sample,1779737646.6692,17.0774929523468,2.2431,-0.0388616347000891,-0.004984169738475589,0,5.8632992944011075,13.293667188001834,35.51674418548247,-0.022340758103532872,-0.01607810003563709,,,
sample,1779737646.720399,17.128691911697388,2.2431,-0.016833718443409862,-0.004705338957988441,0,5.788987079773095,13.294480867533972,35.591060854657705,-0.020900701500057187,-0.015178624787207252,,,
sample,1779737646.768133,17.17642593383789,2.2431,-0.005505102298143343,-0.004468866592219625,0,5.578459575246248,13.296841361956194,35.801601592037,-0.019924324376647647,-0.01441579464954034,,,
sample,1779737646.817794,17.22608709335327,2.2431,0.0,-0.004468866592219625,0,5.578459575246248,13.296841361956194,35.801601592037,-0.019924324376647647,-0.01441579464954034,,,
sample,1779737646.8676436,17.275936603546143,2.163,-0.1592751909402551,-0.0023852725251879716,0,5.361797808479123,13.300991290057206,36.018303098912,-0.010697410568853713,-0.007694442093185498,,,
sample,1779737646.9166813,17.324974298477173,2.163,0.0,-0.0023852725251879716,0,5.361797808479123,13.300991290057206,36.018303098912,-0.010697410568853713,-0.007694442093185498,,,
sample,1779737646.9676743,17.375967264175415,2.2431,-0.05158260839381479,-0.0014542998525757214,0,5.143983483472874,13.305736462538482,36.2361691055303,-0.006563896504610889,-0.004691293154361929,,,
sample,1779737647.016701,17.424993991851807,2.2431,0.0,-0.0014542998525757214,0,5.143983483472874,13.305736462538482,36.2361691055303,-0.006563896504610889,-0.004691293154361929,,,
sample,1779737647.0681796,17.47647261619568,2.2431,-0.6102796195657795,0.008159830697622477,0,5.011944666981203,13.338390563425389,36.37218579334931,0.03661259423988544,0.026322618722596912,,,
sample,1779737647.117808,17.526101112365723,2.2431,-0.018780909477313208,0.00858137036393731,0,4.963385276309012,13.341021671969377,36.42081641286649,0.03848592009200267,0.027682519399818018,,,
sample,1779737647.1720781,17.580371141433716,2.163,-0.012987779451784755,0.00960522968104268,0,4.751295498704191,13.352663333759974,36.63322545705649,0.04326871452351261,0.0309855647941109,,,
sample,1779737647.2185204,17.626813411712646,2.163,0.0,0.00960522968104268,0,4.751295498704191,13.352663333759974,36.63322545705649,0.04326871452351261,0.0309855647941109,,,
sample,1779737647.2709303,17.67922329902649,2.2431,-0.49659590060894465,0.016971125560207405,0,4.52330858905444,13.371139043069256,36.861959763198186,0.07591352533784401,0.0547508228518073,,,
sample,1779737647.318355,17.726648092269897,2.2431,0.0,0.016971125560207405,0,4.52330858905444,13.371139043069256,36.861959763198186,0.07591352533784401,0.0547508228518073,,,
sample,1779737647.3696883,17.777981281280518,2.163,0.13067279228038997,0.01664575452262709,0,4.312387952811326,13.38680836444204,37.07346163653619,0.07474499325853937,0.053700942262174714,,,
sample,1779737647.4183934,17.8266863822937,2.163,0.0,0.01664575452262709,0,4.312387952811326,13.38680836444204,37.07346163653619,0.07474499325853937,0.053700942262174714,,,
sample,1779737647.4690092,17.877302169799805,2.2431,0.030234947032645457,0.017157316743617392,0,4.1487154957120875,13.398604417263618,37.23755862028382,0.07742239345597239,0.05535161450034598,,,
sample,1779737647.5197086,17.928001642227173,2.2431,0.013350232326622516,0.0175759526798693,0,4.076326482650146,13.403821572531614,37.31013539288479,0.07854033822040801,0.05670246039829227,,,
sample,1779737647.5689065,17.97719955444336,2.163,-0.12478384052191133,0.02017959821500816,0,3.866539170143342,13.42023635861592,37.52056391208079,0.09051616998426641,0.06510431552982822,,,
sample,1779737647.6170368,18.02532982826233,2.163,0.0,0.02017959821500816,0,3.866539170143342,13.42023635861592,37.52056391208079,0.09051616998426641,0.06510431552982822,,,
sample,1779737647.6679494,18.076242446899414,2.2431,0.7311624973281301,0.012059628331326868,0,3.6490631987985687,13.423069277392587,37.73805833394293,0.05437774183107207,0.03890391288566401,,,
sample,1779737647.717181,18.125473976135254,2.2431,0.0,0.012059628331326868,0,3.6490631987985687,13.423069277392587,37.73805833394293,0.05437774183107207,0.03890391288566401,,,
sample,1779737647.7681696,18.176462650299072,2.163,0.1583731537097251,0.010788660936646018,0,3.4440730500508563,13.429792322234231,37.94315870063093,0.048726590503426585,0.03480348238366167,,,
sample,1779737647.8177042,18.22599720954895,2.163,0.0,0.010788660936646018,0,3.4440730500508563,13.429792322234231,37.94315870063093,0.048726590503426585,0.03480348238366167,,,
sample,1779737647.8688653,18.27715826034546,2.163,0.2641532970608742,0.00408887224106687,0,3.273404348440195,13.432313617546708,38.113846024822045,0.01827132879205012,0.013189983962372684,,,
sample,1779737647.9173036,18.325596570968628,2.163,0.09287774089541471,0.0031405818199793283,0,3.216589870005784,13.433152940028252,38.17066670258993,0.014067372994211588,0.010130942404749382,,,
sample,1779737647.9714324,18.379725456237793,2.2431,0.3117891670425534,-0.004614565081901637,0,2.994438340950711,13.432685346793573,38.39281872374873,-0.020830390995309495,-0.01488579947318703,,,
sample,1779737648.0193253,18.427618265151978,2.2431,0.0,-0.004614565081901637,0,2.994438340950711,13.432685346793573,38.39281872374873,-0.020830390995309495,-0.01488579947318703,,,
sample,1779737648.0858588,18.494151830673218,2.163,-0.029176516884442637,-0.0041878201248219,0,2.781965742012759,13.432650582379386,38.60529132553073,-0.018653909284804725,-0.01350917615084875,,,
sample,1779737648.1221216,18.530414581298828,2.163,0.0,-0.0041878201248219,0,2.781965742012759,13.432650582379386,38.60529132553073,-0.018653909284804725,-0.01350917615084875,,,
sample,1779737648.1690798,18.577372789382935,2.2431,0.6730976318173597,-0.016048502408271416,0,2.541150520866146,13.422592253274544,38.846316512430924,-0.07127315650178723,-0.051773807541470845,,,
sample,1779737648.2179353,18.62622833251953,2.2431,0.0,-0.016048502408271416,0,2.541150520866146,13.422592253274544,38.846316512430924,-0.07127315650178723,-0.051773807541470845,,,
sample,1779737648.269565,18.677858114242554,2.163,0.29023650857969757,-0.020813454912543515,0,2.3510954410150684,13.402997857167243,39.03737899890069,-0.09378656320529287,-0.06714987385694922,,,
sample,1779737648.318417,18.726710081100464,2.163,-0.013515950134837624,-0.020849512987777753,0,2.302536673422356,13.400757922809422,39.085989401244746,-0.09389777812190252,-0.06726624071886508,,,
sample,1779737648.368442,18.776735067367554,2.2431,-0.4097822205436517,-0.012861923432765484,0,2.081747111626333,13.395105293768358,39.30685131016784,-0.057307441508680855,-0.041492363629236556,,,
sample,1779737648.4173424,18.82563543319702,2.2431,0.0,-0.012861923432765484,0,2.081747111626333,13.395105293768358,39.30685131016784,-0.057307441508680855,-0.041492363629236556,,,
sample,1779737648.4705405,18.878833532333374,2.2431,-0.528809426558987,0.005351104680756112,0,1.861763751409732,13.395663032507942,39.526835377419744,0.02400598261012685,0.017261792762660346,,,
sample,1779737648.5180562,18.92634916305542,2.2431,0.0,0.005351104680756112,0,1.861763751409732,13.395663032507942,39.526835377419744,0.02400598261012685,0.017261792762660346,,,
sample,1779737648.568448,18.976741075515747,2.163,-0.1613835073141733,0.011285502107970956,0,1.6510347824113532,13.397911129331465,39.737576337639744,0.05081160559063886,0.036406391126405764,,,
sample,1779737648.6167734,19.025066375732422,2.163,0.0,0.011285502107970956,0,1.6510347824113532,13.397911129331465,39.737576337639744,0.05081160559063886,0.036406391126405764,,,
sample,1779737648.6684027,19.076695680618286,2.2431,-0.09105509682712981,0.021471278969671763,0,1.4915383820521573,13.4137163443315,39.89785392980015,0.096876432891059,0.06927283584302552,,,
sample,1779737648.717484,19.125777006149292,2.2431,-0.02957487823088118,0.02580961507741935,0,1.4623236902629975,13.414207795573654,39.927072754907584,0.11549685478276737,0.08327531455297621,,,
sample,1779737648.7671762,19.175469160079956,2.2431,0.0,0.02580961507741935,0,1.4623236902629975,13.414207795573654,39.927072754907584,0.11549685478276737,0.08327531455297621,,,
sample,1779737648.819012,19.227304935455322,2.163,0.06836760610861543,0.08418563767065218,0,1.2067137865473627,13.417601621264847,40.18270518815959,0.3895340532549769,0.27220994791531433,,,
sample,1779737648.86871,19.277003049850464,2.163,0.44538478496539413,0.10708104690346479,0,1.0357851114246885,13.416087461220593,40.35364056969259,0.5057412644570116,0.34674906159387553,,,
sample,1779737648.9165833,19.324876308441162,2.163,0.0,0.10708104690346479,0,1.0357851114246885,13.416087461220593,40.35364056969259,0.5057412644570116,0.34674906159387553,,,
sample,1779737648.968939,19.37723207473755,2.163,0.264920672275351,0.1277191572943825,0,0.8081652940737312,13.410913153006984,40.581319191254586,0.6143016863746031,0.4142521874166812,,,
sample,1779737649.0175102,19.425803184509277,2.163,0.0,0.1277191572943825,0,0.8081652940737312,13.410913153006984,40.581319191254586,0.6143016863746031,0.4142521874166812,,,
sample,1779737649.0676172,19.475910186767578,2.163,0.9107451276800398,0.13460814548549246,0,0.6138908628553059,13.396837289846172,40.77610287781217,0.6521424590699909,0.43686156653170033,,,
sample,1779737649.1181245,19.52641749382019,2.163,0.07848539921921298,0.13391664684913748,0,0.597015098454827,13.39561458159298,40.79302287898158,0.6518159013946867,0.4345902270559167,,,
sample,1779737649.173457,19.58174991607666,2.163,1.5505983654149642,0.13713300298386263,0,0.39084446497588177,13.362739291835465,41.00179815238758,0.6596019975208766,0.4451585006380656,,,
sample,1779737649.2182157,19.626508712768555,2.163,0.0,0.13713300298386263,0,0.39084446497588177,13.362739291835465,41.00179815238758,0.6596019975208766,0.4451585006380656,,,
sample,1779737649.2681346,19.676427602767944,2.0829,2.621692909127812,0.12810002662171666,0,0.20406837768355057,13.307293604144837,41.196630211011716,0.6006546341455149,0.41550112059671024,,,
sample,1779737649.316777,19.725069999694824,2.0829,0.0,0.12810002662171666,0,0.20406837768355057,13.307293604144837,41.196630211011716,0.6006546341455149,0.41550112059671024,,,
sample,1779737649.3665822,19.774875164031982,2.0829,0.0,0.12810002662171666,0,0.20406837768355057,13.307293604144837,41.196630211011716,0.6006546341455149,0.41550112059671024,,,
sample,1779737649.4182532,19.82654619216919,2.0829,1.478151643014569,0.1323376513167153,0,-0.03517834711683543,13.215769293733876,41.45278581747762,0.6270893803496351,0.42940534267458624,,,
sample,1779737649.4671903,19.87548327445984,2.0829,1.8092908722866672,0.1266573818635024,0,-0.1767759875490853,13.146684562698962,41.61033768778752,0.5971771731401492,0.4107710949144422,,,
sample,1779737649.517107,19.925400018692017,2.0829,0.0,0.1266573818635024,0,-0.1767759875490853,13.146684562698962,41.61033768778752,0.5971771731401492,0.4107710949144422,,,
sample,1779737649.5699077,19.978200674057007,2.163,1.8817212548271893,0.1211431627009321,0,-0.36609159542058256,13.029760008422802,41.83285004873952,0.5799284705826492,0.39270735864278516,,,
sample,1779737649.6163452,20.024638175964355,2.163,0.0,0.1211431627009321,0,-0.36609159542058256,13.029760008422802,41.83285004873952,0.5799284705826492,0.39270735864278516,,,
sample,1779737649.668657,20.076950073242188,2.163,0.0,0.1211431627009321,0,-0.36609159542058256,13.029760008422802,41.83285004873952,0.5799284705826492,0.39270735864278516,,,
sample,1779737649.718591,20.12688398361206,2.0829,1.5784745444596442,0.1257737913879429,0,-0.6320201061836843,12.83501422854261,42.162461777320026,0.5970334663977336,0.40787491002919235,,,
sample,1779737649.76728,20.175573110580444,2.0829,0.4051784657283578,0.13055925054357373,0,-0.7049682614919028,12.911434896123872,42.26811002291094,0.6109016127785476,0.42356828724799905,,,
sample,1779737649.8180478,20.226340770721436,2.0829,1.5162868999991308,0.11897292526787318,0,-0.7645316222672571,12.858259378962632,42.34795631006457,0.5539376420132586,0.38560470360323135,,,
sample,1779737649.8673015,20.275594472885132,2.0829,2.0022804214166863,0.10778337093532035,0,-0.8926539338112915,12.718890544379649,42.53726821874547,0.5008596246829039,0.34904097398932643,,,
sample,1779737649.9171178,20.325410842895508,2.0829,0.0,0.10778337093532035,0,-0.8926539338112915,12.718890544379649,42.53726821874547,0.5008596246829039,0.34904097398932643,,,
sample,1779737649.9680169,20.376309871673584,2.0829,1.6551629475967824,0.10082695494796402,0,-1.0239294351607207,12.549440580775345,42.75161967644997,0.465355473206725,0.32635490815648377,,,
sample,1779737650.0184944,20.42678737640381,2.0829,0.0,0.10082695494796402,0,-1.0239294351607207,12.549440580775345,42.75161967644997,0.465355473206725,0.32635490815648377,,,
sample,1779737650.0675082,20.47580122947693,2.0829,1.9074127176094848,0.09040914635933361,0,-1.1340538739232375,12.375972027034903,42.95709164813847,0.41268637735441766,0.2924396244731287,,,
sample,1779737650.1174588,20.52575182914734,2.0829,0.0,0.09040914635933361,0,-1.1340538739232375,12.375972027034903,42.95709164813847,0.41268637735441766,0.2924396244731287,,,
sample,1779737650.1679034,20.576196432113647,2.0829,1.1320931457618966,0.08413708337873564,0,-1.2064561136004688,12.238355741323641,43.11259189380787,0.382043996561062,0.2720522064989944,,,
sample,1779737650.2190714,20.62736439704895,2.0829,0.4731970562331495,0.08094988546092648,0,-1.2371530695006197,12.180009465401051,43.17852057508977,0.3684703328646042,0.2617005437534402,,,
sample,1779737650.2679946,20.67628765106201,2.0829,1.5422061628960977,0.07141745326244531,0,-1.3135486766659774,12.00369476264877,43.37067458415747,0.32131357360006385,0.2307713610980392,,,
sample,1779737650.3168905,20.725183486938477,2.0829,0.0,0.07141745326244531,0,-1.3135486766659774,12.00369476264877,43.37067458415747,0.32131357360006385,0.2307713610980392,,,
sample,1779737650.3709502,20.779243230819702,2.163,0.03997631056231094,0.08581252349226345,0,-1.5220745944837404,11.815025710137613,43.651884594251705,0.3945182131964697,0.27749606737728105,,,
sample,1779737650.4177847,20.826077699661255,2.163,0.0,0.08581252349226345,0,-1.5220745944837404,11.815025710137613,43.651884594251705,0.3945182131964697,0.27749606737728105,,,
sample,1779737650.468977,20.877269983291626,2.0829,2.635473802056875,0.062413616837333416,0,-1.5777737622673143,11.615166429874279,43.859360205346505,0.2794183443409429,0.20159608566868478,,,
sample,1779737650.5167062,20.924999237060547,2.0829,0.0,0.062413616837333416,0,-1.5777737622673143,11.615166429874279,43.859360205346505,0.2794183443409429,0.20159608566868478,,,
sample,1779737650.5683813,20.9766743183136,2.163,0.8199135417208269,0.055039677746959136,0,-1.6147416701269335,11.449565310630556,44.02903741921534,0.2500884418542682,0.17772685039274105,,,
sample,1779737650.6173246,21.025617599487305,2.163,0.20008248941763426,0.05379006305099967,0,-1.6232859961070818,11.411290222116785,44.068254608140506,0.24323188505964752,0.1736838753654545,,,
sample,1779737650.6665504,21.074843406677246,2.163,0.0,0.05379006305099967,0,-1.6232859961070818,11.411290222116785,44.068254608140506,0.24323188505964752,0.1736838753654545,,,
sample,1779737650.7174056,21.125698566436768,2.0829,1.221034588047493,0.04400852211155548,0,-1.6611609263308353,11.170597448728644,44.31190912072078,0.1950649363554835,0.14205469454072986,,,
sample,1779737650.7719467,21.1802396774292,2.163,0.9384735551405984,0.04114824699198295,0,-1.6815857825675544,10.981954440153958,44.50165463301659,0.1866297157007006,0.13281124678572293,,,
sample,1779737650.8173306,21.225623607635498,2.163,0.0,0.04114824699198295,0,-1.6815857825675544,10.981954440153958,44.50165463301659,0.1866297157007006,0.13281124678572293,,,
sample,1779737650.8674784,21.275771379470825,2.0829,0.8062113670590401,0.04716682318763214,0,-1.7561175533892195,10.824383373532683,44.67596362847575,0.2107577943665191,0.15226397364589236,,,
sample,1779737650.9173057,21.32559871673584,2.0829,0.0,0.04716682318763214,0,-1.7561175533892195,10.824383373532683,44.67596362847575,0.2107577943665191,0.15226397364589236,,,
sample,1779737650.9702306,21.378523588180542,2.163,0.8044841150750125,0.05268005259989472,0,-1.7593057628674496,10.635597198509133,44.864776722724265,0.23907165009321585,0.17009302937489865,,,
sample,1779737651.017185,21.425477981567383,2.163,0.13755831214381975,0.055294287269333234,0,-1.759789414475582,10.606958322122022,44.89341968275975,0.248324362573831,0.1785506761225683,,,
sample,1779737651.0683117,21.4766047000885,2.163,0.7411833957013582,0.058584104485264236,0,-1.7550879968039483,10.383198835686127,45.117228554563745,0.26673490501360725,0.18919747980453855,,,
sample,1779737651.116714,21.525007009506226,2.163,0.0,0.058584104485264236,0,-1.7550879968039483,10.383198835686127,45.117228554563745,0.26673490501360725,0.18919747980453855,,,
sample,1779737651.1682312,21.576524257659912,2.163,0.9407911868926545,0.06278077263119451,0,-1.7403582331748098,10.171524489054192,45.329414781634746,0.281566283435435,0.20278511222059084,,,
sample,1779737651.2166002,21.624893188476562,2.163,0.0,0.06278077263119451,0,-1.7403582331748098,10.171524489054192,45.329414781634746,0.281566283435435,0.20278511222059084,,,
sample,1779737651.267405,21.675698041915894,2.163,0.0,0.06278077263119451,0,-1.7403582331748098,10.171524489054192,45.329414781634746,0.281566283435435,0.20278511222059084,,,
sample,1779737651.3174472,21.72574019432068,2.163,1.0754629775036562,0.061317948893917985,0,-1.7083069801132318,9.912883857916123,45.590033773456746,0.2806079850723046,0.19804811047414425,,,
sample,1779737651.367028,21.775321006774902,2.0829,0.40951496756945016,0.0691228244352629,0,-1.7575486488700984,9.769150011021793,45.741968498536316,0.31497452278390264,0.22333265823165757,,,
sample,1779737651.417121,21.825413942337036,2.0829,0.10953671408086271,0.07126816572318884,0,-1.7532117643378005,9.74027574088856,45.771166649902,0.3205140594405006,0.23028732894164092,,,
sample,1779737651.468133,21.876425981521606,2.2431,0.8741427176975377,0.07096964260158406,0,-1.7108988405011587,9.52454187698161,45.9910108755706,0.31994216184246377,0.22931946400797967,,,
sample,1779737651.5175264,21.925819396972656,2.2431,0.0,0.07096964260158406,0,-1.7108988405011587,9.52454187698161,45.9910108755706,0.31994216184246377,0.22931946400797967,,,
sample,1779737651.5679042,21.976197242736816,2.0829,0.9778994058692317,0.0681352553805164,0,-1.6626743249843385,9.329959378136966,46.1914802067748,0.30335382367590985,0.22013189959658735,,,
sample,1779737651.6174657,22.025758743286133,2.0829,0.0,0.0681352553805164,0,-1.6626743249843385,9.329959378136966,46.1914802067748,0.30335382367590985,0.22013189959658735,,,
sample,1779737651.6672368,22.07552981376648,2.163,0.9579739948605085,0.06657608969918694,0,-1.5983813137652527,9.114996061617928,46.415852261051796,0.29890257171094436,0.2150794445824602,,,
sample,1779737651.717886,22.126178979873657,2.163,0.0,0.06657608969918694,0,-1.5983813137652527,9.114996061617928,46.415852261051796,0.29890257171094436,0.2150794445824602,,,
sample,1779737651.767456,22.17574906349182,2.163,0.730790184764454,0.0636176573423134,0,-1.5327951174232544,8.923143907099933,46.618605308732484,0.2910637026653592,0.20549555195259545,,,
sample,1779737651.8174086,22.225701570510864,2.163,0.05119982769202471,0.06552803174504161,0,-1.5281646388757801,8.909598872697421,46.632919961663795,0.29404590946469084,0.21168381900211175,,,
sample,1779737651.8680909,22.276383876800537,2.163,0.77786888575262,0.0637314844274846,0,-1.4507347510679711,8.709270368757789,46.8476916940138,0.28543692785295816,0.205864228862084,,,
sample,1779737651.9165275,22.324820518493652,2.163,0.0,0.0637314844274846,0,-1.4507347510679711,8.709270368757789,46.8476916940138,0.28543692785295816,0.205864228862084,,,
sample,1779737651.9679744,22.376267433166504,2.0829,0.28748868182896525,0.06500827406152379,0,-1.4454428736862617,8.50938049880151,47.04765160018841,0.2909749196657238,0.2100000185797154,,,
sample,1779737652.0169036,22.425196647644043,2.0829,0.0,0.06500827406152379,0,-1.4454428736862617,8.50938049880151,47.04765160018841,0.2909749196657238,0.2100000185797154,,,
sample,1779737652.0681572,22.476450204849243,2.163,0.4822834634718694,0.05508693564117033,0,-1.3907603166769482,8.387343223070957,47.18137997679118,0.24783794908059734,0.1778797583564568,,,
sample,1779737652.1170847,22.52537775039673,2.163,0.2640714313036594,0.05426081331257523,0,-1.3621780096511558,8.323554931624965,47.25127914989441,0.24384010439285436,0.1752068655259258,,,
sample,1779737652.1673748,22.57566785812378,2.163,1.1148636980794262,0.04702518531953465,0,-1.2600542606132954,8.126712966216205,47.47303581713021,0.21123385507546355,0.1518060623845533,,,
sample,1779737652.217729,22.62602210044861,2.163,0.02501145872960228,0.0467493573461901,0,-1.257760239045954,8.122291274707031,47.478017171439404,0.21034087455765832,0.15091433577284447,,,
sample,1779737652.2679389,22.676231861114502,2.163,0.897179668030953,0.0411863247138803,0,-1.1486493861255866,7.933319350122079,47.6962270852984,0.18520380661440158,0.13293428655000447,,,
sample,1779737652.3172913,22.725584268569946,2.163,0.0,0.0411863247138803,0,-1.1486493861255866,7.933319350122079,47.6962270852984,0.18520380661440158,0.13293428655000447,,,
sample,1779737652.3713963,22.7796893119812,2.163,0.0,0.0411863247138803,0,-1.1486493861255866,7.933319350122079,47.6962270852984,0.18520380661440158,0.13293428655000447,,,
sample,1779737652.419288,22.82758092880249,2.163,0.6937919847935553,0.038927541938492516,0,-1.0187193613852814,7.724623052196448,47.942064340605405,0.17248855771516883,0.1256361834202635,,,
sample,1779737652.4673886,22.87568163871765,2.163,0.0,0.038927541938492516,0,-1.0187193613852814,7.724623052196448,47.942064340605405,0.17248855771516883,0.1256361834202635,,,
sample,1779737652.5174246,22.92571759223938,2.163,0.6405503367775128,0.03629660199216125,0,-0.9291805883966391,7.5367221086452485,48.15020841680202,0.1640475544682014,0.11713725796236775,,,
sample,1779737652.5673504,22.975643396377563,2.163,0.43222888500151285,0.039067353920922844,0,-0.881649476882054,7.367380499663095,48.32609413849221,0.1731442348424002,0.12608787640289298,,,
sample,1779737652.616734,23.02502703666687,2.163,0.0,0.039067353920922844,0,-0.881649476882054,7.367380499663095,48.32609413849221,0.1731442348424002,0.12608787640289298,,,
sample,1779737652.6696243,23.077917337417603,2.163,0.7002999691650242,0.03350465718303146,0,-0.7481777783734551,7.181948851693142,48.554566435219016,0.14896288816162837,0.10811999946432291,,,
sample,1779737652.7169263,23.125219345092773,2.163,0.0,0.03350465718303146,0,-0.7481777783734551,7.181948851693142,48.554566435219016,0.14896288816162837,0.10811999946432291,,,
sample,1779737652.7688777,23.177170753479004,2.163,0.7403465828700004,0.026563220049296843,0,-0.6209220655081977,7.026496047596485,48.75546340074702,0.11740453474138003,0.08570796620573486,,,
sample,1779737652.8174527,23.225745677947998,2.163,0.0,0.026563220049296843,0,-0.6209220655081977,7.026496047596485,48.75546340074702,0.11740453474138003,0.08570796620573486,,,
sample,1779737652.868136,23.276428937911987,2.163,0.5512431151517552,0.020898600675767424,0,-0.5255986625326177,6.9196236449446795,48.898670459244194,0.09232354808642203,0.06742465711566611,,,
sample,1779737652.9208047,23.329097747802734,2.163,0.2737031413886013,0.017962176871586102,0,-0.476414519854899,6.864480549584522,48.97256119517802,0.079401166696877,0.057948738361174534,,,
sample,1779737652.9682949,23.376587867736816,2.2431,0.7716421221330053,0.02727047405048516,0,-0.3455821515459505,6.667308568797361,49.20919149460068,0.12250142989920589,0.08799108457884187,,,
sample,1779737653.017035,23.425328016281128,2.2431,0.0424893499439958,0.026811927413302218,0,-0.33369431373285563,6.654976497943605,49.226320436757526,0.12116394254825463,0.08651081970712347,,,
sample,1779737653.0674317,23.475724697113037,2.163,0.4962108947436037,0.03794782760292994,0,-0.1857943735335268,6.509035854213419,49.43410172514353,0.1698957952010132,0.12247114043395224,,,
sample,1779737653.1173732,23.52566623687744,2.163,0.0,0.03794782760292994,0,-0.1857943735335268,6.509035854213419,49.43410172514353,0.1698957952010132,0.12247114043395224,,,
sample,1779737653.1688566,23.577149629592896,2.163,0.6089650832381293,0.041736433249755116,0,-0.03421597800129095,6.368566293622329,49.64076015696953,0.18956545506894942,0.1347118842806703,,,
sample,1779737653.2171483,23.625441312789917,2.163,0.0,0.041736433249755116,0,-0.03421597800129095,6.368566293622329,49.64076015696953,0.18956545506894942,0.1347118842806703,,,
sample,1779737653.267903,23.676196098327637,2.163,0.26026717783988623,0.049372694124464246,0,0.08034114847845863,6.266301280360527,49.79432274409521,0.22311346447812058,0.15939629443898495,,,
sample,1779737653.3182826,23.72657561302185,2.163,0.1072330035743254,0.050825011473234316,0,0.12719099383856847,6.224478478023459,49.857124454307524,0.23125887084454613,0.16409296824139555,,,
sample,1779737653.3693218,23.77761483192444,2.163,0.5619053829553623,0.05732807672575457,0,0.2997163001164307,6.0791366327817125,50.082710875185526,0.26122432849410654,0.18513213698407185,,,
sample,1779737653.4206944,23.82898736000061,2.163,0.0,0.05732807672575457,0,0.2997163001164307,6.0791366327817125,50.082710875185526,0.26122432849410654,0.18513213698407185,,,
sample,1779737653.4682248,23.87651777267456,2.163,0.6715952019245011,0.06267656154649291,0,0.47190696870208915,5.9432310623100975,50.302073475537526,0.2845448907003363,0.20244762118318876,,,
sample,1779737653.525868,23.934160947799683,2.163,0.0,0.06267656154649291,0,0.47190696870208915,5.9432310623100975,50.302073475537526,0.2845448907003363,0.20244762118318876,,,
sample,1779737653.568569,23.97686195373535,2.163,0.5824067633235126,0.06889670576787638,0,0.6170985351049286,5.800956416057695,50.50535324806976,0.3135951512495245,0.22259975838573412,,,
sample,1779737653.6166837,24.02497673034668,2.163,0.0,0.06889670576787638,0,0.6170985351049286,5.800956416057695,50.50535324806976,0.3135951512495245,0.22259975838573412,,,
sample,1779737653.6683366,24.076629638671875,2.163,0.3817325709872885,0.07394766113770018,0,0.7177049554382247,5.691846311687016,50.65376708397484,0.33583233022647263,0.23897659637462645,,,
sample,1779737653.718048,24.126341104507446,2.163,0.15673135639573027,0.07457223536032208,0,0.7686120323533182,5.655826031562716,50.71612885960922,0.34014775611345266,0.2410025034223783,,,
sample,1779737653.7674663,24.175759315490723,2.163,0.8166969852253908,0.07460055897380516,0,0.9590858830289613,5.532274459095603,50.94316471327622,0.3430349912797059,0.2410943800922991,,,
sample,1779737653.8177075,24.226000547409058,2.163,0.0,0.07460055897380516,0,0.9590858830289613,5.532274459095603,50.94316471327622,0.3430349912797059,0.2410943800922991,,,
sample,1779737653.867754,24.276046991348267,2.163,0.9141269027059636,0.07295249267615131,0,1.1264673280056707,5.434274889236635,51.13712466742922,0.33376378936916007,0.23574899391534618,,,
sample,1779737653.9176674,24.325960397720337,2.163,0.0,0.07295249267615131,0,1.1264673280056707,5.434274889236635,51.13712466742922,0.33376378936916007,0.23574899391534618,,,
sample,1779737653.96933,24.377623081207275,2.163,0.9086656198587371,0.07216277613012417,0,1.328877682132831,5.328193141368891,51.36564882083222,0.3266014955970176,0.23318806238830733,,,
sample,1779737654.023094,24.431386947631836,2.163,0.0,0.07216277613012417,0,1.328877682132831,5.328193141368891,51.36564882083222,0.3266014955970176,0.23318806238830733,,,
sample,1779737654.0673647,24.47565770149231,2.163,0.9875634826481908,0.06963786972098114,0,1.4431712178310176,5.225665435123154,51.51919016005526,0.31800453750855623,0.22500211795402847,,,
sample,1779737654.1174486,24.525741577148438,2.163,0.20020438614423303,0.06915675768927405,0,1.4804204815392485,5.208627737884984,51.56015100445555,0.314494284556346,0.22344264527637822,,,
sample,1779737654.1676457,24.57593870162964,2.163,0.5671406831717586,0.06923372239506746,0,1.6833151215658742,5.1227210367142515,51.78048301814755,0.3161752921427301,0.22369211105336056,,,
sample,1779737654.216281,24.624573945999146,2.163,0.0,0.06923372239506746,0,1.6833151215658742,5.1227210367142515,51.78048301814755,0.3161752921427301,0.22369211105336056,,,
sample,1779737654.2687035,24.67699646949768,2.2431,0.661689676957954,0.06891485658103216,0,1.8985321052788686,5.0402766446830105,52.01095086374845,0.3113547629891891,0.2226585882788423,,,
sample,1779737654.3164945,24.72478747367859,2.2431,0.0,0.06891485658103216,0,1.8985321052788686,5.0402766446830105,52.01095086374845,0.3113547629891891,0.2226585882788423,,,
sample,1779737654.368283,24.776576042175293,2.2431,0.0,0.06891485658103216,0,1.8985321052788686,5.0402766446830105,52.01095086374845,0.3113547629891891,0.2226585882788423,,,
sample,1779737654.4173102,24.825603246688843,2.0829,1.0700596757074254,0.06438726976846583,0,2.1391656521376055,4.962300035038557,52.263903142895046,0.28586210994253225,0.20798837024058014,,,
sample,1779737654.4676604,24.875953435897827,2.163,0.7036362491370673,0.05808536124683844,0,2.2652887253423266,4.927411588582693,52.394762736699654,0.26299658435464957,0.1875831433513531,,,
sample,1779737654.5186515,24.926944494247437,2.163,0.15822058458082608,0.05739743559010689,0,2.2940099030188525,4.919466672208112,52.42456253105004,0.25782810198156975,0.18535661308187654,,,
sample,1779737654.5680423,24.976335287094116,2.163,0.5920756293274353,0.05860695482825588,0,2.5159693182712175,4.865001104681252,52.65310679386404,0.2654327149566322,0.18927144425007303,,,
sample,1779737654.6168783,25.025171279907227,2.163,0.0,0.05860695482825588,0,2.5159693182712175,4.865001104681252,52.65310679386404,0.2654327149566322,0.18927144425007303,,,
sample,1779737654.6679363,25.076229333877563,2.163,0.5282271052409836,0.06528180421321217,0,2.6345710970959573,4.748675235460042,52.8192335219678,0.29764877591363365,0.21088612914001348,,,
sample,1779737654.716955,25.125247955322266,2.163,0.0,0.06528180421321217,0,2.6345710970959573,4.748675235460042,52.8192335219678,0.29764877591363365,0.21088612914001348,,,
sample,1779737654.7666833,25.174976348876953,2.163,0.0,0.06528180421321217,0,2.6345710970959573,4.748675235460042,52.8192335219678,0.29764877591363365,0.21088612914001348,,,
sample,1779737654.8185077,25.226800680160522,2.163,0.5805376092191185,0.07478836146505963,0,2.9426143104518667,4.691482464104763,53.1325410935168,0.3406734754868592,0.24170358719181706,,,
sample,1779737654.8667305,25.275023460388184,2.163,0.0,0.07478836146505963,0,2.9426143104518667,4.691482464104763,53.1325410935168,0.3406734754868592,0.24170358719181706,,,
sample,1779737654.9173646,25.325657606124878,2.163,0.5165100768404328,0.07426233190630785,0,3.03542670365186,4.678300070760089,53.226284977721605,0.3359983825734877,0.2399972581417306,,,
sample,1779737654.9666903,25.374983310699463,2.163,0.3311137513723058,0.07134480076379181,0,3.093387480853469,4.670067745988673,53.2848274654118,0.32300823775287757,0.2305357999898533,,,
sample,1779737655.0195603,25.42785334587097,2.163,0.7947297588413496,0.07165188774176375,0,3.3258730760265367,4.648151829110994,53.51834375900941,0.3252959976981459,0.2315314844371833,,,
sample,1779737655.0693676,25.477660655975342,2.0829,0.8847271681662312,0.06874059135559168,0,3.4933783074809392,4.6378264314686914,53.686166929045804,0.3077443316029289,0.22209377092719257,,,
sample,1779737655.1182563,25.526549339294434,2.0829,0.0,0.06874059135559168,0,3.4933783074809392,4.6378264314686914,53.686166929045804,0.3077443316029289,0.22209377092719257,,,
sample,1779737655.167759,25.576051950454712,2.2431,1.066946123953066,0.06300693487528625,0,3.637200971109984,4.593275345131106,53.836731725287194,0.2868524372593276,0.20351756133432605,,,
sample,1779737655.216989,25.625282049179077,2.2431,0.4459624852517695,0.06209711835528788,0,3.7224608984215535,4.594960784628608,53.92200831006563,0.27972784353636554,0.2005711555909626,,,
sample,1779737655.2675872,25.675880193710327,2.0829,0.9039239215367106,0.05724739898235099,0,3.924015316058318,4.608675402211869,54.124028789236306,0.25739242605927526,0.18487103021341644,,,
sample,1779737655.3170562,25.725349187850952,2.0829,0.04926256178108611,0.056442601634630066,0,3.934754614780493,4.609406149653745,54.134792920825426,0.250257305195533,0.18226650250551044,,,
sample,1779737655.367722,25.776015043258667,2.163,0.7139809863932404,0.053200373353510806,0,4.1500460573866444,4.631902340437234,54.35125650635243,0.2419858515803549,0.17177619640686287,,,
sample,1779737655.416675,25.824968099594116,2.163,0.0,0.053200373353510806,0,4.1500460573866444,4.631902340437234,54.35125650635243,0.2419858515803549,0.17177619640686287,,,
sample,1779737655.467554,25.875847101211548,2.163,0.8040197548538716,0.04988097141586405,0,4.360043256040143,4.662571798793142,54.56348147924243,0.22536799725633624,0.16103994333379135,,,
sample,1779737655.5170352,25.925328254699707,2.163,0.0,0.04988097141586405,0,4.360043256040143,4.662571798793142,54.56348147924243,0.22536799725633624,0.16103994333379135,,,
sample,1779737655.5689478,25.977240800857544,2.163,0.6621915142268467,0.04394615051562015,0,4.501136323078478,4.690837025551576,54.707377888544364,0.19698837304625264,0.1418531062223335,,,
sample,1779737655.6177664,26.02605938911438,2.163,0.3751739223313786,0.043005532171563596,0,4.576310311503166,4.705896658698416,54.78404548982543,0.19342049544670806,0.13881311085041914,,,
sample,1779737655.6674016,26.07569456100464,2.163,0.5306307207651164,0.04776050009406976,0,4.796514553430226,4.673474193447275,55.006623845501885,0.21250614689373393,0.1541833812913546,,,
sample,1779737655.7165868,26.124879837036133,2.163,0.0,0.04776050009406976,0,4.796514553430226,4.673474193447275,55.006623845501885,0.21250614689373393,0.1541833812913546,,,
sample,1779737655.769964,26.17825698852539,2.163,0.7024936647756909,0.04019383307425003,0,5.011192503769653,4.730880390980855,55.22884466783229,0.18236847447053367,0.12972739368482586,,,
sample,1779737655.8176947,26.225987672805786,2.163,0.0,0.04019383307425003,0,5.011192503769653,4.730880390980855,55.22884466783229,0.18236847447053367,0.12972739368482586,,,
sample,1779737655.8700356,26.27832865715027,2.163,0.7965914651354677,0.033902307516053436,0,5.207406764409573,4.792274412541978,55.43443956553629,0.1524434705031309,0.109404200694696,,,
sample,1779737655.9183474,26.326640367507935,2.163,0.0,0.033902307516053436,0,5.207406764409573,4.792274412541978,55.43443956553629,0.1524434705031309,0.109404200694696,,,
sample,1779737655.968683,26.376976013183594,2.163,0.6575890845328525,0.026234274240218267,0,5.354969980516378,4.846122229365513,55.59152072330018,0.11774044885024729,0.08464611085440976,,,
sample,1779737656.0167518,26.425044775009155,2.163,0.28200744630724917,0.025584279835572807,0,5.415402595065478,4.868174909188186,55.65585128826429,0.11468496078655209,0.08254794647345622,,,
sample,1779737656.0681233,26.47641634941101,2.163,0.7510560405221111,0.014669071798656253,0,5.615690133547275,4.950148781584417,55.87226481331929,0.06598699617933074,0.04732298084194782,,,
sample,1779737656.1181242,26.52641725540161,2.163,0.0,0.014669071798656253,0,5.615690133547275,4.950148781584417,55.87226481331929,0.06598699617933074,0.04732298084194782,,,
sample,1779737656.176406,26.584698915481567,2.163,0.6236497812221266,0.014669071798656253,0,5.831397868865414,5.047729989127167,56.10901767843729,0.06598699617933074,0.04732298084194782,,,
sample,1779737656.2192984,26.627591371536255,2.163,0.0,0.007279397854700658,0,5.831397868865414,5.047729989127167,56.10901767843729,0.032878191952082435,0.02348234333860193,,,
sample,1779737656.267245,26.675538063049316,2.163,0.17509367754185587,0.013210802074763703,0,5.984489153791773,5.040622236175855,56.26227387463314,0.05872459260860225,0.042617969897140354,,,
sample,1779737656.3185692,26.72686219215393,2.163,0.0,0.013210802074763703,0,5.984489153791773,5.040622236175855,56.26227387463314,0.05872459260860225,0.042617969897140354,,,
sample,1779737656.3691695,26.777462482452393,2.163,0.3280200032712291,0.009529157862649143,0,6.123310188849652,5.108673484660603,56.416877406917735,0.042992054305572444,0.030740149368950528,,,
sample,1779737656.4197183,26.82801127433777,2.163,0.11794234929144792,0.00827795998966492,0,6.173173658624503,5.133116980349461,56.47240983077514,0.03660904758100922,0.026703706697439898,,,
sample,1779737656.4706635,26.87895655632019,2.163,0.4181242426685497,0.0015275477176596036,0,6.358331052747474,5.228826993950333,56.68084127586414,0.006880205766769982,0.004927577115446328,,,
sample,1779737656.519114,26.927407026290894,2.163,0.0,0.0015275477176596036,0,6.358331052747474,5.228826993950333,56.68084127586414,0.006880205766769982,0.004927577115446328,,,
sample,1779737656.570148,26.97844099998474,2.163,0.3609981593500572,-0.003126036351910136,0,6.553785265719858,5.334466986381177,56.90301723624114,-0.014073263785308066,-0.010084021079354714,,,
sample,1779737656.6176655,27.02595853805542,2.163,0.0,-0.003126036351910136,0,6.553785265719858,5.334466986381177,56.90301723624114,-0.014073263785308066,-0.010084021079354714,,,
sample,1779737656.6706383,27.07893133163452,2.163,0.3978583376090074,-0.008741588779601598,0,6.747487713499328,5.444496732216482,57.12578883058014,-0.039350461288717914,-0.028199391775271754,,,
sample,1779737656.7184162,27.12670922279358,2.163,0.0,-0.008741588779601598,0,6.747487713499328,5.444496732216482,57.12578883058014,-0.039350461288717914,-0.028199391775271754,,,
sample,1779737656.768682,27.17697501182556,2.2431,0.30831406964844355,-0.016859367815874833,0,6.8948334951422545,5.532160896629952,57.297240821208064,-0.07514615562305152,-0.054390210828265555,,,
sample,1779737656.816406,27.224699020385742,2.2431,0.08443272956021217,-0.017212184307999312,0,6.931539980591664,5.545889941185087,57.336430778320114,-0.07779239620391142,-0.05552865892240003,,,
sample,1779737656.8689706,27.277263641357422,2.163,0.13086066122131101,-0.015592136501563325,0,7.083358129510121,5.600624318107834,57.49781418006313,-0.06998832685635668,-0.05030129091533821,,,
sample,1779737656.916279,27.32457208633423,2.163,0.0,-0.015592136501563325,0,7.083358129510121,5.600624318107834,57.49781418006313,-0.06998832685635668,-0.05030129091533821,,,
sample,1779737656.967306,27.375598907470703,2.2431,-0.17633213545615245,-0.014481370849280256,0,7.261652430409438,5.700878886244333,57.70236206239246,-0.06455366034005919,-0.046717365260604486,,,
sample,1779737657.0171182,27.425411224365234,2.2431,0.0,-0.014481370849280256,0,7.261652430409438,5.700878886244333,57.70236206239246,-0.06455366034005919,-0.046717365260604486,,,
sample,1779737657.067324,27.475616931915283,2.2431,-0.09658532021545023,-0.017964570645178188,0,7.454069959539373,5.813398190472582,57.92526360868696,-0.08070925096118506,-0.057956462703715995,,,
sample,1779737657.1170957,27.525388717651367,2.2431,0.0,-0.017964570645178188,0,7.454069959539373,5.813398190472582,57.92526360868696,-0.08070925096118506,-0.057956462703715995,,,
sample,1779737657.1673362,27.575629234313965,2.163,0.032828098763952714,-0.01752315119307031,0,7.598723285232525,5.898414076927229,58.093050037171984,-0.07840544543471525,-0.05653208055212964,,,
sample,1779737657.2190843,27.62737727165222,2.163,0.010629347137611449,-0.019648603998653858,0,7.646965703316205,5.926767188882635,58.149007430428966,-0.08827553371987792,-0.06339075145993306,,,
sample,1779737657.2683058,27.67659878730774,2.2431,-0.20604651117244216,-0.018413396267596943,0,7.839586661584033,6.03736184025642,58.37112003807766,-0.08264839958946546,-0.05940476641917913,,,
sample,1779737657.31708,27.725373029708862,2.2431,0.0,-0.018413396267596943,0,7.839586661584033,6.03736184025642,58.37112003807766,-0.08264839958946546,-0.05940476641917913,,,
sample,1779737657.3677273,27.776020288467407,2.2431,-0.6228453812363439,-0.008588413842910233,0,8.050244441176474,6.102834917935682,58.5917179165888,-0.03843985439786896,-0.027705241974351834,,,
sample,1779737657.416728,27.825021028518677,2.2431,0.0,-0.008588413842910233,0,8.050244441176474,6.102834917935682,58.5917179165888,-0.03843985439786896,-0.027705241974351834,,,
sample,1779737657.4672298,27.87552285194397,2.2431,0.0,-0.008588413842910233,0,8.050244441176474,6.102834917935682,58.5917179165888,-0.03843985439786896,-0.027705241974351834,,,
sample,1779737657.5170887,27.925381660461426,2.2431,0.0,-0.008588413842910233,0,8.050244441176474,6.102834917935682,58.5917179165888,-0.03843985439786896,-0.027705241974351834,,,
sample,1779737657.5709589,27.979251861572266,2.2431,-0.10034395599836249,-0.009822860611557495,0,8.393664251554949,6.284262388672532,58.980116028451306,-0.044087443500748905,-0.03168766630669941,,,
sample,1779737657.6168814,28.025174379348755,2.2431,-0.09872026095706517,-0.010638137652801097,0,8.43043907580456,6.303394487714945,59.021569917440864,-0.04768341893666369,-0.03431786766736849,,,
sample,1779737657.6691763,28.07746934890747,2.2431,-0.08397233315408616,-0.009865605149930057,0,8.62854054917116,6.40535389008247,59.244370082344666,-0.044203927814118214,-0.03182556527758264,,,
sample,1779737657.716654,28.12494707107544,2.2431,0.0,-0.009865605149930057,0,8.62854054917116,6.40535389008247,59.244370082344666,-0.044203927814118214,-0.03182556527758264,,,
sample,1779737657.7681282,28.17642116546631,2.163,-0.1085932172459511,-0.008726431302464104,0,8.825980811145588,6.505580977205109,59.46579303969467,-0.03906579987064318,-0.02815049295768022,,,
sample,1779737657.8189528,28.227245807647705,2.163,0.0,-0.008726431302464104,0,8.825980811145588,6.505580977205109,59.46579303969467,-0.03906579987064318,-0.02815049295768022,,,
sample,1779737657.867415,28.275707960128784,2.2431,-0.1163011846784397,-0.0038824294859498647,0,8.92647906789199,6.555125635662816,59.577840229711896,-0.01724854054651574,-0.01252402900974894,,,
sample,1779737657.9176626,28.325955629348755,2.2431,-0.2992186818672091,0.002522453748564748,0,9.021220880802487,6.584285366887869,59.67696793037465,0.011329933650717279,0.008136964833909117,,,
sample,1779737657.967583,28.37587594985962,2.2431,-0.5138081811354616,0.00900505385370497,0,9.165798533193861,6.6211059263737635,59.82616059497937,0.040304883549762145,0.029049346036105254,,,
sample,1779737658.017632,28.4259250164032,2.2431,-0.03781713027933977,0.011417604471214357,0,9.191746725220714,6.632741062188585,59.85459798330692,0.050419983006041794,0.036832582698382944,,,
sample,1779737658.067769,28.476062059402466,2.2431,-0.06665973095661976,0.005751218823033471,0,9.403747840131977,6.726952366432127,60.086589885258014,0.025861804766712914,0.018552523335387035,,,
sample,1779737658.1169598,28.52525281906128,2.2431,0.0,0.005751218823033471,0,9.403747840131977,6.726952366432127,60.086589885258014,0.025861804766712914,0.018552523335387035,,,
sample,1779737658.1667774,28.57507038116455,2.2431,0.0,0.005751218823033471,0,9.403747840131977,6.726952366432127,60.086589885258014,0.025861804766712914,0.018552523335387035,,,
sample,1779737658.2175586,28.62585163116455,2.2431,0.08052897403265782,0.003953002113358436,0,9.640148798442732,6.833166487624086,60.345755570931914,0.017713835873723147,0.012751686140822213,,,
sample,1779737658.270436,28.67872905731201,2.163,0.2424908390711348,0.003263159224127537,0,9.815878316230098,6.914845099164031,60.539539623435914,0.01470223233398988,0.010526357440138887,,,
sample,1779737658.3166063,28.724899291992188,2.163,0.0,0.003263159224127537,0,9.815878316230098,6.914845099164031,60.539539623435914,0.01470223233398988,0.010526357440138887,,,
sample,1779737658.3695467,28.77783966064453,2.2431,-0.04787939752039891,0.0034560929212709337,0,9.944164298486852,6.9599671477778795,60.675529669081506,0.015452208221260661,0.01114873123180912,,,
sample,1779737658.4170477,28.825340747833252,2.2431,0.014527718828300508,0.0033017593812413306,0,9.965260879825744,6.969725499474912,60.69877383333905,0.01488444430504356,0.01065087541762429,,,
sample,1779737658.4699638,28.878256797790527,2.163,0.12069134579663486,-0.043752743891835005,0,10.160064369489177,7.061347833678276,60.91404819714005,-0.1979433414468462,-0.14122801274222158,,,
sample,1779737658.5174239,28.925716876983643,2.163,0.0,-0.043752743891835005,0,10.160064369489177,7.061347833678276,60.91404819714005,-0.1979433414468462,-0.14122801274222158,,,
sample,1779737658.5712235,28.97951650619507,2.2431,0.11894665450490102,-0.14025360570417886,0,10.366118531154216,7.159876893337545,61.14244761293795,-0.6885625106362618,-0.4554211171061786,,,
sample,1779737658.6171148,29.025407791137695,2.2431,0.0,-0.14025360570417886,0,10.366118531154216,7.159876893337545,61.14244761293795,-0.6885625106362618,-0.4554211171061786,,,
sample,1779737658.667745,29.076038122177124,2.2431,0.06557365053547504,-0.17208432844523575,0,10.56981433740819,7.258110482070032,61.36859318428685,-0.9006135517718481,-0.5606559312286081,,,
sample,1779737658.7169712,29.125264167785645,2.2431,0.0,-0.17208432844523575,0,10.56981433740819,7.258110482070032,61.36859318428685,-0.9006135517718481,-0.5606559312286081,,,
sample,1779737658.7682133,29.176506280899048,2.2431,-0.44048531866888824,-0.17208432844523575,0,10.75904592081301,7.343290576728805,61.576112438053755,-0.9006135517718481,-0.5606559312286081,,,
sample,1779737658.820352,29.228645086288452,2.2431,-0.07313372042457689,-0.18944330553099115,0,10.791013805362546,7.3576804971795795,61.611169754738754,-1.0368507505770623,-0.6185245626210257,,,
sample,1779737658.8678246,29.27611756324768,2.3232,-2.612415624751794,-0.18907581827149136,0,10.983496104239356,7.417000838148843,61.812585588857154,-1.0272766121734473,-0.6172956233114342,,,
sample,1779737658.916978,29.325270891189575,2.3232,0.0,-0.18907581827149136,0,10.983496104239356,7.417000838148843,61.812585588857154,-1.0272766121734473,-0.6172956233114342,,,
sample,1779737658.9677608,29.37605381011963,2.4033,-3.3742607816084287,-0.1789914687571781,0,11.17873181721755,7.396115315097737,62.00893524812658,-0.9497719905634211,-0.5836380426509834,,,
sample,1779737659.0166297,29.424922704696655,2.4033,0.0,-0.1789914687571781,0,11.17873181721755,7.396115315097737,62.00893524812658,-0.9497719905634211,-0.5836380426509834,,,
sample,1779737659.0703695,29.478662490844727,2.3232,-1.871264185562878,-0.17634800669270828,0,11.331341316580104,7.391675210423128,62.161609325249096,-0.9239598102272961,-0.5748357951402367,,,
sample,1779737659.117323,29.52561593055725,2.3232,-1.1952269698876883,-0.17258800520598028,0,11.416507723599121,7.389197332155367,62.24681177101938,-0.9020901651007331,-0.5623299218709761,,,
sample,1779737659.1717753,29.580068349838257,2.4033,-2.843691488607758,-0.16502695865564315,0,11.649031101075373,7.345926173378538,62.48332712835343,-0.8470800202243517,-0.5372308689297035,,,
sample,1779737659.2175746,29.62586760520935,2.4033,-0.0012431688885279864,-0.16501880539019276,0,11.649116598988542,7.34591026274703,62.483414094101576,-0.8470462717167047,-0.5372038386270834,,,
sample,1779737659.269923,29.678215980529785,2.2431,-2.541010214401884,-0.15921276815002525,0,11.8684293024913,7.273960144940848,62.71422761487108,-0.8042363573546769,-0.5179736425265979,,,
sample,1779737659.3170655,29.725358486175537,2.2431,0.0,-0.15921276815002525,0,11.8684293024913,7.273960144940848,62.71422761487108,-0.8042363573546769,-0.5179736425265979,,,
sample,1779737659.3729851,29.781278133392334,2.4834,-2.664125431211425,-0.14886213765181425,0,12.085888335473022,7.164594832571351,62.957639205751676,-0.7388972618178122,-0.48377924011896956,,,
sample,1779737659.4172277,29.825520753860474,2.4834,0.0,-0.14886213765181425,0,12.085888335473022,7.164594832571351,62.957639205751676,-0.7388972618178122,-0.48377924011896956,,,
sample,1779737659.4666083,29.874901294708252,2.3232,-6.709154291420585,-0.08003443891731186,0,11.976154384419388,7.130965542135034,63.07241058366922,-0.367067970252874,-0.2587282744322594,,,
sample,1779737659.517617,29.925909996032715,2.3232,-3.394394197733655,-0.04750072765798797,0,12.024672019663061,7.060103353130434,63.15829079536063,-0.21371416335040738,-0.15334350171271183,,,
sample,1779737659.5675964,29.975889444351196,2.0829,-6.125098660340558,0.017770453401350573,0,12.080175975052299,6.8769426297779885,63.349676635074125,0.07843514491332496,0.05733007809349347,,,
sample,1779737659.6170914,30.025384426116943,2.0829,0.0,0.017770453401350573,0,12.080175975052299,6.8769426297779885,63.349676635074125,0.07843514491332496,0.05733007809349347,,,
sample,1779737659.6665244,30.074817419052124,2.0829,0.0,0.017770453401350573,0,12.080175975052299,6.8769426297779885,63.349676635074125,0.07843514491332496,0.05733007809349347,,,
sample,1779737659.717232,30.12552499771118,1.8425,-5.345930767144633,0.08776122643084971,0,12.085521190735061,6.646177682245562,63.580503480004126,0.3727977831330554,0.28382979365533506,,,
sample,1779737659.767046,30.175338983535767,1.9227,-2.9490023276032984,0.11658905321026493,0,12.067535200370251,6.5015703732753165,63.72622502836613,0.5179136455063564,0.3778071182947459,,,
sample,1779737659.816564,30.224857091903687,1.9227,0.0,0.11658905321026493,0,12.067535200370251,6.5015703732753165,63.72622502836613,0.5179136455063564,0.3778071182947459,,,
sample,1779737659.8673103,30.27560329437256,1.8425,-1.2331523325351708,0.13569862248694525,0,12.039095319622257,6.365302239422639,63.865429306751,0.6033073250867026,0.44044428056363555,,,
sample,1779737659.9190044,30.32729744911194,1.8425,-0.37589126836918063,0.14037728466099586,0,12.030264293479746,6.3229888604353235,63.90865440436863,0.6246367600284329,0.45582804072707733,,,
sample,1779737659.9777663,30.386059284210205,1.8425,0.21562830023795534,0.140539982970876,0,11.996197708405454,6.148750235695522,64.08619209211363,0.6276928113970062,0.45636336594758226,,,
sample,1779737660.0263696,30.434662580490112,1.8425,0.0,0.140539982970876,0,11.996197708405454,6.148750235695522,64.08619209211363,0.6276928113970062,0.45636336594758226,,,
sample,1779737660.0727751,30.48106813430786,1.8425,0.16783060716079864,0.13976436988602106,0,11.992636576361646,6.122717346955737,64.11246742194166,0.6172947277263935,0.4538115918892928,,,
sample,1779737660.1269777,30.53527069091797,1.8425,0.0,0.13976436988602106,0,11.992636576361646,6.122717346955737,64.11246742194166,0.6172947277263935,0.4538115918892928,,,
sample,1779737660.1672935,30.575586557388306,1.9227,0.0,0.13476893387595507,0,11.992636576361646,6.122717346955737,64.11246742194166,0.6094675093945284,0.43738976297074417,,,
sample,1779737660.2171357,30.625428676605225,1.9227,0.0,0.13476893387595507,0,11.992636576361646,6.122717346955737,64.11246742194166,0.6094675093945284,0.43738976297074417,,,
sample,1779737660.2682047,30.6764976978302,2.0028,5.26492647897972,0.02574072638513447,0,12.464909762749548,6.112245231532105,64.5848566976269,0.11133019702459247,0.08305294526445255,,,
sample,1779737660.3180528,30.726345777511597,2.0028,0.3577269528466219,0.021202663081107916,0,12.4689479633767,6.0725627829502145,64.62474408648302,0.09132150244003288,0.06840593836212598,,,
sample,1779737660.367755,30.776047945022583,2.0028,0.0,0.021202663081107916,0,12.4689479633767,6.0725627829502145,64.62474408648302,0.09132150244003288,0.06840593836212598,,,
sample,1779737660.4193928,30.827685832977295,2.0028,1.412680192542364,-0.007888535473488154,0,12.510279787548336,5.8456674915167195,64.85537321075843,-0.03393950753272385,-0.025447416482036727,,,
sample,1779737660.4686043,30.87689733505249,2.0829,1.1271638282852963,-0.03148767749203171,0,12.547352307917102,5.683202630429209,65.0220141506702,-0.14052722350138064,-0.1016067355597838,,,
sample,1779737660.5230038,30.931296825408936,2.0829,0.0,-0.03148767749203171,0,12.547352307917102,5.683202630429209,65.0220141506702,-0.14052722350138064,-0.1016067355597838,,,
sample,1779737660.5683389,30.97663187980652,2.0829,0.19454273064946476,-0.03148767749203171,0,12.575530315024547,5.57202749522148,65.13670465059502,-0.14052722350138064,-0.1016067355597838,,,
sample,1779737660.6175592,31.02585220336914,2.0829,0.0,-0.04433092348449934,0,12.575530315024547,5.57202749522148,65.13670465059502,-0.19637458327955906,-0.14309673063222916,,,
sample,1779737660.671437,31.07973003387451,2.2431,0.9180034523328755,-0.09189085416045265,0,12.824110806098265,5.301543408719086,65.5040653746708,-0.4224659158025936,-0.29725926026832883,,,
sample,1779737660.716907,31.125200033187866,2.2431,-0.010475229557624205,-0.09179402602971908,0,12.832048648215741,5.274711716562814,65.53204660126026,-0.4260586418680708,-0.29694426189966594,,,
sample,1779737660.7678244,31.176117420196533,2.163,-0.4836481512249134,-0.1060160841054191,0,12.89199970202784,5.052048372093474,65.76263951924226,-0.49325763426238045,-0.3432744000087328,,,
sample,1779737660.817088,31.225380897521973,2.163,0.0,-0.1060160841054191,0,12.89199970202784,5.052048372093474,65.76263951924226,-0.49325763426238045,-0.3432744000087328,,,
sample,1779737660.8677356,31.276028633117676,2.2431,-0.7071985797786526,-0.11300387426175358,0,12.93852818487809,4.850784518210403,65.96921163400175,-0.5288907301811008,-0.36608825537956646,,,
sample,1779737660.9167714,31.325064420700073,2.2431,0.0,-0.11300387426175358,0,12.93852818487809,4.850784518210403,65.96921163400175,-0.5288907301811008,-0.36608825537956646,,,
sample,1779737660.9666042,31.374897241592407,2.2431,-0.5868198816131275,-0.11631555934938635,0,12.96181069917219,4.720104537569779,66.10194946889477,-0.5440979848791031,-0.3769128068696088,,,
sample,1779737661.017489,31.425781965255737,2.2431,-0.4251379858721211,-0.11669185969770178,0,12.97903441763202,4.623431336107998,66.20014501033354,-0.5503670196356547,-0.3781433052429166,,,
sample,1779737661.0671575,31.47545051574707,2.2431,-1.4934533025950933,-0.115241133456006,0,13.000950510028462,4.409601865877221,66.41509467291785,-0.5407131212281762,-0.3734000392297027,,,
sample,1779737661.1171153,31.525408267974854,2.2431,0.0,-0.115241133456006,0,13.000950510028462,4.409601865877221,66.41509467291785,-0.5407131212281762,-0.3734000392297027,,,
sample,1779737661.1673489,31.575641870498657,2.3232,-1.4276321403037406,-0.10890228084981261,0,12.999311218727637,4.275476980156669,66.54922957607701,-0.5052561517128962,-0.3526930625575438,,,
sample,1779737661.2172027,31.625495672225952,2.3232,0.0,-0.10890228084981261,0,12.999311218727637,4.275476980156669,66.54922957607701,-0.5052561517128962,-0.3526930625575438,,,
sample,1779737661.266661,31.674953937530518,2.2431,-1.5579892404943438,-0.10470676411335593,0,12.989227601316683,4.059404309152957,66.76553740879412,-0.4821907507542666,-0.33900355086114453,,,
sample,1779737661.3164396,31.724732637405396,2.2431,0.0,-0.10470676411335593,0,12.989227601316683,4.059404309152957,66.76553740879412,-0.4821907507542666,-0.33900355086114453,,,
sample,1779737661.3672104,31.775503396987915,2.3232,-1.1698685563388531,-0.09944170057184053,0,12.9674684089582,3.8840054076205925,66.94228083048458,-0.4599580659813348,-0.32184123793437547,,,
sample,1779737661.4173079,31.82560086250305,2.3232,-0.34724091415205,-0.09984331010571283,0,12.961095485708055,3.8326338438598517,66.99404618293171,-0.4653682138629291,-0.32314970088250794,,,
sample,1779737661.4712236,31.8795166015625,2.2431,-1.5317294128984233,-0.10157142988359684,0,12.91472759599047,3.610750175928775,67.22072292036061,-0.4773106855815898,-0.3287812039771589,,,
sample,1779737661.519061,31.927354097366333,2.2431,0.0,-0.10157142988359684,0,12.91472759599047,3.610750175928775,67.22072292036061,-0.4773106855815898,-0.3287812039771589,,,
sample,1779737661.5701234,31.978416442871094,2.3232,-1.9571115876609442,-0.10282062285013133,0,12.842026998550294,3.380583753610333,67.46209806164701,-0.48024696429070074,-0.3328532398542851,,,
sample,1779737661.6179755,32.02626848220825,2.3232,0.0,-0.10282062285013133,0,12.842026998550294,3.380583753610333,67.46209806164701,-0.48024696429070074,-0.3328532398542851,,,
sample,1779737661.6677434,32.07603645324707,2.2431,-3.4346303514242726,-0.07258366823402354,0,12.781568081333164,3.3269578461580758,67.54291277949683,-0.3327194588755595,-0.2345529153402691,,,
sample,1779737661.7163887,32.1246817111969,2.2431,0.0,-0.07258366823402354,0,12.781568081333164,3.3269578461580758,67.54291277949683,-0.3327194588755595,-0.2345529153402691,,,
sample,1779737661.768148,32.176440954208374,2.3232,-1.5838150662412867,-0.07158344648529297,0,12.675591193874801,3.1645070166044387,67.73687507660127,-0.32787383136646425,-0.23130956991548787,,,
sample,1779737661.8176072,32.225900173187256,2.3232,-0.38777240216177666,-0.07084293193212218,0,12.650797403490792,3.126500882321205,67.78225346666484,-0.3248376194755855,-0.2289086579612811,,,
sample,1779737661.867963,32.27625608444214,2.2431,-1.6844815355362246,-0.07143317385456621,0,12.512469383351217,2.949315083800137,68.00704102938414,-0.3243888585293899,-0.2308223322769478,,,
sample,1779737661.9170349,32.32532787322998,2.2431,0.0,-0.07143317385456621,0,12.512469383351217,2.949315083800137,68.00704102938414,-0.3243888585293899,-0.2308223322769478,,,
sample,1779737661.9676087,32.37590169906616,2.2431,-1.3052648259294062,-0.06905029102372641,0,12.367437242465709,2.786884186484355,68.22479804601655,-0.3176360841721933,-0.2230975591520658,,,
sample,1779737662.0172462,32.42553925514221,2.2431,0.0,-0.06905029102372641,0,12.367437242465709,2.786884186484355,68.22479804601655,-0.3176360841721933,-0.2230975591520658,,,
sample,1779737662.0718398,32.480132818222046,2.2431,-1.203907928378297,-0.0689359114316191,0,12.20739864301513,2.6297628387583787,68.44907348208865,-0.3164965514183292,-0.22272683083915243,,,
sample,1779737662.117976,32.52626895904541,2.2431,0.0,-0.0689359114316191,0,12.20739864301513,2.6297628387583787,68.44907348208865,-0.3164965514183292,-0.22272683083915243,,,
sample,1779737662.1701157,32.57840871810913,2.3232,-1.166949424630204,-0.06893416788292867,0,12.030657099633528,2.4765583447533723,68.68297343963512,-0.31615964358311144,-0.22272117967649993,,,
sample,1779737662.2169108,32.62520384788513,2.3232,-0.024804840839810386,-0.06878938801705176,0,12.028837343966611,2.473314754754572,68.68669263131714,-0.31581215624242454,-0.22225192619129144,,,
sample,1779737662.2677164,32.6760094165802,2.2431,-0.9994069066885458,-0.0702290692726411,0,11.933628166595357,2.3197370783432185,68.86738820444394,-0.323198987044635,-0.22691857084579742,,,
sample,1779737662.3167033,32.72499632835388,2.2431,0.0,-0.0702290692726411,0,11.933628166595357,2.3197370783432185,68.86738820444394,-0.323198987044635,-0.22691857084579742,,,
sample,1779737662.3686028,32.77689576148987,2.2431,-0.942702092627181,-0.07053736064979471,0,11.783357117764798,2.1897682132866176,69.06606707599484,-0.32384067937685407,-0.22791800197609013,,,
sample,1779737662.417244,32.82553696632385,2.2431,0.0,-0.07053736064979471,0,11.783357117764798,2.1897682132866176,69.06606707599484,-0.32384067937685407,-0.22791800197609013,,,
sample,1779737662.4684079,32.87670087814331,2.2431,-0.5922057236610566,-0.07268276969215112,0,11.649409124733577,2.1035889523086855,69.2253433449736,-0.32918430292830136,-0.23487428992291257,,,
sample,1779737662.5172825,32.925575494766235,2.2431,-0.25551425561430796,-0.0721576434630277,0,11.59420158831659,2.0680696094565763,69.29099009503693,-0.3283596639100768,-0.23317141888366788,,,
sample,1779737662.567874,32.97616696357727,2.2431,-0.841067042503078,-0.07105696342729018,0,11.395577493711997,1.9519175871353667,69.52108317021913,-0.3260563197204402,-0.22960256936177115,,,
sample,1779737662.6174338,33.02572679519653,2.2431,0.0,-0.07105696342729018,0,11.395577493711997,1.9519175871353667,69.52108317021913,-0.3260563197204402,-0.22960256936177115,,,
sample,1779737662.6687412,33.07703423500061,2.2431,-1.0164310377276413,-0.06907401683922874,0,11.195825869060801,1.8486839447532681,69.74593400181703,-0.3130807185877471,-0.22317446024401402,,,
sample,1779737662.7170794,33.12537240982056,2.2431,0.0,-0.06907401683922874,0,11.195825869060801,1.8486839447532681,69.74593400181703,-0.3130807185877471,-0.22317446024401402,,,
sample,1779737662.767339,33.17563199996948,2.2431,-1.0621616958965818,-0.0658795544457034,0,11.123540787359433,1.7236034871837438,69.89039940910325,-0.3024739582409869,-0.2128226725566031,,,
sample,1779737662.8172011,33.225494146347046,2.2431,0.0,-0.0658795544457034,0,11.123540787359433,1.7236034871837438,69.89039940910325,-0.3024739582409869,-0.2128226725566031,,,
sample,1779737662.8667672,33.275060176849365,2.2431,0.0,-0.0658795544457034,0,11.123540787359433,1.7236034871837438,69.89039940910325,-0.3024739582409869,-0.2128226725566031,,,
sample,1779737662.9193385,33.32763147354126,2.2431,-1.0677878388697768,-0.06245118226486362,0,10.864919313602966,1.624040939866374,70.16752351039416,-0.2830167763864897,-0.20171773802853793,,,
sample,1779737662.9692135,33.377506494522095,2.2431,-1.0996953357580779,-0.05424637717743792,0,10.695078902232298,1.5691417876689528,70.34601631766256,-0.24705776822787498,-0.17516016000741422,,,
sample,1779737663.016372,33.42466497421265,2.2431,0.0,-0.05424637717743792,0,10.695078902232298,1.5691417876689528,70.34601631766256,-0.24705776822787498,-0.17516016000741422,,,
sample,1779737663.068287,33.476579904556274,2.2431,-0.9313524146849266,-0.04895580053565828,0,10.477578820101357,1.510282342361419,70.57133990725956,-0.22016212912031446,-0.15804822055479892,,,
sample,1779737663.1165116,33.52480459213257,2.2431,0.0,-0.04895580053565828,0,10.477578820101357,1.510282342361419,70.57133990725956,-0.22016212912031446,-0.15804822055479892,,,
sample,1779737663.172472,33.58076500892639,2.3232,-0.9647269669984169,-0.04121368571485659,0,10.24066221090853,1.4597107350987946,70.81359383844035,-0.18411742862629144,-0.1330226978314715,,,
sample,1779737663.2179298,33.62622284889221,2.3232,0.0,-0.04121368571485659,0,10.24066221090853,1.4597107350987946,70.81359383844035,-0.18411742862629144,-0.1330226978314715,,,
sample,1779737663.2676923,33.67598533630371,2.2431,-1.5654689879548889,-0.026016735977049597,0,10.172398408668613,1.4299363659738018,70.88806839619696,-0.11656682883134584,-0.08394389533627397,,,
sample,1779737663.3176072,33.725900173187256,2.2431,-0.24577484400683397,-0.023763838011628992,0,10.114843014016863,1.422988677064105,70.94604161272584,-0.10671857326572247,-0.07667197524893477,,,
sample,1779737663.3680203,33.77631330490112,2.2431,-0.9013021818385627,-0.01484508602795954,0,9.893880861151969,1.406453287890401,71.16762160300884,-0.0670845647112696,-0.047890892345770306,,,
sample,1779737663.4170663,33.82535934448242,2.2431,0.0,-0.01484508602795954,0,9.893880861151969,1.406453287890401,71.16762160300884,-0.0670845647112696,-0.047890892345770306,,,
sample,1779737663.4677649,33.876057863235474,2.2431,-0.6430858926871799,-0.008466764139486936,0,9.683774876944067,1.3976045210670844,71.37791384079775,-0.03770320121853075,-0.027312795037767353,,,
sample,1779737663.5167737,33.92506670951843,2.2431,0.0,-0.008466764139486936,0,9.683774876944067,1.3976045210670844,71.37791384079775,-0.03770320121853075,-0.027312795037767353,,,
sample,1779737663.5692751,33.97756814956665,2.2431,-0.257001078148596,-0.005889816203772816,0,9.445675618604556,1.3907935185825484,71.61611049605695,-0.026581136533002224,-0.018999626808058445,,,
sample,1779737663.6173599,34.02565288543701,2.2431,0.0,-0.005889816203772816,0,9.445675618604556,1.3907935185825484,71.61611049605695,-0.026581136533002224,-0.018999626808058445,,,
sample,1779737663.667582,34.07587504386902,2.2431,-0.48700092402120965,-0.0005210384494048598,0,9.244039543142462,1.390147038927997,71.8177476078784,-0.0023525543936601637,-0.0016807693437276006,,,
sample,1779737663.7182937,34.12658667564392,2.2431,-0.018408627114072616,-0.00032695958549768276,0,9.236343419026086,1.3901223638412161,71.82544377155095,-0.0014542955893922759,-0.001054708377898785,,,
sample,1779737663.7677984,34.17609143257141,2.2431,-0.24070300236234313,0.0024897305042474093,0,9.011992650293712,1.392076459995081,72.04980305021485,0.011170072476747879,0.00803140531829821,,,
sample,1779737663.816551,34.224843978881836,2.2431,0.0,0.0024897305042474093,0,9.011992650293712,1.392076459995081,72.04980305021485,0.011170072476747879,0.00803140531829821,,,
sample,1779737663.867611,34.275903940200806,2.2431,-0.7170112021987733,0.00848174728730306,0,8.873674894454874,1.3641517576351252,72.19091148576065,0.037904128745211846,0.02736113124374433,,,
sample,1779737663.9173827,34.32567572593689,2.2431,0.0,0.00848174728730306,0,8.873674894454874,1.3641517576351252,72.19091148576065,0.037904128745211846,0.02736113124374433,,,
sample,1779737663.968347,34.37664008140564,2.163,-0.39848925681792774,0.013915348243347113,0,8.724460467672934,1.375428888818117,72.34055144983303,0.06219819834753313,0.0448911177031082,,,
sample,1779737664.0173082,34.42560124397278,2.163,-0.20024406505783876,0.01640281954063868,0,8.652426218163283,1.3808729983382764,72.41279113027865,0.07391354595741478,0.05291706700682251,,,
sample,1779737664.06835,34.476643085479736,2.2431,-0.16005131568331007,0.02380060722702329,0,8.425266054147611,1.399913497861932,72.6407478821807,0.10647115256469163,0.07679065273181959,,,
sample,1779737664.116585,34.52487802505493,2.2431,-0.00044872481380904355,0.023805425461252777,0,8.424664203939242,1.3999639447730592,72.64135184291135,0.10651546494941203,0.07680620423244348,,,
sample,1779737664.1680505,34.57634353637695,2.163,0.007706010453158625,0.02503121150235076,0,8.214661171714441,1.4174824701957252,72.85208430903035,0.11240527297488313,0.08076271186387472,,,
sample,1779737664.2183032,34.626596212387085,2.163,0.0,0.02503121150235076,0,8.214661171714441,1.4174824701957252,72.85208430903035,0.11240527297488313,0.08076271186387472,,,
sample,1779737664.2686317,34.67692470550537,2.163,0.1543028928231178,0.024500774121359988,0,7.998998308662486,1.4337877421796463,73.06836267686734,0.11060791373743949,0.07905057356503206,,,
sample,1779737664.3173156,34.725608587265015,2.163,0.0,0.024500774121359988,0,7.998998308662486,1.4337877421796463,73.06836267686734,0.11060791373743949,0.07905057356503206,,,
sample,1779737664.3690412,34.777334213256836,2.163,1.1314670522199548,0.007357571683786597,0,7.87182140319554,1.3802883395863321,73.20633423684254,0.03289641550015555,0.023734530487900956,,,
sample,1779737664.4186473,34.826940298080444,2.163,0.04619557578066791,0.006903122282863026,0,7.813589841638665,1.381141166114312,73.26457204307216,0.030953734995266963,0.022268490118297832,,,
sample,1779737664.4682014,34.87649440765381,2.2431,0.2248011298865512,0.004488527517252826,0,7.586655828012395,1.3819364750173844,73.49150745030687,0.019961272513604883,0.014479218260547572,,,
sample,1779737664.5181625,34.9264554977417,2.2431,0.0,0.004488527517252826,0,7.586655828012395,1.3819364750173844,73.49150745030687,0.019961272513604883,0.014479218260547572,,,
sample,1779737664.5680578,34.97635078430176,2.163,0.47641027950564196,-0.0011771510345006649,0,7.349149552910053,1.3771224996252243,73.72906250723487,-0.005304742123689858,-0.003797263155551517,,,
sample,1779737664.6180463,35.026339292526245,2.163,0.0,-0.0011771510345006649,0,7.349149552910053,1.3771224996252243,73.72906250723487,-0.005304742123689858,-0.003797263155551517,,,
sample,1779737664.6683846,35.076677560806274,2.163,0.3081092939650961,-0.009135542268917857,0,7.147194361235185,1.3698943175502165,73.93114700951188,-0.0412139415863885,-0.029470311040327494,,,
sample,1779737664.716697,35.12498998641968,2.163,0.0,-0.009135542268917857,0,7.147194361235185,1.3698943175502165,73.93114700951188,-0.0412139415863885,-0.029470311040327494,,,
sample,1779737664.7697964,35.17808938026428,2.2431,0.1715572791285496,-0.011878572836815373,0,6.953852581304089,1.3610089846974667,74.12469285164451,-0.05347204015363151,-0.038319779223148935,,,
sample,1779737664.8222513,35.230544328689575,2.2431,0.019806755143731043,-0.01229062240586508,0,6.931801657104813,1.3599955989652617,74.14676704944839,-0.05478345710390695,-0.03964916553099052,,,
sample,1779737664.8677797,35.27607274055481,2.163,0.2054626410118502,-0.015260003423560837,0,6.718709383323462,1.348204125208531,74.36018531483039,-0.06835192973398259,-0.049229638885683165,,,
sample,1779737664.9182868,35.32657980918884,2.163,0.0,-0.015260003423560837,0,6.718709383323462,1.348204125208531,74.36018531483039,-0.06835192973398259,-0.049229638885683165,,,
sample,1779737664.9689689,35.37726187705994,2.163,0.017172253579782422,-0.015687521162777544,0,6.670789834732602,1.3453623908904144,74.40818905000887,-0.07021753160726718,-0.050609058646257296,,,
sample,1779737665.0180652,35.426358222961426,2.163,0.09118608141830603,-0.01778998131068388,0,6.494658499843242,1.3297829854445304,74.58500806766239,-0.08038564906315057,-0.05739309126805133,,,
sample,1779737665.0680654,35.47635841369629,2.2431,0.23758830749363416,-0.022132001242533506,0,6.2623990712307265,1.3092462486850884,74.81817367347966,-0.0994219757155683,-0.0714052114733066,,,
sample,1779737665.118323,35.52661609649658,2.2431,0.0,-0.022132001242533506,0,6.2623990712307265,1.3092462486850884,74.81817367347966,-0.0994219757155683,-0.0714052114733066,,,
sample,1779737665.167026,35.575319051742554,2.2431,0.0,-0.022132001242533506,0,6.2623990712307265,1.3092462486850884,74.81817367347966,-0.0994219757155683,-0.0714052114733066,,,
sample,1779737665.219367,35.627660036087036,2.163,0.043071009621301205,-0.024107808727068903,0,6.009359411526675,1.290293744185354,75.07192210561266,-0.10842962493357267,-0.07778219416212301,,,
sample,1779737665.2685344,35.6768274307251,2.2431,-0.856864800022782,-0.015276607280115902,0,5.8204597341845785,1.2841277697791944,75.26092238958157,-0.06834616550737242,-0.04928321220138381,,,
sample,1779737665.3174155,35.72570848464966,2.2431,0.0,-0.015276607280115902,0,5.8204597341845785,1.2841277697791944,75.26092238958157,-0.06834616550737242,-0.04928321220138381,,,
sample,1779737665.3673527,35.77564573287964,2.163,-0.06302518223752597,-0.015040388027356284,0,5.615638984303869,1.278087363091565,75.46583218948057,-0.06739721564054828,-0.048521039489619826,,,
sample,1779737665.4172115,35.825504541397095,2.163,0.0,-0.015040388027356284,0,5.615638984303869,1.278087363091565,75.46583218948057,-0.06739721564054828,-0.048521039489619826,,,
sample,1779737665.4748654,35.883158445358276,2.2431,-0.2623401194706989,-0.0117357805628104,0,5.4706476339953465,1.2773142869891985,75.61082560074793,-0.052478224405618286,-0.03785909476287049,,,
sample,1779737665.5171678,35.92546081542969,2.2431,0.0,-0.0117357805628104,0,5.4706476339953465,1.2773142869891985,75.61082560074793,-0.052478224405618286,-0.03785909476287049,,,
sample,1779737665.5685275,35.97682046890259,2.163,-2.0481743111447916,0.021561661948133613,0,5.158504931952065,1.4025475616299516,75.94715347576891,0.09701871594195569,0.06956452885918572,,,
sample,1779737665.616932,36.025224924087524,2.163,0.0,0.021561661948133613,0,5.158504931952065,1.4025475616299516,75.94715347576891,0.09701871594195569,0.06956452885918572,,,
sample,1779737665.6701617,36.0784547328949,2.2431,0.0016684512591910172,0.007719422731040292,0,4.936278188819876,1.4244690961598006,76.17045882509866,0.0342890219178474,0.024901858280137978,,,
sample,1779737665.7171128,36.12540578842163,2.2431,0.0,0.007719422731040292,0,4.936278188819876,1.4244690961598006,76.17045882509866,0.0342890219178474,0.024901858280137978,,,
sample,1779737665.768201,36.176494121551514,2.163,-0.23597803895972982,-0.00367768422187961,0,4.717992086502107,1.4469888917180842,76.38990349615966,-0.016348472254938014,-0.011863550976253287,,,
sample,1779737665.8174162,36.225709199905396,2.163,0.0,-0.00367768422187961,0,4.717992086502107,1.4469888917180842,76.38990349615966,-0.016348472254938014,-0.011863550976253287,,,
sample,1779737665.8672771,36.27557015419006,2.2431,-0.36463697088775876,-0.009884053757839389,0,4.531503290278846,1.4702633453494203,76.5778390471037,-0.04423385402786673,-0.03188508271949295,,,
sample,1779737665.91731,36.325603008270264,2.2431,-0.06351092514643963,-0.01260801473785591,0,4.498909476799869,1.4743311672017139,76.61068571895525,-0.05594095523151886,-0.04067317046957025,,,
sample,1779737665.9715588,36.37985181808472,2.163,0.49695178057861905,-0.029320016936115387,0,4.277713486135902,1.495899935290494,76.83293080448625,-0.1324594895753531,-0.09460781163855289,,,
sample,1779737666.018454,36.42674708366394,2.163,0.0,-0.029320016936115387,0,4.277713486135902,1.495899935290494,76.83293080448625,-0.1324594895753531,-0.09460781163855289,,,
sample,1779737666.0672588,36.47555184364319,2.2431,1.045117351959876,-0.056537972461238255,0,4.101471825164226,1.4434933536675172,77.01679916190389,-0.2551348030432428,-0.18257513417705407,,,
sample,1779737666.1166906,36.524983644485474,2.2431,0.0,-0.056537972461238255,0,4.101471825164226,1.4434933536675172,77.01679916190389,-0.2551348030432428,-0.18257513417705407,,,
sample,1779737666.1682231,36.57651615142822,2.163,-0.04104360010677556,-0.07536163171157143,0,3.876954117406156,1.4543484399528124,77.24157912986189,-0.34790436899146804,-0.24356330828754713,,,
sample,1779737666.2174573,36.62575030326843,2.163,0.0,-0.07536163171157143,0,3.876954117406156,1.4543484399528124,77.24157912986189,-0.34790436899146804,-0.24356330828754713,,,
sample,1779737666.2696884,36.67798137664795,2.2431,-0.15033521477495423,-0.09265871049389228,0,3.6833221765437196,1.4654382438727804,77.43552838166023,-0.42303205678970585,-0.2997574269833123,,,
sample,1779737666.316786,36.72507905960083,2.2431,-0.022232186546250168,-0.09244438638180241,0,3.6575014151170047,1.466917065910153,77.4613914564054,-0.42571652062270404,-0.29906010278040923,,,
sample,1779737666.3705297,36.77882266044617,2.2431,-0.7929174008400236,-0.11099716224568679,0,3.4339351645131675,1.4893088447760339,77.68607625822749,-0.5232381161016277,-0.35953310322102183,,,
sample,1779737666.4169674,36.825260400772095,2.2431,0.0,-0.11099716224568679,0,3.4339351645131675,1.4893088447760339,77.68607625822749,-0.5232381161016277,-0.35953310322102183,,,
sample,1779737666.4680963,36.876389265060425,2.2431,-0.4305402404434873,-0.11744571811237578,0,3.2170745316599962,1.5158620921989683,77.9045564839464,-0.561361075414295,-0.3806087416776769,,,
sample,1779737666.5170097,36.92530274391174,2.2431,0.0,-0.11744571811237578,0,3.2170745316599962,1.5158620921989683,77.9045564839464,-0.561361075414295,-0.3806087416776769,,,
sample,1779737666.5695174,36.97781038284302,2.2431,-1.9819423333504942,-0.10902942280019748,0,3.028370310116458,1.5742012742289393,78.10207292221997,-0.5041827090505832,-0.353108106455632,,,
sample,1779737666.617441,37.025733947753906,2.2431,0.0,-0.10902942280019748,0,3.028370310116458,1.5742012742289393,78.10207292221997,-0.5041827090505832,-0.353108106455632,,,
sample,1779737666.6679688,37.07626175880432,2.3232,-1.0454914698236968,-0.11347746531611047,0,2.825343488192758,1.6332773531584737,78.31352001612795,-0.5367652171495048,-0.36763572774353087,,,
sample,1779737666.7172477,37.1255407333374,2.3232,-0.08984078487785957,-0.11263921287628564,0,2.8083282654918595,1.638228386867998,78.33124092294318,-0.535546763910841,-0.3648968272195742,,,
sample,1779737666.76768,37.1759729385376,2.3232,-1.7225821284100828,-0.10762003285924687,0,2.5932664639682144,1.7216507933930683,78.56191575118638,-0.5068620724166744,-0.3485079175680876,,,
sample,1779737666.817569,37.2258620262146,2.3232,0.0,-0.10762003285924687,0,2.5932664639682144,1.7216507933930683,78.56191575118638,-0.5068620724166744,-0.3485079175680876,,,
sample,1779737666.8671544,37.275447368621826,2.2431,-1.8234568806324383,-0.09509534693643872,0,2.398561880289452,1.818225721286869,78.77925555794808,-0.44068552316083875,-0.3076872279940776,,,
sample,1779737666.916669,37.32496190071106,2.2431,0.0,-0.09509534693643872,0,2.398561880289452,1.818225721286869,78.77925555794808,-0.44068552316083875,-0.3076872279940776,,,
sample,1779737666.9686706,37.37696361541748,2.2431,-1.061697082094052,-0.07922779676250068,0,2.2709186721043793,1.8952866608685957,78.92835678867739,-0.3596937280572075,-0.2561096327823184,,,
sample,1779737667.0261536,37.434446573257446,2.2431,-0.47827732069016604,-0.07139514859805327,0,2.207356560303136,1.9336604696034916,79.00260428865857,-0.3271639669341897,-0.2306990424513946,,,
sample,1779737667.0700505,37.47834348678589,2.3232,-1.8964418778877488,-0.037501941623020056,0,2.017599571625263,2.070971335816301,79.23683065082177,-0.16902521960383926,-0.12103074959502394,,,
sample,1779737667.1186461,37.526939153671265,2.3232,0.0,-0.037501941623020056,0,2.017599571625263,2.070971335816301,79.23683065082177,-0.16902521960383926,-0.12103074959502394,,,
sample,1779737667.170294,37.5785870552063,2.3232,-2.6627414981400555,0.006528657125405058,0,1.924826479131249,2.2055849470139752,79.40031664719633,0.0294420506454479,0.02106048349923421,,,
sample,1779737667.2174532,37.62574625015259,2.3232,0.0,0.006528657125405058,0,1.924826479131249,2.2055849470139752,79.40031664719633,0.0294420506454479,0.02106048349923421,,,
sample,1779737667.2718198,37.68011283874512,2.163,-1.5867738273695362,0.05601965987608481,0,1.821526406090764,2.358641533350406,79.58497098294595,0.2549599576484865,0.18089785119747495,,,
sample,1779737667.317797,37.72608995437622,2.163,0.0,0.05601965987608481,0,1.821526406090764,2.358641533350406,79.58497098294595,0.2549599576484865,0.18089785119747495,,,
sample,1779737667.3684247,37.77671766281128,2.2431,-0.8739497027682385,0.09933282374111656,0,1.7064499860091922,2.505235245459966,79.77133701764339,0.4630053372393504,0.32148653012966777,,,
sample,1779737667.417256,37.82554912567139,2.2431,-0.22177347662449265,0.10454465964818661,0,1.6782842585158815,2.5411150420732413,79.81695135760614,0.48859546781948904,0.33847486705822594,,,
sample,1779737667.4690084,37.87730145454407,2.163,0.18644717496732074,0.13795522328860532,0,1.5448738215493776,2.7077287478744445,80.03039566334515,0.671422106291955,0.4478616417415523,,,
sample,1779737667.5172594,37.92555236816406,2.163,0.0,0.13795522328860532,0,1.5448738215493776,2.7077287478744445,80.03039566334515,0.671422106291955,0.4478616417415523,,,
sample,1779737667.5721836,37.98047661781311,2.163,0.45088626922731234,0.17036883013155033,0,1.4031053695286668,2.8760617894586984,80.25047361970914,0.8854165255690665,0.4478616417415523,,,
sample,1779737667.6219282,38.03022122383118,2.163,0.0,0.17036883013155033,0,1.4031053695286668,2.8760617894586984,80.25047361970914,0.8854165255690665,0.5549565946207807,,,
sample,1779737667.675454,38.083746910095215,2.0829,0.5577181660690892,0.17916217076775875,0,1.3344970416176731,2.9477206886554894,80.34968098079106,0.917018363782366,0.5842067373756057,,,
sample,1779737667.7207255,38.12901854515076,2.0829,0.0,0.17916217076775875,0,1.3344970416176731,2.9477206886554894,80.34968098079106,0.917018363782366,0.5842067373756057,,,
sample,1779737667.7668502,38.175143241882324,2.0829,0.0,0.17916217076775875,0,1.3344970416176731,2.9477206886554894,80.34968098079106,0.917018363782366,0.5842067373756057,,,
sample,1779737667.8173282,38.22562122344971,2.0829,0.0,0.17916217076775875,0,1.3344970416176731,2.9477206886554894,80.34968098079106,0.917018363782366,0.5842067373756057,,,
sample,1779737667.8725474,38.2808403968811,2.0028,4.782978728504903,0.2061241986712361,0,0.9108267945058639,3.114638326414622,80.8050467415624,1.1296075277966997,0.6744964218867872,,,
sample,1779737667.917253,38.32554602622986,2.0028,0.0,0.2061241986712361,0,0.9108267945058639,3.114638326414622,80.8050467415624,1.1296075277966997,0.6744964218867872,,,
sample,1779737667.9696383,38.377931356430054,2.0829,2.256373509367253,0.2137568484054553,0,0.7307663853860258,3.19810849542105,81.00351341394436,1.3018686103256842,0.700235907277185,,,
sample,1779737668.0173082,38.42560124397278,2.0829,0.0,0.2137568484054553,0,0.7307663853860258,3.19810849542105,81.00351341394436,1.3018686103256842,0.700235907277185,,,
sample,1779737668.067285,38.47557806968689,2.0028,1.0138926763621519,0.21868585041764177,0,0.6424984310445749,3.2300000078836044,81.0973659596252,1.2831282743866825,0.716903102015627,,,
sample,1779737668.1228068,38.531099796295166,2.0028,1.1042228824953941,0.2168786674023702,0,0.5357006785624385,3.2685863995097377,81.21092065813636,1.2874155007794528,0.7107880001638252,,,
sample,1779737668.1692307,38.577523708343506,2.0028,2.903526122275387,0.21903007652378786,0,0.3600082616603755,3.304536353352103,81.39025337834703,1.316788260528489,0.7180684416634895,,,
sample,1779737668.222623,38.630916118621826,2.0028,0.0,0.21903007652378786,0,0.3600082616603755,3.304536353352103,81.39025337834703,1.316788260528489,0.7180684416634895,,,
sample,1779737668.2940478,38.702340841293335,2.0829,0.0,0.20362157444128215,0,0.3600082616603755,3.304536353352103,81.39025337834703,1.5571713562302791,0.6660748769668995,,,
sample,1779737668.3468025,38.75509548187256,2.0829,0.0,0.20362157444128215,0,0.3600082616603755,3.304536353352103,81.39025337834703,1.5571713562302791,0.6660748769668995,,,
sample,1779737668.4042177,38.81251072883606,1.9227,5.87798031759926,0.2207021052882196,0,-0.06752010866979763,3.295619759056056,81.81787472146617,1.5571713562302791,0.7237314578078523,,,
sample,1779737668.4471247,38.85541772842407,1.9227,0.0,0.21567612697862235,0,-0.06752010866979763,3.295619759056056,81.81787472146617,1.5508837899085632,0.7067215734788405,,,
sample,1779737668.5277078,38.93600082397461,2.0829,1.9114838773805838,0.19934315881561912,0,-0.27088293177457023,3.2333477408735836,82.03055815304856,1.5608968125385756,0.651697725059017,,,
sample,1779737668.601143,39.0094358921051,1.9227,1.8967212197974146,0.19934315881561912,0,-0.4500248796615054,3.153586484619098,82.22665429143996,1.5608968125385756,0.651697725059017,,,
sample,1779737668.655263,39.06355595588684,1.9227,2.6573315952695373,0.2001071385552214,0,-0.6267742631766722,3.042106654040442,82.43562342121476,1.5614174519375066,0.6542631579213204,,,
sample,1779737668.7021463,39.11043930053711,2.0028,0.0,0.2169109800857692,0,-0.6267742631766722,3.042106654040442,82.43562342121476,1.5614174519375066,0.7108972961547344,,,
sample,1779737668.7416885,39.14998149871826,2.0028,0.0,0.20826248405459027,0,-0.6267742631766722,3.042106654040442,82.43562342121476,1.5614174519375066,0.6816989168779539,,,
sample,1779737668.7741752,39.18246817588806,2.0028,5.19958068851217,0.20826248405459027,0,-0.8441252167524853,2.969699013645218,82.66471795062984,1.5614174519375066,0.6816989168779539,,,
sample,1779737668.8077002,39.21599316596985,2.0028,0.0,0.211003915126348,0,-0.8441252167524853,2.969699013645218,82.66471795062984,1.5575960111296974,0.69094255499371,,,
sample,1779737668.8512268,39.259519815444946,2.0028,0.0,0.21712681625452965,0,-0.8441252167524853,2.969699013645218,82.66471795062984,1.5637016494008518,0.7116273908400041,,,
sample,1779737668.870532,39.27882504463196,2.0028,5.190950341730324,0.2266678903291644,0,-0.9568983693358,2.9289556478950898,82.78462543912087,1.508147674078863,0.7439719455871582,,,
sample,1779737668.9194236,39.327716588974,2.0028,1.1332002448691725,0.22686823435909378,0,-1.0053907898614898,2.8694239478799575,82.86140784697015,1.4212293173293082,0.7446526237853249,,,
sample,1779737668.967297,39.375590085983276,2.0028,2.7967360039964717,0.22393367972527645,0,-1.1054261602332485,2.706141010549385,83.05289777607535,1.3680920544890602,0.7346885976182456,,,
sample,1779737669.0173662,39.4256591796875,2.0028,0.0,0.22393367972527645,0,-1.1054261602332485,2.706141010549385,83.05289777607535,1.3680920544890602,0.7346885976182456,,,
sample,1779737669.0689197,39.47721266746521,2.0028,2.9394304703867937,0.21844884184605476,0,-1.1860016411969823,2.5145648879296356,83.26072900301335,1.3011300229118743,0.7161008392022999,,,
sample,1779737669.1172535,39.52554655075073,2.0028,0.0,0.21844884184605476,0,-1.1860016411969823,2.5145648879296356,83.26072900301335,1.3011300229118743,0.7161008392022999,,,
sample,1779737669.169381,39.57767391204834,2.0028,2.8487207402524906,0.21530939767183002,0,-1.2327037888253165,2.3313857526347896,83.44976785140295,1.2388961286211633,0.7054818941336113,,,
sample,1779737669.223868,39.632160902023315,2.0028,0.0,0.21530939767183002,0,-1.2327037888253165,2.3313857526347896,83.44976785140295,1.2388961286211633,0.7054818941336113,,,
sample,1779737669.2677157,39.67600870132446,2.0028,2.4138963315471695,0.21004251455864387,0,-1.2475950406718774,2.1851558104644924,83.59675405949298,1.1914922584761336,0.6876996476380216,,,
sample,1779737669.3177292,39.726022243499756,2.0028,1.0057729342101371,0.20817867036514517,0,-1.2830358478045238,2.1344471471127613,83.65862020006384,1.1639476180260544,0.6814164808425058,,,
sample,1779737669.367601,39.77589392662048,2.0028,3.5348310921266615,0.1976804714425088,0,-1.366348977192148,1.9574884953395015,83.85421018438248,1.0599319643582874,0.6461171772568833,,,
sample,1779737669.4178598,39.82615280151367,2.0028,0.0,0.1976804714425088,0,-1.366348977192148,1.9574884953395015,83.85421018438248,1.0599319643582874,0.6461171772568833,,,
sample,1779737669.4679043,39.87619733810425,1.9227,2.9522815571652012,0.19249431333883205,0,-1.3386716877715745,1.7787350755341256,84.03509362044501,0.9769643549381408,0.6287343697418502,,,
sample,1779737669.5177372,39.92603015899658,1.9227,0.0,0.19249431333883205,0,-1.3386716877715745,1.7787350755341256,84.03509362044501,0.9769643549381408,0.6287343697418502,,,
sample,1779737669.570477,39.9787700176239,2.0028,2.8900097306454966,0.179382858681801,0,-1.2589761136458049,1.5809070718795044,84.24837114754341,0.908743546616282,0.5849420125447081,,,
sample,1779737669.618324,40.0266170501709,2.0028,0.0,0.179382858681801,0,-1.2589761136458049,1.5809070718795044,84.24837114754341,0.908743546616282,0.5849420125447081,,,
sample,1779737669.6678808,40.07617378234863,2.0028,2.318012566255187,0.179382858681801,0,-1.174986108480911,1.4370265035240086,84.4149722847481,0.908743546616282,0.5849420125447081,,,
sample,1779737669.7177737,40.1260666847229,2.0028,0.612259562575223,0.16833142646512772,0,-1.152651234494932,1.3987653514149938,84.4592753586446,0.8325449577901692,0.5481921696907326,,,
sample,1779737669.7784972,40.186790227890015,2.0028,2.1126423606469156,0.15753410764420217,0,-1.0485868510920127,1.2637543380173077,84.62973758211861,0.7562338894835943,0.5481921696907326,,,
sample,1779737669.8197668,40.22805976867676,2.0028,0.0,0.15753410764420217,0,-1.0485868510920127,1.2637543380173077,84.62973758211861,0.7562338894835943,0.5124204827404377,,,
sample,1779737669.8687809,40.27707386016846,2.0028,0.6711157915508904,0.15482825716854626,0,-1.014759244419622,1.2305940135122895,84.67710755250555,0.7362345421514492,0.5034755044815441,,,
sample,1779737669.9175808,40.32587385177612,2.0028,1.7326923311870073,0.14572582292861358,0,-0.9540071673608641,1.1220361089485669,84.8015086518183,0.6907157087223429,0.4734393759378603,,,
sample,1779737669.9681923,40.3764853477478,2.0028,2.2568607788555326,0.1350937986464209,0,-0.8301663044848213,0.986249083140992,84.98528752899287,0.6270286070249989,0.4384570273352501,,,
sample,1779737670.0175354,40.42582845687866,2.0028,0.0,0.1350937986464209,0,-0.8301663044848213,0.986249083140992,84.98528752899287,0.6270286070249989,0.4384570273352501,,,
sample,1779737670.067706,40.47599911689758,2.0028,2.2855637131329827,0.1197444374925008,0,-0.6736018033966833,0.8877267811062424,85.17027154721931,0.5484330685606025,0.38812924828447426,,,
sample,1779737670.1176624,40.52595543861389,2.0028,0.12242984393697966,0.11855473896827332,0,-0.6652510068811606,0.8824718242621629,85.18013817652606,0.5441966689123098,0.3842365078894006,,,
sample,1779737670.1687727,40.57706570625305,2.0028,2.6374810819911185,0.0982937371768508,0,-0.47407238477203806,0.7955174245531846,85.39016277789526,0.44144625680399385,0.31810169535839394,,,
sample,1779737670.2182045,40.62649750709534,2.0028,0.0,0.0982937371768508,0,-0.47407238477203806,0.7955174245531846,85.39016277789526,0.44144625680399385,0.31810169535839394,,,
sample,1779737670.2699294,40.67822241783142,2.0829,1.7271523913400457,0.0829537131980948,0,-0.2933361451461547,0.7320863542849518,85.58170673887936,0.37449285437590846,0.2682081141232935,,,
sample,1779737670.318405,40.72669792175293,2.0829,0.0,0.0829537131980948,0,-0.2933361451461547,0.7320863542849518,85.58170673887936,0.37449285437590846,0.2682081141232935,,,
sample,1779737670.370744,40.77903699874878,2.0829,0.9186905430850121,0.07593902097751783,0,-0.15567031936871722,0.6947356440816418,85.72434949242708,0.3395652003553673,0.2454365544590135,,,
sample,1779737670.4172535,40.82554650306702,2.0829,0.0,0.07593902097751783,0,-0.15567031936871722,0.6947356440816418,85.72434949242708,0.3395652003553673,0.2454365544590135,,,
sample,1779737670.4721177,40.88041067123413,2.0829,0.0,0.07593902097751783,0,-0.15567031936871722,0.6947356440816418,85.72434949242708,0.3395652003553673,0.2454365544590135,,,
sample,1779737670.5187447,40.927037715911865,2.0829,1.911777850870323,0.07037800039937168,0,0.11046827386853075,0.5176223686087078,86.04403506163385,0.3139085635265012,0.22740137621477655,,,
sample,1779737670.5686202,40.97691321372986,2.0829,1.3832709026129328,0.058287812309986926,0,0.31597630582343705,0.4798129162021479,86.25299224837138,0.2585566023475526,0.18823842737786495,,,
sample,1779737670.6178968,41.02618980407715,2.0829,0.0,0.058287812309986926,0,0.31597630582343705,0.4798129162021479,86.25299224837138,0.2585566023475526,0.18823842737786495,,,
sample,1779737670.6672916,41.07558465003967,2.0829,0.434216108574029,0.05422874190745978,0,0.4144818794244176,0.4716659202795553,86.35183415028055,0.23992433580109007,0.1751031043629337,,,
sample,1779737670.7187872,41.12708020210266,2.0829,0.5310700086032267,0.04882725438011862,0,0.5400833523257711,0.46127793257295097,86.47786446521938,0.21747855964309287,0.15763256274706447,,,
sample,1779737670.768622,41.17691493034363,2.163,0.8728009763870865,0.03852958396464074,0,0.7014969855245714,0.45631910056792097,86.63935425126571,0.17388405625037406,0.12435052059994474,,,
sample,1779737670.819342,41.2276349067688,2.163,0.16385497488943687,0.03682829712125573,0,0.7323382069980715,0.4553716190381009,86.67021002322538,0.16499621090262645,0.11885469845407222,,,
sample,1779737670.8684242,41.27671718597412,2.0829,0.7717239823762172,0.029215167743555304,0,0.9467472936931702,0.45690817807784795,86.88462461571179,0.12967918532097775,0.0942692985516316,,,
sample,1779737670.9174936,41.32578659057617,2.0829,0.0,0.029215167743555304,0,0.9467472936931702,0.45690817807784795,86.88462461571179,0.12967918532097775,0.0942692985516316,,,
sample,1779737670.9674022,41.37569522857666,2.163,0.44961830585829454,0.03111717539846039,0,1.1107564378932888,0.3589524306063204,87.07565950216963,0.13987938533973152,0.10041039566114697,,,
sample,1779737671.0175302,41.42582321166992,2.163,0.0,0.03111717539846039,0,1.1107564378932888,0.3589524306063204,87.07565950216963,0.13987938533973152,0.10041039566114697,,,
sample,1779737671.0684502,41.47674322128296,2.163,0.640901810830466,0.022663566676073426,0,1.3322073436495774,0.3727535657142141,87.29754004433264,0.1007795330843783,0.07312079921779784,,,
sample,1779737671.1174743,41.52576732635498,2.163,0.0,0.022663566676073426,0,1.3322073436495774,0.3727535657142141,87.29754004433264,0.1007795330843783,0.07312079921779784,,,
sample,1779737671.170503,41.57879590988159,2.163,0.4741469262566637,0.015936953380908236,0,1.5250222257647597,0.39029560411741515,87.49115125753174,0.07194111864767033,0.05141387991907378,,,
sample,1779737671.216777,41.625070095062256,2.163,0.0722782209110089,0.014839159211930459,0,1.5506708349052114,0.3926290800482914,87.51690579617564,0.06641537705825191,0.047871769372122286,,,
sample,1779737671.2683885,41.67668151855469,2.2431,0.4642884262272108,0.007679857059091253,0,1.768273680605752,0.4176962783584748,87.73594771656553,0.03461214036789646,0.02477421951344059,,,
sample,1779737671.3176205,41.725913524627686,2.2431,0.0,0.007679857059091253,0,1.768273680605752,0.4176962783584748,87.73594771656553,0.03461214036789646,0.02477421951344059,,,
sample,1779737671.370952,41.779244899749756,2.163,0.3046203765138203,0.0014945505154681906,0,1.9816352919977842,0.4457940279401232,87.95115148220954,0.0066578268545903685,0.0048211342846849565,,,
sample,1779737671.4194279,41.82772088050842,2.163,0.0,0.0014945505154681906,0,1.9816352919977842,0.4457940279401232,87.95115148220954,0.0066578268545903685,0.0048211342846849565,,,
sample,1779737671.4712503,41.87954330444336,2.163,-0.34078334570693797,0.008500393262061666,0,2.035531589291372,0.4075204017313128,88.01725504735644,0.037854641714702084,0.02742128388621649,,,
sample,1779737671.5214965,41.929789543151855,2.163,0.11551963571551098,0.006727801411088465,0,2.119150761317596,0.4175252335970065,88.1014706194973,0.030328900212174933,0.021702912646615228,,,
sample,1779737671.5716922,41.97998523712158,2.2431,0.26157290575792375,0.006727801411088465,0,2.3326499933841913,0.44647264517998025,88.31692333990338,0.030328900212174933,0.021702912646615228,,,
sample,1779737671.621959,42.03025197982788,2.2431,0.05077760633969904,0.001165937263168606,0,2.3741540040137536,0.45209998943976343,88.3588071064694,0.005195935385651688,0.0037610896499925897,,,
sample,1779737671.6679854,42.07627844810486,2.163,0.09847961490207235,-0.0026049383118178985,0,2.5651542741706264,0.4788790713071955,88.5516755134874,-0.011760279085137833,-0.008403045819183845,,,
sample,1779737671.7173455,42.125638484954834,2.163,0.0,-0.0026049383118178985,0,2.5651542741706264,0.4788790713071955,88.5516755134874,-0.011760279085137833,-0.008403045819183845,,,
sample,1779737671.768022,42.17631506919861,2.163,0.12509314502733776,-0.006877995504567716,0,2.7838660952123226,0.5109584444459969,88.77272742332839,-0.030757598291240147,-0.02218743214620476,,,
sample,1779737671.816574,42.22486710548401,2.163,0.0,-0.006877995504567716,0,2.7838660952123226,0.5109584444459969,88.77272742332839,-0.030757598291240147,-0.02218743214620476,,,
sample,1779737671.8676443,42.27593731880188,2.2431,0.18013128389165878,-0.01080472627102178,0,2.944921031286496,0.5366273016573102,88.93581507664523,-0.04856730643789228,-0.034855312084419963,,,
sample,1779737671.9174247,42.32571768760681,2.2431,0.06458656060851933,-0.012141573107876315,0,3.0012092481703867,0.5455984902286841,88.9928137221059,-0.054722627532992334,-0.03916828958402764,,,
sample,1779737671.9785957,42.3868887424469,2.163,0.07083829678159886,-0.0162974335026651,0,3.2165232257157674,0.5808725043832066,89.21099796764389,-0.07267833582662493,-0.05257702115008713,,,
sample,1779737672.0213327,42.42962574958801,2.163,0.0,-0.0162974335026651,0,3.2165232257157674,0.5808725043832066,89.21099796764389,-0.07267833582662493,-0.05257702115008713,,,
sample,1779737672.0681639,42.47645688056946,2.2431,0.30624407489259814,-0.020617687426426327,0,3.360883251067951,0.5941606671937013,89.35596828250374,-0.0918534247718056,-0.06651809475552233,,,
sample,1779737672.116636,42.52492904663086,2.2431,0.0,-0.020617687426426327,0,3.360883251067951,0.5941606671937013,89.35596828250374,-0.0918534247718056,-0.06651809475552233,,,
sample,1779737672.1669495,42.57524251937866,2.2431,-0.26490470080088085,-0.020617687426426327,0,3.556398230722025,0.6213820900334738,89.55336917695601,-0.0918534247718056,-0.06651809475552233,,,
sample,1779737672.2177577,42.6260507106781,2.2431,0.0,-0.019814302363711397,0,3.556398230722025,0.6213820900334738,89.55336917695601,-0.08819244675234449,-0.06392547047144953,,,
sample,1779737672.2673454,42.67563843727112,2.2431,-0.17744089883272451,-0.01962630668402385,0,3.710297867044999,0.6448295333501538,89.70904473913079,-0.08752469911388258,-0.06331879689429544,,,
sample,1779737672.3183377,42.72663068771362,2.2431,-0.06678099669343693,-0.01946006577434145,0,3.7698595200913774,0.6539040738560316,89.76929370425891,-0.08709294407411187,-0.06278233102447078,,,
sample,1779737672.3685734,42.77686643600464,2.2431,-0.20545287145097987,-0.019379209758497964,0,3.974345646012556,0.6829024497951244,89.97582573930761,-0.08692068358691897,-0.06252140677877817,,,
sample,1779737672.4192147,42.827507734298706,2.2431,0.0,-0.019379209758497964,0,3.974345646012556,0.6829024497951244,89.97582573930761,-0.08692068358691897,-0.06252140677877817,,,
sample,1779737672.469311,42.87760400772095,2.2431,-0.4332549205560872,-0.01642882030956794,0,4.195814350957874,0.7094198971487764,90.1988763216523,-0.07425824191287103,-0.053000963061192306,,,
sample,1779737672.5189798,42.92727279663086,2.2431,0.0,-0.01642882030956794,0,4.195814350957874,0.7094198971487764,90.1988763216523,-0.07425824191287103,-0.053000963061192306,,,
sample,1779737672.569189,42.977482080459595,2.163,-0.3748762261259105,-0.01158891364838936,0,4.379369763054946,0.6991059514771347,90.38272127476618,-0.05204081527393841,-0.03738526607927203,,,
sample,1779737672.6182628,43.02655577659607,2.163,0.0,-0.01158891364838936,0,4.379369763054946,0.6991059514771347,90.38272127476618,-0.05204081527393841,-0.03738526607927203,,,
sample,1779737672.667866,43.07615900039673,2.2431,-0.25772506611772117,-0.010098852715430835,0,4.556191225100083,0.7142718620196156,90.5601919322912,-0.04498521270140663,-0.03257805176155608,,,
sample,1779737672.7171977,43.12549066543579,2.2431,-0.04055627153132723,-0.009650019861465667,0,4.583863968152223,0.7166453428218873,90.5879662751124,-0.04340892690963131,-0.031130062640371412,,,
sample,1779737672.7680676,43.17636060714722,2.163,-0.37650333438896033,-0.006443073405432088,0,4.793001960606489,0.7305541313867571,90.79756626148439,-0.029077652352651705,-0.020784395369139657,,,
sample,1779737672.817011,43.2253041267395,2.163,0.0,-0.006443073405432088,0,4.793001960606489,0.7305541313867571,90.79756626148439,-0.029077652352651705,-0.020784395369139657,,,
sample,1779737672.8683183,43.276611328125,2.2431,-0.5683108338908963,-0.0007183557111842847,0,5.022071117557312,0.7390906971531115,91.02679442646689,-0.003217782086107989,-0.002317276886289859,,,
sample,1779737672.9165125,43.32480549812317,2.2431,0.0,-0.0007183557111842847,0,5.022071117557312,0.7390906971531115,91.02679442646689,-0.003217782086107989,-0.002317276886289859,,,
sample,1779737672.9678261,43.3761191368103,2.2431,-0.14406698030687867,0.0006344484685460707,0,5.1526025065824985,0.7422736383868729,91.15736461692299,0.0028225802542903595,0.002046608237655413,,,
sample,1779737673.0197306,43.42802357673645,2.2431,-0.10551755378760029,0.0016727091889316775,0,5.249307058704759,0.744631729484662,91.25409791519608,0.007433319255097421,0.005395841125771005,,,
sample,1779737673.0673213,43.47561430931091,2.2431,-0.08869490083878855,0.0007039670148363501,0,5.37630543001778,0.7694415791264996,91.38349696834335,0.0031590398243452828,0.0022708617133050993,,,
sample,1779737673.1172516,43.5255446434021,2.2431,0.0,0.0007039670148363501,0,5.37630543001778,0.7694415791264996,91.38349696834335,0.0031590398243452828,0.0022708617133050993,,,
sample,1779737673.1680217,43.57631468772888,2.163,-0.3213423715189265,0.0042494275454508425,0,5.611229626951614,0.77051941783388,91.61842363784106,0.0189691646043619,0.013707913302705472,,,
sample,1779737673.2180853,43.626378297805786,2.163,0.0,0.0042494275454508425,0,5.611229626951614,0.77051941783388,91.61842363784106,0.0189691646043619,0.013707913302705472,,,
sample,1779737673.2671826,43.67547559738159,2.2431,0.18091590719550157,0.0020584213298321364,0,5.826171717884791,0.7732550300309228,91.83338313641886,0.009237102468178528,0.006640078184134254,,,
sample,1779737673.3169725,43.72526550292969,2.2431,0.0,0.0020584213298321364,0,5.826171717884791,0.7732550300309228,91.83338313641886,0.009237102468178528,0.006640078184134254,,,
sample,1779737673.367603,43.775896072387695,2.163,0.08459455524233951,0.0008166818662737982,0,5.995257431681686,0.7763626311045707,92.00249740487259,0.0036251109196745006,0.002634458218842203,,,
sample,1779737673.4170034,43.82529640197754,2.163,0.02767577959350949,0.00043601591460310743,0,6.049231033581972,0.7773546038706167,92.05648012166286,0.001938113252885176,0.0014065030394626464,,,
sample,1779737673.4679644,43.87625741958618,2.2431,-0.09175360629809151,0.001271238062118989,0,6.267685348213856,0.7803478172418491,92.27495494151076,0.005687756960552162,0.004100770151330914,,,
sample,1779737673.5173326,43.92562556266785,2.2431,0.0,0.001271238062118989,0,6.267685348213856,0.7803478172418491,92.27495494151076,0.005687756960552162,0.004100770151330914,,,
sample,1779737673.5810602,43.98935317993164,2.163,0.0638608688789992,8.059323614225617e-05,0,6.488730076371194,0.7842763338779045,92.49603457668576,0.00036330127448690126,0.00025997818166692836,,,
sample,1779737673.621903,44.03019595146179,2.163,0.0,8.059323614225617e-05,0,6.488730076371194,0.7842763338779045,92.49603457668576,0.00036330127448690126,0.00025997818166692836,,,
sample,1779737673.6837978,44.09209084510803,2.163,0.0027227332874478405,-0.00010023868798962226,0,6.58290474676048,0.7859860291346538,92.5902247651387,-0.0004509284203620577,-0.00032335060750112327,,,
sample,1779737673.7275243,44.13581728935242,2.163,0.0,-0.00010023868798962226,0,6.58290474676048,0.7859860291346538,92.5902247651387,-0.0004509284203620577,-0.00032335060750112327,,,
sample,1779737673.7683926,44.17668557167053,2.2431,0.0,-0.00010023868798962226,0,6.58290474676048,0.7859860291346538,92.5902247651387,-0.0004509284203620577,-0.00032335060750112327,,,
sample,1779737673.8171978,44.22549080848694,2.2431,0.0,-0.00010023868798962226,0,6.58290474676048,0.7859860291346538,92.5902247651387,-0.0004509284203620577,-0.00032335060750112327,,,
sample,1779737673.8704457,44.27873873710632,2.2431,-0.0044842088962897516,-0.0008371284065704775,0,7.115807532562281,0.7956742110151366,93.12321560932223,-0.0037433081823023667,-0.002700414845545984,,,
sample,1779737673.9173672,44.32566022872925,2.2431,0.0,-0.0008371284065704775,0,7.115807532562281,0.7956742110151366,93.12321560932223,-0.0037433081823023667,-0.002700414845545984,,,
sample,1779737673.9678268,44.37611985206604,2.163,-0.11109447477726708,0.00023199947138415012,0,7.337394982179531,0.7982686863235546,93.34481824723524,0.001045400319902639,0.0007483854049887457,,,
sample,1779737674.0175014,44.42579436302185,2.163,0.0,0.00023199947138415012,0,7.337394982179531,0.7982686863235546,93.34481824723524,0.001045400319902639,0.0007483854049887457,,,
sample,1779737674.069761,44.47805404663086,2.2431,-0.20093988585773523,0.0025308694555808506,0,7.567946426994726,0.7986360781502213,93.57536998477615,0.011326012544622838,0.008164112449207226,,,
sample,1779737674.1271286,44.53542160987854,2.2431,0.0,0.0025308694555808506,0,7.567946426994726,0.7986360781502213,93.57536998477615,0.011326012544622838,0.008164112449207226,,,
sample,1779737674.168109,44.57640194892883,2.2431,-0.2878985343778569,0.0053532342415047295,0,7.753379055507764,0.7964278511057625,93.76081576117436,0.02383532879371604,0.017268662510249316,,,
sample,1779737674.2171247,44.625417709350586,2.2431,0.0002649081187769012,0.005199564262326,0,7.779953921577057,0.7980634647883648,93.78744091354424,0.023369831359459567,0.01677293909801518,,,
sample,1779737674.2680128,44.67630577087402,2.163,0.39634678341814766,-0.0008068096505527199,0,7.999479476618448,0.8169678838984737,94.0077789410795,-0.0035872967825135516,-0.0026026123406929385,,,
sample,1779737674.3181252,44.726418256759644,2.163,0.0,-0.0008068096505527199,0,7.999479476618448,0.8169678838984737,94.0077789410795,-0.0035872967825135516,-0.0026026123406929385,,,
sample,1779737674.3686824,44.77697539329529,2.2431,0.21438211529965645,-0.0038863507600574027,0,8.222928957757892,0.8255759891979166,94.23139416886671,-0.017424627862839166,-0.012536678471923877,,,
sample,1779737674.4171169,44.82540988922119,2.2431,0.0,-0.0038863507600574027,0,8.222928957757892,0.8255759891979166,94.23139416886671,-0.017424627862839166,-0.012536678471923877,,,
sample,1779737674.4690948,44.8773877620697,2.2431,0.0,-0.0038863507600574027,0,8.222928957757892,0.8255759891979166,94.23139416886671,-0.017424627862839166,-0.012536678471923877,,,
sample,1779737674.5180209,44.92631387710571,2.163,0.3066613225041701,-0.008081340690558244,0,8.514649754397889,0.8360298853669452,94.52330221455472,-0.03613385181864533,-0.02606940845398331,,,
sample,1779737674.568922,44.977215051651,2.2431,-0.024482072217611665,-0.008073420323039794,0,8.640422135197596,0.8403460694397182,94.64914863372101,-0.036430415820633,-0.02604385721431226,,,
sample,1779737674.6175365,45.025829553604126,2.2431,-0.005550273015219435,-0.008149258039280223,0,8.667654759251677,0.8412806229359207,94.67639728879072,-0.03647635768120932,-0.026288511105115344,,,
sample,1779737674.6717222,45.08001518249512,2.163,-0.035361061203555824,-0.008233514876401974,0,8.884681170452172,0.848312111451698,94.89353757751972,-0.03707686785965664,-0.026560325592077275,,,
sample,1779737674.7186518,45.12694478034973,2.163,0.0,-0.008233514876401974,0,8.884681170452172,0.848312111451698,94.89353757751972,-0.03707686785965664,-0.026560325592077275,,,
sample,1779737674.767992,45.17628502845764,2.2431,-0.07949283969196648,-0.008371333934427072,0,9.102377482321426,0.8601500928067798,95.11155551715781,-0.037267937891171436,-0.02700493384556804,,,
sample,1779737674.8171582,45.22545123100281,2.2431,0.0,-0.008371333934427072,0,9.102377482321426,0.8601500928067798,95.11155551715781,-0.037267937891171436,-0.02700493384556804,,,
sample,1779737674.8671682,45.275461196899414,2.2431,0.04851584962530745,-0.009536612292389494,0,9.226364412249294,0.8687430832363137,95.23583986161624,-0.042819173316582394,-0.030764198101884164,,,
sample,1779737674.9184453,45.326738357543945,2.2431,-0.0015271212401116684,-0.009762802026536054,0,9.308442514315042,0.8712730118085639,95.3179569449625,-0.04355773709542434,-0.031493910355090575,,,
sample,1779737674.968456,45.37674903869629,2.163,-0.06278126496591338,-0.009496725597129135,0,9.52176725883802,0.8771730253702346,95.53136326348617,-0.04256875505397683,-0.030635519689298316,,,
sample,1779737675.0170202,45.425313234329224,2.163,0.0,-0.009496725597129135,0,9.52176725883802,0.8771730253702346,95.53136326348617,-0.04256875505397683,-0.030635519689298316,,,
sample,1779737675.069447,45.47774004936218,2.2431,-0.16058874794294684,-0.008001076862847801,0,9.748481463294087,0.8815523450524765,95.75811976051112,-0.03556666785694156,-0.025810476138113193,,,
sample,1779737675.1174283,45.525721311569214,2.2431,0.0,-0.008001076862847801,0,9.748481463294087,0.8815523450524765,95.75811976051112,-0.03556666785694156,-0.025810476138113193,,,
sample,1779737675.170167,45.57845997810364,2.2431,-0.13185907968496763,-0.006631755076777551,0,9.97197924922047,0.8843016653378626,95.98163445594751,-0.02972258085629432,-0.02139307193679057,,,
sample,1779737675.2169042,45.62519717216492,2.2431,0.0,-0.006631755076777551,0,9.97197924922047,0.8843016653378626,95.98163445594751,-0.02972258085629432,-0.02139307193679057,,,
sample,1779737675.2679577,45.67625069618225,2.163,-0.5244066012498997,0.000543133238032,0,10.110099018585556,0.8692801430374069,96.12056867355314,0.0024238409602369204,0.0017520428756095817,,,
sample,1779737675.317035,45.72532796859741,2.163,-0.049808469148972224,0.0011577702379231797,0,10.156400232650384,0.8684968111378653,96.16687651341576,0.005160083123938353,0.0037347443717016763,,,
sample,1779737675.3687937,45.77708673477173,2.2431,-0.11213184159907827,0.0028192498225476713,0,10.381033325443749,0.8633921871494501,96.39156759816096,0.012675758989020913,0.009094378360849337,,,
sample,1779737675.4169493,45.82524228096008,2.2431,0.0,0.0028192498225476713,0,10.381033325443749,0.8633921871494501,96.39156759816096,0.012675758989020913,0.009094378360849337,,,
sample,1779737675.4679725,45.87626552581787,2.2431,-0.13524478793025696,0.00493938039204773,0,10.60670526697866,0.8567056047041837,96.61733857853916,0.02201950029363494,0.015933614715856928,,,
sample,1779737675.5174372,45.92573022842407,2.2431,0.0,0.00493938039204773,0,10.60670526697866,0.8567056047041837,96.61733857853916,0.02201950029363494,0.015933614715856928,,,
sample,1779737675.5677824,45.976075410842896,2.163,0.24568251068746738,0.0024378056634861206,0,10.818371496568126,0.8530535636806562,96.82903631152716,0.010911852644771748,0.007863904815182185,,,
sample,1779737675.617717,46.026010036468506,2.163,0.0,0.0024378056634861206,0,10.818371496568126,0.8530535636806562,96.82903631152716,0.010911852644771748,0.007863904815182185,,,
sample,1779737675.667328,46.075620889663696,2.163,0.0008173901915546469,-0.0012526437796966884,0,11.003326011128424,0.8498712886297701,97.01401820072374,-0.005575825238651047,-0.004040788499607792,,,
sample,1779737675.7197957,46.12808871269226,2.163,0.00014275371340917155,-0.001254326430228165,0,11.037487695652839,0.8492835123507392,97.04818494143016,-0.0056512829749864645,-0.004046216413076508,,,
sample,1779737675.7676282,46.17592120170593,2.2431,-0.023036007182551242,-0.004601255759624134,0,11.25608624729437,0.8452814244553422,97.26682012498327,-0.0204925980234852,-0.014842865263908359,,,
sample,1779737675.8171315,46.22542452812195,2.2431,0.0,-0.004601255759624134,0,11.25608624729437,0.8452814244553422,97.26682012498327,-0.0204925980234852,-0.014842865263908359,,,
sample,1779737675.8681612,46.27645421028137,2.163,0.26072823615841245,-0.00021522954358463002,0,11.458379680473435,0.8520417591222333,97.46922648662287,-0.0009599742197001522,-0.0006942888609936896,,,
sample,1779737675.9171426,46.325435638427734,2.163,0.0,-0.00021522954358463002,0,11.458379680473435,0.8520417591222333,97.46922648662287,-0.0009599742197001522,-0.0006942888609936896,,,
sample,1779737675.9682884,46.37658143043518,2.163,-0.10528840046313889,0.01697022509258624,0,11.680636062715601,0.8497333060588905,97.69149485684888,0.07620728357773313,0.05474791728081028,,,
sample,1779737676.01689,46.425183057785034,2.163,0.0,0.01697022509258624,0,11.680636062715601,0.8497333060588905,97.69149485684888,0.07620728357773313,0.05474791728081028,,,
sample,1779737676.069937,46.478229999542236,2.2431,-0.18623956297310995,0.03530997389799624,0,11.875587913698507,0.8454767685727433,97.88649317046475,0.157679505201043,0.11395050315421285,,,
sample,1779737676.1180236,46.52631664276123,2.2431,-0.03254151154988034,0.03565714490235398,0,11.90646648878592,0.8448025722944537,97.91737910480468,0.16098467998847396,0.11507182087079612,,,
sample,1779737676.169114,46.577407121658325,2.163,-0.04175008499745229,0.052283813457229975,0,12.115449318363428,0.8397936844089879,98.12642195212568,0.2350804393342271,0.16881131151147202,,,
sample,1779737676.2183137,46.626606702804565,2.163,0.0,0.052283813457229975,0,12.115449318363428,0.8397936844089879,98.12642195212568,0.2350804393342271,0.16881131151147202,,,
sample,1779737676.2682247,46.676517724990845,2.163,0.227822966075924,0.0617756657972431,0,12.345150169098872,0.8369010293497581,98.35614101594469,0.2830994824107322,0.19953022381400098,,,
sample,1779737676.3181257,46.7264187335968,2.163,0.0,0.0617756657972431,0,12.345150169098872,0.8369010293497581,98.35614101594469,0.2830994824107322,0.19953022381400098,,,
sample,1779737676.3688726,46.77716565132141,2.2431,0.7930416878471116,0.08423129379521416,0,12.533480937874739,0.8462837487322258,98.54470536541382,0.39093372384023556,0.2723582750501945,,,
sample,1779737676.417193,46.825485944747925,2.2431,0.0,0.08423129379521416,0,12.533480937874739,0.8462837487322258,98.54470536541382,0.39093372384023556,0.2723582750501945,,,
sample,1779737676.4695237,46.877816677093506,2.0829,0.4732206779777859,0.10148747662825768,0,12.736938189230482,0.857735741220048,98.74848466088119,0.4674423206619516,0.3285075760836128,,,
sample,1779737676.5175674,46.92586040496826,2.0829,0.07933834233524212,0.10475163684210254,0,12.768254635099414,0.8594984491129666,98.77985067626372,0.48436050695249167,0.33914990093661795,,,
sample,1779737676.568239,46.976531982421875,2.163,0.7508096567415617,0.11726688031697084,0,12.962118621867969,0.8778287973287401,98.97457932600872,0.5588639578109386,0.3800238267349769,,,
sample,1779737676.6170368,47.02532982826233,2.163,0.0,0.11726688031697084,0,12.962118621867969,0.8778287973287401,98.97457932600872,0.5588639578109386,0.3800238267349769,,,
sample,1779737676.6690085,47.07730150222778,2.163,1.0211048278282435,0.13037285456856595,0,13.177296429605835,0.9097647221209754,99.19211413295973,0.627849589512458,0.4229566580627584,,,
sample,1779737676.7173092,47.12560224533081,2.163,0.0,0.13037285456856595,0,13.177296429605835,0.9097647221209754,99.19211413295973,0.627849589512458,0.4229566580627584,,,
sample,1779737676.7683778,47.17667078971863,2.163,0.8858624966428275,0.1333847745101673,0,13.313052507075295,0.9397715006094253,99.33114693241781,0.6468439467868488,0.4328434940857651,,,
sample,1779737676.8191721,47.22746515274048,2.163,0.4913194540158342,0.13657250737687976,0,13.387941668009972,0.9563245898356393,99.40784368064374,0.6612914006504531,0.44331616052197,,,
sample,1779737676.8699064,47.278199434280396,2.0829,1.6813521388140547,0.13524327445473608,0,13.580982906977173,1.0166402659138774,99.61008833625364,0.6355329498328649,0.4389481254760063,,,
sample,1779737676.9164994,47.32479238510132,2.0829,0.0,0.13524327445473608,0,13.580982906977173,1.0166402659138774,99.61008833625364,0.6355329498328649,0.4389481254760063,,,
sample,1779737676.9671662,47.37545919418335,2.0829,2.0610191768004125,0.12786853905494833,0,13.778455770583198,1.085253895665916,99.8191418271322,0.6060708874650329,0.414742020201815,,,
sample,1779737677.0174692,47.42576217651367,2.0829,0.0,0.12786853905494833,0,13.778455770583198,1.085253895665916,99.8191418271322,0.6060708874650329,0.414742020201815,,,
sample,1779737677.0678494,47.47614240646362,2.0829,1.9928230504839106,0.1229516468506321,0,13.95423342311161,1.183038081605746,100.0202873718214,0.5791009101438868,0.3986289485048599,,,
sample,1779737677.117171,47.52546405792236,2.0829,0.0,0.1229516468506321,0,13.95423342311161,1.183038081605746,100.0202873718214,0.5791009101438868,0.3986289485048599,,,
sample,1779737677.167286,47.575578927993774,2.0829,1.298431463731324,0.12032489019223855,0,14.08002995013541,1.2698596818423349,100.17313617449545,0.5648389642221938,0.39002891622301,,,
sample,1779737677.2182126,47.626505613327026,2.0829,0.6159348064482366,0.12098010586849002,0,14.140670505308613,1.3117122684274642,100.2468173521162,0.561852306266472,0.39217358404501024,,,
sample,1779737677.267436,47.67572903633118,2.0829,1.8784060159580962,0.1121296645843678,0,14.29213497656363,1.438401687397051,100.4442805004032,0.5230784527048129,0.36323218653458933,,,
sample,1779737677.317022,47.72531509399414,2.0829,0.0,0.1121296645843678,0,14.29213497656363,1.438401687397051,100.4442805004032,0.5230784527048129,0.36323218653458933,,,
sample,1779737677.3693662,47.77765917778015,2.0829,1.7265696609690167,0.10563342915195183,0,14.436430274484135,1.5831422586783503,100.64865996604689,0.48846562076846944,0.3420261017413331,,,
sample,1779737677.417004,47.825297117233276,2.0829,0.0,0.10563342915195183,0,14.436430274484135,1.5831422586783503,100.64865996604689,0.48846562076846944,0.3420261017413331,,,
sample,1779737677.4679575,47.87625050544739,2.0829,1.3083288753991469,0.10829600028117553,0,14.63386135578622,1.6567620205186722,100.85937043374496,0.4973896611588078,0.35071407055311893,,,
sample,1779737677.5168488,47.92514181137085,2.0829,0.0,0.10829600028117553,0,14.63386135578622,1.6567620205186722,100.85937043374496,0.4973896611588078,0.35071407055311893,,,
sample,1779737677.5689676,47.97726058959961,2.0829,1.2505445405108944,0.10224031805173062,0,14.730470063608621,1.7887413049533252,101.02293012910722,0.46737299338641225,0.33096147121514097,,,
sample,1779737677.6168747,48.02516770362854,2.0829,0.42032122204456374,0.10055073037318704,0,14.76031730581007,1.8295162801795368,101.07346186637926,0.4583295622637437,0.3254547660744413,,,
sample,1779737677.669101,48.077394008636475,2.163,1.7266152693425822,0.08957733486302989,0,14.871624038328651,2.0144877527868843,101.28934061564026,0.41064973861038695,0.2897345123857864,,,
sample,1779737677.7175055,48.12579846382141,2.163,0.0,0.08957733486302989,0,14.871624038328651,2.0144877527868843,101.28934061564026,0.41064973861038695,0.2897345123857864,,,
sample,1779737677.7699265,48.17821955680847,2.0829,1.616857581753383,0.0794674444450887,0,14.963735471368778,2.2018379255940563,101.49810987426706,0.35679841080044955,0.2568875775310944,,,
sample,1779737677.817366,48.225658893585205,2.0829,0.0,0.0794674444450887,0,14.963735471368778,2.2018379255940563,101.49810987426706,0.35679841080044955,0.2568875775310944,,,
sample,1779737677.8673394,48.27563238143921,2.0829,1.6773878926382852,0.06730848204482512,0,15.04119606378703,2.3997135963384375,101.71060675530376,0.3006503122267507,0.21745261960396184,,,
sample,1779737677.918002,48.326294898986816,2.0829,0.0,0.06730848204482512,0,15.04119606378703,2.3997135963384375,101.71060675530376,0.3006503122267507,0.21745261960396184,,,
sample,1779737677.9665842,48.37487721443176,2.0829,0.0,0.06730848204482512,0,15.04119606378703,2.3997135963384375,101.71060675530376,0.3006503122267507,0.21745261960396184,,,
sample,1779737678.0186832,48.42697620391846,2.0829,0.4314798081273595,0.07380240659603261,0,15.192567950214375,2.5053070676331526,101.89516956082167,0.3323530066985025,0.23850546681089435,,,
sample,1779737678.069574,48.477867126464844,2.163,1.5395639136308221,0.061876557131285065,0,15.26698335491902,2.7564866092250484,102.15714057939371,0.28062436269013075,0.19985692695248522,,,
sample,1779737678.1178086,48.52610158920288,2.163,0.0,0.061876557131285065,0,15.26698335491902,2.7564866092250484,102.15714057939371,0.28062436269013075,0.19985692695248522,,,
sample,1779737678.1671855,48.57547855377197,2.163,1.2861559085942647,0.05142203703850617,0,15.31111771752752,2.9647901673117456,102.37006830016871,0.2327865293984818,0.1660238995345698,,,
sample,1779737678.217012,48.62530493736267,2.163,0.0,0.05142203703850617,0,15.31111771752752,2.9647901673117456,102.37006830016871,0.2327865293984818,0.1660238995345698,,,
sample,1779737678.267341,48.675633907318115,2.0829,0.7536067746407408,0.04561956560589599,0,15.329883765580584,3.0921757982316507,102.49882878915656,0.20180739998330824,0.14726206111702247,,,
sample,1779737678.316944,48.725236892700195,2.0829,0.4958266350337633,0.0407215863636831,0,15.34205256285922,3.174778694403123,102.5823232086295,0.1819816592623515,0.131432613316203,,,
sample,1779737678.3707583,48.779051303863525,2.163,0.8725483849690684,0.03134433150225957,0,15.362309726484048,3.3793879501450688,102.78793279063724,0.14165764385884388,0.10114387246080662,,,
sample,1779737678.418406,48.826699018478394,2.163,0.013149937986206348,0.031206704746027675,0,15.362580032868836,3.382118203463751,102.7906763920525,0.14116853937170615,0.10069948063821679,,,
sample,1779737678.470751,48.87904405593872,2.163,0.9591778623129145,0.021108206976419196,0,15.37314611048484,3.5999199726012203,103.0087343032495,0.09419796577719163,0.06810110484136853,,,
sample,1779737678.5185435,48.9268364906311,2.163,0.0,0.021108206976419196,0,15.37314611048484,3.5999199726012203,103.0087343032495,0.09419796577719163,0.06810110484136853,,,
sample,1779737678.5677886,48.97608160972595,2.163,0.11056177326907583,0.02847292968941697,0,15.482375426738002,3.712802490563232,103.16581232969043,0.1274943320077282,0.0918729890110351,,,
sample,1779737678.6181316,49.02642464637756,2.163,0.0,0.02847292968941697,0,15.482375426738002,3.712802490563232,103.16581232969043,0.1274943320077282,0.0918729890110351,,,
sample,1779737678.6671708,49.07546377182007,2.163,0.0,0.02847292968941697,0,15.482375426738002,3.712802490563232,103.16581232969043,0.1274943320077282,0.0918729890110351,,,
sample,1779737678.718438,49.12673091888428,2.163,0.1027527416438557,0.02819804322134118,0,15.493964469921167,4.019554477602174,103.47278315480942,0.12651323467292477,0.09098554612622556,,,
sample,1779737678.7680755,49.17636847496033,2.163,0.5772304031045683,0.021945569242132024,0,15.49516529215722,4.151370525338384,103.60460467207741,0.09771483095941857,0.07080352572557772,,,
sample,1779737678.8173554,49.225648403167725,2.163,0.0,0.021945569242132024,0,15.49516529215722,4.151370525338384,103.60460467207741,0.09771483095941857,0.07080352572557772,,,
sample,1779737678.8676245,49.275917530059814,2.163,0.3214627254891686,0.01821458016200303,0,15.493629366384866,4.369226591639531,103.82246615259241,0.08157292745196043,0.058763208985259316,,,
sample,1779737678.9165568,49.32484984397888,2.163,0.0,0.01821458016200303,0,15.493629366384866,4.369226591639531,103.82246615259241,0.08157292745196043,0.058763208985259316,,,
sample,1779737678.9761405,49.38443350791931,2.163,-0.09693589313995683,0.019480634119360497,0,15.493364721044363,4.576909801052244,104.0301495306204,0.08749642154067752,0.06284870568362509,,,
sample,1779737679.0177777,49.42607069015503,2.163,0.0,0.019480634119360497,0,15.493364721044363,4.576909801052244,104.0301495306204,0.08749642154067752,0.06284870568362509,,,
sample,1779737679.0685043,49.476797342300415,2.2431,0.21892489287239994,0.016765133716550463,0,15.490565069884044,4.749007505699584,104.2022700058449,0.0745426569452766,0.054086143925525104,,,
sample,1779737679.116744,49.52503705024719,2.2431,0.02457539189959104,0.017523190468077286,0,15.503409107688825,4.807227093846655,104.26188954753339,0.07811416105538328,0.05653220728461122,,,
sample,1779737679.1695921,49.577885150909424,2.163,0.13385337577493917,0.019556196973519485,0,15.549021607876675,5.014331739425618,104.4739575422751,0.08727863987737267,0.06309254971129778,,,
sample,1779737679.2169473,49.625240325927734,2.163,0.0,0.019556196973519485,0,15.549021607876675,5.014331739425618,104.4739575422751,0.08727863987737267,0.06309254971129778,,,
sample,1779737679.2690566,49.67734956741333,2.163,0.14201938736529093,0.017827741285756992,0,15.547717930064033,5.22728651340035,104.68691630667438,0.0799132561990814,0.057514936279004523,,,
sample,1779737679.3169997,49.725292682647705,2.163,0.0,0.017827741285756992,0,15.547717930064033,5.22728651340035,104.68691630667438,0.0799132561990814,0.057514936279004523,,,
sample,1779737679.367257,49.77555012702942,2.163,0.7585362876571629,0.008285476702403862,0,15.533699959059998,5.438851921884927,104.89894561025838,0.03727714865719819,0.026727955821021405,,,
sample,1779737679.4169204,49.82521343231201,2.163,0.0,0.008285476702403862,0,15.533699959059998,5.438851921884927,104.89894561025838,0.03727714865719819,0.026727955821021405,,,
sample,1779737679.467621,49.875914096832275,2.2431,0.19768868699797965,0.0048161055929378865,0,15.51918436844957,5.622608424890106,105.08327454116035,0.021551728113348,0.015535944611621591,,,
sample,1779737679.5191288,49.9274218082428,2.2431,0.05135831822331969,0.003913667472970116,0,15.51535327901664,5.671107147111547,105.13192434386659,0.017505918064403284,0.012624798240981203,,,
sample,1779737679.567971,49.976263999938965,2.163,0.40813890979495016,-0.0021024944747124416,0,15.493434788067953,5.892312307385319,105.35421276726558,-0.009481754602019216,-0.006782250234618147,,,
sample,1779737679.6186666,50.02695965766907,2.163,0.0,-0.0021024944747124416,0,15.493434788067953,5.892312307385319,105.35421276726558,-0.009481754602019216,-0.006782250234618147,,,
sample,1779737679.6712837,50.07957673072815,2.2431,0.04844164337843929,-0.003108712672149705,0,15.490617435694649,5.914881025452757,105.3769566567659,-0.009481754602019216,-0.006782250234618147,,,
sample,1779737679.7198684,50.12816143035889,2.2431,0.0,-0.003108712672149705,0,15.490617435694649,5.914881025452757,105.3769566567659,-0.01388574437169681,-0.010028137698342172,,,
sample,1779737679.7720597,50.18035268783569,2.163,0.0,-0.003108712672149705,0,15.490617435694649,5.914881025452757,105.3769566567659,-0.01388574437169681,-0.010028137698342172,,,
sample,1779737679.8202853,50.228578329086304,2.163,1.4463925707241765,-0.02466826010617799,0,15.41419965217118,6.313806014044966,105.78313497248688,-0.11060835768004865,-0.07959117761112083,,,
sample,1779737679.8678927,50.276185750961304,2.163,0.2323621436041485,-0.03463773526951383,0,15.372112233269116,6.488647141562339,105.96297037139762,-0.15448996623598193,-0.11177933674337104,,,
sample,1779737679.9169936,50.325286626815796,2.163,0.016440915100744104,-0.034817131149193305,0,15.367254890387075,6.514902455010701,105.98967121902733,-0.1567611148614178,-0.1123587315972166,,,
sample,1779737679.9689095,50.37720251083374,2.2431,-0.017635413764023933,-0.03818963017769288,0,15.325371666771867,6.742457619672852,106.22104874037463,-0.170780451631091,-0.12325228024647719,,,
sample,1779737680.0176282,50.42592120170593,2.2431,0.0,-0.03818963017769288,0,15.325371666771867,6.742457619672852,106.22104874037463,-0.170780451631091,-0.12325228024647719,,,
sample,1779737680.069721,50.47801399230957,2.2431,-0.20402336759309903,-0.07974094009569269,0,15.286577835471425,6.966582441147104,106.44850620221713,-0.20263418830808613,-0.2577754359021211,,,
sample,1779737680.1172829,50.52557587623596,2.2431,0.0,-0.07974094009569269,0,15.286577835471425,6.966582441147104,106.44850620221713,-0.20263418830808613,-0.2577754359021211,,,
sample,1779737680.1701753,50.578468322753906,2.163,0.0,-0.07974094009569269,0,15.286577835471425,6.966582441147104,106.44850620221713,-0.20263418830808613,-0.2577754359021211,,,
sample,1779737680.2241085,50.63240146636963,2.163,0.0,-0.07974094009569269,0,15.286577835471425,6.966582441147104,106.44850620221713,-0.20263418830808613,-0.2577754359021211,,,
sample,1779737680.2687478,50.677040815353394,2.2431,-0.3923748032969167,-0.07253395908095929,0,15.274212344209056,7.081331244807842,106.56391934408464,-0.1883682258336207,-0.2343917160428324,,,
sample,1779737680.3187537,50.727046728134155,2.2431,0.0,-0.07253395908095929,0,15.274212344209056,7.081331244807842,106.56391934408464,-0.1883682258336207,-0.2343917160428324,,,
sample,1779737680.368759,50.77705192565918,2.2431,-2.9134078398163474,-0.01141429084492812,0,15.334803831361267,7.623080162049702,107.10904613451788,-0.03308605931719575,-0.0368218921881625,,,
sample,1779737680.4180984,50.82639145851135,2.2431,0.0,-0.01141429084492812,0,15.334803831361267,7.623080162049702,107.10904613451788,-0.03308605931719575,-0.0368218921881625,,,
sample,1779737680.4684892,50.876782178878784,2.2431,-0.857680017394283,0.004213725572902657,0,15.351494730905838,7.840410136003146,107.32701609507716,0.012852924830248153,0.013592743587067713,,,
sample,1779737680.5188527,50.9271457195282,2.2431,0.0,0.004213725572902657,0,15.351494730905838,7.840410136003146,107.32701609507716,0.012852924830248153,0.013592743587067713,,,
sample,1779737680.5689015,50.9771945476532,2.2431,-0.4250036731470462,0.011317153173244941,0,15.36270637833757,8.009634672872798,107.49661162838179,0.03599912247726369,0.036508504378325486,,,
sample,1779737680.6221101,51.03040313720703,2.2431,-0.18526272627642718,0.014413785122211337,0,15.367902180821378,8.08805822965535,107.57520711566876,0.046781020500344564,0.0464993012722289,,,
sample,1779737680.6714396,51.07973265647888,2.2431,-0.4289899238138371,0.020923930726448537,0,15.386598173225305,8.301626973774754,107.78959262963066,0.0718937528189085,0.06750640269715964,,,
sample,1779737680.7191546,51.12744760513306,2.2431,0.0,0.020923930726448537,0,15.386598173225305,8.301626973774754,107.78959262963066,0.0718937528189085,0.06750640269715964,,,
sample,1779737680.768737,51.177030086517334,2.163,0.26095654799162654,0.016295348759864325,0,15.383117235314842,8.402747394375762,107.89077294585502,0.057548143789751996,0.052570294387026234,,,
sample,1779737680.8166225,51.224915504455566,2.163,0.0,0.016295348759864325,0,15.383117235314842,8.402747394375762,107.89077294585502,0.057548143789751996,0.052570294387026234,,,
sample,1779737680.8670049,51.27529788017273,2.163,0.25153001227549976,0.012710139504098234,0,15.396903342906885,8.625877171714585,108.11432820590902,0.04786059132996638,0.041002657997962565,,,
sample,1779737680.9163566,51.32464957237244,2.163,0.0,0.012710139504098234,0,15.396903342906885,8.625877171714585,108.11432820590902,0.04786059132996638,0.041002657997962565,,,
sample,1779737680.9665172,51.374810218811035,2.2431,0.5015921123195707,0.005930378686109341,0,15.401972122052474,8.799156587054648,108.2876817415021,0.023538105588884372,0.019130478095775356,,,
sample,1779737681.018155,51.42644810676575,2.2431,0.14142352903715566,0.004090672868400802,0,15.403443349053045,8.849451410949952,108.33799807900341,0.016495777558041665,0.013195792534798467,,,
sample,1779737681.066826,51.47511911392212,2.2431,0.6015920518114284,-0.0031703572567603334,0,15.40343515964478,9.07459373548701,108.56314040368942,-0.013773110186130172,-0.010226993157197254,,,
sample,1779737681.1170497,51.5253427028656,2.2431,0.0,-0.0031703572567603334,0,15.40343515964478,9.07459373548701,108.56314040368942,-0.013773110186130172,-0.010226993157197254,,,
sample,1779737681.1689441,51.577237129211426,2.163,-0.03173071938069622,0.0011818233240784618,0,15.403780399003203,9.28899156406712,108.77753851023442,0.0052507149065179485,0.003812335078383304,,,
sample,1779737681.2181573,51.626450300216675,2.163,0.0,0.0011818233240784618,0,15.403780399003203,9.28899156406712,108.77753851023442,0.0052507149065179485,0.003812335078383304,,,
sample,1779737681.2676818,51.67597484588623,2.2431,0.45224903568860353,-0.006178630867465395,0,15.37416747565006,9.502260155201396,108.99285320363438,-0.027582826666309974,-0.019931320944294017,,,
sample,1779737681.3171291,51.72542214393616,2.2431,0.0,-0.006178630867465395,0,15.37416747565006,9.502260155201396,108.99285320363438,-0.027582826666309974,-0.019931320944294017,,,
sample,1779737681.3679392,51.77623224258423,2.163,0.3514647419325806,-0.0029423593087704787,0,15.366257554539937,9.688257769597742,109.17901893467288,-0.013065373235451861,-0.009491509032055402,,,
sample,1779737681.4173226,51.825615644454956,2.163,0.07808859259973608,-0.0038107237446063703,0,15.364549471623112,9.72842243664024,109.21921990513238,-0.017163935030830416,-0.012292716744091813,,,
sample,1779737681.4688084,51.8771014213562,2.2431,0.2803960984323259,-0.0002448237992971834,0,15.351890587884442,9.950510401547866,109.44166835195618,-0.0010904453292534578,-0.0007897542070601819,,,
sample,1779737681.516946,51.92523908615112,2.2431,0.0,-0.0002448237992971834,0,15.351890587884442,9.950510401547866,109.44166835195618,-0.0010904453292534578,-0.0007897542070601819,,,
sample,1779737681.5692036,51.97749662399292,2.163,0.549547148915708,0.00771356537884129,0,15.33348816259761,10.164826311591339,109.65677288132318,0.03434325369523102,0.024882962470509962,,,
sample,1779737681.61656,52.024852991104126,2.163,0.0,0.00771356537884129,0,15.33348816259761,10.164826311591339,109.65677288132318,0.03434325369523102,0.024882962470509962,,,
sample,1779737681.6704526,52.0787456035614,2.163,-0.2571860173221662,0.02546030859172708,0,15.31797225790896,10.380567780790619,109.87307157487118,0.11310320711224162,0.08214777862699006,,,
sample,1779737681.718094,52.12638711929321,2.163,0.0,0.02546030859172708,0,15.31797225790896,10.380567780790619,109.87307157487118,0.11310320711224162,0.08214777862699006,,,
sample,1779737681.7687073,52.177000284194946,2.2431,-0.06430955789718731,0.05742507955040432,0,15.304541673262339,10.577191076058012,110.0701530322581,0.2616980171560275,0.1854460817168231,,,
sample,1779737681.818131,52.22642397880554,2.2431,-0.7816487853949624,0.06885656030943214,0,15.345649247003518,10.569173040810336,110.1120352660586,0.3131481767668659,0.22246964060483973,,,
sample,1779737681.8689427,52.27723574638367,2.163,0.23171659152422644,0.09743899805639561,0,15.335998234647242,10.806564185809691,110.34962250848463,0.4464270156697992,0.31531789447132585,,,
sample,1779737681.916707,52.325000047683716,2.163,0.0,0.09743899805639561,0,15.335998234647242,10.806564185809691,110.34962250848463,0.4464270156697992,0.31531789447132585,,,
sample,1779737681.9672623,52.37555527687073,2.163,0.3850473682195745,0.1088679743874851,0,15.322399557282212,11.028674449457956,110.57214867153962,0.5144137404157825,0.3525810740564998,,,
sample,1779737682.0180793,52.42637228965759,2.163,0.0,0.1088679743874851,0,15.322399557282212,11.028674449457956,110.57214867153962,0.5144137404157825,0.3525810740564998,,,
sample,1779737682.0677,52.475992918014526,2.163,0.9540622817845569,0.12298673240812513,0,15.298908006592912,11.244356724427215,110.78910649391463,0.5921466827608096,0.39874385655511185,,,
sample,1779737682.1170871,52.52538013458252,2.163,0.0,0.12298673240812513,0,15.298908006592912,11.244356724427215,110.78910649391463,0.5921466827608096,0.39874385655511185,,,
sample,1779737682.167838,52.576131105422974,2.163,1.094779800358957,0.13188877056982962,0,15.265276169518703,11.442782167678512,110.99036194600093,0.6413982829731163,0.4279317699356391,,,
sample,1779737682.2167706,52.62506365776062,2.163,0.07861922279539896,0.13504590537632571,0,15.262947509558876,11.456521095578609,111.00429682300263,0.652728827461588,0.4382996797012903,,,
sample,1779737682.2681506,52.676443576812744,2.0829,1.2042045880914432,0.1394394900872338,0,15.215456323179787,11.659561128464347,111.21281700844743,0.6696771650589632,0.4527429000640924,,,
sample,1779737682.3174012,52.72569417953491,2.0829,0.0,0.1394394900872338,0,15.215456323179787,11.659561128464347,111.21281700844743,0.6696771650589632,0.4527429000640924,,,
sample,1779737682.3694541,52.77774715423584,2.0829,1.888366818971124,0.13518734301748378,0,15.134219541608992,11.833847296774115,111.4051060698734,0.6474824178322774,0.4387643621325464,,,
sample,1779737682.416672,52.82496500015259,2.0829,0.0,0.13518734301748378,0,15.134219541608992,11.833847296774115,111.4051060698734,0.6474824178322774,0.4387643621325464,,,
sample,1779737682.4683504,52.87664341926575,2.0829,1.8440217023162482,0.13601843414463416,0,15.04286155071289,12.036590226985494,111.6274818290093,0.6441663150975231,0.44149520959548694,,,
sample,1779737682.5169327,52.92522573471069,2.0829,0.0,0.13601843414463416,0,15.04286155071289,12.036590226985494,111.6274818290093,0.6441663150975231,0.44149520959548694,,,
sample,1779737682.5674512,52.97574424743652,2.163,1.663625020974162,0.13048073624986609,0,14.944437748105244,12.211606055587753,111.82827472027063,0.632230812151535,0.4233106512487475,,,
sample,1779737682.617,53.02529311180115,2.163,0.09861804109614182,0.13300595236272283,0,14.938715268983085,12.221781687891006,111.8399490622253,0.6371012312926728,0.431599548497934,,,
sample,1779737682.669093,53.077385902404785,2.0829,1.6141817465494084,0.13112034948028523,0,14.814809043146797,12.404309832512808,112.0605602051444,0.616379355335035,0.42540962638533575,,,
sample,1779737682.7180617,53.126354694366455,2.0829,0.0,0.13112034948028523,0,14.814809043146797,12.404309832512808,112.0605602051444,0.616379355335035,0.42540962638533575,,,
sample,1779737682.7722924,53.1805853843689,2.0829,1.6874231757250318,0.12313420275337751,0,14.698092813104546,12.546336176970495,112.2443920872413,0.5768616240178056,0.39922684481486337,,,
sample,1779737682.8170757,53.22536873817444,2.0829,0.0,0.12313420275337751,0,14.698092813104546,12.546336176970495,112.2443920872413,0.5768616240178056,0.39922684481486337,,,
sample,1779737682.866976,53.27526903152466,2.0829,2.1572833436314895,0.10647666824241263,0,14.595440101534184,12.622319532407472,112.37210680642515,0.49518106658983846,0.3447770539845342,,,
sample,1779737682.9173265,53.32561945915222,2.0829,0.499783978585503,0.10701342430560351,0,14.552743210154592,12.662103319096298,112.43046581786967,0.4893014856323455,0.34652840529991663,,,
sample,1779737682.9683533,53.376646280288696,2.0829,1.6933127137519564,0.09932781338624337,0,14.386546515169131,12.792074834417804,112.64144907838828,0.4507658941634651,0.3214702071729144,,,
sample,1779737683.0165114,53.42480444908142,2.0829,0.0,0.09932781338624337,0,14.386546515169131,12.792074834417804,112.64144907838828,0.4507658941634651,0.3214702071729144,,,
sample,1779737683.0690126,53.47730565071106,2.0028,1.7058541925391772,0.08861031245041469,0,14.21485360674305,12.903127774459822,112.84592697522747,0.3956183481670187,0.2865901922684617,,,
sample,1779737683.1167922,53.52508521080017,2.0028,0.0,0.08861031245041469,0,14.21485360674305,12.903127774459822,112.84592697522747,0.3956183481670187,0.2865901922684617,,,
sample,1779737683.171154,53.57944703102112,2.163,1.5114704284551566,0.0772455703797583,0,14.025218583404525,13.004755794471587,113.06107737966147,0.3560658955615106,0.2496760524703304,,,
sample,1779737683.2183633,53.62665629386902,2.163,0.0,0.0772455703797583,0,14.025218583404525,13.004755794471587,113.06107737966147,0.3560658955615106,0.2496760524703304,,,
sample,1779737683.26729,53.67558312416077,2.0829,1.0420216155071014,0.07186683385176484,0,13.883436472817461,13.068594859028098,113.21656883616623,0.32596377423725487,0.23222844174831458,,,
sample,1779737683.3190653,53.72735834121704,2.0829,0.34591360766069906,0.07138994680848264,0,13.833629837612824,13.091020882924953,113.27119142726397,0.32596377423725487,0.23222844174831458,,,
sample,1779737683.3680885,53.776381492614746,2.0829,1.5505553076681753,0.058900163712553084,0,13.644032181638206,13.159598090560527,113.47281013809747,0.26524379579179364,0.19022055190069856,,,
sample,1779737683.417131,53.82542395591736,2.0829,0.0,0.058900163712553084,0,13.644032181638206,13.159598090560527,113.47281013809747,0.26524379579179364,0.19022055190069856,,,
sample,1779737683.470065,53.878358125686646,2.163,1.3800278438928428,0.05598170703864416,0,13.47220785578262,13.32613145301023,113.71209440369914,0.2531501313107794,0.18077503794026487,,,
sample,1779737683.5176482,53.92594122886658,2.163,0.0,0.05598170703864416,0,13.47220785578262,13.32613145301023,113.71209440369914,0.2531501313107794,0.18077503794026487,,,
sample,1779737683.5691047,53.97739768028259,2.0829,1.0835331778740096,0.04783809872774271,0,13.268758682922174,13.371253604441664,113.92048724063794,0.21324887133552248,0.1544342722570972,,,
sample,1779737683.6167486,54.025041580200195,2.0829,0.0,0.04783809872774271,0,13.268758682922174,13.371253604441664,113.92048724063794,0.21324887133552248,0.1544342722570972,,,
sample,1779737683.667362,54.07565498352051,2.163,0.7854436485399153,0.041312667263521924,0,13.075299788727774,13.405357970484756,114.11692922068833,0.18563765597029253,0.13334253741578872,,,
sample,1779737683.7167199,54.12501287460327,2.163,0.0,0.041312667263521924,0,13.075299788727774,13.405357970484756,114.11692922068833,0.18563765597029253,0.13334253741578872,,,
sample,1779737683.768149,54.17644190788269,2.163,0.8163621606178799,0.03479725839006769,0,12.821885774085187,13.440927589842381,114.37282736573538,0.15623470361933633,0.11229454819320098,,,
sample,1779737683.8167553,54.225048303604126,2.163,0.0,0.03479725839006769,0,12.821885774085187,13.440927589842381,114.37282736573538,0.15623470361933633,0.11229454819320098,,,
sample,1779737683.8680904,54.27638339996338,2.0829,0.5677689877553702,0.030526367707715805,0,12.640403803536518,13.460488153086771,114.55536043470828,0.13429971209926234,0.09850275269315154,,,
sample,1779737683.9175515,54.325844526290894,2.0829,0.0,0.030526367707715805,0,12.640403803536518,13.460488153086771,114.55536043470828,0.13429971209926234,0.09850275269315154,,,
sample,1779737683.9692228,54.37751579284668,2.2431,0.5152083728481279,0.0320594262609116,0,12.492571925405075,13.565489216256697,114.73668745271355,0.1450866894474797,0.10345294971176432,,,
sample,1779737684.0169106,54.42520356178284,2.2431,0.0,0.0320594262609116,0,12.492571925405075,13.565489216256697,114.73668745271355,0.1450866894474797,0.10345294971176432,,,
sample,1779737684.06862,54.47691297531128,2.0829,0.6597523964558727,0.026039711441303622,0,12.28486415786297,13.57477880786714,114.94460285187776,0.11446176928177793,0.0840180599699493,,,
sample,1779737684.116964,54.5252571105957,2.0829,0.04005637335278556,0.025601235930502887,0,12.273074055594112,13.575306112341208,114.95640473992665,0.11300092018871265,0.08260267939552673,,,
sample,1779737684.1673467,54.575639724731445,2.163,0.7702120134734589,0.016447731562616447,0,12.062043739922537,13.576548938065324,115.16743871526765,0.07369303343237481,0.0530619835905802,,,
sample,1779737684.2170362,54.62532925605774,2.163,0.0,0.016447731562616447,0,12.062043739922537,13.576548938065324,115.16743871526765,0.07369303343237481,0.0530619835905802,,,
sample,1779737684.2673905,54.67568349838257,2.163,0.7625419941207697,0.007369768671297453,0,11.852003602145306,13.569718553503417,115.37758988378864,0.033116329560965115,0.02377387774241694,,,
sample,1779737684.317461,54.72575402259827,2.163,0.0,0.007369768671297453,0,11.852003602145306,13.569718553503417,115.37758988378864,0.033116329560965115,0.02377387774241694,,,
sample,1779737684.36749,54.7757830619812,2.2431,0.24359538574167347,0.004034208498283866,0,11.695247287941731,13.561517258030053,115.53456059217123,0.01817225087316282,0.013013646399322176,,,
sample,1779737684.41894,54.82723307609558,2.2431,0.1472552759370965,0.001939201668361456,0,11.597795416412113,13.55641869726772,115.63214574773535,0.008727878238039758,0.00625549709405295,,,
sample,1779737684.4677544,54.87604737281799,2.163,0.4060633396244565,-0.003604101307015032,0,11.40722078717159,13.542655787710977,115.82321669526435,-0.016172208506665595,-0.011626183588095586,,,
sample,1779737684.518728,54.92702102661133,2.163,0.0,-0.003604101307015032,0,11.40722078717159,13.542655787710977,115.82321669526435,-0.016172208506665595,-0.011626183588095586,,,
sample,1779737684.5682077,54.97650074958801,2.163,0.08204853434781444,-0.0015214569019463458,0,11.219063801447456,13.58144404983093,116.01533015277079,-0.006792422541131206,-0.0049079292771592046,,,
sample,1779737684.617327,55.025619983673096,2.163,0.0,-0.0015214569019463458,0,11.219063801447456,13.58144404983093,116.01533015277079,-0.006792422541131206,-0.0049079292771592046,,,
sample,1779737684.668029,55.076322078704834,2.2431,0.35259376932673037,-0.007010225219732207,0,11.020625704381024,13.562729772694388,116.21464874833099,-0.03129837386488223,-0.02261400018416434,,,
sample,1779737684.719236,55.12752890586853,2.2431,0.0,-0.007010225219732207,0,11.020625704381024,13.562729772694388,116.21464874833099,-0.03129837386488223,-0.02261400018416434,,,
sample,1779737684.768156,55.17644906044006,2.163,-0.12989651975190478,-0.00660034832472913,0,10.857140324279865,13.548684296195288,116.37873636186994,-0.029617449251329593,-0.02129175539862324,,,
sample,1779737684.8170943,55.22538733482361,2.163,-0.0403145408693544,-0.0064992486637205065,0,10.806382388132672,13.544323542965506,116.42968127575399,-0.02917406689316595,-0.020965613468364744,,,
sample,1779737684.869291,55.277584075927734,2.2431,-0.05520177339397787,-0.007492986368835223,0,10.573148662666458,13.524962618389592,116.66371720482319,-0.03344983878931127,-0.02417137613818276,,,
sample,1779737684.9166257,55.32491874694824,2.2431,0.0,-0.007492986368835223,0,10.573148662666458,13.524962618389592,116.66371720482319,-0.03344983878931127,-0.02417137613818276,,,
sample,1779737684.9674888,55.375781774520874,2.163,-0.051609973285498184,-0.008172146827417208,0,10.357257693293871,13.507611834833396,116.88030427818319,-0.03669928372085246,-0.026362350822959717,,,
sample,1779737685.0180497,55.426342725753784,2.163,0.0,-0.008172146827417208,0,10.357257693293871,13.507611834833396,116.88030427818319,-0.03669928372085246,-0.026362350822959717,,,
sample,1779737685.068566,55.4768590927124,2.2431,-0.24520815622572903,-0.004257574598660041,0,10.185674690228014,13.524206164258093,117.05268785834717,-0.01892051181041353,-0.013734194594994888,,,
sample,1779737685.1187778,55.52707076072693,2.2431,0.0,-0.004257574598660041,0,10.185674690228014,13.524206164258093,117.05268785834717,-0.01892051181041353,-0.013734194594994888,,,
sample,1779737685.1678045,55.57609748840332,2.163,-0.1397272002945136,-0.0034125224745891053,0,10.013813536754983,13.514050073336314,117.22484883608571,-0.015284651083863426,-0.011008179746057313,,,
sample,1779737685.2195232,55.62781620025635,2.163,-0.037363877528766465,-0.00321436972336113,0,9.96533343781153,13.511185154284995,117.27341351208317,-0.014389977449789424,-0.010368970302842812,,,
sample,1779737685.2696083,55.67790126800537,2.2431,-0.018386573841085777,-0.003927161542270028,0,9.748324123732425,13.498561573701105,117.49078967725276,-0.017691112329718248,-0.01266832816582431,,,
sample,1779737685.3186836,55.7269766330719,2.2431,0.0,-0.003927161542270028,0,9.748324123732425,13.498561573701105,117.49078967725276,-0.017691112329718248,-0.01266832816582431,,,
sample,1779737685.3704379,55.77873086929321,2.2431,-0.07586868780471265,-0.004126197406391371,0,9.524640448563368,13.48643081601952,117.71480204704307,-0.01841831341683556,-0.013310389752954047,,,
sample,1779737685.4183095,55.82660245895386,2.2431,0.0,-0.004126197406391371,0,9.524640448563368,13.48643081601952,117.71480204704307,-0.01841831341683556,-0.013310389752954047,,,
sample,1779737685.4682953,55.876588344573975,2.163,-0.17610909133794286,-0.002871619346367692,0,9.307814116839173,13.476585409171587,117.93185178826607,-0.012895860907291862,-0.009263313676475215,,,
sample,1779737685.5173717,55.92566466331482,2.163,0.0,-0.002871619346367692,0,9.307814116839173,13.476585409171587,117.93185178826607,-0.012895860907291862,-0.009263313676475215,,,
sample,1779737685.5693364,55.97762942314148,2.2431,0.22161835654459736,-0.0060538717021568515,0,9.16207111421348,13.468997082867121,118.07779220593868,-0.027150805619733445,-0.019528856968023905,,,
sample,1779737685.6193411,56.027634143829346,2.2431,-0.009562882489698204,-0.006170215414762801,0,9.124501340328818,13.466875375411874,118.11542184256024,-0.02755191547998518,-0.019904173287722014,,,
sample,1779737685.6698596,56.078152656555176,2.2431,-0.007779614137688423,-0.006967767144595502,0,8.90179780360544,13.454386265962397,118.33847529607294,-0.03136957638265626,-0.022477031961194556,,,
sample,1779737685.717971,56.1262640953064,2.2431,0.0,-0.006967767144595502,0,8.90179780360544,13.454386265962397,118.33847529607294,-0.03136957638265626,-0.022477031961194556,,,
sample,1779737685.7690597,56.17735266685486,2.163,-0.16997150427624705,-0.005974909425686303,0,8.691398245364184,13.444419083507906,118.54911080787994,-0.026526562903032392,-0.019274130732944844,,,
sample,1779737685.8179202,56.226213216781616,2.163,0.0,-0.005974909425686303,0,8.691398245364184,13.444419083507906,118.54911080787994,-0.026526562903032392,-0.019274130732944844,,,
sample,1779737685.8678608,56.276153802871704,2.2431,-0.08114896054142187,-0.005550339263165633,0,8.537188580259246,13.438059083040958,118.70345156859375,-0.024678736276011092,-0.017904504061108894,,,
sample,1779737685.9173088,56.32560181617737,2.2431,-0.04176970796209644,-0.0052488413233936285,0,8.458595323719457,13.434817696400552,118.78211163826624,-0.023575389805298032,-0.0169319016979705,,,
sample,1779737685.967678,56.37597107887268,2.163,-0.04879848038161529,-0.005314589315140723,0,8.243264371554512,13.426467016841881,118.99760445208925,-0.02400261594673611,-0.017143997910695805,,,
sample,1779737686.0176933,56.42598628997803,2.163,0.0,-0.005314589315140723,0,8.243264371554512,13.426467016841881,118.99760445208925,-0.02400261594673611,-0.017143997910695805,,,
sample,1779737686.068554,56.47684693336487,2.2431,0.051107113349125814,-0.00670743604252515,0,8.014944155628854,13.417018169029294,119.22612010084295,-0.03006361892615995,-0.021637214944655668,,,
sample,1779737686.1167321,56.52502512931824,2.2431,0.0,-0.00670743604252515,0,8.014944155628854,13.417018169029294,119.22612010084295,-0.03006361892615995,-0.021637214944655668,,,
sample,1779737686.1675599,56.57585287094116,2.163,0.0925635304982251,-0.009574963272102827,0,7.851026639318695,13.393357962374102,119.39173639693804,-0.04313911650412348,-0.03088792223697227,,,
sample,1779737686.2164483,56.624741315841675,2.163,0.0,-0.009574963272102827,0,7.851026639318695,13.393357962374102,119.39173639693804,-0.04313911650412348,-0.03088792223697227,,,
sample,1779737686.2704873,56.67878031730652,2.2431,-0.13119178914479673,-0.008586514793996717,0,7.684331156725138,13.387262299208945,119.55854329435695,-0.038229611369586386,-0.027699115558336037,,,
sample,1779737686.3179655,56.726258516311646,2.2431,-0.05106644799132754,-0.008186703573655233,0,7.627322639185859,13.385177631315987,119.61558991487254,-0.0365388396313355,-0.026409311210610256,,,
sample,1779737686.369093,56.7773859500885,2.2431,0.027132242696540732,-0.009097210282736681,0,7.396367393219871,13.376411312732222,119.84671147159264,-0.04105342783241992,-0.02934664919494291,,,
sample,1779737686.4172432,56.825536251068115,2.2431,0.0,-0.009097210282736681,0,7.396367393219871,13.376411312732222,119.84671147159264,-0.04105342783241992,-0.02934664919494291,,,
sample,1779737686.4689953,56.87728834152222,2.163,-0.28142333821851195,-0.006332972370637736,0,7.181389073204681,13.371385424004924,120.06174853266364,-0.028221660100108355,-0.020429216246872755,,,
sample,1779737686.5181417,56.92643475532532,2.163,0.0,-0.006332972370637736,0,7.181389073204681,13.371385424004924,120.06174853266364,-0.028221660100108355,-0.020429216246872755,,,
sample,1779737686.5749507,56.98324370384216,2.2431,0.06580388496927425,-0.006332972370637736,0,6.93039615232844,13.364578691491687,120.31283373321814,-0.028221660100108355,-0.020429216246872755,,,
sample,1779737686.6182907,57.026583671569824,2.2431,0.0,-0.007707475066969595,0,6.93039615232844,13.364578691491687,120.31283373321814,-0.034360807694416504,-0.02486331513512922,,,
sample,1779737686.6702354,57.07852840423584,2.163,0.043203622101386646,-0.0085682357261281,0,6.79036971373524,13.360347341843,120.45292408914939,-0.03806579652497906,-0.02764014648494543,,,
sample,1779737686.717363,57.12565612792969,2.163,0.06170284541320464,-0.008951518392261205,0,6.747682314349015,13.362396844631375,120.49566066046762,-0.040375475904760406,-0.028876637077518877,,,
sample,1779737686.768182,57.176475048065186,2.2431,0.07250257951418279,-0.009275324560888936,0,6.562593281088299,13.369165661508953,120.68087342221828,-0.041616203341566904,-0.029921259872650065,,,
sample,1779737686.8175972,57.225890159606934,2.2431,0.0,-0.009275324560888936,0,6.562593281088299,13.369165661508953,120.68087342221828,-0.041616203341566904,-0.029921259872650065,,,
sample,1779737686.8679454,57.276238441467285,2.2431,0.09666153076883832,-0.010935767595084784,0,6.348567661051132,13.361295166760103,120.89504370661807,-0.049316868030015885,-0.035278075986389504,,,
sample,1779737686.9164925,57.324785470962524,2.2431,0.0,-0.010935767595084784,0,6.348567661051132,13.361295166760103,120.89504370661807,-0.049316868030015885,-0.035278075986389504,,,
sample,1779737686.9691105,57.37740349769592,2.163,-0.14080639710159762,-0.009954304574650777,0,6.136648135499906,13.354212940349353,121.10708154107407,-0.044284739357483914,-0.03211172055587898,,,
sample,1779737687.0164611,57.42475414276123,2.163,0.0,-0.009954304574650777,0,6.136648135499906,13.354212940349353,121.10708154107407,-0.044284739357483914,-0.03211172055587898,,,
sample,1779737687.0683076,57.476600646972656,2.2431,-0.19827766717848158,-0.007886727488229791,0,5.948406502480003,13.350266873503152,121.29536452980527,-0.03555963469419493,-0.025441583908661424,,,
sample,1779737687.119176,57.52746891975403,2.2431,-0.042605588725097086,-0.0074891190721212714,0,5.908720627094276,13.349434947458901,121.33505912397216,-0.0336422735600587,-0.024158900287412445,,,
sample,1779737687.1694725,57.577765464782715,2.2431,0.009157556919216221,-0.008015038371789688,0,5.691250745505508,13.344775965238698,121.55257890586236,-0.035593695293767796,-0.02585551615204163,,,
sample,1779737687.217183,57.625476121902466,2.2431,0.0,-0.008015038371789688,0,5.691250745505508,13.344775965238698,121.55257890586236,-0.035593695293767796,-0.02585551615204163,,,
sample,1779737687.2678776,57.67617058753967,2.163,0.04382641384294364,-0.008245366869560698,0,5.474820105825595,13.347799219865715,121.76903065998044,-0.0368301310678836,-0.026598560423715875,,,
sample,1779737687.3167288,57.725021839141846,2.163,0.0,-0.008245366869560698,0,5.474820105825595,13.347799219865715,121.76903065998044,-0.0368301310678836,-0.026598560423715875,,,
sample,1779737687.36728,57.77557301521301,2.163,-0.13951264802654942,-0.006929413461215735,0,5.2615130484267745,13.344260232215156,121.98236707311645,-0.03109543638769998,-0.022353304428060963,,,
sample,1779737687.417224,57.82551693916321,2.163,0.0,-0.006929413461215735,0,5.2615130484267745,13.344260232215156,121.98236707311645,-0.03109543638769998,-0.022353304428060963,,,
sample,1779737687.4672399,57.87553286552429,2.2431,-0.05554279701747512,-0.006522770886414262,0,5.062284745774765,13.34158682835512,122.18161331189098,-0.029261625544431753,-0.021041494822901685,,,
sample,1779737687.5184474,57.926740407943726,2.2431,-0.00768463736811424,-0.006488131416374822,0,5.0340637532530765,13.341208136626399,122.20983684509174,-0.028882958138909703,-0.020929749867877073,,,
sample,1779737687.567417,57.97570991516113,2.2431,-0.006014292806264049,-0.0066295427803862795,0,4.809818548354526,13.338265091717874,122.43410136175304,-0.029766246553362626,-0.021385935183052335,,,
sample,1779737687.617142,58.02543497085571,2.2431,0.0,-0.0066295427803862795,0,4.809818548354526,13.338265091717874,122.43410136175304,-0.029766246553362626,-0.021385935183052335,,,
sample,1779737687.6675298,58.075822830200195,2.163,-0.09476868091026584,-0.005731319938844973,0,4.58714812709769,13.336406132995501,122.65677954261103,-0.02548465960522073,-0.018488331270502995,,,
sample,1779737687.7180297,58.126322746276855,2.163,0.0,-0.005731319938844973,0,4.58714812709769,13.336406132995501,122.65677954261103,-0.02548465960522073,-0.018488331270502995,,,
sample,1779737687.7676613,58.17595434188843,2.163,0.08850382925909345,-0.0070266674130559925,0,4.402949357346252,13.332077886960871,122.84102915724205,-0.03162584808206894,-0.022667042130196567,,,
sample,1779737687.816473,58.22476601600647,2.163,0.0,-0.0070266674130559925,0,4.402949357346252,13.332077886960871,122.84102915724205,-0.03162584808206894,-0.022667042130196567,,,
sample,1779737687.8685832,58.27687621116638,2.2431,0.06668713173625332,-0.008059681680195425,0,4.199532372426821,13.32871830352493,123.04447388328471,-0.03632069971059087,-0.025999536127710696,,,
sample,1779737687.916954,58.325247049331665,2.2431,0.0,-0.008059681680195425,0,4.199532372426821,13.32871830352493,123.04447388328471,-0.03632069971059087,-0.025999536127710696,,,
sample,1779737687.970997,58.37929010391235,2.163,0.13479737559986876,-0.010130069343134398,0,3.9668163980670634,13.323370325160301,123.27725129970392,-0.04537585305358164,-0.032678760863031606,,,
sample,1779737688.0174417,58.425734758377075,2.163,0.0,-0.010130069343134398,0,3.9668163980670634,13.323370325160301,123.27725129970392,-0.04537585305358164,-0.032678760863031606,,,
sample,1779737688.0683982,58.476691246032715,2.163,-0.020759579152595797,-0.010248981358932638,0,3.7548937322672837,13.31861335143114,123.48922734806492,-0.04610185818048225,-0.03306238784045985,,,
sample,1779737688.117134,58.5254271030426,2.163,0.0,-0.010248981358932638,0,3.7548937322672837,13.31861335143114,123.48922734806492,-0.04610185818048225,-0.03306238784045985,,,
sample,1779737688.1675785,58.57587146759033,2.2431,0.03190149250383847,-0.010993918039085853,0,3.580978468116448,13.314339197414137,123.66319512524568,-0.04899909684081526,-0.03546568061824929,,,
sample,1779737688.218572,58.62686491012573,2.2431,0.0,-0.010993918039085853,0,3.580978468116448,13.314339197414137,123.66319512524568,-0.04899909684081526,-0.03546568061824929,,,
sample,1779737688.2672768,58.67556977272034,2.2431,0.02591129503272697,-0.011207373804866763,0,3.315078277558695,13.314660910798768,123.92909551042432,-0.050057961751745525,-0.03615433246243817,,,
sample,1779737688.3190796,58.72737264633179,2.2431,0.0,-0.015171682643045506,0,3.315078277558695,13.314660910798768,123.92909551042432,-0.06798701850576404,-0.04894466716980439,,,
sample,1779737688.3692608,58.77755379676819,2.163,-0.06325336414294509,-0.015196704471004649,0,3.091862084010371,13.309681541117792,124.15236723542465,-0.06836815454094132,-0.04902540135649244,,,
sample,1779737688.4189703,58.82726335525513,2.163,0.0,-0.01481743520211684,0,3.091862084010371,13.309681541117792,124.15236723542465,-0.06694238103167593,-0.04780167651033123,,,
sample,1779737688.467218,58.875510931015015,2.2431,-0.007331744404046453,-0.019035727559508983,0,2.9053543432195847,13.305617572249027,124.33891924752275,-0.08554360038784023,-0.061412990800226976,,,
sample,1779737688.5167103,58.92500329017639,2.2431,0.0,-0.019035727559508983,0,2.9053543432195847,13.305617572249027,124.33891924752275,-0.08554360038784023,-0.061412990800226976,,,
sample,1779737688.567683,58.97597599029541,2.163,-0.02293523452124796,-0.02304977404491827,0,2.723765196362329,13.30192273093163,124.52054598043591,-0.10283115720146976,-0.07436728053796485,,,
sample,1779737688.6186368,59.02692985534668,2.163,-0.005354721234734253,-0.02306924744030784,0,2.6813849904598728,13.301060409925567,124.56293495836476,-0.10264036880366123,-0.07443013135688563,,,
sample,1779737688.669248,59.07754111289978,2.2431,-0.11034809513839591,-0.022051794256425103,0,2.44686823035626,13.297598786069143,124.79747726501586,-0.099290205408156,-0.07114635294405736,,,
sample,1779737688.717133,59.125426054000854,2.2431,0.0,-0.022051794256425103,0,2.44686823035626,13.297598786069143,124.79747726501586,-0.099290205408156,-0.07114635294405736,,,
sample,1779737688.7681606,59.176453590393066,2.2431,-0.29778547352094425,-0.018677937913102224,0,2.2296625053222976,13.297693414729071,125.01468301066296,-0.08308899245813293,-0.06025842014446382,,,
sample,1779737688.8166914,59.22498440742493,2.2431,0.0,-0.018677937913102224,0,2.2296625053222976,13.297693414729071,125.01468301066296,-0.08308899245813293,-0.06025842014446382,,,
sample,1779737688.8679056,59.276198625564575,2.2431,-0.6827820772917318,0.00044414967049558274,0,2.020509131294897,13.340630370980348,125.22819815316852,0.001985509000608518,0.0014327409667781567,,,
sample,1779737688.9166064,59.324899435043335,2.2431,0.0,0.00044414967049558274,0,2.020509131294897,13.340630370980348,125.22819815316852,0.001985509000608518,0.0014327409667781567,,,
sample,1779737688.9683864,59.37667942047119,2.163,-0.19563476326706197,0.011173598997623258,0,1.852270236194168,13.348600501998028,125.39662573052198,0.050325160914260585,0.03604536782657639,,,
sample,1779737689.017191,59.42548394203186,2.163,0.0,0.011173598997623258,0,1.852270236194168,13.348600501998028,125.39662573052198,0.050325160914260585,0.03604536782657639,,,
sample,1779737689.067606,59.47589898109436,2.2431,-0.21046774823855768,0.022507802578383376,0,1.6001046286264367,13.36250846237577,125.64917458718514,0.1014930308248905,0.07261807798441247,,,
sample,1779737689.117511,59.52580404281616,2.2431,0.0,0.022507802578383376,0,1.6001046286264367,13.36250846237577,125.64917458718514,0.1014930308248905,0.07261807798441247,,,
sample,1779737689.1684046,59.57669758796692,2.163,0.1089311349468735,0.04180653201476867,0,1.3705903152189596,13.374131952648431,125.87898304130515,0.1897621966777758,0.1349384043444305,,,
sample,1779737689.2173893,59.62568235397339,2.163,0.0,0.04180653201476867,0,1.3705903152189596,13.374131952648431,125.87898304130515,0.1897621966777758,0.1349384043444305,,,
sample,1779737689.26896,59.677253007888794,2.163,0.1469220777934808,0.07945191588468939,0,1.2599533139409838,13.378081293105957,125.9896905087219,0.3661555943296433,0.2568371677909914,,,
sample,1779737689.318502,59.726794958114624,2.163,0.14820833027315888,0.09754008112040685,0,1.1527381017677318,13.381908488078773,126.09697400765215,0.4569329812194436,0.315647087693816,,,
sample,1779737689.3682137,59.776506662368774,2.163,0.3379332779099576,0.11769395958526119,0,1.0046510394128854,13.3850437038897,126.24509425479977,0.5602652606043059,0.38142069233341774,,,
sample,1779737689.4171693,59.825462341308594,2.163,0.040578439316722545,0.12128780202262708,0,0.9849530137903217,13.385376542483035,126.26479509221741,0.5678822924347522,0.3931808603446205,,,
sample,1779737689.4683397,59.87663269042969,2.2431,0.7535743263473917,0.13339912725777173,0,0.7608157898881176,13.380519801277828,126.48898492935041,0.6451782106048523,0.4328906269639425,,,
sample,1779737689.51718,59.92547297477722,2.2431,0.0,0.13339912725777173,0,0.7608157898881176,13.380519801277828,126.48898492935041,0.6451782106048523,0.4328906269639425,,,
sample,1779737689.5675647,59.975857734680176,2.0829,1.404457027657683,0.13194053273443354,0,0.5605468600960131,13.361956362630815,126.690112365307,0.631333124778924,0.4281016843100774,,,
sample,1779737689.6166945,60.02498745918274,2.0829,0.0,0.13194053273443354,0,0.5605468600960131,13.361956362630815,126.690112365307,0.631333124778924,0.4281016843100774,,,
sample,1779737689.6685839,60.0768768787384,2.0829,1.5446144822285885,0.13627753820797228,0,0.3542974139239776,13.32600470219872,126.8994717594934,0.6457015699419164,0.4423467156255306,,,
sample,1779737689.7169516,60.12524461746216,2.0829,0.0,0.13627753820797228,0,0.3542974139239776,13.32600470219872,126.8994717594934,0.6457015699419164,0.4423467156255306,,,
sample,1779737689.7705338,60.17882680892944,2.2431,1.7500705094850626,0.13418797457827872,0,0.13898644108853064,13.267231241445495,127.1226603226239,0.6548086254753261,0.4354813964377176,,,
sample,1779737689.8174734,60.22576642036438,2.2431,0.0,0.13418797457827872,0,0.13898644108853064,13.267231241445495,127.1226603226239,0.6548086254753261,0.4354813964377176,,,
sample,1779737689.8817272,60.29002022743225,2.0829,1.316117393447373,0.1377675421596774,0,-0.07123356720431318,13.19030404303253,127.34651350161029,0.657208991921171,0.44724456483902497,,,
sample,1779737689.9214375,60.32973051071167,2.0829,0.0,0.1377675421596774,0,-0.07123356720431318,13.19030404303253,127.34651350161029,0.657208991921171,0.44724456483902497,,,
sample,1779737689.969172,60.37746500968933,2.0829,2.203001391865428,0.13158840729360552,0,-0.25380389269077464,13.13294689054257,127.53788164600739,0.6256291611614625,0.42694584409318936,,,
sample,1779737690.02108,60.429373025894165,2.0829,0.0,0.13158840729360552,0,-0.25380389269077464,13.13294689054257,127.53788164600739,0.6256291611614625,0.42694584409318936,,,
sample,1779737690.0732815,60.48157453536987,2.0829,1.4992757146667905,0.12895806573628948,0,-0.3826721001684561,13.078521063560498,127.67777155107989,0.6040356119427485,0.42694584409318936,,,
sample,1779737690.121201,60.52949404716492,2.0829,0.5699320300199674,0.12725567506818622,0,-0.4379579654104271,13.043732387359983,127.74309213655903,0.5969850080432126,0.41273251770152947,,,
sample,1779737690.1693254,60.57761836051941,2.0829,1.8546162870431993,0.12300393539700302,0,-0.6056017916360785,12.916049944320305,127.95382243512132,0.5730426406244756,0.398800198104962,,,
sample,1779737690.2170575,60.62535047531128,2.0829,0.0,0.12300393539700302,0,-0.6056017916360785,12.916049944320305,127.95382243512132,0.5730426406244756,0.398800198104962,,,
sample,1779737690.268708,60.677000999450684,2.0829,1.6620465408571756,0.11826497325008908,0,-0.7612539566870895,12.774851048719164,128.16397648481833,0.5465479359032698,0.3832885505522463,,,
sample,1779737690.3167484,60.72504138946533,2.0829,0.0,0.11826497325008908,0,-0.7612539566870895,12.774851048719164,128.16397648481833,0.5465479359032698,0.3832885505522463,,,
sample,1779737690.368142,60.776434898376465,2.163,1.6883144043291536,0.10874736944157128,0,-0.9041687573180428,12.620603464400318,128.37425477068635,0.5131520976372965,0.35218738325976245,,,
sample,1779737690.4235988,60.831891775131226,2.163,0.0,0.10874736944157128,0,-0.9041687573180428,12.620603464400318,128.37425477068635,0.5131520976372965,0.35218738325976245,,,
sample,1779737690.4689834,60.87727642059326,2.0028,1.821076153599311,0.10897043078206871,0,-1.0825829501678075,12.528778124470122,128.57491248238347,0.4904447225302191,0.35291553068003284,,,
sample,1779737690.5171406,60.92543363571167,2.0028,0.46290832728488485,0.10694370161581866,0,-1.115170831743718,12.48522222841344,128.62930996492545,0.4802917153629709,0.34630089964598487,,,
sample,1779737690.56813,60.976423025131226,2.163,1.5834377350539486,0.09649959787154243,0,-1.2286222917564094,12.304906111948089,128.84234783863846,0.44581320195919155,0.3122588972202571,,,
sample,1779737690.617094,61.02538704872131,2.163,0.0,0.09649959787154243,0,-1.2286222917564094,12.304906111948089,128.84234783863846,0.44581320195919155,0.3122588972202571,,,
sample,1779737690.6674354,61.07572841644287,2.0829,1.5028976188429088,0.08917667054328567,0,-1.3281095504370204,12.11655004828713,129.05536361588895,0.4039838302703446,0.28843166705101975,,,
sample,1779737690.717191,61.125483989715576,2.0829,0.0,0.08917667054328567,0,-1.3281095504370204,12.11655004828713,129.05536361588895,0.4039838302703446,0.28843166705101975,,,
sample,1779737690.7666335,61.17492651939392,2.0829,0.0,0.08917667054328567,0,-1.3281095504370204,12.11655004828713,129.05536361588895,0.4039838302703446,0.28843166705101975,,,
sample,1779737690.8185046,61.226797580718994,2.0829,1.462709635283427,0.07963277562604068,0,-1.4244701298208606,11.894885925498082,129.29706662495386,0.362235713381186,0.25742429321899185,,,
sample,1779737690.8667781,61.275071144104004,2.0829,1.092781646293104,0.07253782956256202,0,-1.4668004463039943,11.774564304002734,129.42461719646505,0.32514246530380897,0.23440426738997952,,,
sample,1779737690.9222531,61.330546140670776,2.0829,0.3430617501861997,0.06978905114613428,0,-1.4820718285609997,11.731156230822602,129.47063323642126,0.311644036337762,0.22549217779022632,,,
sample,1779737690.9685156,61.376808643341064,2.0829,1.7832757853208097,0.055849637112698976,0,-1.533720613703411,11.533658453567162,129.67477281863776,0.24761871255404294,0.18034767112342726,,,
sample,1779737691.0256226,61.43391561508179,2.0829,0.0,0.055849637112698976,0,-1.533720613703411,11.533658453567162,129.67477281863776,0.24761871255404294,0.18034767112342726,,,
sample,1779737691.0693245,61.477617502212524,2.163,0.26530775646893184,0.05249353691632784,0,-1.5395878475476965,11.501371326750329,129.7075887140403,0.23815889785551878,0.16948969898278127,,,
sample,1779737691.1174953,61.52578830718994,2.163,1.8637966936189996,0.04007851721946659,0,-1.6267611032926665,11.381225317128175,129.85602806241297,0.1790657366548474,0.12935480717401276,,,
sample,1779737691.1677642,61.57605719566345,2.163,1.2015773426721759,0.030448791181309928,0,-1.6781868725460187,11.198338939506398,130.04600710563332,0.13721032767455477,0.09825227308686188,,,
sample,1779737691.216565,61.624857902526855,2.163,0.0,0.030448791181309928,0,-1.6781868725460187,11.198338939506398,130.04600710563332,0.13721032767455477,0.09825227308686188,,,
sample,1779737691.2690928,61.67738580703735,2.0829,0.9587742223192888,0.024387788677277766,0,-1.6845375901146635,11.019300761244624,130.22515788260327,0.10747860182997694,0.07868588652472781,,,
sample,1779737691.3168385,61.72513151168823,2.0829,0.1715652060345084,0.022536086796510306,0,-1.6855705415358626,10.990179998325251,130.25429695983033,0.10033329537350774,0.0727093636934826,,,
sample,1779737691.3673742,61.77566719055176,2.163,0.7891259407251787,0.03286201935799576,0,-1.684583741674385,10.767053665133076,130.47742547512533,0.1482324390622722,0.10604468979542782,,,
sample,1779737691.4182243,61.82651734352112,2.163,0.0,0.03286201935799576,0,-1.684583741674385,10.767053665133076,130.47742547512533,0.1482324390622722,0.10604468979542782,,,
sample,1779737691.4689128,61.87720584869385,2.163,0.3401233142038253,0.044514357780574214,0,-1.6799617347031335,10.553726743483553,130.69080246181534,0.1482324390622722,0.10604468979542782,,,
sample,1779737691.517203,61.925496101379395,2.163,0.0,0.044514357780574214,0,-1.6799617347031335,10.553726743483553,130.69080246181534,0.1998058928241061,0.14368962339760286,,,
sample,1779737691.5685492,61.976842164993286,2.2431,-0.4952860357541068,0.0630256550740448,0,-1.7944877875938055,10.422346458181634,130.86509243902782,0.2889809907873993,0.203578189511471,,,
sample,1779737691.6184883,62.0267813205719,2.2431,0.20981510910970752,0.06862860331687348,0,-1.7939195109419712,10.33765572108775,130.94978508267448,0.31053826272235635,0.22173080958297672,,,
sample,1779737691.6669354,62.075228452682495,2.0829,0.6277260365501082,0.07177518664617863,0,-1.7857957189060958,10.133176015949902,131.15442609960488,0.32331918546261285,0.23193127537418814,,,
sample,1779737691.7179675,62.12626051902771,2.0829,0.0,0.07177518664617863,0,-1.7857957189060958,10.133176015949902,131.15442609960488,0.32331918546261285,0.23193127537418814,,,
sample,1779737691.7678044,62.17609739303589,2.2431,0.5329725176022885,0.07885249386068822,0,-1.7724071879756877,9.916666760154547,131.3713489213769,0.3605036126545833,0.2548913832572604,,,
sample,1779737691.8169932,62.22528624534607,2.2431,0.0,0.07885249386068822,0,-1.7724071879756877,9.916666760154547,131.3713489213769,0.3605036126545833,0.2548913832572604,,,
sample,1779737691.8677697,62.27606272697449,2.163,0.7843812989375712,0.08100314577068163,0,-1.7503285031627591,9.70413166816653,131.58502773092388,0.3709552741818308,0.261873482722593,,,
sample,1779737691.9164357,62.3247287273407,2.163,0.0,0.08100314577068163,0,-1.7503285031627591,9.70413166816653,131.58502773092388,0.3709552741818308,0.261873482722593,,,
sample,1779737691.9682639,62.37655687332153,2.0829,0.5594669489690272,0.08407442252466578,0,-1.7283181552516753,9.550873531420327,131.7398583218744,0.37517547310119453,0.2718486381062586,,,
sample,1779737692.016908,62.42520093917847,2.0829,0.20831815208175325,0.08191667297858453,0,-1.720626075454053,9.497313550349194,131.7939678373403,0.3720126887485695,0.2648399862675349,,,
sample,1779737692.069336,62.47762894630432,2.163,0.8425427583141598,0.08297730165037766,0,-1.6802906911184552,9.283918763878154,132.0111412199693,0.37908883268256066,0.2682847320784124,,,
sample,1779737692.116627,62.52491998672485,2.163,0.0,0.08297730165037766,0,-1.6802906911184552,9.283918763878154,132.0111412199693,0.37908883268256066,0.2682847320784124,,,
sample,1779737692.1669748,62.57526779174805,2.163,1.4039400281352727,0.07826461027738801,0,-1.6493496131294836,9.079072668204388,132.21831089250827,0.35380430565262694,0.2529832327026734,,,
sample,1779737692.2182682,62.62656116485596,2.163,0.0,0.07826461027738801,0,-1.6493496131294836,9.079072668204388,132.21831089250827,0.35380430565262694,0.2529832327026734,,,
sample,1779737692.2667582,62.67505121231079,2.0829,0.7456402369725368,0.07814912452334098,0,-1.5909050618067004,8.88580220180613,132.42022483150487,0.3488012492479518,0.25260841014944657,,,
sample,1779737692.3175619,62.72585487365723,2.0829,0.0,0.07814912452334098,0,-1.5909050618067004,8.88580220180613,132.42022483150487,0.3488012492479518,0.25260841014944657,,,
sample,1779737692.367278,62.77557110786438,2.163,0.79201144891211,0.0747180988506589,0,-1.533286680207023,8.725831175279586,132.59025602636663,0.3373830294744891,0.24147566231295223,,,
sample,1779737692.4174151,62.82570815086365,2.163,0.2529884228438555,0.07202002310089381,0,-1.514726134766553,8.674299885705473,132.64502798682287,0.330922292983048,0.23272516716451294,,,
sample,1779737692.4673104,62.875603437423706,2.163,1.1704671776674567,0.05556940240333125,0,-1.4310291695584114,8.478587661525184,132.85788581890486,0.251221443398556,0.1794408768122085,,,
sample,1779737692.5171692,62.92546224594116,2.163,0.0,0.05556940240333125,0,-1.4310291695584114,8.478587661525184,132.85788581890486,0.251221443398556,0.1794408768122085,,,
sample,1779737692.572577,62.98087000846863,2.163,0.0,0.06024136540930272,0,-1.3432629495970163,8.273360123420009,133.08109256558387,0.2695637583497364,0.19456239923468754,,,
sample,1779737692.618072,63.02636504173279,2.163,0.0,0.06024136540930272,0,-1.3432629495970163,8.273360123420009,133.08109256558387,0.2695637583497364,0.19456239923468754,,,
sample,1779737692.667956,63.07624912261963,2.0829,1.9113999922688836,0.04662700616678554,0,-1.313156536619879,8.101007410686538,133.25605500066334,0.2072453276296117,0.15051879297597498,,,
sample,1779737692.7175577,63.125850677490234,2.0829,0.0,0.04662700616678554,0,-1.313156536619879,8.101007410686538,133.25605500066334,0.2072453276296117,0.15051879297597498,,,
sample,1779737692.7689354,63.17722845077515,2.163,0.7711050152448293,0.04064798470207659,0,-1.2172290900700475,7.943823067031296,133.44019894678132,0.1839099958355,0.13119479516947444,,,
sample,1779737692.8167899,63.225082874298096,2.163,0.18528530191351428,0.04002412746306613,0,-1.1957598270315741,7.908644063098243,133.48141170661535,0.17912007375651295,0.12917907460347205,,,
sample,1779737692.8681114,63.27640438079834,2.163,0.5850242327843669,0.036826083800673155,0,-1.0760813749375604,7.725165579269294,133.70047171191933,0.16492126432664747,0.11884754901827542,,,
sample,1779737692.916304,63.324597120285034,2.163,0.0,0.036826083800673155,0,-1.0760813749375604,7.725165579269294,133.70047171191933,0.16492126432664747,0.11884754901827542,,,
sample,1779737692.9686885,63.37698149681091,2.163,0.689335881343225,0.031676103770445635,0,-0.9539396242549176,7.551918395322977,133.91244622455034,0.1415742145955179,0.10221516892547299,,,
sample,1779737693.0170012,63.425294160842896,2.163,0.0,0.031676103770445635,0,-0.9539396242549176,7.551918395322977,133.91244622455034,0.1415742145955179,0.10221516892547299,,,
sample,1779737693.0672104,63.47550344467163,2.163,0.8141009446614628,0.031676103770445635,0,-0.806414022441154,7.359842428836923,134.15463825598835,0.1415742145955179,0.10221516892547299,,,
sample,1779737693.1174228,63.525715827941895,2.163,0.0,0.024752319943264458,0,-0.806414022441154,7.359842428836923,134.15463825598835,0.1116047825179973,0.07986250401383539,,,
sample,1779737693.1677134,63.5760064125061,2.163,0.5898938432882689,0.02370689684672182,0,-0.7421463825480137,7.204536508481806,134.3227163879234,0.10476113190838644,0.07648819055285162,,,
sample,1779737693.217688,63.625981092453,2.163,0.07233273910380995,0.02289201668799166,0,-0.7192564580424174,7.17670278737436,134.3587533782883,0.10243145700567462,0.07385811721824326,,,
sample,1779737693.2674737,63.675766706466675,2.163,0.7390829448240431,0.015697111686155694,0,-0.5801455811219567,7.0196956728426905,134.5685224658373,0.07009539070498966,0.05064000343793732,,,
sample,1779737693.3171291,63.72542214393616,2.163,0.0,0.015697111686155694,0,-0.5801455811219567,7.0196956728426905,134.5685224658373,0.07009539070498966,0.05064000343793732,,,
sample,1779737693.3697195,63.77801251411438,2.2431,0.718166524089303,0.00762334651839853,0,-0.4267059099663726,6.859160820322773,134.7905926609512,0.034136991311262084,0.02459191677356933,,,
sample,1779737693.418843,63.82713603973389,2.2431,0.0,0.00762334651839853,0,-0.4267059099663726,6.859160820322773,134.7905926609512,0.034136991311262084,0.02459191677356933,,,
sample,1779737693.470179,63.878472089767456,2.163,0.1953073962659989,0.013801800550137034,0,-0.33905082510458096,6.77063061576623,134.9151760106451,0.06217001384126373,0.04452476446406209,,,
sample,1779737693.5172982,63.925591230392456,2.163,0.16131015266268423,0.02054351961349411,0,-0.27260081704538974,6.703517192562776,135.0096207836352,0.09199811948384426,0.06627874237987721,,,
sample,1779737693.5690424,63.97733545303345,2.163,0.3122228217430838,0.03074516888230872,0,-0.13094079426277627,6.565232208823607,135.20758618157765,0.13797375186638852,0.09920922578972104,,,
sample,1779737693.6176362,64.02592921257019,2.163,0.017837031552366118,0.030553359322180056,0,-0.12334061428397636,6.557813102542677,135.2182071925332,0.13762228606516394,0.0985899036762307,,,
sample,1779737693.6706536,64.07894659042358,2.2431,0.3445571468669756,0.04276016754756992,0,0.048100716181899816,6.39646601306356,135.45363236764263,0.19220921911403047,0.13802015475523652,,,
sample,1779737693.7170122,64.12530517578125,2.2431,0.0,0.04276016754756992,0,0.048100716181899816,6.39646601306356,135.45363236764263,0.19220921911403047,0.13802015475523652,,,
sample,1779737693.7672997,64.17559266090393,2.163,0.04071461977690324,0.05840833616990897,0,0.15139152755325735,6.207404453656247,135.66906974824144,0.2652031100979269,0.1886285406565041,,,
sample,1779737693.816998,64.22529101371765,2.163,0.0,0.05840833616990897,0,0.15139152755325735,6.207404453656247,135.66906974824144,0.2652031100979269,0.1886285406565041,,,
sample,1779737693.8675926,64.27588558197021,2.163,0.32228778445061695,0.06273208037546772,0,0.25664557432043766,6.113839315590717,135.8098988980013,0.2856687378086722,0.2026274201933694,,,
sample,1779737693.9183464,64.32663941383362,2.163,0.1979672944234571,0.06582133344772147,0,0.3215020503459445,6.056185426546495,135.89667639165242,0.2994054486334222,0.21263404613004144,,,
sample,1779737693.9673464,64.37563943862915,2.163,0.3262364301760446,0.07268347129915641,0,0.47702938470292366,5.922333114529703,136.1018718915164,0.3332714939595248,0.2348765651699223,,,
sample,1779737694.0172396,64.425532579422,2.163,0.0,0.07268347129915641,0,0.47702938470292366,5.922333114529703,136.1018718915164,0.3332714939595248,0.2348765651699223,,,
sample,1779737694.0675833,64.47587633132935,2.163,0.4916107287752161,0.07993766879160517,0,0.6495125598787772,5.7811287121392105,136.32478247666927,0.36485076120602233,0.25841410704868184,,,
sample,1779737694.117006,64.52529907226562,2.163,0.0,0.07993766879160517,0,0.6495125598787772,5.7811287121392105,136.32478247666927,0.36485076120602233,0.25841410704868184,,,
sample,1779737694.1691635,64.5774564743042,2.163,0.8257652365193342,0.07993766879160517,0,0.8432065835905087,5.636049344440869,136.56678536457227,0.36485076120602233,0.25841410704868184,,,
sample,1779737694.217481,64.62577390670776,2.163,0.0,0.08031233029258826,0,0.8432065835905087,5.636049344440869,136.56678536457227,0.37163070995888775,0.2596304850182604,,,
sample,1779737694.2679455,64.67623853683472,2.163,1.4646532392451166,0.07223219572621832,0,0.9344976544837897,5.563387016158839,136.6834638697744,0.32789927590663315,0.23341316788930544,,,
sample,1779737694.3178022,64.72609519958496,2.163,0.22162184280387792,0.06988944340957005,0,0.9697528992520499,5.5413864299417295,136.72502055488724,0.3214716033247454,0.2258176085176064,,,
sample,1779737694.3698711,64.77816414833069,2.163,1.1809971807944855,0.06627200018484262,0,1.1646492764930056,5.43581991066363,136.94667092789425,0.30077493468579514,0.21409416986374039,,,
sample,1779737694.417014,64.82530689239502,2.163,0.0,0.06627200018484262,0,1.1646492764930056,5.43581991066363,136.94667092789425,0.30077493468579514,0.21409416986374039,,,
sample,1779737694.4677424,64.87603545188904,2.0829,1.1593367118263171,0.060431473807862665,0,1.3507299988320618,5.348761248996988,137.15211008141034,0.27014669962477744,0.19517789010176162,,,
sample,1779737694.5171032,64.92539620399475,2.0829,0.0,0.060431473807862665,0,1.3507299988320618,5.348761248996988,137.15211008141034,0.27014669962477744,0.19517789010176162,,,
sample,1779737694.5692582,64.97755122184753,2.163,0.9448662044345614,0.055619191712656384,0,1.5595892642288016,5.2633179175116345,137.37777079052333,0.2533015974752476,0.1796019849156785,,,
sample,1779737694.6192503,65.02754330635071,2.163,0.0,0.055619191712656384,0,1.5595892642288016,5.2633179175116345,137.37777079052333,0.2533015974752476,0.1796019849156785,,,
sample,1779737694.667657,65.07594990730286,2.163,0.8968799059324035,0.051499010263245895,0,1.7236626362333796,5.205612680587635,137.55169596342654,0.2317411927658542,0.16627285896865304,,,
sample,1779737694.7180173,65.12631034851074,2.163,0.13335071529031814,0.05003477048646368,0,1.7490421967546317,5.1966865913934335,137.57859944202235,0.22716061129204898,0.1615373096579567,,,
sample,1779737694.7679405,65.17623353004456,2.163,0.9679938413920318,0.045173056202859885,0,1.9630823865031672,5.132845359077616,137.80195768738434,0.20257172377186305,0.14581873578163307,,,
sample,1779737694.8173,65.22559309005737,2.163,0.0,0.045173056202859885,0,1.9630823865031672,5.132845359077616,137.80195768738434,0.20257172377186305,0.14581873578163307,,,
sample,1779737694.869491,65.2777841091156,2.163,0.1308997607040287,0.05434888886280678,0,2.107311129429333,4.993570706382789,138.00245546584915,0.24482188704907895,0.1754918197132488,,,
sample,1779737694.917555,65.32584810256958,2.163,0.0,0.05434888886280678,0,2.107311129429333,4.993570706382789,138.00245546584915,0.24482188704907895,0.1754918197132488,,,
sample,1779737694.968086,65.37637901306152,2.163,0.8169183400486464,0.05434888886280678,0,2.343575811733504,4.935313084780999,138.24579668837214,0.24482188704907895,0.1754918197132488,,,
sample,1779737695.0183063,65.4265992641449,2.163,0.0,0.04911683448057407,0,2.343575811733504,4.935313084780999,138.24579668837214,0.22383783566297588,0.15856893598282862,,,
sample,1779737695.068274,65.476567029953,2.0829,0.8183681425279593,0.04786628632749473,0,2.50216122386452,4.903691428532964,138.4075040230377,0.2121301891111573,0.15452540852577595,,,
sample,1779737695.1164258,65.52471876144409,2.0829,0.08403099836322167,0.046967951751750774,0,2.5178531415356975,4.900562487353553,138.42350485280065,0.20927480181662375,0.15162102959533724,,,
sample,1779737695.168683,65.57697606086731,2.2431,0.7774831091157611,0.0483094332084287,0,2.7522489244019135,4.863652113573805,138.66078898357645,0.21647348982397718,0.15595822536992238,,,
sample,1779737695.2169116,65.62520456314087,2.2431,0.0,0.0483094332084287,0,2.7522489244019135,4.863652113573805,138.66078898357645,0.21647348982397718,0.15595822536992238,,,
sample,1779737695.2686963,65.67698931694031,2.163,0.8112784731161721,0.04869130686775268,0,2.9665072431886084,4.839082122852897,138.87645147826046,0.21852456752129723,0.15719297811372399,,,
sample,1779737695.3170047,65.72529768943787,2.163,0.0,0.04869130686775268,0,2.9665072431886084,4.839082122852897,138.87645147826046,0.21852456752129723,0.15719297811372399,,,
sample,1779737695.3676147,65.77590775489807,2.163,0.35734969796268096,0.04925420773832178,0,3.0897258351086943,4.829161751411823,139.00006877140467,0.22238296270633454,0.15901314930608126,,,
sample,1779737695.4176545,65.82594752311707,2.163,0.0,0.04925420773832178,0,3.0897258351086943,4.829161751411823,139.00006877140467,0.22238296270633454,0.15901314930608126,,,
sample,1779737695.4671655,65.87545847892761,2.0829,0.6179808959734666,0.05641843572004395,0,3.3335120241124536,4.718460227981622,139.267812180733,0.25389632218585667,0.1821882991755991,,,
sample,1779737695.5172987,65.92559170722961,2.0829,0.0,0.05641843572004395,0,3.3335120241124536,4.718460227981622,139.267812180733,0.25389632218585667,0.1821882991755991,,,
sample,1779737695.567696,65.97598910331726,2.2431,0.9188183160200942,0.05715055060735004,0,3.560855844033048,4.713980476976551,139.49520013253598,0.2600359238146666,0.18455759173434952,,,
sample,1779737695.6182373,66.0265302658081,2.2431,0.0,0.05715055060735004,0,3.560855844033048,4.713980476976551,139.49520013253598,0.2600359238146666,0.18455759173434952,,,
sample,1779737695.6672523,66.07554531097412,2.0829,0.0,0.05715055060735004,0,3.560855844033048,4.713980476976551,139.49520013253598,0.2600359238146666,0.18455759173434952,,,
sample,1779737695.7183027,66.12659573554993,2.0829,0.6824272660003938,0.05497615801204455,0,3.8075007293366974,4.717840954680941,139.7418752280251,0.24531878917633526,0.1775213267609741,,,
sample,1779737695.7694466,66.17773962020874,2.163,0.6656682815608918,0.05323722968229782,0,3.9420441396510104,4.726121997691866,139.87667324333822,0.24128827885308285,0.1718954251559112,,,
sample,1779737695.8219576,66.23025059700012,2.163,0.22426035472273198,0.05044814962151624,0,3.9885827549977253,4.728986413529511,139.9232999266481,0.22818808510337177,0.16287416240903352,,,
sample,1779737695.8775988,66.28589177131653,2.163,0.9734296549150153,0.044647710326201476,0,4.21294922439234,4.7550471662432825,140.1491748376511,0.20161182195423485,0.1441206489827114,,,
sample,1779737695.918213,66.32650589942932,2.163,0.0,0.044647710326201476,0,4.21294922439234,4.7550471662432825,140.1491748376511,0.20161182195423485,0.1441206489827114,,,
sample,1779737695.9693637,66.37765669822693,2.163,0.2046888855329036,0.049080364776235307,0,4.399985343140308,4.723915280297901,140.3387841835147,0.2226592454981281,0.15845100771721302,,,
sample,1779737696.0185037,66.4267966747284,2.163,0.0,0.049080364776235307,0,4.399985343140308,4.723915280297901,140.3387841835147,0.2226592454981281,0.15845100771721302,,,
sample,1779737696.0681593,66.47645235061646,2.163,2.176095756013836,0.029450575720042633,0,4.601140656917312,4.771898000635122,140.54558312382068,0.1320188576005429,0.09502933288366383,,,
sample,1779737696.116489,66.52478194236755,2.163,0.0,0.029450575720042633,0,4.601140656917312,4.771898000635122,140.54558312382068,0.1320188576005429,0.09502933288366383,,,
sample,1779737696.1681855,66.57647848129272,2.163,0.5349705456801085,0.02778542491825788,0,4.783109450249576,4.821824152921605,140.73427669135526,0.1250131154026249,0.08965347586916037,,,
sample,1779737696.2180963,66.62638926506042,2.163,0.11943574882916283,0.025422057373272355,0,4.822331862705093,4.832585471395161,140.77494859337767,0.11408404032738635,0.08202430769991668,,,
sample,1779737696.2675006,66.67579364776611,2.163,0.6557517739491535,0.02110076100874904,0,5.018666810111835,4.893356469407031,140.98047359373666,0.09401254205642218,0.06807707488948603,,,
sample,1779737696.3193095,66.72760248184204,2.163,0.0,0.02110076100874904,0,5.018666810111835,4.893356469407031,140.98047359373666,0.09401254205642218,0.06807707488948603,,,
sample,1779737696.378135,66.78642797470093,2.163,0.6788385529879525,0.014329778446234065,0,5.226229995827758,4.9668042674856645,141.20064864933366,0.06371407936003581,0.046228256014691604,,,
sample,1779737696.4225333,66.83082628250122,2.163,0.0,0.014329778446234065,0,5.226229995827758,4.9668042674856645,141.20064864933366,0.06371407936003581,0.046228256014691604,,,
sample,1779737696.4685965,66.87688946723938,2.163,-0.1049488343652778,0.018978190490478844,0,5.429339623079288,4.987584283466211,141.40481850447003,0.08554297833897159,0.061227320283603684,,,
sample,1779737696.5210495,66.92934250831604,2.163,0.0,0.018978190490478844,0,5.429339623079288,4.987584283466211,141.40481850447003,0.08554297833897159,0.061227320283603684,,,
sample,1779737696.5689595,66.97725248336792,2.163,0.10710095243748408,0.02532282941785491,0,5.599936342468165,4.944485427863831,141.58077518101425,0.11341866594247171,0.08170401137088251,,,
sample,1779737696.6180394,67.02633237838745,2.163,0.07616799696254194,0.02449192545713543,0,5.617397216942303,4.950743485137146,141.59932364235846,0.11040249919636272,0.0790220123515557,,,
sample,1779737696.6697586,67.07805156707764,2.2431,-0.04230711901844795,0.02712026386177939,0,5.8351486261202306,5.028249343863667,141.83045744416145,0.12257231557534504,0.08750617703866553,,,
sample,1779737696.7169142,67.12520718574524,2.2431,0.0,0.02712026386177939,0,5.8351486261202306,5.028249343863667,141.83045744416145,0.12257231557534504,0.08750617703866553,,,
sample,1779737696.7702203,67.17851328849792,2.163,-0.013215128258123977,0.029432509322669897,0,6.03614877566344,5.099633310969828,142.04375707115645,0.13251584021392954,0.09497100363701759,,,
sample,1779737696.8169343,67.22522735595703,2.163,0.0,0.029432509322669897,0,6.03614877566344,5.099633310969828,142.04375707115645,0.13251584021392954,0.09497100363701759,,,
sample,1779737696.868556,67.27684903144836,2.163,0.5294749758134191,0.025067198221668818,0,6.244924116881318,5.180269261471707,142.26756345983645,0.1127170549996395,0.08087887092546708,,,
sample,1779737696.921732,67.33002495765686,2.163,0.0,0.025067198221668818,0,6.244924116881318,5.180269261471707,142.26756345983645,0.1127170549996395,0.08087887092546708,,,
sample,1779737696.9691763,67.37746930122375,2.163,0.763388051613266,0.018043871254488926,0,6.4259728718154605,5.258251404200553,142.46469251971294,0.08027388162671878,0.058212354059707073,,,
sample,1779737697.0172338,67.4255268573761,2.163,0.0,0.018043871254488926,0,6.4259728718154605,5.258251404200553,142.46469251971294,0.08027388162671878,0.058212354059707073,,,
sample,1779737697.067997,67.47628998756409,2.2431,0.754440576736763,0.009031383903484612,0,6.607948222463611,5.329194190267972,142.6600074119729,0.04068767060756029,0.029134288588604333,,,
sample,1779737697.1171224,67.52541542053223,2.2431,0.0,0.009031383903484612,0,6.607948222463611,5.329194190267972,142.6600074119729,0.04068767060756029,0.029134288588604333,,,
sample,1779737697.1662781,67.57457113265991,2.2431,0.0,0.009031383903484612,0,6.607948222463611,5.329194190267972,142.6600074119729,0.04068767060756029,0.029134288588604333,,,
sample,1779737697.2195153,67.62780833244324,2.163,0.5272186003406734,0.0010464659573935125,0,6.820849135005005,5.43520861402034,142.89784318851736,0.004663021411283563,0.0033756978689854747,,,
sample,1779737697.2671616,67.67545461654663,2.163,0.3296719618461588,-0.0009310482940265025,0,6.911609375559085,5.484644707719319,143.00119379870253,-0.0042018893719397215,-0.003003382461462219,,,
sample,1779737697.3175855,67.72587847709656,2.163,0.23565443094528882,-0.003874170869135976,0,6.9802681888691325,5.522042399785083,143.07937704509834,-0.01727804883376765,-0.012497387909636715,,,
sample,1779737697.3674219,67.77571487426758,2.163,0.21370750776803604,-0.007074240188811898,0,7.167140182546003,5.626478742894992,143.2934520127684,-0.031447280805643456,-0.022820510325788648,,,
sample,1779737697.4170601,67.82535314559937,2.163,0.0,-0.007074240188811898,0,7.167140182546003,5.626478742894992,143.2934520127684,-0.031447280805643456,-0.022820510325788648,,,
sample,1779737697.4682746,67.87656760215759,2.2431,0.4531038196515328,-0.01690591565338691,0,7.3693258787334575,5.745536697005516,143.5280875859021,-0.07610261739554788,-0.05454040794850339,,,
sample,1779737697.5165367,67.9248297214508,2.2431,0.0,-0.01690591565338691,0,7.3693258787334575,5.745536697005516,143.5280875859021,-0.07610261739554788,-0.05454040794850339,,,
sample,1779737697.5683348,67.97662782669067,2.163,-0.17070690982011358,-0.012026127999591966,0,7.558527183886088,5.796666566236912,143.72407584422152,-0.05350763051559209,-0.03879583162504599,,,
sample,1779737697.616558,68.0248510837555,2.163,0.0,-0.012026127999591966,0,7.558527183886088,5.796666566236912,143.72407584422152,-0.05350763051559209,-0.03879583162504599,,,
sample,1779737697.668433,68.07672595977783,2.2431,-0.07138889565582483,-0.01021501355367742,0,7.714284641725335,5.885687946532418,143.90347816255175,-0.045444908823359456,-0.032952802802639306,,,
sample,1779737697.7171679,68.1254608631134,2.2431,-0.017190210885309427,-0.010026841664103704,0,7.749520303157423,5.905826482817124,143.9440627961,-0.045252824120747485,-0.03234573452364011,,,
sample,1779737697.7673774,68.17567038536072,2.2431,-0.05767056863243921,-0.012268676053736001,0,7.937731703057187,6.01267472172731,144.1604884812911,-0.05437010459119254,-0.039578360170511875,,,
sample,1779737697.8172245,68.2255175113678,2.2431,0.0,-0.012268676053736001,0,7.937731703057187,6.01267472172731,144.1604884812911,-0.05437010459119254,-0.039578360170511875,,,
sample,1779737697.8672178,68.27551078796387,2.163,-0.20777675671891635,-0.01067426697627624,0,8.129682171122829,6.119024530480723,144.3799315582211,-0.04722536139301678,-0.034434427107504856,,,
sample,1779737697.9173872,68.32568025588989,2.163,0.0,-0.01067426697627624,0,8.129682171122829,6.119024530480723,144.3799315582211,-0.04722536139301678,-0.034434427107504856,,,
sample,1779737697.9695504,68.37784337997437,2.2431,-0.20102116361001948,-0.00886791065080441,0,8.336871229783513,6.230994078876426,144.6154405512482,-0.039390410311914134,-0.028606913274644076,,,
sample,1779737698.0260084,68.43430137634277,2.2431,0.0,-0.00886791065080441,0,8.336871229783513,6.230994078876426,144.6154405512482,-0.039390410311914134,-0.028606913274644076,,,
sample,1779737698.0674922,68.47578525543213,2.163,-0.3396613979123107,-0.007659364966442257,0,8.498270842192305,6.314950137961318,144.7973703584343,-0.034322044604467694,-0.0247081121002084,,,
sample,1779737698.1176984,68.52599143981934,2.163,-0.4005860204939247,6.923873197475513e-05,0,8.48003036876349,6.260118850218765,144.85515603993426,0.00030581266151620876,0.00022335074866257644,,,
sample,1779737698.1669204,68.57521343231201,2.2431,-0.29757627303811707,0.003664018122354847,0,8.702633492653987,6.36703640626191,145.10210444457792,0.016316857851308996,0.011819466190190874,,,
sample,1779737698.2164166,68.62470960617065,2.2431,0.0,0.003664018122354847,0,8.702633492653987,6.36703640626191,145.10210444457792,0.016316857851308996,0.011819466190190874,,,
sample,1779737698.267649,68.67594194412231,2.2431,-0.45036099216428044,0.003664018122354847,0,8.941720707632072,6.474822186933785,145.36436475587382,0.016316857851308996,0.011819466190190874,,,
sample,1779737698.3175302,68.7258231639862,2.2431,0.0,0.009552108635150186,0,8.941720707632072,6.474822186933785,145.36436475587382,0.04313427396527052,0.030814190858281704,,,
sample,1779737698.3675818,68.77587485313416,2.163,-0.26035890573342624,0.018576291470283102,0,9.119707191297632,6.552287743949201,145.55847838468782,0.08370356102519617,0.05993041459842574,,,
sample,1779737698.4164681,68.82476115226746,2.163,0.0,0.018576291470283102,0,9.119707191297632,6.552287743949201,145.55847838468782,0.08370356102519617,0.05993041459842574,,,
sample,1779737698.468035,68.8763279914856,2.163,0.3279573898208439,0.011848919826402788,0,9.293110485615582,6.631602893501043,145.7491603068219,0.05316476218073673,0.03822411088630228,,,
sample,1779737698.519516,68.92780900001526,2.163,0.030601064766705332,0.01149816134217733,0,9.309263478242586,6.638991317296334,145.7669228510368,0.05316476218073673,0.03822411088630228,,,
sample,1779737698.5726013,68.9808943271637,2.2431,0.022074362834390435,0.006588442454770138,0,9.511817049775548,6.73192705539684,145.9897793087782,0.029497626637913783,0.02125334769632193,,,
sample,1779737698.6197896,69.02808260917664,2.2431,0.0,0.006588442454770138,0,9.511817049775548,6.73192705539684,145.9897793087782,0.029497626637913783,0.02125334769632193,,,
sample,1779737698.6695576,69.07785058021545,2.2431,0.9087204643945117,-0.00776376136957177,0,9.648119204864457,6.835329844886313,146.16086529404902,-0.034896588511595904,-0.02504489471871597,,,
sample,1779737698.7179253,69.12621831893921,2.2431,0.0,-0.00776376136957177,0,9.648119204864457,6.835329844886313,146.16086529404902,-0.034896588511595904,-0.02504489471871597,,,
sample,1779737698.7692103,69.17750334739685,2.163,0.3904817845507941,-0.012776655428226983,0,9.851724008883528,6.945350769404399,146.39229459221903,-0.05760466402099281,-0.04121726034351649,,,
sample,1779737698.8176153,69.22590827941895,2.163,0.0,-0.012776655428226983,0,9.851724008883528,6.945350769404399,146.39229459221903,-0.05760466402099281,-0.04121726034351649,,,
sample,1779737698.8691568,69.2774498462677,2.163,0.15604928706906593,-0.015263985041744102,0,10.027214475865273,7.042045806195644,146.59266134131062,-0.06826174754132071,-0.04924248580748812,,,
sample,1779737698.917591,69.32588410377502,2.163,0.003114015181455059,-0.01529765314789126,0,10.030505321384407,7.043859058129038,146.59641867371602,-0.06850345213922579,-0.04935111796552892,,,
sample,1779737698.9719753,69.38026833534241,2.2431,-0.36931171693536274,-0.06743079284048685,0,10.225101032615642,7.146041165705661,146.81621101648162,-0.3086516562867516,-0.21784896672635662,,,
sample,1779737699.0175898,69.4258828163147,2.2431,0.0,-0.06743079284048685,0,10.225101032615642,7.146041165705661,146.81621101648162,-0.3086516562867516,-0.21784896672635662,,,
sample,1779737699.0839443,69.49223732948303,2.2431,-0.19466692544585873,-0.15522474377932163,0,10.430461403195517,7.250514344648598,147.0466183230566,-0.7848096570763745,-0.5047857310716476,,,
sample,1779737699.1175957,69.52588868141174,2.2431,0.0,-0.15522474377932163,0,10.430461403195517,7.250514344648598,147.0466183230566,-0.7848096570763745,-0.5047857310716476,,,
sample,1779737699.1694827,69.57777571678162,2.2431,0.0014395961925359223,-0.1739459354180148,0,10.541719444427427,7.279910741682785,147.16169438441324,-0.9085884364428226,-0.5668445266954318,,,
sample,1779737699.2182384,69.62653136253357,2.2431,-0.1406158433174366,-0.17988533227415837,0,10.614909205556064,7.31652202087275,147.2435303599863,-0.9567660731401421,-0.586616344527891,,,
sample,1779737699.2687225,69.67701554298401,2.2431,-0.2961061325580763,-0.19177775130552513,0,10.809115638837657,7.410065861803939,147.4590914624703,-1.0671765544518113,-0.6263354027534995,,,
sample,1779737699.318139,69.72643208503723,2.2431,0.0,-0.19177775130552513,0,10.809115638837657,7.410065861803939,147.4590914624703,-1.0671765544518113,-0.6263354027534995,,,
sample,1779737699.3683417,69.77663469314575,2.2431,-1.945237021804381,-0.19514297827305252,0,11.026095549820099,7.489570372784303,147.6901785651744,-1.0956299003574261,-0.637607632721852,,,
sample,1779737699.4176464,69.82593941688538,2.2431,0.0,-0.19514297827305252,0,11.026095549820099,7.489570372784303,147.6901785651744,-1.0956299003574261,-0.637607632721852,,,
sample,1779737699.4674377,69.87573075294495,2.4033,-2.722156283965399,-0.19504282159422748,0,11.248230362438195,7.538237945266672,147.9175821878109,-1.077938691948763,-0.6372719307115438,,,
sample,1779737699.51774,69.92603302001953,2.4033,0.0,-0.19504282159422748,0,11.248230362438195,7.538237945266672,147.9175821878109,-1.077938691948763,-0.6372719307115438,,,
sample,1779737699.567517,69.97581005096436,2.3232,-2.3466114294569125,-0.1887867650151229,0,11.422591750073561,7.547266882802917,148.09217719120778,-1.033500012692248,-0.6163291019784437,,,
sample,1779737699.6219509,70.03024387359619,2.3232,-0.8659755106865645,-0.18721651740627634,0,11.492956409635758,7.550910568624428,148.1626361279133,-1.0177949798965864,-0.6110804496902235,,,
sample,1779737699.6701865,70.07847952842712,2.4033,-3.2070350667754313,-0.17901922899469827,0,11.71447067387715,7.528023253185032,148.3853296358349,-0.9539501525253239,-0.5837305236483585,,,
sample,1779737699.718735,70.12702798843384,2.4033,0.0,-0.17901922899469827,0,11.71447067387715,7.528023253185032,148.3853296358349,-0.9539501525253239,-0.5837305236483585,,,
sample,1779737699.7682154,70.17650842666626,2.3232,-3.764964178002167,-0.1602644610842567,0,11.817382064656314,7.447580691534107,148.515950308307,-0.8116095642263879,-0.5214542608207797,,,
sample,1779737699.8177552,70.22604823112488,2.3232,0.0,-0.1602644610842567,0,11.817382064656314,7.447580691534107,148.515950308307,-0.8116095642263879,-0.5214542608207797,,,
sample,1779737699.8684304,70.27672338485718,2.3232,-1.2192444493190728,-0.15722205027561503,0,11.915436225169069,7.401350745983497,148.6243561488299,-0.7894190823221521,-0.511388496290454,,,
sample,1779737699.9177835,70.32607650756836,2.3232,-1.8141290034411424,-0.15335027657213884,0,12.057526046262526,7.334359150133855,148.7814465405566,-0.7574893248228525,-0.49859280650442533,,,
sample,1779737699.9690547,70.37734770774841,2.3232,-2.950682814340778,-0.13692208267792585,0,12.210519473370338,7.228055663427279,148.96774581598237,-0.6621273155041835,-0.44446517557633747,,,
sample,1779737700.0173187,70.42561173439026,2.3232,-0.31889994202797134,-0.13423535813899362,0,12.226084675129735,7.2172405895408085,148.9866994786622,-0.6507876483189069,-0.43563703329241915,,,
sample,1779737700.068034,70.47632694244385,2.3232,-3.0072826276654565,-0.11745884007751299,0,12.396711309944013,7.055146645379595,149.22204580908138,-0.5602866814278257,-0.3806516599390257,,,
sample,1779737700.117452,70.52574491500854,2.3232,0.0,-0.11745884007751299,0,12.396711309944013,7.055146645379595,149.22204580908138,-0.5602866814278257,-0.3806516599390257,,,
sample,1779737700.1754847,70.58377766609192,2.3232,-2.519543211922346,-0.10118803141383285,0,12.539369067816976,6.873152731226769,149.4532881509438,-0.4686515491592977,-0.32753163576868416,,,
sample,1779737700.2325733,70.64086627960205,2.3232,0.0,-0.10118803141383285,0,12.539369067816976,6.873152731226769,149.4532881509438,-0.4686515491592977,-0.32753163576868416,,,
sample,1779737700.2692325,70.6775255203247,2.2431,-2.1508477029555024,-0.08900947532625865,0,12.604920661870695,6.761807724250289,149.5824962082064,-0.41182553870716804,-0.28788802383618334,,,
sample,1779737700.322015,70.73030805587769,2.2431,0.0,-0.08900947532625865,0,12.604920661870695,6.761807724250289,149.5824962082064,-0.41182553870716804,-0.28788802383618334,,,
sample,1779737700.3793197,70.78761267662048,2.3232,0.0,-0.08900947532625865,0,12.604920661870695,6.761807724250289,149.5824962082064,-0.41182553870716804,-0.28788802383618334,,,
sample,1779737700.4171724,70.82546544075012,2.3232,0.0,-0.08900947532625865,0,12.604920661870695,6.761807724250289,149.5824962082064,-0.41182553870716804,-0.28788802383618334,,,
sample,1779737700.468085,70.8763780593872,2.3232,-3.3273409281930126,-0.06951706461906683,0,12.81859185240507,6.532289127105877,149.89607899488246,-0.31863130942017903,-0.22461053145381984,,,
sample,1779737700.5170093,70.92530226707458,2.3232,0.0,-0.06951706461906683,0,12.81859185240507,6.532289127105877,149.89607899488246,-0.31863130942017903,-0.22461053145381984,,,
sample,1779737700.5702677,70.97856068611145,2.2431,-1.4208638124525252,-0.06253681535902816,0,12.883401155149118,6.354583582220541,150.08523371040698,-0.2842023311794496,-0.20199505547034027,,,
sample,1779737700.6183488,71.02664184570312,2.2431,0.0,-0.06253681535902816,0,12.883401155149118,6.354583582220541,150.08523371040698,-0.2842023311794496,-0.20199505547034027,,,
sample,1779737700.673262,71.08155488967896,2.3232,-1.6215703698390973,-0.05583458788876372,0,12.944735002616984,6.1162225289225125,150.33135935428538,-0.25231614113701967,-0.18029897354185362,,,
sample,1779737700.720858,71.12915110588074,2.3232,0.0,-0.05583458788876372,0,12.944735002616984,6.1162225289225125,150.33135935428538,-0.25231614113701967,-0.18029897354185362,,,
sample,1779737700.772021,71.18031406402588,2.2431,-1.201346672466439,-0.05310161412622874,0,12.980725638953357,5.924331606965996,150.52659626635176,-0.23871040889216041,-0.17145671656411426,,,
sample,1779737700.8201773,71.22847032546997,2.2431,0.0,-0.05310161412622874,0,12.980725638953357,5.924331606965996,150.52659626635176,-0.23871040889216041,-0.17145671656411426,,,
sample,1779737700.8674839,71.27577686309814,2.163,0.0,-0.05310161412622874,0,12.980725638953357,5.924331606965996,150.52659626635176,-0.23871040889216041,-0.17145671656411426,,,
sample,1779737700.9186063,71.32689929008484,2.163,0.0,-0.05310161412622874,0,12.980725638953357,5.924331606965996,150.52659626635176,-0.23871040889216041,-0.17145671656411426,,,
sample,1779737700.9787042,71.38699722290039,2.3232,0.0,-0.05310161412622874,0,12.980725638953357,5.924331606965996,150.52659626635176,-0.23871040889216041,-0.17145671656411426,,,
sample,1779737701.0214646,71.42975759506226,2.3232,0.0,-0.05310161412622874,0,12.980725638953357,5.924331606965996,150.52659626635176,-0.23871040889216041,-0.17145671656411426,,,
sample,1779737701.0694897,71.47778272628784,2.2431,0.0,-0.05310161412622874,0,12.980725638953357,5.924331606965996,150.52659626635176,-0.23871040889216041,-0.17145671656411426,,,
sample,1779737701.118265,71.52655792236328,2.2431,0.0,-0.05310161412622874,0,12.980725638953357,5.924331606965996,150.52659626635176,-0.23871040889216041,-0.17145671656411426,,,
sample,1779737701.1709635,71.57925653457642,2.2431,-3.757870619521134,-0.050460896936077186,0,13.15289467539889,5.258595097733335,151.2142351809253,-0.22992622912373337,-0.16291538763492805,,,
sample,1779737701.2183554,71.62664842605591,2.2431,0.0,-0.050460896936077186,0,13.15289467539889,5.258595097733335,151.2142351809253,-0.22992622912373337,-0.16291538763492805,,,
sample,1779737701.2710638,71.67935681343079,2.163,-0.6312717111306047,-0.05839732629172822,0,13.143282703428,5.020769403915789,151.45225503439337,-0.2655573115447852,-0.1885929035041455,,,
sample,1779737701.317656,71.72594904899597,2.163,0.0,-0.05839732629172822,0,13.143282703428,5.020769403915789,151.45225503439337,-0.2655573115447852,-0.1885929035041455,,,
sample,1779737701.3680713,71.77636432647705,2.2431,-0.14888705568135657,-0.0691056295764458,0,13.247166398355798,4.915373186862797,151.60024214410544,-0.316134150466719,-0.22327692514428277,,,
sample,1779737701.4179533,71.82624626159668,2.2431,0.0,-0.0691056295764458,0,13.247166398355798,4.915373186862797,151.60024214410544,-0.316134150466719,-0.22327692514428277,,,
sample,1779737701.4708416,71.87913465499878,2.2431,-0.5556152590350346,-0.07361172808621734,0,13.231442021228002,4.734537971748789,151.78175972193577,-0.3348518160858453,-0.23788702107201878,,,
sample,1779737701.5214682,71.92976117134094,2.2431,-0.17625596091062518,-0.0753049076711433,0,13.226667159825674,4.679625584325656,151.83687931549306,-0.34114849118463125,-0.24337928513595816,,,
sample,1779737701.5685482,71.97684121131897,2.2431,-1.163397674156296,-0.07363771319019673,0,13.195556591023191,4.461246046371793,152.05746374397376,-0.33444013945869216,-0.2379713000055735,,,
sample,1779737701.6173818,72.02567481994629,2.2431,0.0,-0.07363771319019673,0,13.195556591023191,4.461246046371793,152.05746374397376,-0.33444013945869216,-0.2379713000055735,,,
sample,1779737701.668728,72.07702112197876,2.2431,-0.5951124352806871,-0.0767555759265649,0,13.155234143796026,4.229219929195846,152.29296749936236,-0.3517558909089967,-0.24808601632247504,,,
sample,1779737701.717366,72.12565898895264,2.2431,0.0,-0.0767555759265649,0,13.155234143796026,4.229219929195846,152.29296749936236,-0.3517558909089967,-0.24808601632247504,,,
sample,1779737701.770649,72.17894196510315,2.2431,-0.5269946154074013,-0.08008858115569623,0,13.114299449476757,4.0274335187464265,152.49886408661206,-0.3661412004211452,-0.2589040511102463,,,
sample,1779737701.8189058,72.22719883918762,2.2431,0.0,-0.08008858115569623,0,13.114299449476757,4.0274335187464265,152.49886408661206,-0.3661412004211452,-0.2589040511102463,,,
sample,1779737701.8672056,72.27549862861633,2.2431,-1.4672176191496094,-0.06766446018603332,0,13.088127422391423,3.9436620190974914,152.58662876717997,-0.3088340657342568,-0.2186061820418126,,,
sample,1779737701.918006,72.32629895210266,2.2431,-0.11020979039145509,-0.06919094097028321,0,13.077994847793335,3.907969875451675,152.62373130329303,-0.3121767100309729,-0.22355344325039925,,,
sample,1779737701.9696312,72.37792420387268,2.2431,-0.6255705305859203,-0.07485504005258965,0,13.005392051502337,3.6804614545738135,152.86254346294913,-0.34252410190928934,-0.24191988806609283,,,
sample,1779737702.017043,72.42533612251282,2.2431,0.0,-0.07485504005258965,0,13.005392051502337,3.6804614545738135,152.86254346294913,-0.34252410190928934,-0.24191988806609283,,,
sample,1779737702.0682096,72.47650265693665,2.2431,-0.6332509409780587,-0.08893966635953116,0,12.93628952851386,3.485920483871208,153.06899284649214,-0.4050601437903961,-0.2876610414573837,,,
sample,1779737702.1180282,72.52632117271423,2.2431,0.0,-0.08893966635953116,0,12.93628952851386,3.485920483871208,153.06899284649214,-0.4050601437903961,-0.2876610414573837,,,
sample,1779737702.1704974,72.57879042625427,2.2431,-1.0810146331528625,-0.0951777758379769,0,12.848026600685028,3.2760052982657357,153.29670918226253,-0.44081683899852725,-0.3079555489219126,,,
sample,1779737702.216654,72.62494707107544,2.2431,0.0,-0.0951777758379769,0,12.848026600685028,3.2760052982657357,153.29670918226253,-0.44081683899852725,-0.3079555489219126,,,
sample,1779737702.2678568,72.67614984512329,2.2431,-0.7071906262476529,-0.10199575423268384,0,12.763243918613817,3.095458259940891,153.49617180088333,-0.48008327619646346,-0.3301642712471793,,,
sample,1779737702.3242617,72.73255467414856,2.2431,-0.0848521283593615,-0.10460490823477085,0,12.752037774781058,3.0715944704190163,153.52253575563114,-0.49040388297390697,-0.3386713583219203,,,
sample,1779737702.3723361,72.78062915802002,2.2431,-1.1568877122346015,-0.11083944939827818,0,12.643275540993606,2.869945068257328,153.75164643825113,-0.5220966206576854,-0.3590180413032542,,,
sample,1779737702.4180753,72.82636833190918,2.2431,0.0,-0.11083944939827818,0,12.643275540993606,2.869945068257328,153.75164643825113,-0.5220966206576854,-0.3590180413032542,,,
sample,1779737702.4722269,72.88051986694336,2.2431,-0.15782363347057113,-0.11250725772898386,0,12.623449106476851,2.8370188302487973,153.7900811186198,-0.5290507638920678,-0.3644657252522866,,,
sample,1779737702.5211344,72.9294273853302,2.2431,0.0,-0.11250725772898386,0,12.623449106476851,2.8370188302487973,153.7900811186198,-0.5290507638920678,-0.3644657252522866,,,
sample,1779737702.5682416,72.97653460502625,2.2431,0.0,-0.11250725772898386,0,12.623449106476851,2.8370188302487973,153.7900811186198,-0.5290507638920678,-0.3644657252522866,,,
sample,1779737702.6186786,73.02697157859802,2.2431,0.0,-0.11250725772898386,0,12.623449106476851,2.8370188302487973,153.7900811186198,-0.5290507638920678,-0.3644657252522866,,,
sample,1779737702.6695817,73.07787466049194,2.2431,-5.549777643782011,-0.08392145593304824,0,12.198229833413118,2.484584940309037,154.34236825133513,-0.3857129413593188,-0.2713516994988709,,,
sample,1779737702.7171597,73.12545275688171,2.2431,-0.13794785163562573,-0.08256939464891329,0,12.186557463308565,2.4730714488015657,154.35876351621712,-0.38130759652038865,-0.2669598463769481,,,
sample,1779737702.7681634,73.17645645141602,2.3232,-1.4716863855079427,-0.0796654218795751,0,12.011215372194085,2.324335344591928,154.5886923695867,-0.36498594040559146,-0.25753027463758404,,,
sample,1779737702.8180976,73.22639060020447,2.3232,0.0,-0.0796654218795751,0,12.011215372194085,2.324335344591928,154.5886923695867,-0.36498594040559146,-0.25753027463758404,,,
sample,1779737702.876808,73.28510093688965,2.163,-1.2308179133223598,-0.07374111339330053,0,11.840354784281894,2.1994381168248354,154.80033512992972,-0.33799268773898405,-0.23830666683967142,,,
sample,1779737702.9170005,73.32529354095459,2.163,0.0,-0.07374111339330053,0,11.840354784281894,2.1994381168248354,154.80033512992972,-0.33799268773898405,-0.23830666683967142,,,
sample,1779737702.9685354,73.37682843208313,2.2431,-1.3813671581618694,-0.0676136529204896,0,11.665721298762307,2.081330983617766,155.01115768370212,-0.3096647443943187,-0.2184415355200885,,,
sample,1779737703.0167964,73.42508935928345,2.2431,0.0,-0.0676136529204896,0,11.665721298762307,2.081330983617766,155.01115768370212,-0.3096647443943187,-0.2184415355200885,,,
sample,1779737703.0714817,73.47977471351624,2.2431,-1.5901139445344068,-0.05700880655445059,0,11.521224339546219,1.9962383562600363,155.17884825127626,-0.25653497487178883,-0.18409885988620692,,,
sample,1779737703.117051,73.5253438949585,2.2431,-0.05508033703518367,-0.056464301786631255,0,11.514114726717583,1.9926218320195555,155.18682483213243,-0.2547316977824023,-0.18233672656170732,,,
sample,1779737703.1695778,73.57787084579468,2.2431,-1.1282800539282254,-0.04984966374802496,0,11.31208228973645,1.904499057981425,155.40723973384442,-0.22587391543084429,-0.16093869931717594,,,
sample,1779737703.2167318,73.62502479553223,2.2431,0.0,-0.04984966374802496,0,11.31208228973645,1.904499057981425,155.40723973384442,-0.22587391543084429,-0.16093869931717594,,,
sample,1779737703.2678,73.67609310150146,2.2431,-0.8272804615241413,-0.046349032517858296,0,11.109787261420017,1.8262560547591822,155.62413889482661,-0.21093043357244695,-0.14962016311740595,,,
sample,1779737703.3166814,73.7249743938446,2.2431,0.0,-0.046349032517858296,0,11.109787261420017,1.8262560547591822,155.62413889482661,-0.21093043357244695,-0.14962016311740595,,,
sample,1779737703.3676386,73.77593159675598,2.2431,-0.5569600672157768,-0.0452812593350737,0,10.95677288387596,1.7745455488515307,155.7856547645002,-0.20313542449960817,-0.14616849308337948,,,
sample,1779737703.417129,73.82542204856873,2.2431,-0.2986126647950898,-0.04329517929717667,0,10.877096018073717,1.7476191181075713,155.8697584838988,-0.1964089975740273,-0.13974919829299504,,,
sample,1779737703.4671702,73.8754632472992,2.163,-0.7300118740246213,-0.03983337415887412,0,10.682887211578732,1.689799007891687,156.0723917133198,-0.18057926975765093,-0.12856275928966904,,,
sample,1779737703.5166523,73.92494535446167,2.163,0.0,-0.03983337415887412,0,10.682887211578732,1.689799007891687,156.0723917133198,-0.18057926975765093,-0.12856275928966904,,,
sample,1779737703.5685809,73.9768738746643,2.2431,-0.08767054042930296,-0.03983337415887412,0,10.575227288419983,1.5520174115822924,156.24724716029277,-0.18057926975765093,-0.12856275928966904,,,
sample,1779737703.617282,74.02557492256165,2.2431,0.0,-0.05021580877279936,0,10.575227288419983,1.5520174115822924,156.24724716029277,-0.22595151760327647,-0.16212277390510643,,,
sample,1779737703.6687772,74.07707023620605,2.2431,-0.8008716868728455,-0.0440336553853664,0,10.393602676462471,1.5068827601868933,156.43439586166497,-0.20012260075635616,-0.14213592693258484,,,
sample,1779737703.718025,74.12631797790527,2.2431,0.0,-0.0440336553853664,0,10.393602676462471,1.5068827601868933,156.43439586166497,-0.20012260075635616,-0.14213592693258484,,,
sample,1779737703.7692986,74.17759156227112,2.2431,-0.6341711311701022,-0.04010644233849467,0,10.223713011309044,1.4725804775036961,156.60771390724366,-0.18017104775993495,-0.1294450331553188,,,
sample,1779737703.8180308,74.22632384300232,2.2431,-0.2426398196591955,-0.03828408607297555,0,10.161933335421118,1.4601065939130127,156.67074029953017,-0.17263967929137786,-0.12355742260133087,,,
sample,1779737703.8685803,74.27687335014343,2.163,-0.749136950378471,-0.03248890635600377,0,9.95285976309967,1.4260741472584149,156.88256561923617,-0.1467936388077501,-0.10483981348076289,,,
sample,1779737703.917252,74.32554507255554,2.163,0.0,-0.03248890635600377,0,9.95285976309967,1.4260741472584149,156.88256561923617,-0.1467936388077501,-0.10483981348076289,,,
sample,1779737703.9690638,74.37735676765442,2.2431,-0.8180043259333604,-0.025499166606024356,0,9.730366607605047,1.3994762984192466,157.10664294920247,-0.11392724172795549,-0.08227320847379462,,,
sample,1779737704.017357,74.4256501197815,2.2431,0.0,-0.025499166606024356,0,9.730366607605047,1.3994762984192466,157.10664294920247,-0.11392724172795549,-0.08227320847379462,,,
sample,1779737704.0669465,74.47523951530457,2.2431,0.0,-0.025499166606024356,0,9.730366607605047,1.3994762984192466,157.10664294920247,-0.11392724172795549,-0.08227320847379462,,,
sample,1779737704.1172595,74.52555251121521,2.2431,-0.6895346148581692,-0.021540714386421536,0,9.518915836799467,1.3504627035074046,157.32369999460863,-0.09656044734114633,-0.06949692468531822,,,
sample,1779737704.167846,74.57613897323608,2.2431,-0.3200971240448006,-0.018422041542854192,0,9.400851047748553,1.3430922494718907,157.44199461835092,-0.0830716758203097,-0.059432663865969175,,,
sample,1779737704.2172148,74.62550783157349,2.2431,-0.11644006723508249,-0.017396430834740195,0,9.358936976354705,1.3404756714122252,157.48399028314563,-0.07820927794725517,-0.0561231805639644,,,
sample,1779737704.2664979,74.67479085922241,2.2431,0.0,-0.017396430834740195,0,9.358936976354705,1.3404756714122252,157.48399028314563,-0.07820927794725517,-0.0561231805639644,,,
sample,1779737704.3203194,74.72861242294312,2.163,-0.2651612006830551,-0.015260815271049699,0,9.100705140912016,1.3280516285214656,157.74252081843665,-0.06861961108033378,-0.049232258358526196,,,
sample,1779737704.369882,74.77817511558533,2.2431,-0.3928046698661191,-0.011314751832110935,0,8.921487779202032,1.322923458184908,157.92181153450775,-0.05060323839808067,-0.03650075712460334,,,
sample,1779737704.4185324,74.82682538032532,2.2431,0.0,-0.011314751832110935,0,8.921487779202032,1.322923458184908,157.92181153450775,-0.05060323839808067,-0.03650075712460334,,,
sample,1779737704.4684305,74.87672352790833,2.2431,-0.5771770346890587,-0.00487393459939632,0,8.692873451792199,1.3229677226931789,158.15042586620285,-0.022012133752493813,-0.015722494172868688,,,
sample,1779737704.5185678,74.92686080932617,2.2431,0.0,-0.00487393459939632,0,8.692873451792199,1.3229677226931789,158.15042586620285,-0.022012133752493813,-0.015722494172868688,,,
sample,1779737704.5696697,74.97796273231506,2.163,0.15484333712679416,-0.01002605696305293,0,8.578699051484358,1.2802392401894676,158.27233368753818,-0.04470136343306605,-0.03234320297544072,,,
sample,1779737704.616527,75.02482008934021,2.163,-0.036210243064802014,-0.00964576423270001,0,8.545944826116383,1.2800419769522848,158.30508850691245,-0.04350676068870758,-0.031116333527752324,,,
sample,1779737704.6677082,75.07600116729736,2.2431,-0.15640099213164355,-0.003878838294586926,0,8.322134808712732,1.2804856397680462,158.52889896405625,-0.01733722799041964,-0.012512444347025125,,,
sample,1779737704.7168217,75.12511467933655,2.2431,0.0,-0.003878838294586926,0,8.322134808712732,1.2804856397680462,158.52889896405625,-0.01733722799041964,-0.012512444347025125,,,
sample,1779737704.7693763,75.1776692867279,2.2431,-0.2766933078553611,-0.00036418257808078653,0,8.104436969365683,1.284083168065662,158.74662652654254,-0.0016379798291616067,-0.001174782561874748,,,
sample,1779737704.818482,75.22677493095398,2.2431,0.0,-0.00036418257808078653,0,8.104436969365683,1.284083168065662,158.74662652654254,-0.0016379798291616067,-0.001174782561874748,,,
sample,1779737704.8686056,75.27689862251282,2.163,-0.04487567879097983,0.0003734836044583923,0,7.952032583838366,1.2871327890345776,158.89906142056623,0.0016812827501269212,0.0012047858768520527,,,
sample,1779737704.9183934,75.3266863822937,2.163,-0.024789854366076745,0.0008058686640254142,0,7.868406849293915,1.2888061450389032,158.98270389541253,0.0036067391198889953,0.0025995768983086832,,,
sample,1779737704.9675646,75.37585759162903,2.2431,-0.22070288904560836,0.003718513196203436,0,7.655310324667951,1.295384310761179,159.19590192793612,0.01672145445183411,0.011995259146282156,,,
sample,1779737705.0182393,75.42653226852417,2.2431,0.0,0.003718513196203436,0,7.655310324667951,1.295384310761179,159.19590192793612,0.01672145445183411,0.011995259146282156,,,
sample,1779737705.0675848,75.47587776184082,2.163,0.04165592235200521,0.003830825554608014,0,7.441495832855001,1.3015447456565403,159.4098051487331,0.017008183910055735,0.012357562239117008,,,
sample,1779737705.11666,75.52495312690735,2.163,0.0,0.003830825554608014,0,7.441495832855001,1.3015447456565403,159.4098051487331,0.017008183910055735,0.012357562239117008,,,
sample,1779737705.167114,75.57540702819824,2.2431,0.4914816957863252,-0.00428066878329297,0,7.304049629612727,1.2697493965396454,159.55088102551997,-0.019255032113957703,-0.013808693322542705,,,
sample,1779737705.216889,75.62518191337585,2.2431,0.0,-0.00428066878329297,0,7.304049629612727,1.2697493965396454,159.55088102551997,-0.019255032113957703,-0.013808693322542705,,,
sample,1779737705.2674,75.67569303512573,2.163,0.2301494395987394,-0.010966823591808249,0,7.142607090741633,1.2677802434285024,159.71233557305928,-0.04952069622443364,-0.03537826863670125,,,
sample,1779737705.3173773,75.725670337677,2.163,0.09161047523056821,-0.012076159489733323,0,7.079024386987779,1.2670047100419037,159.77592300631997,-0.05383463760933488,-0.03895724696998776,,,
sample,1779737705.3674614,75.77575445175171,2.2431,0.32835686624280397,-0.016212130407814277,0,6.856955619664962,1.2606424551533773,159.99808289403046,-0.07286342190857627,-0.052301777158213075,,,
sample,1779737705.4175067,75.82579970359802,2.2431,0.0,-0.016212130407814277,0,6.856955619664962,1.2606424551533773,159.99808289403046,-0.07286342190857627,-0.052301777158213075,,,
sample,1779737705.4705462,75.87883925437927,2.163,0.14676248766129885,-0.018659955410016672,0,6.63972542579671,1.2527260585358964,160.21545728641246,-0.08291479807460637,-0.060200391847764996,,,
sample,1779737705.5167155,75.92500853538513,2.163,0.0,-0.018659955410016672,0,6.63972542579671,1.2527260585358964,160.21545728641246,-0.08291479807460637,-0.060200391847764996,,,
sample,1779737705.57383,75.9821228981018,2.163,0.032766615087482305,-0.019000129671732428,0,6.4322727344539,1.244777199160741,160.42306220810445,-0.08567623142929721,-0.06129811736156008,,,
sample,1779737705.6172621,76.02555513381958,2.163,0.0,-0.019685378341501174,0,6.4322727344539,1.244777199160741,160.42306220810445,-0.08770168381118768,-0.06350942426795905,,,
sample,1779737705.6714828,76.0797758102417,2.2431,-0.018652403917518778,-0.019897210925702985,0,6.254700113968955,1.2382014262431051,160.60075654210348,-0.08950705802569314,-0.06419302291474537,,,
sample,1779737705.7184236,76.12671661376953,2.2431,0.0,-0.019897210925702985,0,6.254700113968955,1.2382014262431051,160.60075654210348,-0.08950705802569314,-0.06419302291474537,,,
sample,1779737705.7681847,76.17647767066956,2.163,-0.9276853696537892,-0.0024121353646753287,0,6.437316774086775,1.3280637218610931,160.80428559832475,-0.01018634938202184,-0.00778109691270953,,,
sample,1779737705.8177006,76.22599363327026,2.163,0.0,-0.0024121353646753287,0,6.437316774086775,1.3280637218610931,160.80428559832475,-0.01018634938202184,-0.00778109691270953,,,
sample,1779737705.8667235,76.27501654624939,2.2431,-0.5078955326650061,0.004531084605731366,0,6.260509016755259,1.3472887307518313,160.98213549014213,0.020338530717004692,0.014616501983249791,,,
sample,1779737705.9168043,76.32509732246399,2.2431,0.0,0.004531084605731366,0,6.260509016755259,1.3472887307518313,160.98213549014213,0.020338530717004692,0.014616501983249791,,,
sample,1779737705.9666383,76.37493133544922,2.2431,0.0,0.004531084605731366,0,6.260509016755259,1.3472887307518313,160.98213549014213,0.020338530717004692,0.014616501983249791,,,
sample,1779737706.0187533,76.42704629898071,2.2431,-0.2378888261808061,0.008204641770933234,0,6.001007104060479,1.3592790474388496,161.24191426215114,0.03696075659225082,0.026467180250042896,,,
sample,1779737706.0668573,76.47515034675598,2.163,-0.039454328954170115,0.009200113546117227,0,5.858331358338772,1.366199000819053,161.3847577225266,0.04134079836870966,0.0296786229909134,,,
sample,1779737706.1191838,76.52747678756714,2.163,-0.007512258755969435,0.009479073324348304,0,5.828780806068455,1.3676322398256935,161.41434301132915,0.04228788727066979,0.03057857174756146,,,
sample,1779737706.1686647,76.57695770263672,2.163,0.07356126953839297,0.009372288121728595,0,5.6064195575784685,1.3776059081170398,161.63692782412915,0.04214440790966263,0.03057857174756146,,,
sample,1779737706.216702,76.62499499320984,2.163,0.0,0.009372288121728595,0,5.6064195575784685,1.3776059081170398,161.63692782412915,0.04214440790966263,0.03023407274611072,,,
sample,1779737706.2699614,76.67825436592102,2.2431,0.1065570413690844,-0.0038156025264447168,0,4.968393546828029,1.3762064745549245,162.2749553696226,-0.017053358194336656,-0.012308454978858173,,,
sample,1779737706.3169923,76.72528529167175,2.2431,0.0,-0.0038156025264447168,0,4.968393546828029,1.3762064745549245,162.2749553696226,-0.017053358194336656,-0.012308454978858173,,,
sample,1779737706.3702676,76.77856063842773,2.163,0.3638862179091099,-0.023648073144522913,0,4.738845512187795,1.3807434112665884,162.5045482353696,-0.10634315771138597,-0.07629833025451908,,,
sample,1779737706.4171941,76.82548713684082,2.163,0.0,-0.023648073144522913,0,4.738845512187795,1.3807434112665884,162.5045482353696,-0.10634315771138597,-0.07629833025451908,,,
sample,1779737706.4694357,76.87772870063782,2.2431,0.2937863414072027,-0.04280144693275121,0,4.545557054036842,1.3812053230837296,162.69783724544752,-0.19075299875896531,-0.1381535580677829,,,
sample,1779737706.516674,76.92496705055237,2.2431,0.042856503866295984,-0.0432495333093252,0,4.520061197278687,1.3812662519029535,162.723333175008,-0.19450267577167288,-0.13960167711029436,,,
sample,1779737706.5671494,76.97544240951538,2.163,0.09211666502687496,-0.060077147175441804,0,4.303073110562536,1.3807758856504164,162.940321815807,-0.2690963644416288,-0.194030741172453,,,
sample,1779737706.617092,77.0253849029541,2.163,0.0,-0.060077147175441804,0,4.303073110562536,1.3807758856504164,162.940321815807,-0.2690963644416288,-0.194030741172453,,,
sample,1779737706.6673453,77.07563829421997,2.2431,-0.47533026278009677,-0.06642812109720653,0,4.070055439289184,1.3858161645219622,163.173393992475,-0.30251346013330505,-0.21460000931770004,,,
sample,1779737706.717108,77.12540102005005,2.2431,0.0,-0.06642812109720653,0,4.070055439289184,1.3858161645219622,163.173393992475,-0.30251346013330505,-0.21460000931770004,,,
sample,1779737706.767573,77.17586612701416,2.2431,-0.963334283963345,-0.07298963581231167,0,3.8807093357466425,1.4262123689518456,163.3670013277159,-0.3346795920451855,-0.23586945075167737,,,
sample,1779737706.8169746,77.2252676486969,2.2431,0.0,-0.07298963581231167,0,3.8807093357466425,1.4262123689518456,163.3670013277159,-0.3346795920451855,-0.23586945075167737,,,
sample,1779737706.868188,77.27648091316223,2.2431,-0.625417102518106,-0.0845846998590627,0,3.676220760876652,1.4474245795699714,163.57258716169207,-0.38364725356845675,-0.2735064556676203,,,
sample,1779737706.9167902,77.32508325576782,2.2431,-0.022463778692132844,-0.08435694924966135,0,3.6692503745403235,1.4481476385631202,163.57959495021524,-0.38347081487354995,-0.2727665090689396,,,
sample,1779737706.9697978,77.37809085845947,2.3232,-0.9999969520294655,-0.10033700469087471,0,3.431629135417132,1.4856104907442296,163.82015121925843,-0.4682334942224834,-0.32475832561745605,,,
sample,1779737707.01647,77.42476296424866,2.3232,0.0,-0.10033700469087471,0,3.431629135417132,1.4856104907442296,163.82015121925843,-0.4682334942224834,-0.32475832561745605,,,
sample,1779737707.0676272,77.4759202003479,2.163,-1.036405941100958,-0.09961285435006052,0,3.2277178698521665,1.528942702012495,164.02861580799643,-0.46779117620293625,-0.3223988522318836,,,
sample,1779737707.1173382,77.52563118934631,2.163,0.0,-0.09961285435006052,0,3.2277178698521665,1.528942702012495,164.02861580799643,-0.46779117620293625,-0.3223988522318836,,,
sample,1779737707.1681626,77.57645559310913,2.2431,-0.7922181455160364,-0.10092628358740278,0,3.0556463570049215,1.575028018643732,164.20675188503458,-0.4723615281404644,-0.32667860594311815,,,
sample,1779737707.2197218,77.62801480293274,2.2431,-0.23333416215757422,-0.10132690239797243,0,3.0042329386742184,1.5887978962002114,164.25997734052692,-0.47024252658765325,-0.32798423134408694,,,
sample,1779737707.269966,77.67825889587402,2.3232,-1.1404000438903459,-0.10717334175312905,0,2.7872041857002685,1.6604741245783332,164.4885357823573,-0.4989737295487778,-0.3470502299936745,,,
sample,1779737707.3273811,77.73567414283752,2.3232,0.0,-0.10717334175312905,0,2.7872041857002685,1.6604741245783332,164.4885357823573,-0.4989737295487778,-0.3470502299936745,,,
sample,1779737707.3670528,77.77534580230713,2.2431,-0.19827813409478634,-0.10551632467052591,0,2.761545300847844,1.6707711179161588,164.51618368360982,-0.4952541361558443,-0.3416441033701134,,,
sample,1779737707.4166775,77.82497048377991,2.2431,0.0,-0.10551632467052591,0,2.761545300847844,1.6707711179161588,164.51618368360982,-0.4952541361558443,-0.3416441033701134,,,
sample,1779737707.468513,77.8768060207367,2.2431,-2.3043624288353706,-0.10068768016120717,0,2.3672451532707637,1.7940453892948727,164.92930491565104,-0.4688299123818647,-0.3259010425610202,,,
sample,1779737707.5221388,77.93043184280396,2.2431,0.0,-0.10068768016120717,0,2.3672451532707637,1.7940453892948727,164.92930491565104,-0.4688299123818647,-0.3259010425610202,,,
sample,1779737707.5711684,77.9794614315033,2.3232,-1.399658195306718,-0.08237620666341194,0,2.199318034463545,1.8920168361358471,165.1237217915312,-0.38074467264278644,-0.2663324012593404,,,
sample,1779737707.6207275,78.02902054786682,2.3232,-0.26664350620968774,-0.07768101329192549,0,2.166981374413714,1.9108825761877777,165.16115941606702,-0.35841351057109266,-0.25108916959763344,,,
sample,1779737707.6753612,78.08365416526794,2.2431,-1.6931693719290872,-0.0421889056068274,0,1.9834444410645335,2.042088780808524,165.38677163655652,-0.19061828619596083,-0.13617404571326877,,,
sample,1779737707.7173753,78.12566828727722,2.2431,0.0,-0.0421889056068274,0,1.9834444410645335,2.042088780808524,165.38677163655652,-0.19061828619596083,-0.13617404571326877,,,
sample,1779737707.7722278,78.18052077293396,2.2431,-1.6058087965424082,0.006360452103017706,0,1.7941603128840595,2.204364097954317,165.63609423829132,0.028414519678257154,0.020517864115633493,,,
sample,1779737707.8194737,78.22776675224304,2.2431,0.0,0.006360452103017706,0,1.7941603128840595,2.204364097954317,165.63609423829132,0.028414519678257154,0.020517864115633493,,,
sample,1779737707.869879,78.2781720161438,2.2431,-1.3777513306243978,0.0540028414891637,0,1.6691557774288661,2.3039836544856955,165.79593850602674,0.24514294619384272,0.1743722551156973,,,
sample,1779737707.9176037,78.32589673995972,2.2431,0.0,0.0540028414891637,0,1.6691557774288661,2.3039836544856955,165.79593850602674,0.24514294619384272,0.1743722551156973,,,
sample,1779737707.9687831,78.37707614898682,2.2431,-0.6596006596686161,0.07035365315416064,0,1.5725044720219548,2.365923460922692,165.91073403929488,0.32289979839082383,0.22732244655031494,,,
sample,1779737708.0182414,78.42653441429138,2.2431,-0.1730267299886189,0.0832536747861524,0,1.5462912264110016,2.3940438599399805,165.94917738834712,0.38393532958166754,0.269182445632006,,,
sample,1779737708.0719504,78.48024344444275,2.163,0.43330185830442236,0.1253849320896808,0,1.3956736982018794,2.548262942507225,166.16474446661212,0.6045627700393158,0.4066005334598895,,,
sample,1779737708.1174521,78.52574515342712,2.163,0.0,0.1253849320896808,0,1.3956736982018794,2.548262942507225,166.16474446661212,0.6045627700393158,0.4066005334598895,,,
sample,1779737708.1722162,78.58050918579102,2.163,0.2973605563128394,0.19630017051811832,0,1.2477471702039424,2.694872734551721,166.3730151770081,1.1111155662403496,0.6414872392240208,,,
sample,1779737708.2195675,78.62786054611206,2.163,0.0,0.19630017051811832,0,1.2477471702039424,2.694872734551721,166.3730151770081,1.1111155662403496,0.6414872392240208,,,
sample,1779737708.311991,78.72028398513794,2.163,0.9207897106454997,0.21707969714973438,0,1.0761381536751329,2.8381965645512355,166.5966026873921,1.5498022589916713,0.7114679982411047,,,
sample,1779737708.3489294,78.75722241401672,2.163,0.0,0.21707969714973438,0,1.0761381536751329,2.8381965645512355,166.5966026873921,1.5498022589916713,0.7114679982411047,,,
sample,1779737708.3796942,78.78798723220825,2.0028,2.397211458422463,0.2325653998488769,0,0.9314421401898363,2.9399784760342813,166.77351083820398,1.5498022589916713,0.7640356057164015,,,
sample,1779737708.4285514,78.8368444442749,2.0028,0.0,0.23147965480298274,0,0.9314421401898363,2.9399784760342813,166.77351083820398,1.5394609566261495,0.7603376725745646,,,
sample,1779737708.4675596,78.87585258483887,2.0829,0.0,0.22247389839519108,0,0.9314421401898363,2.9399784760342813,166.77351083820398,1.5394609566261495,0.729737006218895,,,
sample,1779737708.5223641,78.9306571483612,2.0829,0.0,0.22247389839519108,0,0.9314421401898363,2.9399784760342813,166.77351083820398,1.5394609566261495,0.729737006218895,,,
sample,1779737708.5676916,78.97598457336426,2.0028,0.0,0.23147965480298274,0,0.9314421401898363,2.9399784760342813,166.77351083820398,1.5394609566261495,0.7603376725745646,,,
sample,1779737708.618273,79.02656602859497,2.0028,8.035305200994829,0.22455277035090235,0,0.4627281349183656,2.947989382658784,167.24229329666693,1.4594160032083183,0.7367895517737425,,,
sample,1779737708.6673036,79.07559657096863,2.0028,3.8211611159076018,0.22397832108745785,0,0.24559452204045096,2.9043903834774403,167.463760853142,1.413120543862524,0.734840073296793,,,
sample,1779737708.718481,79.1267740726471,2.0028,0.0,0.22397832108745785,0,0.24559452204045096,2.9043903834774403,167.463760853142,1.413120543862524,0.734840073296793,,,
sample,1779737708.7684321,79.17672514915466,2.0028,3.11180781766792,0.2204873986593045,0,0.045888711284357786,2.8780760723998955,167.66519286106833,1.3501630190457357,0.7230040280262838,,,
sample,1779737708.818437,79.22673010826111,2.0028,0.07712819848597395,0.22030119995454803,0,0.040933532304573195,2.877423151382599,167.67019087113,1.3481084675099095,0.7223732402708903,,,
sample,1779737708.8742695,79.28256249427795,2.0028,3.1541763441357893,0.22030119995454803,0,-0.15608291071746905,2.8149393221479206,167.87687833503838,1.3481084675099095,0.7223732402708903,,,
sample,1779737708.9205244,79.32881736755371,2.0028,0.0,0.2221758754058393,0,-0.15608291071746905,2.8149393221479206,167.87687833503838,1.3933694502566294,0.7287265122007548,,,
sample,1779737708.9721558,79.38044881820679,2.0028,0.8208589710293119,0.22641280109486694,0,-0.1994633422956973,2.7925995554232097,167.92567307882527,1.4013725087820965,0.7431053590212391,,,
sample,1779737709.016494,79.42478704452515,2.0028,0.0,0.22641280109486694,0,-0.1994633422956973,2.7925995554232097,167.92567307882527,1.4013725087820965,0.7431053590212391,,,
sample,1779737709.0671072,79.47540020942688,2.0028,1.7904079821623526,0.23030982464632868,0,-0.35495790633788094,2.8315515473911437,168.08597222768432,1.3625168464910218,0.7563554718381845,,,
sample,1779737709.116862,79.52515506744385,2.0028,2.53964085578949,0.2303271952632879,0,-0.6070778517307098,2.784692140898466,168.342409882567,1.326286793470357,0.7564145868813412,,,
sample,1779737709.1669085,79.57520151138306,2.0028,0.0,0.2303271952632879,0,-0.6070778517307098,2.784692140898466,168.342409882567,1.326286793470357,0.7564145868813412,,,
sample,1779737709.2166173,79.62491035461426,2.0028,2.738834764241343,0.22037067346811415,0,-0.7048133625970183,2.696230961563178,168.47423404701985,1.2333359294988264,0.7226085904351005,,,
sample,1779737709.2671843,79.67547726631165,1.9227,3.89885524385204,0.2103276306965994,0,-0.8272001224115253,2.5504759574760607,168.66455756157947,1.0976550254405544,0.6886612360530752,,,
sample,1779737709.3167355,79.72502851486206,1.9227,0.0,0.2103276306965994,0,-0.8272001224115253,2.5504759574760607,168.66455756157947,1.0976550254405544,0.6886612360530752,,,
sample,1779737709.3701172,79.77841019630432,2.0028,2.775565120317969,0.20258001133489434,0,-0.9256354482562106,2.3796893000815795,168.86168086237907,1.0923403241901317,0.6625724983618376,,,
sample,1779737709.418319,79.82661199569702,2.0028,0.0,0.20258001133489434,0,-0.9256354482562106,2.3796893000815795,168.86168086237907,1.0923403241901317,0.6625724983618376,,,
sample,1779737709.4669738,79.87526679039001,2.0028,0.7252268921534695,0.21810908333476645,0,-1.1734068102593893,2.418231252407701,169.11243199381823,1.1219627149388243,0.7149509199167873,,,
sample,1779737709.5185418,79.92683482170105,2.0028,0.7093293983245822,0.21424359773437582,0,-1.1970423680070974,2.3694259093013814,169.16665930341193,1.1020862600146568,0.7018802273384694,,,
sample,1779737709.567002,79.9752950668335,2.0028,2.4318404213868186,0.20039400734743154,0,-1.262968101413148,2.17891375407313,169.36825564170914,1.0449925549816843,0.6552266643202896,,,
sample,1779737709.6166368,80.0249297618866,2.0028,0.0,0.20039400734743154,0,-1.262968101413148,2.17891375407313,169.36825564170914,1.0449925549816843,0.6552266643202896,,,
sample,1779737709.6670935,80.07538652420044,2.0028,2.516043151695038,0.18929394679401296,0,-1.3024516918230766,1.9901490631363965,169.56110548603394,0.9762382198318137,0.6180250609696024,,,
sample,1779737709.7169495,80.12524247169495,2.0028,0.0,0.18929394679401296,0,-1.3024516918230766,1.9901490631363965,169.56110548603394,0.9762382198318137,0.6180250609696024,,,
sample,1779737709.767011,80.17530393600464,2.0028,1.1676932993470603,0.18929394679401296,0,-1.313042444811833,1.8734508428352266,169.67828329395988,0.9762382198318137,0.6180250609696024,,,
sample,1779737709.817598,80.22589111328125,2.0028,1.1313865040789477,0.18995054916052798,0,-1.3234116613277402,1.75919370600948,169.79300998643714,0.9778119563453961,0.6202211553850516,,,
sample,1779737709.8703015,80.27859449386597,2.0028,1.810046162830334,0.18522386777741304,0,-1.3208464881247295,1.6030874718182886,169.94913729496105,0.9348772749465819,0.6044243822703789,,,
sample,1779737709.9224021,80.33069515228271,2.0028,0.2215059470293615,0.18366922627052099,0,-1.320536162832946,1.584202309359241,169.96802500691595,0.9288529763096545,0.5992348510099227,,,
sample,1779737709.9740462,80.38233923912048,2.0028,2.2873460511381154,0.18366922627052099,0,-1.2892050114359028,1.3527654662933437,170.20157297495714,0.9288529763096545,0.5992348510099227,,,
sample,1779737710.0172877,80.42558073997498,2.0028,0.0,0.17879550368570876,0,-1.2892050114359028,1.3527654662933437,170.20157297495714,0.9059506557054211,0.5829852272017847,,,
sample,1779737710.0670192,80.47531223297119,1.9227,3.8520680664571496,0.164466188049529,0,-1.3374352732105024,1.175491347266784,170.38529088760447,0.7810470688248549,0.5353719320454476,,,
sample,1779737710.117219,80.52551198005676,1.9227,0.0,0.164466188049529,0,-1.3374352732105024,1.175491347266784,170.38529088760447,0.7810470688248549,0.5353719320454476,,,
sample,1779737710.168148,80.5764410495758,2.0829,2.42107516991112,0.15344176198437612,0,-1.2442345320451782,0.982270442387291,170.59981523642347,0.7535598373388732,0.4988949752779859,,,
sample,1779737710.216675,80.6249680519104,2.0829,0.0,0.15344176198437612,0,-1.2442345320451782,0.982270442387291,170.59981523642347,0.7535598373388732,0.4988949752779859,,,
sample,1779737710.2685347,80.67682766914368,1.9227,2.1144924932494504,0.14997066198172085,0,-1.1492877065479714,0.8323061888010597,170.77730939696312,0.6901013688756138,0.4874361614139641,,,
sample,1779737710.3170247,80.72531771659851,1.9227,0.11005218147553532,0.14901342006707913,0,-1.1446671290477726,0.8250081938199101,170.7859471320355,0.6868084813125254,0.48427823524784813,,,
sample,1779737710.3673556,80.77564859390259,2.0829,2.387104297585834,0.12831422528070305,0,-1.0100294312985794,0.6600608340099166,170.9988671667046,0.6462096827541822,0.41620356705193445,,,
sample,1779737710.4174266,80.82571959495544,2.0829,0.0,0.12831422528070305,0,-1.0100294312985794,0.6600608340099166,170.9988671667046,0.6462096827541822,0.41620356705193445,,,
sample,1779737710.4754446,80.88373756408691,2.0028,2.145252339912112,0.11081112758402666,0,-0.8678893489460773,0.5244855353797762,171.1952964532426,0.5615460562456497,0.3589255492453461,,,
sample,1779737710.5170949,80.92538785934448,2.0028,0.0,0.11081112758402666,0,-0.8678893489460773,0.5244855353797762,171.1952964532426,0.5615460562456497,0.3589255492453461,,,
sample,1779737710.5671139,80.9754068851471,2.0028,4.586086743393209,0.07117573065885348,0,-0.7243069355421174,0.39670789485117686,171.387502162986,0.37426335042400916,0.22998763365920685,,,
sample,1779737710.6204548,81.02874779701233,2.0028,0.7043166642987821,0.06433908322996006,0,-0.6697159108005599,0.36725198542372794,171.44953304708847,0.3458518053921468,0.20783228408073198,,,
sample,1779737710.6726775,81.08097052574158,2.0829,1.982307335848322,0.06433908322996006,0,-0.46856679512143096,0.28864496726679456,171.66549607642918,0.3458518053921468,0.20783228408073198,,,
sample,1779737710.7198071,81.12810015678406,2.0829,0.39764048361300186,0.04042291922014263,0,-0.43215247448846705,0.27441462300948305,171.70459218166795,0.25201276366465847,0.1304675832384964,,,
sample,1779737710.77091,81.17920303344727,2.163,1.3642039849835397,0.03922143213207385,0,-0.24019298021305335,0.2144395469679643,171.90570274128294,0.25201276366465847,0.12658566525560752,,,
sample,1779737710.8186264,81.22691941261292,2.163,0.0,0.028522429804425965,0,-0.24019298021305335,0.2144395469679643,171.90570274128294,0.2026382036172792,0.09203279654882847,,,
sample,1779737710.8689334,81.27722644805908,2.0829,1.2282809459818678,0.020508187369023455,0,-0.06276349913323154,0.17082481257830107,172.08841416898284,0.15676017216359153,0.06616471936533633,,,
sample,1779737710.919104,81.327397108078,2.0829,0.0,0.020508187369023455,0,-0.06276349913323154,0.17082481257830107,172.08841416898284,0.15676017216359153,0.06616471936533633,,,
sample,1779737710.9677403,81.37603330612183,2.163,1.0171053183664436,0.0,0,0.08821560571931197,0.14499620655938072,172.24158664363463,0.15676017216359153,0.06616471936533633,,,
sample,1779737711.0150065,81.42329955101013,2.163,0.46827281360065776,0.0,0,0.1557680936013348,0.13343972927858938,172.31012050961485,0.15676017216359153,0.06616471936533633,,,
sample,1779737711.0648935,81.47318649291992,2.163,0.7852828969860459,0.0,0,0.37283455357259676,0.10500397305053766,172.52904159191786,0.15676017216359153,0.06616471936533633,,,
sample,1779737711.114983,81.52327609062195,2.163,0.0,0.0,0,0.37283455357259676,0.10500397305053766,172.52904159191786,0.15676017216359153,0.06616471936533633,,,
sample,1779737711.1646945,81.57298755645752,2.0829,0.003860616419967609,0.0,0,0.3747145936776932,0.10479697955122214,172.5309329927494,0.15676017216359153,0.06616471936533633,,,
sample,1779737711.2149026,81.62319564819336,2.0829,0.0,0.0,0,0.3747145936776932,0.10479697955122214,172.5309329927494,0.15676017216359153,0.06616471936533633,,,
sample,1779737711.2648497,81.67314267158508,2.0829,-1.4485347924060294,0.0,0,0.5005371412744477,-0.039171374851841745,172.72213498163356,0.15676017216359153,0.06616471936533633,,,
sample,1779737711.314948,81.72324109077454,1.9227,-0.9086461805614695,0.0,0,0.5681397517266409,-0.12555403754134714,172.8318258078374,0.15676017216359153,0.06616471936533633,,,
sample,1779737711.364865,81.7731580734253,1.7624,0.3239305204944481,0.0,0,0.8160539217888272,-0.18548481685867896,173.08688096663096,0.15676017216359153,0.06616471936533633,,,
sample,1779737711.4147596,81.82305264472961,1.7624,0.05543221887071223,0.0,0,0.8372329378286514,-0.19042147287685401,173.10862772025206,0.15676017216359153,0.06616471936533633,,,
sample,1779737711.4647636,81.87305665016174,1.6823,0.1072161335725651,0.0,0,0.996602856554968,-0.22666957577266678,173.27206791102037,0.15676017216359153,0.06616471936533633,,,
sample,1779737711.5147383,81.92303133010864,1.6823,0.0,0.0,0,0.996602856554968,-0.22666957577266678,173.27206791102037,0.15676017216359153,0.06616471936533633,,,
sample,1779737711.5647454,81.9730384349823,1.6022,0.2018727457163122,0.0,0,1.150794478491581,-0.26010648906901584,173.42984333193957,0.15676017216359153,0.06616471936533633,,,
sample,1779737711.6147528,82.02304577827454,1.6022,0.0,0.0,0,1.150794478491581,-0.26010648906901584,173.42984333193957,0.15676017216359153,0.06616471936533633,,,
sample,1779737711.6647403,82.0730333328247,1.442,-0.6028982512292261,0.0,0,1.2089364582882118,-0.3654420615890448,173.55015988380504,0.15676017216359153,0.06616471936533633,,,
sample,1779737711.7147145,82.12300753593445,1.442,0.0,0.0,0,1.2089364582882118,-0.3654420615890448,173.55015988380504,0.15676017216359153,0.06616471936533633,,,
sample,1779737711.7647603,82.17305326461792,1.3619,0.20183686751985458,0.0,0,1.3284718601764403,-0.39384014633301867,173.67302226015235,0.15676017216359153,0.06616471936533633,,,
sample,1779737711.8149154,82.2232084274292,1.3619,0.0067072351606638604,0.0,0,1.3324528238015674,-0.39478590583692474,173.67711402412695,0.15676017216359153,0.06616471936533633,,,
sample,1779737711.8650281,82.2733211517334,1.2818,0.30384407079463677,0.0,0,1.4616466245097286,-0.4234076824932378,173.80944030360456,0.15676017216359153,0.06616471936533633,,,
sample,1779737711.9151342,82.32342720031738,1.2818,0.0,0.0,0,1.4616466245097286,-0.4234076824932378,173.80944030360456,0.15676017216359153,0.06616471936533633,,,
sample,1779737711.9658055,82.37409853935242,1.2017,0.13694353831447964,0.0,0,1.5836028749828444,-0.4495395871103155,173.93416481389977,0.15676017216359153,0.06616471936533633,,,
sample,1779737712.0151398,82.42343282699585,1.2017,0.0,0.0,0,1.5836028749828444,-0.4495395871103155,173.93416481389977,0.15676017216359153,0.06616471936533633,,,
sample,1779737712.0650337,82.47332668304443,0.8011,0.13585722451072008,0.0,0,1.6592066662594283,-0.46520418567759225,174.01137435284198,0.15676017216359153,0.06616471936533633,,,
sample,1779737712.1150236,82.5233166217804,0.8011,0.0,0.0,0,1.6592066662594283,-0.46520418567759225,174.01137435284198,0.15676017216359153,0.06616471936533633,,,
sample,1779737712.1647627,82.57305574417114,0.8011,0.0,0.0,0,1.6592066662594283,-0.46520418567759225,174.01137435284198,0.15676017216359153,0.06616471936533633,,,
sample,1779737712.2148578,82.62315082550049,0.0801,-2.2254667411116067,0.0,0,1.6536996327305484,-0.4658276019889068,174.01691656054157,0.15676017216359153,0.06616471936533633,,,
sample,1779737712.264963,82.67325592041016,0.0,-0.4261443416767767,0.0,0,1.6553382772465859,-0.46640198236658426,174.0186529558503,0.15676017216359153,0.06616471936533633,,,
sample,1779737712.3148937,82.7231867313385,0.0,0.0,0.0,0,1.6553382772465859,-0.46640198236658426,174.0186529558503,0.15676017216359153,0.06616471936533633,,,
sample,1779737712.3648472,82.77314019203186,0.0,0.0,0.0,0,1.6553382772465859,-0.46640198236658426,174.0186529558503,0.15676017216359153,0.06616471936533633,,,
sample,1779737712.4147568,82.82304978370667,0.0,0.0,0.0,0,1.6553382772465859,-0.46640198236658426,174.0186529558503,0.15676017216359153,0.06616471936533633,,,
sample,1779737712.464788,82.87308096885681,0.0,0.0,0.0,0,1.6553382772465859,-0.46640198236658426,174.0186529558503,0.15676017216359153,0.06616471936533633,,,
sample,1779737712.514734,82.92302703857422,0.0,0.0,0.0,0,1.6553382772465859,-0.46640198236658426,174.0186529558503,0.15676017216359153,0.06616471936533633,,,
sample,1779737712.5647671,82.973060131073,0.0,0.0,0.0,0,1.6553382772465859,-0.46640198236658426,174.0186529558503,0.15676017216359153,0.06616471936533633,,,
sample,1779737712.6147425,83.02303552627563,0.0,0.0,0.0,0,1.6553382772465859,-0.46640198236658426,174.0186529558503,0.15676017216359153,0.06616471936533633,,,
sample,1779737712.66465,83.07294297218323,0.0,0.0,0.0,0,1.6553382772465859,-0.46640198236658426,174.0186529558503,0.15676017216359153,0.06616471936533633,,,
sample,1779737712.7147624,83.12305545806885,0.0,0.0,0.0,0,1.6553382772465859,-0.46640198236658426,174.0186529558503,0.15676017216359153,0.06616471936533633,,,
sample,1779737712.7647529,83.17304587364197,0.0,0.0,0.0,0,1.6553382772465859,-0.46640198236658426,174.0186529558503,0.15676017216359153,0.06616471936533633,,,
sample,1779737712.8147924,83.22308540344238,0.0,0.0,0.0,0,1.6553382772465859,-0.46640198236658426,174.0186529558503,0.15676017216359153,0.06616471936533633,,,
sample,1779737712.864679,83.2729721069336,0.0,0.0,0.0,0,1.6553382772465859,-0.46640198236658426,174.0186529558503,0.15676017216359153,0.06616471936533633,,,
sample,1779737712.9148479,83.32314085960388,0.0,0.0,0.0,0,1.6553382772465859,-0.46640198236658426,174.0186529558503,0.15676017216359153,0.06616471936533633,,,
sample,1779737712.9647796,83.37307262420654,0.0,0.0,0.0,0,1.6553382772465859,-0.46640198236658426,174.0186529558503,0.15676017216359153,0.06616471936533633,,,
sample,1779737713.0147557,83.42304873466492,0.0,0.0,0.0,0,1.6553382772465859,-0.46640198236658426,174.0186529558503,0.15676017216359153,0.06616471936533633,,,
sample,1779737713.0647528,83.47304582595825,0.0,0.0,0.0,0,1.6553382772465859,-0.46640198236658426,174.0186529558503,0.15676017216359153,0.06616471936533633,,,
sample,1779737713.1146977,83.52299070358276,0.0,0.0,0.0,0,1.6553382772465859,-0.46640198236658426,174.0186529558503,0.15676017216359153,0.06616471936533633,,,
sample,1779737713.1648984,83.57319140434265,0.0,0.0,0.0,0,1.6553382772465859,-0.46640198236658426,174.0186529558503,0.15676017216359153,0.06616471936533633,,,
sample,1779737713.2147374,83.62303042411804,0.0,0.0,0.0,0,1.6553382772465859,-0.46640198236658426,174.0186529558503,0.15676017216359153,0.06616471936533633,,,
sample,1779737713.2646594,83.67295241355896,0.0,0.0,0.0,0,1.6553382772465859,-0.46640198236658426,174.0186529558503,0.15676017216359153,0.06616471936533633,,,
sample,1779737713.3147485,83.72304153442383,0.0,0.0,0.0,0,1.6553382772465859,-0.46640198236658426,174.0186529558503,0.15676017216359153,0.06616471936533633,,,
sample,1779737713.3646865,83.77297949790955,0.0,0.0,0.0,0,1.6553382772465859,-0.46640198236658426,174.0186529558503,0.15676017216359153,0.06616471936533633,,,
sample,1779737713.4147942,83.82308721542358,0.0,0.0,0.0,0,1.6553382772465859,-0.46640198236658426,174.0186529558503,0.15676017216359153,0.06616471936533633,,,
sample,1779737713.4646738,83.87296676635742,0.0,0.0,0.0,0,1.6553382772465859,-0.46640198236658426,174.0186529558503,0.15676017216359153,0.06616471936533633,,,
sample,1779737713.514923,83.92321610450745,0.0,0.0,0.0,0,1.6553382772465859,-0.46640198236658426,174.0186529558503,0.15676017216359153,0.06616471936533633,,,
sample,1779737713.5647054,83.97299838066101,0.0,0.0,0.0,0,1.6553382772465859,-0.46640198236658426,174.0186529558503,0.15676017216359153,0.06616471936533633,,,
sample,1779737713.614778,84.02307105064392,0.0,0.0,0.0,0,1.6553382772465854,-0.46640198236658426,174.0186529558503,0.15676017216359153,0.06616471936533633,,,
sample,1779737713.6646874,84.07298040390015,0.0,0.0,0.0,0,1.6553382772465859,-0.46640198236658426,174.0186529558503,0.15676017216359153,0.06616471936533633,,,
sample,1779737713.714841,84.12313389778137,0.0,0.0,0.0,0,1.6553382772465859,-0.46640198236658426,174.0186529558503,0.15676017216359153,0.06616471936533633,,,
sample,1779737713.7646918,84.17298483848572,0.0,0.0,0.0,0,1.6553382772465859,-0.46640198236658426,174.0186529558503,0.15676017216359153,0.06616471936533633,,,
sample,1779737713.8147275,84.22302055358887,0.0,0.0,0.0,0,1.6553382772465859,-0.46640198236658426,174.0186529558503,0.15676017216359153,0.06616471936533633,,,
sample,1779737713.8648074,84.27310037612915,0.0,0.0,0.0,0,1.6553382772465859,-0.46640198236658426,174.0186529558503,0.15676017216359153,0.06616471936533633,,,
sample,1779737713.9149013,84.3231942653656,0.0,0.0,0.0,0,1.6553382772465859,-0.46640198236658426,174.0186529558503,0.15676017216359153,0.06616471936533633,,,
sample,1779737713.9648876,84.37318062782288,0.0,0.0,0.0,0,1.6553382772465859,-0.46640198236658426,174.0186529558503,0.15676017216359153,0.06616471936533633,,,
sample,1779737714.0150514,84.423344373703,0.0,0.0,0.0,0,1.6553382772465859,-0.46640198236658426,174.0186529558503,0.15676017216359153,0.06616471936533633,,,
sample,1779737714.0651176,84.47341060638428,0.0,0.0,0.0,0,1.6553382772465859,-0.46640198236658426,174.0186529558503,0.15676017216359153,0.06616471936533633,,,
sample,1779737714.1151786,84.52347159385681,0.0,0.0,0.0,0,1.6553382772465859,-0.46640198236658426,174.0186529558503,0.15676017216359153,0.06616471936533633,,,
sample,1779737714.1650639,84.57335686683655,0.0,0.0,0.0,0,1.6553382772465859,-0.46640198236658426,174.0186529558503,0.15676017216359153,0.06616471936533633,,,
sample,1779737714.2150974,84.62339043617249,0.0,0.0,0.0,0,1.6553382772465859,-0.46640198236658426,174.0186529558503,0.15676017216359153,0.06616471936533633,,,
sample,1779737714.2646754,84.67296838760376,0.0,0.0,0.0,0,1.6553382772465859,-0.46640198236658426,174.0186529558503,0.15676017216359153,0.06616471936533633,,,
sample,1779737714.3147736,84.72306656837463,0.0,0.0,0.0,0,1.6553382772465859,-0.46640198236658426,174.0186529558503,0.15676017216359153,0.06616471936533633,,,
sample,1779737714.3646624,84.77295541763306,0.0,0.0,0.0,0,1.6553382772465859,-0.46640198236658426,174.0186529558503,0.15676017216359153,0.06616471936533633,,,
sample,1779737714.414773,84.82306599617004,0.0,0.0,0.0,0,1.6553382772465859,-0.46640198236658426,174.0186529558503,0.15676017216359153,0.06616471936533633,,,
sample,1779737714.464716,84.87300896644592,0.0,0.0,0.0,0,1.6553382772465859,-0.46640198236658426,174.0186529558503,0.15676017216359153,0.06616471936533633,,,
sample,1779737714.5147746,84.92306756973267,0.0,0.0,0.0,0,1.6553382772465859,-0.46640198236658426,174.0186529558503,0.15676017216359153,0.06616471936533633,,,
sample,1779737714.5647175,84.97301054000854,0.0,0.0,0.0,0,1.6553382772465859,-0.46640198236658426,174.0186529558503,0.15676017216359153,0.06616471936533633,,,
sample,1779737714.61472,85.0230131149292,0.0,0.0,0.0,0,1.6553382772465859,-0.46640198236658426,174.0186529558503,0.15676017216359153,0.06616471936533633,,,
sample,1779737714.6647756,85.07306861877441,0.0,0.0,0.0,0,1.6553382772465859,-0.46640198236658426,174.0186529558503,0.15676017216359153,0.06616471936533633,,,
sample,1779737714.7147417,85.12303471565247,0.0,0.0,0.0,0,1.6553382772465859,-0.46640198236658426,174.0186529558503,0.15676017216359153,0.06616471936533633,,,
sample,1779737714.764776,85.17306900024414,0.0,0.0,0.0,0,1.6553382772465859,-0.46640198236658426,174.0186529558503,0.15676017216359153,0.06616471936533633,,,
sample,1779737714.814748,85.22304105758667,0.0,0.0,0.0,0,1.6553382772465859,-0.46640198236658426,174.0186529558503,0.15676017216359153,0.06616471936533633,,,
sample,1779737714.8646932,85.27298617362976,0.0,0.0,0.0,0,1.6553382772465859,-0.46640198236658426,174.0186529558503,0.15676017216359153,0.06616471936533633,,,
sample,1779737714.9147577,85.32305073738098,0.0,0.0,0.0,0,1.6553382772465859,-0.46640198236658426,174.0186529558503,0.15676017216359153,0.06616471936533633,,,
sample,1779737714.9648848,85.37317776679993,0.0,0.0,0.0,0,1.6553382772465859,-0.46640198236658426,174.0186529558503,0.15676017216359153,0.06616471936533633,,,
sample,1779737715.0150168,85.42330980300903,0.0,0.0,0.0,0,1.6553382772465859,-0.46640198236658426,174.0186529558503,0.15676017216359153,0.06616471936533633,,,
sample,1779737715.0648525,85.47314548492432,0.0,0.0,0.0,0,1.6553382772465859,-0.46640198236658426,174.0186529558503,0.15676017216359153,0.06616471936533633,,,
sample,1779737715.1149735,85.52326655387878,0.0,0.0,0.0,0,1.6553382772465859,-0.46640198236658426,174.0186529558503,0.15676017216359153,0.06616471936533633,,,
sample,1779737715.1646976,85.57299065589905,0.0,0.0,0.0,0,1.6553382772465859,-0.46640198236658426,174.0186529558503,0.15676017216359153,0.06616471936533633,,,
sample,1779737715.2147622,85.62305521965027,0.0,0.0,0.0,0,1.6553382772465859,-0.46640198236658426,174.0186529558503,0.15676017216359153,0.06616471936533633,,,
sample,1779737715.26477,85.67306303977966,0.0,0.0,0.0,0,1.6553382772465859,-0.46640198236658426,174.0186529558503,0.15676017216359153,0.06616471936533633,,,
sample,1779737715.3149416,85.7232346534729,0.0,0.0,0.0,0,1.6553382772465859,-0.46640198236658426,174.0186529558503,0.15676017216359153,0.06616471936533633,,,
sample,1779737715.364778,85.77307105064392,0.0,0.0,0.0,0,1.6553382772465859,-0.46640198236658426,174.0186529558503,0.15676017216359153,0.06616471936533633,,,
sample,1779737715.4149063,85.82319927215576,0.0,0.0,0.0,0,1.6553382772465859,-0.46640198236658426,174.0186529558503,0.15676017216359153,0.06616471936533633,,,
sample,1779737715.4650052,85.87329816818237,0.0,0.0,0.0,0,1.6553382772465859,-0.46640198236658426,174.0186529558503,0.15676017216359153,0.06616471936533633,,,
sample,1779737715.515085,85.92337799072266,0.0,0.0,0.0,0,1.6553382772465859,-0.46640198236658426,174.0186529558503,0.15676017216359153,0.06616471936533633,,,
sample,1779737715.5651195,85.97341251373291,0.0,0.0,0.0,0,1.6553382772465859,-0.46640198236658426,174.0186529558503,0.15676017216359153,0.06616471936533633,,,
sample,1779737715.6152236,86.02351665496826,0.0,0.0,0.0,0,1.6553382772465859,-0.46640198236658426,174.0186529558503,0.15676017216359153,0.06616471936533633,,,
sample,1779737715.6646893,86.07298231124878,0.0,0.0,0.0,0,1.6553382772465859,-0.46640198236658426,174.0186529558503,0.15676017216359153,0.06616471936533633,,,
sample,1779737715.7149153,86.12320828437805,0.0,0.0,0.0,0,1.6553382772465859,-0.46640198236658426,174.0186529558503,0.15676017216359153,0.06616471936533633,,,
sample,1779737715.7647393,86.17303228378296,0.0,0.0,0.0,0,1.6553382772465859,-0.46640198236658426,174.0186529558503,0.15676017216359153,0.06616471936533633,,,
sample,1779737715.81502,86.22331309318542,0.0,0.0,0.0,0,1.6553382772465863,-0.46640198236658426,174.0186529558503,0.15676017216359153,0.06616471936533633,,,
sample,1779737715.8646617,86.27295470237732,0.0,0.0,0.0,0,1.6553382772465859,-0.46640198236658426,174.0186529558503,0.15676017216359153,0.06616471936533633,,,
sample,1779737715.914727,86.32301998138428,0.0,0.0,0.0,0,1.6553382772465859,-0.46640198236658426,174.0186529558503,0.15676017216359153,0.06616471936533633,,,
sample,1779737715.9647086,86.37300157546997,0.0,0.0,0.0,0,1.6553382772465859,-0.46640198236658426,174.0186529558503,0.15676017216359153,0.06616471936533633,,,
sample,1779737716.0147514,86.4230444431305,0.0,0.0,0.0,0,1.6553382772465859,-0.46640198236658426,174.0186529558503,0.15676017216359153,0.06616471936533633,,,
sample,1779737716.0647607,86.47305369377136,0.0,0.0,0.0,0,1.6553382772465859,-0.46640198236658426,174.0186529558503,0.15676017216359153,0.06616471936533633,,,
sample,1779737716.1148188,86.52311182022095,0.0,0.0,0.0,0,1.6553382772465859,-0.46640198236658426,174.0186529558503,0.15676017216359153,0.06616471936533633,,,
sample,1779737716.1647468,86.57303977012634,0.0,0.0,0.0,0,1.6553382772465859,-0.46640198236658426,174.0186529558503,0.15676017216359153,0.06616471936533633,,,
sample,1779737716.214774,86.62306690216064,0.0,0.0,0.0,0,1.6553382772465859,-0.46640198236658426,174.0186529558503,0.15676017216359153,0.06616471936533633,,,
sample,1779737716.2648675,86.67316055297852,0.0,0.0,0.0,0,1.6553382772465859,-0.46640198236658426,174.0186529558503,0.15676017216359153,0.06616471936533633,,,
sample,1779737716.3149593,86.72325229644775,0.0,0.0,0.0,0,1.6553382772465859,-0.46640198236658426,174.0186529558503,0.15676017216359153,0.06616471936533633,,,
sample,1779737716.3647795,86.7730724811554,0.0,0.0,0.0,0,1.6553382772465859,-0.46640198236658426,174.0186529558503,0.15676017216359153,0.06616471936533633,,,
sample,1779737716.4147367,86.82302975654602,0.0,0.0,0.0,0,1.6553382772465859,-0.46640198236658426,174.0186529558503,0.15676017216359153,0.06616471936533633,,,
sample,1779737716.4646766,86.87296962738037,0.0,0.0,0.0,0,1.6553382772465859,-0.46640198236658426,174.0186529558503,0.15676017216359153,0.06616471936533633,,,
sample,1779737716.5147648,86.92305779457092,0.0,0.0,0.0,0,1.6553382772465859,-0.46640198236658426,174.0186529558503,0.15676017216359153,0.06616471936533633,,,
sample,1779737716.5646408,86.97293376922607,0.0,0.0,0.0,0,1.6553382772465859,-0.46640198236658426,174.0186529558503,0.15676017216359153,0.06616471936533633,,,
sample,1779737716.6148345,87.02312755584717,0.0,0.0,0.0,0,1.6553382772465859,-0.46640198236658426,174.0186529558503,0.15676017216359153,0.06616471936533633,,,
sample,1779737716.6647148,87.07300782203674,0.0,0.0,0.0,0,1.6553382772465859,-0.46640198236658426,174.0186529558503,0.15676017216359153,0.06616471936533633,,,
sample,1779737716.714777,87.12307000160217,0.0,0.0,0.0,0,1.6553382772465859,-0.46640198236658426,174.0186529558503,0.15676017216359153,0.06616471936533633,,,
sample,1779737716.7647073,87.17300033569336,0.0,0.0,0.0,0,1.6553382772465859,-0.46640198236658426,174.0186529558503,0.15676017216359153,0.06616471936533633,,,
sample,1779737716.8147683,87.2230613231659,0.0,0.0,0.0,0,1.6553382772465859,-0.46640198236658426,174.0186529558503,0.15676017216359153,0.06616471936533633,,,
sample,1779737716.864717,87.27301001548767,0.0,0.0,0.0,0,1.6553382772465859,-0.46640198236658426,174.0186529558503,0.15676017216359153,0.06616471936533633,,,
sample,1779737716.9147263,87.32301926612854,0.0,0.0,0.0,0,1.6553382772465859,-0.46640198236658426,174.0186529558503,0.15676017216359153,0.06616471936533633,,,
sample,1779737716.9647903,87.3730833530426,0.0,0.0,0.0,0,1.6553382772465859,-0.46640198236658426,174.0186529558503,0.15676017216359153,0.06616471936533633,,,
sample,1779737717.0147486,87.42304158210754,0.0,0.0,0.0,0,1.6553382772465859,-0.46640198236658426,174.0186529558503,0.15676017216359153,0.06616471936533633,,,
sample,1779737717.0647802,87.47307324409485,0.0,0.0,0.0,0,1.6553382772465859,-0.46640198236658426,174.0186529558503,0.15676017216359153,0.06616471936533633,,,
sample,1779737717.114686,87.52297902107239,0.0,0.0,0.0,0,1.6553382772465859,-0.46640198236658426,174.0186529558503,0.15676017216359153,0.06616471936533633,,,
sample,1779737717.164948,87.5732409954071,0.0,0.0,0.0,0,1.6553382772465859,-0.46640198236658426,174.0186529558503,0.15676017216359153,0.06616471936533633,,,
sample,1779737717.2147312,87.62302422523499,0.0,0.0,0.0,0,1.6553382772465859,-0.46640198236658426,174.0186529558503,0.15676017216359153,0.06616471936533633,,,
sample,1779737717.2647188,87.67301177978516,0.0,0.0,0.0,0,1.6553382772465859,-0.46640198236658426,174.0186529558503,0.15676017216359153,0.06616471936533633,,,
sample,1779737717.3149066,87.72319960594177,0.0,0.0,0.0,0,1.6553382772465859,-0.46640198236658426,174.0186529558503,0.15676017216359153,0.06616471936533633,,,
sample,1779737717.364699,87.77299189567566,0.0,0.0,0.0,0,1.6553382772465859,-0.46640198236658426,174.0186529558503,0.15676017216359153,0.06616471936533633,,,
sample,1779737717.4149985,87.82329154014587,0.0,0.0,0.0,0,1.6553382772465859,-0.46640198236658426,174.0186529558503,0.15676017216359153,0.06616471936533633,,,
sample,1779737717.4647098,87.87300276756287,0.0,0.0,0.0,0,1.6553382772465859,-0.46640198236658426,174.0186529558503,0.15676017216359153,0.06616471936533633,,,
sample,1779737717.514763,87.92305612564087,0.0,0.0,0.0,0,1.6553382772465859,-0.46640198236658426,174.0186529558503,0.15676017216359153,0.06616471936533633,,,
sample,1779737717.564736,87.97302889823914,0.0,0.0,0.0,0,1.6553382772465859,-0.46640198236658426,174.0186529558503,0.15676017216359153,0.06616471936533633,,,
sample,1779737717.6147687,88.02306175231934,0.0,0.0,0.0,0,1.6553382772465859,-0.46640198236658426,174.0186529558503,0.15676017216359153,0.06616471936533633,,,
sample,1779737717.6647367,88.07302975654602,0.0,0.0,0.0,0,1.6553382772465859,-0.46640198236658426,174.0186529558503,0.15676017216359153,0.06616471936533633,,,
sample,1779737717.7147694,88.12306237220764,0.0,0.0,0.0,0,1.6553382772465859,-0.46640198236658426,174.0186529558503,0.15676017216359153,0.06616471936533633,,,
sample,1779737717.764778,88.17307090759277,0.0,0.0,0.0,0,1.6553382772465859,-0.46640198236658426,174.0186529558503,0.15676017216359153,0.06616471936533633,,,
sample,1779737717.814867,88.22316002845764,0.0,0.0,0.0,0,1.6553382772465859,-0.46640198236658426,174.0186529558503,0.15676017216359153,0.06616471936533633,,,
sample,1779737717.864848,88.2731409072876,0.0,0.0,0.0,0,1.6553382772465859,-0.46640198236658426,174.0186529558503,0.15676017216359153,0.06616471936533633,,,
sample,1779737717.9147491,88.32304215431213,0.0,0.0,0.0,0,1.6553382772465859,-0.46640198236658426,174.0186529558503,0.15676017216359153,0.06616471936533633,,,
sample,1779737717.9648604,88.37315344810486,0.0,0.0,0.0,0,1.6553382772465859,-0.46640198236658426,174.0186529558503,0.15676017216359153,0.06616471936533633,,,
sample,1779737718.015047,88.42334008216858,0.0,0.0,0.0,0,1.6553382772465859,-0.46640198236658426,174.0186529558503,0.15676017216359153,0.06616471936533633,,,
sample,1779737718.0647128,88.47300577163696,0.0,0.0,0.0,0,1.6553382772465859,-0.46640198236658426,174.0186529558503,0.15676017216359153,0.06616471936533633,,,
sample,1779737718.114829,88.52312207221985,0.0,0.0,0.0,0,1.6553382772465859,-0.46640198236658426,174.0186529558503,0.15676017216359153,0.06616471936533633,,,
sample,1779737718.1646898,88.57298278808594,0.0,0.0,0.0,0,1.6553382772465859,-0.46640198236658426,174.0186529558503,0.15676017216359153,0.06616471936533633,,,
sample,1779737718.2148213,88.62311434745789,0.0,0.0,0.0,0,1.6553382772465859,-0.46640198236658426,174.0186529558503,0.15676017216359153,0.06616471936533633,,,
sample,1779737718.2648652,88.67315816879272,0.0,0.0,0.0,0,1.6553382772465859,-0.46640198236658426,174.0186529558503,0.15676017216359153,0.06616471936533633,,,
sample,1779737718.3148923,88.72318530082703,0.0,0.0,0.0,0,1.6553382772465859,-0.46640198236658426,174.0186529558503,0.15676017216359153,0.06616471936533633,,,
sample,1779737718.3647418,88.7730348110199,0.0,0.0,0.0,0,1.6553382772465859,-0.46640198236658426,174.0186529558503,0.15676017216359153,0.06616471936533633,,,
sample,1779737718.4147916,88.82308459281921,0.0,0.0,0.0,0,1.6553382772465859,-0.46640198236658426,174.0186529558503,0.15676017216359153,0.06616471936533633,,,
sample,1779737718.4647105,88.8730034828186,0.0,0.0,0.0,0,1.6553382772465859,-0.46640198236658426,174.0186529558503,0.15676017216359153,0.06616471936533633,,,
sample,1779737718.5147228,88.923015832901,0.0,0.0,0.0,0,1.6553382772465859,-0.46640198236658426,174.0186529558503,0.15676017216359153,0.06616471936533633,,,
sample,1779737718.56479,88.97308301925659,0.0,0.0,0.0,0,1.6553382772465859,-0.46640198236658426,174.0186529558503,0.15676017216359153,0.06616471936533633,,,
sample,1779737718.6147275,89.02302050590515,0.0,0.0,0.0,0,1.6553382772465859,-0.46640198236658426,174.0186529558503,0.15676017216359153,0.06616471936533633,,,
sample,1779737718.6647081,89.07300114631653,0.0,0.0,0.0,0,1.6553382772465859,-0.46640198236658426,174.0186529558503,0.15676017216359153,0.06616471936533633,,,
sample,1779737718.7147658,89.12305879592896,0.0,0.0,0.0,0,1.6553382772465859,-0.46640198236658426,174.0186529558503,0.15676017216359153,0.06616471936533633,,,
sample,1779737718.7649586,89.17325162887573,0.0,0.0,0.0,0,1.6553382772465859,-0.46640198236658426,174.0186529558503,0.15676017216359153,0.06616471936533633,,,
sample,1779737718.8147857,89.22307872772217,0.0,0.0,0.0,0,1.6553382772465859,-0.46640198236658426,174.0186529558503,0.15676017216359153,0.06616471936533633,,,
sample,1779737718.8647559,89.27304887771606,0.0,0.0,0.0,0,1.6553382772465859,-0.46640198236658426,174.0186529558503,0.15676017216359153,0.06616471936533633,,,
sample,1779737718.914744,89.3230369091034,0.0,0.0,0.0,0,1.6553382772465859,-0.46640198236658426,174.0186529558503,0.15676017216359153,0.06616471936533633,,,
sample,1779737718.9646688,89.37296175956726,0.0,0.0,0.0,0,1.6553382772465859,-0.46640198236658426,174.0186529558503,0.15676017216359153,0.06616471936533633,,,
sample,1779737719.0148346,89.4231276512146,0.0,0.0,0.0,0,1.6553382772465859,-0.46640198236658426,174.0186529558503,0.15676017216359153,0.06616471936533633,,,
sample,1779737719.0648422,89.47313523292542,0.0,0.0,0.0,0,1.6553382772465859,-0.46640198236658426,174.0186529558503,0.15676017216359153,0.06616471936533633,,,
sample,1779737719.114885,89.52317810058594,0.0,0.0,0.0,0,1.6553382772465859,-0.46640198236658426,174.0186529558503,0.15676017216359153,0.06616471936533633,,,
sample,1779737719.1647248,89.57301783561707,0.0,0.0,0.0,0,1.6553382772465859,-0.46640198236658426,174.0186529558503,0.15676017216359153,0.06616471936533633,,,
sample,1779737719.214715,89.6230080127716,0.0,0.0,0.0,0,1.6553382772465859,-0.46640198236658426,174.0186529558503,0.15676017216359153,0.06616471936533633,,,
sample,1779737719.2647374,89.67303037643433,0.0,0.0,0.0,0,1.6553382772465859,-0.46640198236658426,174.0186529558503,0.15676017216359153,0.06616471936533633,,,
sample,1779737719.3147867,89.72307968139648,0.0,0.0,0.0,0,1.6553382772465859,-0.46640198236658426,174.0186529558503,0.15676017216359153,0.06616471936533633,,,
sample,1779737719.3648033,89.7730963230133,0.0,0.0,0.0,0,1.6553382772465859,-0.46640198236658426,174.0186529558503,0.15676017216359153,0.06616471936533633,,,
sample,1779737719.415062,89.82335495948792,0.0,0.0,0.0,0,1.6553382772465859,-0.46640198236658426,174.0186529558503,0.15676017216359153,0.06616471936533633,,,
sample,1779737719.4647472,89.87304019927979,0.0,0.0,0.0,0,1.6553382772465859,-0.46640198236658426,174.0186529558503,0.15676017216359153,0.06616471936533633,,,
sample,1779737719.514862,89.9231550693512,0.0,0.0,0.0,0,1.6553382772465859,-0.46640198236658426,174.0186529558503,0.15676017216359153,0.06616471936533633,,,
sample,1779737719.564853,89.97314596176147,0.0,0.0,0.0,0,1.6553382772465859,-0.46640198236658426,174.0186529558503,0.15676017216359153,0.06616471936533633,,,
sample,1779737719.6147823,90.02307534217834,0.0,0.0,0.0,0,1.6553382772465859,-0.46640198236658426,174.0186529558503,0.15676017216359153,0.06616471936533633,,,
sample,1779737719.6649923,90.07328534126282,0.0,0.0,0.0,0,1.6553382772465859,-0.46640198236658426,174.0186529558503,0.15676017216359153,0.06616471936533633,,,
sample,1779737719.7150638,90.12335681915283,0.0,0.0,0.0,0,1.6553382772465859,-0.46640198236658426,174.0186529558503,0.15676017216359153,0.06616471936533633,,,
sample,1779737719.7650564,90.17334938049316,0.0,0.0,0.0,0,1.6553382772465859,-0.46640198236658426,174.0186529558503,0.15676017216359153,0.06616471936533633,,,
sample,1779737719.8153408,90.22363376617432,0.0,0.0,0.0,0,1.6553382772465859,-0.46640198236658426,174.0186529558503,0.15676017216359153,0.06616471936533633,,,
sample,1779737719.8652425,90.27353549003601,0.0,0.0,0.0,0,1.6553382772465859,-0.46640198236658426,174.0186529558503,0.15676017216359153,0.06616471936533633,,,
sample,1779737719.915135,90.32342791557312,0.0,0.0,0.0,0,1.6553382772465859,-0.46640198236658426,174.0186529558503,0.15676017216359153,0.06616471936533633,,,
sample,1779737719.9650059,90.37329888343811,0.0,0.0,0.0,0,1.6553382772465859,-0.46640198236658426,174.0186529558503,0.15676017216359153,0.06616471936533633,,,
sample,1779737720.0153775,90.42367053031921,0.0,0.0,0.0,0,1.6553382772465859,-0.46640198236658426,174.0186529558503,0.15676017216359153,0.06616471936533633,,,
sample,1779737720.0649905,90.47328352928162,0.0,0.0,0.0,0,1.6553382772465859,-0.46640198236658426,174.0186529558503,0.15676017216359153,0.06616471936533633,,,
sample,1779737720.11509,90.52338290214539,0.0,0.0,0.0,0,1.6553382772465859,-0.46640198236658426,174.0186529558503,0.15676017216359153,0.06616471936533633,,,
sample,1779737720.1649954,90.57328844070435,0.0,0.0,0.0,0,1.6553382772465859,-0.46640198236658426,174.0186529558503,0.15676017216359153,0.06616471936533633,,,
sample,1779737720.2151816,90.62347459793091,0.0,0.0,0.0,0,1.6553382772465859,-0.46640198236658426,174.0186529558503,0.15676017216359153,0.06616471936533633,,,
sample,1779737720.2652125,90.67350554466248,0.0,0.0,0.0,0,1.6553382772465859,-0.46640198236658426,174.0186529558503,0.15676017216359153,0.06616471936533633,,,
sample,1779737720.3151906,90.72348356246948,0.0,0.0,0.0,0,1.6553382772465859,-0.46640198236658426,174.0186529558503,0.15676017216359153,0.06616471936533633,,,
sample,1779737720.3649874,90.77328038215637,0.0,0.0,0.0,0,1.6553382772465859,-0.46640198236658426,174.0186529558503,0.15676017216359153,0.06616471936533633,,,
sample,1779737720.415127,90.82342004776001,0.0,0.0,0.0,0,1.6553382772465859,-0.46640198236658426,174.0186529558503,0.15676017216359153,0.06616471936533633,,,
sample,1779737720.4647882,90.87308120727539,0.0,0.0,0.0,0,1.6553382772465859,-0.46640198236658426,174.0186529558503,0.15676017216359153,0.06616471936533633,,,
sample,1779737720.514763,90.92305612564087,0.0,0.0,0.0,0,1.6553382772465859,-0.46640198236658426,174.0186529558503,0.15676017216359153,0.06616471936533633,,,
sample,1779737720.5650556,90.97334861755371,0.0,0.0,0.0,0,1.6553382772465859,-0.46640198236658426,174.0186529558503,0.15676017216359153,0.06616471936533633,,,
sample,1779737720.6151793,91.02347230911255,0.0,0.0,0.0,0,1.6553382772465859,-0.46640198236658426,174.0186529558503,0.15676017216359153,0.06616471936533633,,,
sample,1779737720.666512,91.07480502128601,0.0,0.0,0.0,0,1.6553382772465859,-0.46640198236658426,174.0186529558503,0.15676017216359153,0.06616471936533633,,,
sample,1779737720.7153728,91.12366580963135,0.0,0.0,0.0,0,1.6553382772465859,-0.46640198236658426,174.0186529558503,0.15676017216359153,0.06616471936533633,,,
sample,1779737720.764772,91.1730649471283,0.0,0.0,0.0,0,1.6553382772465859,-0.46640198236658426,174.0186529558503,0.15676017216359153,0.06616471936533633,,,
sample,1779737720.8147693,91.22306227684021,0.0,0.0,0.0,0,1.6553382772465859,-0.46640198236658426,174.0186529558503,0.15676017216359153,0.06616471936533633,,,
sample,1779737720.8647127,91.27300572395325,0.0,0.0,0.0,0,1.6553382772465859,-0.46640198236658426,174.0186529558503,0.15676017216359153,0.06616471936533633,,,
sample,1779737720.9147794,91.32307243347168,0.0,0.0,0.0,0,1.6553382772465863,-0.46640198236658426,174.0186529558503,0.15676017216359153,0.06616471936533633,,,
sample,1779737720.9647126,91.37300562858582,0.0,0.0,0.0,0,1.6553382772465859,-0.46640198236658426,174.0186529558503,0.15676017216359153,0.06616471936533633,,,
sample,1779737721.0149572,91.42325019836426,0.0,0.0,0.0,0,1.6553382772465859,-0.46640198236658426,174.0186529558503,0.15676017216359153,0.06616471936533633,,,
sample,1779737721.0648293,91.47312235832214,0.0,0.0,0.0,0,1.6553382772465859,-0.46640198236658426,174.0186529558503,0.15676017216359153,0.06616471936533633,,,
sample,1779737721.1147673,91.52306032180786,0.0,0.0,0.0,0,1.6553382772465859,-0.46640198236658426,174.0186529558503,0.15676017216359153,0.06616471936533633,,,
sample,1779737721.164758,91.57305097579956,0.0,0.0,0.0,0,1.6553382772465859,-0.46640198236658426,174.0186529558503,0.15676017216359153,0.06616471936533633,,,
sample,1779737721.2147563,91.62304925918579,0.0,0.0,0.0,0,1.6553382772465859,-0.46640198236658426,174.0186529558503,0.15676017216359153,0.06616471936533633,,,
sample,1779737721.2647555,91.67304849624634,0.0,0.0,0.0,0,1.6553382772465859,-0.46640198236658426,174.0186529558503,0.15676017216359153,0.06616471936533633,,,
sample,1779737721.3147783,91.72307133674622,0.0,0.0,0.0,0,1.6553382772465859,-0.46640198236658426,174.0186529558503,0.15676017216359153,0.06616471936533633,,,
sample,1779737721.3646948,91.77298784255981,0.0,0.0,0.0,0,1.6553382772465859,-0.46640198236658426,174.0186529558503,0.15676017216359153,0.06616471936533633,,,
sample,1779737721.4147193,91.82301235198975,0.0,0.0,0.0,0,1.6553382772465859,-0.46640198236658426,174.0186529558503,0.15676017216359153,0.06616471936533633,,,
sample,1779737721.4647095,91.87300252914429,0.0,0.0,0.0,0,1.6553382772465859,-0.46640198236658426,174.0186529558503,0.15676017216359153,0.06616471936533633,,,
sample,1779737721.5148408,91.92313385009766,0.0,0.0,0.0,0,1.6553382772465859,-0.46640198236658426,174.0186529558503,0.15676017216359153,0.06616471936533633,,,
sample,1779737721.5647163,91.97300934791565,0.0,0.0,0.0,0,1.6553382772465859,-0.46640198236658426,174.0186529558503,0.15676017216359153,0.06616471936533633,,,
sample,1779737721.6148956,92.02318859100342,0.0,0.0,0.0,0,1.6553382772465859,-0.46640198236658426,174.0186529558503,0.15676017216359153,0.06616471936533633,,,
sample,1779737721.6646848,92.07297778129578,0.0,0.0,0.0,0,1.6553382772465859,-0.46640198236658426,174.0186529558503,0.15676017216359153,0.06616471936533633,,,
sample,1779737721.7147844,92.12307739257812,0.0,0.0,0.0,0,1.6553382772465859,-0.46640198236658426,174.0186529558503,0.15676017216359153,0.06616471936533633,,,
sample,1779737721.7648954,92.17318844795227,0.0,0.0,0.0,0,1.6553382772465859,-0.46640198236658426,174.0186529558503,0.15676017216359153,0.06616471936533633,,,
sample,1779737721.814747,92.22304010391235,0.0,0.0,0.0,0,1.6553382772465859,-0.46640198236658426,174.0186529558503,0.15676017216359153,0.06616471936533633,,,
sample,1779737721.8651395,92.27343249320984,0.0,0.0,0.0,0,1.6553382772465859,-0.46640198236658426,174.0186529558503,0.15676017216359153,0.06616471936533633,,,
sample,1779737721.9147801,92.32307314872742,0.0,0.0,0.0,0,1.6553382772465859,-0.46640198236658426,174.0186529558503,0.15676017216359153,0.06616471936533633,,,
sample,1779737721.965186,92.37347912788391,0.0,0.0,0.0,0,1.6553382772465859,-0.46640198236658426,174.0186529558503,0.15676017216359153,0.06616471936533633,,,
sample,1779737722.014738,92.42303109169006,0.0,0.0,0.0,0,1.6553382772465859,-0.46640198236658426,174.0186529558503,0.15676017216359153,0.06616471936533633,,,
sample,1779737722.064708,92.47300100326538,0.0,0.0,0.0,0,1.6553382772465859,-0.46640198236658426,174.0186529558503,0.15676017216359153,0.06616471936533633,,,
sample,1779737722.114786,92.52307891845703,0.0,0.0,0.0,0,1.6553382772465859,-0.46640198236658426,174.0186529558503,0.15676017216359153,0.06616471936533633,,,
sample,1779737722.1646926,92.57298564910889,0.0,0.0,0.0,0,1.6553382772465859,-0.46640198236658426,174.0186529558503,0.15676017216359153,0.06616471936533633,,,
sample,1779737722.2148082,92.62310123443604,0.0,0.0,0.0,0,1.6553382772465859,-0.46640198236658426,174.0186529558503,0.15676017216359153,0.06616471936533633,,,
sample,1779737722.264748,92.67304110527039,0.0,0.0,0.0,0,1.6553382772465854,-0.46640198236658426,174.0186529558503,0.15676017216359153,0.06616471936533633,,,
sample,1779737722.314972,92.72326493263245,0.0,0.0,0.0,0,1.6553382772465854,-0.46640198236658426,174.0186529558503,0.15676017216359153,0.06616471936533633,,,
sample,1779737722.3646586,92.77295160293579,0.0,0.0,0.0,0,1.6553382772465859,-0.46640198236658426,174.0186529558503,0.15676017216359153,0.06616471936533633,,,
sample,1779737722.414789,92.82308197021484,0.0,0.0,0.0,0,1.6553382772465859,-0.46640198236658426,174.0186529558503,0.15676017216359153,0.06616471936533633,,,
sample,1779737722.464697,92.8729898929596,0.0,0.0,0.0,0,1.6553382772465859,-0.46640198236658426,174.0186529558503,0.15676017216359153,0.06616471936533633,,,
sample,1779737722.5146763,92.92296934127808,0.0,0.0,0.0,0,1.6553382772465859,-0.46640198236658426,174.0186529558503,0.15676017216359153,0.06616471936533633,,,
sample,1779737722.5648518,92.97314476966858,0.0,0.0,0.0,0,1.6553382772465859,-0.46640198236658426,174.0186529558503,0.15676017216359153,0.06616471936533633,,,
sample,1779737722.6147597,93.02305269241333,0.0,0.0,0.0,0,1.6553382772465859,-0.46640198236658426,174.0186529558503,0.15676017216359153,0.06616471936533633,,,
sample,1779737722.664806,93.07309889793396,0.0,0.0,0.0,0,1.6553382772465859,-0.46640198236658426,174.0186529558503,0.15676017216359153,0.06616471936533633,,,
sample,1779737722.7148335,93.12312650680542,0.0,0.0,0.0,0,1.6553382772465859,-0.46640198236658426,174.0186529558503,0.15676017216359153,0.06616471936533633,,,
sample,1779737722.7647731,93.17306613922119,0.0,0.0,0.0,0,1.6553382772465859,-0.46640198236658426,174.0186529558503,0.15676017216359153,0.06616471936533633,,,
sample,1779737722.8146877,93.22298073768616,0.0,0.0,0.0,0,1.6553382772465859,-0.46640198236658426,174.0186529558503,0.15676017216359153,0.06616471936533633,,,
sample,1779737722.8646088,93.27290177345276,0.0,0.0,0.0,0,1.6553382772465859,-0.46640198236658426,174.0186529558503,0.15676017216359153,0.06616471936533633,,,
sample,1779737722.914706,93.32299900054932,0.0,0.0,0.0,0,1.6553382772465859,-0.46640198236658426,174.0186529558503,0.15676017216359153,0.06616471936533633,,,
sample,1779737722.9646015,93.37289452552795,0.0,0.0,0.0,0,1.6553382772465859,-0.46640198236658426,174.0186529558503,0.15676017216359153,0.06616471936533633,,,
sample,1779737723.0146976,93.42299056053162,0.0,0.0,0.0,0,1.6553382772465859,-0.46640198236658426,174.0186529558503,0.15676017216359153,0.06616471936533633,,,
sample,1779737723.0646212,93.47291421890259,0.0,0.0,0.0,0,1.6553382772465859,-0.46640198236658426,174.0186529558503,0.15676017216359153,0.06616471936533633,,,
sample,1779737723.114684,93.52297711372375,0.0,0.0,0.0,0,1.6553382772465859,-0.46640198236658426,174.0186529558503,0.15676017216359153,0.06616471936533633,,,
sample,1779737723.1646678,93.57296085357666,0.0,0.0,0.0,0,1.6553382772465859,-0.46640198236658426,174.0186529558503,0.15676017216359153,0.06616471936533633,,,
sample,1779737723.2146666,93.62295961380005,0.0,0.0,0.0,0,1.6553382772465859,-0.46640198236658426,174.0186529558503,0.15676017216359153,0.06616471936533633,,,
sample,1779737723.2651234,93.67341637611389,0.0,0.0,0.0,0,1.6553382772465859,-0.46640198236658426,174.0186529558503,0.15676017216359153,0.06616471936533633,,,
sample,1779737723.314783,93.7230761051178,0.0,0.0,0.0,0,1.6553382772465859,-0.46640198236658426,174.0186529558503,0.15676017216359153,0.06616471936533633,,,
sample,1779737723.3647785,93.77307152748108,0.0,0.0,0.0,0,1.6553382772465859,-0.46640198236658426,174.0186529558503,0.15676017216359153,0.06616471936533633,,,
sample,1779737723.4148726,93.82316565513611,0.0,0.0,0.0,0,1.6553382772465859,-0.46640198236658426,174.0186529558503,0.15676017216359153,0.06616471936533633,,,
sample,1779737723.4646835,93.87297654151917,0.0,0.0,0.0,0,1.6553382772465859,-0.46640198236658426,174.0186529558503,0.15676017216359153,0.06616471936533633,,,
sample,1779737723.5146778,93.92297077178955,0.0,0.0,0.0,0,1.6553382772465859,-0.46640198236658426,174.0186529558503,0.15676017216359153,0.06616471936533633,,,
sample,1779737723.5647469,93.97303986549377,0.0,0.0,0.0,0,1.6553382772465859,-0.46640198236658426,174.0186529558503,0.15676017216359153,0.06616471936533633,,,
sample,1779737723.614712,94.02300500869751,0.0,0.0,0.0,0,1.6553382772465859,-0.46640198236658426,174.0186529558503,0.15676017216359153,0.06616471936533633,,,
sample,1779737723.6645918,94.07288479804993,0.0,0.0,0.0,0,1.6553382772465859,-0.46640198236658426,174.0186529558503,0.15676017216359153,0.06616471936533633,,,
sample,1779737723.714689,94.12298202514648,0.0,0.0,0.0,0,1.6553382772465859,-0.46640198236658426,174.0186529558503,0.15676017216359153,0.06616471936533633,,,
sample,1779737723.7646334,94.17292642593384,0.0,0.0,0.0,0,1.6553382772465859,-0.46640198236658426,174.0186529558503,0.15676017216359153,0.06616471936533633,,,
sample,1779737723.8146753,94.22296833992004,0.0,0.0,0.0,0,1.6553382772465859,-0.46640198236658426,174.0186529558503,0.15676017216359153,0.06616471936533633,,,
sample,1779737723.8645873,94.27288031578064,0.0,0.0,0.0,0,1.6553382772465859,-0.46640198236658426,174.0186529558503,0.15676017216359153,0.06616471936533633,,,
sample,1779737723.9147615,94.32305455207825,0.0,0.0,0.0,0,1.6553382772465859,-0.46640198236658426,174.0186529558503,0.15676017216359153,0.06616471936533633,,,
sample,1779737723.9646647,94.37295770645142,0.0,0.0,0.0,0,1.6553382772465859,-0.46640198236658426,174.0186529558503,0.15676017216359153,0.06616471936533633,,,
sample,1779737724.0147023,94.4229953289032,0.0,0.0,0.0,0,1.6553382772465859,-0.46640198236658426,174.0186529558503,0.15676017216359153,0.06616471936533633,,,
sample,1779737724.0645895,94.47288250923157,0.0,0.0,0.0,0,1.6553382772465859,-0.46640198236658426,174.0186529558503,0.15676017216359153,0.06616471936533633,,,
sample,1779737724.1147244,94.52301740646362,0.0,0.0,0.0,0,1.6553382772465859,-0.46640198236658426,174.0186529558503,0.15676017216359153,0.06616471936533633,,,
sample,1779737724.164652,94.57294511795044,0.0,0.0,0.0,0,1.6553382772465859,-0.46640198236658426,174.0186529558503,0.15676017216359153,0.06616471936533633,,,
sample,1779737724.214878,94.62317109107971,0.0,0.0,0.0,0,1.6553382772465859,-0.46640198236658426,174.0186529558503,0.15676017216359153,0.06616471936533633,,,
sample,1779737724.2652743,94.67356729507446,0.0,0.0,0.0,0,1.6553382772465859,-0.46640198236658426,174.0186529558503,0.15676017216359153,0.06616471936533633,,,
sample,1779737724.3147078,94.7230007648468,0.0,0.0,0.0,0,1.6553382772465859,-0.46640198236658426,174.0186529558503,0.15676017216359153,0.06616471936533633,,,
sample,1779737724.3647044,94.77299737930298,0.0,0.0,0.0,0,1.6553382772465859,-0.46640198236658426,174.0186529558503,0.15676017216359153,0.06616471936533633,,,
sample,1779737724.4147396,94.82303261756897,0.0,0.0,0.0,0,1.6553382772465859,-0.46640198236658426,174.0186529558503,0.15676017216359153,0.06616471936533633,,,
sample,1779737724.4650226,94.87331557273865,0.0,0.0,0.0,0,1.6553382772465859,-0.46640198236658426,174.0186529558503,0.15676017216359153,0.06616471936533633,,,
sample,1779737724.5146475,94.92294049263,0.0,0.0,0.0,0,1.6553382772465859,-0.46640198236658426,174.0186529558503,0.15676017216359153,0.06616471936533633,,,
sample,1779737724.564703,94.97299599647522,0.0,0.0,0.0,0,1.6553382772465859,-0.46640198236658426,174.0186529558503,0.15676017216359153,0.06616471936533633,,,
sample,1779737724.6147106,95.02300357818604,0.0,0.0,0.0,0,1.6553382772465859,-0.46640198236658426,174.0186529558503,0.15676017216359153,0.06616471936533633,,,
sample,1779737724.6646285,95.07292151451111,0.0,0.0,0.0,0,1.6553382772465859,-0.46640198236658426,174.0186529558503,0.15676017216359153,0.06616471936533633,,,
sample,1779737724.7147105,95.1230034828186,0.0,0.0,0.0,0,1.6553382772465859,-0.46640198236658426,174.0186529558503,0.15676017216359153,0.06616471936533633,,,
sample,1779737724.7646275,95.17292046546936,0.0,0.0,0.0,0,1.6553382772465859,-0.46640198236658426,174.0186529558503,0.15676017216359153,0.06616471936533633,,,
sample,1779737724.8147583,95.22305130958557,0.0,0.0,0.0,0,1.6553382772465859,-0.46640198236658426,174.0186529558503,0.15676017216359153,0.06616471936533633,,,
sample,1779737724.8646758,95.27296876907349,0.0,0.0,0.0,0,1.6553382772465859,-0.46640198236658426,174.0186529558503,0.15676017216359153,0.06616471936533633,,,
sample,1779737724.9147096,95.323002576828,0.0,0.0,0.0,0,1.6553382772465859,-0.46640198236658426,174.0186529558503,0.15676017216359153,0.06616471936533633,,,
sample,1779737724.9647126,95.37300562858582,0.0,0.0,0.0,0,1.6553382772465859,-0.46640198236658426,174.0186529558503,0.15676017216359153,0.06616471936533633,,,
sample,1779737725.0147963,95.42308926582336,0.0,0.0,0.0,0,1.6553382772465859,-0.46640198236658426,174.0186529558503,0.15676017216359153,0.06616471936533633,,,
sample,1779737725.0647104,95.47300338745117,0.0,0.0,0.0,0,1.6553382772465859,-0.46640198236658426,174.0186529558503,0.15676017216359153,0.06616471936533633,,,
sample,1779737725.1146224,95.52291536331177,0.0,0.0,0.0,0,1.6553382772465859,-0.46640198236658426,174.0186529558503,0.15676017216359153,0.06616471936533633,,,
sample,1779737725.1647062,95.5729992389679,0.0,0.0,0.0,0,1.6553382772465859,-0.46640198236658426,174.0186529558503,0.15676017216359153,0.06616471936533633,,,
sample,1779737725.214655,95.62294793128967,0.0,0.0,0.0,0,1.6553382772465859,-0.46640198236658426,174.0186529558503,0.15676017216359153,0.06616471936533633,,,
sample,1779737725.264734,95.67302703857422,0.0,0.0,0.0,0,1.6553382772465859,-0.46640198236658426,174.0186529558503,0.15676017216359153,0.06616471936533633,,,
sample,1779737725.3147516,95.72304463386536,0.0,0.0,0.0,0,1.6553382772465859,-0.46640198236658426,174.0186529558503,0.15676017216359153,0.06616471936533633,,,
sample,1779737725.3646302,95.77292323112488,0.0,0.0,0.0,0,1.6553382772465859,-0.46640198236658426,174.0186529558503,0.15676017216359153,0.06616471936533633,,,
sample,1779737725.4147096,95.823002576828,0.0,0.0,0.0,0,1.6553382772465859,-0.46640198236658426,174.0186529558503,0.15676017216359153,0.06616471936533633,,,
sample,1779737725.4646516,95.87294459342957,0.0,0.0,0.0,0,1.6553382772465859,-0.46640198236658426,174.0186529558503,0.15676017216359153,0.06616471936533633,,,
sample,1779737725.5147557,95.92304873466492,0.0,0.0,0.0,0,1.6553382772465859,-0.46640198236658426,174.0186529558503,0.15676017216359153,0.06616471936533633,,,
sample,1779737725.5645945,95.97288751602173,0.0,0.0,0.0,0,1.6553382772465859,-0.46640198236658426,174.0186529558503,0.15676017216359153,0.06616471936533633,,,
sample,1779737725.614649,96.02294206619263,0.0,0.0,0.0,0,1.6553382772465859,-0.46640198236658426,174.0186529558503,0.15676017216359153,0.06616471936533633,,,
sample,1779737725.6647758,96.073068857193,0.0,0.0,0.0,0,1.6553382772465859,-0.46640198236658426,174.0186529558503,0.15676017216359153,0.06616471936533633,,,
sample,1779737725.7147415,96.12303447723389,0.0,0.0,0.0,0,1.6553382772465859,-0.46640198236658426,174.0186529558503,0.15676017216359153,0.06616471936533633,,,
sample,1779737725.7646441,96.1729371547699,0.0,0.0,0.0,0,1.6553382772465859,-0.46640198236658426,174.0186529558503,0.15676017216359153,0.06616471936533633,,,
sample,1779737725.8146837,96.22297668457031,0.0,0.0,0.0,0,1.6553382772465859,-0.46640198236658426,174.0186529558503,0.15676017216359153,0.06616471936533633,,,
sample,1779737725.8646188,96.27291178703308,0.0,0.0,0.0,0,1.6553382772465859,-0.46640198236658426,174.0186529558503,0.15676017216359153,0.06616471936533633,,,
sample,1779737725.9147167,96.32300972938538,0.0,0.0,0.0,0,1.6553382772465859,-0.46640198236658426,174.0186529558503,0.15676017216359153,0.06616471936533633,,,
sample,1779737725.9647412,96.37303423881531,0.0,0.0,0.0,0,1.6553382772465859,-0.46640198236658426,174.0186529558503,0.15676017216359153,0.06616471936533633,,,
sample,1779737726.0148036,96.42309665679932,0.0,0.0,0.0,0,1.6553382772465859,-0.46640198236658426,174.0186529558503,0.15676017216359153,0.06616471936533633,,,
sample,1779737726.0646832,96.47297620773315,0.0,0.0,0.0,0,1.6553382772465859,-0.46640198236658426,174.0186529558503,0.15676017216359153,0.06616471936533633,,,
sample,1779737726.1146684,96.52296137809753,0.0,0.0,0.0,0,1.6553382772465859,-0.46640198236658426,174.0186529558503,0.15676017216359153,0.06616471936533633,,,
sample,1779737726.1646986,96.57299160957336,0.0,0.0,0.0,0,1.6553382772465859,-0.46640198236658426,174.0186529558503,0.15676017216359153,0.06616471936533633,,,
sample,1779737726.2147844,96.62307739257812,0.0,0.0,0.0,0,1.6553382772465859,-0.46640198236658426,174.0186529558503,0.15676017216359153,0.06616471936533633,,,
sample,1779737726.2647052,96.67299818992615,0.0,0.0,0.0,0,1.6553382772465859,-0.46640198236658426,174.0186529558503,0.15676017216359153,0.06616471936533633,,,
sample,1779737726.3147655,96.72305846214294,0.0,0.0,0.0,0,1.6553382772465859,-0.46640198236658426,174.0186529558503,0.15676017216359153,0.06616471936533633,,,
sample,1779737726.3645792,96.77287220954895,0.0,0.0,0.0,0,1.6553382772465859,-0.46640198236658426,174.0186529558503,0.15676017216359153,0.06616471936533633,,,
sample,1779737726.414737,96.8230299949646,0.0,0.0,0.0,0,1.6553382772465859,-0.46640198236658426,174.0186529558503,0.15676017216359153,0.06616471936533633,,,
sample,1779737726.4645915,96.87288451194763,0.0,0.0,0.0,0,1.6553382772465859,-0.46640198236658426,174.0186529558503,0.15676017216359153,0.06616471936533633,,,
sample,1779737726.5146732,96.92296624183655,0.0,0.0,0.0,0,1.6553382772465859,-0.46640198236658426,174.0186529558503,0.15676017216359153,0.06616471936533633,,,
sample,1779737726.564662,96.97295498847961,0.0,0.0,0.0,0,1.6553382772465859,-0.46640198236658426,174.0186529558503,0.15676017216359153,0.06616471936533633,,,
sample,1779737726.6148078,97.02310085296631,0.0,0.0,0.0,0,1.6553382772465859,-0.46640198236658426,174.0186529558503,0.15676017216359153,0.06616471936533633,,,
