timestamp_s,elapsed_s,v_real,w_real,brake,x,y,distance_m
1780009129.3252356,0.0,0.0,0.0,0,0.0,0.0,0.0
1780009129.3261392,0.0009036064147949219,0.0,0.0,0,0.0,0.0,0.0
1780006223.8302274,0.0,0.0,0.0,0,0.0,0.0,0.0
1780006223.8302274,0.0,0.0,0.0,0,0.0,0.0,0.0
1780006223.8302274,0.0,0.0,0.0,0,0.0,0.0,0.0
1780006223.8302274,0.0,0.0,0.0,0,0.0,0.0,0.0
1780006223.8810856,0.0,0.0,-0.0412596216502858,0,0.0,0.0,0.0
1780006223.8810856,0.0,0.0,0.0,0,0.0,0.0,0.0
1780006223.9303298,0.0,0.0,0.0,0,0.0,0.0,0.0
1780006223.9303298,0.0,0.0,0.0,0,0.0,0.0,0.0
1780006223.9303298,0.0,0.0,0.0,0,0.0,0.0,0.0
1780006223.9303298,0.0,0.0,0.0,0,0.0,0.0,0.0
1780006223.9789875,0.0,0.0,0.0,0,0.0,0.0,0.0
1780006223.9789875,0.0,0.0,0.0,0,0.0,0.0,0.0
1780006224.02965,0.0,0.0801,-0.08321283576233668,0,0.007938226159928168,-0.0009790485949873892,0.0079983730044
1780006224.02965,0.0,0.0801,0.0,0,0.007938226159928168,-0.0009790485949873892,0.0079983730044
1780006224.02965,0.0,0.0801,0.0,0,0.007938226159928168,-0.0009790485949873892,0.0079983730044
1780006224.02965,0.0,0.0801,0.0,0,0.007938226159928168,-0.0009790485949873892,0.0079983730044
1780006224.0790825,0.0,0.0801,0.0,0,0.007938226159928168,-0.0009790485949873892,0.0079983730044
1780006224.0790825,0.0,0.0801,0.0,0,0.007938226159928168,-0.0009790485949873892,0.0079983730044
1780006224.131848,0.0,0.0801,-0.06423924843294562,0,0.009378305844271781,-0.0011848254237219929,0.009453080397831158
1780006224.131848,0.0,0.0801,0.0,0,0.009378305844271781,-0.0011848254237219929,0.009453080397831158
1780006224.131848,0.0,0.0801,0.0,0,0.009378305844271781,-0.0011848254237219929,0.009453080397831158
1780006224.131848,0.0,0.0801,0.0,0,0.016103047287886765,-0.002145741672573864,0.016246128868200004
1780006224.1803746,0.0,0.0801,0.0,0,0.016103047287886765,-0.002145741672573864,0.016246128868200004
1780006224.1803746,0.0,0.0801,0.0,0,0.016103047287886765,-0.002145741672573864,0.016246128868200004
1780006224.2311282,0.0,0.4006,-0.2629449865364762,0,0.03574812685149086,-0.005515376203933174,0.036178102878198726
1780006224.2311282,0.0,0.4006,0.0,0,0.03574812685149086,-0.005515376203933174,0.036178102878198726
1780006224.2311282,0.0,0.4006,0.0,0,0.03574812685149086,-0.005515376203933174,0.036178102878198726
1780006224.2311282,0.0,0.4006,0.0,0,0.03574812685149086,-0.005515376203933174,0.036178102878198726
1780006224.2790992,0.0,0.4006,-0.3042521284002936,0,0.057233088863217714,-0.009200597720357305,0.0579768287646
1780006224.2790992,0.0,0.4006,0.0,0,0.057233088863217714,-0.009200597720357305,0.0579768287646
1780006224.329096,0.0,0.4006,-0.8819363609556383,0,0.08865570545910999,-0.01631444107621693,0.09019464372812838
1780006224.329096,0.0,0.4006,0.0,0,0.08865570545910999,-0.01631444107621693,0.09019464372812838
1780006224.329096,0.0,0.4006,0.0,0,0.08865570545910999,-0.01631444107621693,0.09019464372812838
1780006224.329096,0.0,0.4006,0.0,0,0.08865570545910999,-0.01631444107621693,0.09019464372812838
1780006224.3784049,0.0,0.4006,0.0,0,0.08865570545910999,-0.01631444107621693,0.09019464372812838
1780006224.3784049,0.0,0.4006,0.0,0,0.08865570545910999,-0.01631444107621693,0.09019464372812838
1780006224.4294217,0.0,0.4807,-1.3995652931406952,0,0.14082697164021207,-0.03120621021198,0.14444965089734985
1780006224.4294217,0.0,0.4807,0.0,0,0.14082697164021207,-0.03120621021198,0.14444965089734985
1780006224.4294217,0.0,0.4807,0.0,0,0.14082697164021207,-0.03120621021198,0.14444965089734985
1780006224.4294217,0.0,0.4807,0.0,0,0.14082697164021207,-0.03120621021198,0.14444965089734985
1780006224.479474,0.0,0.4807,0.0,0,0.14082697164021207,-0.03120621021198,0.14444965089734985
1780006224.479474,0.0,0.5608,0.0,0,0.14082697164021207,-0.03120621021198,0.14444965089734985
1780006224.5298924,0.0,0.5608,-1.3987063473345425,0,0.19200573388094253,-0.050230175623253145,0.19904980624934984
1780006224.5298924,0.0,0.5608,0.0,0,0.19200573388094253,-0.050230175623253145,0.19904980624934984
1780006224.5298924,0.0,0.5608,0.0,0,0.19200573388094253,-0.050230175623253145,0.19904980624934984
1780006224.5298924,0.0,0.5608,0.0,0,0.19200573388094253,-0.050230175623253145,0.19904980624934984
1780006224.5796447,0.0,0.5608,0.0,0,0.19200573388094253,-0.050230175623253145,0.19904980624934984
1780006224.5796447,0.0,0.5608,0.0,0,0.22145086422671326,-0.06394377229547807,0.23153177716812087
1780006224.6287758,0.0,0.5608,0.0,0,0.22145086422671326,-0.06394377229547807,0.23153177716812087
1780006224.6287758,0.0,0.5608,0.0,0,0.22145086422671326,-0.06394377229547807,0.23153177716812087
1780006224.6287758,0.0,0.5608,0.0,0,0.22145086422671326,-0.06394377229547807,0.23153177716812087
1780006224.6287758,0.0,0.5608,0.0,0,0.22145086422671326,-0.06394377229547807,0.23153177716812087
1780006224.6792533,0.0,0.5608,0.0,0,0.22145086422671326,-0.06394377229547807,0.23153177716812087
1780006224.6792533,0.0,0.5608,0.0,0,0.22145086422671326,-0.06394377229547807,0.23153177716812087
1780006224.9311688,0.0,0.5608,-0.41815562905076203,0,0.2884394312042934,-0.09927177933851893,0.3072651000012231
1780006224.9311688,0.0,0.5608,0.0,0,0.2884394312042934,-0.09927177933851893,0.3072651000012231
1780006224.980572,0.0,0.5608,0.0,0,0.2884394312042934,-0.09927177933851893,0.3072651000012231
1780006224.980572,0.0,0.5608,0.0,0,0.2884394312042934,-0.09927177933851893,0.3072651000012231
1780006225.0297823,0.0,0.4807,-0.1493774666953121,0,0.2929746258318892,-0.10182278628160076,0.3124685245210779
1780006225.0297823,0.0,0.5608,0.0,0,0.3449231861567373,-0.1350933504060005,0.37415793493307786
1780006225.0297823,0.0,0.5608,0.0,0,0.3449231861567373,-0.1350933504060005,0.37415793493307786
1780006225.0297823,0.0,0.5608,0.0,0,0.3449231861567373,-0.1350933504060005,0.37415793493307786
1780006225.0790167,0.0,0.5608,0.0,0,0.3449231861567373,-0.1350933504060005,0.37415793493307786
1780006225.0790167,0.0,0.5608,0.0,0,0.3449231861567373,-0.1350933504060005,0.37415793493307786
1780006225.1313028,0.0,0.5608,-0.15190578585453715,0,0.3515546856914374,-0.13981093504293368,0.3822962634399247
1780006225.1313028,0.0,0.5608,0.0,0,0.3515546856914374,-0.13981093504293368,0.3822962634399247
1780006225.1313028,0.0,0.5608,0.0,0,0.46661614015190317,-0.22657263504956873,0.526402928416251
1780006225.1313028,0.0,0.5608,0.0,0,0.46661614015190317,-0.22657263504956873,0.526402928416251
1780006225.1815526,0.0,0.5608,0.0,0,0.46661614015190317,-0.22657263504956873,0.526402928416251
1780006225.1815526,0.0,0.5608,0.0,0,0.46661614015190317,-0.22657263504956873,0.526402928416251
1780006225.2294738,0.0,0.4006,3.8188681537928244,0,0.49598089619325797,-0.19182111312742484,0.5718997104263397
1780006225.2294738,0.0,0.4006,0.0,0,0.49598089619325797,-0.19182111312742484,0.5718997104263397
1780006225.2294738,0.0,0.4006,0.0,0,0.49598089619325797,-0.19182111312742484,0.5718997104263397
1780006225.2294738,0.0,0.4006,0.0,0,0.49598089619325797,-0.19182111312742484,0.5718997104263397
1780006225.2793188,0.0,0.4006,0.0,0,0.49598089619325797,-0.19182111312742484,0.5718997104263397
1780006225.2793188,0.0,0.4006,0.0,0,0.49598089619325797,-0.19182111312742484,0.5718997104263397
1780006225.3290591,0.0,0.4807,1.1819812020637692,0,0.5065414054010051,-0.17911590340681455,0.588420809323556
1780006225.3290591,0.0,0.4807,0.0,0,0.5065414054010051,-0.17911590340681455,0.588420809323556
1780006225.3290591,0.0,0.4807,0.0,0,0.5065414054010051,-0.17911590340681455,0.588420809323556
1780006225.3290591,0.0,0.4807,0.0,0,0.5065414054010051,-0.17911590340681455,0.588420809323556
1780006225.379123,0.0,0.4807,0.8258015817209581,0,0.535683350693289,-0.19104183231480354,0.6199085967297373
1780006225.379123,0.0,0.4807,0.0,0,0.535683350693289,-0.19104183231480354,0.6199085967297373
1780006225.4290066,0.0,0.4006,0.8503300772414206,0,0.5620018256713496,-0.19993031547534745,0.6476874962411664
1780006225.4290066,0.0,0.4006,0.0,0,0.5620018256713496,-0.19993031547534745,0.6476874962411664
1780006225.4290066,0.0,0.4006,0.0,0,0.5620018256713496,-0.19993031547534745,0.6476874962411664
1780006225.4290066,0.0,0.4006,0.0,0,0.5620018256713496,-0.19993031547534745,0.6476874962411664
1780006225.479801,0.0,0.4006,0.0,0,0.5620018256713496,-0.19993031547534745,0.6476874962411664
1780006225.479801,0.0,0.4006,0.0,0,0.5620018256713496,-0.19993031547534745,0.6476874962411664
1780006225.5289857,0.0,0.4807,1.5658361234862253,0,0.6210324557550307,-0.21698694139476493,0.7091329499039993
1780006225.5289857,0.0,0.4807,0.0,0,0.6210324557550307,-0.21698694139476493,0.7091329499039993
1780006225.5289857,0.0,0.4807,0.0,0,0.6210324557550307,-0.21698694139476493,0.7091329499039993
1780006225.5289857,0.0,0.4807,0.0,0,0.6210324557550307,-0.21698694139476493,0.7091329499039993
1780006225.5827007,0.0,0.4807,0.0,0,0.6210324557550307,-0.21698694139476493,0.7091329499039993
1780006225.5827007,0.0,0.4807,0.0,0,0.6210324557550307,-0.21698694139476493,0.7091329499039993
1780006225.6293607,0.0,0.4807,1.114124238762061,0,0.6677815994858054,-0.22729502290553327,0.7570050606156994
1780006225.6293607,0.0,0.4807,0.0,0,0.6677815994858054,-0.22729502290553327,0.7570050606156994
1780006225.6293607,0.0,0.4807,0.0,0,0.6677815994858054,-0.22729502290553327,0.7570050606156994
1780006225.6293607,0.0,0.4807,0.0,0,0.6677815994858054,-0.22729502290553327,0.7570050606156994
1780006225.682607,0.0,0.4807,0.0,0,0.6677815994858054,-0.22729502290553327,0.7570050606156994
1780006225.682607,0.0,0.4807,0.0,0,0.6677815994858054,-0.22729502290553327,0.7570050606156994
1780006225.7331793,0.0,0.4807,0.303564104705661,0,0.6856347607591776,-0.23048319895919633,0.7751406563876113
1780006225.7331793,0.0,0.4807,0.0,0,0.6856347607591776,-0.23048319895919633,0.7751406563876113
1780006225.7331793,0.0,0.4807,0.0,0,0.6856347607591776,-0.23048319895919633,0.7751406563876113
1780006225.7331793,0.0,0.4807,0.0,0,0.6856347607591776,-0.23048319895919633,0.7751406563876113
1780006225.781132,0.0,0.4807,0.5204751168396455,0,0.7146591967473772,-0.2356663152920257,0.8046242548679994
1780006225.781132,0.0,0.4807,0.0,0,0.7146591967473772,-0.2356663152920257,0.8046242548679994
1780006225.8303156,0.0,0.4807,0.487935515286083,0,0.7494230525343447,-0.2406748114579949,0.8397470495037
1780006225.8303156,0.0,0.4807,0.0,0,0.7494230525343447,-0.2406748114579949,0.8397470495037
1780006225.8303156,0.0,0.4807,0.0,0,0.7494230525343447,-0.2406748114579949,0.8397470495037
1780006225.8303156,0.0,0.4807,0.0,0,0.7494230525343447,-0.2406748114579949,0.8397470495037
1780006225.8798954,0.0,0.4807,0.0,0,0.7494230525343447,-0.2406748114579949,0.8397470495037
1780006225.8798954,0.0,0.4807,0.0,0,0.7494230525343447,-0.2406748114579949,0.8397470495037
1780006225.9371629,0.0,0.5608,0.02860803853418699,0,0.818482021761342,-0.25107431628762905,0.9095846534960833
1780006225.9371629,0.0,0.5608,0.0,0,0.818482021761342,-0.25107431628762905,0.9095846534960833
1780006225.9371629,0.0,0.5608,0.0,0,0.818482021761342,-0.25107431628762905,0.9095846534960833
1780006225.9371629,0.0,0.5608,0.0,0,0.818482021761342,-0.25107431628762905,0.9095846534960833
1780006225.9799216,0.0,0.5608,0.0,0,0.818482021761342,-0.25107431628762905,0.9095846534960833
1780006225.9799216,0.0,0.5608,0.0,0,0.818482021761342,-0.25107431628762905,0.9095846534960833
1780006226.0339444,0.0,0.5608,-0.05793646062752671,0,0.8744468750880974,-0.2597736142521177,0.9662215901448834
1780006226.0339444,0.0,0.5608,0.0,0,0.8744468750880974,-0.2597736142521177,0.9662215901448834
1780006226.0339444,0.0,0.5608,0.0,0,0.8744468750880974,-0.2597736142521177,0.9662215901448834
1780006226.0339444,0.0,0.5608,0.0,0,0.8744468750880974,-0.2597736142521177,0.9662215901448834
1780006226.0813105,0.0,0.5608,0.0,0,0.8744468750880974,-0.2597736142521177,0.9662215901448834
1780006226.0813105,0.0,0.5608,0.0,0,0.8744468750880974,-0.2597736142521177,0.9662215901448834
1780006226.131597,0.0,0.4807,-0.05300690962313945,0,0.8937915187762165,-0.2629097601184367,0.9858188004135701
1780006226.131597,0.0,0.4807,0.0,0,0.8937915187762165,-0.2629097601184367,0.9858188004135701
1780006226.131597,0.0,0.4807,0.0,0,0.8937915187762165,-0.2629097601184367,0.9858188004135701
1780006226.131597,0.0,0.4807,0.0,0,0.8937915187762165,-0.2629097601184367,0.9858188004135701
1780006226.1796064,0.0,0.4807,-0.08014412863852342,0,0.9217153187872127,-0.2674367553626132,1.0141071777617834
1780006226.1796064,0.0,0.4807,0.0,0,0.9217153187872127,-0.2674367553626132,1.0141071777617834
1780006226.231158,0.0,0.5608,-0.07514806711726538,0,0.9638654155254442,-0.2744915804512417,1.0568435932885145
1780006226.231158,0.0,0.5608,0.0,0,0.9638654155254442,-0.2744915804512417,1.0568435932885145
1780006226.231158,0.0,0.5608,0.0,0,0.9638654155254442,-0.2744915804512417,1.0568435932885145
1780006226.231158,0.0,0.5608,0.0,0,0.9638654155254442,-0.2744915804512417,1.0568435932885145
1780006226.2797375,0.0,0.5608,-0.13395422910228647,0,1.0316589819111377,-0.28613259571685307,1.125629354022155
1780006226.2797375,0.0,0.5608,0.0,0,1.0316589819111377,-0.28613259571685307,1.125629354022155
1780006226.3292978,0.0,0.5608,0.0,0,1.0316589819111377,-0.28613259571685307,1.125629354022155
1780006226.3292978,0.0,0.5608,0.0,0,1.0316589819111377,-0.28613259571685307,1.125629354022155
1780006226.3292978,0.0,0.5608,0.0,0,1.0316589819111377,-0.28613259571685307,1.125629354022155
1780006226.3292978,0.0,0.5608,0.0,0,1.0316589819111377,-0.28613259571685307,1.125629354022155
1780006226.3801947,0.0,0.5608,0.0,0,1.0316589819111377,-0.28613259571685307,1.125629354022155
1780006226.3801947,0.0,0.5608,0.0,0,1.0316589819111377,-0.28613259571685307,1.125629354022155
1780006226.4297595,0.0,0.5608,-0.2836968578413275,0,1.086785251574419,-0.29645827929097057,1.181714337290955
1780006226.4297595,0.0,0.5608,0.0,0,1.086785251574419,-0.29645827929097057,1.181714337290955
1780006226.4297595,0.0,0.5608,0.0,0,1.086785251574419,-0.29645827929097057,1.181714337290955
1780006226.4297595,0.0,0.5608,0.0,0,1.086785251574419,-0.29645827929097057,1.181714337290955
1780006226.4818563,0.0,0.5608,0.0,0,1.086785251574419,-0.29645827929097057,1.181714337290955
1780006226.4818563,0.0,0.5608,0.0,0,1.086785251574419,-0.29645827929097057,1.181714337290955
1780006226.533366,0.0,0.5608,-0.18028137205380382,0,1.1129952181219605,-0.3019121377857371,1.208485719752535
1780006226.533366,0.0,0.5608,0.0,0,1.1129952181219605,-0.3019121377857371,1.208485719752535
1780006226.533366,0.0,0.5608,0.0,0,1.1129952181219605,-0.3019121377857371,1.208485719752535
1780006226.533366,0.0,0.5608,0.0,0,1.1129952181219605,-0.3019121377857371,1.208485719752535
1780006226.5789824,0.0,0.5608,-0.23468578377738578,0,1.1432110778886544,-0.3081995560915309,1.2393488014261551
1780006226.5789824,0.0,0.5608,0.0,0,1.1432110778886544,-0.3081995560915309,1.2393488014261551
1780006226.6300561,0.0,0.5608,-0.48067409230000513,0,1.1865882220802861,-0.31860860199576363,1.2839573754322589
1780006226.6300561,0.0,0.5608,0.0,0,1.1865882220802861,-0.31860860199576363,1.2839573754322589
1780006226.6300561,0.0,0.5608,0.0,0,1.1865882220802861,-0.31860860199576363,1.2839573754322589
1780006226.6300561,0.0,0.5608,0.0,0,1.1865882220802861,-0.31860860199576363,1.2839573754322589
1780006226.679609,0.0,0.5608,0.0,0,1.1865882220802861,-0.31860860199576363,1.2839573754322589
1780006226.7323244,0.0,0.5608,0.0,0,1.1865882220802861,-0.31860860199576363,1.2839573754322589
1780006226.7323244,0.0,0.5608,0.0,0,1.1865882220802861,-0.31860860199576363,1.2839573754322589
1780006226.7323244,0.0,0.6409,0.0,0,1.2510124549279342,-0.33615300316539215,1.3507277864719465
1780006226.7323244,0.0,0.6409,0.0,0,1.2510124549279342,-0.33615300316539215,1.3507277864719465
1780006226.7812576,0.0,0.6409,0.0,0,1.2510124549279342,-0.33615300316539215,1.3507277864719465
1780006226.7812576,0.0,0.6409,0.0,0,1.2510124549279342,-0.33615300316539215,1.3507277864719465
1780006226.8396413,0.0,0.6409,0.0,0,1.2510124549279342,-0.33615300316539215,1.3507277864719465
1780006226.8396413,0.0,0.6409,0.0,0,1.2609028528941397,-0.33925731550815696,1.3610939201316754
1780006226.8396413,0.0,0.6409,0.0,0,1.2609028528941397,-0.33925731550815696,1.3610939201316754
1780006226.8396413,0.0,0.6409,0.0,0,1.2609028528941397,-0.33925731550815696,1.3610939201316754
1780006226.8833408,0.0,0.6409,-0.6232163173124026,0,1.3115092286422072,-0.3551412058626309,1.4141345011913464
1780006226.8833408,0.0,0.6409,0.0,0,1.3115092286422072,-0.3551412058626309,1.4141345011913464
1780006226.9337459,0.0,0.5608,-0.3293297945216428,0,1.3391605053172377,-0.3647936519145983,1.4434220892884435
1780006226.9337459,0.0,0.5608,0.0,0,1.3391605053172377,-0.3647936519145983,1.4434220892884435
1780006226.9337459,0.0,0.5608,0.0,0,1.3391605053172377,-0.3647936519145983,1.4434220892884435
1780006226.9337459,0.0,0.5608,0.0,0,1.3643457063215123,-0.3735852457660763,1.4700976674841464
1780006226.9789536,0.0,0.6409,0.0,0,1.3643457063215123,-0.3735852457660763,1.4700976674841464
1780006226.9789536,0.0,0.6409,0.0,0,1.3978699902519076,-0.4399909648119076,1.5444858193299855
1780006227.029988,0.0,0.6409,0.0,0,1.3978699902519076,-0.4399909648119076,1.5444858193299855
1780006227.029988,0.0,0.6409,0.0,0,1.3978699902519076,-0.4399909648119076,1.5444858193299855
1780006227.029988,0.0,0.6409,0.0,0,1.3978699902519076,-0.4399909648119076,1.5444858193299855
1780006227.029988,0.0,0.6409,0.0,0,1.3978699902519076,-0.4399909648119076,1.5444858193299855
1780006227.0813591,0.0,0.6409,0.0,0,1.3978699902519076,-0.4399909648119076,1.5444858193299855
1780006227.0813591,0.0,0.6409,0.0,0,1.3978699902519076,-0.4399909648119076,1.5444858193299855
1780006227.128553,0.0,0.5608,-1.1128573441431249,0,1.4584853819915173,-0.47345387292969443,1.6137244785850995
1780006227.128553,0.0,0.5608,0.0,0,1.4584853819915173,-0.47345387292969443,1.6137244785850995
1780006227.128553,0.0,0.5608,0.0,0,1.4584853819915173,-0.47345387292969443,1.6137244785850995
1780006227.128553,0.0,0.6409,0.0,0,1.4584853819915173,-0.47345387292969443,1.6137244785850995
1780006227.180367,0.0,0.6409,0.0,0,1.4584853819915173,-0.47345387292969443,1.6137244785850995
1780006227.180367,0.0,0.6409,0.0,0,1.4653132793695947,-0.4778096322874531,1.621823418156936
1780006227.2300332,0.0,0.6409,0.0,0,1.4653132793695947,-0.4778096322874531,1.621823418156936
1780006227.2300332,0.0,0.6409,0.0,0,1.4653132793695947,-0.4778096322874531,1.621823418156936
1780006227.2300332,0.0,0.6409,0.0,0,1.5073026020217308,-0.5045961193918469,1.6716292321566997
1780006227.2300332,0.0,0.6409,0.0,0,1.5073026020217308,-0.5045961193918469,1.6716292321566997
1780006227.2788,0.0,0.6409,0.0,0,1.5073026020217308,-0.5045961193918469,1.6716292321566997
1780006227.2788,0.0,0.6409,0.0,0,1.5073026020217308,-0.5045961193918469,1.6716292321566997
1780006227.3322124,0.0,0.6409,-0.5707793164824473,0,1.5367828124903087,-0.5257718113896837,1.707926514986946
1780006227.3322124,0.0,0.6409,0.0,0,1.5367828124903087,-0.5257718113896837,1.707926514986946
1780006227.3322124,0.0,0.6409,0.0,0,1.5367828124903087,-0.5257718113896837,1.707926514986946
1780006227.3322124,0.0,0.6409,0.0,0,1.5367828124903087,-0.5257718113896837,1.707926514986946
1780006227.3820276,0.0,0.6409,0.0,0,1.5367828124903087,-0.5257718113896837,1.707926514986946
1780006227.3820276,0.0,0.5608,0.0,0,1.5605414150399741,-0.5428376613919074,1.7371791119897997
1780006227.4318106,0.0,0.5608,-1.1654382922041817,0,1.5995490047214147,-0.574844587447618,1.7876373657080107
1780006227.4318106,0.0,0.5608,0.0,0,1.5995490047214147,-0.574844587447618,1.7876373657080107
1780006227.4318106,0.0,0.5608,0.0,0,1.5995490047214147,-0.574844587447618,1.7876373657080107
1780006227.4318106,0.0,0.5608,0.0,0,1.5995490047214147,-0.574844587447618,1.7876373657080107
1780006227.48174,0.0,0.5608,0.0,0,1.5995490047214147,-0.574844587447618,1.7876373657080107
1780006227.48174,0.0,0.5608,0.0,0,1.5995490047214147,-0.574844587447618,1.7876373657080107
1780006227.5291767,0.0,0.6409,-1.385156181161959,0,1.6532217167044214,-0.6240714424166637,1.8604662285424272
1780006227.5291767,0.0,0.6409,0.0,0,1.6532217167044214,-0.6240714424166637,1.8604662285424272
1780006227.5291767,0.0,0.6409,0.0,0,1.6532217167044214,-0.6240714424166637,1.8604662285424272
1780006227.5291767,0.0,0.6409,0.0,0,1.6532217167044214,-0.6240714424166637,1.8604662285424272
1780006227.5817716,0.0,0.6409,0.0,0,1.6532217167044214,-0.6240714424166637,1.8604662285424272
1780006227.5817716,0.0,0.6409,0.0,0,1.6532217167044214,-0.6240714424166637,1.8604662285424272
1780006227.6292815,0.0,0.6409,-0.28285087462607955,0,1.6624321476619774,-0.633728371563496,1.873811202089454
1780006227.6292815,0.0,0.6409,0.0,0,1.6624321476619774,-0.633728371563496,1.873811202089454
1780006227.6292815,0.0,0.6409,0.0,0,1.6960098205417833,-0.6689338043396669,1.9224618198962273
1780006227.6292815,0.0,0.6409,0.0,0,1.6960098205417833,-0.6689338043396669,1.9224618198962273
1780006227.6790133,0.0,0.6409,0.0,0,1.6960098205417833,-0.6689338043396669,1.9224618198962273
1780006227.6790133,0.0,0.6409,0.0,0,1.6960098205417833,-0.6689338043396669,1.9224618198962273
1780006227.7298226,0.0,0.5608,-0.6392665107562319,0,1.7175226143758378,-0.6940757803781278,1.955551384076873
1780006227.7298226,0.0,0.5608,0.0,0,1.7175226143758378,-0.6940757803781278,1.955551384076873
1780006227.7298226,0.0,0.5608,0.0,0,1.7175226143758378,-0.6940757803781278,1.955551384076873
1780006227.7298226,0.0,0.5608,0.0,0,1.7175226143758378,-0.6940757803781278,1.955551384076873
1780006227.7823992,0.0,0.5608,-0.40874230947438517,0,1.7317561420323793,-0.7107104868715751,1.9774444599154268
1780006227.7823992,0.0,0.5608,0.0,0,1.7317561420323793,-0.7107104868715751,1.9774444599154268
1780006227.8320382,0.0,0.6409,-0.9289509997454095,0,1.769008867343714,-0.7587470718309939,2.0382332667608094
1780006227.8320382,0.0,0.6409,0.0,0,1.769008867343714,-0.7587470718309939,2.0382332667608094
1780006227.8320382,0.0,0.6409,0.0,0,1.769008867343714,-0.7587470718309939,2.0382332667608094
1780006227.8320382,0.0,0.6409,0.0,0,1.769008867343714,-0.7587470718309939,2.0382332667608094
1780006227.8798246,0.0,0.6409,0.0,0,1.769008867343714,-0.7587470718309939,2.0382332667608094
1780006227.8798246,0.0,0.6409,0.0,0,1.769008867343714,-0.7587470718309939,2.0382332667608094
1780006227.9312248,0.0,0.4807,-0.9278502946333289,0,1.7977391544965498,-0.7992971117113196,2.0879296965539083
1780006227.9312248,0.0,0.4807,0.0,0,1.7977391544965498,-0.7992971117113196,2.0879296965539083
1780006227.9312248,0.0,0.4807,0.0,0,1.7977391544965498,-0.7992971117113196,2.0879296965539083
1780006227.9312248,0.0,0.4807,0.0,0,1.7977391544965498,-0.7992971117113196,2.0879296965539083
1780006227.9794471,0.0,0.4807,0.0,0,1.7977391544965498,-0.7992971117113196,2.0879296965539083
1780006227.9794471,0.0,0.4807,0.0,0,1.7977391544965498,-0.7992971117113196,2.0879296965539083
1780006228.028804,0.0,0.6409,-0.22506788351966303,0,1.8099342502214997,-0.8178536788234542,2.1101347982813907
1780006228.028804,0.0,0.6409,0.0,0,1.8099342502214997,-0.8178536788234542,2.1101347982813907
1780006228.028804,0.0,0.6409,0.0,0,1.8334759288936466,-0.8536756805579903,2.1530000107849085
1780006228.028804,0.0,0.6409,0.0,0,1.8334759288936466,-0.8536756805579903,2.1530000107849085
1780006228.079544,0.0,0.6409,0.0,0,1.8334759288936466,-0.8536756805579903,2.1530000107849085
1780006228.079544,0.0,0.6409,0.0,0,1.8334759288936466,-0.8536756805579903,2.1530000107849085
1780006228.1286614,0.0,0.5608,-0.3991831731124546,0,1.8535910975952397,-0.8862790451572098,2.1913092706979267
1780006228.1286614,0.0,0.5608,0.0,0,1.8535910975952397,-0.8862790451572098,2.1913092706979267
1780006228.1286614,0.0,0.5608,0.0,0,1.8535910975952397,-0.8862790451572098,2.1913092706979267
1780006228.1286614,0.0,0.5608,0.0,0,1.8535910975952397,-0.8862790451572098,2.1913092706979267
1780006228.1799452,0.0,0.5608,-0.1755235856667729,0,1.862826008702907,-0.9012473100696892,2.2088971226889083
1780006228.1799452,0.0,0.5608,0.0,0,1.862826008702907,-0.9012473100696892,2.2088971226889083
1780006228.2287989,0.0,0.5608,-0.643069375215325,0,1.8907231786163678,-0.9498146164209429,2.264906365992108
1780006228.2287989,0.0,0.5608,0.0,0,1.8907231786163678,-0.9498146164209429,2.264906365992108
1780006228.2287989,0.0,0.5608,0.0,0,1.8907231786163678,-0.9498146164209429,2.264906365992108
1780006228.2287989,0.0,0.5608,0.0,0,1.8907231786163678,-0.9498146164209429,2.264906365992108
1780006228.279921,0.0,0.5608,0.0,0,1.8907231786163678,-0.9498146164209429,2.264906365992108
1780006228.279921,0.0,0.5608,0.0,0,1.8907231786163678,-0.9498146164209429,2.264906365992108
1780006228.3294873,0.0,0.6409,-0.6740207165710655,0,1.9213569620024273,-1.0075280267314695,2.330245989607608
1780006228.3294873,0.0,0.6409,0.0,0,1.9213569620024273,-1.0075280267314695,2.330245989607608
1780006228.3294873,0.0,0.6409,0.0,0,1.9213569620024273,-1.0075280267314695,2.330245989607608
1780006228.3294873,0.0,0.6409,0.0,0,1.9213569620024273,-1.0075280267314695,2.330245989607608
1780006228.3834,0.0,0.6409,0.0,0,1.9213569620024273,-1.0075280267314695,2.330245989607608
1780006228.3834,0.0,0.6409,0.0,0,1.9213569620024273,-1.0075280267314695,2.330245989607608
1780006228.429702,0.0,0.4807,-0.467954933075388,0,1.9287840157628524,-1.0236932318816914,2.348035733425578
1780006228.429702,0.0,0.4807,0.0,0,1.9287840157628524,-1.0236932318816914,2.348035733425578
1780006228.429702,0.0,0.4807,0.0,0,1.9287840157628524,-1.0236932318816914,2.348035733425578
1780006228.429702,0.0,0.4807,0.0,0,1.9287840157628524,-1.0236932318816914,2.348035733425578
1780006228.4790173,0.0,0.4807,-0.7224301601662307,0,1.9409960728938918,-1.050273140308016,2.377286816676008
1780006228.4790173,0.0,0.4807,0.0,0,1.9409960728938918,-1.050273140308016,2.377286816676008
1780006228.5325754,0.0,0.6409,-0.788021321434557,0,1.9583615072183067,-1.094688046607195,2.4249758322963832
1780006228.5325754,0.0,0.6409,0.0,0,1.9583615072183067,-1.094688046607195,2.4249758322963832
1780006228.5325754,0.0,0.6409,0.0,0,1.9583615072183067,-1.094688046607195,2.4249758322963832
1780006228.5325754,0.0,0.6409,0.0,0,1.9583615072183067,-1.094688046607195,2.4249758322963832
1780006228.5913692,0.0,0.6409,-0.26820817386835294,0,1.9648497313622284,-1.1112827290099951,2.4427938158128075
1780006228.5913692,0.0,0.6409,0.0,0,1.9648497313622284,-1.1112827290099951,2.4427938158128075
1780006228.6296933,0.0,0.6409,-1.7099130112005851,0,1.9836858447634635,-1.1706618061299456,2.5050888715370077
1780006228.6296933,0.0,0.6409,0.0,0,1.9836858447634635,-1.1706618061299456,2.5050888715370077
1780006228.6296933,0.0,0.6409,0.0,0,1.9836858447634635,-1.1706618061299456,2.5050888715370077
1780006228.6296933,0.0,0.6409,0.0,0,1.9836858447634635,-1.1706618061299456,2.5050888715370077
1780006228.6808388,0.0,0.6409,0.0,0,1.9836858447634635,-1.1706618061299456,2.5050888715370077
1780006228.6808388,0.0,0.6409,0.0,0,1.9836858447634635,-1.1706618061299456,2.5050888715370077
1780006228.7287276,0.0,0.6409,-2.0758774236447657,0,1.928170393669962,-1.1117277288021628,2.5860530042168066
1780006228.7287276,0.0,0.6409,0.0,0,1.928170393669962,-1.1117277288021628,2.5860530042168066
1780006228.7287276,0.0,0.6409,0.0,0,1.928170393669962,-1.1117277288021628,2.5860530042168066
1780006228.7287276,0.0,0.6409,0.0,0,1.928170393669962,-1.1117277288021628,2.5860530042168066
1780006228.779095,0.0,0.6409,0.0,0,1.928170393669962,-1.1117277288021628,2.5860530042168066
1780006228.779095,0.0,0.6409,0.0,0,1.928170393669962,-1.1117277288021628,2.5860530042168066
1780006228.8316224,0.0,0.5608,-0.4957888094923167,0,1.931876314984477,-1.1363380876659166,2.6109408248564714
1780006228.8316224,0.0,0.5608,0.0,0,1.931876314984477,-1.1363380876659166,2.6109408248564714
1780006228.8316224,0.0,0.5608,0.0,0,1.931876314984477,-1.1363380876659166,2.6109408248564714
1780006228.8316224,0.0,0.5608,0.0,0,1.9364674002555788,-1.166826661628174,2.641773132688007
1780006228.8806524,0.0,0.5608,0.0,0,1.9364674002555788,-1.166826661628174,2.641773132688007
1780006228.8806524,0.0,0.5608,0.0,0,1.940605624925197,-1.2122352061161756,2.6873698520429676
1780006228.928815,0.0,0.5608,0.0,0,1.940605624925197,-1.2122352061161756,2.6873698520429676
1780006228.928815,0.0,0.5608,0.0,0,1.940605624925197,-1.2122352061161756,2.6873698520429676
1780006228.928815,0.0,0.5608,0.0,0,1.940605624925197,-1.2122352061161756,2.6873698520429676
1780006228.928815,0.0,0.5608,0.0,0,1.940605624925197,-1.2122352061161756,2.6873698520429676
1780006228.978361,0.0,0.5608,0.0,0,1.940605624925197,-1.2122352061161756,2.6873698520429676
1780006228.978361,0.0,0.5608,0.0,0,1.940605624925197,-1.2122352061161756,2.6873698520429676
1780006229.0321536,0.0,0.6409,-1.2635260956680687,0,1.9438188448186076,-1.2893496536166233,2.7645512150484413
1780006229.0321536,0.0,0.6409,0.0,0,1.9438188448186076,-1.2893496536166233,2.7645512150484413
1780006229.0321536,0.0,0.6409,0.0,0,1.9438188448186076,-1.2893496536166233,2.7645512150484413
1780006229.0321536,0.0,0.6409,0.0,0,1.9438188448186076,-1.2893496536166233,2.7645512150484413
1780006229.0785387,0.0,0.6409,-0.12769058890199605,0,1.9437175652446654,-1.2971996339852991,2.7724018487388316
1780006229.0785387,0.0,0.6409,0.0,0,1.9437175652446654,-1.2971996339852991,2.7724018487388316
1780006229.1308017,0.0,0.6409,-0.7819124569258454,0,1.9430187898657691,-1.3513603377969585,2.826567060124041
1780006229.1308017,0.0,0.6409,0.0,0,1.9430187898657691,-1.3513603377969585,2.826567060124041
1780006229.1308017,0.0,0.6409,0.0,0,1.9430187898657691,-1.3513603377969585,2.826567060124041
1780006229.1308017,0.0,0.6409,0.0,0,1.9430187898657691,-1.3513603377969585,2.826567060124041
1780006229.1786866,0.0,0.6409,0.0,0,1.9430187898657691,-1.3513603377969585,2.826567060124041
1780006229.1786866,0.0,0.6409,0.0,0,1.9430187898657691,-1.3513603377969585,2.826567060124041
1780006229.232196,0.0,0.5608,-0.35082979046407853,0,1.9416094620278328,-1.3791952143434996,2.854437592184193
1780006229.232196,0.0,0.5608,0.0,0,1.9416094620278328,-1.3791952143434996,2.854437592184193
1780006229.232196,0.0,0.5608,0.0,0,1.9416094620278328,-1.3791952143434996,2.854437592184193
1780006229.232196,0.0,0.5608,0.0,0,1.9401894799324215,-1.407240517402256,2.882518820305641
1780006229.278777,0.0,0.5608,0.0,0,1.9401894799324215,-1.407240517402256,2.882518820305641
1780006229.278777,0.0,0.5608,0.0,0,1.9401894799324215,-1.407240517402256,2.882518820305641
1780006229.3307376,0.0,0.5608,-0.4272154207594571,0,1.9362540871577016,-1.4554981743238504,2.9309366761839595
1780006229.3307376,0.0,0.5608,0.0,0,1.9362540871577016,-1.4554981743238504,2.9309366761839595
1780006229.3307376,0.0,0.5608,0.0,0,1.9362540871577016,-1.4554981743238504,2.9309366761839595
1780006229.3307376,0.0,0.5608,0.0,0,1.9362540871577016,-1.4554981743238504,2.9309366761839595
1780006229.379671,0.0,0.5608,0.0,0,1.9362540871577016,-1.4554981743238504,2.9309366761839595
1780006229.379671,0.0,0.5608,0.0,0,1.9347325411071075,-1.4741560952743726,2.949656535066441
1780006229.4297955,0.0,0.5608,-0.727285721927829,0,1.9294970997888112,-1.5183845892386727,2.994193817472841
1780006229.4297955,0.0,0.5608,0.0,0,1.9294970997888112,-1.5183845892386727,2.994193817472841
1780006229.4297955,0.0,0.5608,0.0,0,1.9294970997888112,-1.5183845892386727,2.994193817472841
1780006229.4297955,0.0,0.5608,0.0,0,1.9294970997888112,-1.5183845892386727,2.994193817472841
1780006229.4789214,0.0,0.5608,-0.12264781566770798,0,1.927792777072412,-1.529822980679485,3.0057584841206473
1780006229.4789214,0.0,0.5608,0.0,0,1.927792777072412,-1.529822980679485,3.0057584841206473
1780006229.5313447,0.0,0.5608,-0.45900481979205116,0,1.9209862981718433,-1.5755039830208795,3.051943786219241
1780006229.5313447,0.0,0.5608,0.0,0,1.9209862981718433,-1.5755039830208795,3.051943786219241
1780006229.5313447,0.0,0.5608,0.0,0,1.9209862981718433,-1.5755039830208795,3.051943786219241
1780006229.5313447,0.0,0.5608,0.0,0,1.9209862981718433,-1.5755039830208795,3.051943786219241
1780006229.5785198,0.0,0.5608,0.0,0,1.9209862981718433,-1.5755039830208795,3.051943786219241
1780006229.5785198,0.0,0.5608,0.0,0,1.9209862981718433,-1.5755039830208795,3.051943786219241
1780006229.6787457,0.0,0.6409,-0.13553638119344807,0,1.916149449113382,-1.602236273296839,3.0791101340086016
1780006229.6787457,0.0,0.6409,0.0,0,1.9099170332510522,-1.636681580135774,3.1141147361447405
1780006229.7300792,0.0,0.5608,0.0,0,1.9099170332510522,-1.636681580135774,3.1141147361447405
1780006229.7300792,0.0,0.6409,0.0,0,1.900301092143649,-1.6802744295947407,3.15875555655984
1780006229.7300792,0.0,0.6409,0.0,0,1.900301092143649,-1.6802744295947407,3.15875555655984
1780006229.7300792,0.0,0.6409,0.0,0,1.900301092143649,-1.6802744295947407,3.15875555655984
1780006229.7789872,0.0,0.6409,0.0,0,1.900301092143649,-1.6802744295947407,3.15875555655984
1780006229.7789872,0.0,0.6409,0.0,0,1.900301092143649,-1.6802744295947407,3.15875555655984
1780006229.8295288,0.0,0.6409,0.0,0,1.900301092143649,-1.6802744295947407,3.15875555655984
1780006229.8295288,0.0,0.6409,0.0,0,1.8974714838040674,-1.6931021589867465,3.1718916642295407
1780006229.8295288,0.0,0.6409,0.0,0,1.876703268099047,-1.7590688803098822,3.24105037377284
1780006229.8295288,0.0,0.6409,0.0,0,1.876703268099047,-1.7590688803098822,3.24105037377284
1780006229.8785694,0.0,0.6409,0.0,0,1.876703268099047,-1.7590688803098822,3.24105037377284
1780006229.8785694,0.0,0.6409,0.0,0,1.876703268099047,-1.7590688803098822,3.24105037377284
1780006229.9311712,0.0,0.6409,-0.29830472588512347,0,1.8726266015742707,-1.7689328024859947,3.2517235256339654
1780006229.9311712,0.0,0.6409,0.0,0,1.8726266015742707,-1.7689328024859947,3.2517235256339654
1780006229.9311712,0.0,0.6409,0.0,0,1.8541247977910276,-1.8136998570209835,3.3001632398669405
1780006229.9311712,0.0,0.6409,0.0,0,1.8541247977910276,-1.8136998570209835,3.3001632398669405
1780006229.9803429,0.0,0.6409,0.0,0,1.8541247977910276,-1.8136998570209835,3.3001632398669405
1780006229.9803429,0.0,0.6409,0.0,0,1.8541247977910276,-1.8136998570209835,3.3001632398669405
1780006230.028897,0.0,0.5608,-1.0971247112090892,0,1.8386204002709376,-1.8433730915867252,3.3336428932709783
1780006230.028897,0.0,0.5608,0.0,0,1.8386204002709376,-1.8433730915867252,3.3336428932709783
1780006230.028897,0.0,0.5608,0.0,0,1.8386204002709376,-1.8433730915867252,3.3336428932709783
1780006230.028897,0.0,0.5608,0.0,0,1.8386204002709376,-1.8433730915867252,3.3336428932709783
1780006230.0803728,0.0,0.5608,-0.7053344713107249,0,1.828052951281539,-1.8635977015541625,3.3564618727941404
1780006230.0803728,0.0,0.5608,0.0,0,1.828052951281539,-1.8635977015541625,3.3564618727941404
1780006230.128814,0.0,0.6409,-1.280328937712244,0,1.7961477994466117,-1.9148372969178007,3.416822744612224
1780006230.128814,0.0,0.6409,0.0,0,1.7961477994466117,-1.9148372969178007,3.416822744612224
1780006230.128814,0.0,0.6409,0.0,0,1.7961477994466117,-1.9148372969178007,3.416822744612224
1780006230.128814,0.0,0.6409,0.0,0,1.7961477994466117,-1.9148372969178007,3.416822744612224
1780006230.178295,0.0,0.6409,0.0,0,1.7961477994466117,-1.9148372969178007,3.416822744612224
1780006230.178295,0.0,0.6409,0.0,0,1.7961477994466117,-1.9148372969178007,3.416822744612224
1780006230.2282782,0.0,0.5608,-1.7728973443768217,0,1.8180608007801788,-1.8709765736365493,3.465852762705219
1780006230.2282782,0.0,0.5608,0.0,0,1.8180608007801788,-1.8709765736365493,3.465852762705219
1780006230.2282782,0.0,0.5608,0.0,0,1.8180608007801788,-1.8709765736365493,3.465852762705219
1780006230.2282782,0.0,0.5608,0.0,0,1.8180608007801788,-1.8709765736365493,3.465852762705219
1780006230.278883,0.0,0.5608,0.0,0,1.8180608007801788,-1.8709765736365493,3.465852762705219
1780006230.278883,0.0,0.5608,0.0,0,1.8180608007801788,-1.8709765736365493,3.465852762705219
1780006230.330519,0.0,0.5608,-0.42142169134718627,0,1.8226236914682894,-1.8583447395626873,3.4792834441287814
1780006230.330519,0.0,0.5608,0.0,0,1.8226236914682894,-1.8583447395626873,3.4792834441287814
1780006230.330519,0.0,0.5608,0.0,0,1.7973605549673182,-1.888560609603911,3.5186690362687356
1780006230.330519,0.0,0.5608,0.0,0,1.7973605549673182,-1.888560609603911,3.5186690362687356
1780006230.3802733,0.0,0.5608,0.0,0,1.7973605549673182,-1.888560609603911,3.5186690362687356
1780006230.3802733,0.0,0.5608,0.0,0,1.7973605549673182,-1.888560609603911,3.5186690362687356
1780006230.4315143,0.0,0.5608,-0.10073737693401412,0,1.7737307696851916,-1.9163744187516971,3.555165265276523
1780006230.4315143,0.0,0.5608,0.0,0,1.7737307696851916,-1.9163744187516971,3.555165265276523
1780006230.4315143,0.0,0.5608,0.0,0,1.7737307696851916,-1.9163744187516971,3.555165265276523
1780006230.4315143,0.0,0.5608,0.0,0,1.7737307696851916,-1.9163744187516971,3.555165265276523
1780006230.4789295,0.0,0.5608,-0.05737975162532352,0,1.761276192796392,-1.9310342736960209,3.574401372795136
1780006230.4789295,0.0,0.5608,0.0,0,1.761276192796392,-1.9310342736960209,3.574401372795136
1780006230.5281398,0.0,0.5608,-0.28472347921276836,0,1.7286196333771475,-1.9683045490210977,3.623954619872494
1780006230.5281398,0.0,0.5608,0.0,0,1.7286196333771475,-1.9683045490210977,3.623954619872494
1780006230.5281398,0.0,0.5608,0.0,0,1.7286196333771475,-1.9683045490210977,3.623954619872494
1780006230.5281398,0.0,0.5608,0.0,0,1.7286196333771475,-1.9683045490210977,3.623954619872494
1780006230.5786052,0.0,0.5608,0.0,0,1.7286196333771475,-1.9683045490210977,3.623954619872494
1780006230.5786052,0.0,0.5608,0.0,0,1.7286196333771475,-1.9683045490210977,3.623954619872494
1780006230.6347952,0.0,0.4807,-0.2074277314447771,0,1.6865151788988273,-2.015430775598537,3.687150081088827
1780006230.6347952,0.0,0.4807,0.0,0,1.6865151788988273,-2.015430775598537,3.687150081088827
1780006230.6347952,0.0,0.4807,0.0,0,1.6865151788988273,-2.015430775598537,3.687150081088827
1780006230.6347952,0.0,0.4807,0.0,0,1.6865151788988273,-2.015430775598537,3.687150081088827
1780006230.6953175,0.0,0.5608,0.0,0,1.6865151788988273,-2.015430775598537,3.687150081088827
1780006230.6953175,0.0,0.5608,0.0,0,1.6865151788988273,-2.015430775598537,3.687150081088827
1780006230.7311213,0.0,0.5608,-0.009974009698858713,0,1.68509317835463,-2.01699489965885,3.6892639802405722
1780006230.7311213,0.0,0.5608,0.0,0,1.68509317835463,-2.01699489965885,3.6892639802405722
1780006230.7311213,0.0,0.5608,0.0,0,1.6549451575463614,-2.0501560998492816,3.7340810345472275
1780006230.7311213,0.0,0.5608,0.0,0,1.6549451575463614,-2.0501560998492816,3.7340810345472275
1780006230.7801514,0.0,0.5608,0.0,0,1.6549451575463614,-2.0501560998492816,3.7340810345472275
1780006230.7801514,0.0,0.5608,0.0,0,1.6549451575463614,-2.0501560998492816,3.7340810345472275
1780006230.8320544,0.0,0.5608,-0.024858926898859015,0,1.6362850201334336,-2.0705723467619372,3.761740099359109
1780006230.8320544,0.0,0.5608,0.0,0,1.6362850201334336,-2.0705723467619372,3.761740099359109
1780006230.8320544,0.0,0.5608,0.0,0,1.6362850201334336,-2.0705723467619372,3.761740099359109
1780006230.8320544,0.0,0.5608,0.0,0,1.6362850201334336,-2.0705723467619372,3.761740099359109
1780006230.878335,0.0,0.5608,-0.02934884637436088,0,1.6166410100994695,-2.0920650587572,3.790857513377627
1780006230.878335,0.0,0.5608,0.0,0,1.6166410100994695,-2.0920650587572,3.790857513377627
1780006230.9310844,0.0,0.5608,-0.1050296611569857,0,1.582675199992949,-2.128780023524761,3.840874159547432
1780006230.9310844,0.0,0.5608,0.0,0,1.582675199992949,-2.128780023524761,3.840874159547432
1780006230.9310844,0.0,0.5608,0.0,0,1.582675199992949,-2.128780023524761,3.840874159547432
1780006230.9310844,0.0,0.5608,0.0,0,1.582675199992949,-2.128780023524761,3.840874159547432
1780006230.978987,0.0,0.5608,0.0,0,1.582675199992949,-2.128780023524761,3.840874159547432
1780006230.978987,0.0,0.5608,0.0,0,1.582675199992949,-2.128780023524761,3.840874159547432
1780006231.0303347,0.0,0.5608,0.0,0,1.582675199992949,-2.128780023524761,3.840874159547432
1780006231.0303347,0.0,0.5608,0.0,0,1.582675199992949,-2.128780023524761,3.840874159547432
1780006231.0303347,0.0,0.5608,0.0,0,1.5417157676349929,-2.17309355054628,3.901217873189972
1780006231.0303347,0.0,0.5608,0.0,0,1.5417157676349929,-2.17309355054628,3.901217873189972
1780006231.0829384,0.0,0.5608,0.0,0,1.5417157676349929,-2.17309355054628,3.901217873189972
1780006231.0829384,0.0,0.5608,0.0,0,1.5417157676349929,-2.17309355054628,3.901217873189972
1780006231.1295984,0.0,0.5608,-0.015684698270823312,0,1.5309371830873006,-2.1846952592234987,3.9170538300313757
1780006231.1295984,0.0,0.5608,0.0,0,1.5036309077831418,-2.2140868226274906,3.9571723627851716
1780006231.1295984,0.0,0.5608,0.0,0,1.5036309077831418,-2.2140868226274906,3.9571723627851716
1780006231.1295984,0.0,0.5608,0.0,0,1.5036309077831418,-2.2140868226274906,3.9571723627851716
1780006231.1936388,0.0,0.5608,0.0,0,1.5036309077831418,-2.2140868226274906,3.9571723627851716
1780006231.1936388,0.0,0.4807,0.0,0,1.549136171046875,-2.251139120240674,4.015854572551996
1780006231.2400973,0.0,0.4807,0.0,0,1.549136171046875,-2.251139120240674,4.015854572551996
1780006231.2400973,0.0,0.4807,0.0,0,1.549136171046875,-2.251139120240674,4.015854572551996
1780006231.2400973,0.0,0.4807,0.0,0,1.549136171046875,-2.251139120240674,4.015854572551996
1780006231.2400973,0.0,0.4807,0.0,0,1.549136171046875,-2.251139120240674,4.015854572551996
1780006231.2811968,0.0,0.4807,-0.04101274236788618,0,1.536215002222276,-2.2682108033792097,4.037264826379925
1780006231.2811968,0.0,0.4807,0.0,0,1.536215002222276,-2.2682108033792097,4.037264826379925
1780006231.3291059,0.0,0.5608,-0.0657293297069543,0,1.5044269759775633,-2.3099360192612393,4.089719304291124
1780006231.3291059,0.0,0.5608,0.0,0,1.5044269759775633,-2.3099360192612393,4.089719304291124
1780006231.3291059,0.0,0.5608,0.0,0,1.5044269759775633,-2.3099360192612393,4.089719304291124
1780006231.3291059,0.0,0.5608,0.0,0,1.5044269759775633,-2.3099360192612393,4.089719304291124
1780006231.3811953,0.0,0.5608,0.0,0,1.5044269759775633,-2.3099360192612393,4.089719304291124
1780006231.3811953,0.0,0.4006,0.0,0,1.5042362840479608,-2.310220639762168,4.09006190061563
1780006231.4350975,0.0,0.4006,1.117255356529611,0,1.4820276380325315,-2.3433685342065265,4.1299618613165245
1780006231.4350975,0.0,0.4006,0.0,0,1.4820276380325315,-2.3433685342065265,4.1299618613165245
1780006231.4350975,0.0,0.4006,0.0,0,1.4820276380325315,-2.3433685342065265,4.1299618613165245
1780006231.4350975,0.0,0.4006,0.0,0,1.4820276380325315,-2.3433685342065265,4.1299618613165245
1780006231.4811833,0.0,0.4006,0.0,0,1.4820276380325315,-2.3433685342065265,4.1299618613165245
1780006231.4811833,0.0,0.4006,0.0,0,1.4820276380325315,-2.3433685342065265,4.1299618613165245
1780006231.531588,0.0,0.4006,0.4746709677423216,0,1.4749838731197698,-2.355644605068445,4.144115183892977
1780006231.531588,0.0,0.4006,0.0,0,1.4749838731197698,-2.355644605068445,4.144115183892977
1780006231.531588,0.0,0.4006,0.0,0,1.461601889846959,-2.3789671004902315,4.171004145736325
1780006231.531588,0.0,0.4006,0.0,0,1.461601889846959,-2.3789671004902315,4.171004145736325
1780006231.5799406,0.0,0.4006,0.0,0,1.461601889846959,-2.3789671004902315,4.171004145736325
1780006231.5799406,0.0,0.4006,0.0,0,1.461601889846959,-2.3789671004902315,4.171004145736325
1780006231.8292863,0.0,0.4807,0.20772489112959855,0,1.4475129661636614,-2.408631523053159,4.203844300068266
1780006231.8292863,0.0,0.4807,0.0,0,1.4475129661636614,-2.408631523053159,4.203844300068266
1780006231.880856,0.0,0.4006,0.0,0,1.4475129661636614,-2.408631523053159,4.203844300068266
1780006231.880856,0.0,0.5608,0.0,0,1.4475129661636614,-2.408631523053159,4.203844300068266
1780006231.93332,0.0,0.4807,0.0,0,1.4475129661636614,-2.408631523053159,4.203844300068266
1780006231.93332,0.0,0.4807,0.0,0,1.4405169775098705,-2.4233616733709953,4.220151390110025
1780006231.93332,0.0,0.4807,0.0,0,1.4405169775098705,-2.4233616733709953,4.220151390110025
1780006231.93332,0.0,0.4807,0.0,0,1.4232047608810356,-2.4684776430046815,4.268474920202428
1780006231.9790485,0.0,0.4807,0.0,0,1.4232047608810356,-2.4684776430046815,4.268474920202428
1780006231.9790485,0.0,0.4807,0.0,0,1.4232047608810356,-2.4684776430046815,4.268474920202428
1780006232.028675,0.0,0.4807,2.876669794563957,0,1.3903335977667903,-2.5956721583562827,4.399848274045634
1780006232.028675,0.0,0.4807,0.0,0,1.3903335977667903,-2.5956721583562827,4.399848274045634
1780006232.028675,0.0,0.4807,0.0,0,1.3903335977667903,-2.5956721583562827,4.399848274045634
1780006232.028675,0.0,0.4807,0.0,0,1.3903335977667903,-2.5956721583562827,4.399848274045634
1780006232.079077,0.0,0.4807,0.12562936957763243,0,1.3877131990093208,-2.607462196688217,4.411926001212474
1780006232.079077,0.0,0.4807,0.0,0,1.3877131990093208,-2.607462196688217,4.411926001212474
1780006232.131923,0.0,0.5608,0.2118004692206893,0,1.3762681662173086,-2.661823011447946,4.467478561522074
1780006232.131923,0.0,0.5608,0.0,0,1.3762681662173086,-2.661823011447946,4.467478561522074
1780006232.131923,0.0,0.5608,0.0,0,1.3762681662173086,-2.661823011447946,4.467478561522074
1780006232.131923,0.0,0.5608,0.0,0,1.3762681662173086,-2.661823011447946,4.467478561522074
1780006232.1799107,0.0,0.5608,0.0,0,1.3762681662173086,-2.661823011447946,4.467478561522074
1780006232.1799107,0.0,0.5608,0.0,0,1.3762681662173086,-2.661823011447946,4.467478561522074
1780006232.2300408,0.0,0.4807,0.14751149278881112,0,1.3668187372326686,-2.7084114891435473,4.5150156834598745
1780006232.2300408,0.0,0.4807,0.0,0,1.3668187372326686,-2.7084114891435473,4.5150156834598745
1780006232.2300408,0.0,0.4807,0.0,0,1.3668187372326686,-2.7084114891435473,4.5150156834598745
1780006232.2300408,0.0,0.4807,0.0,0,1.3668187372326686,-2.7084114891435473,4.5150156834598745
1780006232.279501,0.0,0.4807,0.0,0,1.3668187372326686,-2.7084114891435473,4.5150156834598745
1780006232.279501,0.0,0.4807,0.0,0,1.3668187372326686,-2.7084114891435473,4.5150156834598745
1780006232.3290913,0.0,0.5608,0.027447338294467338,0,1.3618082240773663,-2.7335072018573925,4.540606698263811
1780006232.3290913,0.0,0.5608,0.0,0,1.3618082240773663,-2.7335072018573925,4.540606698263811
1780006232.3290913,0.0,0.5608,0.0,0,1.3618082240773663,-2.7335072018573925,4.540606698263811
1780006232.3290913,0.0,0.5608,0.0,0,1.3618082240773663,-2.7335072018573925,4.540606698263811
1780006232.37954,0.0,0.5608,0.033437789206430556,0,1.3555985048753811,-2.7646092715050408,4.572322614598274
1780006232.37954,0.0,0.5608,0.0,0,1.3555985048753811,-2.7646092715050408,4.572322614598274
1780006232.4330685,0.0,0.4807,0.06764516439149891,0,1.3482276099095767,-2.802397951281825,4.6108234511069695
1780006232.4330685,0.0,0.4807,0.0,0,1.3482276099095767,-2.802397951281825,4.6108234511069695
1780006232.4330685,0.0,0.4807,0.0,0,1.3482276099095767,-2.802397951281825,4.6108234511069695
1780006232.4330685,0.0,0.4807,0.0,0,1.3482276099095767,-2.802397951281825,4.6108234511069695
1780006232.478383,0.0,0.4807,0.0,0,1.3482276099095767,-2.802397951281825,4.6108234511069695
1780006232.478383,0.0,0.4807,0.0,0,1.3482276099095767,-2.802397951281825,4.6108234511069695
1780006232.5322237,0.0,0.5608,0.12950555630199498,0,1.3361031782639299,-2.8663775499759394,4.6759417349586645
1780006232.5322237,0.0,0.5608,0.0,0,1.3361031782639299,-2.8663775499759394,4.6759417349586645
1780006232.5322237,0.0,0.5608,0.0,0,1.3361031782639299,-2.8663775499759394,4.6759417349586645
1780006232.5322237,0.0,0.5608,0.0,0,1.3361031782639299,-2.8663775499759394,4.6759417349586645
1780006232.5786397,0.0,0.5608,0.0,0,1.3361031782639299,-2.8663775499759394,4.6759417349586645
1780006232.5786397,0.0,0.5608,0.0,0,1.3361031782639299,-2.8663775499759394,4.6759417349586645
1780006232.629265,0.0,0.5608,0.012519721177378039,0,1.3343970063801316,-2.8756166252517716,4.685337028165881
1780006232.629265,0.0,0.5608,0.0,0,1.3343970063801316,-2.8756166252517716,4.685337028165881
1780006232.629265,0.0,0.5608,0.0,0,1.3257138106502997,-2.9226369165509785,4.733152357109065
1780006232.629265,0.0,0.5608,0.0,0,1.3257138106502997,-2.9226369165509785,4.733152357109065
1780006232.6828165,0.0,0.5608,0.0,0,1.3257138106502997,-2.9226369165509785,4.733152357109065
1780006232.6828165,0.0,0.5608,0.0,0,1.3257138106502997,-2.9226369165509785,4.733152357109065
1780006232.7299457,0.0,0.4807,0.10894545715581559,0,1.3216890860722348,-2.945782136907484,4.756644901315269
1780006232.7299457,0.0,0.4807,0.0,0,1.3216890860722348,-2.945782136907484,4.756644901315269
1780006232.7299457,0.0,0.4807,0.0,0,1.3216890860722348,-2.945782136907484,4.756644901315269
1780006232.7299457,0.0,0.4807,0.0,0,1.3216890860722348,-2.945782136907484,4.756644901315269
1780006232.7790985,0.0,0.4807,0.10800528596952898,0,1.3175277660155833,-2.9697128849169436,4.780934761028865
1780006232.7790985,0.0,0.4807,0.0,0,1.3175277660155833,-2.9697128849169436,4.780934761028865
1780006232.829063,0.0,0.6409,0.043253830592918915,0,1.308314309056412,-3.0235087985970517,4.835513952281723
1780006232.829063,0.0,0.6409,0.0,0,1.308314309056412,-3.0235087985970517,4.835513952281723
1780006232.829063,0.0,0.6409,0.0,0,1.308314309056412,-3.0235087985970517,4.835513952281723
1780006232.829063,0.0,0.6409,0.0,0,1.308314309056412,-3.0235087985970517,4.835513952281723
1780006232.8823333,0.0,0.6409,0.0,0,1.308314309056412,-3.0235087985970517,4.835513952281723
1780006232.8823333,0.0,0.6409,0.0,0,1.308314309056412,-3.0235087985970517,4.835513952281723
1780006232.9290369,0.0,0.6409,-0.8617298799882712,0,1.2933327197304976,-3.095609069824926,4.90915427499872
1780006232.9290369,0.0,0.6409,0.0,0,1.2933327197304976,-3.095609069824926,4.90915427499872
1780006232.9290369,0.0,0.6409,0.0,0,1.2933327197304976,-3.095609069824926,4.90915427499872
1780006232.9290369,0.0,0.6409,0.0,0,1.2933327197304976,-3.095609069824926,4.90915427499872
1780006232.9793224,0.0,0.6409,0.0,0,1.2933327197304976,-3.095609069824926,4.90915427499872
1780006232.9793224,0.0,0.6409,0.0,0,1.2933327197304976,-3.095609069824926,4.90915427499872
1780006233.034747,0.0,0.5608,-0.2503783323159246,0,1.2902412993542198,-3.106413581728963,4.9203923512321035
1780006233.034747,0.0,0.5608,0.0,0,1.2780897216921978,-3.1488833365735758,4.964566335841121
1780006233.0794632,0.0,0.6409,0.0,0,1.2780897216921978,-3.1488833365735758,4.964566335841121
1780006233.0794632,0.0,0.5608,0.0,0,1.2780897216921978,-3.1488833365735758,4.964566335841121
1780006233.1292996,0.0,0.5608,-2.3081830368112173,0,1.279392670582164,-3.18272323169482,4.998431305612651
1780006233.1292996,0.0,0.5608,0.0,0,1.279392670582164,-3.18272323169482,4.998431305612651
1780006233.1292996,0.0,0.5608,0.0,0,1.279392670582164,-3.18272323169482,4.998431305612651
1780006233.1292996,0.0,0.5608,0.0,0,1.279392670582164,-3.18272323169482,4.998431305612651
1780006233.1804974,0.0,0.5608,0.0,0,1.279392670582164,-3.18272323169482,4.998431305612651
1780006233.1804974,0.0,0.5608,0.0,0,1.2672515779732998,-3.2095508441803955,5.027878324501041
1780006233.2331574,0.0,0.5608,-1.2260607670683967,0,1.2433038905328524,-3.253706144658705,5.078109612500406
1780006233.2331574,0.0,0.5608,0.0,0,1.2433038905328524,-3.253706144658705,5.078109612500406
1780006233.2331574,0.0,0.5608,0.0,0,1.2433038905328524,-3.253706144658705,5.078109612500406
1780006233.2331574,0.0,0.5608,0.0,0,1.2433038905328524,-3.253706144658705,5.078109612500406
1780006233.2796538,0.0,0.5608,0.0,0,1.2433038905328524,-3.253706144658705,5.078109612500406
1780006233.2796538,0.0,0.5608,0.0,0,1.2433038905328524,-3.253706144658705,5.078109612500406
1780006233.334091,0.0,0.5608,-1.2317469260615916,0,1.208558096017843,-3.3101980611406425,5.144431606320567
1780006233.334091,0.0,0.5608,0.0,0,1.208558096017843,-3.3101980611406425,5.144431606320567
1780006233.334091,0.0,0.5608,0.0,0,1.208558096017843,-3.3101980611406425,5.144431606320567
1780006233.334091,0.0,0.5608,0.0,0,1.208558096017843,-3.3101980611406425,5.144431606320567
1780006233.3791854,0.0,0.5608,0.0,0,1.208558096017843,-3.3101980611406425,5.144431606320567
1780006233.3791854,0.0,0.5608,0.0,0,1.2034021721199766,-3.3181751932501227,5.153929931853664
1780006233.429062,0.0,0.5608,0.0,0,1.2034021721199766,-3.3181751932501227,5.153929931853664
1780006233.429062,0.0,0.5608,0.0,0,1.2034021721199766,-3.3181751932501227,5.153929931853664
1780006233.429062,0.0,0.5608,0.0,0,1.1809540204164164,-3.352906480076731,5.195284276238967
1780006233.429062,0.0,0.5608,0.0,0,1.1809540204164164,-3.352906480076731,5.195284276238967
1780006233.485873,0.0,0.5608,0.0,0,1.1809540204164164,-3.352906480076731,5.195284276238967
1780006233.485873,0.0,0.5608,0.0,0,1.1809540204164164,-3.352906480076731,5.195284276238967
1780006233.5331933,0.0,0.5608,-0.19349330093924239,0,1.1617964609394025,-3.3815778648429284,5.229767031197448
1780006233.5331933,0.0,0.4807,0.0,0,1.1617964609394025,-3.3815778648429284,5.229767031197448
1780006233.5331933,0.0,0.4807,0.0,0,1.1617964609394025,-3.3815778648429284,5.229767031197448
1780006233.5331933,0.0,0.4807,0.0,0,1.1617964609394025,-3.3815778648429284,5.229767031197448
1780006233.5798922,0.0,0.4807,-0.1305110720711347,0,1.1490444313027957,-3.400662673046175,5.2527201173517675
1780006233.5798922,0.0,0.4807,0.0,0,1.1236424022746228,-3.4377288387866427,5.297655223020365
1780006233.6288989,0.0,0.4807,0.0,0,1.1236424022746228,-3.4377288387866427,5.297655223020365
1780006233.6288989,0.0,0.4807,0.0,0,1.1236424022746228,-3.4377288387866427,5.297655223020365
1780006233.6288989,0.0,0.4807,0.0,0,1.1236424022746228,-3.4377288387866427,5.297655223020365
1780006233.6288989,0.0,0.4807,0.0,0,1.1236424022746228,-3.4377288387866427,5.297655223020365
1780006233.678631,0.0,0.4807,0.0,0,1.1236424022746228,-3.4377288387866427,5.297655223020365
1780006233.678631,0.0,0.4807,0.0,0,1.1236424022746228,-3.4377288387866427,5.297655223020365
1780006233.7317522,0.0,0.4807,0.5094156099968365,0,1.096964160394894,-3.4789651626684712,5.346768999062126
1780006233.7317522,0.0,0.4807,0.0,0,1.096964160394894,-3.4789651626684712,5.346768999062126
1780006233.7317522,0.0,0.4807,0.0,0,1.096964160394894,-3.4789651626684712,5.346768999062126
1780006233.7317522,0.0,0.4807,0.0,0,1.096964160394894,-3.4789651626684712,5.346768999062126
1780006233.7823267,0.0,0.4807,0.17779389127123932,0,1.0886643741469397,-3.492628908273335,5.362756006152766
1780006233.7823267,0.0,0.4807,0.0,0,1.0886643741469397,-3.492628908273335,5.362756006152766
1780006233.8296926,0.0,0.4807,0.0,0,1.0886643741469397,-3.492628908273335,5.362756006152766
1780006233.8296926,0.0,0.4807,0.0,0,1.0886643741469397,-3.492628908273335,5.362756006152766
1780006233.8296926,0.0,0.4807,0.0,0,1.0886643741469397,-3.492628908273335,5.362756006152766
1780006233.8296926,0.0,0.4807,0.0,0,1.0886643741469397,-3.492628908273335,5.362756006152766
1780006233.8845496,0.0,0.4807,0.33684332708170234,0,1.071608332526695,-3.5207078740156668,5.395609268896527
1780006233.8845496,0.0,0.4807,0.0,0,1.071608332526695,-3.5207078740156668,5.395609268896527
1780006233.932799,0.0,0.4807,0.5198432837208313,0,1.0559966379858983,-3.5488421835287314,5.4277847934176915
1780006233.932799,0.0,0.4807,0.0,0,1.0559966379858983,-3.5488421835287314,5.4277847934176915
1780006233.932799,0.0,0.4807,0.0,0,1.0559966379858983,-3.5488421835287314,5.4277847934176915
1780006233.932799,0.0,0.4807,0.0,0,1.0471662858649435,-3.5647556296335767,5.445984048498927
1780006233.9792283,0.0,0.4807,0.0,0,1.0471662858649435,-3.5647556296335767,5.445984048498927
1780006233.9792283,0.0,0.4807,0.0,0,1.0471662858649435,-3.5647556296335767,5.445984048498927
1780006234.0318701,0.0,0.4807,0.8356930011828441,0,1.0265271462180432,-3.6061745262593212,5.492260382440353
1780006234.0318701,0.0,0.4807,0.0,0,1.0265271462180432,-3.6061745262593212,5.492260382440353
1780006234.0318701,0.0,0.4807,0.0,0,1.0265271462180432,-3.6061745262593212,5.492260382440353
1780006234.0318701,0.0,0.4807,0.0,0,1.0265271462180432,-3.6061745262593212,5.492260382440353
1780006234.0785959,0.0,0.4807,0.0,0,1.0265271462180432,-3.6061745262593212,5.492260382440353
1780006234.0785959,0.0,0.4807,0.0,0,1.0265271462180432,-3.6061745262593212,5.492260382440353
1780006234.132997,0.0,0.4807,0.7916734380539294,0,1.0068500749917773,-3.65025710327105,5.540535228147393
1780006234.132997,0.0,0.4807,0.0,0,1.0068500749917773,-3.65025710327105,5.540535228147393
1780006234.132997,0.0,0.4807,0.0,0,1.0068500749917773,-3.65025710327105,5.540535228147393
1780006234.132997,0.0,0.4807,0.0,0,1.0068500749917773,-3.65025710327105,5.540535228147393
1780006234.180272,0.0,0.4807,0.0,0,1.0068500749917773,-3.65025710327105,5.540535228147393
1780006234.180272,0.0,0.4807,0.0,0,1.0068500749917773,-3.65025710327105,5.540535228147393
1780006234.2342381,0.0,0.4807,0.32224922671266476,0,1.0006740298571715,-3.6661480448642823,5.55758414477644
1780006234.2342381,0.0,0.4807,0.0,0,1.0006740298571715,-3.6661480448642823,5.55758414477644
1780006234.2342381,0.0,0.4807,0.0,0,1.0006740298571715,-3.6661480448642823,5.55758414477644
1780006234.2342381,0.0,0.4807,0.0,0,0.9895013136913807,-3.6948954027865084,5.588426326509092
1780006234.2816951,0.0,0.4807,0.0,0,0.9895013136913807,-3.6948954027865084,5.588426326509092
1780006234.2816951,0.0,0.4807,0.0,0,0.9895013136913807,-3.6948954027865084,5.588426326509092
1780006234.329429,0.0,0.4006,0.7862127844748396,0,0.9806290014927735,-3.7218010278358356,5.616757062169229
1780006234.329429,0.0,0.4006,0.0,0,0.9806290014927735,-3.7218010278358356,5.616757062169229
1780006234.329429,0.0,0.4006,0.0,0,0.9806290014927735,-3.7218010278358356,5.616757062169229
1780006234.329429,0.0,0.4006,0.0,0,0.9806290014927735,-3.7218010278358356,5.616757062169229
1780006234.3822553,0.0,0.4006,0.2769131209569989,0,0.9771706793906004,-3.7322885214787536,5.627800047031694
1780006234.3822553,0.0,0.4006,0.0,0,0.9771706793906004,-3.7322885214787536,5.627800047031694
1780006234.4444013,0.0,0.4807,0.8350958413174161,0,0.9646834112168016,-3.7780070250511844,5.675193226238693
1780006234.4444013,0.0,0.4807,0.0,0,0.9646834112168016,-3.7780070250511844,5.675193226238693
1780006234.4444013,0.0,0.4807,0.0,0,0.9646834112168016,-3.7780070250511844,5.675193226238693
1780006234.4444013,0.0,0.4807,0.0,0,0.9646834112168016,-3.7780070250511844,5.675193226238693
1780006234.4807465,0.0,0.4807,0.0,0,0.9646834112168016,-3.7780070250511844,5.675193226238693
1780006234.4807465,0.0,0.4807,0.0,0,0.9646834112168016,-3.7780070250511844,5.675193226238693
1780006234.52958,0.0,0.4807,1.0037460503329563,0,0.9537710451923019,-3.827358505039484,5.725736755095394
1780006234.52958,0.0,0.4807,0.0,0,0.9537710451923019,-3.827358505039484,5.725736755095394
1780006234.52958,0.0,0.4807,0.0,0,0.9537710451923019,-3.827358505039484,5.725736755095394
1780006234.52958,0.0,0.4807,0.0,0,0.9537710451923019,-3.827358505039484,5.725736755095394
1780006234.5791402,0.0,0.4807,0.0,0,0.9537710451923019,-3.827358505039484,5.725736755095394
1780006234.5791402,0.0,0.4807,0.0,0,0.9537710451923019,-3.827358505039484,5.725736755095394
1780006234.632168,0.0,0.4807,0.3591479817011944,0,0.950728433354326,-3.8452840172818106,5.743918654774646
1780006234.632168,0.0,0.4807,0.0,0,0.950728433354326,-3.8452840172818106,5.743918654774646
1780006234.632168,0.0,0.4807,0.0,0,0.950728433354326,-3.8452840172818106,5.743918654774646
1780006234.632168,0.0,0.4807,0.0,0,0.950728433354326,-3.8452840172818106,5.743918654774646
1780006234.6812391,0.0,0.4807,0.6202237410346588,0,0.9458661205219597,-3.8739302767601766,5.772974639841094
1780006234.6812391,0.0,0.4807,0.0,0,0.9458661205219597,-3.8739302767601766,5.772974639841094
1780006234.7320237,0.0,0.4807,0.6921179430395641,0,0.9415097764315359,-3.910119214929692,5.809424838464301
1780006234.7320237,0.0,0.4807,0.0,0,0.9415097764315359,-3.910119214929692,5.809424838464301
1780006234.7320237,0.0,0.4807,0.0,0,0.9415097764315359,-3.910119214929692,5.809424838464301
1780006234.7320237,0.0,0.4807,0.0,0,0.9415097764315359,-3.910119214929692,5.809424838464301
1780006234.7792513,0.0,0.4807,0.0,0,0.9415097764315359,-3.910119214929692,5.809424838464301
1780006234.7792513,0.0,0.4807,0.0,0,0.9415097764315359,-3.910119214929692,5.809424838464301
1780006234.8318522,0.0,0.4807,0.990091412681233,0,0.9362248291033901,-3.9687208665551403,5.868264317060662
1780006234.8318522,0.0,0.4807,0.0,0,0.9362248291033901,-3.9687208665551403,5.868264317060662
1780006234.8318522,0.0,0.4807,0.0,0,0.9362248291033901,-3.9687208665551403,5.868264317060662
1780006234.8318522,0.0,0.4807,0.0,0,0.9362248291033901,-3.9687208665551403,5.868264317060662
1780006234.8780577,0.0,0.4807,0.0,0,0.9362248291033901,-3.9687208665551403,5.868264317060662
1780006234.8780577,0.0,0.4807,0.0,0,0.9362248291033901,-3.9687208665551403,5.868264317060662
1780006234.9313178,0.0,0.4807,0.6701476172536095,0,0.9339440442166532,-4.019131554321064,5.918726574449061
1780006234.9313178,0.0,0.4807,0.0,0,0.9339440442166532,-4.019131554321064,5.918726574449061
1780006234.9313178,0.0,0.4807,0.0,0,0.9339440442166532,-4.019131554321064,5.918726574449061
1780006234.9313178,0.0,0.4807,0.0,0,0.9339440442166532,-4.019131554321064,5.918726574449061
1780006234.9833589,0.0,0.4807,0.0,0,0.9339440442166532,-4.019131554321064,5.918726574449061
1780006234.9833589,0.0,0.4807,0.0,0,0.9339440442166532,-4.019131554321064,5.918726574449061
1780006235.0285645,0.0,0.4807,3.651526398305475,0,1.0433369139949198,-4.008178097433838,6.028666458822773
1780006235.0285645,0.0,0.4807,0.0,0,1.0433369139949198,-4.008178097433838,6.028666458822773
1780006235.0285645,0.0,0.4807,0.0,0,1.0433369139949198,-4.008178097433838,6.028666458822773
1780006235.0285645,0.0,0.4807,0.0,0,1.0433369139949198,-4.008178097433838,6.028666458822773
1780006235.0823545,0.0,0.4807,0.3713793144891878,0,1.0470726417886027,-4.034719438769488,6.055469415041146
1780006235.0823545,0.0,0.4807,0.0,0,1.0470726417886027,-4.034719438769488,6.055469415041146
1780006235.1307979,0.0,0.5608,0.4233646729320104,0,1.0544564274994672,-4.079092441884944,6.100452564073958
1780006235.1307979,0.0,0.5608,0.0,0,1.0544564274994672,-4.079092441884944,6.100452564073958
1780006235.1307979,0.0,0.5608,0.0,0,1.0544564274994672,-4.079092441884944,6.100452564073958
1780006235.1307979,0.0,0.5608,0.0,0,1.0544564274994672,-4.079092441884944,6.100452564073958
1780006235.1793551,0.0,0.5608,0.0,0,1.0544564274994672,-4.079092441884944,6.100452564073958
1780006235.1793551,0.0,0.5608,0.0,0,1.0544564274994672,-4.079092441884944,6.100452564073958
1780006235.229311,0.0,0.5608,0.6393512406177129,0,1.0667832970163937,-4.143839083941042,6.166362194399335
1780006235.229311,0.0,0.5608,0.0,0,1.0667832970163937,-4.143839083941042,6.166362194399335
1780006235.229311,0.0,0.5608,0.0,0,1.0667832970163937,-4.143839083941042,6.166362194399335
1780006235.229311,0.0,0.5608,0.0,0,1.0667832970163937,-4.143839083941042,6.166362194399335
1780006235.2788322,0.0,0.5608,0.0,0,1.0667832970163937,-4.143839083941042,6.166362194399335
1780006235.2788322,0.0,0.5608,0.0,0,1.0667832970163937,-4.143839083941042,6.166362194399335
1780006235.331666,0.0,0.5608,-0.005942569631889198,0,1.0685179692014766,-4.152846665123779,6.175535285827709
1780006235.331666,0.0,0.5608,0.0,0,1.0685179692014766,-4.152846665123779,6.175535285827709
1780006235.331666,0.0,0.5608,0.0,0,1.0780055909859703,-4.202112759426691,6.225706622415336
1780006235.331666,0.0,0.5608,0.0,0,1.0780055909859703,-4.202112759426691,6.225706622415336
1780006235.379884,0.0,0.5608,0.0,0,1.0780055909859703,-4.202112759426691,6.225706622415336
1780006235.379884,0.0,0.5608,0.0,0,1.0780055909859703,-4.202112759426691,6.225706622415336
1780006235.430009,0.0,0.4807,-0.038991923230827466,0,1.0821577389235562,-4.224148382209498,6.248130025455949
1780006235.430009,0.0,0.4807,0.0,0,1.0821577389235562,-4.224148382209498,6.248130025455949
1780006235.430009,0.0,0.4807,0.0,0,1.0821577389235562,-4.224148382209498,6.248130025455949
1780006235.430009,0.0,0.4807,0.0,0,1.0821577389235562,-4.224148382209498,6.248130025455949
1780006235.4806406,0.0,0.4807,-0.04049689299762572,0,1.0865137555250368,-4.247265944519113,6.271654407865936
1780006235.4806406,0.0,0.5608,0.0,0,1.0953016129788553,-4.294937312352613,6.320128996567084
1780006235.5327046,0.0,0.5608,0.0,0,1.0953016129788553,-4.294937312352613,6.320128996567084
1780006235.5327046,0.0,0.5608,0.0,0,1.0953016129788553,-4.294937312352613,6.320128996567084
1780006235.5327046,0.0,0.5608,0.0,0,1.0953016129788553,-4.294937312352613,6.320128996567084
1780006235.5327046,0.0,0.5608,0.0,0,1.0953016129788553,-4.294937312352613,6.320128996567084
1780006235.5819945,0.0,0.5608,0.0,0,1.0953016129788553,-4.294937312352613,6.320128996567084
1780006235.5819945,0.0,0.5608,0.0,0,1.0953016129788553,-4.294937312352613,6.320128996567084
1780006235.6288836,0.0,0.5608,0.015609753223339856,0,1.1084726728570726,-4.365929260199463,6.392332413919766
1780006235.6288836,0.0,0.5608,0.0,0,1.1084726728570726,-4.365929260199463,6.392332413919766
1780006235.6288836,0.0,0.5608,0.0,0,1.1084726728570726,-4.365929260199463,6.392332413919766
1780006235.6288836,0.0,0.5608,0.0,0,1.1084726728570726,-4.365929260199463,6.392332413919766
1780006235.682237,0.0,0.5608,0.0,0,1.1084726728570726,-4.365929260199463,6.392332413919766
1780006235.682237,0.0,0.5608,0.0,0,1.1084726728570726,-4.365929260199463,6.392332413919766
1780006235.7302759,0.0,0.5608,0.0,0,1.1084726728570726,-4.365929260199463,6.392332413919766
1780006235.7302759,0.0,0.5608,0.0,0,1.1084726728570726,-4.365929260199463,6.392332413919766
1780006235.7302759,0.0,0.5608,0.0,0,1.1199139903443176,-4.4298568341954265,6.457275762022965
1780006235.7302759,0.0,0.5608,0.0,0,1.1199139903443176,-4.4298568341954265,6.457275762022965
1780006235.7821696,0.0,0.5608,0.0,0,1.1199139903443176,-4.4298568341954265,6.457275762022965
1780006235.7821696,0.0,0.5608,0.0,0,1.1199139903443176,-4.4298568341954265,6.457275762022965
1780006235.831068,0.0,0.5608,-0.007703238431241784,0,1.1224087411972015,-4.443880047952301,6.471519157190163
1780006235.831068,0.0,0.5608,0.0,0,1.1224087411972015,-4.443880047952301,6.471519157190163
1780006235.831068,0.0,0.5608,0.0,0,1.1224087411972015,-4.443880047952301,6.471519157190163
1780006235.831068,0.0,0.5608,0.0,0,1.1224087411972015,-4.443880047952301,6.471519157190163
1780006235.883656,0.0,0.5608,-0.012585983460677604,0,1.1267923558143977,-4.468520730902122,6.496546728653365
1780006235.883656,0.0,0.5608,0.0,0,1.1356581842985627,-4.518843057256881,6.54764408127036
1780006235.928777,0.0,0.5608,-1.7789960532837161,0,1.0898226844508028,-4.508224970184553,6.594693383277612
1780006235.928777,0.0,0.5608,0.0,0,1.0898226844508028,-4.508224970184553,6.594693383277612
1780006235.928777,0.0,0.5608,0.0,0,1.0898226844508028,-4.508224970184553,6.594693383277612
1780006235.928777,0.0,0.5608,0.0,0,1.0898226844508028,-4.508224970184553,6.594693383277612
1780006235.978948,0.0,0.5608,0.0,0,1.0898226844508028,-4.508224970184553,6.594693383277612
1780006235.978948,0.0,0.5608,0.0,0,1.0898226844508028,-4.508224970184553,6.594693383277612
1780006236.0333974,0.0,0.4807,-0.07084648761811956,0,1.0949351851863542,-4.564337132517451,6.651037969756213
1780006236.0333974,0.0,0.4807,0.0,0,1.0949351851863542,-4.564337132517451,6.651037969756213
1780006236.0333974,0.0,0.4807,0.0,0,1.0949351851863542,-4.564337132517451,6.651037969756213
1780006236.0333974,0.0,0.4807,0.0,0,1.0949351851863542,-4.564337132517451,6.651037969756213
1780006236.07839,0.0,0.4807,0.0,0,1.0949351851863542,-4.564337132517451,6.651037969756213
1780006236.07839,0.0,0.4807,0.0,0,1.0949351851863542,-4.564337132517451,6.651037969756213
1780006236.1323068,0.0,0.5608,0.02665474349611609,0,1.095977966525924,-4.574988005305797,6.661739767926412
1780006236.1323068,0.0,0.5608,0.0,0,1.095977966525924,-4.574988005305797,6.661739767926412
1780006236.1323068,0.0,0.5608,0.0,0,1.095977966525924,-4.574988005305797,6.661739767926412
1780006236.1323068,0.0,0.5608,0.0,0,1.095977966525924,-4.574988005305797,6.661739767926412
1780006236.1782107,0.0,0.4807,0.12438377802367048,0,1.100120891865976,-4.617303464064111,6.704257551033011
1780006236.1782107,0.0,0.4807,0.0,0,1.103330249846713,-4.645210559445189,6.732348580762395
1780006236.2349715,0.0,0.4807,0.0,0,1.103330249846713,-4.645210559445189,6.732348580762395
1780006236.2349715,0.0,0.4807,0.0,0,1.103330249846713,-4.645210559445189,6.732348580762395
1780006236.2349715,0.0,0.4807,0.0,0,1.103330249846713,-4.645210559445189,6.732348580762395
1780006236.2349715,0.0,0.4807,0.0,0,1.103330249846713,-4.645210559445189,6.732348580762395
1780006236.279188,0.0,0.4807,0.15587625474001582,0,1.1055396795934413,-4.664422740526209,6.7516873884220105
1780006236.279188,0.0,0.4807,0.0,0,1.1055396795934413,-4.664422740526209,6.7516873884220105
1780006236.3290858,0.0,0.5608,0.33158752426456833,0,1.1125635196628822,-4.717394351994462,6.805122638499694
1780006236.3290858,0.0,0.5608,0.0,0,1.1125635196628822,-4.717394351994462,6.805122638499694
1780006236.3290858,0.0,0.5608,0.0,0,1.1125635196628822,-4.717394351994462,6.805122638499694
1780006236.3290858,0.0,0.4807,0.0,0,1.1125635196628822,-4.717394351994462,6.805122638499694
1780006236.3783174,0.0,0.4807,0.0,0,1.1125635196628822,-4.717394351994462,6.805122638499694
1780006236.3783174,0.0,0.4807,0.0,0,1.1125635196628822,-4.717394351994462,6.805122638499694
1780006236.4289832,0.0,0.4807,0.0,0,1.1125635196628822,-4.717394351994462,6.805122638499694
1780006236.4289832,0.0,0.4807,0.0,0,1.1207361222387,-4.7656622767094,6.854077556425774
1780006236.4289832,0.0,0.4807,0.0,0,1.1207361222387,-4.7656622767094,6.854077556425774
1780006236.4289832,0.0,0.4807,0.0,0,1.1207361222387,-4.7656622767094,6.854077556425774
1780006236.4794078,0.0,0.4807,0.0,0,1.1207361222387,-4.7656622767094,6.854077556425774
1780006236.4794078,0.0,0.4807,0.0,0,1.1207361222387,-4.7656622767094,6.854077556425774
1780006236.5290692,0.0,0.5608,0.21326050831553547,0,1.1245867671797432,-4.784534017106248,6.873338139284764
1780006236.5290692,0.0,0.5608,0.0,0,1.1245867671797432,-4.784534017106248,6.873338139284764
1780006236.5290692,0.0,0.5608,0.0,0,1.1322244871144138,-4.821965946052648,6.9115413337905744
1780006236.5290692,0.0,0.5608,0.0,0,1.1322244871144138,-4.821965946052648,6.9115413337905744
1780006236.578942,0.0,0.5608,0.0,0,1.1322244871144138,-4.821965946052648,6.9115413337905744
1780006236.578942,0.0,0.5608,0.0,0,1.1322244871144138,-4.821965946052648,6.9115413337905744
1780006236.6342294,0.0,0.4807,0.16638730170218713,0,1.1389947046448863,-4.8529842987937,6.943289940880938
1780006236.6342294,0.0,0.4807,0.0,0,1.1389947046448863,-4.8529842987937,6.943289940880938
1780006236.6342294,0.0,0.4807,0.0,0,1.1389947046448863,-4.8529842987937,6.943289940880938
1780006236.6342294,0.0,0.4807,0.0,0,1.1389947046448863,-4.8529842987937,6.943289940880938
1780006236.6822221,0.0,0.4807,0.09200663230838907,0,1.142244462166035,-4.867873351421652,6.958529521324775
1780006236.6822221,0.0,0.4807,0.0,0,1.142244462166035,-4.867873351421652,6.958529521324775
1780006236.7283905,0.0,0.5608,0.21261705793603194,0,1.1549849267474048,-4.923612959112302,7.015706643526375
1780006236.7283905,0.0,0.5608,0.0,0,1.1549849267474048,-4.923612959112302,7.015706643526375
1780006236.7283905,0.0,0.5608,0.0,0,1.1549849267474048,-4.923612959112302,7.015706643526375
1780006236.7283905,0.0,0.5608,0.0,0,1.1549849267474048,-4.923612959112302,7.015706643526375
1780006236.7793865,0.0,0.5608,0.0,0,1.1549849267474048,-4.923612959112302,7.015706643526375
1780006236.7793865,0.0,0.5608,0.0,0,1.1549849267474048,-4.923612959112302,7.015706643526375
1780006236.8326175,0.0,0.4807,0.358053489140562,0,1.1666956914915951,-4.970697726813126,7.064225890844675
1780006236.8326175,0.0,0.4807,0.0,0,1.1666956914915951,-4.970697726813126,7.064225890844675
1780006236.8326175,0.0,0.4807,0.0,0,1.1666956914915951,-4.970697726813126,7.064225890844675
1780006236.8326175,0.0,0.4807,0.0,0,1.1666956914915951,-4.970697726813126,7.064225890844675
1780006236.8802874,0.0,0.4807,0.0,0,1.1666956914915951,-4.970697726813126,7.064225890844675
1780006236.8802874,0.0,0.4807,0.0,0,1.1666956914915951,-4.970697726813126,7.064225890844675
1780006236.92865,0.0,0.5608,0.08756463563214206,0,1.1719495352560245,-4.990842982843214,7.085044973793231
1780006236.92865,0.0,0.5608,0.0,0,1.1719495352560245,-4.990842982843214,7.085044973793231
1780006236.92865,0.0,0.5608,0.0,0,1.1719495352560245,-4.990842982843214,7.085044973793231
1780006236.92865,0.0,0.5608,0.0,0,1.1719495352560245,-4.990842982843214,7.085044973793231
1780006236.979347,0.0,0.5608,0.14024826081294103,0,1.1807705840718077,-5.0246662739069805,7.119999600391075
1780006236.979347,0.0,0.5608,0.0,0,1.1807705840718077,-5.0246662739069805,7.119999600391075
1780006237.0323598,0.0,0.5608,0.19619695318247185,0,1.1916420039417683,-5.063773099293557,7.160589396668035
1780006237.0323598,0.0,0.5608,0.0,0,1.1916420039417683,-5.063773099293557,7.160589396668035
1780006237.0323598,0.0,0.5608,0.0,0,1.1916420039417683,-5.063773099293557,7.160589396668035
1780006237.0323598,0.0,0.5608,0.0,0,1.1916420039417683,-5.063773099293557,7.160589396668035
1780006237.082703,0.0,0.5608,0.11183520099065897,0,1.1975268195911706,-5.084942041417601,7.1825610867686756
1780006237.082703,0.0,0.5608,0.0,0,1.1975268195911706,-5.084942041417601,7.1825610867686756
1780006237.132209,0.0,0.4807,0.2539383039548585,0,1.209527382103138,-5.126098478598139,7.225431424089476
1780006237.132209,0.0,0.4807,0.0,0,1.209527382103138,-5.126098478598139,7.225431424089476
1780006237.132209,0.0,0.4807,0.0,0,1.209527382103138,-5.126098478598139,7.225431424089476
1780006237.132209,0.0,0.4807,0.0,0,1.209527382103138,-5.126098478598139,7.225431424089476
1780006237.1787548,0.0,0.4807,0.0,0,1.209527382103138,-5.126098478598139,7.225431424089476
1780006237.1787548,0.0,0.4807,0.0,0,1.209527382103138,-5.126098478598139,7.225431424089476
1780006237.2298026,0.0,0.5608,0.2573145685430164,0,1.2258030611660922,-5.179305778295102,7.281072366479076
1780006237.2298026,0.0,0.5608,0.0,0,1.2258030611660922,-5.179305778295102,7.281072366479076
1780006237.2298026,0.0,0.5608,0.0,0,1.2258030611660922,-5.179305778295102,7.281072366479076
1780006237.2298026,0.0,0.5608,0.0,0,1.2258030611660922,-5.179305778295102,7.281072366479076
1780006237.2784328,0.0,0.5608,0.0,0,1.2258030611660922,-5.179305778295102,7.281072366479076
1780006237.2784328,0.0,0.5608,0.0,0,1.2258030611660922,-5.179305778295102,7.281072366479076
1780006237.3287387,0.0,0.4807,0.15961163751613525,0,1.2322425525204364,-5.199030710759149,7.301821824534984
1780006237.3287387,0.0,0.4807,0.0,0,1.2322425525204364,-5.199030710759149,7.301821824534984
1780006237.3287387,0.0,0.4807,0.0,0,1.2322425525204364,-5.199030710759149,7.301821824534984
1780006237.3287387,0.0,0.4807,0.0,0,1.2322425525204364,-5.199030710759149,7.301821824534984
1780006237.3823595,0.0,0.4807,0.19904993050275835,0,1.2408023604600205,-5.225250426606674,7.3294034091719755
1780006237.3823595,0.0,0.4807,0.0,0,1.2408023604600205,-5.225250426606674,7.3294034091719755
1780006237.430573,0.0,0.4807,0.32233865183918414,0,1.2530856012070972,-5.260479001846263,7.36671199419824
1780006237.430573,0.0,0.4807,0.0,0,1.2530856012070972,-5.260479001846263,7.36671199419824
1780006237.430573,0.0,0.4807,0.0,0,1.2530856012070972,-5.260479001846263,7.36671199419824
1780006237.430573,0.0,0.4807,0.0,0,1.2530856012070972,-5.260479001846263,7.36671199419824
1780006237.4796169,0.0,0.4807,0.0,0,1.2530856012070972,-5.260479001846263,7.36671199419824
1780006237.4796169,0.0,0.4807,0.0,0,1.2530856012070972,-5.260479001846263,7.36671199419824
1780006237.5308268,0.0,0.4807,1.7683081550331512,0,1.2754284813081342,-5.312508084322916,7.423335573337779
1780006237.5308268,0.0,0.4807,0.0,0,1.2754284813081342,-5.312508084322916,7.423335573337779
1780006237.5308268,0.0,0.4807,0.0,0,1.2754284813081342,-5.312508084322916,7.423335573337779
1780006237.5308268,0.0,0.4807,0.0,0,1.2754284813081342,-5.312508084322916,7.423335573337779
1780006237.5788698,0.0,0.4807,0.0,0,1.2754284813081342,-5.312508084322916,7.423335573337779
1780006237.5788698,0.0,0.4807,0.0,0,1.2754284813081342,-5.312508084322916,7.423335573337779
1780006237.6320162,0.0,0.4807,0.24489559817322476,0,1.2787606471921114,-5.318606052923796,7.4302845697067275
1780006237.6320162,0.0,0.4006,0.0,0,1.2787606471921114,-5.318606052923796,7.4302845697067275
1780006237.6320162,0.0,0.4807,0.0,0,1.2955139112000489,-5.349265054137957,7.465222317349779
1780006237.6320162,0.0,0.4807,0.0,0,1.2955139112000489,-5.349265054137957,7.465222317349779
1780006237.6832922,0.0,0.4807,0.0,0,1.2955139112000489,-5.349265054137957,7.465222317349779
1780006237.6832922,0.0,0.4807,0.0,0,1.2955139112000489,-5.349265054137957,7.465222317349779
1780006237.733857,0.0,0.4807,0.8219787783479255,0,1.3082120994409911,-5.368441160872681,7.488221601123495
1780006237.733857,0.0,0.4807,0.0,0,1.3082120994409911,-5.368441160872681,7.488221601123495
1780006237.733857,0.0,0.4807,0.0,0,1.3082120994409911,-5.368441160872681,7.488221601123495
1780006237.733857,0.0,0.4807,0.0,0,1.3082120994409911,-5.368441160872681,7.488221601123495
1780006237.7785077,0.0,0.4807,0.9681250440165875,0,1.321418783440903,-5.3883851699855345,7.5121418854396795
1780006237.7785077,0.0,0.4807,0.0,0,1.321418783440903,-5.3883851699855345,7.5121418854396795
1780006237.8291607,0.0,0.4006,3.265104377688815,0,1.3851314117483415,-5.44793227508407,7.599349435178552
1780006237.8291607,0.0,0.4807,0.0,0,1.3851314117483415,-5.44793227508407,7.599349435178552
1780006237.8291607,0.0,0.4807,0.0,0,1.3851314117483415,-5.44793227508407,7.599349435178552
1780006237.8291607,0.0,0.4807,0.0,0,1.3851314117483415,-5.44793227508407,7.599349435178552
1780006237.880063,0.0,0.4807,0.0,0,1.3851314117483415,-5.44793227508407,7.599349435178552
1780006237.880063,0.0,0.4807,0.0,0,1.3851314117483415,-5.44793227508407,7.599349435178552
1780006237.9338756,0.0,0.4807,0.0,0,1.3851314117483415,-5.44793227508407,7.599349435178552
1780006237.9338756,0.0,0.4807,0.0,0,1.4262188802081708,-5.485456570849712,7.654993418116017
1780006237.9338756,0.0,0.4807,0.0,0,1.4262188802081708,-5.485456570849712,7.654993418116017
1780006237.9338756,0.0,0.4807,0.0,0,1.4262188802081708,-5.485456570849712,7.654993418116017
1780006237.9785686,0.0,0.4807,0.0,0,1.4262188802081708,-5.485456570849712,7.654993418116017
1780006237.9785686,0.0,0.4807,0.0,0,1.4262188802081708,-5.485456570849712,7.654993418116017
1780006238.0316331,0.0,0.4006,0.2004443691018956,0,1.4314081564363856,-5.489541837164544,7.661597809733404
1780006238.0316331,0.0,0.4006,0.0,0,1.4576717616669048,-5.510217903929103,7.6950234989044155
1780006238.0316331,0.0,0.4006,0.0,0,1.4576717616669048,-5.510217903929103,7.6950234989044155
1780006238.0316331,0.0,0.4807,0.0,0,1.4576717616669048,-5.510217903929103,7.6950234989044155
1780006238.0834873,0.0,0.4807,0.0,0,1.4576717616669048,-5.510217903929103,7.6950234989044155
1780006238.0834873,0.0,0.4807,0.0,0,1.4774310218171773,-5.5235682243335,7.718870079719832
1780006238.1302261,0.0,0.4807,0.0,0,1.4774310218171773,-5.5235682243335,7.718870079719832
1780006238.1302261,0.0,0.4807,0.0,0,1.4774310218171773,-5.5235682243335,7.718870079719832
1780006238.1302261,0.0,0.4807,0.0,0,1.4774310218171773,-5.5235682243335,7.718870079719832
1780006238.1302261,0.0,0.4807,0.0,0,1.4774310218171773,-5.5235682243335,7.718870079719832
1780006238.1787567,0.0,0.4807,0.7403869397627109,0,1.496727876498874,-5.5366061210380595,7.742158603741017
1780006238.1787567,0.0,0.4807,0.0,0,1.496727876498874,-5.5366061210380595,7.742158603741017
1780006238.2278988,0.0,0.4006,1.1611288722569388,0,1.5274204097318849,-5.554584155993844,7.777728834793554
1780006238.2278988,0.0,0.4006,0.0,0,1.5274204097318849,-5.554584155993844,7.777728834793554
1780006238.2278988,0.0,0.4006,0.0,0,1.5274204097318849,-5.554584155993844,7.777728834793554
1780006238.2278988,0.0,0.4807,0.0,0,1.5274204097318849,-5.554584155993844,7.777728834793554
1780006238.2802844,0.0,0.4807,0.13862743840793212,0,1.5313266527911942,-5.556872223053442,7.782255863146417
1780006238.2802844,0.0,0.4807,0.0,0,1.5768269509994466,-5.579877517326477,7.833241358158516
1780006238.328048,0.0,0.4807,0.0,0,1.5768269509994466,-5.579877517326477,7.833241358158516
1780006238.328048,0.0,0.4807,0.0,0,1.5768269509994466,-5.579877517326477,7.833241358158516
1780006238.328048,0.0,0.4807,0.0,0,1.5768269509994466,-5.579877517326477,7.833241358158516
1780006238.328048,0.0,0.4807,0.0,0,1.5768269509994466,-5.579877517326477,7.833241358158516
1780006238.3834937,0.0,0.4807,0.0,0,1.5768269509994466,-5.579877517326477,7.833241358158516
1780006238.3834937,0.0,0.4807,0.0,0,1.5768269509994466,-5.579877517326477,7.833241358158516
1780006238.4353838,0.0,0.4807,0.0,0,1.5768269509994466,-5.579877517326477,7.833241358158516
1780006238.4353838,0.0,0.4807,0.0,0,1.584926111563014,-5.583527663925989,7.842125049510222
1780006238.4353838,0.0,0.4807,0.0,0,1.584926111563014,-5.583527663925989,7.842125049510222
1780006238.4353838,0.0,0.4807,0.0,0,1.6188404038388409,-5.598812228005668,7.879324473157316
1780006238.4791062,0.0,0.4807,0.0,0,1.6188404038388409,-5.598812228005668,7.879324473157316
1780006238.4791062,0.0,0.4807,0.0,0,1.6188404038388409,-5.598812228005668,7.879324473157316
1780006238.5306017,0.0,0.4807,0.4726067264439721,0,1.6443570437085937,-5.609077120969113,7.90682841719801
1780006238.5306017,0.0,0.4807,0.0,0,1.6443570437085937,-5.609077120969113,7.90682841719801
1780006238.5306017,0.0,0.4807,0.0,0,1.6443570437085937,-5.609077120969113,7.90682841719801
1780006238.5306017,0.0,0.4807,0.0,0,1.6443570437085937,-5.609077120969113,7.90682841719801
1780006238.578548,0.0,0.4807,0.3464615967107899,0,1.6617736404109291,-5.616083509813787,7.925601465041517
1780006238.578548,0.0,0.4807,0.0,0,1.6617736404109291,-5.616083509813787,7.925601465041517
1780006238.632138,0.0,0.4807,0.7434495235831794,0,1.7055329497800493,-5.6315849444773,7.972025291177344
1780006238.632138,0.0,0.4807,0.0,0,1.7055329497800493,-5.6315849444773,7.972025291177344
1780006238.632138,0.0,0.4807,0.0,0,1.7055329497800493,-5.6315849444773,7.972025291177344
1780006238.632138,0.0,0.5608,0.0,0,1.7055329497800493,-5.6315849444773,7.972025291177344
1780006238.6820562,0.0,0.5608,0.0,0,1.7055329497800493,-5.6315849444773,7.972025291177344
1780006238.6820562,0.0,0.5608,0.0,0,1.7055329497800493,-5.6315849444773,7.972025291177344
1780006238.7314749,0.0,0.5608,-0.3394012162179214,0,1.761051329192154,-5.652392975667026,8.031314958190569
1780006238.7314749,0.0,0.5608,0.0,0,1.761051329192154,-5.652392975667026,8.031314958190569
1780006238.7314749,0.0,0.5608,0.0,0,1.761051329192154,-5.652392975667026,8.031314958190569
1780006238.7314749,0.0,0.5608,0.0,0,1.761051329192154,-5.652392975667026,8.031314958190569
1780006238.7832992,0.0,0.5608,0.0,0,1.761051329192154,-5.652392975667026,8.031314958190569
1780006238.7832992,0.0,0.5608,0.0,0,1.761051329192154,-5.652392975667026,8.031314958190569
1780006238.8304687,0.0,0.6409,-0.1970451434102364,0,1.7776797839875524,-5.659281769500725,8.049313874529222
1780006238.8304687,0.0,0.6409,0.0,0,1.7776797839875524,-5.659281769500725,8.049313874529222
1780006238.8304687,0.0,0.6409,0.0,0,1.8207165659700835,-5.677110937754264,8.09589760392077
1780006238.8304687,0.0,0.6409,0.0,0,1.8207165659700835,-5.677110937754264,8.09589760392077
1780006238.8796623,0.0,0.6409,0.0,0,1.8207165659700835,-5.677110937754264,8.09589760392077
1780006238.8796623,0.0,0.6409,0.0,0,1.8207165659700835,-5.677110937754264,8.09589760392077
1780006238.932615,0.0,0.6409,-4.395247719799582,0,1.807564495217878,-5.769098715446341,8.188820842186544
1780006238.932615,0.0,0.6409,0.0,0,1.807564495217878,-5.769098715446341,8.188820842186544
1780006238.932615,0.0,0.6409,0.0,0,1.807564495217878,-5.769098715446341,8.188820842186544
1780006238.932615,0.0,0.6409,0.0,0,1.807564495217878,-5.769098715446341,8.188820842186544
1780006238.9791918,0.0,0.6409,-0.817533918671595,0,1.8269679676901003,-5.7842692180605555,8.21345088265643
1780006238.9791918,0.0,0.6409,0.0,0,1.8269679676901003,-5.7842692180605555,8.21345088265643
1780006239.0282516,0.0,0.6409,-1.897383814732415,0,1.8721040916224077,-5.8271668733490705,8.275720285358599
1780006239.0282516,0.0,0.6409,0.0,0,1.8721040916224077,-5.8271668733490705,8.275720285358599
1780006239.0282516,0.0,0.6409,0.0,0,1.8721040916224077,-5.8271668733490705,8.275720285358599
1780006239.0282516,0.0,0.6409,0.0,0,1.8721040916224077,-5.8271668733490705,8.275720285358599
1780006239.0804474,0.0,0.6409,0.0,0,1.8721040916224077,-5.8271668733490705,8.275720285358599
1780006239.0804474,0.0,0.6409,0.0,0,1.8721040916224077,-5.8271668733490705,8.275720285358599
1780006239.1398983,0.0,0.8011,-1.6160356688574613,0,1.9250330545180132,-5.887438162316689,8.355933148335945
1780006239.1398983,0.0,0.8011,0.0,0,1.9250330545180132,-5.887438162316689,8.355933148335945
1780006239.1398983,0.0,0.8011,0.0,0,1.9250330545180132,-5.887438162316689,8.355933148335945
1780006239.1398983,0.0,0.8011,0.0,0,1.9250330545180132,-5.887438162316689,8.355933148335945
1780006239.1809144,0.0,0.8011,0.0,0,1.9250330545180132,-5.887438162316689,8.355933148335945
1780006239.1809144,0.0,0.8011,0.0,0,1.9250330545180132,-5.887438162316689,8.355933148335945
1780006239.2295165,0.0,0.6409,-0.6245934628273901,0,1.937479516358632,-5.904586037863904,8.37712192008262
1780006239.2295165,0.0,0.6409,0.0,0,1.937479516358632,-5.904586037863904,8.37712192008262
1780006239.2295165,0.0,0.6409,0.0,0,1.937479516358632,-5.904586037863904,8.37712192008262
1780006239.2295165,0.0,0.6409,0.0,0,1.937479516358632,-5.904586037863904,8.37712192008262
1780006239.2780962,0.0,0.6409,-1.232092951199284,0,1.9620204817459026,-5.938396885127826,8.418900292176845
1780006239.2780962,0.0,0.6409,0.0,0,1.9620204817459026,-5.938396885127826,8.418900292176845
1780006239.3292572,0.0,0.5608,-1.1647722277883903,0,1.9825751962390261,-5.972556339195168,8.458767127893674
1780006239.3292572,0.0,0.5608,0.0,0,1.9825751962390261,-5.972556339195168,8.458767127893674
1780006239.3292572,0.0,0.5608,0.0,0,1.9825751962390261,-5.972556339195168,8.458767127893674
1780006239.3292572,0.0,0.5608,0.0,0,1.9825751962390261,-5.972556339195168,8.458767127893674
1780006239.3786342,0.0,0.5608,0.0,0,1.9825751962390261,-5.972556339195168,8.458767127893674
1780006239.3786342,0.0,0.5608,0.0,0,1.9825751962390261,-5.972556339195168,8.458767127893674
1780006239.4341395,0.0,0.6409,-2.319765508103272,0,2.0185206482334244,-6.044745904764778,8.539410843682386
1780006239.4341395,0.0,0.6409,0.0,0,2.0185206482334244,-6.044745904764778,8.539410843682386
1780006239.4341395,0.0,0.6409,0.0,0,2.0185206482334244,-6.044745904764778,8.539410843682386
1780006239.4341395,0.0,0.6409,0.0,0,2.0185206482334244,-6.044745904764778,8.539410843682386
1780006239.4788332,0.0,0.6409,0.0,0,2.0185206482334244,-6.044745904764778,8.539410843682386
1780006239.4788332,0.0,0.6409,0.0,0,2.0185206482334244,-6.044745904764778,8.539410843682386
1780006239.5324645,0.0,0.6409,-1.8921519721242621,0,2.04044957267085,-6.1071299144893585,8.605536802248587
1780006239.5324645,0.0,0.6409,0.0,0,2.04044957267085,-6.1071299144893585,8.605536802248587
1780006239.5324645,0.0,0.6409,0.0,0,2.04044957267085,-6.1071299144893585,8.605536802248587
1780006239.5324645,0.0,0.6409,0.0,0,2.04044957267085,-6.1071299144893585,8.605536802248587
1780006239.5786383,0.0,0.6409,0.0,0,2.04044957267085,-6.1071299144893585,8.605536802248587
1780006239.5786383,0.0,0.6409,0.0,0,2.04044957267085,-6.1071299144893585,8.605536802248587
1780006239.630975,0.0,0.721,-0.7002482884453155,0,2.047057006150038,-6.133766357658689,8.632980531621522
1780006239.630975,0.0,0.721,0.0,0,2.047057006150038,-6.133766357658689,8.632980531621522
1780006239.630975,0.0,0.721,0.0,0,2.047057006150038,-6.133766357658689,8.632980531621522
1780006239.630975,0.0,0.721,0.0,0,2.047057006150038,-6.133766357658689,8.632980531621522
1780006239.6807659,0.0,0.721,-1.1693600821832566,0,2.0575541791088607,-6.176083446712559,8.676580149350587
1780006239.6807659,0.0,0.721,0.0,0,2.0575541791088607,-6.176083446712559,8.676580149350587
1780006239.729597,0.0,0.5608,-3.244573726367677,0,2.026177222233162,-6.11495931649954,8.745287301213239
1780006239.729597,0.0,0.5608,0.0,0,2.026177222233162,-6.11495931649954,8.745287301213239
1780006239.729597,0.0,0.5608,0.0,0,2.026177222233162,-6.11495931649954,8.745287301213239
1780006239.729597,0.0,0.5608,0.0,0,2.026177222233162,-6.11495931649954,8.745287301213239
1780006239.7821846,0.0,0.5608,0.0,0,2.026177222233162,-6.11495931649954,8.745287301213239
1780006239.7821846,0.0,0.5608,0.0,0,2.026177222233162,-6.11495931649954,8.745287301213239
1780006239.828902,0.0,0.6409,-2.413621391167146,0,2.0251341665138938,-6.198301168213663,8.828635679795983
1780006239.828902,0.0,0.6409,0.0,0,2.0251341665138938,-6.198301168213663,8.828635679795983
1780006239.828902,0.0,0.6409,0.0,0,2.0251341665138938,-6.198301168213663,8.828635679795983
1780006239.828902,0.0,0.6409,0.0,0,2.0251341665138938,-6.198301168213663,8.828635679795983
1780006239.8795226,0.0,0.6409,0.0,0,2.0251341665138938,-6.198301168213663,8.828635679795983
1780006239.8795226,0.0,0.6409,0.0,0,2.0251341665138938,-6.198301168213663,8.828635679795983
1780006239.9283695,0.0,0.6409,-0.03242794593580312,0,2.0250096373164914,-6.19934842633346,8.82969031579503
1780006239.9283695,0.0,0.6409,0.0,0,2.0250096373164914,-6.19934842633346,8.82969031579503
1780006239.9283695,0.0,0.6409,0.0,0,2.0250096373164914,-6.19934842633346,8.82969031579503
1780006239.9283695,0.0,0.6409,0.0,0,2.018034205421131,-6.258009992005342,8.888765149160884
1780006239.9790456,0.0,0.6409,0.0,0,2.018034205421131,-6.258009992005342,8.888765149160884
1780006239.9790456,0.0,0.6409,0.0,0,2.018034205421131,-6.258009992005342,8.888765149160884
1780006240.0325422,0.0,0.5608,-0.4494919533434139,0,2.0135335135758963,-6.281216918641862,8.912404473833949
1780006240.0325422,0.0,0.5608,0.0,0,2.0135335135758963,-6.281216918641862,8.912404473833949
1780006240.0325422,0.0,0.5608,0.0,0,2.0135335135758963,-6.281216918641862,8.912404473833949
1780006240.0325422,0.0,0.5608,0.0,0,2.0135335135758963,-6.281216918641862,8.912404473833949
1780006240.0788422,0.0,0.5608,-1.0617538021397772,0,2.0043325061154267,-6.328660092371533,8.960731622227282
1780006240.0788422,0.0,0.5608,0.0,0,1.9973202388451807,-6.35529902688728,8.988278032599665
1780006240.128753,0.0,0.5608,0.0,0,1.9973202388451807,-6.35529902688728,8.988278032599665
1780006240.128753,0.0,0.6409,0.0,0,1.9973202388451807,-6.35529902688728,8.988278032599665
1780006240.128753,0.0,0.6409,0.0,0,1.9973202388451807,-6.35529902688728,8.988278032599665
1780006240.128753,0.0,0.6409,0.0,0,1.9941261506413508,-6.367433063315182,9.000825424340082
1780006240.1790705,0.0,0.6409,-1.1988064072314526,0,1.97264353709269,-6.432758332459063,9.069592374785783
1780006240.1790705,0.0,0.6409,0.0,0,1.97264353709269,-6.432758332459063,9.069592374785783
1780006240.2308745,0.0,0.6409,0.0,0,1.97264353709269,-6.432758332459063,9.069592374785783
1780006240.2308745,0.0,0.6409,0.0,0,1.97264353709269,-6.432758332459063,9.069592374785783
1780006240.2308745,0.0,0.6409,0.0,0,1.97264353709269,-6.432758332459063,9.069592374785783
1780006240.2308745,0.0,0.6409,0.0,0,1.97264353709269,-6.432758332459063,9.069592374785783
1780006240.2787013,0.0,0.6409,0.0,0,1.97264353709269,-6.432758332459063,9.069592374785783
1780006240.2787013,0.0,0.6409,0.0,0,1.97264353709269,-6.432758332459063,9.069592374785783
1780006240.5288773,0.0,0.4807,-0.004446192251938632,0,1.9718354799910338,-6.435053489798738,9.072025624360611
1780006240.5288773,0.0,0.4807,0.0,0,1.9575314843122824,-6.47568170852421,9.115098312333183
1780006240.579297,0.0,0.5608,0.0,0,1.9575314843122824,-6.47568170852421,9.115098312333183
1780006240.579297,0.0,0.5608,0.0,0,1.9575314843122824,-6.47568170852421,9.115098312333183
1780006240.631443,0.0,0.6409,-0.1134107027389317,0,1.948612446737207,-6.500021573568545,9.141020855835741
1780006240.631443,0.0,0.5608,0.0,0,1.948612446737207,-6.500021573568545,9.141020855835741
1780006240.631443,0.0,0.5608,0.0,0,1.948612446737207,-6.500021573568545,9.141020855835741
1780006240.631443,0.0,0.5608,0.0,0,1.948612446737207,-6.500021573568545,9.141020855835741
1780006240.6794462,0.0,0.5608,-0.14187937399021466,0,1.938340973823549,-6.528052206069034,9.170874155723583
1780006240.6794462,0.0,0.5608,0.0,0,1.938340973823549,-6.528052206069034,9.170874155723583
1780006240.7299778,0.0,0.5608,1.2646561136762822,0,1.9618520997942228,-6.632089126087907,9.277534615929895
1780006240.7299778,0.0,0.5608,0.0,0,1.9618520997942228,-6.632089126087907,9.277534615929895
1780006240.7299778,0.0,0.5608,0.0,0,1.9618520997942228,-6.632089126087907,9.277534615929895
1780006240.7299778,0.0,0.5608,0.0,0,1.9618520997942228,-6.632089126087907,9.277534615929895
1780006240.7788076,0.0,0.5608,0.0,0,1.9618520997942228,-6.632089126087907,9.277534615929895
1780006240.7788076,0.0,0.5608,0.0,0,1.9618520997942228,-6.632089126087907,9.277534615929895
1780006240.8287885,0.0,0.5608,-0.4402971821327762,0,1.9514252786532638,-6.662972275220835,9.310130436206002
1780006240.8287885,0.0,0.5608,0.0,0,1.9514252786532638,-6.662972275220835,9.310130436206002
1780006240.8287885,0.0,0.5608,0.0,0,1.9514252786532638,-6.662972275220835,9.310130436206002
1780006240.8287885,0.0,0.5608,0.0,0,1.9514252786532638,-6.662972275220835,9.310130436206002
1780006240.8790104,0.0,0.5608,0.0,0,1.9514252786532638,-6.662972275220835,9.310130436206002
1780006240.8790104,0.0,0.5608,0.0,0,1.9514252786532638,-6.662972275220835,9.310130436206002
1780006240.9289398,0.0,0.5608,-1.084392013232754,0,1.9253563518732413,-6.733702543956891,9.38551186534433
1780006240.9289398,0.0,0.5608,0.0,0,1.9253563518732413,-6.733702543956891,9.38551186534433
1780006240.9822633,0.0,0.4807,0.0,0,1.9253563518732413,-6.733702543956891,9.38551186534433
1780006240.9822633,0.0,0.4807,0.0,0,1.9241212264933285,-6.736924818936021,9.388962747948135
1780006241.0289037,0.0,0.4807,-0.6706774414999529,0,1.90006383952574,-6.794254480585652,9.451135474867334
1780006241.0289037,0.0,0.4807,0.0,0,1.90006383952574,-6.794254480585652,9.451135474867334
1780006241.0289037,0.0,0.4807,0.0,0,1.90006383952574,-6.794254480585652,9.451135474867334
1780006241.0289037,0.0,0.4807,0.0,0,1.90006383952574,-6.794254480585652,9.451135474867334
1780006241.0786824,0.0,0.4807,0.0,0,1.90006383952574,-6.794254480585652,9.451135474867334
1780006241.0786824,0.0,0.4807,0.0,0,1.8965009979676544,-6.802182600259956,9.459827363128127
1780006241.1305523,0.0,0.4807,0.0,0,1.8965009979676544,-6.802182600259956,9.459827363128127
1780006241.1305523,0.0,0.4807,0.0,0,1.8965009979676544,-6.802182600259956,9.459827363128127
1780006241.1305523,0.0,0.4807,0.0,0,1.88209071244587,-6.83424870993534,9.494982614777534
1780006241.1305523,0.0,0.4807,0.0,0,1.88209071244587,-6.83424870993534,9.494982614777534
1780006241.178849,0.0,0.4807,0.0,0,1.88209071244587,-6.83424870993534,9.494982614777534
1780006241.178849,0.0,0.4807,0.0,0,1.88209071244587,-6.83424870993534,9.494982614777534
1780006241.2295651,0.0,0.6409,-0.2686955112634343,0,1.865247281452189,-6.869580143762282,9.534123531781438
1780006241.2295651,0.0,0.6409,0.0,0,1.865247281452189,-6.869580143762282,9.534123531781438
1780006241.2295651,0.0,0.6409,0.0,0,1.865247281452189,-6.869580143762282,9.534123531781438
1780006241.2295651,0.0,0.6409,0.0,0,1.865247281452189,-6.869580143762282,9.534123531781438
1780006241.2807024,0.0,0.6409,-0.17364703789765004,0,1.854271683947923,-6.892602982581678,9.559628724348434
1780006241.2807024,0.0,0.6409,0.0,0,1.854271683947923,-6.892602982581678,9.559628724348434
1780006241.330936,0.0,0.4807,-0.6266274666330873,0,1.832831245098824,-6.9340058451245214,9.606253711691956
1780006241.330936,0.0,0.4807,0.0,0,1.832831245098824,-6.9340058451245214,9.606253711691956
1780006241.330936,0.0,0.4807,0.0,0,1.832831245098824,-6.9340058451245214,9.606253711691956
1780006241.330936,0.0,0.4807,0.0,0,1.832831245098824,-6.9340058451245214,9.606253711691956
1780006241.3803058,0.0,0.4807,0.0,0,1.832831245098824,-6.9340058451245214,9.606253711691956
1780006241.3803058,0.0,0.4807,0.0,0,1.832831245098824,-6.9340058451245214,9.606253711691956
1780006241.4295192,0.0,0.5608,0.1081706214403962,0,1.804025536769199,-6.990539020417154,9.669702657633074
1780006241.4295192,0.0,0.5608,0.0,0,1.804025536769199,-6.990539020417154,9.669702657633074
1780006241.4295192,0.0,0.5608,0.0,0,1.804025536769199,-6.990539020417154,9.669702657633074
1780006241.4295192,0.0,0.5608,0.0,0,1.804025536769199,-6.990539020417154,9.669702657633074
1780006241.479681,0.0,0.5608,0.0,0,1.804025536769199,-6.990539020417154,9.669702657633074
1780006241.479681,0.0,0.5608,0.0,0,1.804025536769199,-6.990539020417154,9.669702657633074
1780006241.5304387,0.0,0.4807,0.03749747400204388,0,1.7995915626436603,-6.999425139703336,9.679633581180973
1780006241.5304387,0.0,0.4807,0.0,0,1.7995915626436603,-6.999425139703336,9.679633581180973
1780006241.5304387,0.0,0.4807,0.0,0,1.7849665882262287,-7.028735023692537,9.712389636745876
1780006241.5304387,0.0,0.4807,0.0,0,1.7849665882262287,-7.028735023692537,9.712389636745876
1780006241.5823534,0.0,0.4807,0.0,0,1.7849665882262287,-7.028735023692537,9.712389636745876
1780006241.5823534,0.0,0.4807,0.0,0,1.7849665882262287,-7.028735023692537,9.712389636745876
1780006241.6297898,0.0,0.5608,0.09462506579546652,0,1.7714154596132088,-7.056449667684487,9.743239832503555
1780006241.6297898,0.0,0.5608,0.0,0,1.7714154596132088,-7.056449667684487,9.743239832503555
1780006241.6297898,0.0,0.5608,0.0,0,1.7714154596132088,-7.056449667684487,9.743239832503555
1780006241.6297898,0.0,0.5608,0.0,0,1.7714154596132088,-7.056449667684487,9.743239832503555
1780006241.6788852,0.0,0.5608,0.07272559058473901,0,1.7606363013775177,-7.078495103276326,9.767779422612275
1780006241.6788852,0.0,0.5608,0.0,0,1.7606363013775177,-7.078495103276326,9.767779422612275
1780006241.7285697,0.0,0.5608,0.09024891983430049,0,1.738408411008641,-7.124533243499483,9.818902699751538
1780006241.7285697,0.0,0.5608,0.0,0,1.738408411008641,-7.124533243499483,9.818902699751538
1780006241.7285697,0.0,0.5608,0.0,0,1.738408411008641,-7.124533243499483,9.818902699751538
1780006241.7285697,0.0,0.5608,0.0,0,1.738408411008641,-7.124533243499483,9.818902699751538
1780006241.779511,0.0,0.5608,0.0,0,1.738408411008641,-7.124533243499483,9.818902699751538
1780006241.779511,0.0,0.5608,0.0,0,1.738408411008641,-7.124533243499483,9.818902699751538
1780006241.8443453,0.0,0.5608,0.21587685765208978,0,1.7102972055543775,-7.184649165848895,9.885266575406991
1780006241.8443453,0.0,0.5608,0.0,0,1.7102972055543775,-7.184649165848895,9.885266575406991
1780006241.8443453,0.0,0.5608,0.0,0,1.7102972055543775,-7.184649165848895,9.885266575406991
1780006241.8443453,0.0,0.5608,0.0,0,1.7102972055543775,-7.184649165848895,9.885266575406991
1780006241.8816838,0.0,0.5608,0.0,0,1.7102972055543775,-7.184649165848895,9.885266575406991
1780006241.8816838,0.0,0.5608,0.0,0,1.7102972055543775,-7.184649165848895,9.885266575406991
1780006241.9314227,0.0,0.4807,-0.0010307382581523916,0,1.707451658120166,-7.190746808498466,9.89199549702061
1780006241.9314227,0.0,0.4807,0.0,0,1.707451658120166,-7.190746808498466,9.89199549702061
1780006241.9314227,0.0,0.4807,0.0,0,1.6917233287319913,-7.224450598121081,9.929188584822892
1780006241.9314227,0.0,0.4807,0.0,0,1.6917233287319913,-7.224450598121081,9.929188584822892
1780006241.9826827,0.0,0.4807,0.0,0,1.6917233287319913,-7.224450598121081,9.929188584822892
1780006241.9826827,0.0,0.4807,0.0,0,1.6917233287319913,-7.224450598121081,9.929188584822892
1780006242.0303285,0.0,0.5608,-0.047684808814354954,0,1.6773483205984214,-7.254948208225202,9.962904235208184
1780006242.0303285,0.0,0.5608,0.0,0,1.6773483205984214,-7.254948208225202,9.962904235208184
1780006242.0303285,0.0,0.5608,0.0,0,1.6773483205984214,-7.254948208225202,9.962904235208184
1780006242.0303285,0.0,0.5608,0.0,0,1.6773483205984214,-7.254948208225202,9.962904235208184
1780006242.078299,0.0,0.5608,-0.03269520700541844,0,1.667424886213826,-7.276001485548119,9.98617900773169
1780006242.078299,0.0,0.5608,0.0,0,1.667424886213826,-7.276001485548119,9.98617900773169
1780006242.1317413,0.0,0.5608,-0.15878991966976988,0,1.6443371612395614,-7.323610725544699,10.039091036397574
1780006242.1317413,0.0,0.5608,0.0,0,1.6443371612395614,-7.323610725544699,10.039091036397574
1780006242.1317413,0.0,0.5608,0.0,0,1.6443371612395614,-7.323610725544699,10.039091036397574
1780006242.1317413,0.0,0.5608,0.0,0,1.6443371612395614,-7.323610725544699,10.039091036397574
1780006242.179251,0.0,0.5608,0.0,0,1.6443371612395614,-7.323610725544699,10.039091036397574
1780006242.179251,0.0,0.5608,0.0,0,1.6443371612395614,-7.323610725544699,10.039091036397574
1780006242.2317798,0.0,0.5608,-0.29995650715019884,0,1.618955876419938,-7.374711711387903,10.096148203986248
1780006242.2317798,0.0,0.5608,0.0,0,1.618955876419938,-7.374711711387903,10.096148203986248
1780006242.2317798,0.0,0.5608,0.0,0,1.618955876419938,-7.374711711387903,10.096148203986248
1780006242.2317798,0.0,0.5608,0.0,0,1.6677099815005303,-7.3502346658728275,10.150701742087424
1780006242.2792234,0.0,0.5608,0.0,0,1.6677099815005303,-7.3502346658728275,10.150701742087424
1780006242.2792234,0.0,0.5608,0.0,0,1.6677099815005303,-7.3502346658728275,10.150701742087424
1780006242.3312554,0.0,0.5608,0.0,0,1.6677099815005303,-7.3502346658728275,10.150701742087424
1780006242.3312554,0.0,0.5608,0.0,0,1.6677099815005303,-7.3502346658728275,10.150701742087424
1780006242.3312554,0.0,0.5608,0.0,0,1.6524413200008607,-7.384693075910992,10.188391449519955
1780006242.3312554,0.0,0.5608,0.0,0,1.6524413200008607,-7.384693075910992,10.188391449519955
1780006242.3799443,0.0,0.5608,0.0,0,1.6524413200008607,-7.384693075910992,10.188391449519955
1780006242.3799443,0.0,0.5608,0.0,0,1.6524413200008607,-7.384693075910992,10.188391449519955
1780006242.4288425,0.0,0.5608,-0.14844959275098157,0,1.6365970864360018,-7.419414764522905,10.226557342635674
1780006242.4288425,0.0,0.5608,0.0,0,1.6365970864360018,-7.419414764522905,10.226557342635674
1780006242.4288425,0.0,0.5608,0.0,0,1.6365970864360018,-7.419414764522905,10.226557342635674
1780006242.4288425,0.0,0.5608,0.0,0,1.6365970864360018,-7.419414764522905,10.226557342635674
1780006242.4819307,0.0,0.5608,-0.07034645073739965,0,1.6284455538546942,-7.437278359807549,10.246192910361556
1780006242.4819307,0.0,0.5608,0.0,0,1.6050071807154553,-7.48730602201987,10.301438944806067
1780006242.5287755,0.0,0.5608,0.0,0,1.6050071807154553,-7.48730602201987,10.301438944806067
1780006242.5287755,0.0,0.5608,0.0,0,1.6050071807154553,-7.48730602201987,10.301438944806067
1780006242.5287755,0.0,0.5608,0.0,0,1.6050071807154553,-7.48730602201987,10.301438944806067
1780006242.5287755,0.0,0.5608,0.0,0,1.6050071807154553,-7.48730602201987,10.301438944806067
1780006242.5785081,0.0,0.5608,0.0,0,1.6050071807154553,-7.48730602201987,10.301438944806067
1780006242.5785081,0.0,0.5608,0.0,0,1.6050071807154553,-7.48730602201987,10.301438944806067
1780006242.6353755,0.0,0.5608,-0.3773792908912736,0,1.5798162490463425,-7.538218351545829,10.358242539200416
1780006242.6353755,0.0,0.5608,0.0,0,1.5798162490463425,-7.538218351545829,10.358242539200416
1780006242.6353755,0.0,0.5608,0.0,0,1.5798162490463425,-7.538218351545829,10.358242539200416
1780006242.6353755,0.0,0.5608,0.0,0,1.5798162490463425,-7.538218351545829,10.358242539200416
1780006242.6802728,0.0,0.721,0.0,0,1.5798162490463425,-7.538218351545829,10.358242539200416
1780006242.6802728,0.0,0.721,0.0,0,1.5679523274712126,-7.560715493780867,10.383676257840921
1780006242.7293613,0.0,0.721,0.0,0,1.5679523274712126,-7.560715493780867,10.383676257840921
1780006242.7293613,0.0,0.721,0.0,0,1.5679523274712126,-7.560715493780867,10.383676257840921
1780006242.7293613,0.0,0.721,0.0,0,1.5679523274712126,-7.560715493780867,10.383676257840921
1780006242.7293613,0.0,0.721,0.0,0,1.5679523274712126,-7.560715493780867,10.383676257840921
1780006242.7786472,0.0,0.721,-0.34465289946711997,0,1.5449082765248376,-7.60441312685515,10.433077790411417
1780006242.7786472,0.0,0.721,0.0,0,1.5247861273770364,-7.64167737188521,10.475427818085397
1780006242.8286178,0.0,0.6409,0.0,0,1.5247861273770364,-7.64167737188521,10.475427818085397
1780006242.8286178,0.0,0.6409,0.0,0,1.5247861273770364,-7.64167737188521,10.475427818085397
1780006242.8286178,0.0,0.721,0.0,0,1.5247861273770364,-7.64167737188521,10.475427818085397
1780006242.8286178,0.0,0.721,0.0,0,1.5247861273770364,-7.64167737188521,10.475427818085397
1780006242.8795888,0.0,0.721,-0.05807933907581139,0,1.516118153398848,-7.657729608843841,10.493670846459617
1780006242.8795888,0.0,0.721,0.0,0,1.516118153398848,-7.657729608843841,10.493670846459617
1780006242.9289618,0.0,0.721,-0.5149489125578078,0,1.4789288020056444,-7.72259991738437,10.568445205615618
1780006242.9289618,0.0,0.721,0.0,0,1.4789288020056444,-7.72259991738437,10.568445205615618
1780006242.9289618,0.0,0.721,0.0,0,1.4789288020056444,-7.72259991738437,10.568445205615618
1780006242.9289618,0.0,0.721,0.0,0,1.4789288020056444,-7.72259991738437,10.568445205615618
1780006242.9802942,0.0,0.721,0.0,0,1.4789288020056444,-7.72259991738437,10.568445205615618
1780006242.9802942,0.0,0.6409,0.0,0,1.4789288020056444,-7.72259991738437,10.568445205615618
1780006243.0303133,0.0,0.6409,-0.0019817246970748755,0,1.4782634647623594,-7.723747966235413,10.56977211548885
1780006243.0303133,0.0,0.6409,0.0,0,1.4782634647623594,-7.723747966235413,10.56977211548885
1780006243.0303133,0.0,0.6409,0.0,0,1.4474415641555087,-7.776931592938736,10.631241520125117
1780006243.0303133,0.0,0.6409,0.0,0,1.4474415641555087,-7.776931592938736,10.631241520125117
1780006243.079112,0.0,0.6409,0.0,0,1.4474415641555087,-7.776931592938736,10.631241520125117
1780006243.079112,0.0,0.6409,0.0,0,1.4474415641555087,-7.776931592938736,10.631241520125117
1780006243.130379,0.0,0.6409,-0.07626067485903085,0,1.4341649727125467,-7.799361504615122,10.657306224576805
1780006243.130379,0.0,0.6409,0.0,0,1.4341649727125467,-7.799361504615122,10.657306224576805
1780006243.130379,0.0,0.6409,0.0,0,1.4341649727125467,-7.799361504615122,10.657306224576805
1780006243.130379,0.0,0.6409,0.0,0,1.4341649727125467,-7.799361504615122,10.657306224576805
1780006243.1821108,0.0,0.6409,-0.10256547025808044,0,1.4161469225973282,-7.8298017930280945,10.692679396453517
1780006243.1821108,0.0,0.5608,0.0,0,1.3930495790108366,-7.868097073417186,10.737400932438225
1780006243.2331629,0.0,0.5608,0.0,0,1.3930495790108366,-7.868097073417186,10.737400932438225
1780006243.2331629,0.0,0.5608,0.0,0,1.3930495790108366,-7.868097073417186,10.737400932438225
1780006243.2331629,0.0,0.5608,0.0,0,1.3930495790108366,-7.868097073417186,10.737400932438225
1780006243.2331629,0.0,0.5608,0.0,0,1.3930495790108366,-7.868097073417186,10.737400932438225
1780006243.2792435,0.0,0.5608,0.0,0,1.3930495790108366,-7.868097073417186,10.737400932438225
1780006243.2792435,0.0,0.5608,0.0,0,1.3930495790108366,-7.868097073417186,10.737400932438225
1780006243.3292108,0.0,0.5608,-0.1371049765333612,0,1.3575481891304102,-7.926438397685105,10.805694847253358
1780006243.3292108,0.0,0.5608,0.0,0,1.3575481891304102,-7.926438397685105,10.805694847253358
1780006243.3292108,0.0,0.5608,0.0,0,1.3575481891304102,-7.926438397685105,10.805694847253358
1780006243.3292108,0.0,0.5608,0.0,0,1.3575481891304102,-7.926438397685105,10.805694847253358
1780006243.3788965,0.0,0.5608,0.0,0,1.3575481891304102,-7.926438397685105,10.805694847253358
1780006243.3788965,0.0,0.5608,0.0,0,1.3575481891304102,-7.926438397685105,10.805694847253358
1780006243.430392,0.0,0.5608,0.12606296621212734,0,1.3273404185268407,-7.976701793124265,10.864337138527755
1780006243.430392,0.0,0.5608,0.0,0,1.3273404185268407,-7.976701793124265,10.864337138527755
1780006243.430392,0.0,0.5608,0.0,0,1.3273404185268407,-7.976701793124265,10.864337138527755
1780006243.430392,0.0,0.5608,0.0,0,1.3273404185268407,-7.976701793124265,10.864337138527755
1780006243.4804144,0.0,0.5608,0.0,0,1.3273404185268407,-7.976701793124265,10.864337138527755
1780006243.4804144,0.0,0.5608,0.0,0,1.3273404185268407,-7.976701793124265,10.864337138527755
1780006243.529322,0.0,0.5608,0.09581899823988654,0,1.315070317325171,-7.997617303318119,10.888586137479638
1780006243.529322,0.0,0.5608,0.0,0,1.315070317325171,-7.997617303318119,10.888586137479638
1780006243.529322,0.0,0.5608,0.0,0,1.315070317325171,-7.997617303318119,10.888586137479638
1780006243.529322,0.0,0.5608,0.0,0,1.315070317325171,-7.997617303318119,10.888586137479638
1780006243.578456,0.0,0.5608,0.12037191550513492,0,1.299584707001176,-8.02401394302517,10.919189841747757
1780006243.578456,0.0,0.5608,0.0,0,1.299584707001176,-8.02401394302517,10.919189841747757
1780006243.6302664,0.0,0.4807,0.1927103768308046,0,1.2803403596224363,-8.05777785710422,10.958053022265712
1780006243.6302664,0.0,0.4807,0.0,0,1.2803403596224363,-8.05777785710422,10.958053022265712
1780006243.6302664,0.0,0.4807,0.0,0,1.2803403596224363,-8.05777785710422,10.958053022265712
1780006243.6302664,0.0,0.4807,0.0,0,1.2803403596224363,-8.05777785710422,10.958053022265712
1780006243.6786005,0.0,0.4807,0.0,0,1.2803403596224363,-8.05777785710422,10.958053022265712
1780006243.6786005,0.0,0.4807,0.0,0,1.2803403596224363,-8.05777785710422,10.958053022265712
1780006243.7293122,0.0,0.5608,0.2301477768794,0,1.2484579774399134,-8.11474058295891,11.023331184237609
1780006243.7293122,0.0,0.5608,0.0,0,1.2484579774399134,-8.11474058295891,11.023331184237609
1780006243.7293122,0.0,0.5608,0.0,0,1.2484579774399134,-8.11474058295891,11.023331184237609
1780006243.7293122,0.0,0.5608,0.0,0,1.2484579774399134,-8.11474058295891,11.023331184237609
1780006243.7814398,0.0,0.5608,0.0,0,1.2484579774399134,-8.11474058295891,11.023331184237609
1780006243.7814398,0.0,0.5608,0.0,0,1.2484579774399134,-8.11474058295891,11.023331184237609
1780006243.8299792,0.0,0.4807,0.04231920798628115,0,1.2451481278747996,-8.120873749940586,11.030300462634171
1780006243.8299792,0.0,0.4807,0.0,0,1.2451481278747996,-8.120873749940586,11.030300462634171
1780006243.8299792,0.0,0.4807,0.0,0,1.22587173768198,-8.156592992622349,11.070889174323808
1780006243.8299792,0.0,0.4807,0.0,0,1.22587173768198,-8.156592992622349,11.070889174323808
1780006243.879554,0.0,0.4807,0.0,0,1.22587173768198,-8.156592992622349,11.070889174323808
1780006243.879554,0.0,0.4807,0.0,0,1.22587173768198,-8.156592992622349,11.070889174323808
1780006243.929371,0.0,0.5608,1.2445671908539016,0,1.2694338108294123,-8.150716447552963,11.114845834784479
1780006243.929371,0.0,0.5608,0.0,0,1.2694338108294123,-8.150716447552963,11.114845834784479
1780006243.929371,0.0,0.5608,0.0,0,1.2694338108294123,-8.150716447552963,11.114845834784479
1780006243.929371,0.0,0.5608,0.0,0,1.2694338108294123,-8.150716447552963,11.114845834784479
1780006243.979051,0.0,0.5608,0.13260308212065333,0,1.2565608455764234,-8.179062763227613,11.145978243087267
1780006243.979051,0.0,0.5608,0.0,0,1.2565608455764234,-8.179062763227613,11.145978243087267
1780006244.0298746,0.0,0.5608,0.18320004098981507,0,1.2384054053146438,-8.220215058584078,11.190957476342234
1780006244.0298746,0.0,0.5608,0.0,0,1.2384054053146438,-8.220215058584078,11.190957476342234
1780006244.0298746,0.0,0.5608,0.0,0,1.2384054053146438,-8.220215058584078,11.190957476342234
1780006244.0298746,0.0,0.5608,0.0,0,1.2384054053146438,-8.220215058584078,11.190957476342234
1780006244.0800617,0.0,0.5608,0.0,0,1.2384054053146438,-8.220215058584078,11.190957476342234
1780006244.0800617,0.0,0.5608,0.0,0,1.2384054053146438,-8.220215058584078,11.190957476342234
1780006244.1293285,0.0,0.4807,0.2366944239905385,0,1.2159270007787977,-8.272419011960261,11.247795240360357
1780006244.1293285,0.0,0.4807,0.0,0,1.2159270007787977,-8.272419011960261,11.247795240360357
1780006244.1293285,0.0,0.4807,0.0,0,1.2159270007787977,-8.272419011960261,11.247795240360357
1780006244.1293285,0.0,0.4807,0.0,0,1.2159270007787977,-8.272419011960261,11.247795240360357
1780006244.1804686,0.0,0.4807,0.0,0,1.2159270007787977,-8.272419011960261,11.247795240360357
1780006244.1804686,0.0,0.4807,0.0,0,1.2159270007787977,-8.272419011960261,11.247795240360357
1780006244.2327235,0.0,0.4807,0.054371544680708116,0,1.21255240820495,-8.280616957788387,11.25666057683679
1780006244.2327235,0.0,0.4807,0.0,0,1.21255240820495,-8.280616957788387,11.25666057683679
1780006244.2327235,0.0,0.4807,0.0,0,1.1983326666445184,-8.315161178594709,11.29401702529166
1780006244.2327235,0.0,0.4807,0.0,0,1.1983326666445184,-8.315161178594709,11.29401702529166
1780006244.2826693,0.0,0.4807,0.0,0,1.1983326666445184,-8.315161178594709,11.29401702529166
1780006244.2826693,0.0,0.5608,0.0,0,1.1983326666445184,-8.315161178594709,11.29401702529166
1780006244.329198,0.0,0.5608,0.14608262437050124,0,1.1865936048247545,-8.344708217402419,11.325810626451526
1780006244.329198,0.0,0.5608,0.0,0,1.1865936048247545,-8.344708217402419,11.325810626451526
1780006244.329198,0.0,0.5608,0.0,0,1.1865936048247545,-8.344708217402419,11.325810626451526
1780006244.329198,0.0,0.5608,0.0,0,1.1865936048247545,-8.344708217402419,11.325810626451526
1780006244.3785572,0.0,0.5608,0.11193550922946666,0,1.1770513258202522,-8.368725987509514,11.35165454971246
1780006244.3785572,0.0,0.5608,0.0,0,1.1770513258202522,-8.368725987509514,11.35165454971246
1780006244.429574,0.0,0.5608,0.20959750370914015,0,1.1590479157389018,-8.415700453447577,11.40196084379902
1780006244.429574,0.0,0.5608,0.0,0,1.1590479157389018,-8.415700453447577,11.40196084379902
1780006244.429574,0.0,0.5608,0.0,0,1.1590479157389018,-8.415700453447577,11.40196084379902
1780006244.429574,0.0,0.5608,0.0,0,1.1590479157389018,-8.415700453447577,11.40196084379902
1780006244.4783463,0.0,0.5608,0.0,0,1.1590479157389018,-8.415700453447577,11.40196084379902
1780006244.4783463,0.0,0.4807,0.0,0,1.1590479157389018,-8.415700453447577,11.40196084379902
1780006244.5290523,0.0,0.4807,0.0,0,1.1590479157389018,-8.415700453447577,11.40196084379902
1780006244.5290523,0.0,0.4807,0.0,0,1.138389069884255,-8.469679475823508,11.459758099518538
1780006244.5290523,0.0,0.4807,0.0,0,1.138389069884255,-8.469679475823508,11.459758099518538
1780006244.5290523,0.0,0.4807,0.0,0,1.138389069884255,-8.469679475823508,11.459758099518538
1780006244.5786092,0.0,0.4807,0.0,0,1.138389069884255,-8.469679475823508,11.459758099518538
1780006244.5786092,0.0,0.4807,0.0,0,1.138389069884255,-8.469679475823508,11.459758099518538
1780006244.6315582,0.0,0.5608,0.030497221906460315,0,1.1349743740763003,-8.47883047347016,11.469525438224137
1780006244.6315582,0.0,0.5608,0.0,0,1.1349743740763003,-8.47883047347016,11.469525438224137
1780006244.6315582,0.0,0.5608,0.0,0,1.1208193767168964,-8.51676426166369,11.510014155627339
1780006244.6315582,0.0,0.5608,0.0,0,1.1208193767168964,-8.51676426166369,11.510014155627339
1780006244.6791978,0.0,0.5608,0.0,0,1.1208193767168964,-8.51676426166369,11.510014155627339
1780006244.6791978,0.0,0.5608,0.0,0,1.1087324018940508,-8.54990739811091,11.545292512362414
1780006244.729275,0.0,0.5608,0.0,0,1.1087324018940508,-8.54990739811091,11.545292512362414
1780006244.729275,0.0,0.5608,0.0,0,1.1087324018940508,-8.54990739811091,11.545292512362414
1780006244.729275,0.0,0.5608,0.0,0,1.1087324018940508,-8.54990739811091,11.545292512362414
1780006244.729275,0.0,0.5608,0.0,0,1.1087324018940508,-8.54990739811091,11.545292512362414
1780006244.783919,0.0,0.5608,0.05337545456612883,0,1.1009498622437741,-8.571247541307661,11.568007477364938
1780006244.783919,0.0,0.5608,0.0,0,1.1009498622437741,-8.571247541307661,11.568007477364938
1780006244.8312469,0.0,0.4807,0.14890240893858656,0,1.0857950942439092,-8.614041314120106,11.613405428691545
1780006244.8312469,0.0,0.4807,0.0,0,1.0857950942439092,-8.614041314120106,11.613405428691545
1780006244.8312469,0.0,0.4807,0.0,0,1.0857950942439092,-8.614041314120106,11.613405428691545
1780006244.8312469,0.0,0.4807,0.0,0,1.0857950942439092,-8.614041314120106,11.613405428691545
1780006244.878519,0.0,0.4807,0.0,0,1.0857950942439092,-8.614041314120106,11.613405428691545
1780006244.878519,0.0,0.4807,0.0,0,1.0857950942439092,-8.614041314120106,11.613405428691545
1780006244.9310763,0.0,0.4807,0.0,0,1.0857950942439092,-8.614041314120106,11.613405428691545
1780006244.9310763,0.0,0.4807,0.0,0,1.0857950942439092,-8.614041314120106,11.613405428691545
1780006244.9310763,0.0,0.4807,0.0,0,1.069968498975705,-8.659910005170552,11.661927773404726
1780006244.9310763,0.0,0.4807,0.0,0,1.069968498975705,-8.659910005170552,11.661927773404726
1780006244.9791121,0.0,0.4807,0.0,0,1.069968498975705,-8.659910005170552,11.661927773404726
1780006244.9791121,0.0,0.4807,0.0,0,1.069968498975705,-8.659910005170552,11.661927773404726
1780006245.0325248,0.0,0.5608,0.0603945233457861,0,1.0640940222425983,-8.677707180499693,11.680669409581538
1780006245.0325248,0.0,0.5608,0.0,0,1.0640940222425983,-8.677707180499693,11.680669409581538
1780006245.0325248,0.0,0.5608,0.0,0,1.051997091005302,-8.714355756356907,11.719262852777526
1780006245.0325248,0.0,0.5608,0.0,0,1.051997091005302,-8.714355756356907,11.719262852777526
1780006245.0830684,0.0,0.5608,0.0,0,1.051997091005302,-8.714355756356907,11.719262852777526
1780006245.0830684,0.0,0.5608,0.0,0,1.051997091005302,-8.714355756356907,11.719262852777526
1780006245.1291087,0.0,0.5608,0.16848899620289134,0,1.0406536088831455,-8.750115860945497,11.756778978201703
1780006245.1291087,0.0,0.5608,0.0,0,1.0406536088831455,-8.750115860945497,11.756778978201703
1780006245.1291087,0.0,0.5608,0.0,0,1.0406536088831455,-8.750115860945497,11.756778978201703
1780006245.1291087,0.0,0.5608,0.0,0,1.034963627173707,-8.768053416525476,11.775597367931926
1780006245.1781662,0.0,0.5608,0.23990894636739032,0,1.0186563508041542,-8.821642089335363,11.831612304476728
1780006245.1781662,0.0,0.5608,0.0,0,1.0186563508041542,-8.821642089335363,11.831612304476728
1780006245.2291055,0.0,0.5608,0.0,0,1.0186563508041542,-8.821642089335363,11.831612304476728
1780006245.2291055,0.0,0.5608,0.0,0,1.0186563508041542,-8.821642089335363,11.831612304476728
1780006245.2291055,0.0,0.5608,0.0,0,1.0186563508041542,-8.821642089335363,11.831612304476728
1780006245.2291055,0.0,0.5608,0.0,0,1.0186563508041542,-8.821642089335363,11.831612304476728
1780006245.2793927,0.0,0.5608,0.0,0,1.0186563508041542,-8.821642089335363,11.831612304476728
1780006245.2793927,0.0,0.5608,0.0,0,1.0186563508041542,-8.821642089335363,11.831612304476728
1780006245.334452,0.0,0.5608,0.1194840508013182,0,1.00310346558443,-8.873985635343839,11.886217606851126
1780006245.334452,0.0,0.4807,0.0,0,1.00310346558443,-8.873985635343839,11.886217606851126
1780006245.334452,0.0,0.4807,0.0,0,1.00310346558443,-8.873985635343839,11.886217606851126
1780006245.334452,0.0,0.4807,0.0,0,0.9977933032814589,-8.892214436368205,11.90520410232738
1780006245.3804872,0.0,0.4807,0.0,0,0.9977933032814589,-8.892214436368205,11.90520410232738
1780006245.3804872,0.0,0.4807,0.0,0,0.9977933032814589,-8.892214436368205,11.90520410232738
1780006245.429161,0.0,0.4807,0.0,0,0.9977933032814589,-8.892214436368205,11.90520410232738
1780006245.429161,0.0,0.4807,0.0,0,0.9977933032814589,-8.892214436368205,11.90520410232738
1780006245.429161,0.0,0.4807,0.0,0,0.9977933032814589,-8.892214436368205,11.90520410232738
1780006245.429161,0.0,0.4807,0.0,0,0.9977933032814589,-8.892214436368205,11.90520410232738
1780006245.4847994,0.0,0.4807,0.058995724562225904,0,0.9894063565649518,-8.921005266887946,11.935191646362227
1780006245.4847994,0.0,0.4807,0.0,0,0.9894063565649518,-8.921005266887946,11.935191646362227
1780006245.5486932,0.0,0.5608,0.07229009355961595,0,0.9790773967876404,-8.957460664334894,11.973082059570535
1780006245.5486932,0.0,0.5608,0.0,0,0.9790773967876404,-8.957460664334894,11.973082059570535
1780006245.5486932,0.0,0.5608,0.0,0,0.9790773967876404,-8.957460664334894,11.973082059570535
1780006245.5486932,0.0,0.5608,0.0,0,0.9790773967876404,-8.957460664334894,11.973082059570535
1780006245.5856597,0.0,0.5608,0.07432946856376699,0,0.9729328591615496,-8.97914741364134,11.995622477448627
1780006245.5856597,0.0,0.5608,0.0,0,0.9729328591615496,-8.97914741364134,11.995622477448627
1780006245.6311944,0.0,0.5608,0.1993205802277942,0,0.9590715900141579,-9.029818886470212,12.048155637843026
1780006245.6311944,0.0,0.5608,0.0,0,0.9590715900141579,-9.029818886470212,12.048155637843026
1780006245.6311944,0.0,0.5608,0.0,0,0.9590715900141579,-9.029818886470212,12.048155637843026
1780006245.6311944,0.0,0.5608,0.0,0,0.9590715900141579,-9.029818886470212,12.048155637843026
1780006245.6792295,0.0,0.5608,0.0,0,0.9590715900141579,-9.029818886470212,12.048155637843026
1780006245.6792295,0.0,0.5608,0.0,0,0.9590715900141579,-9.029818886470212,12.048155637843026
1780006245.7292218,0.0,0.5608,0.0010556227304418565,0,0.9589342380785925,-9.030331761990476,12.048686586855164
1780006245.7292218,0.0,0.5608,0.0,0,0.9589342380785925,-9.030331761990476,12.048686586855164
1780006245.7292218,0.0,0.4807,0.0,0,0.9589342380785925,-9.030331761990476,12.048686586855164
1780006245.7292218,0.0,0.4807,0.0,0,0.9589342380785925,-9.030331761990476,12.048686586855164
1780006245.7785697,0.0,0.4807,0.10738596430935933,0,0.9451418733529869,-9.081832792574547,12.102002489510427
1780006245.7785697,0.0,0.4807,0.0,0,0.9451418733529869,-9.081832792574547,12.102002489510427
1780006245.82969,0.0,0.5608,-0.16606122307930313,0,0.9215314860298416,-9.078019607267368,12.125918818069298
1780006245.82969,0.0,0.5608,0.0,0,0.9215314860298416,-9.078019607267368,12.125918818069298
1780006245.82969,0.0,0.5608,0.0,0,0.9215314860298416,-9.078019607267368,12.125918818069298
1780006245.82969,0.0,0.5608,0.0,0,0.9215314860298416,-9.078019607267368,12.125918818069298
1780006245.8791237,0.0,0.5608,0.07805369959499953,0,0.9130491904359868,-9.109115748358462,12.158151089619698
1780006245.8791237,0.0,0.5608,0.0,0,0.9130491904359868,-9.109115748358462,12.158151089619698
1780006245.9299846,0.0,0.5608,0.16592724966423927,0,0.9020726685401965,-9.151163104238197,12.201607552538416
1780006245.9299846,0.0,0.5608,0.0,0,0.9020726685401965,-9.151163104238197,12.201607552538416
1780006245.9299846,0.0,0.5608,0.0,0,0.9020726685401965,-9.151163104238197,12.201607552538416
1780006245.9299846,0.0,0.5608,0.0,0,0.9020726685401965,-9.151163104238197,12.201607552538416
1780006245.9785333,0.0,0.5608,0.0,0,0.9020726685401965,-9.151163104238197,12.201607552538416
1780006245.9785333,0.0,0.5608,0.0,0,0.9020726685401965,-9.151163104238197,12.201607552538416
1780006246.029843,0.0,0.4807,0.30744397539158463,0,0.8875364145626605,-9.209317656181193,12.261551314443972
1780006246.029843,0.0,0.4807,0.0,0,0.8875364145626605,-9.209317656181193,12.261551314443972
1780006246.029843,0.0,0.4807,0.0,0,0.8875364145626605,-9.209317656181193,12.261551314443972
1780006246.029843,0.0,0.4807,0.0,0,0.8875364145626605,-9.209317656181193,12.261551314443972
1780006246.0786922,0.0,0.4807,0.0,0,0.8875364145626605,-9.209317656181193,12.261551314443972
1780006246.0786922,0.0,0.4807,0.0,0,0.8875364145626605,-9.209317656181193,12.261551314443972
1780006246.130409,0.0,0.5608,0.25039278905610896,0,0.8749220873589476,-9.263402939851634,12.317088141509572
1780006246.130409,0.0,0.5608,0.0,0,0.8749220873589476,-9.263402939851634,12.317088141509572
1780006246.130409,0.0,0.5608,0.0,0,0.8749220873589476,-9.263402939851634,12.317088141509572
1780006246.130409,0.0,0.5608,0.0,0,0.8749220873589476,-9.263402939851634,12.317088141509572
1780006246.1787887,0.0,0.5608,0.0,0,0.8749220873589476,-9.263402939851634,12.317088141509572
1780006246.1787887,0.0,0.5608,0.0,0,0.8749220873589476,-9.263402939851634,12.317088141509572
1780006246.2290564,0.0,0.5608,0.1500791311561186,0,0.8689807120945205,-9.290762238716475,12.34508512660455
1780006246.2290564,0.0,0.5608,0.0,0,0.8689807120945205,-9.290762238716475,12.34508512660455
1780006246.2290564,0.0,0.5608,0.0,0,0.8689807120945205,-9.290762238716475,12.34508512660455
1780006246.2290564,0.0,0.5608,0.0,0,0.8689807120945205,-9.290762238716475,12.34508512660455
1780006246.2820523,0.0,0.5608,0.14622331591037213,0,0.8628778049919537,-9.318865371734047,12.373843283021571
1780006246.2820523,0.0,0.5608,0.0,0,0.8628778049919537,-9.318865371734047,12.373843283021571
1780006246.332088,0.0,0.4807,0.09631914754079518,0,0.8545406951746353,-9.358350845583159,12.414199324021586
1780006246.332088,0.0,0.4807,0.0,0,0.8545406951746353,-9.358350845583159,12.414199324021586
1780006246.332088,0.0,0.4807,0.0,0,0.8545406951746353,-9.358350845583159,12.414199324021586
1780006246.332088,0.0,0.4807,0.0,0,0.8545406951746353,-9.358350845583159,12.414199324021586
1780006246.3800726,0.0,0.4807,0.0,0,0.8545406951746353,-9.358350845583159,12.414199324021586
1780006246.3800726,0.0,0.4807,0.0,0,0.8545406951746353,-9.358350845583159,12.414199324021586
1780006246.4290555,0.0,0.5608,0.11121506021362203,0,0.8416013660845516,-9.420856618329623,12.478030334227709
1780006246.4290555,0.0,0.5608,0.0,0,0.8416013660845516,-9.420856618329623,12.478030334227709
1780006246.4290555,0.0,0.5608,0.0,0,0.8416013660845516,-9.420856618329623,12.478030334227709
1780006246.4290555,0.0,0.5608,0.0,0,0.8416013660845516,-9.420856618329623,12.478030334227709
1780006246.4785724,0.0,0.5608,0.0,0,0.8416013660845516,-9.420856618329623,12.478030334227709
1780006246.4785724,0.0,0.5608,0.0,0,0.8416013660845516,-9.420856618329623,12.478030334227709
1780006246.5293715,0.0,0.5608,0.026273576447206206,0,0.8395439445823956,-9.431200183104998,12.488576533329752
1780006246.5293715,0.0,0.5608,0.0,0,0.8395439445823956,-9.431200183104998,12.488576533329752
1780006246.5293715,0.0,0.5608,0.0,0,0.8304590844856841,-9.476873779296671,12.53514489245971
1780006246.5293715,0.0,0.5608,0.0,0,0.8304590844856841,-9.476873779296671,12.53514489245971
1780006246.583627,0.0,0.5608,0.0,0,0.8304590844856841,-9.476873779296671,12.53514489245971
1780006246.583627,0.0,0.5608,0.0,0,0.8304590844856841,-9.476873779296671,12.53514489245971
1780006246.6296294,0.0,0.4807,0.05509274298782125,0,0.8257414434672417,-9.501215183215079,12.559939248299255
1780006246.6296294,0.0,0.4807,0.0,0,0.8257414434672417,-9.501215183215079,12.559939248299255
1780006246.6296294,0.0,0.4807,0.0,0,0.8257414434672417,-9.501215183215079,12.559939248299255
1780006246.6296294,0.0,0.4807,0.0,0,0.8257414434672417,-9.501215183215079,12.559939248299255
1780006246.6832209,0.0,0.4807,0.04428588741611479,0,0.8213235900685807,-9.524009786197528,12.583158019881308
1780006246.6832209,0.0,0.4807,0.0,0,0.8213235900685807,-9.524009786197528,12.583158019881308
1780006246.7298203,0.0,0.4807,0.1215620263348337,0,0.8135844366106498,-9.54537547433685,12.605882172800882
1780006246.7298203,0.0,0.4807,0.0,0,0.8135844366106498,-9.54537547433685,12.605882172800882
1780006246.7298203,0.0,0.4807,0.0,0,0.8135844366106498,-9.54537547433685,12.605882172800882
1780006246.7298203,0.0,0.4807,0.0,0,0.8135844366106498,-9.54537547433685,12.605882172800882
1780006246.7793689,0.0,0.4807,0.0,0,0.8135844366106498,-9.54537547433685,12.605882172800882
1780006246.7793689,0.0,0.4807,0.0,0,0.8135844366106498,-9.54537547433685,12.605882172800882
1780006246.8311386,0.0,0.5608,0.13017191399730055,0,0.8018222502124793,-9.610167451130083,12.67173313547904
1780006246.8311386,0.0,0.5608,0.0,0,0.8018222502124793,-9.610167451130083,12.67173313547904
1780006246.8311386,0.0,0.5608,0.0,0,0.8018222502124793,-9.610167451130083,12.67173313547904
1780006246.8311386,0.0,0.5608,0.0,0,0.8018222502124793,-9.610167451130083,12.67173313547904
1780006246.8832722,0.0,0.5608,0.0,0,0.8018222502124793,-9.610167451130083,12.67173313547904
1780006246.8832722,0.0,0.5608,0.0,0,0.8002730447161873,-9.619187991489522,12.68088574090296
1780006246.9291275,0.0,0.5608,0.0,0,0.8002730447161873,-9.619187991489522,12.68088574090296
1780006246.9291275,0.0,0.5608,0.0,0,0.8002730447161873,-9.619187991489522,12.68088574090296
1780006246.9291275,0.0,0.5608,0.0,0,0.8002730447161873,-9.619187991489522,12.68088574090296
1780006246.9291275,0.0,0.5608,0.0,0,0.8002730447161873,-9.619187991489522,12.68088574090296
1780006246.982287,0.0,0.5608,0.1388553577436333,0,0.7929896074742885,-9.661597174618077,12.723915814940638
1780006246.982287,0.0,0.5608,0.0,0,0.7929896074742885,-9.661597174618077,12.723915814940638
1780006247.0426393,0.0,0.4807,0.09430670250035238,0,0.7886553112003071,-9.688422150480736,12.751088695800474
1780006247.0426393,0.0,0.4807,0.0,0,0.7886553112003071,-9.688422150480736,12.751088695800474
1780006247.0426393,0.0,0.5608,0.0,0,0.7854579283818138,-9.708210764711989,12.771133957337339
1780006247.0426393,0.0,0.5608,0.0,0,0.7854579283818138,-9.708210764711989,12.771133957337339
1780006247.0825717,0.0,0.5608,0.0,0,0.7854579283818138,-9.708210764711989,12.771133957337339
1780006247.0825717,0.0,0.5608,0.0,0,0.7854579283818138,-9.708210764711989,12.771133957337339
1780006247.129111,0.0,0.5608,0.20195547842694023,0,0.7778064676554791,-9.758915071541876,12.822412330774354
1780006247.129111,0.0,0.5608,0.0,0,0.7778064676554791,-9.758915071541876,12.822412330774354
1780006247.129111,0.0,0.5608,0.0,0,0.7778064676554791,-9.758915071541876,12.822412330774354
1780006247.129111,0.0,0.5608,0.0,0,0.7778064676554791,-9.758915071541876,12.822412330774354
1780006247.1789532,0.0,0.5608,0.0,0,0.7778064676554791,-9.758915071541876,12.822412330774354
1780006247.1789532,0.0,0.5608,0.0,0,0.7778064676554791,-9.758915071541876,12.822412330774354
1780006247.2287116,0.0,0.5608,0.0,0,0.7778064676554791,-9.758915071541876,12.822412330774354
1780006247.2287116,0.0,0.5608,0.0,0,0.7778064676554791,-9.758915071541876,12.822412330774354
1780006247.2287116,0.0,0.5608,0.0,0,0.7778064676554791,-9.758915071541876,12.822412330774354
1780006247.2287116,0.0,0.5608,0.0,0,0.7778064676554791,-9.758915071541876,12.822412330774354
1780006247.2824826,0.0,0.4807,0.1604809522237362,0,0.7669300505578011,-9.835546934202567,12.89981219397662
1780006247.2824826,0.0,0.4807,0.0,0,0.7669300505578011,-9.835546934202567,12.89981219397662
1780006247.32955,0.0,0.4807,0.0,0,0.7669300505578011,-9.835546934202567,12.89981219397662
1780006247.32955,0.0,0.4807,0.0,0,0.7669300505578011,-9.835546934202567,12.89981219397662
1780006247.32955,0.0,0.4807,0.0,0,0.7619840044342402,-9.871694887044677,12.936296956096331
1780006247.32955,0.0,0.4807,0.0,0,0.7619840044342402,-9.871694887044677,12.936296956096331
1780006247.379126,0.0,0.4807,0.0,0,0.7619840044342402,-9.871694887044677,12.936296956096331
1780006247.379126,0.0,0.4807,0.0,0,0.7619840044342402,-9.871694887044677,12.936296956096331
1780006247.4299731,0.0,0.5608,0.14472374856441586,0,0.7575974073217066,-9.90792314418266,12.97278981634986
1780006247.4299731,0.0,0.5608,0.0,0,0.7575974073217066,-9.90792314418266,12.97278981634986
1780006247.4299731,0.0,0.5608,0.0,0,0.7575974073217066,-9.90792314418266,12.97278981634986
1780006247.4299731,0.0,0.5608,0.0,0,0.7575974073217066,-9.90792314418266,12.97278981634986
1780006247.4809096,0.0,0.5608,0.0,0,0.7575974073217066,-9.90792314418266,12.97278981634986
1780006247.4809096,0.0,0.5608,0.0,0,0.7551333590218124,-9.928273354862803,12.993288660433134
1780006247.5330276,0.0,0.5608,0.05566240679871971,0,0.748661551624087,-9.983103890839262,13.048499818421886
1780006247.5330276,0.0,0.5608,0.0,0,0.748661551624087,-9.983103890839262,13.048499818421886
1780006247.5330276,0.0,0.5608,0.0,0,0.748661551624087,-9.983103890839262,13.048499818421886
1780006247.5330276,0.0,0.5608,0.0,0,0.748661551624087,-9.983103890839262,13.048499818421886
1780006247.5792944,0.0,0.5608,0.0,0,0.748661551624087,-9.983103890839262,13.048499818421886
1780006247.5792944,0.0,0.5608,0.0,0,0.748661551624087,-9.983103890839262,13.048499818421886
1780006247.636599,0.0,0.5608,0.19074232189157236,0,0.7426314731980627,-10.039218848226769,13.104937840077731
1780006247.636599,0.0,0.5608,0.0,0,0.7426314731980627,-10.039218848226769,13.104937840077731
1780006247.636599,0.0,0.5608,0.0,0,0.7426314731980627,-10.039218848226769,13.104937840077731
1780006247.636599,0.0,0.5608,0.0,0,0.7426314731980627,-10.039218848226769,13.104937840077731
1780006247.6788626,0.0,0.5608,0.0,0,0.7426314731980627,-10.039218848226769,13.104937840077731
1780006247.6788626,0.0,0.5608,0.0,0,0.7426314731980627,-10.039218848226769,13.104937840077731
1780006247.7303429,0.0,0.5608,0.20992983707232385,0,0.7404274360776477,-10.038432000584745,13.107278119727672
1780006247.7303429,0.0,0.5608,0.0,0,0.7404274360776477,-10.038432000584745,13.107278119727672
1780006247.7303429,0.0,0.5608,0.0,0,0.7404274360776477,-10.038432000584745,13.107278119727672
1780006247.7303429,0.0,0.5608,0.0,0,0.7404274360776477,-10.038432000584745,13.107278119727672
1780006247.7846663,0.0,0.5608,0.141664258916705,0,0.7370013148195882,-10.077193248121903,13.146190490736283
1780006247.7846663,0.0,0.5608,0.0,0,0.7370013148195882,-10.077193248121903,13.146190490736283
1780006247.8298237,0.0,0.6409,-0.7156833760653242,0,0.7313310733680027,-10.11899300664013,13.188373087269703
1780006247.8298237,0.0,0.6409,0.0,0,0.7313310733680027,-10.11899300664013,13.188373087269703
1780006247.8298237,0.0,0.6409,0.0,0,0.7313310733680027,-10.11899300664013,13.188373087269703
1780006247.8298237,0.0,0.6409,0.0,0,0.7313310733680027,-10.11899300664013,13.188373087269703
1780006247.8803322,0.0,0.6409,0.0,0,0.7313310733680027,-10.11899300664013,13.188373087269703
1780006247.8803322,0.0,0.6409,0.0,0,0.7313310733680027,-10.11899300664013,13.188373087269703
1780006247.9317908,0.0,0.5608,-1.6849987845294656,0,0.7168879020118155,-10.194285739916102,13.265038600266037
1780006247.9317908,0.0,0.5608,0.0,0,0.7168879020118155,-10.194285739916102,13.265038600266037
1780006247.9317908,0.0,0.5608,0.0,0,0.7168879020118155,-10.194285739916102,13.265038600266037
1780006247.9317908,0.0,0.5608,0.0,0,0.7168879020118155,-10.194285739916102,13.265038600266037
1780006247.9796126,0.0,0.5608,0.0,0,0.7168879020118155,-10.194285739916102,13.265038600266037
1780006247.9796126,0.0,0.5608,0.0,0,0.7168879020118155,-10.194285739916102,13.265038600266037
1780006248.0295365,0.0,0.6409,-1.8648635961378963,0,0.6974241783883728,-10.257142404326219,13.330839791729836
1780006248.0295365,0.0,0.6409,0.0,0,0.6974241783883728,-10.257142404326219,13.330839791729836
1780006248.0295365,0.0,0.6409,0.0,0,0.6974241783883728,-10.257142404326219,13.330839791729836
1780006248.0295365,0.0,0.6409,0.0,0,0.6974241783883728,-10.257142404326219,13.330839791729836
1780006248.0806813,0.0,0.6409,0.0,0,0.6974241783883728,-10.257142404326219,13.330839791729836
1780006248.0806813,0.0,0.6409,0.0,0,0.6974241783883728,-10.257142404326219,13.330839791729836
1780006248.130199,0.0,0.6409,-0.7474453441282274,0,0.6887726406911436,-10.277648965122474,13.353096658989562
1780006248.130199,0.0,0.6409,0.0,0,0.6887726406911436,-10.277648965122474,13.353096658989562
1780006248.130199,0.0,0.6409,0.0,0,0.6742954434263662,-10.311963966253956,13.390340565112536
1780006248.130199,0.0,0.6409,0.0,0,0.6742954434263662,-10.311963966253956,13.390340565112536
1780006248.1828794,0.0,0.6409,0.0,0,0.6742954434263662,-10.311963966253956,13.390340565112536
1780006248.1828794,0.0,0.6409,0.0,0,0.6742954434263662,-10.311963966253956,13.390340565112536
1780006248.2308302,0.0,0.5608,-1.0263745448881127,0,0.6550686375699812,-10.350191658767502,13.433131061000635
1780006248.2308302,0.0,0.5608,0.0,0,0.6550686375699812,-10.350191658767502,13.433131061000635
1780006248.2308302,0.0,0.5608,0.0,0,0.6550686375699812,-10.350191658767502,13.433131061000635
1780006248.2308302,0.0,0.5608,0.0,0,0.6550686375699812,-10.350191658767502,13.433131061000635
1780006248.280455,0.0,0.5608,0.0,0,0.6550686375699812,-10.350191658767502,13.433131061000635
1780006248.280455,0.0,0.5608,0.0,0,0.6550686375699812,-10.350191658767502,13.433131061000635
1780006248.330224,0.0,0.5608,-1.1705815957842616,0,0.6219341788770014,-10.411168482676915,13.502528938539912
1780006248.330224,0.0,0.5608,0.0,0,0.6219341788770014,-10.411168482676915,13.502528938539912
1780006248.330224,0.0,0.5608,0.0,0,0.6219341788770014,-10.411168482676915,13.502528938539912
1780006248.330224,0.0,0.5608,0.0,0,0.6219341788770014,-10.411168482676915,13.502528938539912
1780006248.3847616,0.0,0.5608,0.0,0,0.6219341788770014,-10.411168482676915,13.502528938539912
1780006248.3847616,0.0,0.5608,0.0,0,0.6219341788770014,-10.411168482676915,13.502528938539912
1780006248.4306574,0.0,0.4807,0.16351734265794537,0,0.5986601135425613,-10.453852115196232,13.551145546836212
1780006248.4306574,0.0,0.4807,0.0,0,0.5986601135425613,-10.453852115196232,13.551145546836212
1780006248.4306574,0.0,0.4807,0.0,0,0.5986601135425613,-10.453852115196232,13.551145546836212
1780006248.4306574,0.0,0.4807,0.0,0,0.5986601135425613,-10.453852115196232,13.551145546836212
1780006248.479401,0.0,0.4807,0.0,0,0.5986601135425613,-10.453852115196232,13.551145546836212
1780006248.479401,0.0,0.4807,0.0,0,0.5986601135425613,-10.453852115196232,13.551145546836212
1780006248.5324333,0.0,0.4807,0.22291895891879254,0,0.5889034438523837,-10.473277324790354,13.572883333550108
1780006248.5324333,0.0,0.4807,0.0,0,0.5889034438523837,-10.473277324790354,13.572883333550108
1780006248.5324333,0.0,0.4807,0.0,0,0.5889034438523837,-10.473277324790354,13.572883333550108
1780006248.5324333,0.0,0.4807,0.0,0,0.5889034438523837,-10.473277324790354,13.572883333550108
1780006248.5794356,0.0,0.4807,0.46638534436582363,0,0.5708117416790772,-10.509297310891213,13.613191509969212
1780006248.5794356,0.0,0.4807,0.0,0,0.5708117416790772,-10.509297310891213,13.613191509969212
1780006248.6303675,0.0,0.4807,0.46564870868366826,0,0.5606833175597368,-10.531460458693335,13.637559318562516
1780006248.6303675,0.0,0.4807,0.0,0,0.5606833175597368,-10.531460458693335,13.637559318562516
1780006248.6303675,0.0,0.4807,0.0,0,0.5606833175597368,-10.531460458693335,13.637559318562516
1780006248.6303675,0.0,0.4807,0.0,0,0.5606833175597368,-10.531460458693335,13.637559318562516
1780006248.6803262,0.0,0.4807,0.0,0,0.5606833175597368,-10.531460458693335,13.637559318562516
1780006248.6803262,0.0,0.4807,0.0,0,0.5606833175597368,-10.531460458693335,13.637559318562516
1780006248.7304068,0.0,0.4006,1.491468294137521,0,0.5397492290897274,-10.583601832317157,13.693746140001794
1780006248.7304068,0.0,0.4006,0.0,0,0.5397492290897274,-10.583601832317157,13.693746140001794
1780006248.7304068,0.0,0.4006,0.0,0,0.5397492290897274,-10.583601832317157,13.693746140001794
1780006248.7304068,0.0,0.4006,0.0,0,0.5397492290897274,-10.583601832317157,13.693746140001794
1780006248.7816634,0.0,0.4006,0.0,0,0.5397492290897274,-10.583601832317157,13.693746140001794
1780006248.7816634,0.0,0.4006,0.0,0,0.5397492290897274,-10.583601832317157,13.693746140001794
1780006248.8289926,0.0,0.4807,0.025394411185399687,0,0.5395298385054028,-10.58431352401312,13.694490879754053
1780006248.8289926,0.0,0.4807,0.0,0,0.5395298385054028,-10.58431352401312,13.694490879754053
1780006248.8289926,0.0,0.4807,0.0,0,0.527331683898949,-10.623883705961545,13.735898539374398
1780006248.8289926,0.0,0.4807,0.0,0,0.527331683898949,-10.623883705961545,13.735898539374398
1780006248.8789806,0.0,0.4807,0.0,0,0.527331683898949,-10.623883705961545,13.735898539374398
1780006248.8789806,0.0,0.4807,0.0,0,0.527331683898949,-10.623883705961545,13.735898539374398
1780006248.9296358,0.0,0.4006,0.6650068965915126,0,0.5228231994583221,-10.643071274381674,13.755608669100722
1780006248.9296358,0.0,0.4006,0.0,0,0.5228231994583221,-10.643071274381674,13.755608669100722
1780006248.9296358,0.0,0.4006,0.0,0,0.5228231994583221,-10.643071274381674,13.755608669100722
1780006248.9296358,0.0,0.4006,0.0,0,0.5181984645996021,-10.662753590622366,13.775827020791997
1780006248.9819763,0.0,0.4006,0.0,0,0.5181984645996021,-10.662753590622366,13.775827020791997
1780006248.9819763,0.0,0.4006,0.0,0,0.5181984645996021,-10.662753590622366,13.775827020791997
1780006249.0302436,0.0,0.4807,1.1233607215811736,0,0.5115332180029357,-10.702685899080656,13.81631176817916
1780006249.0302436,0.0,0.4807,0.0,0,0.5115332180029357,-10.702685899080656,13.81631176817916
1780006249.0302436,0.0,0.4807,0.0,0,0.5115332180029357,-10.702685899080656,13.81631176817916
1780006249.0302436,0.0,0.4807,0.0,0,0.5115332180029357,-10.702685899080656,13.81631176817916
1780006249.0802538,0.0,0.4807,0.0,0,0.5115332180029357,-10.702685899080656,13.81631176817916
1780006249.0802538,0.0,0.4807,0.0,0,0.5101598901754125,-10.710913674246612,13.824653369554397
1780006249.1303215,0.0,0.4807,0.6848113485910776,0,0.5035357283525106,-10.761150620339109,13.875325159265799
1780006249.1303215,0.0,0.4807,0.0,0,0.5035357283525106,-10.761150620339109,13.875325159265799
1780006249.1303215,0.0,0.4807,0.0,0,0.5035357283525106,-10.761150620339109,13.875325159265799
1780006249.1303215,0.0,0.5608,0.0,0,0.5035357283525106,-10.761150620339109,13.875325159265799
1780006249.1792002,0.0,0.5608,0.0,0,0.5035357283525106,-10.761150620339109,13.875325159265799
1780006249.1792002,0.0,0.5608,0.0,0,0.5027165731300549,-10.767838676765171,13.882063194145248
1780006249.2296627,0.0,0.5608,0.0,0,0.5027165731300549,-10.767838676765171,13.882063194145248
1780006249.2296627,0.0,0.5608,0.0,0,0.5027165731300549,-10.767838676765171,13.882063194145248
1780006249.2296627,0.0,0.5608,0.0,0,0.49718533758243644,-10.812998878927383,13.927560869096997
1780006249.2296627,0.0,0.5608,0.0,0,0.49718533758243644,-10.812998878927383,13.927560869096997
1780006249.281621,0.0,0.5608,0.0,0,0.49718533758243644,-10.812998878927383,13.927560869096997
1780006249.281621,0.0,0.5608,0.0,0,0.49718533758243644,-10.812998878927383,13.927560869096997
1780006249.331811,0.0,0.5608,0.00017172715648529677,0,0.4934475993941285,-10.84351991810252,13.958309926303595
1780006249.331811,0.0,0.5608,0.0,0,0.4934475993941285,-10.84351991810252,13.958309926303595
1780006249.331811,0.0,0.5608,0.0,0,0.4934475993941285,-10.84351991810252,13.958309926303595
1780006249.331811,0.0,0.5608,0.0,0,0.4934475993941285,-10.84351991810252,13.958309926303595
1780006249.3835666,0.0,0.5608,0.0,0,0.4934475993941285,-10.84351991810252,13.958309926303595
1780006249.3835666,0.0,0.5608,0.0,0,0.4903519728495844,-10.868797702226935,13.983776556900198
1780006249.4372876,0.0,0.5608,0.0,0,0.4903519728495844,-10.868797702226935,13.983776556900198
1780006249.4372876,0.0,0.5608,0.0,0,0.4838921005547301,-10.917452920734924,14.03285873531687
1780006249.4372876,0.0,0.5608,0.0,0,0.4838921005547301,-10.917452920734924,14.03285873531687
1780006249.4372876,0.0,0.5608,0.0,0,0.4838921005547301,-10.917452920734924,14.03285873531687
1780006249.4803784,0.0,0.5608,0.0,0,0.4838921005547301,-10.917452920734924,14.03285873531687
1780006249.4803784,0.0,0.5608,0.0,0,0.4838921005547301,-10.917452920734924,14.03285873531687
1780006249.5353026,0.0,0.5608,-0.12923376659483235,0,0.47479332002000874,-10.983391764221686,14.099422380706757
1780006249.5353026,0.0,0.5608,0.0,0,0.47479332002000874,-10.983391764221686,14.099422380706757
1780006249.5353026,0.0,0.5608,0.0,0,0.47479332002000874,-10.983391764221686,14.099422380706757
1780006249.5353026,0.0,0.5608,0.0,0,0.47479332002000874,-10.983391764221686,14.099422380706757
1780006249.580089,0.0,0.4807,-0.04440208490263323,0,0.4635106740172553,-10.951991956343683,14.132787722539248
1780006249.580089,0.0,0.5608,0.0,0,0.4635106740172553,-10.951991956343683,14.132787722539248
1780006249.6300938,0.0,0.5608,0.0,0,0.4635106740172553,-10.951991956343683,14.132787722539248
1780006249.6300938,0.0,0.5608,0.0,0,0.45815898130137145,-10.98787526743314,14.169067918647704
1780006249.6300938,0.0,0.5608,0.0,0,0.45815898130137145,-10.98787526743314,14.169067918647704
1780006249.6300938,0.0,0.5608,0.0,0,0.45815898130137145,-10.98787526743314,14.169067918647704
1780006249.6798215,0.0,0.5608,-0.018131151473253507,0,0.4531248031971026,-11.021284086438467,14.202853894088946
1780006249.6798215,0.0,0.5608,0.0,0,0.4531248031971026,-11.021284086438467,14.202853894088946
1780006249.729793,0.0,0.5608,0.0,0,0.4531248031971026,-11.021284086438467,14.202853894088946
1780006249.729793,0.0,0.5608,0.0,0,0.4531248031971026,-11.021284086438467,14.202853894088946
1780006249.729793,0.0,0.5608,0.0,0,0.4531248031971026,-11.021284086438467,14.202853894088946
1780006249.729793,0.0,0.5608,0.0,0,0.4531248031971026,-11.021284086438467,14.202853894088946
1780006249.7794166,0.0,0.5608,-0.012232727024004356,0,0.44973545965587236,-11.043777125534525,14.225600859983704
1780006249.7794166,0.0,0.5608,0.0,0,0.44973545965587236,-11.043777125534525,14.225600859983704
1780006249.8300464,0.0,0.4807,0.3924708978806098,0,0.4440008910115786,-11.088628852500825,14.270817700755652
1780006249.8300464,0.0,0.4807,0.0,0,0.4440008910115786,-11.088628852500825,14.270817700755652
1780006249.8300464,0.0,0.4807,0.0,0,0.4440008910115786,-11.088628852500825,14.270817700755652
1780006249.8300464,0.0,0.4807,0.0,0,0.4440008910115786,-11.088628852500825,14.270817700755652
1780006249.8797758,0.0,0.4807,0.0,0,0.4440008910115786,-11.088628852500825,14.270817700755652
1780006249.8797758,0.0,0.4807,0.0,0,0.4440008910115786,-11.088628852500825,14.270817700755652
1780006249.9306107,0.0,0.5608,0.3871323023942157,0,0.43758219207549376,-11.145843811586413,14.328391577116356
1780006249.9306107,0.0,0.5608,0.0,0,0.43758219207549376,-11.145843811586413,14.328391577116356
1780006249.9306107,0.0,0.5608,0.0,0,0.43758219207549376,-11.145843811586413,14.328391577116356
1780006249.9306107,0.0,0.5608,0.0,0,0.43758219207549376,-11.145843811586413,14.328391577116356
1780006249.979856,0.0,0.5608,0.0,0,0.43758219207549376,-11.145843811586413,14.328391577116356
1780006249.979856,0.0,0.5608,0.0,0,0.43758219207549376,-11.145843811586413,14.328391577116356
1780006250.02904,0.0,0.5608,0.09700478580334539,0,0.43594980393133553,-11.16308470872654,14.345709580039605
1780006250.02904,0.0,0.5608,0.0,0,0.43594980393133553,-11.16308470872654,14.345709580039605
1780006250.02904,0.0,0.5608,0.0,0,0.432241838836129,-11.202247358268197,14.385047375151558
1780006250.02904,0.0,0.5608,0.0,0,0.432241838836129,-11.202247358268197,14.385047375151558
1780006250.0786326,0.0,0.5608,0.0,0,0.432241838836129,-11.202247358268197,14.385047375151558
1780006250.0786326,0.0,0.5608,0.0,0,0.432241838836129,-11.202247358268197,14.385047375151558
1780006250.1314805,0.0,0.4006,0.27905519713694216,0,0.43037012688303633,-11.228289295962497,14.41115648897239
1780006250.1314805,0.0,0.4006,0.0,0,0.43037012688303633,-11.228289295962497,14.41115648897239
1780006250.1314805,0.0,0.4006,0.0,0,0.43037012688303633,-11.228289295962497,14.41115648897239
1780006250.1314805,0.0,0.4006,0.0,0,0.43037012688303633,-11.228289295962497,14.41115648897239
1780006250.179335,0.0,0.4006,0.1651388424870754,0,0.4293671406705226,-11.24224427680844,14.42514746719956
1780006250.179335,0.0,0.4006,0.0,0,0.4293671406705226,-11.24224427680844,14.42514746719956
1780006250.2294216,0.0,0.4006,1.6433036681277895,0,0.42978836251632047,-11.282139871510138,14.46504528549136
1780006250.2294216,0.0,0.4006,0.0,0,0.42978836251632047,-11.282139871510138,14.46504528549136
1780006250.2294216,0.0,0.4006,0.0,0,0.42978836251632047,-11.282139871510138,14.46504528549136
1780006250.2294216,0.0,0.4006,0.0,0,0.42978836251632047,-11.282139871510138,14.46504528549136
1780006250.2790341,0.0,0.4006,0.0,0,0.42978836251632047,-11.282139871510138,14.46504528549136
1780006250.2790341,0.0,0.4006,0.0,0,0.42978836251632047,-11.282139871510138,14.46504528549136
1780006250.3294332,0.0,0.4807,1.566642066953745,0,0.4340232293834535,-11.329322458071069,14.51241754078876
1780006250.3294332,0.0,0.4807,0.0,0,0.4340232293834535,-11.329322458071069,14.51241754078876
1780006250.3294332,0.0,0.4807,0.0,0,0.4340232293834535,-11.329322458071069,14.51241754078876
1780006250.3294332,0.0,0.4807,0.0,0,0.4340232293834535,-11.329322458071069,14.51241754078876
1780006250.379124,0.0,0.4807,0.0,0,0.4340232293834535,-11.329322458071069,14.51241754078876
1780006250.379124,0.0,0.4807,0.0,0,0.4340232293834535,-11.329322458071069,14.51241754078876
1780006250.4295433,0.0,0.4006,0.5558818775602198,0,0.43637572987050166,-11.343052089350815,14.526347258431963
1780006250.4295433,0.0,0.4006,0.0,0,0.43637572987050166,-11.343052089350815,14.526347258431963
1780006250.4295433,0.0,0.4006,0.0,0,0.43637572987050166,-11.343052089350815,14.526347258431963
1780006250.4295433,0.0,0.4006,0.0,0,0.43637572987050166,-11.343052089350815,14.526347258431963
1780006250.4798608,0.0,0.4006,1.0365108694837593,0,0.44075340238952754,-11.36860100204206,14.55226850370276
1780006250.4798608,0.0,0.4006,0.0,0,0.44075340238952754,-11.36860100204206,14.55226850370276
1780006250.5288942,0.0,0.4006,1.001171322328401,0,0.4478229221694451,-11.39684842011718,14.5813871358449
1780006250.5288942,0.0,0.4006,0.0,0,0.4478229221694451,-11.39684842011718,14.5813871358449
1780006250.5288942,0.0,0.4006,0.0,0,0.4478229221694451,-11.39684842011718,14.5813871358449
1780006250.5288942,0.0,0.4006,0.0,0,0.4478229221694451,-11.39684842011718,14.5813871358449
1780006250.5797005,0.0,0.4006,0.0,0,0.4478229221694451,-11.39684842011718,14.5813871358449
1780006250.5797005,0.0,0.4006,0.0,0,0.45163143269013406,-11.412065944400371,14.59707400289016
1780006250.6295388,0.0,0.4807,1.4105357917969337,0,0.46457301347099234,-11.451710673970574,14.63877758901656
1780006250.6295388,0.0,0.4807,0.0,0,0.46457301347099234,-11.451710673970574,14.63877758901656
1780006250.6295388,0.0,0.4807,0.0,0,0.46457301347099234,-11.451710673970574,14.63877758901656
1780006250.6295388,0.0,0.4807,0.0,0,0.46457301347099234,-11.451710673970574,14.63877758901656
1780006250.6792243,0.0,0.4807,0.0,0,0.46457301347099234,-11.451710673970574,14.63877758901656
1780006250.6792243,0.0,0.4807,0.0,0,0.46457301347099234,-11.451710673970574,14.63877758901656
1780006250.729318,0.0,0.5608,0.8880794748782181,0,0.4850575176416737,-11.506129145126819,14.69692382633336
1780006250.729318,0.0,0.5608,0.0,0,0.4850575176416737,-11.506129145126819,14.69692382633336
1780006250.729318,0.0,0.5608,0.0,0,0.4850575176416737,-11.506129145126819,14.69692382633336
1780006250.729318,0.0,0.5608,0.0,0,0.4850575176416737,-11.506129145126819,14.69692382633336
1780006250.7782524,0.0,0.5608,0.0,0,0.4850575176416737,-11.506129145126819,14.69692382633336
1780006250.7782524,0.0,0.5608,0.0,0,0.4850575176416737,-11.506129145126819,14.69692382633336
1780006250.8307996,0.0,0.4807,0.23758381061463055,0,0.49243764201841034,-11.524026757393342,14.716283339774016
1780006250.8307996,0.0,0.4807,0.0,0,0.49243764201841034,-11.524026757393342,14.716283339774016
1780006250.8307996,0.0,0.4807,0.0,0,0.49243764201841034,-11.524026757393342,14.716283339774016
1780006250.8307996,0.0,0.4807,0.0,0,0.49243764201841034,-11.524026757393342,14.716283339774016
1780006250.8784702,0.0,0.4807,0.3902869530860099,0,0.503436099984215,-11.550699226060956,14.74513445175346
1780006250.8784702,0.0,0.4807,0.0,0,0.503436099984215,-11.550699226060956,14.74513445175346
1780006250.9287696,0.0,0.5608,0.3825709562940064,0,0.5204753416974514,-11.58930675597259,14.787334891609458
1780006250.9287696,0.0,0.5608,0.0,0,0.5204753416974514,-11.58930675597259,14.787334891609458
1780006250.9287696,0.0,0.5608,0.0,0,0.5204753416974514,-11.58930675597259,14.787334891609458
1780006250.9287696,0.0,0.5608,0.0,0,0.5204753416974514,-11.58930675597259,14.787334891609458
1780006250.9787123,0.0,0.5608,0.0,0,0.5204753416974514,-11.58930675597259,14.787334891609458
1780006250.9787123,0.0,0.5608,0.0,0,0.5204753416974514,-11.58930675597259,14.787334891609458
1780006251.0299149,0.0,0.4807,0.4782387462861467,0,0.5457730020758801,-11.64429781587691,14.847865778683934
1780006251.0299149,0.0,0.4807,0.0,0,0.5457730020758801,-11.64429781587691,14.847865778683934
1780006251.0299149,0.0,0.4807,0.0,0,0.5457730020758801,-11.64429781587691,14.847865778683934
1780006251.0299149,0.0,0.4807,0.0,0,0.5457730020758801,-11.64429781587691,14.847865778683934
1780006251.078979,0.0,0.4807,0.0,0,0.5457730020758801,-11.64429781587691,14.847865778683934
1780006251.078979,0.0,0.4807,0.0,0,0.5484529740897776,-11.649806658687396,14.853991919321064
1780006251.1285033,0.0,0.4807,0.0,0,0.5484529740897776,-11.649806658687396,14.853991919321064
1780006251.1285033,0.0,0.4807,0.0,0,0.5668681568295829,-11.687660168542667,14.896087134770132
1780006251.1285033,0.0,0.4807,0.0,0,0.5668681568295829,-11.687660168542667,14.896087134770132
1780006251.1285033,0.0,0.4807,0.0,0,0.5668681568295829,-11.687660168542667,14.896087134770132
1780006251.1788056,0.0,0.4807,0.0,0,0.5668681568295829,-11.687660168542667,14.896087134770132
1780006251.1788056,0.0,0.4807,0.0,0,0.5668681568295829,-11.687660168542667,14.896087134770132
1780006251.228905,0.0,0.5608,0.10729043793052165,0,0.5788204908816571,-11.71154082414528,14.922791890925225
1780006251.228905,0.0,0.5608,0.0,0,0.5788204908816571,-11.71154082414528,14.922791890925225
1780006251.228905,0.0,0.5608,0.0,0,0.5919329175984199,-11.737739334425633,14.952088608750133
1780006251.228905,0.0,0.5608,0.0,0,0.5919329175984199,-11.737739334425633,14.952088608750133
1780006251.42913,0.0,0.5608,0.0,0,0.5919329175984199,-11.737739334425633,14.952088608750133
1780006251.42913,0.0,0.5608,0.0,0,0.6134575654539572,-11.779037614636012,14.998659612750904
1780006251.42913,0.0,0.4807,0.0,0,0.6134575654539572,-11.779037614636012,14.998659612750904
1780006251.42913,0.0,0.5608,0.0,0,0.6134575654539572,-11.779037614636012,14.998659612750904
1780006251.4788816,0.0,0.5608,0.0,0,0.6134575654539572,-11.779037614636012,14.998659612750904
1780006251.4788816,0.0,0.5608,0.0,0,0.6134575654539572,-11.779037614636012,14.998659612750904
1780006251.5304413,0.0,0.5608,0.0,0,0.6134575654539572,-11.779037614636012,14.998659612750904
1780006251.5304413,0.0,0.5608,0.0,0,0.6134575654539572,-11.779037614636012,14.998659612750904
1780006251.5304413,0.0,0.5608,0.0,0,0.6405491359072745,-11.829697738622471,15.056108732430413
1780006251.5304413,0.0,0.5608,0.0,0,0.6405491359072745,-11.829697738622471,15.056108732430413
1780006251.5788643,0.0,0.5608,1.0635065088785305,0,0.6970093481768409,-11.888593040989967,15.137695570894
1780006251.5788643,0.0,0.5608,0.0,0,0.6970093481768409,-11.888593040989967,15.137695570894
1780006251.6302226,0.0,0.4807,0.1590022000455997,0,0.710826302337435,-11.910628693874749,15.163704765813
1780006251.6302226,0.0,0.4807,0.0,0,0.710826302337435,-11.910628693874749,15.163704765813
1780006251.6302226,0.0,0.4807,0.0,0,0.710826302337435,-11.910628693874749,15.163704765813
1780006251.6302226,0.0,0.4807,0.0,0,0.7224888543943326,-11.929228447908054,15.1856584892006
1780006251.6791682,0.0,0.4807,0.0,0,0.7224888543943326,-11.929228447908054,15.1856584892006
1780006251.6791682,0.0,0.5608,0.0,0,0.749854618191951,-11.971320075136052,15.235863968094122
1780006251.7292738,0.0,0.5608,0.0,0,0.749854618191951,-11.971320075136052,15.235863968094122
1780006251.7292738,0.0,0.5608,0.0,0,0.749854618191951,-11.971320075136052,15.235863968094122
1780006251.7292738,0.0,0.5608,0.0,0,0.749854618191951,-11.971320075136052,15.235863968094122
1780006251.7292738,0.0,0.5608,0.0,0,0.749854618191951,-11.971320075136052,15.235863968094122
1780006251.7789574,0.0,0.5608,0.0,0,0.749854618191951,-11.971320075136052,15.235863968094122
1780006251.7789574,0.0,0.5608,0.0,0,0.749854618191951,-11.971320075136052,15.235863968094122
1780006251.82932,0.0,0.4807,0.28868773600610603,0,0.7821657140542448,-12.019829188814528,15.294148966384364
1780006251.82932,0.0,0.4807,0.0,0,0.7821657140542448,-12.019829188814528,15.294148966384364
1780006251.82932,0.0,0.4807,0.0,0,0.7821657140542448,-12.019829188814528,15.294148966384364
1780006251.82932,0.0,0.4807,0.0,0,0.7821657140542448,-12.019829188814528,15.294148966384364
1780006251.8801327,0.0,0.4807,0.0,0,0.7821657140542448,-12.019829188814528,15.294148966384364
1780006251.8801327,0.0,0.5608,0.0,0,0.7872019378783615,-12.027201154576694,15.303076980139123
1780006251.9290009,0.0,0.5608,0.0,0,0.7872019378783615,-12.027201154576694,15.303076980139123
1780006251.9290009,0.0,0.5608,0.0,0,0.7872019378783615,-12.027201154576694,15.303076980139123
1780006251.9290009,0.0,0.5608,0.0,0,0.8113292404862693,-12.062518419053152,15.345848885652364
1780006251.9290009,0.0,0.5608,0.0,0,0.8113292404862693,-12.062518419053152,15.345848885652364
1780006251.9796293,0.0,0.5608,0.0,0,0.8113292404862693,-12.062518419053152,15.345848885652364
1780006251.9796293,0.0,0.5608,0.0,0,0.8113292404862693,-12.062518419053152,15.345848885652364
1780006252.0299234,0.0,0.5608,0.09574620134778124,0,0.83016919430916,-12.089607846581933,15.378845566453403
1780006252.0299234,0.0,0.5608,0.0,0,0.83016919430916,-12.089607846581933,15.378845566453403
1780006252.0299234,0.0,0.5608,0.0,0,0.83016919430916,-12.089607846581933,15.378845566453403
1780006252.0299234,0.0,0.5608,0.0,0,0.83016919430916,-12.089607846581933,15.378845566453403
1780006252.0832038,0.0,0.5608,0.06628957386296429,0,0.843987444131826,-12.109476710415924,15.403047132068366
1780006252.0832038,0.0,0.4807,0.0,0,0.8697371520130419,-12.14527923703523,15.447147793835441
1780006252.1296597,0.0,0.4807,0.0,0,0.8697371520130419,-12.14527923703523,15.447147793835441
1780006252.1296597,0.0,0.4807,0.0,0,0.8697371520130419,-12.14527923703523,15.447147793835441
1780006252.1296597,0.0,0.4807,0.0,0,0.8697371520130419,-12.14527923703523,15.447147793835441
1780006252.1296597,0.0,0.4807,0.0,0,0.8697371520130419,-12.14527923703523,15.447147793835441
1780006252.179776,0.0,0.4807,0.0,0,0.8697371520130419,-12.14527923703523,15.447147793835441
1780006252.179776,0.0,0.4807,0.0,0,0.8697371520130419,-12.14527923703523,15.447147793835441
1780006252.2304559,0.0,0.4807,0.4080990365109439,0,0.9025778348616749,-12.18925892528314,15.502036075174429
1780006252.2304559,0.0,0.4807,0.0,0,0.9025778348616749,-12.18925892528314,15.502036075174429
1780006252.2304559,0.0,0.4807,0.0,0,0.9025778348616749,-12.18925892528314,15.502036075174429
1780006252.2304559,0.0,0.4807,0.0,0,0.9025778348616749,-12.18925892528314,15.502036075174429
1780006252.2797306,0.0,0.4807,0.0,0,0.9025778348616749,-12.18925892528314,15.502036075174429
1780006252.2797306,0.0,0.4807,0.0,0,0.9025778348616749,-12.18925892528314,15.502036075174429
1780006252.3289766,0.0,0.5608,0.07672633866016608,0,0.9096614038719664,-12.198382988410676,15.513587069844968
1780006252.3289766,0.0,0.5608,0.0,0,0.9096614038719664,-12.198382988410676,15.513587069844968
1780006252.3289766,0.0,0.5608,0.0,0,0.9096614038719664,-12.198382988410676,15.513587069844968
1780006252.3289766,0.0,0.5608,0.0,0,0.9096614038719664,-12.198382988410676,15.513587069844968
1780006252.3790948,0.0,0.5608,0.27011786794606313,0,0.935041011242578,-12.231073449880764,15.554972945955226
1780006252.3790948,0.0,0.5608,0.0,0,0.935041011242578,-12.231073449880764,15.554972945955226
1780006252.4298224,0.0,0.5608,0.1611864900094354,0,0.9566279999471061,-12.258074613303824,15.589542598940588
1780006252.4298224,0.0,0.5608,0.0,0,0.9566279999471061,-12.258074613303824,15.589542598940588
1780006252.4298224,0.0,0.5608,0.0,0,0.9566279999471061,-12.258074613303824,15.589542598940588
1780006252.4298224,0.0,0.5608,0.0,0,0.9566279999471061,-12.258074613303824,15.589542598940588
1780006252.4806278,0.0,0.5608,0.11985862503756586,0,0.9727047267204276,-12.278183500784884,15.615288054840027
1780006252.4806278,0.0,0.5608,0.0,0,0.9727047267204276,-12.278183500784884,15.615288054840027
1780006252.5298333,0.0,0.4807,0.29637916492819394,0,0.9999578032642855,-12.311231807320068,15.658124029743709
1780006252.5298333,0.0,0.4807,0.0,0,0.9999578032642855,-12.311231807320068,15.658124029743709
1780006252.5298333,0.0,0.4807,0.0,0,0.9999578032642855,-12.311231807320068,15.658124029743709
1780006252.5298333,0.0,0.4807,0.0,0,0.9999578032642855,-12.311231807320068,15.658124029743709
1780006252.5800934,0.0,0.4807,0.0,0,0.9999578032642855,-12.311231807320068,15.658124029743709
1780006252.5800934,0.0,0.4807,0.0,0,0.9999578032642855,-12.311231807320068,15.658124029743709
1780006252.6301806,0.0,0.5608,0.31630002179096073,0,1.0366087242677127,-12.354359293892921,15.714721468806719
1780006252.6301806,0.0,0.5608,0.0,0,1.0366087242677127,-12.354359293892921,15.714721468806719
1780006252.6301806,0.0,0.5608,0.0,0,1.0366087242677127,-12.354359293892921,15.714721468806719
1780006252.6301806,0.0,0.5608,0.0,0,1.0366087242677127,-12.354359293892921,15.714721468806719
1780006252.6823978,0.0,0.5608,0.0,0,1.0366087242677127,-12.354359293892921,15.714721468806719
1780006252.6823978,0.0,0.5608,0.0,0,1.0366087242677127,-12.354359293892921,15.714721468806719
1780006252.7291365,0.0,0.5608,0.08914257849383316,0,1.0491942888667398,-12.368737539774775,15.733829854162769
1780006252.7291365,0.0,0.5608,0.0,0,1.0491942888667398,-12.368737539774775,15.733829854162769
1780006252.7291365,0.0,0.5608,0.0,0,1.0793793519661898,-12.403222147579877,15.779659170214718
1780006252.7291365,0.0,0.5608,0.0,0,1.0793793519661898,-12.403222147579877,15.779659170214718
1780006252.7798734,0.0,0.5608,0.0,0,1.0793793519661898,-12.403222147579877,15.779659170214718
1780006252.7798734,0.0,0.5608,0.0,0,1.0793793519661898,-12.403222147579877,15.779659170214718
1780006252.8322186,0.0,0.6409,-0.4837169891200685,0,1.1007350250356946,-12.429696034112595,15.81367286510955
1780006252.8322186,0.0,0.6409,0.0,0,1.1007350250356946,-12.429696034112595,15.81367286510955
1780006252.8322186,0.0,0.6409,0.0,0,1.1007350250356946,-12.429696034112595,15.81367286510955
1780006252.8322186,0.0,0.6409,0.0,0,1.1007350250356946,-12.429696034112595,15.81367286510955
1780006252.8810592,0.0,0.6409,-0.3050015147365693,0,1.1132989903766286,-12.44527114578219,15.833683795338017
1780006252.8810592,0.0,0.6409,0.0,0,1.1132989903766286,-12.44527114578219,15.833683795338017
1780006252.9348958,0.0,0.6409,-1.4305546843913934,0,1.150548531680267,-12.499511426983634,15.899483008343518
1780006252.9348958,0.0,0.6409,0.0,0,1.150548531680267,-12.499511426983634,15.899483008343518
1780006252.9348958,0.0,0.6409,0.0,0,1.150548531680267,-12.499511426983634,15.899483008343518
1780006252.9348958,0.0,0.6409,0.0,0,1.150548531680267,-12.499511426983634,15.899483008343518
1780006252.979168,0.0,0.6409,0.0,0,1.150548531680267,-12.499511426983634,15.899483008343518
1780006252.979168,0.0,0.6409,0.0,0,1.150548531680267,-12.499511426983634,15.899483008343518
1780006253.0305998,0.0,0.6409,-1.545730905168485,0,1.1837557270561523,-12.557203766741875,15.966049695894519
1780006253.0305998,0.0,0.6409,0.0,0,1.1837557270561523,-12.557203766741875,15.966049695894519
1780006253.0305998,0.0,0.6409,0.0,0,1.1837557270561523,-12.557203766741875,15.966049695894519
1780006253.0305998,0.0,0.6409,0.0,0,1.1837557270561523,-12.557203766741875,15.966049695894519
1780006253.0790207,0.0,0.6409,0.0,0,1.1837557270561523,-12.557203766741875,15.966049695894519
1780006253.0790207,0.0,0.6409,0.0,0,1.1837557270561523,-12.557203766741875,15.966049695894519
1780006253.1308386,0.0,0.5608,-0.5093946276627643,0,1.1915534944978474,-12.573605258948419,15.984210481221043
1780006253.1308386,0.0,0.5608,0.0,0,1.1915534944978474,-12.573605258948419,15.984210481221043
1780006253.1308386,0.0,0.5608,0.0,0,1.1915534944978474,-12.573605258948419,15.984210481221043
1780006253.1308386,0.0,0.5608,0.0,0,1.1915534944978474,-12.573605258948419,15.984210481221043
1780006253.1792421,0.0,0.5608,-1.0760212035448333,0,1.2069397793828571,-12.605968115819453,16.02004471439852
1780006253.1792421,0.0,0.5608,0.0,0,1.2069397793828571,-12.605968115819453,16.02004471439852
1780006253.2313945,0.0,0.5608,-3.1836751912339922,0,1.157147858880839,-12.637984838027089,16.079241892103205
1780006253.2313945,0.0,0.5608,0.0,0,1.157147858880839,-12.637984838027089,16.079241892103205
1780006253.2313945,0.0,0.5608,0.0,0,1.157147858880839,-12.637984838027089,16.079241892103205
1780006253.2313945,0.0,0.5608,0.0,0,1.157147858880839,-12.637984838027089,16.079241892103205
1780006253.2786126,0.0,0.5608,0.0,0,1.157147858880839,-12.637984838027089,16.079241892103205
1780006253.2786126,0.0,0.5608,0.0,0,1.157147858880839,-12.637984838027089,16.079241892103205
1780006253.3287764,0.0,0.5608,-0.6221008006964032,0,1.1758486532671866,-12.71165927100245,16.15525269255236
1780006253.3287764,0.0,0.5608,0.0,0,1.1758486532671866,-12.71165927100245,16.15525269255236
1780006253.3287764,0.0,0.5608,0.0,0,1.1758486532671866,-12.71165927100245,16.15525269255236
1780006253.3287764,0.0,0.5608,0.0,0,1.1758486532671866,-12.71165927100245,16.15525269255236
1780006253.382758,0.0,0.5608,0.0,0,1.1758486532671866,-12.71165927100245,16.15525269255236
1780006253.382758,0.0,0.5608,0.0,0,1.1758486532671866,-12.71165927100245,16.15525269255236
1780006253.4312115,0.0,0.5608,-0.28665497799739426,0,1.1876564616040097,-12.761131943459745,16.20611495417909
1780006253.4312115,0.0,0.5608,0.0,0,1.1876564616040097,-12.761131943459745,16.20611495417909
1780006253.4312115,0.0,0.5608,0.0,0,1.1876564616040097,-12.761131943459745,16.20611495417909
1780006253.4312115,0.0,0.5608,0.0,0,1.1876564616040097,-12.761131943459745,16.20611495417909
1780006253.4800434,0.0,0.5608,0.0,0,1.1876564616040097,-12.761131943459745,16.20611495417909
1780006253.4800434,0.0,0.5608,0.0,0,1.1876564616040097,-12.761131943459745,16.20611495417909
1780006253.5365455,0.0,0.6409,-0.49560681185521605,0,1.1924816880140863,-12.789408338166483,16.234800095062823
1780006253.5365455,0.0,0.6409,0.0,0,1.1924816880140863,-12.789408338166483,16.234800095062823
1780006253.5365455,0.0,0.6409,0.0,0,1.1924816880140863,-12.789408338166483,16.234800095062823
1780006253.5365455,0.0,0.6409,0.0,0,1.198624086071213,-12.82540351376001,16.271315594784188
1780006253.5859625,0.0,0.6409,0.0,0,1.198624086071213,-12.82540351376001,16.271315594784188
1780006253.5859625,0.0,0.5608,0.0,0,1.2022035396063084,-12.867661080698243,16.313724490680556
1780006253.6312327,0.0,0.5608,0.0,0,1.2022035396063084,-12.867661080698243,16.313724490680556
1780006253.6312327,0.0,0.5608,0.0,0,1.2022035396063084,-12.867661080698243,16.313724490680556
1780006253.6312327,0.0,0.5608,0.0,0,1.2022035396063084,-12.867661080698243,16.313724490680556
1780006253.6312327,0.0,0.5608,0.0,0,1.2022035396063084,-12.867661080698243,16.313724490680556
1780006253.6788878,0.0,0.5608,0.0,0,1.2022035396063084,-12.867661080698243,16.313724490680556
1780006253.6788878,0.0,0.5608,0.0,0,1.2022035396063084,-12.867661080698243,16.313724490680556
1780006253.72907,0.0,0.6409,-2.2514884053485757,0,1.202671324159431,-12.944666849678313,16.390731680465667
1780006253.72907,0.0,0.6409,0.0,0,1.202671324159431,-12.944666849678313,16.390731680465667
1780006253.72907,0.0,0.6409,0.0,0,1.202671324159431,-12.944666849678313,16.390731680465667
1780006253.72907,0.0,0.6409,0.0,0,1.202671324159431,-12.944666849678313,16.390731680465667
1780006253.7795353,0.0,0.6409,0.0,0,1.202671324159431,-12.944666849678313,16.390731680465667
1780006253.7795353,0.0,0.6409,0.0,0,1.202671324159431,-12.944666849678313,16.390731680465667
1780006253.829491,0.0,0.6409,0.0,0,1.202671324159431,-12.944666849678313,16.390731680465667
1780006253.829491,0.0,0.5608,0.0,0,1.1970811485429702,-13.00104058161843,16.447381903027267
1780006253.829491,0.0,0.5608,0.0,0,1.1970811485429702,-13.00104058161843,16.447381903027267
1780006253.829491,0.0,0.5608,0.0,0,1.1970811485429702,-13.00104058161843,16.447381903027267
1780006253.8789337,0.0,0.5608,0.0,0,1.1970811485429702,-13.00104058161843,16.447381903027267
1780006253.8789337,0.0,0.5608,0.0,0,1.1970811485429702,-13.00104058161843,16.447381903027267
1780006253.9294431,0.0,0.6409,-0.8544470057939613,0,1.1911820446134316,-13.031703935978124,16.478607545178544
1780006253.9294431,0.0,0.6409,0.0,0,1.1911820446134316,-13.031703935978124,16.478607545178544
1780006253.9294431,0.0,0.6409,0.0,0,1.1911820446134316,-13.031703935978124,16.478607545178544
1780006253.9294431,0.0,0.6409,0.0,0,1.1911820446134316,-13.031703935978124,16.478607545178544
1780006253.9807036,0.0,0.6409,-0.9376324243739976,0,1.1846123759895069,-13.065852864264071,16.513382677800966
1780006253.9807036,0.0,0.5608,0.0,0,1.1934695863546625,-13.009106259715455,16.57081635523198
1780006254.0295327,0.0,0.5608,0.0,0,1.1934695863546625,-13.009106259715455,16.57081635523198
1780006254.0295327,0.0,0.5608,0.0,0,1.1934695863546625,-13.009106259715455,16.57081635523198
1780006254.0295327,0.0,0.5608,0.0,0,1.1934695863546625,-13.009106259715455,16.57081635523198
1780006254.0295327,0.0,0.5608,0.0,0,1.1934695863546625,-13.009106259715455,16.57081635523198
1780006254.0791013,0.0,0.5608,0.0,0,1.1934695863546625,-13.009106259715455,16.57081635523198
1780006254.0791013,0.0,0.5608,0.0,0,1.1934695863546625,-13.009106259715455,16.57081635523198
1780006254.1292362,0.0,0.5608,-1.9531573338637602,0,1.1688561175310759,-13.069347919133984,16.635892313749913
1780006254.1292362,0.0,0.5608,0.0,0,1.1688561175310759,-13.069347919133984,16.635892313749913
1780006254.1292362,0.0,0.5608,0.0,0,1.1688561175310759,-13.069347919133984,16.635892313749913
1780006254.1292362,0.0,0.5608,0.0,0,1.1688561175310759,-13.069347919133984,16.635892313749913
1780006254.1787856,0.0,0.5608,0.0,0,1.1688561175310759,-13.069347919133984,16.635892313749913
1780006254.1787856,0.0,0.5608,0.0,0,1.163356166148947,-13.080415156791483,16.64825084175989
1780006254.228961,0.0,0.6409,0.0,0,1.163356166148947,-13.080415156791483,16.64825084175989
1780006254.228961,0.0,0.6409,0.0,0,1.163356166148947,-13.080415156791483,16.64825084175989
1780006254.228961,0.0,0.6409,0.0,0,1.163356166148947,-13.080415156791483,16.64825084175989
1780006254.228961,0.0,0.6409,0.0,0,1.1401623919838175,-13.127086662233138,16.700367831122414
1780006254.2790897,0.0,0.6409,0.0,0,1.1401623919838175,-13.127086662233138,16.700367831122414
1780006254.2790897,0.0,0.6409,0.0,0,1.1401623919838175,-13.127086662233138,16.700367831122414
1780006254.3292713,0.0,0.5608,-0.7118821230369473,0,1.125027462253643,-13.153027872785508,16.7304013541069
1780006254.3292713,0.0,0.5608,0.0,0,1.125027462253643,-13.153027872785508,16.7304013541069
1780006254.3292713,0.0,0.5608,0.0,0,1.125027462253643,-13.153027872785508,16.7304013541069
1780006254.3292713,0.0,0.5608,0.0,0,1.125027462253643,-13.153027872785508,16.7304013541069
1780006254.3793938,0.0,0.5608,-0.6227462763081782,0,1.1118032003779115,-13.175694206084305,16.75664337703521
1780006254.3793938,0.0,0.5608,0.0,0,1.1118032003779115,-13.175694206084305,16.75664337703521
1780006254.4288912,0.0,0.5608,-1.0124114818020191,0,1.0844875621053416,-13.216898270060215,16.80607938600002
1780006254.4288912,0.0,0.5608,0.0,0,1.0844875621053416,-13.216898270060215,16.80607938600002
1780006254.4288912,0.0,0.5608,0.0,0,1.0844875621053416,-13.216898270060215,16.80607938600002
1780006254.4288912,0.0,0.5608,0.0,0,1.0844875621053416,-13.216898270060215,16.80607938600002
1780006254.478928,0.0,0.5608,0.0,0,1.0844875621053416,-13.216898270060215,16.80607938600002
1780006254.478928,0.0,0.5608,0.0,0,1.0844875621053416,-13.216898270060215,16.80607938600002
1780006254.5287724,0.0,0.5608,-1.18899407134839,0,1.0427906053376634,-13.273809765319251,16.87663117191863
1780006254.5287724,0.0,0.5608,0.0,0,1.0427906053376634,-13.273809765319251,16.87663117191863
1780006254.5287724,0.0,0.5608,0.0,0,1.0427906053376634,-13.273809765319251,16.87663117191863
1780006254.5287724,0.0,0.5608,0.0,0,1.0427906053376634,-13.273809765319251,16.87663117191863
1780006254.579358,0.0,0.5608,0.0,0,1.0427906053376634,-13.273809765319251,16.87663117191863
1780006254.579358,0.0,0.5608,0.0,0,1.0427906053376634,-13.273809765319251,16.87663117191863
1780006254.6299067,0.0,0.5608,-0.034974696021788855,0,1.0396584022210544,-13.277897557908195,16.881781001489976
1780006254.6299067,0.0,0.5608,0.0,0,1.0396584022210544,-13.277897557908195,16.881781001489976
1780006254.6299067,0.0,0.5608,0.0,0,1.0139376875664605,-13.31146528734115,16.924069860798628
1780006254.6299067,0.0,0.5608,0.0,0,1.0139376875664605,-13.31146528734115,16.924069860798628
1780006254.6789804,0.0,0.5608,0.0,0,1.0139376875664605,-13.31146528734115,16.924069860798628
1780006254.6789804,0.0,0.5608,0.0,0,1.0139376875664605,-13.31146528734115,16.924069860798628
1780006254.7292633,0.0,0.4807,-0.12089333165313833,0,0.9961920402511477,-13.33414587508946,16.95286772633148
1780006254.7292633,0.0,0.4807,0.0,0,0.9961920402511477,-13.33414587508946,16.95286772633148
1780006254.7292633,0.0,0.4807,0.0,0,0.9961920402511477,-13.33414587508946,16.95286772633148
1780006254.7292633,0.0,0.4807,0.0,0,0.9961920402511477,-13.33414587508946,16.95286772633148
1780006254.7790408,0.0,0.4807,0.0,0,0.9961920402511477,-13.33414587508946,16.95286772633148
1780006254.7790408,0.0,0.4807,0.0,0,0.9961920402511477,-13.33414587508946,16.95286772633148
1780006254.8291614,0.0,0.5608,2.0154272712907457,0,1.025423921540302,-13.367459993388703,16.997188526885612
1780006254.8291614,0.0,0.5608,0.0,0,1.025423921540302,-13.367459993388703,16.997188526885612
1780006254.8291614,0.0,0.5608,0.0,0,1.025423921540302,-13.367459993388703,16.997188526885612
1780006254.8291614,0.0,0.5608,0.0,0,1.025423921540302,-13.367459993388703,16.997188526885612
1780006254.8790798,0.0,0.5608,0.0,0,1.025423921540302,-13.367459993388703,16.997188526885612
1780006254.8790798,0.0,0.5608,0.0,0,1.025423921540302,-13.367459993388703,16.997188526885612
1780006254.9296687,0.0,0.4807,0.0,0,1.025423921540302,-13.367459993388703,16.997188526885612
1780006254.9296687,0.0,0.4807,0.0,0,1.025423921540302,-13.367459993388703,16.997188526885612
1780006254.9296687,0.0,0.4807,0.0,0,0.9934242172026371,-13.420227568940794,17.058900746966756
1780006254.9296687,0.0,0.4807,0.0,0,0.9934242172026371,-13.420227568940794,17.058900746966756
1780006254.9805372,0.0,0.4807,0.0,0,0.9934242172026371,-13.420227568940794,17.058900746966756
1780006254.9805372,0.0,0.4807,0.0,0,0.9934242172026371,-13.420227568940794,17.058900746966756
1780006255.049603,0.0,0.4807,0.40744799139297955,0,0.9739419766813051,-13.454550772473405,17.098367695119258
1780006255.049603,0.0,0.4807,0.0,0,0.9739419766813051,-13.454550772473405,17.098367695119258
1780006255.049603,0.0,0.4807,0.0,0,0.9739419766813051,-13.454550772473405,17.098367695119258
1780006255.049603,0.0,0.4807,0.0,0,0.9739419766813051,-13.454550772473405,17.098367695119258
1780006255.089269,0.0,0.4807,0.0,0,0.9739419766813051,-13.454550772473405,17.098367695119258
1780006255.089269,0.0,0.4807,0.0,0,0.9739419766813051,-13.454550772473405,17.098367695119258
1780006255.132033,0.0,0.4006,1.1112696581419401,0,0.9638477620369936,-13.476138209988157,17.122198570632733
1780006255.132033,0.0,0.4006,0.0,0,0.9638477620369936,-13.476138209988157,17.122198570632733
1780006255.132033,0.0,0.4006,0.0,0,0.9638477620369936,-13.476138209988157,17.122198570632733
1780006255.132033,0.0,0.4006,0.0,0,0.9638477620369936,-13.476138209988157,17.122198570632733
1780006255.1797256,0.0,0.4006,0.6573491863999834,0,0.9571886025243088,-13.490379455587371,17.13791981363806
1780006255.1797256,0.0,0.4006,0.0,0,0.9571886025243088,-13.490379455587371,17.13791981363806
1780006255.2293906,0.0,0.4006,1.3713878343782404,0,0.9452872456145704,-13.522122849213252,17.171820924758208
1780006255.2293906,0.0,0.4006,0.0,0,0.9452872456145704,-13.522122849213252,17.171820924758208
1780006255.2293906,0.0,0.4006,0.0,0,0.9452872456145704,-13.522122849213252,17.171820924758208
1780006255.2293906,0.0,0.4006,0.0,0,0.9452872456145704,-13.522122849213252,17.171820924758208
1780006255.2792,0.0,0.4006,0.0,0,0.9452872456145704,-13.522122849213252,17.171820924758208
1780006255.2792,0.0,0.4006,0.0,0,0.9452872456145704,-13.522122849213252,17.171820924758208
1780006255.3290908,0.0,0.4807,1.80456858978109,0,0.9291963833343423,-13.576723112200938,17.228742841163452
1780006255.3290908,0.0,0.4807,0.0,0,0.9291963833343423,-13.576723112200938,17.228742841163452
1780006255.3290908,0.0,0.4807,0.0,0,0.9291963833343423,-13.576723112200938,17.228742841163452
1780006255.3290908,0.0,0.4807,0.0,0,0.9291963833343423,-13.576723112200938,17.228742841163452
1780006255.380382,0.0,0.4807,0.0,0,0.9291963833343423,-13.576723112200938,17.228742841163452
1780006255.380382,0.0,0.4807,0.0,0,0.9291963833343423,-13.576723112200938,17.228742841163452
1780006255.4290895,0.0,0.4006,0.17442288245810098,0,0.9283137385720339,-13.581180756852874,17.233287030598255
1780006255.4290895,0.0,0.4006,0.0,0,0.9283137385720339,-13.581180756852874,17.233287030598255
1780006255.4290895,0.0,0.4006,0.0,0,0.9204931625064954,-13.620677223112335,17.273550317311855
1780006255.4290895,0.0,0.4006,0.0,0,0.9204931625064954,-13.620677223112335,17.273550317311855
1780006255.4817357,0.0,0.4006,0.0,0,0.9204931625064954,-13.620677223112335,17.273550317311855
1780006255.4817357,0.0,0.4006,0.0,0,0.9204931625064954,-13.620677223112335,17.273550317311855
1780006255.5297744,0.0,0.4006,0.7473837248388063,0,0.9186897155408527,-13.63560830023186,17.288589914544065
1780006255.5297744,0.0,0.4006,0.0,0,0.9186897155408527,-13.63560830023186,17.288589914544065
1780006255.5297744,0.0,0.4006,0.0,0,0.9186897155408527,-13.63560830023186,17.288589914544065
1780006255.5297744,0.0,0.4006,0.0,0,0.9186897155408527,-13.63560830023186,17.288589914544065
1780006255.5788615,0.0,0.4006,0.8020976385200768,0,0.9167120062602927,-13.651982127880025,17.305082748316654
1780006255.5788615,0.0,0.4006,0.0,0,0.9167120062602927,-13.651982127880025,17.305082748316654
1780006255.6295123,0.0,0.4006,1.4251668447334724,0,0.9150328540238382,-13.689680031853552,17.34281803043075
1780006255.6295123,0.0,0.4006,0.0,0,0.9150328540238382,-13.689680031853552,17.34281803043075
1780006255.6295123,0.0,0.4006,0.0,0,0.9150328540238382,-13.689680031853552,17.34281803043075
1780006255.6295123,0.0,0.4006,0.0,0,0.9150328540238382,-13.689680031853552,17.34281803043075
1780006255.6790783,0.0,0.4006,0.0,0,0.9150328540238382,-13.689680031853552,17.34281803043075
1780006255.6790783,0.0,0.4807,0.0,0,0.9150328540238382,-13.689680031853552,17.34281803043075
1780006255.7301214,0.0,0.4807,0.0,0,0.9150328540238382,-13.689680031853552,17.34281803043075
1780006255.7301214,0.0,0.4807,0.0,0,0.9150328540238382,-13.689680031853552,17.34281803043075
1780006255.7301214,0.0,0.4807,0.0,0,0.9165932032575237,-13.753910681514752,17.407067630006395
1780006255.7301214,0.0,0.4807,0.0,0,0.9165932032575237,-13.753910681514752,17.407067630006395
1780006255.7794664,0.0,0.4807,0.0,0,0.9165932032575237,-13.753910681514752,17.407067630006395
1780006255.7794664,0.0,0.4807,0.0,0,0.9165932032575237,-13.753910681514752,17.407067630006395
1780006255.8290522,0.0,0.4006,0.0,0,0.9165932032575237,-13.753910681514752,17.407067630006395
1780006255.8290522,0.0,0.4006,0.0,0,0.9165932032575237,-13.753910681514752,17.407067630006395
1780006255.8290522,0.0,0.4006,0.0,0,0.9190232331897714,-13.78251311580668,17.435773104970167
1780006255.8290522,0.0,0.4006,0.0,0,0.9190232331897714,-13.78251311580668,17.435773104970167
1780006255.87961,0.0,0.4006,0.0,0,0.9190232331897714,-13.78251311580668,17.435773104970167
1780006255.9287972,0.0,0.4006,0.0,0,0.9190232331897714,-13.78251311580668,17.435773104970167
1780006255.9287972,0.0,0.4006,0.0,0,0.9219079072568399,-13.887937787467342,17.541237235077194
1780006255.9287972,0.0,0.4807,0.0,0,0.9219079072568399,-13.887937787467342,17.541237235077194
1780006255.9287972,0.0,0.4807,0.0,0,0.9219079072568399,-13.887937787467342,17.541237235077194
1780006255.979472,0.0,0.4807,0.0,0,0.9219079072568399,-13.887937787467342,17.541237235077194
1780006255.979472,0.0,0.4807,0.0,0,0.9219079072568399,-13.887937787467342,17.541237235077194
1780006256.0287,0.0,0.4807,0.4488841230513185,0,0.9261623963234036,-13.90198914646011,17.555918562222963
1780006256.0287,0.0,0.4807,0.0,0,0.9261623963234036,-13.90198914646011,17.555918562222963
1780006256.0287,0.0,0.4807,0.0,0,0.9424757874140997,-13.946519503884781,17.603343022802363
1780006256.0287,0.0,0.4807,0.0,0,0.9424757874140997,-13.946519503884781,17.603343022802363
1780006256.0796537,0.0,0.4807,0.0,0,0.9424757874140997,-13.946519503884781,17.603343022802363
1780006256.0796537,0.0,0.4807,0.0,0,0.9424757874140997,-13.946519503884781,17.603343022802363
1780006256.1296444,0.0,0.5608,1.1386239531745934,0,0.9644355860126828,-13.998446615552925,17.659722608475604
1780006256.1296444,0.0,0.5608,0.0,0,0.9644355860126828,-13.998446615552925,17.659722608475604
1780006256.1296444,0.0,0.5608,0.0,0,0.9644355860126828,-13.998446615552925,17.659722608475604
1780006256.1296444,0.0,0.5608,0.0,0,0.9644355860126828,-13.998446615552925,17.659722608475604
1780006256.1794786,0.0,0.5608,0.0,0,0.9644355860126828,-13.998446615552925,17.659722608475604
1780006256.1794786,0.0,0.5608,0.0,0,0.9714840255286927,-14.0147199753968,17.67745683358467
1780006256.230167,0.0,0.5608,0.0,0,0.9714840255286927,-14.0147199753968,17.67745683358467
1780006256.230167,0.0,0.5608,0.0,0,0.9714840255286927,-14.0147199753968,17.67745683358467
1780006256.230167,0.0,0.5608,0.0,0,0.9714840255286927,-14.0147199753968,17.67745683358467
1780006256.230167,0.0,0.5608,0.0,0,0.9714840255286927,-14.0147199753968,17.67745683358467
1780006256.278806,0.0,0.5608,0.07117893814195506,0,0.9872994976468541,-14.051234563951475,17.717249349660406
1780006256.278806,0.0,0.5608,0.0,0,0.9872994976468541,-14.051234563951475,17.717249349660406
1780006256.3297067,0.0,0.4807,0.0981446975741096,0,0.9999912319976763,-14.079954352082412,17.74864849536722
1780006256.3297067,0.0,0.4807,0.0,0,0.9999912319976763,-14.079954352082412,17.74864849536722
1780006256.3297067,0.0,0.4807,0.0,0,0.9999912319976763,-14.079954352082412,17.74864849536722
1780006256.3297067,0.0,0.4807,0.0,0,1.0060398929650125,-14.093641706123709,17.763612784864204
1780006256.3797429,0.0,0.4807,0.8622731203184356,0,1.0274798335420106,-14.136996558063185,17.811979242648903
1780006256.3797429,0.0,0.4807,0.0,0,1.0274798335420106,-14.136996558063185,17.811979242648903
1780006256.42987,0.0,0.4807,0.0,0,1.0274798335420106,-14.136996558063185,17.811979242648903
1780006256.42987,0.0,0.4807,0.0,0,1.0274798335420106,-14.136996558063185,17.811979242648903
1780006256.42987,0.0,0.4807,0.0,0,1.0274798335420106,-14.136996558063185,17.811979242648903
1780006256.42987,0.0,0.4807,0.0,0,1.0274798335420106,-14.136996558063185,17.811979242648903
1780006256.4791985,0.0,0.4807,0.0,0,1.0274798335420106,-14.136996558063185,17.811979242648903
1780006256.4791985,0.0,0.4807,0.0,0,1.0274798335420106,-14.136996558063185,17.811979242648903
1780006256.5292828,0.0,0.4006,1.254839255306521,0,1.047482129731566,-14.171761485270132,17.852087745694504
1780006256.5292828,0.0,0.4006,0.0,0,1.047482129731566,-14.171761485270132,17.852087745694504
1780006256.5292828,0.0,0.4006,0.0,0,1.047482129731566,-14.171761485270132,17.852087745694504
1780006256.5292828,0.0,0.4006,0.0,0,1.047482129731566,-14.171761485270132,17.852087745694504
1780006256.579753,0.0,0.4006,0.0,0,1.047482129731566,-14.171761485270132,17.852087745694504
1780006256.579753,0.0,0.4006,0.0,0,1.047482129731566,-14.171761485270132,17.852087745694504
1780006256.62886,0.0,0.4006,0.0,0,1.047482129731566,-14.171761485270132,17.852087745694504
1780006256.62886,0.0,0.4006,0.0,0,1.056097065797346,-14.18436886237628,17.867357424175538
1780006256.62886,0.0,0.4006,0.0,0,1.056097065797346,-14.18436886237628,17.867357424175538
1780006256.62886,0.0,0.4006,0.0,0,1.078732639334604,-14.217494495511469,17.9074782013361
1780006256.6806612,0.0,0.4006,0.0,0,1.078732639334604,-14.217494495511469,17.9074782013361
1780006256.6806612,0.0,0.4006,0.0,0,1.078732639334604,-14.217494495511469,17.9074782013361
1780006256.7295861,0.0,0.4807,0.897026672564462,0,1.0892840467719593,-14.230696299784885,17.924378492309415
1780006256.7295861,0.0,0.4807,0.0,0,1.0892840467719593,-14.230696299784885,17.924378492309415
1780006256.7295861,0.0,0.4807,0.0,0,1.0892840467719593,-14.230696299784885,17.924378492309415
1780006256.7295861,0.0,0.4807,0.0,0,1.0892840467719593,-14.230696299784885,17.924378492309415
1780006256.7795143,0.0,0.4807,0.0,0,1.0892840467719593,-14.230696299784885,17.924378492309415
1780006256.7795143,0.0,0.4807,0.0,0,1.0892840467719593,-14.230696299784885,17.924378492309415
1780006256.8364744,0.0,0.4006,1.8674972801108884,0,1.1240111768061252,-14.269313011648558,17.976313297551872
1780006256.8364744,0.0,0.4006,0.0,0,1.1240111768061252,-14.269313011648558,17.976313297551872
1780006256.8364744,0.0,0.4006,0.0,0,1.1240111768061252,-14.269313011648558,17.976313297551872
1780006256.8364744,0.0,0.4006,0.0,0,1.1267690961196886,-14.271862308601506,17.980068964455956
1780006256.888946,0.0,0.4006,0.0,0,1.1267690961196886,-14.271862308601506,17.980068964455956
1780006256.888946,0.0,0.4006,0.0,0,1.1540952772844508,-14.297121405209742,18.01728108799807
1780006256.9420469,0.0,0.4006,0.0,0,1.1540952772844508,-14.297121405209742,18.01728108799807
1780006256.9420469,0.0,0.4006,0.0,0,1.1540952772844508,-14.297121405209742,18.01728108799807
1780006256.9420469,0.0,0.4006,0.0,0,1.1540952772844508,-14.297121405209742,18.01728108799807
1780006256.9420469,0.0,0.4006,0.0,0,1.1540952772844508,-14.297121405209742,18.01728108799807
1780006256.983735,0.0,0.4006,0.0,0,1.1540952772844508,-14.297121405209742,18.01728108799807
1780006256.983735,0.0,0.4006,0.0,0,1.1540952772844508,-14.297121405209742,18.01728108799807
1780006257.0330272,0.0,0.4807,0.48629384592714914,0,1.1504162457674716,-14.37937375383411,18.09961567445557
1780006257.0330272,0.0,0.4807,0.0,0,1.1504162457674716,-14.37937375383411,18.09961567445557
1780006257.0330272,0.0,0.4807,0.0,0,1.1504162457674716,-14.37937375383411,18.09961567445557
1780006257.0330272,0.0,0.4807,0.0,0,1.1504162457674716,-14.37937375383411,18.09961567445557
1780006257.0808115,0.0,0.4807,0.9233482912970266,0,1.172870006860029,-14.397457725173597,18.128446238213655
1780006257.0808115,0.0,0.4807,0.0,0,1.172870006860029,-14.397457725173597,18.128446238213655
1780006257.1320348,0.0,0.4006,1.1342206022537789,0,1.1978381763201384,-14.414596019686853,18.15873040280527
1780006257.1320348,0.0,0.4006,0.0,0,1.1978381763201384,-14.414596019686853,18.15873040280527
1780006257.1320348,0.0,0.4006,0.0,0,1.1978381763201384,-14.414596019686853,18.15873040280527
1780006257.1320348,0.0,0.4006,0.0,0,1.1978381763201384,-14.414596019686853,18.15873040280527
1780006257.178789,0.0,0.4006,0.0,0,1.1978381763201384,-14.414596019686853,18.15873040280527
1780006257.178789,0.0,0.4006,0.0,0,1.1978381763201384,-14.414596019686853,18.15873040280527
1780006257.2303746,0.0,0.4006,1.9441258086357993,0,1.2417144922330805,-14.440599221557196,18.209733320423794
1780006257.2303746,0.0,0.4006,0.0,0,1.2417144922330805,-14.440599221557196,18.209733320423794
1780006257.2303746,0.0,0.4006,0.0,0,1.2417144922330805,-14.440599221557196,18.209733320423794
1780006257.2303746,0.0,0.4006,0.0,0,1.2417144922330805,-14.440599221557196,18.209733320423794
1780006257.2790534,0.0,0.4006,0.0,0,1.2417144922330805,-14.440599221557196,18.209733320423794
1780006257.2790534,0.0,0.4006,0.0,0,1.2417144922330805,-14.440599221557196,18.209733320423794
1780006257.330348,0.0,0.4807,0.15025696968308042,0,1.2455249426984651,-14.44238754970332,18.213942554357345
1780006257.330348,0.0,0.4807,0.0,0,1.2455249426984651,-14.44238754970332,18.213942554357345
1780006257.330348,0.0,0.4807,0.0,0,1.2816732559805746,-14.459352747562328,18.253873976715393
1780006257.330348,0.0,0.4807,0.0,0,1.2816732559805746,-14.459352747562328,18.253873976715393
1780006257.379873,0.0,0.4807,0.0,0,1.2816732559805746,-14.459352747562328,18.253873976715393
1780006257.379873,0.0,0.4807,0.0,0,1.2816732559805746,-14.459352747562328,18.253873976715393
1780006257.4295473,0.0,0.4006,0.7716503587030678,0,1.301138903410037,-14.466725771870435,18.274689185513196
1780006257.4295473,0.0,0.4006,0.0,0,1.301138903410037,-14.466725771870435,18.274689185513196
1780006257.4295473,0.0,0.4006,0.0,0,1.301138903410037,-14.466725771870435,18.274689185513196
1780006257.4295473,0.0,0.4006,0.0,0,1.301138903410037,-14.466725771870435,18.274689185513196
1780006257.479504,0.0,0.4006,0.0,0,1.301138903410037,-14.466725771870435,18.274689185513196
1780006257.479504,0.0,0.4006,0.0,0,1.301138903410037,-14.466725771870435,18.274689185513196
1780006257.5285342,0.0,0.4006,1.9021553596126286,0,1.3525020140346258,-14.483402614506108,18.328691835571586
1780006257.5285342,0.0,0.4006,0.0,0,1.3525020140346258,-14.483402614506108,18.328691835571586
1780006257.5285342,0.0,0.4006,0.0,0,1.3525020140346258,-14.483402614506108,18.328691835571586
1780006257.5285342,0.0,0.4006,0.0,0,1.3525020140346258,-14.483402614506108,18.328691835571586
1780006257.5977786,0.0,0.4807,0.3393197232791683,0,1.3661477561188708,-14.487381457788345,18.342905824135475
1780006257.5977786,0.0,0.4807,0.0,0,1.3661477561188708,-14.487381457788345,18.342905824135475
1780006257.6380143,0.0,0.4807,1.9532279358582916,0,1.4081801988411304,-14.496126395433146,18.385838331348676
1780006257.6380143,0.0,0.4807,0.0,0,1.4081801988411304,-14.496126395433146,18.385838331348676
1780006257.6380143,0.0,0.4807,0.0,0,1.4081801988411304,-14.496126395433146,18.385838331348676
1780006257.6380143,0.0,0.4807,0.0,0,1.4081801988411304,-14.496126395433146,18.385838331348676
1780006257.6860032,0.0,0.4807,0.0,0,1.4081801988411304,-14.496126395433146,18.385838331348676
1780006257.6860032,0.0,0.4807,0.0,0,1.4081801988411304,-14.496126395433146,18.385838331348676
1780006257.7295902,0.0,0.4006,0.1757113676040317,0,1.411575868763061,-14.496558314206938,18.38926136042332
1780006257.7295902,0.0,0.4006,0.0,0,1.411575868763061,-14.496558314206938,18.38926136042332
1780006257.7295902,0.0,0.4006,0.0,0,1.4430329714310788,-14.50055956094874,18.420971915192276
1780006257.7295902,0.0,0.4006,0.0,0,1.4430329714310788,-14.50055956094874,18.420971915192276
1780006257.778759,0.0,0.4006,0.0,0,1.4430329714310788,-14.50055956094874,18.420971915192276
1780006257.778759,0.0,0.4006,0.0,0,1.4430329714310788,-14.50055956094874,18.420971915192276
1780006257.8306196,0.0,0.4006,0.812351938532366,0,1.466049141022332,-14.501732699985,18.444017962963027
1780006257.8306196,0.0,0.4006,0.0,0,1.466049141022332,-14.501732699985,18.444017962963027
1780006257.8306196,0.0,0.4006,0.0,0,1.466049141022332,-14.501732699985,18.444017962963027
1780006257.8306196,0.0,0.4006,0.0,0,1.466049141022332,-14.501732699985,18.444017962963027
1780006257.8798313,0.0,0.4006,0.6799669461693545,0,1.4843304825162744,-14.502664503830843,18.46232303617308
1780006257.8798313,0.0,0.4006,0.0,0,1.4843304825162744,-14.502664503830843,18.46232303617308
1780006257.9297354,0.0,0.4006,1.362010347281815,0,1.5202741062624652,-14.501853025233624,18.498275818895998
1780006257.9297354,0.0,0.4006,0.0,0,1.5202741062624652,-14.501853025233624,18.498275818895998
1780006257.9297354,0.0,0.4006,0.0,0,1.5202741062624652,-14.501853025233624,18.498275818895998
1780006257.9297354,0.0,0.4006,0.0,0,1.5202741062624652,-14.501853025233624,18.498275818895998
1780006257.978748,0.0,0.4006,0.0,0,1.5202741062624652,-14.501853025233624,18.498275818895998
1780006257.978748,0.0,0.4006,0.0,0,1.5202741062624652,-14.501853025233624,18.498275818895998
1780006258.0294366,0.0,0.4807,1.2684714174828091,0,1.578998194495035,-14.497238141680336,18.55718096034356
1780006258.0294366,0.0,0.4807,0.0,0,1.578998194495035,-14.497238141680336,18.55718096034356
1780006258.0294366,0.0,0.4807,0.0,0,1.578998194495035,-14.497238141680336,18.55718096034356
1780006258.0294366,0.0,0.4807,0.0,0,1.578998194495035,-14.497238141680336,18.55718096034356
1780006258.0787067,0.0,0.4807,0.0,0,1.578998194495035,-14.497238141680336,18.55718096034356
1780006258.0787067,0.0,0.4807,0.0,0,1.578998194495035,-14.497238141680336,18.55718096034356
1780006258.133282,0.0,0.4807,0.11719960998415488,0,1.5844283910304724,-14.49652396395349,18.562657919740797
1780006258.133282,0.0,0.4807,0.0,0,1.5844283910304724,-14.49652396395349,18.562657919740797
1780006258.133282,0.0,0.4807,0.0,0,1.5844283910304724,-14.49652396395349,18.562657919740797
1780006258.133282,0.0,0.4807,0.0,0,1.5844283910304724,-14.49652396395349,18.562657919740797
1780006258.1801383,0.0,0.4807,0.9183858187471328,0,1.6209616256412969,-14.491719124519319,18.59950576517466
1780006258.1801383,0.0,0.4807,0.0,0,1.6209616256412969,-14.491719124519319,18.59950576517466
1780006258.229098,0.0,0.4807,-0.6235397295713989,0,1.699037203998061,-14.553802131673844,18.699255931656182
1780006258.229098,0.0,0.4807,0.0,0,1.699037203998061,-14.553802131673844,18.699255931656182
1780006258.229098,0.0,0.4807,0.0,0,1.699037203998061,-14.553802131673844,18.699255931656182
1780006258.229098,0.0,0.4807,0.0,0,1.699037203998061,-14.553802131673844,18.699255931656182
1780006258.280351,0.0,0.4807,0.23773126665202,0,1.7176658024721883,-14.551698939151002,18.71800288073859
1780006258.280351,0.0,0.4807,0.0,0,1.7740488051622363,-14.544713011628883,18.77481701784979
1780006258.3293414,0.0,0.5608,0.0,0,1.7740488051622363,-14.544713011628883,18.77481701784979
1780006258.3293414,0.0,0.4807,0.0,0,1.7740488051622363,-14.544713011628883,18.77481701784979
1780006258.3293414,0.0,0.4807,0.0,0,1.7740488051622363,-14.544713011628883,18.77481701784979
1780006258.3293414,0.0,0.4807,0.0,0,1.777385364191874,-14.54425882321336,18.778184348138765
1780006258.3791924,0.0,0.4807,0.0,0,1.777385364191874,-14.54425882321336,18.778184348138765
1780006258.3791924,0.0,0.4807,0.0,0,1.777385364191874,-14.54425882321336,18.778184348138765
1780006258.429357,0.0,0.4807,0.22233655314412537,0,1.8203218910313335,-14.538414097278618,18.821516855085488
1780006258.429357,0.0,0.4807,0.0,0,1.8203218910313335,-14.538414097278618,18.821516855085488
1780006258.429357,0.0,0.4807,0.0,0,1.8203218910313335,-14.538414097278618,18.821516855085488
1780006258.429357,0.0,0.4807,0.0,0,1.8203218910313335,-14.538414097278618,18.821516855085488
1780006258.4795964,0.0,0.4807,0.0,0,1.8203218910313335,-14.538414097278618,18.821516855085488
1780006258.4795964,0.0,0.4807,0.0,0,1.8203218910313335,-14.538414097278618,18.821516855085488
1780006258.529052,0.0,0.5608,0.0286561655951328,0,1.84529995828634,-14.534931301624015,18.84673656383415
1780006258.529052,0.0,0.5608,0.0,0,1.84529995828634,-14.534931301624015,18.84673656383415
1780006258.529052,0.0,0.5608,0.0,0,1.8775621026356686,-14.530432856848403,18.879310816909488
1780006258.529052,0.0,0.5608,0.0,0,1.8775621026356686,-14.530432856848403,18.879310816909488
1780006258.5799901,0.0,0.5608,-0.04112013043879514,0,1.9200445344721515,-14.524627587128837,18.922188062288107
1780006258.5799901,0.0,0.5608,0.0,0,1.9200445344721515,-14.524627587128837,18.922188062288107
1780006258.6304893,0.0,0.5608,0.0,0,1.9200445344721515,-14.524627587128837,18.922188062288107
1780006258.6304893,0.0,0.5608,0.0,0,1.9200445344721515,-14.524627587128837,18.922188062288107
1780006258.6304893,0.0,0.5608,0.0,0,1.9200445344721515,-14.524627587128837,18.922188062288107
1780006258.6304893,0.0,0.5608,0.0,0,1.9200445344721515,-14.524627587128837,18.922188062288107
1780006258.6805143,0.0,0.5608,0.0,0,1.9200445344721515,-14.524627587128837,18.922188062288107
1780006258.6805143,0.0,0.5608,0.0,0,1.9200445344721515,-14.524627587128837,18.922188062288107
1780006258.7301395,0.0,0.4807,-0.10959775286312315,0,1.9863871604199226,-14.515842898360637,18.989109768590325
1780006258.7301395,0.0,0.4807,0.0,0,1.9863871604199226,-14.515842898360637,18.989109768590325
1780006258.7301395,0.0,0.5608,0.0,0,1.9863871604199226,-14.515842898360637,18.989109768590325
1780006258.7301395,0.0,0.5608,0.0,0,1.9863871604199226,-14.515842898360637,18.989109768590325
1780006258.7796218,0.0,0.5608,0.0,0,1.9863871604199226,-14.515842898360637,18.989109768590325
1780006258.7796218,0.0,0.5608,0.0,0,1.9863871604199226,-14.515842898360637,18.989109768590325
1780006258.8292031,0.0,0.5608,-0.2579859572284189,0,2.0339742554073554,-14.510139644863612,19.037037408943196
1780006258.8292031,0.0,0.5608,0.0,0,2.0339742554073554,-14.510139644863612,19.037037408943196
1780006258.8292031,0.0,0.5608,0.0,0,2.0339742554073554,-14.510139644863612,19.037037408943196
1780006258.8292031,0.0,0.5608,0.0,0,2.0339742554073554,-14.510139644863612,19.037037408943196
1780006258.879484,0.0,0.5608,0.0,0,2.0339742554073554,-14.510139644863612,19.037037408943196
1780006258.879484,0.0,0.5608,0.0,0,2.0339742554073554,-14.510139644863612,19.037037408943196
1780006258.929088,0.0,0.5608,-0.0194356299049328,0,2.0609586169877554,-14.506988333538626,19.064205156972225
1780006258.929088,0.0,0.5608,0.0,0,2.0609586169877554,-14.506988333538626,19.064205156972225
1780006258.929088,0.0,0.5608,0.0,0,2.0609586169877554,-14.506988333538626,19.064205156972225
1780006258.929088,0.0,0.5608,0.0,0,2.088833441295802,-14.503733031416239,19.092269419337597
1780006258.9788017,0.0,0.5608,0.0,0,2.088833441295802,-14.503733031416239,19.092269419337597
1780006258.9788017,0.0,0.5608,0.0,0,2.088833441295802,-14.503733031416239,19.092269419337597
1780006259.0303023,0.0,0.5608,-0.17642353104401187,0,2.1361881186718534,-14.498818784498303,19.13987840265126
1780006259.0303023,0.0,0.5608,0.0,0,2.1361881186718534,-14.498818784498303,19.13987840265126
1780006259.0303023,0.0,0.5608,0.0,0,2.1361881186718534,-14.498818784498303,19.13987840265126
1780006259.0303023,0.0,0.5608,0.0,0,2.1361881186718534,-14.498818784498303,19.13987840265126
1780006259.0850363,0.0,0.5608,0.0,0,2.1361881186718534,-14.498818784498303,19.13987840265126
1780006259.0850363,0.0,0.5608,0.0,0,2.1361881186718534,-14.498818784498303,19.13987840265126
1780006259.1294355,0.0,0.5608,-0.16012636952302206,0,2.2013799471008237,-14.492207463885697,19.205404611561548
1780006259.1294355,0.0,0.5608,0.0,0,2.2013799471008237,-14.492207463885697,19.205404611561548
1780006259.1294355,0.0,0.4807,0.0,0,2.2013799471008237,-14.492207463885697,19.205404611561548
1780006259.1294355,0.0,0.4807,0.0,0,2.2013799471008237,-14.492207463885697,19.205404611561548
1780006259.1791437,0.0,0.4807,-1.536464620571216,0,2.2095212557226294,-14.537142101227843,19.25107081940877
1780006259.1791437,0.0,0.4807,0.0,0,2.2095212557226294,-14.537142101227843,19.25107081940877
1780006259.230862,0.0,0.4807,0.0,0,2.2095212557226294,-14.537142101227843,19.25107081940877
1780006259.230862,0.0,0.4807,0.0,0,2.2095212557226294,-14.537142101227843,19.25107081940877
1780006259.230862,0.0,0.4807,0.0,0,2.249202057932475,-14.53612783836141,19.290764582057065
1780006259.230862,0.0,0.4807,0.0,0,2.249202057932475,-14.53612783836141,19.290764582057065
1780006259.2846878,0.0,0.4807,0.0,0,2.249202057932475,-14.53612783836141,19.290764582057065
1780006259.2846878,0.0,0.4807,0.0,0,2.249202057932475,-14.53612783836141,19.290764582057065
1780006259.3288727,0.0,0.5608,0.13550057775772933,0,2.2788244301190272,-14.535042897138492,19.320406815971126
1780006259.3288727,0.0,0.5608,0.0,0,2.2788244301190272,-14.535042897138492,19.320406815971126
1780006259.3288727,0.0,0.5608,0.0,0,2.2788244301190272,-14.535042897138492,19.320406815971126
1780006259.3288727,0.0,0.5608,0.0,0,2.2788244301190272,-14.535042897138492,19.320406815971126
1780006259.379265,0.0,0.5608,0.1005570849792346,0,2.3038960392648584,-14.534124630967371,19.345495235569068
1780006259.379265,0.0,0.5608,0.0,0,2.3038960392648584,-14.534124630967371,19.345495235569068
1780006259.4308016,0.0,0.5608,0.10727883060354239,0,2.3545616526682607,-14.53195013986869,19.39620749043001
1780006259.4308016,0.0,0.5608,0.0,0,2.3545616526682607,-14.53195013986869,19.39620749043001
1780006259.4308016,0.0,0.5608,0.0,0,2.3545616526682607,-14.53195013986869,19.39620749043001
1780006259.4308016,0.0,0.5608,0.0,0,2.3545616526682607,-14.53195013986869,19.39620749043001
1780006259.4797862,0.0,0.5608,0.0,0,2.3545616526682607,-14.53195013986869,19.39620749043001
1780006259.4797862,0.0,0.5608,0.0,0,2.3545616526682607,-14.53195013986869,19.39620749043001
1780006259.5302134,0.0,0.4807,0.35909583149228264,0,2.4128661505735467,-14.528553484471386,19.454610844305243
1780006259.5302134,0.0,0.4807,0.0,0,2.4128661505735467,-14.528553484471386,19.454610844305243
1780006259.5302134,0.0,0.4807,0.0,0,2.4128661505735467,-14.528553484471386,19.454610844305243
1780006259.5302134,0.0,0.4807,0.0,0,2.4128661505735467,-14.528553484471386,19.454610844305243
1780006259.5784829,0.0,0.4807,0.0,0,2.4128661505735467,-14.528553484471386,19.454610844305243
1780006259.5784829,0.0,0.4807,0.0,0,2.4128661505735467,-14.528553484471386,19.454610844305243
1780006259.6294665,0.0,0.5608,0.03610669265902066,0,2.421851227483286,-14.527918241122563,19.46361834901999
1780006259.6294665,0.0,0.5608,0.0,0,2.421851227483286,-14.527918241122563,19.46361834901999
1780006259.6294665,0.0,0.5608,0.0,0,2.4633156225221526,-14.524986715724843,19.505186244048442
1780006259.6294665,0.0,0.5608,0.0,0,2.4633156225221526,-14.524986715724843,19.505186244048442
1780006259.6794782,0.0,0.5608,0.0,0,2.4633156225221526,-14.524986715724843,19.505186244048442
1780006259.6794782,0.0,0.5608,0.0,0,2.4633156225221526,-14.524986715724843,19.505186244048442
1780006259.7288413,0.0,0.4807,0.14663149484696775,0,2.4926351402975127,-14.522557771548339,19.53460620143101
1780006259.7288413,0.0,0.4807,0.0,0,2.4926351402975127,-14.522557771548339,19.53460620143101
1780006259.7288413,0.0,0.4807,0.0,0,2.4926351402975127,-14.522557771548339,19.53460620143101
1780006259.7288413,0.0,0.4807,0.0,0,2.4926351402975127,-14.522557771548339,19.53460620143101
1780006259.7795725,0.0,0.4807,0.09529875750062936,0,2.512218582771351,-14.520935402145227,19.55425673072684
1780006259.7795725,0.0,0.4807,0.0,0,2.512218582771351,-14.520935402145227,19.55425673072684
1780006259.8289647,0.0,0.5608,0.24653925822883613,0,2.5647493517662165,-14.515896896776812,19.607028581438556
1780006259.8289647,0.0,0.5608,0.0,0,2.5647493517662165,-14.515896896776812,19.607028581438556
1780006259.8289647,0.0,0.5608,0.0,0,2.5647493517662165,-14.515896896776812,19.607028581438556
1780006259.8289647,0.0,0.5608,0.0,0,2.5647493517662165,-14.515896896776812,19.607028581438556
1780006259.88021,0.0,0.5608,0.0,0,2.5647493517662165,-14.515896896776812,19.607028581438556
1780006259.88021,0.0,0.5608,0.0,0,2.5647493517662165,-14.515896896776812,19.607028581438556
1780006259.9292033,0.0,0.4807,0.30510163301226045,0,2.621408427944518,-14.509700531939922,19.66402547477995
1780006259.9292033,0.0,0.4807,0.0,0,2.621408427944518,-14.509700531939922,19.66402547477995
1780006259.9292033,0.0,0.4807,0.0,0,2.621408427944518,-14.509700531939922,19.66402547477995
1780006259.9292033,0.0,0.4807,0.0,0,2.621408427944518,-14.509700531939922,19.66402547477995
1780006259.9798832,0.0,0.4807,0.0,0,2.621408427944518,-14.509700531939922,19.66402547477995
1780006259.9798832,0.0,0.4807,0.0,0,2.621408427944518,-14.509700531939922,19.66402547477995
1780006260.0293808,0.0,0.5608,0.058711263916874125,0,2.6309617687859936,-14.50850402053936,19.673653452800547
1780006260.0293808,0.0,0.5608,0.0,0,2.6309617687859936,-14.50850402053936,19.673653452800547
1780006260.0293808,0.0,0.5608,0.0,0,2.6309617687859936,-14.50850402053936,19.673653452800547
1780006260.0293808,0.0,0.5608,0.0,0,2.6309617687859936,-14.50850402053936,19.673653452800547
1780006260.0815766,0.0,0.5608,0.22818361245402768,0,2.6701151765928692,-14.503600238753592,19.71311275358875
1780006260.0815766,0.0,0.5608,0.0,0,2.6701151765928692,-14.503600238753592,19.71311275358875
1780006260.1287417,0.0,0.4807,0.50153895839334,0,2.6909970594708637,-14.510126890322935,19.73499082967505
1780006260.1287417,0.0,0.4807,0.0,0,2.6909970594708637,-14.510126890322935,19.73499082967505
1780006260.1287417,0.0,0.4807,0.0,0,2.6909970594708637,-14.510126890322935,19.73499082967505
1780006260.1287417,0.0,0.4807,0.0,0,2.6909970594708637,-14.510126890322935,19.73499082967505
1780006260.179022,0.0,0.4807,0.1094112994040952,0,2.708447787763731,-14.50742244470167,19.752649876763435
1780006260.179022,0.0,0.4807,0.0,0,2.708447787763731,-14.50742244470167,19.752649876763435
1780006260.2304628,0.0,0.5608,0.33209196033944127,0,2.762625856260281,-14.498058231537042,19.807631251739053
1780006260.2304628,0.0,0.5608,0.0,0,2.762625856260281,-14.498058231537042,19.807631251739053
1780006260.2304628,0.0,0.5608,0.0,0,2.762625856260281,-14.498058231537042,19.807631251739053
1780006260.2304628,0.0,0.5608,0.0,0,2.762625856260281,-14.498058231537042,19.807631251739053
1780006260.2789738,0.0,0.5608,0.0,0,2.762625856260281,-14.498058231537042,19.807631251739053
1780006260.2789738,0.0,0.5608,0.0,0,2.762625856260281,-14.498058231537042,19.807631251739053
1780006260.3296075,0.0,0.4807,0.4377590259492398,0,2.811055811186467,-14.48861590222265,19.856973101289245
1780006260.3296075,0.0,0.4807,0.0,0,2.811055811186467,-14.48861590222265,19.856973101289245
1780006260.3296075,0.0,0.4807,0.0,0,2.811055811186467,-14.48861590222265,19.856973101289245
1780006260.3296075,0.0,0.4807,0.0,0,2.811055811186467,-14.48861590222265,19.856973101289245
1780006260.3790064,0.0,0.4807,0.0,0,2.811055811186467,-14.48861590222265,19.856973101289245
1780006260.3790064,0.0,0.4807,0.0,0,2.826493423931319,-14.485022854641583,19.87282333403769
1780006260.4290264,0.0,0.4807,0.0,0,2.826493423931319,-14.485022854641583,19.87282333403769
1780006260.4290264,0.0,0.4807,0.0,0,2.826493423931319,-14.485022854641583,19.87282333403769
1780006260.4290264,0.0,0.4807,0.0,0,2.826493423931319,-14.485022854641583,19.87282333403769
1780006260.4290264,0.0,0.4807,0.0,0,2.826493423931319,-14.485022854641583,19.87282333403769
1780006260.4789557,0.0,0.4807,0.47619041949210655,0,2.85734276163246,-14.477842784767018,19.904497219811347
1780006260.4789557,0.0,0.4807,0.0,0,2.85734276163246,-14.477842784767018,19.904497219811347
1780006260.5293849,0.0,0.4006,1.118073032678011,0,2.8839141567206,-14.469363400266946,19.932388777645755
1780006260.5293849,0.0,0.4006,0.0,0,2.8839141567206,-14.469363400266946,19.932388777645755
1780006260.5293849,0.0,0.4006,0.0,0,2.8839141567206,-14.469363400266946,19.932388777645755
1780006260.6289935,0.0,0.4006,0.0,0,2.8839141567206,-14.469363400266946,19.932388777645755
1780006260.6289935,0.0,0.4006,0.0,0,2.8951505630746084,-14.46577767172094,19.944183449195148
1780006260.6798916,0.0,0.4006,1.6292749056780653,0,2.932833807036895,-14.450207171710828,19.98495681484095
1780006260.6798916,0.0,0.4006,0.0,0,2.932833807036895,-14.450207171710828,19.98495681484095
1780006260.7291753,0.0,0.4006,0.0,0,2.932833807036895,-14.450207171710828,19.98495681484095
1780006260.7291753,0.0,0.4006,0.0,0,2.932833807036895,-14.450207171710828,19.98495681484095
1780006260.7291753,0.0,0.4006,0.0,0,2.932833807036895,-14.450207171710828,19.98495681484095
1780006260.7291753,0.0,0.4006,0.0,0,2.932833807036895,-14.450207171710828,19.98495681484095
1780006260.7790055,0.0,0.4006,0.0,0,2.932833807036895,-14.450207171710828,19.98495681484095
1780006260.7790055,0.0,0.4006,0.0,0,2.9700839639482295,-14.431368561969931,20.02669968736895
1780006260.8288803,0.0,0.4006,0.3258403354038802,0,2.977660822046088,-14.426833090549165,20.035530275098182
1780006260.8288803,0.0,0.4006,0.0,0,2.977660822046088,-14.426833090549165,20.035530275098182
1780006260.8288803,0.0,0.4006,0.0,0,3.003262523354857,-14.411508033235275,20.06536824573255
1780006260.8288803,0.0,0.4006,0.0,0,3.003262523354857,-14.411508033235275,20.06536824573255
1780006260.87974,0.0,0.4006,0.0,0,3.003262523354857,-14.411508033235275,20.06536824573255
1780006260.87974,0.0,0.4006,0.0,0,3.0234006111368537,-14.397400426475862,20.089956192942385
1780006260.9304736,0.0,0.4006,0.0,0,3.0234006111368537,-14.397400426475862,20.089956192942385
1780006260.9304736,0.0,0.4006,0.0,0,3.0234006111368537,-14.397400426475862,20.089956192942385
1780006260.9304736,0.0,0.4006,0.0,0,3.0234006111368537,-14.397400426475862,20.089956192942385
1780006260.9304736,0.0,0.4006,0.0,0,3.0234006111368537,-14.397400426475862,20.089956192942385
1780006260.9801893,0.0,0.4006,0.5257910092841938,0,3.034953699892111,-14.389306985093532,20.104062136838348
1780006260.9801893,0.0,0.4006,0.0,0,3.034953699892111,-14.389306985093532,20.104062136838348
1780006261.0302625,0.0,0.4006,1.526802080655746,0,3.0656602042487147,-14.363962550960087,20.143877080657806
1780006261.0302625,0.0,0.4006,0.0,0,3.0656602042487147,-14.363962550960087,20.143877080657806
1780006261.0302625,0.0,0.4006,0.0,0,3.0656602042487147,-14.363962550960087,20.143877080657806
1780006261.0302625,0.0,0.4006,0.0,0,3.0656602042487147,-14.363962550960087,20.143877080657806
1780006261.0798633,0.0,0.4006,0.0,0,3.0656602042487147,-14.363962550960087,20.143877080657806
1780006261.0798633,0.0,0.4807,0.0,0,3.0656602042487147,-14.363962550960087,20.143877080657806
1780006261.138002,0.0,0.4807,1.3953541980834845,0,3.101178462598252,-14.329754658438462,20.19318962051285
1780006261.138002,0.0,0.4807,0.0,0,3.101178462598252,-14.329754658438462,20.19318962051285
1780006261.138002,0.0,0.4807,0.0,0,3.101178462598252,-14.329754658438462,20.19318962051285
1780006261.138002,0.0,0.4807,0.0,0,3.101178462598252,-14.329754658438462,20.19318962051285
1780006261.1791947,0.0,0.4807,0.0,0,3.101178462598252,-14.329754658438462,20.19318962051285
1780006261.1791947,0.0,0.4807,0.0,0,3.101178462598252,-14.329754658438462,20.19318962051285
1780006261.3301988,0.0,0.3204,0.6064041520681098,0,3.160805066427171,-14.296621830197832,20.261403374194888
1780006261.3301988,0.0,0.4006,0.0,0,3.1736212166104343,-14.280081429771169,20.28232796622901
1780006261.3301988,0.0,0.4006,0.0,0,3.1736212166104343,-14.280081429771169,20.28232796622901
1780006261.3301988,0.0,0.4807,0.0,0,3.1736212166104343,-14.280081429771169,20.28232796622901
1780006261.383525,0.0,0.4807,0.8445560355362222,0,3.188866737594627,-14.256735220593834,20.31021114024187
1780006261.383525,0.0,0.4807,0.0,0,3.188866737594627,-14.256735220593834,20.31021114024187
1780006261.428881,0.0,0.4807,0.0,0,3.188866737594627,-14.256735220593834,20.31021114024187
1780006261.428881,0.0,0.4807,0.0,0,3.188866737594627,-14.256735220593834,20.31021114024187
1780006261.428881,0.0,0.4807,0.0,0,3.200944152581906,-14.238240486507223,20.33230003205901
1780006261.428881,0.0,0.4807,0.0,0,3.2164648497956057,-14.21001106830893,20.36451481273207
1780006261.503491,0.0,0.4807,0.0,0,3.2164648497956057,-14.21001106830893,20.36451481273207
1780006261.503491,0.0,0.4807,0.0,0,3.2164648497956057,-14.21001106830893,20.36451481273207
1780006261.550214,0.0,0.4807,1.570896749969245,0,3.2374069877968283,-14.16430994293457,20.41478573876835
1780006261.550214,0.0,0.4807,0.0,0,3.2374069877968283,-14.16430994293457,20.41478573876835
1780006261.550214,0.0,0.4807,0.0,0,3.2374069877968283,-14.16430994293457,20.41478573876835
1780006261.5804021,0.0,0.4807,0.0,0,3.2374069877968283,-14.16430994293457,20.41478573876835
1780006261.5804021,0.0,0.4807,0.0,0,3.2374069877968283,-14.16430994293457,20.41478573876835
1780006261.630565,0.0,0.4006,0.2902385354672906,0,3.2402715175500845,-14.156743533346443,20.422876232249134
1780006261.630565,0.0,0.4006,0.0,0,3.2402715175500845,-14.156743533346443,20.422876232249134
1780006261.630565,0.0,0.4006,0.0,0,3.2402715175500845,-14.156743533346443,20.422876232249134
1780006261.630565,0.0,0.4006,0.0,0,3.2402715175500845,-14.156743533346443,20.422876232249134
1780006261.680694,0.0,0.4006,1.0586241460465244,0,3.2507126815051492,-14.12916409453242,20.45236594825375
1780006261.680694,0.0,0.4006,0.0,0,3.2507126815051492,-14.12916409453242,20.45236594825375
1780006261.729137,0.0,0.4807,1.021794866959063,0,3.26058509093823,-14.096406291187126,20.486579076553035
1780006261.729137,0.0,0.4807,0.0,0,3.26058509093823,-14.096406291187126,20.486579076553035
1780006261.729137,0.0,0.4807,0.0,0,3.26058509093823,-14.096406291187126,20.486579076553035
1780006261.729137,0.0,0.4807,0.0,0,3.26058509093823,-14.096406291187126,20.486579076553035
1780006261.7793565,0.0,0.4807,0.0,0,3.26058509093823,-14.096406291187126,20.486579076553035
1780006261.7793565,0.0,0.4807,0.0,0,3.26058509093823,-14.096406291187126,20.486579076553035
1780006261.8299925,0.0,0.4006,1.6260813434276324,0,3.2740082077500876,-14.041756023610732,20.542853687267957
1780006261.8299925,0.0,0.4006,0.0,0,3.2740082077500876,-14.041756023610732,20.542853687267957
1780006261.8299925,0.0,0.4006,0.0,0,3.2740082077500876,-14.041756023610732,20.542853687267957
1780006261.8299925,0.0,0.4006,0.0,0,3.2740082077500876,-14.041756023610732,20.542853687267957
1780006261.8789685,0.0,0.4006,0.0,0,3.2740082077500876,-14.041756023610732,20.542853687267957
1780006261.8789685,0.0,0.4006,0.0,0,3.2740082077500876,-14.041756023610732,20.542853687267957
1780006261.9301803,0.0,0.4807,1.0930862374540653,0,3.2834506298568273,-13.989204144968053,20.596247125854706
1780006261.9301803,0.0,0.4807,0.0,0,3.2834506298568273,-13.989204144968053,20.596247125854706
1780006261.9301803,0.0,0.4807,0.0,0,3.2834506298568273,-13.989204144968053,20.596247125854706
1780006261.9301803,0.0,0.4807,0.0,0,3.2834506298568273,-13.989204144968053,20.596247125854706
1780006261.9790568,0.0,0.4807,0.0,0,3.2834506298568273,-13.989204144968053,20.596247125854706
1780006261.9790568,0.0,0.4807,0.0,0,3.2834506298568273,-13.989204144968053,20.596247125854706
1780006262.029147,0.0,0.4807,0.29667598241469145,0,3.2847541834112643,-13.978469604691984,20.60706052526506
1780006262.029147,0.0,0.4807,0.0,0,3.2847541834112643,-13.978469604691984,20.60706052526506
1780006262.029147,0.0,0.4807,0.0,0,3.2847541834112643,-13.978469604691984,20.60706052526506
1780006262.029147,0.0,0.4807,0.0,0,3.2847541834112643,-13.978469604691984,20.60706052526506
1780006262.079008,0.0,0.4807,0.7699342248321308,0,3.2881217105085385,-13.950738595763783,20.634995254455205
1780006262.079008,0.0,0.4807,0.0,0,3.2881217105085385,-13.950738595763783,20.634995254455205
1780006262.1296546,0.0,0.4807,0.5577872183812611,0,3.2912963136137394,-13.913609895803114,20.672259425795044
1780006262.1296546,0.0,0.4807,0.0,0,3.2912963136137394,-13.913609895803114,20.672259425795044
1780006262.1296546,0.0,0.4807,0.0,0,3.2912963136137394,-13.913609895803114,20.672259425795044
1780006262.1296546,0.0,0.4807,0.0,0,3.2912963136137394,-13.913609895803114,20.672259425795044
1780006262.1798198,0.0,0.4807,0.0,0,3.2912963136137394,-13.913609895803114,20.672259425795044
1780006262.1798198,0.0,0.4807,0.0,0,3.2912963136137394,-13.913609895803114,20.672259425795044
1780006262.229507,0.0,0.5608,0.6897771303787463,0,3.295486196972175,-13.846304072673385,20.739695535926987
1780006262.229507,0.0,0.5608,0.0,0,3.295486196972175,-13.846304072673385,20.739695535926987
1780006262.229507,0.0,0.5608,0.0,0,3.295486196972175,-13.846304072673385,20.739695535926987
1780006262.229507,0.0,0.5608,0.0,0,3.295486196972175,-13.846304072673385,20.739695535926987
1780006262.2791688,0.0,0.5608,0.0,0,3.295486196972175,-13.846304072673385,20.739695535926987
1780006262.2791688,0.0,0.5608,0.0,0,3.295486196972175,-13.846304072673385,20.739695535926987
1780006262.3302205,0.0,0.5608,-0.7881253978782744,0,3.3733324808735485,-13.809058888925074,20.825992972909198
1780006262.3302205,0.0,0.5608,0.0,0,3.3733324808735485,-13.809058888925074,20.825992972909198
1780006262.3302205,0.0,0.5608,0.0,0,3.3775098285901217,-13.761003861007989,20.874229224235943
1780006262.3302205,0.0,0.5608,0.0,0,3.3775098285901217,-13.761003861007989,20.874229224235943
1780006262.379357,0.0,0.5608,0.0,0,3.3775098285901217,-13.761003861007989,20.874229224235943
1780006262.379357,0.0,0.5608,0.0,0,3.3775098285901217,-13.761003861007989,20.874229224235943
1780006262.4296331,0.0,0.4807,0.2069045943204351,0,3.3795700985397836,-13.731532737905484,20.90377227433556
1780006262.4296331,0.0,0.4807,0.0,0,3.3795700985397836,-13.731532737905484,20.90377227433556
1780006262.4296331,0.0,0.4807,0.0,0,3.3795700985397836,-13.731532737905484,20.90377227433556
1780006262.4296331,0.0,0.4807,0.0,0,3.3795700985397836,-13.731532737905484,20.90377227433556
1780006262.479948,0.0,0.4807,0.1294559830799328,0,3.380860163831202,-13.713079004199416,20.92227104608264
1780006262.479948,0.0,0.4807,0.0,0,3.380860163831202,-13.713079004199416,20.92227104608264
1780006262.5287683,0.0,0.4807,0.23241590660573375,0,3.383512393571432,-13.667064997976281,20.968361425678577
1780006262.5287683,0.0,0.4807,0.0,0,3.383512393571432,-13.667064997976281,20.968361425678577
1780006262.5287683,0.0,0.4807,0.0,0,3.383512393571432,-13.667064997976281,20.968361425678577
1780006262.5287683,0.0,0.4807,0.0,0,3.383512393571432,-13.667064997976281,20.968361425678577
1780006262.5787582,0.0,0.5608,0.0,0,3.383512393571432,-13.667064997976281,20.968361425678577
1780006262.5787582,0.0,0.5608,0.0,0,3.383512393571432,-13.667064997976281,20.968361425678577
1780006262.6300504,0.0,0.5608,0.0,0,3.383512393571432,-13.667064997976281,20.968361425678577
1780006262.6300504,0.0,0.5608,0.0,0,3.3866791339871423,-13.600827051065567,21.034675028022342
1780006262.6300504,0.0,0.5608,0.0,0,3.3866791339871423,-13.600827051065567,21.034675028022342
1780006262.6300504,0.0,0.5608,0.0,0,3.3866791339871423,-13.600827051065567,21.034675028022342
1780006262.6785796,0.0,0.5608,0.0,0,3.3866791339871423,-13.600827051065567,21.034675028022342
1780006262.6785796,0.0,0.5608,0.0,0,3.387033457753364,-13.591843223338621,21.0436658403304
1780006262.7311797,0.0,0.5608,0.12057589290397325,0,3.388575924854262,-13.552734193603664,21.082805275834342
1780006262.7311797,0.0,0.5608,0.0,0,3.388575924854262,-13.552734193603664,21.082805275834342
1780006262.7311797,0.0,0.5608,0.0,0,3.388575924854262,-13.552734193603664,21.082805275834342
1780006262.7311797,0.0,0.5608,0.0,0,3.388575924854262,-13.552734193603664,21.082805275834342
1780006262.796039,0.0,0.4807,0.0,0,3.388575924854262,-13.552734193603664,21.082805275834342
1780006262.796039,0.0,0.4807,0.0,0,3.3893290911430407,-13.521596797574123,21.113951779505847
1780006262.8345075,0.0,0.4807,0.0,0,3.3893290911430407,-13.521596797574123,21.113951779505847
1780006262.8345075,0.0,0.4807,0.0,0,3.3893290911430407,-13.521596797574123,21.113951779505847
1780006262.8345075,0.0,0.4807,0.0,0,3.3893290911430407,-13.521596797574123,21.113951779505847
1780006262.8345075,0.0,0.4807,0.0,0,3.3893290911430407,-13.521596797574123,21.113951779505847
1780006262.87913,0.0,0.4807,0.1412060210972972,0,3.38986022171218,-13.499638800885952,21.135916198875346
1780006262.87913,0.0,0.4807,0.0,0,3.38986022171218,-13.499638800885952,21.135916198875346
1780006262.9300418,0.0,0.5608,0.20707935789149748,0,3.390550537208618,-13.449035861816476,21.186523846300947
1780006262.9300418,0.0,0.5608,0.0,0,3.390550537208618,-13.449035861816476,21.186523846300947
1780006262.9300418,0.0,0.5608,0.0,0,3.390550537208618,-13.449035861816476,21.186523846300947
1780006262.9300418,0.0,0.5608,0.0,0,3.390550537208618,-13.449035861816476,21.186523846300947
1780006262.9807024,0.0,0.5608,0.0,0,3.390550537208618,-13.449035861816476,21.186523846300947
1780006262.9807024,0.0,0.5608,0.0,0,3.390550537208618,-13.449035861816476,21.186523846300947
1780006263.0298297,0.0,0.5608,0.0002254169241495334,0,3.390550715894852,-13.448969923565297,21.186589784794236
1780006263.0298297,0.0,0.5608,0.0,0,3.390550715894852,-13.448969923565297,21.186589784794236
1780006263.0298297,0.0,0.5608,0.0,0,3.3907269149475834,-13.383949483998476,21.25161046310175
1780006263.0298297,0.0,0.5608,0.0,0,3.3907269149475834,-13.383949483998476,21.25161046310175
1780006263.0803196,0.0,0.5608,0.0,0,3.3907269149475834,-13.383949483998476,21.25161046310175
1780006263.0803196,0.0,0.5608,0.0,0,3.3907269149475834,-13.383949483998476,21.25161046310175
1780006263.1290817,0.0,0.4807,0.1934498196284765,0,3.390465826495001,-13.345115652746719,21.290445172021347
1780006263.1290817,0.0,0.4807,0.0,0,3.390465826495001,-13.345115652746719,21.290445172021347
1780006263.1290817,0.0,0.4807,0.0,0,3.390465826495001,-13.345115652746719,21.290445172021347
1780006263.1290817,0.0,0.4807,0.0,0,3.390465826495001,-13.345115652746719,21.290445172021347
1780006263.1808462,0.0,0.4807,0.0,0,3.390465826495001,-13.345115652746719,21.290445172021347
1780006263.1808462,0.0,0.4807,0.0,0,3.426080988292325,-13.339746316317516,21.326462799976827
1780006263.23001,0.0,0.4807,0.0,0,3.426080988292325,-13.339746316317516,21.326462799976827
1780006263.23001,0.0,0.4807,0.0,0,3.426080988292325,-13.339746316317516,21.326462799976827
1780006263.23001,0.0,0.4807,0.0,0,3.426080988292325,-13.339746316317516,21.326462799976827
1780006263.23001,0.0,0.4807,0.0,0,3.426080988292325,-13.339746316317516,21.326462799976827
1780006263.2808256,0.0,0.4807,0.07742804839683567,0,3.4265301180521033,-13.326750064345298,21.339466810237763
1780006263.2808256,0.0,0.4807,0.0,0,3.4265301180521033,-13.326750064345298,21.339466810237763
1780006263.4290266,0.0,0.4807,0.0,0,3.4265301180521033,-13.326750064345298,21.339466810237763
1780006263.4290266,0.0,0.4807,0.0,0,3.4265301180521033,-13.326750064345298,21.339466810237763
1780006263.47988,0.0,0.4807,0.0,0,3.4265301180521033,-13.326750064345298,21.339466810237763
1780006263.47988,0.0,0.4807,0.0,0,3.4255879410235184,-13.215842020114469,21.45037885634936
1780006263.5301476,0.0,0.4807,0.0,0,3.4255879410235184,-13.215842020114469,21.45037885634936
1780006263.5301476,0.0,0.4807,0.0,0,3.4255879410235184,-13.215842020114469,21.45037885634936
1780006263.5301476,0.0,0.4807,0.0,0,3.4252945170354248,-13.181301716474566,21.484920406302617
1780006263.5301476,0.0,0.4807,0.0,0,3.4252945170354248,-13.181301716474566,21.484920406302617
1780006263.5800426,0.0,0.4807,0.0,0,3.4252945170354248,-13.181301716474566,21.484920406302617
1780006263.5800426,0.0,0.4807,0.0,0,3.422184003873412,-13.150858532243493,21.51552208531306
1780006263.6303842,0.0,0.4807,0.0,0,3.422184003873412,-13.150858532243493,21.51552208531306
1780006263.6303842,0.0,0.4807,0.0,0,3.422184003873412,-13.150858532243493,21.51552208531306
1780006263.6303842,0.0,0.4807,0.0,0,3.422184003873412,-13.150858532243493,21.51552208531306
1780006263.6303842,0.0,0.4807,0.0,0,3.422184003873412,-13.150858532243493,21.51552208531306
1780006263.6803377,0.0,0.4807,0.3866856445013675,0,3.420408933680145,-13.13348558247537,21.532985482973217
1780006263.6803377,0.0,0.4807,0.0,0,3.420408933680145,-13.13348558247537,21.532985482973217
1780006263.7303405,0.0,0.4807,1.4582670832139748,0,3.412088168848262,-13.086568990924237,21.580634215277062
1780006263.7303405,0.0,0.4807,0.0,0,3.412088168848262,-13.086568990924237,21.580634215277062
1780006263.7303405,0.0,0.4807,0.0,0,3.412088168848262,-13.086568990924237,21.580634215277062
1780006263.7303405,0.0,0.4807,0.0,0,3.412088168848262,-13.086568990924237,21.580634215277062
1780006263.7808762,0.0,0.4807,0.0,0,3.412088168848262,-13.086568990924237,21.580634215277062
1780006263.7808762,0.0,0.4807,0.0,0,3.412088168848262,-13.086568990924237,21.580634215277062
1780006263.8301382,0.0,0.4006,1.4392431607717284,0,3.4025038483774277,-13.04819047957741,21.620191380646766
1780006263.8301382,0.0,0.4006,0.0,0,3.4025038483774277,-13.04819047957741,21.620191380646766
1780006263.8301382,0.0,0.4006,0.0,0,3.4025038483774277,-13.04819047957741,21.620191380646766
1780006263.8301382,0.0,0.4006,0.0,0,3.4025038483774277,-13.04819047957741,21.620191380646766
1780006263.8792987,0.0,0.4006,0.0,0,3.4025038483774277,-13.04819047957741,21.620191380646766
1780006263.8792987,0.0,0.4006,0.0,0,3.4025038483774277,-13.04819047957741,21.620191380646766
1780006263.931052,0.0,0.4006,0.4752546070474743,0,3.3979611139743096,-13.034194091436309,21.63490651968293
1780006263.931052,0.0,0.4006,0.0,0,3.3979611139743096,-13.034194091436309,21.63490651968293
1780006263.931052,0.0,0.4006,0.0,0,3.3979611139743096,-13.034194091436309,21.63490651968293
1780006263.931052,0.0,0.4006,0.0,0,3.3979611139743096,-13.034194091436309,21.63490651968293
1780006263.9797015,0.0,0.4006,0.8962808208835638,0,3.389907773958275,-13.009381354724404,21.660993454890964
1780006263.9797015,0.0,0.4006,0.0,0,3.389907773958275,-13.009381354724404,21.660993454890964
1780006264.0283763,0.0,0.4807,1.1510129511825298,0,3.3770254826547963,-12.978251725376143,21.6946833235845
1780006264.0283763,0.0,0.4807,0.0,0,3.3770254826547963,-12.978251725376143,21.6946833235845
1780006264.0283763,0.0,0.4807,0.0,0,3.3770254826547963,-12.978251725376143,21.6946833235845
1780006264.0283763,0.0,0.4807,0.0,0,3.3770254826547963,-12.978251725376143,21.6946833235845
1780006264.0792966,0.0,0.4807,0.44198177984632997,0,3.3718505653833843,-12.96574670955466,21.708216807594965
1780006264.0792966,0.0,0.4807,0.0,0,3.3718505653833843,-12.96574670955466,21.708216807594965
1780006264.1292732,0.0,0.4807,1.3227451713909362,0,3.35004263093981,-12.921560992820151,21.757491177890664
1780006264.1292732,0.0,0.4807,0.0,0,3.35004263093981,-12.921560992820151,21.757491177890664
1780006264.1292732,0.0,0.4807,0.0,0,3.35004263093981,-12.921560992820151,21.757491177890664
1780006264.1292732,0.0,0.4807,0.0,0,3.35004263093981,-12.921560992820151,21.757491177890664
1780006264.1788652,0.0,0.4807,0.0,0,3.35004263093981,-12.921560992820151,21.757491177890664
1780006264.1788652,0.0,0.4807,0.0,0,3.35004263093981,-12.921560992820151,21.757491177890664
1780006264.2298207,0.0,0.4807,0.03730751201118244,0,3.349059381546602,-12.919812577509871,21.759497102980607
1780006264.2298207,0.0,0.4807,0.0,0,3.349059381546602,-12.919812577509871,21.759497102980607
1780006264.2298207,0.0,0.4807,0.0,0,3.349059381546602,-12.919812577509871,21.759497102980607
1780006264.2298207,0.0,0.4807,0.0,0,3.349059381546602,-12.919812577509871,21.759497102980607
1780006264.2823384,0.0,0.4807,0.9884488687228956,0,3.322209921486052,-12.872068833789454,21.814272631914466
1780006264.2823384,0.0,0.4807,0.0,0,3.322209921486052,-12.872068833789454,21.814272631914466
1780006264.3294728,0.0,0.4807,0.24235874929675985,0,3.316848476581059,-12.863455635389133,21.824418186515008
1780006264.3294728,0.0,0.4807,0.0,0,3.316848476581059,-12.863455635389133,21.824418186515008
1780006264.3294728,0.0,0.4807,0.0,0,3.316848476581059,-12.863455635389133,21.824418186515008
1780006264.3294728,0.0,0.4807,0.0,0,3.316848476581059,-12.863455635389133,21.824418186515008
1780006264.3795366,0.0,0.4807,0.6604712233514349,0,3.301329492097764,-12.838524279253836,21.853785028329167
1780006264.3795366,0.0,0.4807,0.0,0,3.301329492097764,-12.838524279253836,21.853785028329167
1780006264.4294195,0.0,0.4807,0.5380291080596011,0,3.2815015757458923,-12.809125804870716,21.889245098308113
1780006264.4294195,0.0,0.4807,0.0,0,3.2815015757458923,-12.809125804870716,21.889245098308113
1780006264.4294195,0.0,0.4807,0.0,0,3.2815015757458923,-12.809125804870716,21.889245098308113
1780006264.4294195,0.0,0.4807,0.0,0,3.2815015757458923,-12.809125804870716,21.889245098308113
1780006264.4805298,0.0,0.4807,0.0,0,3.2815015757458923,-12.809125804870716,21.889245098308113
1780006264.4805298,0.0,0.4807,0.0,0,3.2815015757458923,-12.809125804870716,21.889245098308113
1780006264.530349,0.0,0.4006,0.9998179438713375,0,3.2514784875315086,-12.767371027053565,21.940673177180344
1780006264.530349,0.0,0.4006,0.0,0,3.2514784875315086,-12.767371027053565,21.940673177180344
1780006264.530349,0.0,0.4006,0.0,0,3.2514784875315086,-12.767371027053565,21.940673177180344
1780006264.530349,0.0,0.4006,0.0,0,3.2514784875315086,-12.767371027053565,21.940673177180344
1780006264.5801764,0.0,0.4006,0.0,0,3.2514784875315086,-12.767371027053565,21.940673177180344
1780006264.5801764,0.0,0.4006,0.0,0,3.2514784875315086,-12.767371027053565,21.940673177180344
1780006264.6289883,0.0,0.4807,0.7653092035780166,0,3.220743706552462,-12.728639174445275,21.990117925822645
1780006264.6289883,0.0,0.4807,0.0,0,3.220743706552462,-12.728639174445275,21.990117925822645
1780006264.6289883,0.0,0.4807,0.0,0,3.220743706552462,-12.728639174445275,21.990117925822645
1780006264.6289883,0.0,0.4807,0.0,0,3.220743706552462,-12.728639174445275,21.990117925822645
1780006264.6786988,0.0,0.4807,0.0,0,3.220743706552462,-12.728639174445275,21.990117925822645
1780006264.6786988,0.0,0.4807,0.0,0,3.220743706552462,-12.728639174445275,21.990117925822645
1780006264.7297761,0.0,0.4807,0.30125279290348794,0,3.2069069841561033,-12.712392041450386,22.01145859631885
1780006264.7297761,0.0,0.4807,0.0,0,3.2069069841561033,-12.712392041450386,22.01145859631885
1780006264.7297761,0.0,0.4807,0.0,0,3.1895723859812875,-12.692037689177397,22.038194114835147
1780006264.7297761,0.0,0.4807,0.0,0,3.1895723859812875,-12.692037689177397,22.038194114835147
1780006264.7801836,0.0,0.5608,0.43336529478520647,0,3.1596852532238997,-12.658778967508178,22.082908578619566
1780006264.7801836,0.0,0.5608,0.0,0,3.1596852532238997,-12.658778967508178,22.082908578619566
1780006264.828425,0.0,0.5608,0.0,0,3.1596852532238997,-12.658778967508178,22.082908578619566
1780006264.828425,0.0,0.5608,0.0,0,3.1596852532238997,-12.658778967508178,22.082908578619566
1780006264.828425,0.0,0.5608,0.0,0,3.1596852532238997,-12.658778967508178,22.082908578619566
1780006264.828425,0.0,0.5608,0.0,0,3.1596852532238997,-12.658778967508178,22.082908578619566
1780006264.8798475,0.0,0.5608,0.0,0,3.1596852532238997,-12.658778967508178,22.082908578619566
1780006264.8798475,0.0,0.5608,0.0,0,3.1596852532238997,-12.658778967508178,22.082908578619566
1780006264.9294028,0.0,0.4807,-0.11024826025314735,0,3.12005402432089,-12.613910093526755,22.14277384531674
1780006264.9294028,0.0,0.6409,0.0,0,3.12005402432089,-12.613910093526755,22.14277384531674
1780006264.9294028,0.0,0.6409,0.0,0,3.12005402432089,-12.613910093526755,22.14277384531674
1780006264.9294028,0.0,0.6409,0.0,0,3.114458015368721,-12.607348293514798,22.151397796591514
1780006264.9786758,0.0,0.6409,0.0,0,3.114458015368721,-12.607348293514798,22.151397796591514
1780006264.9786758,0.0,0.6409,0.0,0,3.114458015368721,-12.607348293514798,22.151397796591514
1780006265.0322974,0.0,0.6409,0.0,0,3.114458015368721,-12.607348293514798,22.151397796591514
1780006265.0322974,0.0,0.6409,0.0,0,3.114458015368721,-12.607348293514798,22.151397796591514
1780006265.0322974,0.0,0.6409,0.0,0,3.0791131275142556,-12.565903383842848,22.20586743616404
1780006265.0322974,0.0,0.6409,0.0,0,3.0791131275142556,-12.565903383842848,22.20586743616404
1780006265.0789967,0.0,0.6409,0.0,0,3.0791131275142556,-12.565903383842848,22.20586743616404
1780006265.0789967,0.0,0.6409,0.0,0,3.0791131275142556,-12.565903383842848,22.20586743616404
1780006265.1302834,0.0,0.5608,-0.2743502446529644,0,3.057155131744279,-12.538745325146976,22.24079183637883
1780006265.1302834,0.0,0.5608,0.0,0,3.057155131744279,-12.538745325146976,22.24079183637883
1780006265.1302834,0.0,0.5608,0.0,0,3.057155131744279,-12.538745325146976,22.24079183637883
1780006265.1302834,0.0,0.5608,0.0,0,3.0382128621495874,-12.515317172829494,22.27091969555284
1780006265.1795814,0.0,0.5608,0.0,0,3.0382128621495874,-12.515317172829494,22.27091969555284
1780006265.1795814,0.0,0.5608,0.0,0,3.0382128621495874,-12.515317172829494,22.27091969555284
1780006265.2336133,0.0,0.5608,-0.7304620518508996,0,3.010902006829299,-12.478650106339872,22.316640113128365
1780006265.2336133,0.0,0.5608,0.0,0,3.0001184198137967,-12.4294347965313,22.367022972003927
1780006265.2336133,0.0,0.5608,0.0,0,3.0001184198137967,-12.4294347965313,22.367022972003927
1780006265.2336133,0.0,0.5608,0.0,0,3.0001184198137967,-12.4294347965313,22.367022972003927
1780006265.2794766,0.0,0.5608,0.0,0,3.0001184198137967,-12.4294347965313,22.367022972003927
1780006265.2794766,0.0,0.5608,0.0,0,3.0001184198137967,-12.4294347965313,22.367022972003927
1780006265.3304434,0.0,0.5608,-0.8435909849278266,0,2.9689016841790514,-12.381447653414831,22.424270246944925
1780006265.3304434,0.0,0.5608,0.0,0,2.9689016841790514,-12.381447653414831,22.424270246944925
1780006265.3304434,0.0,0.5608,0.0,0,2.9689016841790514,-12.381447653414831,22.424270246944925
1780006265.3304434,0.0,0.6409,0.0,0,2.9583762221371246,-12.363376353089777,22.445183334871732
1780006265.3794947,0.0,0.6409,0.0,0,2.9583762221371246,-12.363376353089777,22.445183334871732
1780006265.3794947,0.0,0.6409,0.0,0,2.9583762221371246,-12.363376353089777,22.445183334871732
1780006265.4406765,0.0,0.6409,0.0,0,2.9583762221371246,-12.363376353089777,22.445183334871732
1780006265.4406765,0.0,0.6409,0.0,0,2.9583762221371246,-12.363376353089777,22.445183334871732
1780006265.4406765,0.0,0.6409,0.0,0,2.936433350237288,-12.325702355832782,22.488781725857326
1780006265.4406765,0.0,0.6409,0.0,0,2.936433350237288,-12.325702355832782,22.488781725857326
1780006265.4963267,0.0,0.6409,0.0,0,2.936433350237288,-12.325702355832782,22.488781725857326
1780006265.4963267,0.0,0.5608,0.0,0,2.936433350237288,-12.325702355832782,22.488781725857326
1780006265.5288558,0.0,0.5608,-0.8384482530916298,0,2.920340684179488,-12.294953120319928,22.5234874802141
1780006265.5288558,0.0,0.5608,0.0,0,2.920340684179488,-12.294953120319928,22.5234874802141
1780006265.5288558,0.0,0.5608,0.0,0,2.920340684179488,-12.294953120319928,22.5234874802141
1780006265.5288558,0.0,0.5608,0.0,0,2.9097316688774333,-12.274681829726394,22.546367087466123
1780006265.5814633,0.0,0.5608,0.0,0,2.9097316688774333,-12.274681829726394,22.546367087466123
1780006265.5814633,0.0,0.5608,0.0,0,2.9097316688774333,-12.274681829726394,22.546367087466123
1780006265.6287012,0.0,0.5608,-0.8655385013617835,0,2.886263141754552,-12.22499513939226,22.601317419236526
1780006265.6287012,0.0,0.5608,0.0,0,2.886263141754552,-12.22499513939226,22.601317419236526
1780006265.6287012,0.0,0.5608,0.0,0,2.886263141754552,-12.22499513939226,22.601317419236526
1780006265.6287012,0.0,0.5608,0.0,0,2.886263141754552,-12.22499513939226,22.601317419236526
1780006265.6795456,0.0,0.5608,0.0,0,2.886263141754552,-12.22499513939226,22.601317419236526
1780006265.6795456,0.0,0.5608,0.0,0,2.886263141754552,-12.22499513939226,22.601317419236526
1780006265.7287846,0.0,0.5608,-0.6570945399737966,0,2.8634973225068343,-12.172459404849775,22.658573737053324
1780006265.7287846,0.0,0.5608,0.0,0,2.8634973225068343,-12.172459404849775,22.658573737053324
1780006265.7287846,0.0,0.5608,0.0,0,2.8634973225068343,-12.172459404849775,22.658573737053324
1780006265.7287846,0.0,0.5608,0.0,0,2.8634973225068343,-12.172459404849775,22.658573737053324
1780006265.779355,0.0,0.5608,0.0,0,2.8634973225068343,-12.172459404849775,22.658573737053324
1780006265.779355,0.0,0.5608,0.0,0,2.8634973225068343,-12.172459404849775,22.658573737053324
1780006265.833356,0.0,0.4807,-0.10438902529003688,0,2.8571900615526875,-12.157206466865105,22.675079301506194
1780006265.833356,0.0,0.4807,0.0,0,2.8571900615526875,-12.157206466865105,22.675079301506194
1780006265.833356,0.0,0.4807,0.0,0,2.8571900615526875,-12.157206466865105,22.675079301506194
1780006265.833356,0.0,0.4807,0.0,0,2.8571900615526875,-12.157206466865105,22.675079301506194
1780006265.8794801,0.0,0.4807,-0.24231619484500516,0,2.844684684243557,-12.126964536816907,22.707804808296522
1780006265.8794801,0.0,0.4807,0.0,0,2.844684684243557,-12.126964536816907,22.707804808296522
1780006265.929906,0.0,0.5608,0.04194899004792874,0,2.8301941948261575,-12.092211830015309,22.7454574962961
1780006265.929906,0.0,0.5608,0.0,0,2.8301941948261575,-12.092211830015309,22.7454574962961
1780006265.929906,0.0,0.5608,0.0,0,2.8301941948261575,-12.092211830015309,22.7454574962961
1780006265.929906,0.0,0.5608,0.0,0,2.8301941948261575,-12.092211830015309,22.7454574962961
1780006265.9796698,0.0,0.5608,0.016604398411703882,0,2.824533799876927,-12.078636439951836,22.760165701025322
1780006265.9796698,0.0,0.5608,0.0,0,2.824533799876927,-12.078636439951836,22.760165701025322
1780006266.030372,0.0,0.5608,0.19895108608421413,0,2.801137580713459,-12.024080901343325,22.81952637709972
1780006266.030372,0.0,0.5608,0.0,0,2.801137580713459,-12.024080901343325,22.81952637709972
1780006266.030372,0.0,0.5608,0.0,0,2.801137580713459,-12.024080901343325,22.81952637709972
1780006266.030372,0.0,0.5608,0.0,0,2.801137580713459,-12.024080901343325,22.81952637709972
1780006266.0787568,0.0,0.5608,0.0,0,2.801137580713459,-12.024080901343325,22.81952637709972
1780006266.0787568,0.0,0.5608,0.0,0,2.801137580713459,-12.024080901343325,22.81952637709972
1780006266.1289527,0.0,0.4807,0.42158425043712117,0,2.7817006676177485,-11.981281366655502,22.866532693273022
1780006266.1289527,0.0,0.4807,0.0,0,2.7817006676177485,-11.981281366655502,22.866532693273022
1780006266.1289527,0.0,0.4807,0.0,0,2.7817006676177485,-11.981281366655502,22.866532693273022
1780006266.1289527,0.0,0.4807,0.0,0,2.7817006676177485,-11.981281366655502,22.866532693273022
1780006266.1801147,0.0,0.4807,0.0,0,2.7817006676177485,-11.981281366655502,22.866532693273022
1780006266.1801147,0.0,0.4807,0.0,0,2.7817006676177485,-11.981281366655502,22.866532693273022
1780006266.2287815,0.0,0.5608,0.17563845289976518,0,2.771859129622653,-11.960721555364842,22.88932658961429
1780006266.2287815,0.0,0.5608,0.0,0,2.771859129622653,-11.960721555364842,22.88932658961429
1780006266.2287815,0.0,0.5608,0.0,0,2.771859129622653,-11.960721555364842,22.88932658961429
1780006266.2287815,0.0,0.5608,0.0,0,2.771859129622653,-11.960721555364842,22.88932658961429
1780006266.2833807,0.0,0.5608,0.21259370049907264,0,2.75849475378377,-11.932802235701406,22.920279698537822
1780006266.2833807,0.0,0.5608,0.0,0,2.75849475378377,-11.932802235701406,22.920279698537822
1780006266.3321881,0.0,0.4807,0.39148948723884636,0,2.741064295781783,-11.898485032187729,22.958769844330714
1780006266.3321881,0.0,0.4807,0.0,0,2.741064295781783,-11.898485032187729,22.958769844330714
1780006266.3321881,0.0,0.4807,0.0,0,2.741064295781783,-11.898485032187729,22.958769844330714
1780006266.3321881,0.0,0.4807,0.0,0,2.741064295781783,-11.898485032187729,22.958769844330714
1780006266.3793993,0.0,0.4807,0.0,0,2.741064295781783,-11.898485032187729,22.958769844330714
1780006266.3793993,0.0,0.4807,0.0,0,2.741064295781783,-11.898485032187729,22.958769844330714
1780006266.4289165,0.0,0.5608,0.581520711777216,0,2.709930897819185,-11.840265457046918,23.02479110907378
1780006266.4289165,0.0,0.5608,0.0,0,2.709930897819185,-11.840265457046918,23.02479110907378
1780006266.4289165,0.0,0.5608,0.0,0,2.709930897819185,-11.840265457046918,23.02479110907378
1780006266.4289165,0.0,0.5608,0.0,0,2.709930897819185,-11.840265457046918,23.02479110907378
1780006266.4792967,0.0,0.5608,0.0,0,2.709930897819185,-11.840265457046918,23.02479110907378
1780006266.4792967,0.0,0.5608,0.0,0,2.709930897819185,-11.840265457046918,23.02479110907378
1780006266.532441,0.0,0.4807,0.08564742825023905,0,2.68702800499918,-11.798232145109544,23.072659071344482
1780006266.532441,0.0,0.4807,0.0,0,2.68702800499918,-11.798232145109544,23.072659071344482
1780006266.532441,0.0,0.4807,0.0,0,2.68702800499918,-11.798232145109544,23.072659071344482
1780006266.532441,0.0,0.4807,0.0,0,2.68702800499918,-11.798232145109544,23.072659071344482
1780006266.5784123,0.0,0.4807,0.0,0,2.68702800499918,-11.798232145109544,23.072659071344482
1780006266.5784123,0.0,0.4807,0.0,0,2.68702800499918,-11.798232145109544,23.072659071344482
1780006266.631439,0.0,0.5608,0.03499046698881605,0,2.673560702033837,-11.773731122585772,23.100617403803174
1780006266.631439,0.0,0.5608,0.0,0,2.673560702033837,-11.773731122585772,23.100617403803174
1780006266.631439,0.0,0.5608,0.0,0,2.673560702033837,-11.773731122585772,23.100617403803174
1780006266.631439,0.0,0.5608,0.0,0,2.673560702033837,-11.773731122585772,23.100617403803174
1780006266.6785004,0.0,0.5608,0.03886668459853937,0,2.660284335784267,-11.749577470636925,23.12817934864128
1780006266.6785004,0.0,0.5608,0.0,0,2.660284335784267,-11.749577470636925,23.12817934864128
1780006266.7299137,0.0,0.5608,0.1874015972795957,0,2.6364930065770844,-11.707509590933583,23.176508779097052
1780006266.7299137,0.0,0.5608,0.0,0,2.6364930065770844,-11.707509590933583,23.176508779097052
1780006266.7299137,0.0,0.5608,0.0,0,2.6364930065770844,-11.707509590933583,23.176508779097052
1780006266.7299137,0.0,0.5608,0.0,0,2.6364930065770844,-11.707509590933583,23.176508779097052
1780006266.7786732,0.0,0.5608,0.0,0,2.6364930065770844,-11.707509590933583,23.176508779097052
1780006266.7786732,0.0,0.5608,0.0,0,2.630366294266251,-11.696676324989308,23.188954511488483
1780006266.8285592,0.0,0.5608,0.12558570284392548,0,2.601670213782954,-11.646669603931297,23.246609842430882
1780006266.8285592,0.0,0.5608,0.0,0,2.601670213782954,-11.646669603931297,23.246609842430882
1780006266.8285592,0.0,0.5608,0.0,0,2.601670213782954,-11.646669603931297,23.246609842430882
1780006266.8285592,0.0,0.5608,0.0,0,2.601670213782954,-11.646669603931297,23.246609842430882
1780006266.8797507,0.0,0.5608,0.0,0,2.601670213782954,-11.646669603931297,23.246609842430882
1780006266.8797507,0.0,0.5608,0.0,0,2.601670213782954,-11.646669603931297,23.246609842430882
1780006266.9303622,0.0,0.4807,0.2859961943026504,0,2.5790949747032834,-11.608615986546145,23.29085596334108
1780006266.9303622,0.0,0.4807,0.0,0,2.5790949747032834,-11.608615986546145,23.29085596334108
1780006266.9303622,0.0,0.4807,0.0,0,2.5790949747032834,-11.608615986546145,23.29085596334108
1780006266.9303622,0.0,0.5608,0.0,0,2.5790949747032834,-11.608615986546145,23.29085596334108
1780006266.979952,0.0,0.5608,0.7966427722753495,0,2.5454573576351307,-11.642087168674761,23.338309196266884
1780006266.979952,0.0,0.5608,0.0,0,2.5454573576351307,-11.642087168674761,23.338309196266884
1780006267.0312607,0.0,0.5608,0.0,0,2.5454573576351307,-11.642087168674761,23.338309196266884
1780006267.0312607,0.0,0.5608,0.0,0,2.5454573576351307,-11.642087168674761,23.338309196266884
1780006267.0312607,0.0,0.5608,0.0,0,2.5454573576351307,-11.642087168674761,23.338309196266884
1780006267.0312607,0.0,0.5608,0.0,0,2.5454573576351307,-11.642087168674761,23.338309196266884
1780006267.078906,0.0,0.5608,0.08994132214915418,0,2.530261169094489,-11.618853881351452,23.366070856628077
1780006267.078906,0.0,0.5608,0.0,0,2.530261169094489,-11.618853881351452,23.366070856628077
1780006267.1289828,0.0,0.5608,-0.2762807006690009,0,2.5047853794165693,-11.578547405079401,23.41375343089985
1780006267.1289828,0.0,0.5608,0.0,0,2.5047853794165693,-11.578547405079401,23.41375343089985
1780006267.1289828,0.0,0.5608,0.0,0,2.5047853794165693,-11.578547405079401,23.41375343089985
1780006267.1289828,0.0,0.5608,0.0,0,2.5047853794165693,-11.578547405079401,23.41375343089985
1780006267.1806161,0.0,0.5608,0.0,0,2.5047853794165693,-11.578547405079401,23.41375343089985
1780006267.1806161,0.0,0.5608,0.0,0,2.5047853794165693,-11.578547405079401,23.41375343089985
1780006267.228781,0.0,0.5608,0.0,0,2.5047853794165693,-11.578547405079401,23.41375343089985
1780006267.228781,0.0,0.5608,0.0,0,2.5015791248426824,-11.573474634989116,23.419754519532876
1780006267.228781,0.0,0.5608,0.0,0,2.465159946940486,-11.514053897729047,23.489447995092657
1780006267.228781,0.0,0.5608,0.0,0,2.465159946940486,-11.514053897729047,23.489447995092657
1780006267.2790146,0.0,0.5608,0.0,0,2.465159946940486,-11.514053897729047,23.489447995092657
1780006267.2790146,0.0,0.5608,0.0,0,2.465159946940486,-11.514053897729047,23.489447995092657
1780006267.330495,0.0,0.5608,-0.3418413811680449,0,2.442944377983186,-11.476870087877318,23.532762741071206
1780006267.330495,0.0,0.5608,0.0,0,2.442944377983186,-11.476870087877318,23.532762741071206
1780006267.330495,0.0,0.5608,0.0,0,2.442944377983186,-11.476870087877318,23.532762741071206
1780006267.330495,0.0,0.5608,0.0,0,2.442944377983186,-11.476870087877318,23.532762741071206
1780006267.3800414,0.0,0.5608,0.0,0,2.442944377983186,-11.476870087877318,23.532762741071206
1780006267.3800414,0.0,0.5608,0.0,0,2.442944377983186,-11.476870087877318,23.532762741071206
1780006267.4291658,0.0,0.5608,-0.16343211895499235,0,2.426871754596273,-11.448821863588984,23.565089697443035
1780006267.4291658,0.0,0.5608,0.0,0,2.426871754596273,-11.448821863588984,23.565089697443035
1780006267.4291658,0.0,0.5608,0.0,0,2.426871754596273,-11.448821863588984,23.565089697443035
1780006267.4291658,0.0,0.5608,0.0,0,2.426871754596273,-11.448821863588984,23.565089697443035
1780006267.4780505,0.0,0.5608,0.0,0,2.426871754596273,-11.448821863588984,23.565089697443035
1780006267.4780505,0.0,0.5608,0.0,0,2.41509766781666,-11.428274985905423,23.588770983346404
1780006267.5290127,0.0,0.6409,-0.5111545770256671,0,2.386893714445911,-11.375545953028952,23.64856909279668
1780006267.5290127,0.0,0.6409,0.0,0,2.386893714445911,-11.375545953028952,23.64856909279668
1780006267.5290127,0.0,0.6409,0.0,0,2.386893714445911,-11.375545953028952,23.64856909279668
1780006267.5290127,0.0,0.6409,0.0,0,2.386893714445911,-11.375545953028952,23.64856909279668
1780006267.580172,0.0,0.5608,0.0,0,2.386893714445911,-11.375545953028952,23.64856909279668
1780006267.580172,0.0,0.5608,0.0,0,2.386893714445911,-11.375545953028952,23.64856909279668
1780006267.6288486,0.0,0.5608,-0.8474808967363392,0,2.3607124375021624,-11.322394569316122,23.70781880885502
1780006267.6288486,0.0,0.5608,0.0,0,2.3607124375021624,-11.322394569316122,23.70781880885502
1780006267.6288486,0.0,0.5608,0.0,0,2.3607124375021624,-11.322394569316122,23.70781880885502
1780006267.6288486,0.0,0.5608,0.0,0,2.3607124375021624,-11.322394569316122,23.70781880885502
1780006267.6787853,0.0,0.5608,0.0,0,2.3607124375021624,-11.322394569316122,23.70781880885502
1780006267.6787853,0.0,0.5608,0.0,0,2.3607124375021624,-11.322394569316122,23.70781880885502
1780006267.7343094,0.0,0.5608,-0.15489350636717536,0,2.3540082966177844,-11.307224561498682,23.724404183200473
1780006267.7343094,0.0,0.5608,0.0,0,2.3540082966177844,-11.307224561498682,23.724404183200473
1780006267.7343094,0.0,0.5608,0.0,0,2.331925780239596,-11.257256645868141,23.77903412116542
1780006267.7343094,0.0,0.5608,0.0,0,2.331925780239596,-11.257256645868141,23.77903412116542
1780006267.7798522,0.0,0.5608,0.0,0,2.331925780239596,-11.257256645868141,23.77903412116542
1780006267.7798522,0.0,0.5608,0.0,0,2.331925780239596,-11.257256645868141,23.77903412116542
1780006267.8331249,0.0,0.6409,-0.4497083282546067,0,2.3228547418020913,-11.233850541931417,23.804136500332174
1780006267.8331249,0.0,0.6409,0.0,0,2.3228547418020913,-11.233850541931417,23.804136500332174
1780006267.8331249,0.0,0.6409,0.0,0,2.3228547418020913,-11.233850541931417,23.804136500332174
1780006267.8331249,0.0,0.6409,0.0,0,2.3228547418020913,-11.233850541931417,23.804136500332174
1780006267.884404,0.0,0.6409,-0.43762297715561493,0,2.3143578241192677,-11.211925848325926,23.82765010915352
1780006267.884404,0.0,0.6409,0.0,0,2.3143578241192677,-11.211925848325926,23.82765010915352
1780006267.930174,0.0,0.5608,-0.8526033809685962,0,2.2965166925131264,-11.159958116964322,23.88259509145272
1780006267.930174,0.0,0.5608,0.0,0,2.2965166925131264,-11.159958116964322,23.88259509145272
1780006267.930174,0.0,0.5608,0.0,0,2.2965166925131264,-11.159958116964322,23.88259509145272
1780006267.930174,0.0,0.5608,0.0,0,2.2965166925131264,-11.159958116964322,23.88259509145272
1780006267.9796484,0.0,0.5608,0.0,0,2.2965166925131264,-11.159958116964322,23.88259509145272
1780006267.9796484,0.0,0.5608,0.0,0,2.2965166925131264,-11.159958116964322,23.88259509145272
1780006268.0308092,0.0,0.4807,0.24659664591732713,0,2.280442682891962,-11.114992944968524,23.930346955059424
1780006268.0308092,0.0,0.4807,0.0,0,2.280442682891962,-11.114992944968524,23.930346955059424
1780006268.0308092,0.0,0.4807,0.0,0,2.280442682891962,-11.114992944968524,23.930346955059424
1780006268.0308092,0.0,0.4807,0.0,0,2.280442682891962,-11.114992944968524,23.930346955059424
1780006268.0789142,0.0,0.4807,0.0,0,2.280442682891962,-11.114992944968524,23.930346955059424
1780006268.0789142,0.0,0.4807,0.0,0,2.280442682891962,-11.114992944968524,23.930346955059424
1780006268.1293101,0.0,0.5608,-0.002725089176267832,0,2.2734662466188165,-11.095454349123793,23.95109369915716
1780006268.1293101,0.0,0.5608,0.0,0,2.2734662466188165,-11.095454349123793,23.95109369915716
1780006268.1293101,0.0,0.5608,0.0,0,2.2734662466188165,-11.095454349123793,23.95109369915716
1780006268.1293101,0.0,0.5608,0.0,0,2.2734662466188165,-11.095454349123793,23.95109369915716
1780006268.1792932,0.0,0.5608,-0.00466224617487699,0,2.261628340914519,-11.062300451324335,23.986297632897024
1780006268.1792932,0.0,0.5608,0.0,0,2.261628340914519,-11.062300451324335,23.986297632897024
1780006268.230776,0.0,0.4807,-0.11998684750441375,0,2.250238160035944,-11.029515145371963,24.021005160997383
1780006268.230776,0.0,0.4807,0.0,0,2.250238160035944,-11.029515145371963,24.021005160997383
1780006268.230776,0.0,0.4807,0.0,0,2.250238160035944,-11.029515145371963,24.021005160997383
1780006268.230776,0.0,0.4807,0.0,0,2.250238160035944,-11.029515145371963,24.021005160997383
1780006268.2838974,0.0,0.4807,-0.045187729561175845,0,2.2458120389697775,-11.016775072594939,24.03449219188102
1780006268.2838974,0.0,0.4807,0.0,0,2.2458120389697775,-11.016775072594939,24.03449219188102
1780006268.3302355,0.0,0.5608,0.06415489108101342,0,2.227052886316475,-10.96329245603223,24.09116931321462
1780006268.3302355,0.0,0.5608,0.0,0,2.227052886316475,-10.96329245603223,24.09116931321462
1780006268.3302355,0.0,0.5608,0.0,0,2.227052886316475,-10.96329245603223,24.09116931321462
1780006268.3302355,0.0,0.5608,0.0,0,2.227052886316475,-10.96329245603223,24.09116931321462
1780006268.378609,0.0,0.5608,0.0,0,2.227052886316475,-10.96329245603223,24.09116931321462
1780006268.378609,0.0,0.5608,0.0,0,2.227052886316475,-10.96329245603223,24.09116931321462
1780006268.4290245,0.0,0.5608,0.09043971796459564,0,2.2079828786528797,-10.909707120163638,24.148046843157818
1780006268.4290245,0.0,0.5608,0.0,0,2.2079828786528797,-10.909707120163638,24.148046843157818
1780006268.4290245,0.0,0.5608,0.0,0,2.2079828786528797,-10.909707120163638,24.148046843157818
1780006268.4290245,0.0,0.5608,0.0,0,2.2079828786528797,-10.909707120163638,24.148046843157818
1780006268.479728,0.0,0.5608,0.0,0,2.2079828786528797,-10.909707120163638,24.148046843157818
1780006268.479728,0.0,0.5608,0.0,0,2.2079828786528797,-10.909707120163638,24.148046843157818
1780006268.5316834,0.0,0.4807,0.0806139720806237,0,2.2014213722270464,-10.891853343202621,24.167068165886533
1780006268.5316834,0.0,0.4807,0.0,0,2.2014213722270464,-10.891853343202621,24.167068165886533
1780006268.5316834,0.0,0.4807,0.0,0,2.2014213722270464,-10.891853343202621,24.167068165886533
1780006268.5316834,0.0,0.4807,0.0,0,2.2014213722270464,-10.891853343202621,24.167068165886533
1780006268.5795434,0.0,0.4807,0.1274215875261111,0,2.1918675557536473,-10.865857528008265,24.19476397453742
1780006268.5795434,0.0,0.4807,0.0,0,2.1918675557536473,-10.865857528008265,24.19476397453742
1780006268.6332023,0.0,0.5608,0.1465716124142477,0,2.1764597502752467,-10.825253157356277,24.238193404486523
1780006268.6332023,0.0,0.5608,0.0,0,2.1764597502752467,-10.825253157356277,24.238193404486523
1780006268.6332023,0.0,0.5608,0.0,0,2.1764597502752467,-10.825253157356277,24.238193404486523
1780006268.6332023,0.0,0.5608,0.0,0,2.1764597502752467,-10.825253157356277,24.238193404486523
1780006268.6801267,0.0,0.5608,0.0,0,2.1764597502752467,-10.825253157356277,24.238193404486523
1780006268.6801267,0.0,0.5608,0.0,0,2.1764597502752467,-10.825253157356277,24.238193404486523
1780006268.7385564,0.0,0.5608,-0.47869309025360735,0,2.153706915057583,-10.760633212932634,24.306702007798496
1780006268.7385564,0.0,0.5608,0.0,0,2.153706915057583,-10.760633212932634,24.306702007798496
1780006268.7385564,0.0,0.5608,0.0,0,2.153706915057583,-10.760633212932634,24.306702007798496
1780006268.7385564,0.0,0.5608,0.0,0,2.153706915057583,-10.760633212932634,24.306702007798496
1780006268.7890947,0.0,0.5608,-0.1275626860606323,0,2.1516970571066736,-10.753677149320815,24.313942612051907
1780006268.7890947,0.0,0.5608,0.0,0,2.1516970571066736,-10.753677149320815,24.313942612051907
1780006268.828896,0.0,0.5608,0.0,0,2.1516970571066736,-10.753677149320815,24.313942612051907
1780006268.828896,0.0,0.5608,0.0,0,2.1516970571066736,-10.753677149320815,24.313942612051907
1780006268.828896,0.0,0.5608,0.0,0,2.1792290518863835,-10.745122168014094,24.342773124390543
1780006268.828896,0.0,0.5608,0.0,0,2.1792290518863835,-10.745122168014094,24.342773124390543
1780006268.8790114,0.0,0.5608,0.0,0,2.1792290518863835,-10.745122168014094,24.342773124390543
1780006268.8790114,0.0,0.5608,0.0,0,2.1792290518863835,-10.745122168014094,24.342773124390543
1780006268.9308314,0.0,0.6409,-0.6378798031913184,0,2.1946029985523663,-10.73617181291798,24.360562646374987
1780006268.9308314,0.0,0.6409,0.0,0,2.1946029985523663,-10.73617181291798,24.360562646374987
1780006268.9308314,0.0,0.6409,0.0,0,2.1946029985523663,-10.73617181291798,24.360562646374987
1780006268.9308314,0.0,0.6409,0.0,0,2.187307059475433,-10.700926861852157,24.396554830285478
1780006268.9816535,0.0,0.5608,0.0,0,2.187307059475433,-10.700926861852157,24.396554830285478
1780006268.9816535,0.0,0.5608,0.0,0,2.187307059475433,-10.700926861852157,24.396554830285478
1780006269.0323977,0.0,0.5608,-0.8311465505531642,0,2.180922257183156,-10.657075533967657,24.44086853761792
1780006269.0323977,0.0,0.5608,0.0,0,2.180922257183156,-10.657075533967657,24.44086853761792
1780006269.0323977,0.0,0.5608,0.0,0,2.180922257183156,-10.657075533967657,24.44086853761792
1780006269.0323977,0.0,0.5608,0.0,0,2.180922257183156,-10.657075533967657,24.44086853761792
1780006269.078767,0.0,0.5608,0.0,0,2.180922257183156,-10.657075533967657,24.44086853761792
1780006269.078767,0.0,0.5608,0.0,0,2.180922257183156,-10.657075533967657,24.44086853761792
1780006269.1301315,0.0,0.6409,-1.4145099028529684,0,2.1733104856329146,-10.583362209361741,24.514973822791045
1780006269.1301315,0.0,0.6409,0.0,0,2.1733104856329146,-10.583362209361741,24.514973822791045
1780006269.1301315,0.0,0.6409,0.0,0,2.1733104856329146,-10.583362209361741,24.514973822791045
1780006269.1301315,0.0,0.6409,0.0,0,2.1733104856329146,-10.583362209361741,24.514973822791045
1780006269.1818914,0.0,0.6409,0.0,0,2.1733104856329146,-10.583362209361741,24.514973822791045
1780006269.1818914,0.0,0.4807,0.0,0,2.1728898574886135,-10.576179845013561,24.52216849343436
1780006269.2312186,0.0,0.4807,0.0,0,2.1728898574886135,-10.576179845013561,24.52216849343436
1780006269.2312186,0.0,0.4807,0.0,0,2.1728898574886135,-10.576179845013561,24.52216849343436
1780006269.2312186,0.0,0.4807,0.0,0,2.1705144034954276,-10.535618184310287,24.562799652668147
1780006269.2312186,0.0,0.4807,0.0,0,2.1705144034954276,-10.535618184310287,24.562799652668147
1780006269.2810493,0.0,0.4807,0.0,0,2.1705144034954276,-10.535618184310287,24.562799652668147
1780006269.2810493,0.0,0.4807,0.0,0,2.1705144034954276,-10.535618184310287,24.562799652668147
1780006269.328645,0.0,0.5608,-0.13799345523493628,0,2.169203739520025,-10.5069024195562,24.591545312957457
1780006269.328645,0.0,0.5608,0.0,0,2.169203739520025,-10.5069024195562,24.591545312957457
1780006269.328645,0.0,0.5608,0.0,0,2.169203739520025,-10.5069024195562,24.591545312957457
1780006269.328645,0.0,0.5608,0.0,0,2.169203739520025,-10.5069024195562,24.591545312957457
1780006269.3795335,0.0,0.5608,-0.1241595539421034,0,2.167942885183012,-10.479277950424269,24.619198541493745
1780006269.3795335,0.0,0.5608,0.0,0,2.167942885183012,-10.479277950424269,24.619198541493745
1780006269.430501,0.0,0.5608,-0.023093624884526966,0,2.165818471501994,-10.431288553298867,24.6672349377985
1780006269.430501,0.0,0.5608,0.0,0,2.165818471501994,-10.431288553298867,24.6672349377985
1780006269.430501,0.0,0.5608,0.0,0,2.165818471501994,-10.431288553298867,24.6672349377985
1780006269.430501,0.0,0.5608,0.0,0,2.165818471501994,-10.431288553298867,24.6672349377985
1780006269.4826338,0.0,0.5608,0.0,0,2.165818471501994,-10.431288553298867,24.6672349377985
1780006269.4826338,0.0,0.5608,0.0,0,2.165818471501994,-10.431288553298867,24.6672349377985
1780006269.5283885,0.0,0.5608,-0.11752854631577832,0,2.1631466915418325,-10.363968779144269,24.73460770974965
1780006269.5283885,0.0,0.5608,0.0,0,2.1631466915418325,-10.363968779144269,24.73460770974965
1780006269.5283885,0.0,0.5608,0.0,0,2.1631466915418325,-10.363968779144269,24.73460770974965
1780006269.5283885,0.0,0.5608,0.0,0,2.1631466915418325,-10.363968779144269,24.73460770974965
1780006269.5789936,0.0,0.5608,0.0,0,2.1631466915418325,-10.363968779144269,24.73460770974965
1780006269.5789936,0.0,0.5608,0.0,0,2.1631466915418325,-10.363968779144269,24.73460770974965
1780006269.640978,0.0,0.5608,0.03464668947552458,0,2.1609902890550745,-10.311663695363176,24.78695722608965
1780006269.640978,0.0,0.5608,0.0,0,2.1609902890550745,-10.311663695363176,24.78695722608965
1780006269.640978,0.0,0.5608,0.0,0,2.1609902890550745,-10.311663695363176,24.78695722608965
1780006269.640978,0.0,0.5608,0.0,0,2.1609902890550745,-10.311663695363176,24.78695722608965
1780006269.682583,0.0,0.5608,0.0,0,2.1609902890550745,-10.311663695363176,24.78695722608965
1780006269.682583,0.0,0.4807,0.0,0,2.1598295425984992,-10.286007241517105,24.812639923695084
1780006269.7320755,0.0,0.4807,0.0,0,2.1598295425984992,-10.286007241517105,24.812639923695084
1780006269.7320755,0.0,0.4807,0.0,0,2.1598295425984992,-10.286007241517105,24.812639923695084
1780006269.7320755,0.0,0.5608,0.0,0,2.1587215880685533,-10.261517669224993,24.83715454615375
1780006269.7320755,0.0,0.5608,0.0,0,2.156486683500622,-10.213005417182554,24.885718250673246
1780006269.7786157,0.0,0.5608,0.0,0,2.156486683500622,-10.213005417182554,24.885718250673246
1780006269.7786157,0.0,0.5608,0.0,0,2.156486683500622,-10.213005417182554,24.885718250673246
1780006269.8307402,0.0,0.5608,0.0,0,2.156486683500622,-10.213005417182554,24.885718250673246
1780006269.8307402,0.0,0.5608,0.0,0,2.156486683500622,-10.213005417182554,24.885718250673246
1780006269.8307402,0.0,0.5608,0.0,0,2.156486683500622,-10.213005417182554,24.885718250673246
1780006269.8307402,0.0,0.5608,0.0,0,2.156486683500622,-10.213005417182554,24.885718250673246
1780006269.8796031,0.0,0.5608,0.0,0,2.156486683500622,-10.213005417182554,24.885718250673246
1780006269.8796031,0.0,0.5608,0.0,0,2.156486683500622,-10.213005417182554,24.885718250673246
1780006269.9323802,0.0,0.5608,0.15731523273289225,0,2.152986106556133,-10.147768294720835,24.951049224843462
1780006269.9323802,0.0,0.5608,0.0,0,2.152986106556133,-10.147768294720835,24.951049224843462
1780006269.9323802,0.0,0.5608,0.0,0,2.152986106556133,-10.147768294720835,24.951049224843462
1780006269.9323802,0.0,0.5608,0.0,0,2.152986106556133,-10.147768294720835,24.951049224843462
1780006269.9815707,0.0,0.5608,0.0,0,2.152986106556133,-10.147768294720835,24.951049224843462
1780006269.9815707,0.0,0.5608,0.0,0,2.152986106556133,-10.147768294720835,24.951049224843462
1780006270.0311804,0.0,0.4807,0.04173398267108924,0,2.1523903605073404,-10.138587670788663,24.960249157948578
1780006270.0311804,0.0,0.4807,0.0,0,2.1523903605073404,-10.138587670788663,24.960249157948578
1780006270.0311804,0.0,0.4807,0.0,0,2.1499529013625507,-10.101025699872194,24.99789013118536
1780006270.0311804,0.0,0.4807,0.0,0,2.1499529013625507,-10.101025699872194,24.99789013118536
1780006270.078951,0.0,0.4807,0.0,0,2.1499529013625507,-10.101025699872194,24.99789013118536
1780006270.078951,0.0,0.4807,0.0,0,2.1499529013625507,-10.101025699872194,24.99789013118536
1780006270.1311953,0.0,0.6409,-0.12107813747694406,0,2.1480159539631454,-10.06476826985547,25.034199262222135
1780006270.1311953,0.0,0.6409,0.0,0,2.1480159539631454,-10.06476826985547,25.034199262222135
1780006270.1311953,0.0,0.6409,0.0,0,2.1480159539631454,-10.06476826985547,25.034199262222135
1780006270.1311953,0.0,0.6409,0.0,0,2.1480159539631454,-10.06476826985547,25.034199262222135
1780006270.1796677,0.0,0.6409,-0.1052931519019972,0,2.146453141619108,-10.03551421824282,25.063495028438062
1780006270.1796677,0.0,0.6409,0.0,0,2.146453141619108,-10.03551421824282,25.063495028438062
1780006270.2347844,0.0,0.4807,-0.06188791839225057,0,2.144305243220695,-9.992346699771353,25.10671595066925
1780006270.2347844,0.0,0.4807,0.0,0,2.144305243220695,-9.992346699771353,25.10671595066925
1780006270.2347844,0.0,0.4807,0.0,0,2.144305243220695,-9.992346699771353,25.10671595066925
1780006270.2347844,0.0,0.4807,0.0,0,2.144305243220695,-9.992346699771353,25.10671595066925
1780006270.2800627,0.0,0.4807,0.0,0,2.144305243220695,-9.992346699771353,25.10671595066925
1780006270.2800627,0.0,0.4807,0.0,0,2.144305243220695,-9.992346699771353,25.10671595066925
1780006270.332162,0.0,0.5608,0.30366660083248415,0,2.1405298593528195,-9.934280765316258,25.16490449135806
1780006270.332162,0.0,0.5608,0.0,0,2.1405298593528195,-9.934280765316258,25.16490449135806
1780006270.332162,0.0,0.5608,0.0,0,2.1405298593528195,-9.934280765316258,25.16490449135806
1780006270.332162,0.0,0.5608,0.0,0,2.1405298593528195,-9.934280765316258,25.16490449135806
1780006270.3797116,0.0,0.5608,0.0,0,2.1405298593528195,-9.934280765316258,25.16490449135806
1780006270.3797116,0.0,0.5608,0.0,0,2.1405298593528195,-9.934280765316258,25.16490449135806
1780006270.4287078,0.0,0.4807,0.03845606417287565,0,2.1394821938166495,-9.91978845135254,25.179434624430357
1780006270.4287078,0.0,0.4807,0.0,0,2.1394821938166495,-9.91978845135254,25.179434624430357
1780006270.4287078,0.0,0.4807,0.0,0,2.1369799157502114,-9.885174542512978,25.21413886164536
1780006270.4287078,0.0,0.4807,0.0,0,2.1369799157502114,-9.885174542512978,25.21413886164536
1780006270.4789112,0.0,0.4807,0.0,0,2.1369799157502114,-9.885174542512978,25.21413886164536
1780006270.4789112,0.0,0.4807,0.0,0,2.1369799157502114,-9.885174542512978,25.21413886164536
1780006270.5305643,0.0,0.5608,0.8850396204139505,0,2.126413149051043,-9.91037132341538,25.24146164200019
1780006270.5305643,0.0,0.5608,0.0,0,2.126413149051043,-9.91037132341538,25.24146164200019
1780006270.5305643,0.0,0.5608,0.0,0,2.126413149051043,-9.91037132341538,25.24146164200019
1780006270.5305643,0.0,0.5608,0.0,0,2.126413149051043,-9.91037132341538,25.24146164200019
1780006270.5791924,0.0,0.5608,0.0,0,2.126413149051043,-9.91037132341538,25.24146164200019
1780006270.5791924,0.0,0.5608,0.0,0,2.123701262716839,-9.888353482616491,25.263645862539455
1780006270.6292374,0.0,0.4807,0.860339021450758,0,2.116271016803896,-9.843897426833536,25.308718575460958
1780006270.6292374,0.0,0.4807,0.0,0,2.116271016803896,-9.843897426833536,25.308718575460958
1780006270.6292374,0.0,0.4807,0.0,0,2.116271016803896,-9.843897426833536,25.308718575460958
1780006270.6292374,0.0,0.4807,0.0,0,2.116271016803896,-9.843897426833536,25.308718575460958
1780006270.6784942,0.0,0.4807,0.0,0,2.116271016803896,-9.843897426833536,25.308718575460958
1780006270.6784942,0.0,0.4807,0.0,0,2.116271016803896,-9.843897426833536,25.308718575460958
1780006270.6784942,0.0,0.4006,0.0,0,2.106571922644153,-9.803304315474524,25.350454328926357
1780006270.6784942,0.0,0.4006,0.0,0,2.106571922644153,-9.803304315474524,25.350454328926357
1780006270.766224,0.0,0.4006,0.0,0,2.106571922644153,-9.803304315474524,25.350454328926357
1780006270.766224,0.0,0.4006,0.0,0,2.106571922644153,-9.803304315474524,25.350454328926357
1780006270.7794595,0.0,0.4006,0.0,0,2.106571922644153,-9.803304315474524,25.350454328926357
1780006270.7794595,0.0,0.4006,0.0,0,2.106571922644153,-9.803304315474524,25.350454328926357
1780006270.8286738,0.0,0.4807,0.3471777381723065,0,2.1021210175381193,-9.788967921347,25.36546574967333
1780006270.8286738,0.0,0.4807,0.0,0,2.1021210175381193,-9.788967921347,25.36546574967333
1780006270.8286738,0.0,0.4807,0.0,0,2.1021210175381193,-9.788967921347,25.36546574967333
1780006270.8286738,0.0,0.4807,0.0,0,2.0892514481589806,-9.747514955158003,25.40887052155236
1780006270.8807025,0.0,0.4807,0.0,0,2.0892514481589806,-9.747514955158003,25.40887052155236
1780006270.8807025,0.0,0.4807,0.0,0,2.0892514481589806,-9.747514955158003,25.40887052155236
1780006270.9303825,0.0,0.4807,0.7082639030104072,0,2.08144599091763,-9.726619032288575,25.431176681134673
1780006270.9303825,0.0,0.4006,0.0,0,2.08144599091763,-9.726619032288575,25.431176681134673
1780006270.9303825,0.0,0.4006,0.0,0,2.08144599091763,-9.726619032288575,25.431176681134673
1780006270.9303825,0.0,0.4006,0.0,0,2.08144599091763,-9.726619032288575,25.431176681134673
1780006270.9793067,0.0,0.4006,0.0,0,2.08144599091763,-9.726619032288575,25.431176681134673
1780006270.9793067,0.0,0.4006,0.0,0,2.0767262786740486,-9.713983930979548,25.444664507822157
1780006271.0303633,0.0,0.4006,1.4576143998862543,0,2.0598618912525355,-9.677396635956947,25.48495145012576
1780006271.0303633,0.0,0.4006,0.0,0,2.0598618912525355,-9.677396635956947,25.48495145012576
1780006271.0303633,0.0,0.4006,0.0,0,2.0598618912525355,-9.677396635956947,25.48495145012576
1780006271.0303633,0.0,0.4006,0.0,0,2.0598618912525355,-9.677396635956947,25.48495145012576
1780006271.082525,0.0,0.4006,0.0,0,2.0598618912525355,-9.677396635956947,25.48495145012576
1780006271.082525,0.0,0.4006,0.0,0,2.0598618912525355,-9.677396635956947,25.48495145012576
1780006271.1281302,0.0,0.4807,1.5923183543317585,0,2.035644331565669,-9.633539922899288,25.53505036705426
1780006271.1281302,0.0,0.4807,0.0,0,2.035644331565669,-9.633539922899288,25.53505036705426
1780006271.1281302,0.0,0.4807,0.0,0,2.035644331565669,-9.633539922899288,25.53505036705426
1780006271.1281302,0.0,0.4807,0.0,0,2.0263749529745754,-9.61822350733484,25.552953270874813
1780006271.1794238,0.0,0.4807,0.0,0,2.0263749529745754,-9.61822350733484,25.552953270874813
1780006271.1794238,0.0,0.4807,0.0,0,2.0263749529745754,-9.61822350733484,25.552953270874813
1780006271.2285843,0.0,0.4807,0.0,0,2.0263749529745754,-9.61822350733484,25.552953270874813
1780006271.2285843,0.0,0.4807,0.0,0,2.0263749529745754,-9.61822350733484,25.552953270874813
1780006271.2285843,0.0,0.4807,0.0,0,2.0263749529745754,-9.61822350733484,25.552953270874813
1780006271.2285843,0.0,0.4807,0.0,0,2.0263749529745754,-9.61822350733484,25.552953270874813
1780006271.278236,0.0,0.4807,0.4795539270562348,0,2.0124846010940893,-9.595271547864513,25.57978113547286
1780006271.278236,0.0,0.4807,0.0,0,2.0124846010940893,-9.595271547864513,25.57978113547286
1780006271.3280773,0.0,0.5608,0.3450735100647321,0,1.9885144981760385,-9.557559150958859,25.624466599712047
1780006271.3280773,0.0,0.5608,0.0,0,1.9885144981760385,-9.557559150958859,25.624466599712047
1780006271.3280773,0.0,0.4807,0.0,0,1.9885144981760385,-9.557559150958859,25.624466599712047
1780006271.3280773,0.0,0.4807,0.0,0,1.9818807923697594,-9.547122276858774,25.636833264327265
1780006271.3780768,0.0,0.4807,0.3840140434237182,0,1.955123341265769,-9.506757830050574,25.68526104308816
1780006271.3780768,0.0,0.4807,0.0,0,1.955123341265769,-9.506757830050574,25.68526104308816
1780006271.4305043,0.0,0.4807,0.0,0,1.955123341265769,-9.506757830050574,25.68526104308816
1780006271.4305043,0.0,0.4807,0.0,0,1.955123341265769,-9.506757830050574,25.68526104308816
1780006271.4305043,0.0,0.4807,0.0,0,1.955123341265769,-9.506757830050574,25.68526104308816
1780006271.7805028,0.0,0.4807,0.0,0,1.955123341265769,-9.506757830050574,25.68526104308816
1780006271.7805028,0.0,0.5608,0.0,0,1.955123341265769,-9.506757830050574,25.68526104308816
1780006271.8286226,0.0,0.4807,0.03665129264203488,0,1.9525639144849931,-9.503076686108223,25.689744511184454
1780006271.8286226,0.0,0.4807,0.0,0,1.9525639144849931,-9.503076686108223,25.689744511184454
1780006271.8286226,0.0,0.4807,0.0,0,1.9525639144849931,-9.503076686108223,25.689744511184454
1780006271.8286226,0.0,0.5608,0.0,0,1.9229596574390122,-9.460497803871318,25.741603678626564
1780006271.8786268,0.0,0.5608,0.0,0,1.9229596574390122,-9.460497803871318,25.741603678626564
1780006271.8786268,0.0,0.5608,0.0,0,1.9229596574390122,-9.460497803871318,25.741603678626564
1780006271.9289582,0.0,0.5608,0.5999812638510478,0,1.8807216524267867,-9.401462733858411,25.814192855222263
1780006271.9289582,0.0,0.5608,0.0,0,1.8807216524267867,-9.401462733858411,25.814192855222263
1780006271.9289582,0.0,0.5608,0.0,0,1.7705027810653617,-9.265774237395838,25.989005805762147
1780006271.9289582,0.0,0.5608,0.0,0,1.7705027810653617,-9.265774237395838,25.989005805762147
1780006271.97909,0.0,0.5608,0.0,0,1.7705027810653617,-9.265774237395838,25.989005805762147
1780006271.97909,0.0,0.5608,0.0,0,1.7705027810653617,-9.265774237395838,25.989005805762147
1780006272.0316598,0.0,0.4807,0.5567194632810198,0,1.7532789918464569,-9.248146931998088,26.013650902853513
1780006272.0316598,0.0,0.4807,0.0,0,1.7532789918464569,-9.248146931998088,26.013650902853513
1780006272.0316598,0.0,0.4807,0.0,0,1.7532789918464569,-9.248146931998088,26.013650902853513
1780006272.0316598,0.0,0.4807,0.0,0,1.7532789918464569,-9.248146931998088,26.013650902853513
1780006272.0807798,0.0,0.4807,0.5699253834781084,0,1.7368037675410464,-9.23128572877289,26.037224896789947
1780006272.0807798,0.0,0.4807,0.0,0,1.7368037675410464,-9.23128572877289,26.037224896789947
1780006272.1278996,0.0,0.4006,1.3511606360898925,0,1.7109108368085924,-9.208430798208244,26.071761713566115
1780006272.1278996,0.0,0.4006,0.0,0,1.7109108368085924,-9.208430798208244,26.071761713566115
1780006272.1278996,0.0,0.4006,0.0,0,1.7109108368085924,-9.208430798208244,26.071761713566115
1780006272.1278996,0.0,0.4006,0.0,0,1.7109108368085924,-9.208430798208244,26.071761713566115
1780006272.182766,0.0,0.4006,0.0,0,1.7109108368085924,-9.208430798208244,26.071761713566115
1780006272.182766,0.0,0.4006,0.0,0,1.7109108368085924,-9.208430798208244,26.071761713566115
1780006272.2284799,0.0,0.4807,1.7890041124964415,0,1.6669697754299562,-9.174424955823957,26.127324418605973
1780006272.2284799,0.0,0.4807,0.0,0,1.6669697754299562,-9.174424955823957,26.127324418605973
1780006272.2284799,0.0,0.4807,0.0,0,1.6669697754299562,-9.174424955823957,26.127324418605973
1780006272.2284799,0.0,0.4807,0.0,0,1.6669697754299562,-9.174424955823957,26.127324418605973
1780006272.281796,0.0,0.4807,0.0,0,1.6669697754299562,-9.174424955823957,26.127324418605973
1780006272.281796,0.0,0.4807,0.0,0,1.6669697754299562,-9.174424955823957,26.127324418605973
1780006272.3289394,0.0,0.4807,0.2652561301186798,0,1.6597827289742022,-9.169657318064058,26.135949034920152
1780006272.3289394,0.0,0.4807,0.0,0,1.6597827289742022,-9.169657318064058,26.135949034920152
1780006272.3289394,0.0,0.4807,0.0,0,1.6291448211518986,-9.149333190883697,26.172715208794674
1780006272.3289394,0.0,0.4807,0.0,0,1.6291448211518986,-9.149333190883697,26.172715208794674
1780006272.3786395,0.0,0.4807,0.0,0,1.6291448211518986,-9.149333190883697,26.172715208794674
1780006272.3786395,0.0,0.4807,0.0,0,1.6291448211518986,-9.149333190883697,26.172715208794674
1780006272.43096,0.0,0.4006,0.6922345450766837,0,1.6088684716292012,-9.13764793945318,26.196117675565528
1780006272.43096,0.0,0.4006,0.0,0,1.6088684716292012,-9.13764793945318,26.196117675565528
1780006272.43096,0.0,0.4006,0.0,0,1.6088684716292012,-9.13764793945318,26.196117675565528
1780006272.43096,0.0,0.4006,0.0,0,1.6088684716292012,-9.13764793945318,26.196117675565528
1780006272.4796972,0.0,0.4006,0.5475310031091543,0,1.5939290134003739,-9.129038336159248,26.213360432916073
1780006272.4796972,0.0,0.4006,0.0,0,1.5939290134003739,-9.129038336159248,26.213360432916073
1780006272.5287144,0.0,0.4807,1.140535609190221,0,1.5541968027873492,-9.10913578943308,26.257798703881367
1780006272.5287144,0.0,0.4807,0.0,0,1.5541968027873492,-9.10913578943308,26.257798703881367
1780006272.5287144,0.0,0.4807,0.0,0,1.5541968027873492,-9.10913578943308,26.257798703881367
1780006272.5287144,0.0,0.4807,0.0,0,1.5541968027873492,-9.10913578943308,26.257798703881367
1780006272.5786054,0.0,0.4807,0.0,0,1.5541968027873492,-9.10913578943308,26.257798703881367
1780006272.5786054,0.0,0.4807,0.0,0,1.5541968027873492,-9.10913578943308,26.257798703881367
1780006272.6278236,0.0,0.4807,0.8817732640251714,0,1.507681015337694,-9.088077330929067,26.308859228326643
1780006272.6278236,0.0,0.4807,0.0,0,1.507681015337694,-9.088077330929067,26.308859228326643
1780006272.6278236,0.0,0.4807,0.0,0,1.507681015337694,-9.088077330929067,26.308859228326643
1780006272.6278236,0.0,0.4807,0.0,0,1.507681015337694,-9.088077330929067,26.308859228326643
1780006272.6814766,0.0,0.4807,0.0,0,1.507681015337694,-9.088077330929067,26.308859228326643
1780006272.6814766,0.0,0.4807,0.0,0,1.507681015337694,-9.088077330929067,26.308859228326643
1780006272.7293558,0.0,0.5608,0.18691786324595885,0,1.4928235587505543,-9.081928487449627,26.324938789650677
1780006272.7293558,0.0,0.5608,0.0,0,1.4928235587505543,-9.081928487449627,26.324938789650677
1780006272.7293558,0.0,0.5608,0.0,0,1.4928235587505543,-9.081928487449627,26.324938789650677
1780006272.7293558,0.0,0.5608,0.0,0,1.4928235587505543,-9.081928487449627,26.324938789650677
1780006272.7795079,0.0,0.5608,0.44189952398163673,0,1.4560310888386927,-9.06670171311021,26.364757635678643
1780006272.7795079,0.0,0.5608,0.0,0,1.4560310888386927,-9.06670171311021,26.364757635678643
1780006272.8313904,0.0,0.5608,0.10027371422840069,0,1.4227752135299552,-9.053246694282523,26.40063228932441
1780006272.8313904,0.0,0.5608,0.0,0,1.4227752135299552,-9.053246694282523,26.40063228932441
1780006272.8313904,0.0,0.5608,0.0,0,1.4227752135299552,-9.053246694282523,26.40063228932441
1780006272.8313904,0.0,0.5608,0.0,0,1.4227752135299552,-9.053246694282523,26.40063228932441
1780006272.8795836,0.0,0.5608,0.05672027438278874,0,1.4053015255886545,-9.04617700214372,26.419481966170643
1780006272.8795836,0.0,0.5608,0.0,0,1.4053015255886545,-9.04617700214372,26.419481966170643
1780006272.9325237,0.0,0.4807,0.012117622097636489,0,1.360203045109221,-9.027965409073067,26.46811873275442
1780006272.9325237,0.0,0.4807,0.0,0,1.360203045109221,-9.027965409073067,26.46811873275442
1780006272.9325237,0.0,0.4807,0.0,0,1.360203045109221,-9.027965409073067,26.46811873275442
1780006272.9325237,0.0,0.4807,0.0,0,1.360203045109221,-9.027965409073067,26.46811873275442
1780006272.9780097,0.0,0.5608,0.0,0,1.360203045109221,-9.027965409073067,26.46811873275442
1780006272.9780097,0.0,0.5608,0.0,0,1.360203045109221,-9.027965409073067,26.46811873275442
1780006273.0287812,0.0,0.5608,0.0,0,1.360203045109221,-9.027965409073067,26.46811873275442
1780006273.0287812,0.0,0.5608,0.0,0,1.3072082152119324,-9.006556822493991,26.52527448115435
1780006273.0287812,0.0,0.5608,0.0,0,1.3072082152119324,-9.006556822493991,26.52527448115435
1780006273.0287812,0.0,0.5608,0.0,0,1.3072082152119324,-9.006556822493991,26.52527448115435
1780006273.078111,0.0,0.5608,0.0,0,1.3072082152119324,-9.006556822493991,26.52527448115435
1780006273.078111,0.0,0.5608,0.0,0,1.3072082152119324,-9.006556822493991,26.52527448115435
1780006273.1312704,0.0,0.4807,0.038426858105239485,0,1.2633628748175332,-8.988948286808403,26.57252354890485
1780006273.1312704,0.0,0.4807,0.0,0,1.2633628748175332,-8.988948286808403,26.57252354890485
1780006273.1312704,0.0,0.4807,0.0,0,1.2633628748175332,-8.988948286808403,26.57252354890485
1780006273.1312704,0.0,0.4807,0.0,0,1.2633628748175332,-8.988948286808403,26.57252354890485
1780006273.1814306,0.0,0.4807,0.0,0,1.2633628748175332,-8.988948286808403,26.57252354890485
1780006273.1814306,0.0,0.4807,0.0,0,1.2633628748175332,-8.988948286808403,26.57252354890485
1780006273.2359397,0.0,0.5608,0.03257210536708704,0,1.2267182389129074,-8.97434159971637,26.611972055193267
1780006273.2359397,0.0,0.5608,0.0,0,1.2267182389129074,-8.97434159971637,26.611972055193267
1780006273.2359397,0.0,0.5608,0.0,0,1.2267182389129074,-8.97434159971637,26.611972055193267
1780006273.2359397,0.0,0.5608,0.0,0,1.2267182389129074,-8.97434159971637,26.611972055193267
1780006273.2831898,0.0,0.5608,0.0,0,1.2267182389129074,-8.97434159971637,26.611972055193267
1780006273.2831898,0.0,0.5608,0.0,0,1.2267182389129074,-8.97434159971637,26.611972055193267
1780006273.3286974,0.0,0.5608,0.03638229674648003,0,1.1586729381241425,-8.94726860124461,26.685205314069854
1780006273.3286974,0.0,0.5608,0.0,0,1.1586729381241425,-8.94726860124461,26.685205314069854
1780006273.3286974,0.0,0.5608,0.0,0,1.1586729381241425,-8.94726860124461,26.685205314069854
1780006273.3286974,0.0,0.5608,0.0,0,1.1586729381241425,-8.94726860124461,26.685205314069854
1780006273.3799608,0.0,0.5608,0.0,0,1.1586729381241425,-8.94726860124461,26.685205314069854
1780006273.3799608,0.0,0.5608,0.0,0,1.1586729381241425,-8.94726860124461,26.685205314069854
1780006273.438136,0.0,0.5608,-0.2741814299786446,0,1.1029316427470293,-8.924068040948328,26.745582114319454
1780006273.438136,0.0,0.5608,0.0,0,1.1029316427470293,-8.924068040948328,26.745582114319454
1780006273.438136,0.0,0.5608,0.0,0,1.1029316427470293,-8.924068040948328,26.745582114319454
1780006273.438136,0.0,0.5608,0.0,0,1.1029316427470293,-8.924068040948328,26.745582114319454
1780006273.479812,0.0,0.5608,0.0,0,1.1029316427470293,-8.924068040948328,26.745582114319454
1780006273.479812,0.0,0.6409,0.0,0,1.1029316427470293,-8.924068040948328,26.745582114319454
1780006273.5313306,0.0,0.6409,-1.5340017736519087,0,1.104062954352964,-8.868203136035,26.801458473067363
1780006273.5313306,0.0,0.6409,0.0,0,1.104062954352964,-8.868203136035,26.801458473067363
1780006273.5313306,0.0,0.6409,0.0,0,1.104062954352964,-8.868203136035,26.801458473067363
1780006273.5313306,0.0,0.6409,0.0,0,1.104062954352964,-8.868203136035,26.801458473067363
1780006273.5824575,0.0,0.6409,-0.783482393792163,0,1.068979207455332,-8.848417390043336,26.841736817631457
1780006273.5824575,0.0,0.6409,0.0,0,1.068979207455332,-8.848417390043336,26.841736817631457
1780006273.630263,0.0,0.5608,-1.355747967346951,0,1.0352335404466908,-8.825326693106,26.882626306829906
1780006273.630263,0.0,0.6409,0.0,0,1.0352335404466908,-8.825326693106,26.882626306829906
1780006273.630263,0.0,0.6409,0.0,0,1.0352335404466908,-8.825326693106,26.882626306829906
1780006273.630263,0.0,0.6409,0.0,0,1.0352335404466908,-8.825326693106,26.882626306829906
1780006273.6791298,0.0,0.6409,0.0,0,1.0352335404466908,-8.825326693106,26.882626306829906
1780006273.6791298,0.0,0.6409,0.0,0,0.973865781753955,-8.77630605226183,26.961169448069246
1780006273.7306035,0.0,0.6409,0.0,0,0.973865781753955,-8.77630605226183,26.961169448069246
1780006273.7306035,0.0,0.6409,0.0,0,0.973865781753955,-8.77630605226183,26.961169448069246
1780006273.7306035,0.0,0.6409,0.0,0,0.973865781753955,-8.77630605226183,26.961169448069246
1780006273.7306035,0.0,0.6409,0.0,0,0.973865781753955,-8.77630605226183,26.961169448069246
1780006273.781024,0.0,0.6409,0.0,0,0.973865781753955,-8.77630605226183,26.961169448069246
1780006273.781024,0.0,0.6409,0.0,0,0.9695934588559644,-8.772091661577807,26.967170600607073
1780006273.8298638,0.0,0.6409,0.0,0,0.9695934588559644,-8.772091661577807,26.967170600607073
1780006273.8298638,0.0,0.6409,0.0,0,0.9292977213778856,-8.732342329729942,27.023772330627047
1780006273.8298638,0.0,0.6409,0.0,0,0.9292977213778856,-8.732342329729942,27.023772330627047
1780006273.8298638,0.0,0.6409,0.0,0,0.9292977213778856,-8.732342329729942,27.023772330627047
1780006273.8784335,0.0,0.6409,0.0,0,0.9292977213778856,-8.732342329729942,27.023772330627047
1780006273.8784335,0.0,0.6409,0.0,0,0.9292977213778856,-8.732342329729942,27.023772330627047
1780006273.9291294,0.0,0.6409,-0.7148729872050262,0,0.909726192230521,-8.709495660529923,27.053855798623626
1780006273.9291294,0.0,0.6409,0.0,0,0.909726192230521,-8.709495660529923,27.053855798623626
1780006273.9291294,0.0,0.6409,0.0,0,0.909726192230521,-8.709495660529923,27.053855798623626
1780006273.9291294,0.0,0.6409,0.0,0,0.909726192230521,-8.709495660529923,27.053855798623626
1780006273.9809263,0.0,0.6409,-0.9198007155156794,0,0.8839973236058617,-8.679461269965321,27.093403735324447
1780006273.9809263,0.0,0.6409,0.0,0,0.8839973236058617,-8.679461269965321,27.093403735324447
1780006274.0295172,0.0,0.5608,-1.3725741176662485,0,0.8602635487955083,-8.6464361559456,27.134072522161087
1780006274.0295172,0.0,0.5608,0.0,0,0.8602635487955083,-8.6464361559456,27.134072522161087
1780006274.0295172,0.0,0.5608,0.0,0,0.8602635487955083,-8.6464361559456,27.134072522161087
1780006274.0295172,0.0,0.5608,0.0,0,0.8602635487955083,-8.6464361559456,27.134072522161087
1780006274.079276,0.0,0.5608,0.0,0,0.8602635487955083,-8.6464361559456,27.134072522161087
1780006274.079276,0.0,0.5608,0.0,0,0.8602635487955083,-8.6464361559456,27.134072522161087
1780006274.1319802,0.0,0.5608,-1.800475264392869,0,0.820471934169239,-8.581772625382797,27.209998438549448
1780006274.1319802,0.0,0.5608,0.0,0,0.820471934169239,-8.581772625382797,27.209998438549448
1780006274.1319802,0.0,0.5608,0.0,0,0.820471934169239,-8.581772625382797,27.209998438549448
1780006274.1319802,0.0,0.5608,0.0,0,0.820471934169239,-8.581772625382797,27.209998438549448
1780006274.180067,0.0,0.5608,0.0,0,0.820471934169239,-8.581772625382797,27.209998438549448
1780006274.180067,0.0,0.5608,0.0,0,0.820471934169239,-8.581772625382797,27.209998438549448
1780006274.2320108,0.0,0.6409,0.0,0,0.820471934169239,-8.581772625382797,27.209998438549448
1780006274.2320108,0.0,0.6409,0.0,0,0.820471934169239,-8.581772625382797,27.209998438549448
1780006274.2320108,0.0,0.6409,0.0,0,0.7953828595851892,-8.532054658543704,27.26568809548947
1780006274.2320108,0.0,0.6409,0.0,0,0.7953828595851892,-8.532054658543704,27.26568809548947
1780006274.2800143,0.0,0.6409,0.0,0,0.7953828595851892,-8.532054658543704,27.26568809548947
1780006274.2800143,0.0,0.6409,0.0,0,0.7953828595851892,-8.532054658543704,27.26568809548947
1780006274.330814,0.0,0.5608,-3.4967015014134555,0,0.8708471650801548,-8.57213660184004,27.351136463421504
1780006274.330814,0.0,0.5608,0.0,0,0.8708471650801548,-8.57213660184004,27.351136463421504
1780006274.330814,0.0,0.5608,0.0,0,0.8708471650801548,-8.57213660184004,27.351136463421504
1780006274.330814,0.0,0.5608,0.0,0,0.8708471650801548,-8.57213660184004,27.351136463421504
1780006274.378914,0.0,0.5608,-0.9183899408820891,0,0.863566045884371,-8.541885168417942,27.382251795989788
1780006274.378914,0.0,0.5608,0.0,0,0.863566045884371,-8.541885168417942,27.382251795989788
1780006274.4283235,0.0,0.6409,-1.5516205236191085,0,0.8562571744982682,-8.491646660428957,27.433019180065568
1780006274.4283235,0.0,0.6409,0.0,0,0.8562571744982682,-8.491646660428957,27.433019180065568
1780006274.4283235,0.0,0.6409,0.0,0,0.8562571744982682,-8.491646660428957,27.433019180065568
1780006274.4283235,0.0,0.6409,0.0,0,0.8562571744982682,-8.491646660428957,27.433019180065568
1780006274.4795327,0.0,0.6409,0.0,0,0.8562571744982682,-8.491646660428957,27.433019180065568
1780006274.4795327,0.0,0.6409,0.0,0,0.8562571744982682,-8.491646660428957,27.433019180065568
1780006274.5309224,0.0,0.5608,-2.1221321712039454,0,0.851538906089561,-8.416798795955268,27.508015612467705
1780006274.5309224,0.0,0.5608,0.0,0,0.851538906089561,-8.416798795955268,27.508015612467705
1780006274.5309224,0.0,0.5608,0.0,0,0.851538906089561,-8.416798795955268,27.508015612467705
1780006274.5309224,0.0,0.5608,0.0,0,0.851538906089561,-8.416798795955268,27.508015612467705
1780006274.5807416,0.0,0.5608,0.0,0,0.851538906089561,-8.416798795955268,27.508015612467705
1780006274.5807416,0.0,0.5608,0.0,0,0.851538906089561,-8.416798795955268,27.508015612467705
1780006274.632027,0.0,0.6409,-0.08159483228343704,0,0.8516538053914183,-8.414432085241522,27.51038511061122
1780006274.632027,0.0,0.6409,0.0,0,0.8516538053914183,-8.414432085241522,27.51038511061122
1780006274.632027,0.0,0.6409,0.0,0,0.8542567633017383,-8.360816020790443,27.56406432220291
1780006274.632027,0.0,0.6409,0.0,0,0.8542567633017383,-8.360816020790443,27.56406432220291
1780006274.6848814,0.0,0.6409,0.0,0,0.8542567633017383,-8.360816020790443,27.56406432220291
1780006274.6848814,0.0,0.6409,0.0,0,0.8542567633017383,-8.360816020790443,27.56406432220291
1780006274.7372248,0.0,0.5608,-0.7832548759201249,0,0.8579514296763204,-8.333107801867422,27.59201778273118
1780006274.7372248,0.0,0.5608,0.0,0,0.8579514296763204,-8.333107801867422,27.59201778273118
1780006274.7372248,0.0,0.5608,0.0,0,0.8579514296763204,-8.333107801867422,27.59201778273118
1780006274.7372248,0.0,0.5608,0.0,0,0.8579514296763204,-8.333107801867422,27.59201778273118
1780006274.7892694,0.0,0.5608,-0.8272080020461231,0,0.8618311561264808,-8.30401172147921,27.621371388494108
1780006274.7892694,0.0,0.5608,0.0,0,0.8618311561264808,-8.30401172147921,27.621371388494108
1780006274.8298001,0.0,0.6409,-1.455848852599965,0,0.8736247309591243,-8.251830740897065,27.674868520584038
1780006274.8298001,0.0,0.6409,0.0,0,0.8736247309591243,-8.251830740897065,27.674868520584038
1780006274.8298001,0.0,0.6409,0.0,0,0.8736247309591243,-8.251830740897065,27.674868520584038
1780006274.8298001,0.0,0.6409,0.0,0,0.8736247309591243,-8.251830740897065,27.674868520584038
1780006274.8792312,0.0,0.6409,0.0,0,0.8736247309591243,-8.251830740897065,27.674868520584038
1780006274.8792312,0.0,0.6409,0.0,0,0.8736247309591243,-8.251830740897065,27.674868520584038
1780006274.928482,0.0,0.6409,-2.467493927485399,0,0.8936325123414641,-8.181830311063687,27.747672170854482
1780006274.928482,0.0,0.6409,0.0,0,0.8936325123414641,-8.181830311063687,27.747672170854482
1780006274.928482,0.0,0.6409,0.0,0,0.8936325123414641,-8.181830311063687,27.747672170854482
1780006274.928482,0.0,0.6409,0.0,0,0.8936325123414641,-8.181830311063687,27.747672170854482
1780006274.9787624,0.0,0.6409,0.0,0,0.8936325123414641,-8.181830311063687,27.747672170854482
1780006274.9787624,0.0,0.6409,0.0,0,0.8936325123414641,-8.181830311063687,27.747672170854482
1780006275.0322657,0.0,0.5608,-0.39152995124094464,0,0.8986073512016731,-8.170178712744693,27.760341376238888
1780006275.0322657,0.0,0.5608,0.0,0,0.8986073512016731,-8.170178712744693,27.760341376238888
1780006275.0322657,0.0,0.5608,0.0,0,0.9151110608731856,-8.131525280690084,27.802370654635286
1780006275.0322657,0.0,0.5608,0.0,0,0.9151110608731856,-8.131525280690084,27.802370654635286
1780006275.0796752,0.0,0.5608,0.0,0,0.9151110608731856,-8.131525280690084,27.802370654635286
1780006275.0796752,0.0,0.5608,0.0,0,0.9151110608731856,-8.131525280690084,27.802370654635286
1780006275.1332304,0.0,0.6409,-1.4333943477456748,0,0.892818333312343,-8.197830989469063,27.872323586802455
1780006275.1332304,0.0,0.6409,0.0,0,0.892818333312343,-8.197830989469063,27.872323586802455
1780006275.1332304,0.0,0.6409,0.0,0,0.892818333312343,-8.197830989469063,27.872323586802455
1780006275.1332304,0.0,0.6409,0.0,0,0.892818333312343,-8.197830989469063,27.872323586802455
1780006275.179463,0.0,0.5608,-0.8575980639341538,0,0.905625465241582,-8.175460251042377,27.898100952183892
1780006275.179463,0.0,0.5608,0.0,0,0.9355214427065448,-8.13248761816695,27.950449941141002
1780006275.2288504,0.0,0.5608,0.0,0,0.9355214427065448,-8.13248761816695,27.950449941141002
1780006275.2288504,0.0,0.5608,0.0,0,0.9355214427065448,-8.13248761816695,27.950449941141002
1780006275.2288504,0.0,0.5608,0.0,0,0.9355214427065448,-8.13248761816695,27.950449941141002
1780006275.2288504,0.0,0.5608,0.0,0,0.9355214427065448,-8.13248761816695,27.950449941141002
1780006275.2794418,0.0,0.5608,0.0,0,0.9355214427065448,-8.13248761816695,27.950449941141002
1780006275.2794418,0.0,0.5608,0.0,0,0.9355214427065448,-8.13248761816695,27.950449941141002
1780006275.3284886,0.0,0.5608,0.0,0,0.9355214427065448,-8.13248761816695,27.950449941141002
1780006275.3284886,0.0,0.5608,0.0,0,0.9726544396453733,-8.08667455997183,28.009421932483068
1780006275.3284886,0.0,0.5608,0.0,0,0.9726544396453733,-8.08667455997183,28.009421932483068
1780006275.3284886,0.0,0.5608,0.0,0,0.9726544396453733,-8.08667455997183,28.009421932483068
1780006275.3826332,0.0,0.5608,0.0,0,0.9726544396453733,-8.08667455997183,28.009421932483068
1780006275.3826332,0.0,0.5608,0.0,0,0.9726544396453733,-8.08667455997183,28.009421932483068
1780006275.4306746,0.0,0.6409,-0.3240147407754479,0,0.9861750047216138,-8.07222430677855,28.02921120981527
1780006275.4306746,0.0,0.6409,0.0,0,0.9861750047216138,-8.07222430677855,28.02921120981527
1780006275.4306746,0.0,0.6409,0.0,0,1.0306104093344546,-8.024733477528391,28.09424876854847
1780006275.4306746,0.0,0.6409,0.0,0,1.0306104093344546,-8.024733477528391,28.09424876854847
1780006275.4803894,0.0,0.6409,0.0,0,1.0306104093344546,-8.024733477528391,28.09424876854847
1780006275.4803894,0.0,0.4807,0.0,0,1.0419283568177118,-8.013201909121046,28.110406522265095
1780006275.531939,0.0,0.4807,0.0,0,1.0419283568177118,-8.013201909121046,28.110406522265095
1780006275.531939,0.0,0.4807,0.0,0,1.0419283568177118,-8.013201909121046,28.110406522265095
1780006275.531939,0.0,0.5608,0.0,0,1.0419283568177118,-8.013201909121046,28.110406522265095
1780006275.531939,0.0,0.5608,0.0,0,1.05393748800294,-8.00096611124514,28.12755102521747
1780006275.5786624,0.0,0.5608,-0.22764335822508414,0,1.0929618435279438,-7.9620550446485145,28.182659748917345
1780006275.5786624,0.0,0.5608,0.0,0,1.0929618435279438,-7.9620550446485145,28.182659748917345
1780006275.6350076,0.0,0.5608,0.0,0,1.0929618435279438,-7.9620550446485145,28.182659748917345
1780006275.6350076,0.0,0.5608,0.0,0,1.0929618435279438,-7.9620550446485145,28.182659748917345
1780006275.6350076,0.0,0.5608,0.0,0,1.0929618435279438,-7.9620550446485145,28.182659748917345
1780006275.6350076,0.0,0.5608,0.0,0,1.0929618435279438,-7.9620550446485145,28.182659748917345
1780006275.6820588,0.0,0.5608,0.0,0,1.0929618435279438,-7.9620550446485145,28.182659748917345
1780006275.6820588,0.0,0.5608,0.0,0,1.0929618435279438,-7.9620550446485145,28.182659748917345
1780006275.7284806,0.0,0.5608,-0.21331670811196854,0,1.1337156179979235,-7.922191565960662,28.239668231326956
1780006275.7284806,0.0,0.5608,0.0,0,1.1337156179979235,-7.922191565960662,28.239668231326956
1780006275.7284806,0.0,0.5608,0.0,0,1.1337156179979235,-7.922191565960662,28.239668231326956
1780006275.7284806,0.0,0.5608,0.0,0,1.1337156179979235,-7.922191565960662,28.239668231326956
1780006275.779083,0.0,0.5608,0.0,0,1.1337156179979235,-7.922191565960662,28.239668231326956
1780006275.779083,0.0,0.5608,0.0,0,1.1337156179979235,-7.922191565960662,28.239668231326956
1780006275.8285124,0.0,0.5608,-0.0433172227049236,0,1.147784516280149,-7.908601661894603,28.25922889060522
1780006275.8285124,0.0,0.5608,0.0,0,1.147784516280149,-7.908601661894603,28.25922889060522
1780006275.901303,0.0,0.5608,-0.05474676325005572,0,1.1739692332000593,-7.883308438232011,28.295634749521355
1780006275.901303,0.0,0.5608,0.0,0,1.1739692332000593,-7.883308438232011,28.295634749521355
1780006275.9403148,0.0,0.5608,0.0,0,1.1739692332000593,-7.883308438232011,28.295634749521355
1780006275.9403148,0.0,0.5608,0.0,0,1.1993178172928782,-7.859208851626339,28.33061103849081
1780006275.9403148,0.0,0.5608,0.0,0,1.1993178172928782,-7.859208851626339,28.33061103849081
1780006275.9403148,0.0,0.5608,0.0,0,1.1993178172928782,-7.859208851626339,28.33061103849081
1780006275.979121,0.0,0.5608,0.0,0,1.1993178172928782,-7.859208851626339,28.33061103849081
1780006275.979121,0.0,0.5608,0.0,0,1.1993178172928782,-7.859208851626339,28.33061103849081
1780006276.0284417,0.0,0.5608,1.0361600461738412,0,1.1829697297786157,-7.860917256080218,28.3470481492817
1780006276.0284417,0.0,0.5608,0.0,0,1.1512889877768344,-7.783655696901964,28.430552747600824
1780006276.0284417,0.0,0.5608,0.0,0,1.1512889877768344,-7.783655696901964,28.430552747600824
1780006276.0284417,0.0,0.5608,0.0,0,1.1512889877768344,-7.783655696901964,28.430552747600824
1780006276.078685,0.0,0.5608,0.0,0,1.1512889877768344,-7.783655696901964,28.430552747600824
1780006276.078685,0.0,0.5608,0.0,0,1.1512889877768344,-7.783655696901964,28.430552747600824
1780006276.1294458,0.0,0.5608,-0.1752089978109863,0,1.1842693439945036,-7.741681975629052,28.483933429253838
1780006276.1294458,0.0,0.5608,0.0,0,1.1842693439945036,-7.741681975629052,28.483933429253838
1780006276.1294458,0.0,0.5608,0.0,0,1.1842693439945036,-7.741681975629052,28.483933429253838
1780006276.1294458,0.0,0.5608,0.0,0,1.1842693439945036,-7.741681975629052,28.483933429253838
1780006276.1786108,0.0,0.5608,0.0,0,1.1842693439945036,-7.741681975629052,28.483933429253838
1780006276.1786108,0.0,0.5608,0.0,0,1.1842693439945036,-7.741681975629052,28.483933429253838
1780006276.2317986,0.0,0.5608,-0.046431740490609316,0,1.1981338141041409,-7.724269456599514,28.50619144691883
1780006276.2317986,0.0,0.5608,0.0,0,1.1981338141041409,-7.724269456599514,28.50619144691883
1780006276.2317986,0.0,0.5608,0.0,0,1.1981338141041409,-7.724269456599514,28.50619144691883
1780006276.2317986,0.0,0.5608,0.0,0,1.1981338141041409,-7.724269456599514,28.50619144691883
1780006276.2824068,0.0,0.5608,-0.07372276691281787,0,1.219079667443268,-7.6979633614531915,28.539817915867438
1780006276.2824068,0.0,0.5608,0.0,0,1.219079667443268,-7.6979633614531915,28.539817915867438
1780006276.330089,0.0,0.4807,-0.11742073309038416,0,1.2418487931693927,-7.669801087175801,28.576033199641103
1780006276.330089,0.0,0.4807,0.0,0,1.2418487931693927,-7.669801087175801,28.576033199641103
1780006276.330089,0.0,0.4807,0.0,0,1.2418487931693927,-7.669801087175801,28.576033199641103
1780006276.330089,0.0,0.4807,0.0,0,1.2418487931693927,-7.669801087175801,28.576033199641103
1780006276.3787408,0.0,0.4807,0.0,0,1.2418487931693927,-7.669801087175801,28.576033199641103
1780006276.3787408,0.0,0.4807,0.0,0,1.2418487931693927,-7.669801087175801,28.576033199641103
1780006276.4318829,0.0,0.5608,-0.19011131604708503,0,1.2835590274238116,-7.618916065527875,28.64182855714958
1780006276.4318829,0.0,0.5608,0.0,0,1.2835590274238116,-7.618916065527875,28.64182855714958
1780006276.4318829,0.0,0.5608,0.0,0,1.2835590274238116,-7.618916065527875,28.64182855714958
1780006276.4318829,0.0,0.5608,0.0,0,1.2835590274238116,-7.618916065527875,28.64182855714958
1780006276.4798667,0.0,0.5608,0.0,0,1.2835590274238116,-7.618916065527875,28.64182855714958
1780006276.4798667,0.0,0.5608,0.0,0,1.2835590274238116,-7.618916065527875,28.64182855714958
1780006276.5326042,0.0,0.5608,-0.19460216736346642,0,1.3211149526668098,-7.5741835877934145,28.70023610875998
1780006276.5326042,0.0,0.5608,0.0,0,1.3211149526668098,-7.5741835877934145,28.70023610875998
1780006276.5326042,0.0,0.5608,0.0,0,1.3211149526668098,-7.5741835877934145,28.70023610875998
1780006276.5326042,0.0,0.5608,0.0,0,1.3211149526668098,-7.5741835877934145,28.70023610875998
1780006276.5850227,0.0,0.5608,0.0,0,1.3211149526668098,-7.5741835877934145,28.70023610875998
1780006276.5850227,0.0,0.5608,0.0,0,1.3211149526668098,-7.5741835877934145,28.70023610875998
1780006276.6315744,0.0,0.5608,-0.15164637772003448,0,1.3374568051348488,-7.555321735120431,28.725192583437796
1780006276.6315744,0.0,0.5608,0.0,0,1.3374568051348488,-7.555321735120431,28.725192583437796
1780006276.6315744,0.0,0.5608,0.0,0,1.3374568051348488,-7.555321735120431,28.725192583437796
1780006276.6315744,0.0,0.5608,0.0,0,1.3374568051348488,-7.555321735120431,28.725192583437796
1780006276.6790342,0.0,0.5608,0.0,0,1.3374568051348488,-7.555321735120431,28.725192583437796
1780006276.6790342,0.0,0.5608,0.0,0,1.3374568051348488,-7.555321735120431,28.725192583437796
1780006276.729196,0.0,0.5608,-0.3387565557336793,0,1.3875696129745172,-7.498225263325971,28.801161660047633
1780006276.729196,0.0,0.5608,0.0,0,1.3875696129745172,-7.498225263325971,28.801161660047633
1780006276.729196,0.0,0.5608,0.0,0,1.3875696129745172,-7.498225263325971,28.801161660047633
1780006276.729196,0.0,0.5608,0.0,0,1.3875696129745172,-7.498225263325971,28.801161660047633
1780006276.7793822,0.0,0.5608,0.0,0,1.3875696129745172,-7.498225263325971,28.801161660047633
1780006276.7793822,0.0,0.5608,0.0,0,1.3875696129745172,-7.498225263325971,28.801161660047633
1780006276.8283389,0.0,0.5608,-0.33224425889234227,0,1.4323444817618178,-7.448827588539893,28.86783188690484
1780006276.8283389,0.0,0.5608,0.0,0,1.4323444817618178,-7.448827588539893,28.86783188690484
1780006276.8283389,0.0,0.5608,0.0,0,1.4323444817618178,-7.448827588539893,28.86783188690484
1780006276.8283389,0.0,0.5608,0.0,0,1.4323444817618178,-7.448827588539893,28.86783188690484
1780006276.8786163,0.0,0.5608,0.0,0,1.4323444817618178,-7.448827588539893,28.86783188690484
1780006276.8786163,0.0,0.5608,0.0,0,1.4323444817618178,-7.448827588539893,28.86783188690484
1780006276.9298248,0.0,0.5608,0.06689214349227532,0,1.4286803722920647,-7.462145903978791,28.881645040937727
1780006276.9298248,0.0,0.5608,0.0,0,1.4286803722920647,-7.462145903978791,28.881645040937727
1780006276.9298248,0.0,0.5608,0.0,0,1.4718803979111554,-7.414428284231232,28.946012839159064
1780006276.9298248,0.0,0.5608,0.0,0,1.4718803979111554,-7.414428284231232,28.946012839159064
1780006276.9840786,0.0,0.5608,0.0,0,1.4718803979111554,-7.414428284231232,28.946012839159064
1780006276.9840786,0.0,0.5608,0.0,0,1.4718803979111554,-7.414428284231232,28.946012839159064
1780006277.0319457,0.0,0.5608,-0.00023502616390606087,0,1.4795601046246978,-7.4059461010870375,28.957455099691742
1780006277.0319457,0.0,0.5608,0.0,0,1.4795601046246978,-7.4059461010870375,28.957455099691742
1780006277.0319457,0.0,0.5608,0.0,0,1.4795601046246978,-7.4059461010870375,28.957455099691742
1780006277.0319457,0.0,0.5608,0.0,0,1.4795601046246978,-7.4059461010870375,28.957455099691742
1780006277.078934,0.0,0.5608,-0.0005348503670526558,0,1.496715993696877,-7.386997539828165,28.983016251927864
1780006277.078934,0.0,0.5608,0.0,0,1.5306864385419494,-7.349949996144873,29.033280668923762
1780006277.1290922,0.0,0.5608,0.0,0,1.5306864385419494,-7.349949996144873,29.033280668923762
1780006277.1290922,0.0,0.5608,0.0,0,1.5306864385419494,-7.349949996144873,29.033280668923762
1780006277.1290922,0.0,0.5608,0.0,0,1.5306864385419494,-7.349949996144873,29.033280668923762
1780006277.1290922,0.0,0.5608,0.0,0,1.5306864385419494,-7.349949996144873,29.033280668923762
1780006277.1785705,0.0,0.5608,0.0,0,1.5306864385419494,-7.349949996144873,29.033280668923762
1780006277.1785705,0.0,0.5608,0.0,0,1.5306864385419494,-7.349949996144873,29.033280668923762
1780006277.2286732,0.0,0.5608,-0.06020266364635899,0,1.576299941488757,-7.300397361692727,29.100630911924263
1780006277.2286732,0.0,0.5608,0.0,0,1.576299941488757,-7.300397361692727,29.100630911924263
1780006277.2286732,0.0,0.5608,0.0,0,1.576299941488757,-7.300397361692727,29.100630911924263
1780006277.2286732,0.0,0.5608,0.0,0,1.576299941488757,-7.300397361692727,29.100630911924263
1780006277.2782383,0.0,0.5608,-0.027518489208541753,0,1.5820996604422985,-7.294205863847153,29.109114507006055
1780006277.2782383,0.0,0.5608,0.0,0,1.5820996604422985,-7.294205863847153,29.109114507006055
1780006277.3311758,0.0,0.5608,0.0,0,1.5820996604422985,-7.294205863847153,29.109114507006055
1780006277.3311758,0.0,0.5608,0.0,0,1.5820996604422985,-7.294205863847153,29.109114507006055
1780006277.3311758,0.0,0.5608,0.0,0,1.6122716596150999,-7.261995705153001,29.153248891075464
1780006277.3311758,0.0,0.5608,0.0,0,1.6122716596150999,-7.261995705153001,29.153248891075464
1780006277.382297,0.0,0.5608,0.0,0,1.6122716596150999,-7.261995705153001,29.153248891075464
1780006277.382297,0.0,0.5608,0.0,0,1.6339624202013816,-7.239066095552997,29.184812415771226
1780006277.429959,0.0,0.5608,0.0,0,1.6339624202013816,-7.239066095552997,29.184812415771226
1780006277.429959,0.0,0.5608,0.0,0,1.6339624202013816,-7.239066095552997,29.184812415771226
1780006277.429959,0.0,0.5608,0.0,0,1.6339624202013816,-7.239066095552997,29.184812415771226
1780006277.429959,0.0,0.5608,0.0,0,1.6505625151703283,-7.221517900530197,29.208968208069063
1780006277.4786432,0.0,0.4807,-0.01468694261649319,0,1.6799095008900322,-7.190543147337303,29.251637645681868
1780006277.4786432,0.0,0.4807,0.0,0,1.6799095008900322,-7.190543147337303,29.251637645681868
1780006277.528924,0.0,0.4807,0.0,0,1.6799095008900322,-7.190543147337303,29.251637645681868
1780006277.528924,0.0,0.4807,0.0,0,1.6799095008900322,-7.190543147337303,29.251637645681868
1780006277.528924,0.0,0.4807,0.0,0,1.6799095008900322,-7.190543147337303,29.251637645681868
1780006277.528924,0.0,0.4807,0.0,0,1.6799095008900322,-7.190543147337303,29.251637645681868
1780006277.579531,0.0,0.4807,0.0,0,1.6799095008900322,-7.190543147337303,29.251637645681868
1780006277.579531,0.0,0.4807,0.0,0,1.6799095008900322,-7.190543147337303,29.251637645681868
1780006277.6289375,0.0,0.5608,-0.24166279777106855,0,1.7248690981631138,-7.144139658410368,29.31624917074938
1780006277.6289375,0.0,0.5608,0.0,0,1.7248690981631138,-7.144139658410368,29.31624917074938
1780006277.6289375,0.0,0.5608,0.0,0,1.7248690981631138,-7.144139658410368,29.31624917074938
1780006277.6289375,0.0,0.5608,0.0,0,1.7248690981631138,-7.144139658410368,29.31624917074938
1780006277.6789315,0.0,0.5608,0.0,0,1.7248690981631138,-7.144139658410368,29.31624917074938
1780006277.6789315,0.0,0.5608,0.0,0,1.7248690981631138,-7.144139658410368,29.31624917074938
1780006277.7325013,0.0,0.5608,-0.11988219546032546,0,1.7338343732021417,-7.135393057018013,29.328774313161432
1780006277.7325013,0.0,0.5608,0.0,0,1.7338343732021417,-7.135393057018013,29.328774313161432
1780006277.7325013,0.0,0.5608,0.0,0,1.7338343732021417,-7.135393057018013,29.328774313161432
1780006277.7325013,0.0,0.5608,0.0,0,1.7631866276385295,-7.106756738733918,29.369781551124582
1780006277.781384,0.0,0.5608,0.0,0,1.7631866276385295,-7.106756738733918,29.369781551124582
1780006277.781384,0.0,0.5608,0.0,0,1.7631866276385295,-7.106756738733918,29.369781551124582
1780006277.830245,0.0,0.6409,-0.3926518579289568,0,1.7927361807981241,-7.080114573074873,29.40956824592241
1780006277.830245,0.0,0.6409,0.0,0,1.7927361807981241,-7.080114573074873,29.40956824592241
1780006277.830245,0.0,0.6409,0.0,0,1.7927361807981241,-7.080114573074873,29.40956824592241
1780006277.830245,0.0,0.6409,0.0,0,1.7927361807981241,-7.080114573074873,29.40956824592241
1780006277.8785334,0.0,0.6409,-0.41756443625814194,0,1.8237922509570803,-7.05211411697914,29.45138337518548
1780006277.8785334,0.0,0.6409,0.0,0,1.8237922509570803,-7.05211411697914,29.45138337518548
1780006277.9289396,0.0,0.5608,-0.6689337681794363,0,1.8536096629877357,-7.027027827814396,29.490350027136383
1780006277.9289396,0.0,0.5608,0.0,0,1.8536096629877357,-7.027027827814396,29.490350027136383
1780006277.9289396,0.0,0.5608,0.0,0,1.8536096629877357,-7.027027827814396,29.490350027136383
1780006277.9289396,0.0,0.5608,0.0,0,1.8536096629877357,-7.027027827814396,29.490350027136383
1780006277.978526,0.0,0.5608,0.0,0,1.8536096629877357,-7.027027827814396,29.490350027136383
1780006277.978526,0.0,0.5608,0.0,0,1.8536096629877357,-7.027027827814396,29.490350027136383
1780006278.0284648,0.0,0.5608,-0.6715605522762677,0,1.8992874944084892,-6.991076198830999,29.54847905525369
1780006278.0284648,0.0,0.5608,0.0,0,1.8992874944084892,-6.991076198830999,29.54847905525369
1780006278.0284648,0.0,0.5608,0.0,0,1.8992874944084892,-6.991076198830999,29.54847905525369
1780006278.0284648,0.0,0.5608,0.0,0,1.8992874944084892,-6.991076198830999,29.54847905525369
1780006278.0827599,0.0,0.5608,0.0,0,1.8992874944084892,-6.991076198830999,29.54847905525369
1780006278.0827599,0.0,0.5608,0.0,0,1.8992874944084892,-6.991076198830999,29.54847905525369
1780006278.1326864,0.0,0.4807,0.17954841372690963,0,1.910945014293593,-6.981341755388208,29.563666456578883
1780006278.1326864,0.0,0.4807,0.0,0,1.910945014293593,-6.981341755388208,29.563666456578883
1780006278.1326864,0.0,0.4807,0.0,0,1.937382225157849,-6.959265744668972,29.598108819557588
1780006278.1326864,0.0,0.4807,0.0,0,1.937382225157849,-6.959265744668972,29.598108819557588
1780006278.1801996,0.0,0.4807,0.0,0,1.937382225157849,-6.959265744668972,29.598108819557588
1780006278.1801996,0.0,0.4807,0.0,0,1.937382225157849,-6.959265744668972,29.598108819557588
1780006278.230568,0.0,0.4807,0.37512496354814956,0,1.9599157537436043,-6.939311906949074,29.62820725058442
1780006278.230568,0.0,0.4807,0.0,0,1.9599157537436043,-6.939311906949074,29.62820725058442
1780006278.230568,0.0,0.4807,0.0,0,1.9599157537436043,-6.939311906949074,29.62820725058442
1780006278.230568,0.0,0.4807,0.0,0,1.9599157537436043,-6.939311906949074,29.62820725058442
1780006278.2796187,0.0,0.4807,0.0,0,1.9599157537436043,-6.939311906949074,29.62820725058442
1780006278.2796187,0.0,0.4807,0.0,0,1.9599157537436043,-6.939311906949074,29.62820725058442
1780006278.3285594,0.0,0.4006,1.7270256646995472,0,2.000601717349947,-6.899163683632888,29.68536691704621
1780006278.3285594,0.0,0.4006,0.0,0,2.000601717349947,-6.899163683632888,29.68536691704621
1780006278.3285594,0.0,0.4006,0.0,0,2.000601717349947,-6.899163683632888,29.68536691704621
1780006278.3285594,0.0,0.4006,0.0,0,2.000601717349947,-6.899163683632888,29.68536691704621
1780006278.3798442,0.0,0.4006,0.0,0,2.000601717349947,-6.899163683632888,29.68536691704621
1780006278.3798442,0.0,0.4006,0.0,0,2.000601717349947,-6.899163683632888,29.68536691704621
1780006278.4317818,0.0,0.4807,1.5116237555950056,0,2.030865601726318,-6.862779497914809,29.732692509149363
1780006278.4317818,0.0,0.4807,0.0,0,2.030865601726318,-6.862779497914809,29.732692509149363
1780006278.4317818,0.0,0.4807,0.0,0,2.030865601726318,-6.862779497914809,29.732692509149363
1780006278.4317818,0.0,0.4807,0.0,0,2.030865601726318,-6.862779497914809,29.732692509149363
1780006278.4790967,0.0,0.4807,0.0,0,2.030865601726318,-6.862779497914809,29.732692509149363
1780006278.4790967,0.0,0.4807,0.0,0,2.030865601726318,-6.862779497914809,29.732692509149363
1780006278.5336146,0.0,0.4006,0.499692259156532,0,2.0392992987994467,-6.850873928425135,29.74728256847737
1780006278.5336146,0.0,0.4006,0.0,0,2.0392992987994467,-6.850873928425135,29.74728256847737
1780006278.5336146,0.0,0.4006,0.0,0,2.0392992987994467,-6.850873928425135,29.74728256847737
1780006278.5336146,0.0,0.4006,0.0,0,2.0392992987994467,-6.850873928425135,29.74728256847737
1780006278.583697,0.0,0.4006,0.9894915112861374,0,2.0546409880517884,-6.829216576269971,29.773823260470763
1780006278.583697,0.0,0.4006,0.0,0,2.0546409880517884,-6.829216576269971,29.773823260470763
1780006278.6469755,0.0,0.4006,2.6820204224564232,0,2.0253619367610267,-6.80224799480978,29.81362988341798
1780006278.6469755,0.0,0.4006,0.0,0,2.0253619367610267,-6.80224799480978,29.81362988341798
1780006278.6469755,0.0,0.4006,0.0,0,2.0253619367610267,-6.80224799480978,29.81362988341798
1780006278.6469755,0.0,0.4006,0.0,0,2.0253619367610267,-6.80224799480978,29.81362988341798
1780006278.7022166,0.0,0.4807,1.7199585612368158,0,2.046549338835412,-6.746652666814734,29.873125652188023
1780006278.7022166,0.0,0.4807,0.0,0,2.046549338835412,-6.746652666814734,29.873125652188023
1780006278.731081,0.0,0.4807,0.0,0,2.046549338835412,-6.746652666814734,29.873125652188023
1780006278.731081,0.0,0.4807,0.0,0,2.046549338835412,-6.746652666814734,29.873125652188023
1780006278.731081,0.0,0.4807,0.0,0,2.046549338835412,-6.746652666814734,29.873125652188023
1780006278.731081,0.0,0.4807,0.0,0,2.046549338835412,-6.746652666814734,29.873125652188023
1780006278.7832913,0.0,0.4807,0.0,0,2.046549338835412,-6.746652666814734,29.873125652188023
1780006278.7832913,0.0,0.4807,0.0,0,2.046549338835412,-6.746652666814734,29.873125652188023
1780006278.831951,0.0,0.4006,1.6421136698769079,0,2.0577935323499634,-6.706291263438556,29.915024038437224
1780006278.831951,0.0,0.4006,0.0,0,2.0577935323499634,-6.706291263438556,29.915024038437224
1780006278.831951,0.0,0.4006,0.0,0,2.0577935323499634,-6.706291263438556,29.915024038437224
1780006278.831951,0.0,0.4006,0.0,0,2.0577935323499634,-6.706291263438556,29.915024038437224
1780006278.8832383,0.0,0.4006,0.0,0,2.0577935323499634,-6.706291263438556,29.915024038437224
1780006278.8832383,0.0,0.4006,0.0,0,2.060626418556971,-6.691815230647439,29.92977465773376
1780006278.9291322,0.0,0.4006,0.0,0,2.060626418556971,-6.691815230647439,29.92977465773376
1780006278.9291322,0.0,0.4006,0.0,0,2.060626418556971,-6.691815230647439,29.92977465773376
1780006278.9291322,0.0,0.4006,0.0,0,2.060626418556971,-6.691815230647439,29.92977465773376
1780006278.9291322,0.0,0.4006,0.0,0,2.0651943894984974,-6.66847292449521,29.95355972899762
1780006278.979206,0.0,0.4006,0.0,0,2.0651943894984974,-6.66847292449521,29.95355972899762
1780006278.979206,0.0,0.4006,0.0,0,2.0651943894984974,-6.66847292449521,29.95355972899762
1780006279.029113,0.0,0.4006,1.1438154938152052,0,2.0687615883175274,-6.63843090775456,29.983812789623943
1780006279.029113,0.0,0.4006,0.0,0,2.0687615883175274,-6.63843090775456,29.983812789623943
1780006279.029113,0.0,0.4006,0.0,0,2.0687615883175274,-6.63843090775456,29.983812789623943
1780006279.029113,0.0,0.4006,0.0,0,2.0687615883175274,-6.63843090775456,29.983812789623943
1780006279.0799637,0.0,0.4006,0.0,0,2.0687615883175274,-6.63843090775456,29.983812789623943
1780006279.0799637,0.0,0.4006,0.0,0,2.0687615883175274,-6.63843090775456,29.983812789623943
1780006279.131933,0.0,0.4807,1.7716892399187276,0,2.0719335043784204,-6.582546631541369,30.03978701029176
1780006279.131933,0.0,0.4807,0.0,0,2.0719335043784204,-6.582546631541369,30.03978701029176
1780006279.131933,0.0,0.4807,0.0,0,2.0719335043784204,-6.582546631541369,30.03978701029176
1780006279.131933,0.0,0.4807,0.0,0,2.0719335043784204,-6.582546631541369,30.03978701029176
1780006279.1820433,0.0,0.4807,0.0,0,2.0719335043784204,-6.582546631541369,30.03978701029176
1780006279.1820433,0.0,0.4006,0.0,0,2.071740697978295,-6.5759055191260085,30.046430920918898
1780006279.2292485,0.0,0.4006,0.0,0,2.071740697978295,-6.5759055191260085,30.046430920918898
1780006279.2292485,0.0,0.4006,0.0,0,2.071740697978295,-6.5759055191260085,30.046430920918898
1780006279.2292485,0.0,0.4006,0.0,0,2.071740697978295,-6.5759055191260085,30.046430920918898
1780006279.2292485,0.0,0.4006,0.0,0,2.07073224739494,-6.541169982935198,30.08118109281836
1780006279.2788115,0.0,0.4006,0.0,0,2.07073224739494,-6.541169982935198,30.08118109281836
1780006279.2788115,0.0,0.4006,0.0,0,2.0687374891261,-6.522022859659383,30.100431843200884
1780006279.3312333,0.0,0.4006,0.0,0,2.0687374891261,-6.522022859659383,30.100431843200884
1780006279.3312333,0.0,0.4006,0.0,0,2.0687374891261,-6.522022859659383,30.100431843200884
1780006279.3312333,0.0,0.4006,0.0,0,2.0687374891261,-6.522022859659383,30.100431843200884
1780006279.3312333,0.0,0.4006,0.0,0,2.0666176735068706,-6.501675346069677,30.12088948058996
1780006279.3783684,0.0,0.4006,0.0,0,2.0666176735068706,-6.501675346069677,30.12088948058996
1780006279.3783684,0.0,0.4006,0.0,0,2.060983215158746,-6.46870514208506,30.15433767144782
1780006279.42863,0.0,0.4006,0.0,0,2.060983215158746,-6.46870514208506,30.15433767144782
1780006279.42863,0.0,0.4006,0.0,0,2.060983215158746,-6.46870514208506,30.15433767144782
1780006279.42863,0.0,0.4006,0.0,0,2.060983215158746,-6.46870514208506,30.15433767144782
1780006279.42863,0.0,0.4006,0.0,0,2.060983215158746,-6.46870514208506,30.15433767144782
1780006279.4829423,0.0,0.4006,0.0,0,2.060983215158746,-6.46870514208506,30.15433767144782
1780006279.4829423,0.0,0.4006,0.0,0,2.060983215158746,-6.46870514208506,30.15433767144782
1780006279.5325556,0.0,0.4807,1.4989335345031018,0,2.048607906387241,-6.414394142521897,30.21004074982541
1780006279.5325556,0.0,0.4807,0.0,0,2.048607906387241,-6.414394142521897,30.21004074982541
1780006279.5325556,0.0,0.4807,0.0,0,2.048607906387241,-6.414394142521897,30.21004074982541
1780006279.5325556,0.0,0.4807,0.0,0,2.048607906387241,-6.414394142521897,30.21004074982541
1780006279.5781019,0.0,0.4807,0.0,0,2.048607906387241,-6.414394142521897,30.21004074982541
1780006279.5781019,0.0,0.4006,0.0,0,2.046669538445561,-6.408100707156518,30.216625930079246
1780006279.6342778,0.0,0.4006,0.0,0,2.046669538445561,-6.408100707156518,30.216625930079246
1780006279.6342778,0.0,0.4006,0.0,0,2.046669538445561,-6.408100707156518,30.216625930079246
1780006279.6342778,0.0,0.4006,0.0,0,2.0369561759221835,-6.376563650694274,30.24962495039521
1780006279.6342778,0.0,0.4006,0.0,0,2.0369561759221835,-6.376563650694274,30.24962495039521
1780006279.6779401,0.0,0.4006,0.0,0,2.0369561759221835,-6.376563650694274,30.24962495039521
1780006279.6779401,0.0,0.4006,0.0,0,2.0369561759221835,-6.376563650694274,30.24962495039521
1780006279.7336211,0.0,0.4807,0.5076013623283621,0,2.028258943433461,-6.352933419322078,30.274804896536263
1780006279.7336211,0.0,0.4807,0.0,0,2.0203733687999783,-6.331508448409372,30.29763495711241
1780006279.7336211,0.0,0.4807,0.0,0,2.0203733687999783,-6.331508448409372,30.29763495711241
1780006279.7336211,0.0,0.4807,0.0,0,2.0041987617382455,-6.292265965584603,30.34008010255749
1780006279.7834728,0.0,0.4807,-0.7700847496568809,0,2.041551999905147,-6.262707211353746,30.387713959773063
1780006279.7834728,0.0,0.4807,0.0,0,2.041551999905147,-6.262707211353746,30.387713959773063
1780006279.8323238,0.0,0.4807,0.0,0,2.041551999905147,-6.262707211353746,30.387713959773063
1780006279.8323238,0.0,0.4807,0.0,0,2.041551999905147,-6.262707211353746,30.387713959773063
1780006279.8323238,0.0,0.4807,0.0,0,2.041551999905147,-6.262707211353746,30.387713959773063
1780006279.8323238,0.0,0.4807,0.0,0,2.041551999905147,-6.262707211353746,30.387713959773063
1780006279.884956,0.0,0.4807,0.0,0,2.041551999905147,-6.262707211353746,30.387713959773063
1780006279.884956,0.0,0.4807,0.0,0,2.041551999905147,-6.262707211353746,30.387713959773063
1780006279.9286065,0.0,0.4807,0.07823240156354036,0,2.040116695860111,-6.258806262376237,30.391870581072485
1780006279.9286065,0.0,0.4807,0.0,0,2.040116695860111,-6.258806262376237,30.391870581072485
1780006279.9286065,0.0,0.4807,0.0,0,2.0166300087441202,-6.2028869606715915,30.452521984805784
1780006279.9286065,0.0,0.4807,0.0,0,2.0166300087441202,-6.2028869606715915,30.452521984805784
1780006279.978749,0.0,0.4807,0.0,0,2.0166300087441202,-6.2028869606715915,30.452521984805784
1780006279.978749,0.0,0.4807,0.0,0,2.0166300087441202,-6.2028869606715915,30.452521984805784
1780006280.0298042,0.0,0.4807,0.0,0,2.0166300087441202,-6.2028869606715915,30.452521984805784
1780006280.0298042,0.0,0.4807,0.0,0,2.0166300087441202,-6.2028869606715915,30.452521984805784
1780006280.0298042,0.0,0.4807,0.0,0,2.0010148515857233,-6.169082805700602,30.489758445786713
1780006280.0298042,0.0,0.4807,0.0,0,2.0010148515857233,-6.169082805700602,30.489758445786713
1780006280.0796776,0.0,0.4807,0.0,0,2.0010148515857233,-6.169082805700602,30.489758445786713
1780006280.0796776,0.0,0.4807,0.0,0,2.0010148515857233,-6.169082805700602,30.489758445786713
1780006280.1314144,0.0,0.4807,0.5118298581542731,0,1.9880376103427468,-6.144530969152221,30.517528960153154
1780006280.1314144,0.0,0.4807,0.0,0,1.9880376103427468,-6.144530969152221,30.517528960153154
1780006280.1314144,0.0,0.4807,0.0,0,1.9880376103427468,-6.144530969152221,30.517528960153154
1780006280.1314144,0.0,0.4807,0.0,0,1.9880376103427468,-6.144530969152221,30.517528960153154
1780006280.1789334,0.0,0.4807,0.0,0,1.9880376103427468,-6.144530969152221,30.517528960153154
1780006280.1789334,0.0,0.4807,0.0,0,1.9880376103427468,-6.144530969152221,30.517528960153154
1780006280.2300127,0.0,0.4807,1.0771360286780383,0,1.9563262940005366,-6.088131688464701,30.582232023807247
1780006280.2300127,0.0,0.4807,0.0,0,1.9563262940005366,-6.088131688464701,30.582232023807247
1780006280.2300127,0.0,0.4807,0.0,0,1.9563262940005366,-6.088131688464701,30.582232023807247
1780006280.2300127,0.0,0.4807,0.0,0,1.9563262940005366,-6.088131688464701,30.582232023807247
1780006280.2788014,0.0,0.4807,0.0,0,1.9563262940005366,-6.088131688464701,30.582232023807247
1780006280.2788014,0.0,0.4807,0.0,0,1.9563262940005366,-6.088131688464701,30.582232023807247
1780006280.3290396,0.0,0.5608,-0.14459147734905783,0,1.9269965131251823,-6.036316903642226,30.64177199334365
1780006280.3290396,0.0,0.5608,0.0,0,1.9269965131251823,-6.036316903642226,30.64177199334365
1780006280.3290396,0.0,0.5608,0.0,0,1.9269965131251823,-6.036316903642226,30.64177199334365
1780006280.3290396,0.0,0.5608,0.0,0,1.9269965131251823,-6.036316903642226,30.64177199334365
1780006280.378779,0.0,0.5608,0.0,0,1.9269965131251823,-6.036316903642226,30.64177199334365
1780006280.378779,0.0,0.5608,0.0,0,1.9269965131251823,-6.036316903642226,30.64177199334365
1780006280.43145,0.0,0.5608,-0.019647300594561816,0,1.9198464049500847,-6.023554541002521,30.656400798731067
1780006280.43145,0.0,0.5608,0.0,0,1.9198464049500847,-6.023554541002521,30.656400798731067
1780006280.43145,0.0,0.5608,0.0,0,1.9198464049500847,-6.023554541002521,30.656400798731067
1780006280.43145,0.0,0.5608,0.0,0,1.9198464049500847,-6.023554541002521,30.656400798731067
1780006280.4802222,0.0,0.5608,-0.06051929674695133,0,1.899452239145862,-5.9871526106605115,30.698126360818048
1780006280.4802222,0.0,0.5608,0.0,0,1.899452239145862,-5.9871526106605115,30.698126360818048
1780006280.5282464,0.0,0.5608,-0.134770761285334,0,1.8829417365431866,-5.9569566797788,30.732541342119887
1780006280.5282464,0.0,0.5608,0.0,0,1.8829417365431866,-5.9569566797788,30.732541342119887
1780006280.5282464,0.0,0.5608,0.0,0,1.8829417365431866,-5.9569566797788,30.732541342119887
1780006280.5282464,0.0,0.5608,0.0,0,1.8829417365431866,-5.9569566797788,30.732541342119887
1780006280.579793,0.0,0.5608,-0.0744779052179855,0,1.8731483717464106,-5.939045670428006,30.752954922158846
1780006280.579793,0.0,0.5608,0.0,0,1.8731483717464106,-5.939045670428006,30.752954922158846
1780006280.632212,0.0,0.5608,-0.1217658348597655,0,1.846325779461146,-5.889231511305195,30.809531435890378
1780006280.632212,0.0,0.5608,0.0,0,1.846325779461146,-5.889231511305195,30.809531435890378
1780006280.632212,0.0,0.5608,0.0,0,1.846325779461146,-5.889231511305195,30.809531435890378
1780006280.632212,0.0,0.5608,0.0,0,1.846325779461146,-5.889231511305195,30.809531435890378
1780006280.6811235,0.0,0.5608,0.0,0,1.846325779461146,-5.889231511305195,30.809531435890378
1780006280.6811235,0.0,0.5608,0.0,0,1.846325779461146,-5.889231511305195,30.809531435890378
1780006280.7319226,0.0,0.4807,0.03028434155361406,0,1.8232488999253476,-5.846534853304161,30.858065413406827
1780006280.7319226,0.0,0.4807,0.0,0,1.8232488999253476,-5.846534853304161,30.858065413406827
1780006280.7319226,0.0,0.4807,0.0,0,1.8232488999253476,-5.846534853304161,30.858065413406827
1780006280.7319226,0.0,0.4807,0.0,0,1.8232488999253476,-5.846534853304161,30.858065413406827
1780006280.7789037,0.0,0.4807,0.0,0,1.8232488999253476,-5.846534853304161,30.858065413406827
1780006280.7789037,0.0,0.4807,0.0,0,1.8232488999253476,-5.846534853304161,30.858065413406827
1780006280.829521,0.0,0.5608,0.0418969058953865,0,1.813990185698536,-5.829656527350696,30.877316430941626
1780006280.829521,0.0,0.5608,0.0,0,1.813990185698536,-5.829656527350696,30.877316430941626
1780006280.829521,0.0,0.5608,0.0,0,1.813990185698536,-5.829656527350696,30.877316430941626
1780006280.829521,0.0,0.5608,0.0,0,1.813990185698536,-5.829656527350696,30.877316430941626
1780006280.8836374,0.0,0.5608,0.0755959460888672,0,1.7961294821028684,-5.79709706286556,30.914452982484427
1780006280.8836374,0.0,0.5608,0.0,0,1.7961294821028684,-5.79709706286556,30.914452982484427
1780006280.940536,0.0,0.4006,0.4740531753250467,0,1.7828524593931165,-5.775189999366607,30.940069359339525
1780006280.940536,0.0,0.4006,0.0,0,1.7828524593931165,-5.775189999366607,30.940069359339525
1780006280.940536,0.0,0.5608,0.0,0,1.7828524593931165,-5.775189999366607,30.940069359339525
1780006280.940536,0.0,0.5608,0.0,0,1.7828524593931165,-5.775189999366607,30.940069359339525
1780006280.9822888,0.0,0.5608,1.2880853959735854,0,1.7445482987270333,-5.715992332120488,31.010578738373205
1780006280.9822888,0.0,0.5608,0.0,0,1.7445482987270333,-5.715992332120488,31.010578738373205
1780006281.033459,0.0,0.5608,0.0,0,1.7445482987270333,-5.715992332120488,31.010578738373205
1780006281.033459,0.0,0.5608,0.0,0,1.7445482987270333,-5.715992332120488,31.010578738373205
1780006281.033459,0.0,0.5608,0.0,0,1.7445482987270333,-5.715992332120488,31.010578738373205
1780006281.033459,0.0,0.5608,0.0,0,1.7445482987270333,-5.715992332120488,31.010578738373205
1780006281.0783713,0.0,0.5608,0.0,0,1.7445482987270333,-5.715992332120488,31.010578738373205
1780006281.0783713,0.0,0.5608,0.0,0,1.7445482987270333,-5.715992332120488,31.010578738373205
1780006281.131745,0.0,0.5608,0.4566664695540473,0,1.7128814323037465,-5.670379851122082,31.066106108668404
1780006281.131745,0.0,0.4807,0.0,0,1.7128814323037465,-5.670379851122082,31.066106108668404
1780006281.131745,0.0,0.4807,0.0,0,1.7128814323037465,-5.670379851122082,31.066106108668404
1780006281.131745,0.0,0.4807,0.0,0,1.7128814323037465,-5.670379851122082,31.066106108668404
1780006281.1786067,0.0,0.4807,0.20115660232423713,0,1.7019156157605342,-5.655369369043418,31.084695452516243
1780006281.1786067,0.0,0.4807,0.0,0,1.7019156157605342,-5.655369369043418,31.084695452516243
1780006281.2288508,0.0,0.4807,0.0,0,1.7019156157605342,-5.655369369043418,31.084695452516243
1780006281.2288508,0.0,0.4807,0.0,0,1.7019156157605342,-5.655369369043418,31.084695452516243
1780006281.2288508,0.0,0.4807,0.0,0,1.6848808628332645,-5.632051465399706,31.1135729080418
1780006281.2288508,0.0,0.4807,0.0,0,1.6848808628332645,-5.632051465399706,31.1135729080418
1780006281.281303,0.0,0.4807,0.0,0,1.6848808628332645,-5.632051465399706,31.1135729080418
1780006281.281303,0.0,0.4807,0.0,0,1.6623401364402972,-5.603660225489815,31.14982407147063
1780006281.3304946,0.0,0.4807,0.0,0,1.6623401364402972,-5.603660225489815,31.14982407147063
1780006281.3304946,0.0,0.4006,0.0,0,1.6623401364402972,-5.603660225489815,31.14982407147063
1780006281.3304946,0.0,0.4006,0.0,0,1.6623401364402972,-5.603660225489815,31.14982407147063
1780006281.3304946,0.0,0.4006,0.0,0,1.6623401364402972,-5.603660225489815,31.14982407147063
1780006281.3793747,0.0,0.4006,0.0,0,1.6623401364402972,-5.603660225489815,31.14982407147063
1780006281.3793747,0.0,0.4006,0.0,0,1.6623401364402972,-5.603660225489815,31.14982407147063
1780006281.4313776,0.0,0.4006,1.5381921887417391,0,1.6279844401372405,-5.564835980582069,31.20166648519843
1780006281.4313776,0.0,0.4006,0.0,0,1.6279844401372405,-5.564835980582069,31.20166648519843
1780006281.4313776,0.0,0.4006,0.0,0,1.6279844401372405,-5.564835980582069,31.20166648519843
1780006281.4313776,0.0,0.4006,0.0,0,1.6279844401372405,-5.564835980582069,31.20166648519843
1780006281.4807992,0.0,0.4006,0.0,0,1.6279844401372405,-5.564835980582069,31.20166648519843
1780006281.4807992,0.0,0.4006,0.0,0,1.6260284083127106,-5.562995577484127,31.20435221490588
1780006281.5309534,0.0,0.4006,1.3941023959492738,0,1.5988276211013206,-5.53740273567934,31.24170025871763
1780006281.5309534,0.0,0.4006,0.0,0,1.5988276211013206,-5.53740273567934,31.24170025871763
1780006281.5309534,0.0,0.4006,0.0,0,1.5988276211013206,-5.53740273567934,31.24170025871763
1780006281.5309534,0.0,0.4006,0.0,0,1.5988276211013206,-5.53740273567934,31.24170025871763
1780006281.5791368,0.0,0.4006,0.0,0,1.5988276211013206,-5.53740273567934,31.24170025871763
1780006281.5791368,0.0,0.4006,0.0,0,1.5988276211013206,-5.53740273567934,31.24170025871763
1780006281.628559,0.0,0.4807,0.6384710917433204,0,1.5816452379591128,-5.523554835919029,31.263768303901042
1780006281.628559,0.0,0.4807,0.0,0,1.5816452379591128,-5.523554835919029,31.263768303901042
1780006281.628559,0.0,0.4807,0.0,0,1.5816452379591128,-5.523554835919029,31.263768303901042
1780006281.628559,0.0,0.4807,0.0,0,1.5571165979417207,-5.503786323867682,31.295271450566528
1780006281.6811676,0.0,0.4807,1.5530942135891983,0,1.560709862324016,-5.403968038220942,31.39515439054316
1780006281.6811676,0.0,0.4807,0.0,0,1.560709862324016,-5.403968038220942,31.39515439054316
1780006281.7286937,0.0,0.4807,0.0,0,1.560709862324016,-5.403968038220942,31.39515439054316
1780006281.7286937,0.0,0.4807,0.0,0,1.560709862324016,-5.403968038220942,31.39515439054316
1780006281.7286937,0.0,0.4807,0.0,0,1.560709862324016,-5.403968038220942,31.39515439054316
1780006281.7286937,0.0,0.4807,0.0,0,1.560709862324016,-5.403968038220942,31.39515439054316
1780006281.778704,0.0,0.4807,0.0,0,1.560709862324016,-5.403968038220942,31.39515439054316
1780006281.778704,0.0,0.4807,0.0,0,1.560709862324016,-5.403968038220942,31.39515439054316
1780006281.8330746,0.0,0.4006,1.4374769098052471,0,1.5131032533643467,-5.3767060656161805,31.450014251707234
1780006281.8330746,0.0,0.4006,0.0,0,1.5131032533643467,-5.3767060656161805,31.450014251707234
1780006281.8330746,0.0,0.4006,0.0,0,1.5131032533643467,-5.3767060656161805,31.450014251707234
1780006281.8330746,0.0,0.4006,0.0,0,1.5131032533643467,-5.3767060656161805,31.450014251707234
1780006281.8784919,0.0,0.4006,0.0,0,1.5131032533643467,-5.3767060656161805,31.450014251707234
1780006281.8784919,0.0,0.4006,0.0,0,1.5131032533643467,-5.3767060656161805,31.450014251707234
1780006281.930159,0.0,0.4807,0.0,0,1.5131032533643467,-5.3767060656161805,31.450014251707234
1780006281.930159,0.0,0.4807,0.0,0,1.5131032533643467,-5.3767060656161805,31.450014251707234
1780006281.930159,0.0,0.4807,0.0,0,1.477064096931059,-5.3587908386150405,31.49026069446837
1780006281.930159,0.0,0.4807,0.0,0,1.477064096931059,-5.3587908386150405,31.49026069446837
1780006281.9782515,0.0,0.4807,0.0,0,1.477064096931059,-5.3587908386150405,31.49026069446837
1780006281.9782515,0.0,0.4807,0.0,0,1.477064096931059,-5.3587908386150405,31.49026069446837
1780006282.0340357,0.0,0.4807,0.4773837929118281,0,1.454834222842431,-5.349477448947883,31.51436269706335
1780006282.0340357,0.0,0.4807,0.0,0,1.454834222842431,-5.349477448947883,31.51436269706335
1780006282.0340357,0.0,0.4807,0.0,0,1.454834222842431,-5.349477448947883,31.51436269706335
1780006282.0340357,0.0,0.4807,0.0,0,1.454834222842431,-5.349477448947883,31.51436269706335
1780006282.0783558,0.0,0.4807,0.5987872723773967,0,1.4326812874675274,-5.340196293391388,31.538381281413567
1780006282.0783558,0.0,0.4807,0.0,0,1.4326812874675274,-5.340196293391388,31.538381281413567
1780006282.1297061,0.0,0.4807,0.8030541342666917,0,1.394199237968443,-5.3261602880512555,31.579343185416654
1780006282.1297061,0.0,0.4807,0.0,0,1.394199237968443,-5.3261602880512555,31.579343185416654
1780006282.1297061,0.0,0.4807,0.0,0,1.394199237968443,-5.3261602880512555,31.579343185416654
1780006282.1297061,0.0,0.4807,0.0,0,1.394199237968443,-5.3261602880512555,31.579343185416654
1780006282.1797092,0.0,0.4807,0.0,0,1.394199237968443,-5.3261602880512555,31.579343185416654
1780006282.1797092,0.0,0.4807,0.0,0,1.394199237968443,-5.3261602880512555,31.579343185416654
1780006282.229012,0.0,0.5608,0.29252739097159774,0,1.330913939056644,-5.303644242579574,31.646514618050166
1780006282.229012,0.0,0.5608,0.0,0,1.330913939056644,-5.303644242579574,31.646514618050166
1780006282.229012,0.0,0.5608,0.0,0,1.330913939056644,-5.303644242579574,31.646514618050166
1780006282.229012,0.0,0.5608,0.0,0,1.330913939056644,-5.303644242579574,31.646514618050166
1780006282.2849915,0.0,0.5608,0.0,0,1.330913939056644,-5.303644242579574,31.646514618050166
1780006282.2849915,0.0,0.5608,0.0,0,1.330913939056644,-5.303644242579574,31.646514618050166
1780006282.3293586,0.0,0.5608,-0.06738656577534846,0,1.323856917876997,-5.300975110474798,31.65405953780605
1780006282.3293586,0.0,0.5608,0.0,0,1.323856917876997,-5.300975110474798,31.65405953780605
1780006282.3293586,0.0,0.5608,0.0,0,1.2824989799401965,-5.285332561426931,31.698276823691764
1780006282.3293586,0.0,0.5608,0.0,0,1.2824989799401965,-5.285332561426931,31.698276823691764
1780006282.3793948,0.0,0.5608,0.0,0,1.2824989799401965,-5.285332561426931,31.698276823691764
1780006282.3793948,0.0,0.5608,0.0,0,1.2824989799401965,-5.285332561426931,31.698276823691764
1780006282.4296584,0.0,0.6409,-1.0053476374185433,0,1.2507299248838755,-5.269788359450272,31.7336448187475
1780006282.4296584,0.0,0.6409,0.0,0,1.2507299248838755,-5.269788359450272,31.7336448187475
1780006282.4296584,0.0,0.6409,0.0,0,1.2507299248838755,-5.269788359450272,31.7336448187475
1780006282.4296584,0.0,0.6409,0.0,0,1.2507299248838755,-5.269788359450272,31.7336448187475
1780006282.4794025,0.0,0.6409,0.0,0,1.2507299248838755,-5.269788359450272,31.7336448187475
1780006282.4794025,0.0,0.6409,0.0,0,1.2507299248838755,-5.269788359450272,31.7336448187475
1780006282.5283713,0.0,0.6409,0.0,0,1.2507299248838755,-5.269788359450272,31.7336448187475
1780006282.5283713,0.0,0.6409,0.0,0,1.2507299248838755,-5.269788359450272,31.7336448187475
1780006282.5283713,0.0,0.6409,0.0,0,1.2507299248838755,-5.269788359450272,31.7336448187475
1780006282.5283713,0.0,0.6409,0.0,0,1.2507299248838755,-5.269788359450272,31.7336448187475
1780006282.5786982,0.0,0.6409,0.0,0,1.2507299248838755,-5.269788359450272,31.7336448187475
1780006282.5786982,0.0,0.6409,0.0,0,1.2507299248838755,-5.269788359450272,31.7336448187475
1780006282.6313603,0.0,0.6409,-2.5987139708362395,0,1.1184412315651109,-5.1921697391323125,31.88702326769014
1780006282.6313603,0.0,0.6409,0.0,0,1.1184412315651109,-5.1921697391323125,31.88702326769014
1780006282.6313603,0.0,0.6409,0.0,0,1.1184412315651109,-5.1921697391323125,31.88702326769014
1780006282.6313603,0.0,0.6409,0.0,0,1.1184412315651109,-5.1921697391323125,31.88702326769014
1780006282.678949,0.0,0.6409,0.0,0,1.1184412315651109,-5.1921697391323125,31.88702326769014
1780006282.678949,0.0,0.6409,0.0,0,1.1184412315651109,-5.1921697391323125,31.88702326769014
1780006282.729799,0.0,0.5608,-0.16138012355561343,0,1.1169103364579045,-5.190791252484845,31.88908333207421
1780006282.729799,0.0,0.5608,0.0,0,1.1169103364579045,-5.190791252484845,31.88908333207421
1780006282.729799,0.0,0.5608,0.0,0,1.0841001905877141,-5.161247524916187,31.93323463455414
1780006282.729799,0.0,0.5608,0.0,0,1.0841001905877141,-5.161247524916187,31.93323463455414
1780006282.7790418,0.0,0.5608,0.0,0,1.0841001905877141,-5.161247524916187,31.93323463455414
1780006282.7790418,0.0,0.5608,0.0,0,1.0841001905877141,-5.161247524916187,31.93323463455414
1780006282.829656,0.0,0.5608,0.0,0,1.0841001905877141,-5.161247524916187,31.93323463455414
1780006283.42937,0.0,0.5608,0.0,0,1.0841001905877141,-5.161247524916187,31.93323463455414
1780006283.42937,0.0,0.6409,0.0,0,1.0841001905877141,-5.161247524916187,31.93323463455414
1780006283.4791539,0.0,0.5608,0.0,0,1.0841001905877141,-5.161247524916187,31.93323463455414
1780006283.4791539,0.0,0.6409,0.0,0,1.0841001905877141,-5.161247524916187,31.93323463455414
1780006283.530685,0.0,0.6409,0.0,0,1.0841001905877141,-5.161247524916187,31.93323463455414
1780006283.530685,0.0,0.5608,0.0,0,1.0179429006647214,-5.057447471224808,32.056325000368396
1780006283.530685,0.0,0.5608,0.0,0,1.0179429006647214,-5.057447471224808,32.056325000368396
1780006283.530685,0.0,0.6409,0.0,0,1.0179429006647214,-5.057447471224808,32.056325000368396
1780006283.5786922,0.0,0.5608,0.0,0,1.0179429006647214,-5.057447471224808,32.056325000368396
1780006283.5786922,0.0,0.5608,0.0,0,1.0179429006647214,-5.057447471224808,32.056325000368396
1780006283.6336586,0.0,0.5608,-6.243517783022797,0,0.8949727617677388,-4.7784631937766475,32.36120839139456
1780006283.6336586,0.0,0.5608,0.0,0,0.8949727617677388,-4.7784631937766475,32.36120839139456
1780006283.6336586,0.0,0.5608,0.0,0,1.0633449824071834,-4.696674657804851,32.54839431313941
1780006283.6336586,0.0,0.5608,0.0,0,1.0633449824071834,-4.696674657804851,32.54839431313941
1780006283.684296,0.0,0.5608,0.0,0,1.0633449824071834,-4.696674657804851,32.54839431313941
1780006283.684296,0.0,0.5608,0.0,0,1.0639872306827378,-4.680782848423701,32.564299095069835
1780006283.7320201,0.0,0.5608,-0.4832909996414035,0,1.0674901265135488,-4.625655441852712,32.61953767972263
1780006283.7320201,0.0,0.5608,0.0,0,1.0674901265135488,-4.625655441852712,32.61953767972263
1780006283.7320201,0.0,0.4807,0.0,0,1.0674901265135488,-4.625655441852712,32.61953767972263
1780006283.7320201,0.0,0.4807,0.0,0,1.0674901265135488,-4.625655441852712,32.61953767972263
1780006283.7799957,0.0,0.4807,0.0,0,1.0674901265135488,-4.625655441852712,32.61953767972263
1780006283.7799957,0.0,0.4807,0.0,0,1.0674901265135488,-4.625655441852712,32.61953767972263
1780006283.829128,0.0,0.4807,-0.046610279236912855,0,1.0706710326265632,-4.577343858266438,32.667953867845135
1780006283.829128,0.0,0.4807,0.0,0,1.0706710326265632,-4.577343858266438,32.667953867845135
1780006283.829128,0.0,0.4807,0.0,0,1.0706710326265632,-4.577343858266438,32.667953867845135
1780006283.829128,0.0,0.4807,0.0,0,1.0706710326265632,-4.577343858266438,32.667953867845135
1780006283.880458,0.0,0.4807,0.0,0,1.0706710326265632,-4.577343858266438,32.667953867845135
1780006283.880458,0.0,0.4807,0.0,0,1.0706710326265632,-4.577343858266438,32.667953867845135
1780006283.9293947,0.0,0.5608,0.03566101411888987,0,1.072084031033762,-4.554438340982732,32.69090292635595
1780006283.9293947,0.0,0.5608,0.0,0,1.072084031033762,-4.554438340982732,32.69090292635595
1780006283.9293947,0.0,0.5608,0.0,0,1.072084031033762,-4.554438340982732,32.69090292635595
1780006283.9293947,0.0,0.5608,0.0,0,1.072084031033762,-4.554438340982732,32.69090292635595
1780006283.9792373,0.0,0.5608,0.04797905094860823,0,1.074020303410856,-4.523050251531579,32.72235068160354
1780006283.9792373,0.0,0.5608,0.0,0,1.074020303410856,-4.523050251531579,32.72235068160354
1780006284.0297816,0.0,0.4807,-0.05521214452585144,0,1.0765406775269057,-4.484443748939361,32.761039366358744
1780006284.0297816,0.0,0.4807,0.0,0,1.0765406775269057,-4.484443748939361,32.761039366358744
1780006284.0297816,0.0,0.4807,0.0,0,1.0765406775269057,-4.484443748939361,32.761039366358744
1780006284.0297816,0.0,0.4807,0.0,0,1.0765406775269057,-4.484443748939361,32.761039366358744
1780006284.0788841,0.0,0.4807,0.0,0,1.0765406775269057,-4.484443748939361,32.761039366358744
1780006284.0788841,0.0,0.4807,0.0,0,1.0765406775269057,-4.484443748939361,32.761039366358744
1780006284.1318543,0.0,0.5608,-0.08027686895385902,0,1.081043701510763,-4.41840272979504,32.82723372740725
1780006284.1318543,0.0,0.5608,0.0,0,1.081043701510763,-4.41840272979504,32.82723372740725
1780006284.1318543,0.0,0.5608,0.0,0,1.081043701510763,-4.41840272979504,32.82723372740725
1780006284.1318543,0.0,0.5608,0.0,0,1.081043701510763,-4.41840272979504,32.82723372740725
1780006284.1842291,0.0,0.5608,0.0,0,1.081043701510763,-4.41840272979504,32.82723372740725
1780006284.1842291,0.0,0.5608,0.0,0,1.081043701510763,-4.41840272979504,32.82723372740725
1780006284.2305112,0.0,0.5608,-0.030887682637828377,0,1.0816830066474497,-4.410278944621286,32.83538262896556
1780006284.2305112,0.0,0.5608,0.0,0,1.0816830066474497,-4.410278944621286,32.83538262896556
1780006284.2305112,0.0,0.5608,0.0,0,1.0854624069404744,-4.3622533081853225,32.88355674672245
1780006284.2305112,0.0,0.5608,0.0,0,1.0854624069404744,-4.3622533081853225,32.88355674672245
1780006284.281615,0.0,0.5608,0.0,0,1.0854624069404744,-4.3622533081853225,32.88355674672245
1780006284.281615,0.0,0.5608,0.0,0,1.0854624069404744,-4.3622533081853225,32.88355674672245
1780006284.3300307,0.0,0.5608,-0.022667183192388033,0,1.0876284693270124,-4.33552820926802,32.91036948135363
1780006284.3300307,0.0,0.5608,0.0,0,1.0876284693270124,-4.33552820926802,32.91036948135363
1780006284.3300307,0.0,0.5608,0.0,0,1.0876284693270124,-4.33552820926802,32.91036948135363
1780006284.3300307,0.0,0.5608,0.0,0,1.0876284693270124,-4.33552820926802,32.91036948135363
1780006284.3809493,0.0,0.5608,-0.024389825088336824,0,1.090079634085855,-4.305285488167376,32.94071137299285
1780006284.3809493,0.0,0.5608,0.0,0,1.090079634085855,-4.305285488167376,32.94071137299285
1780006284.4391906,0.0,0.5608,-0.034766232663495364,0,1.093854331237086,-4.260120091272086,32.98603423052956
1780006284.4391906,0.0,0.5608,0.0,0,1.093854331237086,-4.260120091272086,32.98603423052956
1780006284.4391906,0.0,0.5608,0.0,0,1.093854331237086,-4.260120091272086,32.98603423052956
1780006284.4391906,0.0,0.5608,0.0,0,1.093854331237086,-4.260120091272086,32.98603423052956
1780006284.4808583,0.0,0.5608,0.0,0,1.093854331237086,-4.260120091272086,32.98603423052956
1780006284.4808583,0.0,0.5608,0.0,0,1.093854331237086,-4.260120091272086,32.98603423052956
1780006284.5332198,0.0,0.4807,2.0637556379776902,0,1.018019027489561,-4.2412053642239025,33.064192788562494
1780006284.5332198,0.0,0.4807,0.0,0,1.018019027489561,-4.2412053642239025,33.064192788562494
1780006284.5332198,0.0,0.4807,0.0,0,1.018019027489561,-4.2412053642239025,33.064192788562494
1780006284.5332198,0.0,0.4807,0.0,0,1.018019027489561,-4.2412053642239025,33.064192788562494
1780006284.581283,0.0,0.4807,0.0,0,1.018019027489561,-4.2412053642239025,33.064192788562494
1780006284.581283,0.0,0.4807,0.0,0,1.018019027489561,-4.2412053642239025,33.064192788562494
1780006284.629545,0.0,0.5608,0.2467315903114429,0,1.0073531140166638,-4.2343138474087505,33.07689139928276
1780006284.629545,0.0,0.5608,0.0,0,1.0073531140166638,-4.2343138474087505,33.07689139928276
1780006284.629545,0.0,0.5608,0.0,0,1.0058961475087451,-4.1873689899090545,33.123858860328376
1780006284.629545,0.0,0.5608,0.0,0,1.0058961475087451,-4.1873689899090545,33.123858860328376
1780006284.6796937,0.0,0.5608,0.0,0,1.0058961475087451,-4.1873689899090545,33.123858860328376
1780006284.6796937,0.0,0.5608,0.0,0,1.0058961475087451,-4.1873689899090545,33.123858860328376
1780006284.7312188,0.0,0.5608,-0.08300309461557626,0,1.0052260948024627,-4.157999398945759,33.15323609375803
1780006284.7312188,0.0,0.5608,0.0,0,1.0052260948024627,-4.157999398945759,33.15323609375803
1780006284.7312188,0.0,0.5608,0.0,0,1.0052260948024627,-4.157999398945759,33.15323609375803
1780006284.7312188,0.0,0.5608,0.0,0,1.0052260948024627,-4.157999398945759,33.15323609375803
1780006284.7799346,0.0,0.5608,-0.08084534489857534,0,1.0046090441352717,-4.1309529807623635,33.18028954987878
1780006284.7799346,0.0,0.5608,0.0,0,1.0046090441352717,-4.1309529807623635,33.18028954987878
1780006284.8289213,0.0,0.5608,-0.01753427067998328,0,1.0035554250410197,-4.082647602049511,33.228606417800734
1780006284.8289213,0.0,0.5608,0.0,0,1.0035554250410197,-4.082647602049511,33.228606417800734
1780006284.8289213,0.0,0.5608,0.0,0,1.0035554250410197,-4.082647602049511,33.228606417800734
1780006284.8289213,0.0,0.5608,0.0,0,1.0035554250410197,-4.082647602049511,33.228606417800734
1780006284.8817055,0.0,0.5608,0.0,0,1.0035554250410197,-4.082647602049511,33.228606417800734
1780006284.8817055,0.0,0.5608,0.0,0,1.0035554250410197,-4.082647602049511,33.228606417800734
1780006284.933162,0.0,0.5608,0.0,0,1.0035554250410197,-4.082647602049511,33.228606417800734
1780006284.933162,0.0,0.5608,0.0,0,1.0035554250410197,-4.082647602049511,33.228606417800734
1780006284.933162,0.0,0.5608,0.0,0,1.0028316160584347,-4.008084301084168,33.30317323180195
1780006284.933162,0.0,0.5608,0.0,0,1.0028316160584347,-4.008084301084168,33.30317323180195
1780006284.9942605,0.0,0.5608,0.0,0,1.0028316160584347,-4.008084301084168,33.30317323180195
1780006284.9942605,0.0,0.4807,0.0,0,1.0028316160584347,-4.008084301084168,33.30317323180195
1780006285.0341182,0.0,0.5608,0.0,0,1.0028316160584347,-4.008084301084168,33.30317323180195
1780006285.0341182,0.0,0.5608,0.0,0,1.002470027278804,-3.96628517478642,33.34497392205583
1780006285.0341182,0.0,0.5608,0.0,0,1.002470027278804,-3.96628517478642,33.34497392205583
1780006285.0341182,0.0,0.5608,0.0,0,1.002470027278804,-3.96628517478642,33.34497392205583
1780006285.0831962,0.0,0.5608,0.0,0,1.002470027278804,-3.96628517478642,33.34497392205583
1780006285.0831962,0.0,0.5608,0.0,0,1.0019622551592522,-3.938868040660159,33.37239575781172
1780006285.1311972,0.0,0.5608,0.0,0,1.0019622551592522,-3.938868040660159,33.37239575781172
1780006285.1311972,0.0,0.5608,0.0,0,1.0019622551592522,-3.938868040660159,33.37239575781172
1780006285.1311972,0.0,0.5608,0.0,0,1.0019622551592522,-3.938868040660159,33.37239575781172
1780006285.1311972,0.0,0.5608,0.0,0,1.0019622551592522,-3.938868040660159,33.37239575781172
1780006285.1797998,0.0,0.5608,0.0,0,1.0019622551592522,-3.938868040660159,33.37239575781172
1780006285.1797998,0.0,0.5608,0.0,0,1.0019622551592522,-3.938868040660159,33.37239575781172
1780006285.2291179,0.0,0.5608,0.0,0,1.0019622551592522,-3.938868040660159,33.37239575781172
1780006285.2291179,0.0,0.5608,0.0,0,1.0005304252223195,-3.8610388974894656,33.45023807062199
1780006285.2291179,0.0,0.5608,0.0,0,1.0005304252223195,-3.8610388974894656,33.45023807062199
1780006285.2291179,0.0,0.5608,0.0,0,1.0005304252223195,-3.8610388974894656,33.45023807062199
1780006285.2790139,0.0,0.5608,0.0,0,1.0005304252223195,-3.8610388974894656,33.45023807062199
1780006285.2790139,0.0,0.5608,0.0,0,1.0005304252223195,-3.8610388974894656,33.45023807062199
1780006285.3335311,0.0,0.6409,-0.7517919422385261,0,1.0019735149321543,-3.79162019215312,33.519671773954634
1780006285.3335311,0.0,0.6409,0.0,0,1.0019735149321543,-3.79162019215312,33.519671773954634
1780006285.3335311,0.0,0.6409,0.0,0,1.0019735149321543,-3.79162019215312,33.519671773954634
1780006285.3335311,0.0,0.6409,0.0,0,1.0019735149321543,-3.79162019215312,33.519671773954634
1780006285.3826163,0.0,0.6409,0.0,0,1.0019735149321543,-3.79162019215312,33.519671773954634
1780006285.3826163,0.0,0.5608,0.0,0,0.9916067445226446,-3.816325510249127,33.54646398683354
1780006285.4301958,0.0,0.5608,0.0,0,0.9916067445226446,-3.816325510249127,33.54646398683354
1780006285.4301958,0.0,0.5608,0.0,0,0.9916067445226446,-3.816325510249127,33.54646398683354
1780006285.4301958,0.0,0.5608,0.0,0,0.9916067445226446,-3.816325510249127,33.54646398683354
1780006285.4301958,0.0,0.5608,0.0,0,0.9916067445226446,-3.816325510249127,33.54646398683354
1780006285.481747,0.0,0.5608,-0.18811298813546393,0,0.9938206791424817,-3.7776197207697133,33.585233042093186
1780006285.481747,0.0,0.5608,0.0,0,0.9957206924145288,-3.740740096670756,33.62216157745697
1780006285.5296462,0.0,0.5608,0.0,0,0.9957206924145288,-3.740740096670756,33.62216157745697
1780006285.5296462,0.0,0.5608,0.0,0,0.9957206924145288,-3.740740096670756,33.62216157745697
1780006285.5296462,0.0,0.5608,0.0,0,0.9957206924145288,-3.740740096670756,33.62216157745697
1780006285.5296462,0.0,0.5608,0.0,0,0.9957206924145288,-3.740740096670756,33.62216157745697
1780006285.5790267,0.0,0.5608,0.038394329989414694,0,0.9966769569098899,-3.7221788183644713,33.64074747248918
1780006285.5790267,0.0,0.5608,0.0,0,1.001375531166356,-3.6649085142811946,33.69821019370767
1780006285.6292083,0.0,0.5608,0.0,0,1.001375531166356,-3.6649085142811946,33.69821019370767
1780006285.6292083,0.0,0.5608,0.0,0,1.001375531166356,-3.6649085142811946,33.69821019370767
1780006285.6292083,0.0,0.5608,0.0,0,1.001375531166356,-3.6649085142811946,33.69821019370767
1780006285.6292083,0.0,0.5608,0.0,0,1.001375531166356,-3.6649085142811946,33.69821019370767
1780006285.6806138,0.0,0.5608,0.0,0,1.001375531166356,-3.6649085142811946,33.69821019370767
1780006285.6806138,0.0,0.6409,0.0,0,1.001375531166356,-3.6649085142811946,33.69821019370767
1780006285.7299592,0.0,0.6409,-0.5616001689926365,0,1.0084441688686758,-3.6002495413323627,33.763254397306184
1780006285.7299592,0.0,0.6409,0.0,0,1.0084441688686758,-3.6002495413323627,33.763254397306184
1780006285.7299592,0.0,0.6409,0.0,0,1.0084441688686758,-3.6002495413323627,33.763254397306184
1780006285.7299592,0.0,0.6409,0.0,0,1.0084441688686758,-3.6002495413323627,33.763254397306184
1780006285.7794933,0.0,0.6409,0.0,0,1.0084441688686758,-3.6002495413323627,33.763254397306184
1780006285.7794933,0.0,0.6409,0.0,0,1.0084441688686758,-3.6002495413323627,33.763254397306184
1780006285.8306088,0.0,0.5608,-0.43195416575292034,0,1.0117209687840376,-3.581689621367859,33.782101361167086
1780006285.8306088,0.0,0.5608,0.0,0,1.0117209687840376,-3.581689621367859,33.782101361167086
1780006285.8306088,0.0,0.5608,0.0,0,1.0117209687840376,-3.581689621367859,33.782101361167086
1780006285.8306088,0.0,0.5608,0.0,0,1.0117209687840376,-3.581689621367859,33.782101361167086
1780006285.8822308,0.0,0.5608,-0.8422519469073472,0,1.018173582401526,-3.5451417712104507,33.819214452841386
1780006285.8822308,0.0,0.5608,0.0,0,1.018173582401526,-3.5451417712104507,33.819214452841386
1780006285.9315732,0.0,0.6409,-0.9422990012440362,0,1.028733198475693,-3.502447723228961,33.86319498517877
1780006285.9315732,0.0,0.6409,0.0,0,1.028733198475693,-3.502447723228961,33.86319498517877
1780006285.9315732,0.0,0.6409,0.0,0,1.028733198475693,-3.502447723228961,33.86319498517877
1780006285.9315732,0.0,0.6409,0.0,0,1.028733198475693,-3.502447723228961,33.86319498517877
1780006285.9790688,0.0,0.6409,-0.4467652857531725,0,1.0335523658870194,-3.4829631356033404,33.88326669485879
1780006285.9790688,0.0,0.6409,0.0,0,1.0335523658870194,-3.4829631356033404,33.88326669485879
1780006286.031181,0.0,0.6409,-1.392651374057173,0,1.0529160393212225,-3.423546112627201,33.94575937017529
1780006286.031181,0.0,0.6409,0.0,0,1.0529160393212225,-3.423546112627201,33.94575937017529
1780006286.031181,0.0,0.6409,0.0,0,1.0529160393212225,-3.423546112627201,33.94575937017529
1780006286.031181,0.0,0.6409,0.0,0,1.0529160393212225,-3.423546112627201,33.94575937017529
1780006286.07841,0.0,0.6409,0.0,0,1.0529160393212225,-3.423546112627201,33.94575937017529
1780006286.07841,0.0,0.6409,0.0,0,1.0529160393212225,-3.423546112627201,33.94575937017529
1780006286.1319854,0.0,0.6409,-1.3919936966733901,0,1.077905106361944,-3.362687378256436,34.01154872357519
1780006286.1319854,0.0,0.6409,0.0,0,1.077905106361944,-3.362687378256436,34.01154872357519
1780006286.1319854,0.0,0.6409,0.0,0,1.077905106361944,-3.362687378256436,34.01154872357519
1780006286.1319854,0.0,0.6409,0.0,0,1.077905106361944,-3.362687378256436,34.01154872357519
1780006286.1785984,0.0,0.6409,0.0,0,1.077905106361944,-3.362687378256436,34.01154872357519
1780006286.1785984,0.0,0.6409,0.0,0,1.077905106361944,-3.362687378256436,34.01154872357519
1780006286.229587,0.0,0.6409,-0.5487800063373501,0,1.0888256134448047,-3.340729866940888,34.036071973321484
1780006286.229587,0.0,0.6409,0.0,0,1.0888256134448047,-3.340729866940888,34.036071973321484
1780006286.229587,0.0,0.6409,0.0,0,1.0888256134448047,-3.340729866940888,34.036071973321484
1780006286.229587,0.0,0.6409,0.0,0,1.0888256134448047,-3.340729866940888,34.036071973321484
1780006286.2790143,0.0,0.6409,-0.888662622983364,0,1.1059681210591368,-3.3062619798672763,34.07456743807548
1780006286.2790143,0.0,0.6409,0.0,0,1.1059681210591368,-3.3062619798672763,34.07456743807548
1780006286.3292801,0.0,0.5608,-0.8380085006562444,0,1.1268367792469798,-3.269708123008744,34.116658830851144
1780006286.3292801,0.0,0.5608,0.0,0,1.1268367792469798,-3.269708123008744,34.116658830851144
1780006286.3292801,0.0,0.5608,0.0,0,1.1268367792469798,-3.269708123008744,34.116658830851144
1780006286.3292801,0.0,0.5608,0.0,0,1.1268367792469798,-3.269708123008744,34.116658830851144
1780006286.3802388,0.0,0.5608,0.0,0,1.1268367792469798,-3.269708123008744,34.116658830851144
1780006286.3802388,0.0,0.5608,0.0,0,1.1268367792469798,-3.269708123008744,34.116658830851144
1780006286.4296257,0.0,0.5608,-1.1594388593573661,0,1.1643850767316979,-3.2087425937061673,34.1882596018466
1780006286.4296257,0.0,0.5608,0.0,0,1.1643850767316979,-3.2087425937061673,34.1882596018466
1780006286.4296257,0.0,0.5608,0.0,0,1.1643850767316979,-3.2087425937061673,34.1882596018466
1780006286.4296257,0.0,0.5608,0.0,0,1.1643850767316979,-3.2087425937061673,34.1882596018466
1780006286.4804997,0.0,0.5608,0.0,0,1.1643850767316979,-3.2087425937061673,34.1882596018466
1780006286.4804997,0.0,0.5608,0.0,0,1.1643850767316979,-3.2087425937061673,34.1882596018466
1780006286.5354931,0.0,0.5608,-0.04968677525041256,0,1.194130740019395,-3.1616790384269655,34.24393529420821
1780006286.5354931,0.0,0.5608,0.0,0,1.194130740019395,-3.1616790384269655,34.24393529420821
1780006286.5354931,0.0,0.5608,0.0,0,1.194130740019395,-3.1616790384269655,34.24393529420821
1780006286.5354931,0.0,0.5608,0.0,0,1.194130740019395,-3.1616790384269655,34.24393529420821
1780006286.584805,0.0,0.5608,0.0,0,1.194130740019395,-3.1616790384269655,34.24393529420821
1780006286.584805,0.0,0.5608,0.0,0,1.194130740019395,-3.1616790384269655,34.24393529420821
1780006286.6308253,0.0,0.4807,0.0038006289700224715,0,1.205141571743284,-3.144242521670893,34.26455738265329
1780006286.6308253,0.0,0.4807,0.0,0,1.205141571743284,-3.144242521670893,34.26455738265329
1780006286.6308253,0.0,0.4807,0.0,0,1.205141571743284,-3.144242521670893,34.26455738265329
1780006286.6308253,0.0,0.4807,0.0,0,1.205141571743284,-3.144242521670893,34.26455738265329
1780006286.6786716,0.0,0.4807,0.004569984011634333,0,1.2189066501992625,-3.1224444389133854,34.29033787521651
1780006286.6786716,0.0,0.4807,0.0,0,1.2189066501992625,-3.1224444389133854,34.29033787521651
1780006286.7305465,0.0,0.5608,0.06546925749518515,0,1.2433282986217575,-3.0833936792143994,34.33639630272701
1780006286.7305465,0.0,0.5608,0.0,0,1.2433282986217575,-3.0833936792143994,34.33639630272701
1780006286.7305465,0.0,0.5608,0.0,0,1.2433282986217575,-3.0833936792143994,34.33639630272701
1780006286.7305465,0.0,0.5608,0.0,0,1.2433282986217575,-3.0833936792143994,34.33639630272701
1780006286.7786136,0.0,0.5608,0.020306236943051944,0,1.2503470166236055,-3.072170592822219,34.34963337455411
1780006286.7786136,0.0,0.5608,0.0,0,1.2817678984631158,-3.02125353410821,34.40946496055731
1780006286.8285751,0.0,0.5608,0.0,0,1.2817678984631158,-3.02125353410821,34.40946496055731
1780006286.8285751,0.0,0.5608,0.0,0,1.2817678984631158,-3.02125353410821,34.40946496055731
1780006286.8285751,0.0,0.5608,0.0,0,1.2817678984631158,-3.02125353410821,34.40946496055731
1780006286.8285751,0.0,0.5608,0.0,0,1.2817678984631158,-3.02125353410821,34.40946496055731
1780006286.8781292,0.0,0.5608,0.0,0,1.2817678984631158,-3.02125353410821,34.40946496055731
1780006286.8781292,0.0,0.5608,0.0,0,1.2817678984631158,-3.02125353410821,34.40946496055731
1780006286.9291043,0.0,0.5608,0.0,0,1.2817678984631158,-3.02125353410821,34.40946496055731
1780006286.9291043,0.0,0.5608,0.0,0,1.283012036510808,-3.019228742684209,34.41184144110476
1780006286.9291043,0.0,0.5608,0.0,0,1.3188370508298115,-2.960924777226033,34.48027231161731
1780006286.9291043,0.0,0.5608,0.0,0,1.3188370508298115,-2.960924777226033,34.48027231161731
1780006286.978901,0.0,0.4807,0.0,0,1.3188370508298115,-2.960924777226033,34.48027231161731
1780006286.978901,0.0,0.4807,0.0,0,1.3188370508298115,-2.960924777226033,34.48027231161731
1780006287.0286713,0.0,0.4807,1.064796141720167,0,1.2745568953853423,-3.026982846200511,34.55979841200469
1780006287.0286713,0.0,0.4807,0.0,0,1.2745568953853423,-3.026982846200511,34.55979841200469
1780006287.0286713,0.0,0.4807,0.0,0,1.2745568953853423,-3.026982846200511,34.55979841200469
1780006287.0286713,0.0,0.4807,0.0,0,1.2882613221938568,-3.001598558912405,34.58864582705829
1780006287.08055,0.0,0.4807,0.0,0,1.2882613221938568,-3.001598558912405,34.58864582705829
1780006287.08055,0.0,0.5608,0.0,0,1.2882613221938568,-3.001598558912405,34.58864582705829
1780006287.1291032,0.0,0.5608,-0.07711324065777823,0,1.3085667862501467,-2.9644175152748384,34.63101022102917
1780006287.1291032,0.0,0.5608,0.0,0,1.3085667862501467,-2.9644175152748384,34.63101022102917
1780006287.1291032,0.0,0.5608,0.0,0,1.3085667862501467,-2.9644175152748384,34.63101022102917
1780006287.1291032,0.0,0.5608,0.0,0,1.3085667862501467,-2.9644175152748384,34.63101022102917
1780006287.179587,0.0,0.5608,0.0,0,1.3085667862501467,-2.9644175152748384,34.63101022102917
1780006287.179587,0.0,0.5608,0.0,0,1.3401972745076698,-2.9067685778869556,34.696766496542324
1780006287.2293427,0.0,0.5608,0.0,0,1.3401972745076698,-2.9067685778869556,34.696766496542324
1780006287.2293427,0.0,0.5608,0.0,0,1.3401972745076698,-2.9067685778869556,34.696766496542324
1780006287.2293427,0.0,0.5608,0.0,0,1.3401972745076698,-2.9067685778869556,34.696766496542324
1780006287.2293427,0.0,0.5608,0.0,0,1.3401972745076698,-2.9067685778869556,34.696766496542324
1780006287.2792342,0.0,0.5608,0.0,0,1.3401972745076698,-2.9067685778869556,34.696766496542324
1780006287.2792342,0.0,0.5608,0.0,0,1.3401972745076698,-2.9067685778869556,34.696766496542324
1780006287.3310938,0.0,0.5608,-0.03881402349632711,0,1.3451800229385213,-2.8979316003291196,34.7069114437715
1780006287.3310938,0.0,0.5608,0.0,0,1.3451800229385213,-2.8979316003291196,34.7069114437715
1780006287.3310938,0.0,0.5608,0.0,0,1.3451800229385213,-2.8979316003291196,34.7069114437715
1780006287.3310938,0.0,0.5608,0.0,0,1.3677824439238067,-2.857845874595297,34.75293029688632
1780006287.3789241,0.0,0.5608,0.0,0,1.3677824439238067,-2.857845874595297,34.75293029688632
1780006287.3789241,0.0,0.5608,0.0,0,1.3677824439238067,-2.857845874595297,34.75293029688632
1780006287.4299626,0.0,0.6409,-0.3988283371558472,0,1.3855651656087176,-2.8289870096049947,34.78682807379059
1780006287.4299626,0.0,0.6409,0.0,0,1.3855651656087176,-2.8289870096049947,34.78682807379059
1780006287.4299626,0.0,0.6409,0.0,0,1.3855651656087176,-2.8289870096049947,34.78682807379059
1780006287.4299626,0.0,0.6409,0.0,0,1.3855651656087176,-2.8289870096049947,34.78682807379059
1780006287.4792693,0.0,0.6409,-0.37463131796530463,0,1.4017021991122758,-2.8027988658846605,34.817588807231324
1780006287.4792693,0.0,0.6409,0.0,0,1.4017021991122758,-2.8027988658846605,34.817588807231324
1780006287.5306633,0.0,0.5608,-0.5957354853496846,0,1.428681233630873,-2.762221335624503,34.86631666646575
1780006287.5306633,0.0,0.6409,0.0,0,1.428681233630873,-2.762221335624503,34.86631666646575
1780006287.5306633,0.0,0.6409,0.0,0,1.428681233630873,-2.762221335624503,34.86631666646575
1780006287.5306633,0.0,0.6409,0.0,0,1.428681233630873,-2.762221335624503,34.86631666646575
1780006287.5781717,0.0,0.6409,0.0,0,1.428681233630873,-2.762221335624503,34.86631666646575
1780006287.5781717,0.0,0.6409,0.0,0,1.428681233630873,-2.762221335624503,34.86631666646575
1780006287.6293557,0.0,0.6409,-0.6831937171699011,0,1.4728941517591734,-2.699672469255343,34.94291394326778
1780006287.6293557,0.0,0.6409,0.0,0,1.4728941517591734,-2.699672469255343,34.94291394326778
1780006287.6293557,0.0,0.6409,0.0,0,1.4728941517591734,-2.699672469255343,34.94291394326778
1780006287.6293557,0.0,0.6409,0.0,0,1.4728941517591734,-2.699672469255343,34.94291394326778
1780006287.6811259,0.0,0.6409,0.0,0,1.4728941517591734,-2.699672469255343,34.94291394326778
1780006287.6811259,0.0,0.6409,0.0,0,1.4728941517591734,-2.699672469255343,34.94291394326778
1780006287.729566,0.0,0.5608,-0.13318003767260952,0,1.4775981097612374,-2.693604019773901,34.95059204850241
1780006287.729566,0.0,0.5608,0.0,0,1.4775981097612374,-2.693604019773901,34.95059204850241
1780006287.729566,0.0,0.5608,0.0,0,1.50320832608103,-2.6605649697064297,34.99239470403178
1780006287.729566,0.0,0.5608,0.0,0,1.50320832608103,-2.6605649697064297,34.99239470403178
1780006287.7792287,0.0,0.5608,0.0,0,1.50320832608103,-2.6605649697064297,34.99239470403178
1780006287.7792287,0.0,0.5608,0.0,0,1.50320832608103,-2.6605649697064297,34.99239470403178
1780006287.829,0.0,0.5608,-0.623438363930263,0,1.5254928508898549,-2.6346487197470423,35.02657440645753
1780006287.829,0.0,0.5608,0.0,0,1.5254928508898549,-2.6346487197470423,35.02657440645753
1780006287.829,0.0,0.5608,0.0,0,1.5254928508898549,-2.6346487197470423,35.02657440645753
1780006287.829,0.0,0.5608,0.0,0,1.5254928508898549,-2.6346487197470423,35.02657440645753
1780006287.880571,0.0,0.5608,-0.38318941074474155,0,1.5396850252214467,-2.618143636484102,35.048342171289384
1780006287.880571,0.0,0.5608,0.0,0,1.5396850252214467,-2.618143636484102,35.048342171289384
1780006287.9296458,0.0,0.6409,-1.7258847664740617,0,1.5839833855686356,-2.5749042464016734,35.11024523732129
1780006287.9296458,0.0,0.6409,0.0,0,1.5839833855686356,-2.5749042464016734,35.11024523732129
1780006287.9296458,0.0,0.6409,0.0,0,1.5839833855686356,-2.5749042464016734,35.11024523732129
1780006287.9296458,0.0,0.6409,0.0,0,1.5839833855686356,-2.5749042464016734,35.11024523732129
1780006287.978935,0.0,0.6409,0.0,0,1.5839833855686356,-2.5749042464016734,35.11024523732129
1780006287.978935,0.0,0.6409,0.0,0,1.5839833855686356,-2.5749042464016734,35.11024523732129
1780006288.0300837,0.0,0.6409,-1.8065451245802988,0,1.6362639149625644,-2.5321033151853203,35.17781130474197
1780006288.0300837,0.0,0.6409,0.0,0,1.6362639149625644,-2.5321033151853203,35.17781130474197
1780006288.0300837,0.0,0.6409,0.0,0,1.6362639149625644,-2.5321033151853203,35.17781130474197
1780006288.0300837,0.0,0.6409,0.0,0,1.6362639149625644,-2.5321033151853203,35.17781130474197
1780006288.0809805,0.0,0.6409,0.0,0,1.6362639149625644,-2.5321033151853203,35.17781130474197
1780006288.0809805,0.0,0.6409,0.0,0,1.6362639149625644,-2.5321033151853203,35.17781130474197
1780006288.1291258,0.0,0.6409,-0.5223335828164694,0,1.6512261021507282,-2.521949669921585,35.19589343839913
1780006288.1291258,0.0,0.6409,0.0,0,1.6512261021507282,-2.521949669921585,35.19589343839913
1780006288.1291258,0.0,0.6409,0.0,0,1.6881862801231886,-2.4968677396330947,35.240560629745275
1780006288.1291258,0.0,0.6409,0.0,0,1.6881862801231886,-2.4968677396330947,35.240560629745275
1780006288.1796496,0.0,0.6409,0.0,0,1.6881862801231886,-2.4968677396330947,35.240560629745275
1780006288.1796496,0.0,0.6409,0.0,0,1.6881862801231886,-2.4968677396330947,35.240560629745275
1780006288.232483,0.0,0.6409,-0.8192203197794263,0,1.7248981765411333,-2.476442428211179,35.28257201731203
1780006288.232483,0.0,0.6409,0.0,0,1.7248981765411333,-2.476442428211179,35.28257201731203
1780006288.232483,0.0,0.6409,0.0,0,1.7248981765411333,-2.476442428211179,35.28257201731203
1780006288.232483,0.0,0.6409,0.0,0,1.7248981765411333,-2.476442428211179,35.28257201731203
1780006288.283652,0.0,0.6409,-0.883963835402164,0,1.7632636861879059,-2.455097099888319,35.326475722983275
1780006288.283652,0.0,0.6409,0.0,0,1.7632636861879059,-2.455097099888319,35.326475722983275
1780006288.330095,0.0,0.5608,-1.1652002244875408,0,1.7969261137012964,-2.438686425769501,35.36392527907047
1780006288.330095,0.0,0.5608,0.0,0,1.7969261137012964,-2.438686425769501,35.36392527907047
1780006288.330095,0.0,0.5608,0.0,0,1.7969261137012964,-2.438686425769501,35.36392527907047
1780006288.330095,0.0,0.5608,0.0,0,1.7969261137012964,-2.438686425769501,35.36392527907047
1780006288.379667,0.0,0.5608,0.0,0,1.7969261137012964,-2.438686425769501,35.36392527907047
1780006288.379667,0.0,0.5608,0.0,0,1.7969261137012964,-2.438686425769501,35.36392527907047
1780006288.4305496,0.0,0.5608,-0.003553930147682732,0,1.797127910618466,-2.4385995393026647,35.36414498627085
1780006288.4305496,0.0,0.5608,0.0,0,1.8494078168449155,-2.416089699200751,35.421064943196875
1780006288.4305496,0.0,0.5608,0.0,0,1.8494078168449155,-2.416089699200751,35.421064943196875
1780006288.4305496,0.0,0.5608,0.0,0,1.8494078168449155,-2.416089699200751,35.421064943196875
1780006288.4788678,0.0,0.5608,0.0,0,1.8494078168449155,-2.416089699200751,35.421064943196875
1780006288.4788678,0.0,0.5608,0.0,0,1.8494078168449155,-2.416089699200751,35.421064943196875
1780006288.530328,0.0,0.4807,0.09816861575711289,0,1.8637122700794095,-2.4096259398564115,35.43676199920109
1780006288.530328,0.0,0.4807,0.0,0,1.8637122700794095,-2.4096259398564115,35.43676199920109
1780006288.5797422,0.0,0.4807,0.25868369936846736,0,1.8999071407136103,-2.393270548325974,35.47648060305798
1780006288.5797422,0.0,0.4807,0.0,0,1.8999071407136103,-2.393270548325974,35.47648060305798
1780006288.6291494,0.0,0.4006,0.1825547567248914,0,1.8679576674611869,-2.5005046754258067,35.588373082054424
1780006288.6291494,0.0,0.4006,0.0,0,1.8679576674611869,-2.5005046754258067,35.588373082054424
1780006288.6291494,0.0,0.4006,0.0,0,1.8679576674611869,-2.5005046754258067,35.588373082054424
1780006288.6291494,0.0,0.4006,0.0,0,1.8679576674611869,-2.5005046754258067,35.588373082054424
1780006288.6802483,0.0,0.4006,0.0,0,1.8679576674611869,-2.5005046754258067,35.588373082054424
1780006288.6802483,0.0,0.4006,0.0,0,1.8773897378405557,-2.495873264809256,35.598880884676305
1780006288.7299848,0.0,0.4006,1.4388027918739064,0,1.912291342432399,-2.475517230257789,35.6392849704319
1780006288.7299848,0.0,0.4006,0.0,0,1.912291342432399,-2.475517230257789,35.6392849704319
1780006288.7299848,0.0,0.4006,0.0,0,1.912291342432399,-2.475517230257789,35.6392849704319
1780006288.7299848,0.0,0.4006,0.0,0,1.912291342432399,-2.475517230257789,35.6392849704319
1780006288.77964,0.0,0.4006,0.0,0,1.912291342432399,-2.475517230257789,35.6392849704319
1780006288.77964,0.0,0.4006,0.0,0,1.912291342432399,-2.475517230257789,35.6392849704319
1780006288.8287435,0.0,0.4807,1.424568133087015,0,1.9524044471256454,-2.4481945439060797,35.6878193948913
1780006288.8287435,0.0,0.4807,0.0,0,1.9524044471256454,-2.4481945439060797,35.6878193948913
1780006288.8287435,0.0,0.4006,0.0,0,1.9524044471256454,-2.4481945439060797,35.6878193948913
1780006288.8287435,0.0,0.4006,0.0,0,1.9524044471256454,-2.4481945439060797,35.6878193948913
1780006288.8793,0.0,0.4006,0.0,0,1.9524044471256454,-2.4481945439060797,35.6878193948913
1780006288.8793,0.0,0.4006,0.0,0,1.9651805024402464,-2.4380013631696453,35.704163461794224
1780006288.9401588,0.0,0.4006,0.0,0,1.9651805024402464,-2.4380013631696453,35.704163461794224
1780006288.9401588,0.0,0.4006,0.0,0,1.9651805024402464,-2.4380013631696453,35.704163461794224
1780006288.9401588,0.0,0.4006,0.0,0,1.98552223899103,-2.421772019131183,35.730186102971096
1780006288.9401588,0.0,0.4006,0.0,0,1.98552223899103,-2.421772019131183,35.730186102971096
1780006288.9813533,0.0,0.4006,0.0,0,1.98552223899103,-2.421772019131183,35.730186102971096
1780006288.9813533,0.0,0.4006,0.0,0,1.98552223899103,-2.421772019131183,35.730186102971096
1780006289.0312076,0.0,0.4006,1.138409974714183,0,2.0052651007786,-2.4031967303872785,35.75729370233885
1780006289.0312076,0.0,0.4006,0.0,0,2.0052651007786,-2.4031967303872785,35.75729370233885
1780006289.0312076,0.0,0.4006,0.0,0,2.0052651007786,-2.4031967303872785,35.75729370233885
1780006289.0312076,0.0,0.4006,0.0,0,2.0052651007786,-2.4031967303872785,35.75729370233885
1780006289.0791724,0.0,0.4006,0.0,0,2.0052651007786,-2.4031967303872785,35.75729370233885
1780006289.0791724,0.0,0.4006,0.0,0,2.0052651007786,-2.4031967303872785,35.75729370233885
1780006289.133259,0.0,0.4006,1.8918802906368397,0,2.0433374990029716,-2.3626333342098964,35.81292549734852
1780006289.133259,0.0,0.4006,0.0,0,2.0433374990029716,-2.3626333342098964,35.81292549734852
1780006289.133259,0.0,0.4006,0.0,0,2.0433374990029716,-2.3626333342098964,35.81292549734852
1780006289.133259,0.0,0.4006,0.0,0,2.0433374990029716,-2.3626333342098964,35.81292549734852
1780006289.1792343,0.0,0.4006,0.0,0,2.0433374990029716,-2.3626333342098964,35.81292549734852
1780006289.1792343,0.0,0.4006,0.0,0,2.0433374990029716,-2.3626333342098964,35.81292549734852
1780006289.2291396,0.0,0.4807,0.0,0,2.0433374990029716,-2.3626333342098964,35.81292549734852
1780006289.2291396,0.0,0.4807,0.0,0,2.0433374990029716,-2.3626333342098964,35.81292549734852
1780006289.2291396,0.0,0.4807,0.0,0,2.06488093711855,-2.3349100400536784,35.8480353359228
1780006289.2291396,0.0,0.4807,0.0,0,2.06488093711855,-2.3349100400536784,35.8480353359228
1780006289.2794201,0.0,0.4807,0.0,0,2.06488093711855,-2.3349100400536784,35.8480353359228
1780006289.2794201,0.0,0.4807,0.0,0,2.0772953156702165,-2.315938596040376,35.870707620385865
1780006289.3293917,0.0,0.4807,0.0,0,2.0772953156702165,-2.315938596040376,35.870707620385865
1780006289.3293917,0.0,0.4807,0.0,0,2.0772953156702165,-2.315938596040376,35.870707620385865
1780006289.3293917,0.0,0.4807,0.0,0,2.0772953156702165,-2.315938596040376,35.870707620385865
1780006289.3293917,0.0,0.4807,0.0,0,2.0772953156702165,-2.315938596040376,35.870707620385865
1780006289.3810627,0.0,0.4807,0.8267979469658977,0,2.0917099363115157,-2.2939104157870283,35.8970329316567
1780006289.3810627,0.0,0.4807,0.0,0,2.0917099363115157,-2.2939104157870283,35.8970329316567
1780006289.4313953,0.0,0.4006,1.3004207391342788,0,2.1071589129891595,-2.265526728611369,35.92934863338314
1780006289.4313953,0.0,0.4006,0.0,0,2.1071589129891595,-2.265526728611369,35.92934863338314
1780006289.4313953,0.0,0.4006,0.0,0,2.1071589129891595,-2.265526728611369,35.92934863338314
1780006289.4313953,0.0,0.4006,0.0,0,2.1071589129891595,-2.265526728611369,35.92934863338314
1780006289.479529,0.0,0.4006,1.8773068707271394,0,2.127454664148242,-2.2219132955901006,35.97745319714805
1780006289.479529,0.0,0.4006,0.0,0,2.127454664148242,-2.2219132955901006,35.97745319714805
1780006289.5311797,0.0,0.4006,0.0,0,2.127454664148242,-2.2219132955901006,35.97745319714805
1780006289.5311797,0.0,0.4006,0.0,0,2.127454664148242,-2.2219132955901006,35.97745319714805
1780006289.5311797,0.0,0.4006,0.0,0,2.127454664148242,-2.2219132955901006,35.97745319714805
1780006289.5311797,0.0,0.4006,0.0,0,2.127454664148242,-2.2219132955901006,35.97745319714805
1780006289.5825107,0.0,0.4006,0.0,0,2.127454664148242,-2.2219132955901006,35.97745319714805
1780006289.5825107,0.0,0.4006,0.0,0,2.127454664148242,-2.2219132955901006,35.97745319714805
1780006289.6323583,0.0,0.4006,0.24795715067021928,0,2.1295106119572442,-2.2161798597932747,35.983544109019824
1780006289.6323583,0.0,0.4006,0.0,0,2.1295106119572442,-2.2161798597932747,35.983544109019824
1780006289.6323583,0.0,0.4006,0.0,0,2.1406488099128533,-2.1851186905402336,36.01654192241806
1780006289.6323583,0.0,0.4006,0.0,0,2.1406488099128533,-2.1851186905402336,36.01654192241806
1780006289.6842349,0.0,0.4006,0.0,0,2.1406488099128533,-2.1851186905402336,36.01654192241806
1780006289.6842349,0.0,0.4006,0.0,0,2.1693248356640655,-2.1667362350168826,36.050604058639266
1780006289.7293994,0.0,0.4006,0.0,0,2.1693248356640655,-2.1667362350168826,36.050604058639266
1780006289.7293994,0.0,0.4006,0.0,0,2.1693248356640655,-2.1667362350168826,36.050604058639266
1780006289.7293994,0.0,0.4006,0.0,0,2.1693248356640655,-2.1667362350168826,36.050604058639266
1780006289.7293994,0.0,0.4006,0.0,0,2.1693248356640655,-2.1667362350168826,36.050604058639266
1780006289.7793682,0.0,0.4006,0.7070780090765864,0,2.1735493153993932,-2.1484849011861336,36.06933791610738
1780006289.7793682,0.0,0.4006,0.0,0,2.1735493153993932,-2.1484849011861336,36.06933791610738
1780006289.833667,0.0,0.4807,1.2429395157791165,0,2.179543781936185,-2.1077561930474804,36.11050539472466
1780006289.833667,0.0,0.4807,0.0,0,2.179543781936185,-2.1077561930474804,36.11050539472466
1780006289.833667,0.0,0.4807,0.0,0,2.179543781936185,-2.1077561930474804,36.11050539472466
1780006289.833667,0.0,0.4807,0.0,0,2.179543781936185,-2.1077561930474804,36.11050539472466
1780006290.0320232,0.0,0.4807,0.0,0,2.179543781936185,-2.1077561930474804,36.11050539472466
1780006290.0320232,0.0,0.4006,0.0,0,2.1807725582074218,-2.0994074150850484,36.11894411409378
1780006290.0785532,0.0,0.4006,1.7117818822978124,0,2.1835398129129957,-2.057844643501627,36.16059890589858
1780006290.0785532,0.0,0.4807,0.0,0,2.1835398129129957,-2.057844643501627,36.16059890589858
1780006290.135567,0.0,0.4006,0.0,0,2.1835398129129957,-2.057844643501627,36.16059890589858
1780006290.135567,0.0,0.4006,0.0,0,2.1835398129129957,-2.057844643501627,36.16059890589858
1780006290.135567,0.0,0.4006,0.0,0,2.1835398129129957,-2.057844643501627,36.16059890589858
1780006290.135567,0.0,0.4006,0.0,0,2.1834862492318807,-2.051203936613176,36.167239828804796
1780006290.1801298,0.0,0.4006,0.0,0,2.1834862492318807,-2.051203936613176,36.167239828804796
1780006290.1801298,0.0,0.4006,0.0,0,2.1834862492318807,-2.051203936613176,36.167239828804796
1780006290.2299912,0.0,0.4006,1.229919225245854,0,2.1832378181160816,-2.0204039955401067,36.19804077177938
1780006290.2299912,0.0,0.4006,0.0,0,2.1832378181160816,-2.0204039955401067,36.19804077177938
1780006290.2299912,0.0,0.4006,0.0,0,2.1792967440900477,-1.97176458549714,36.24683958604578
1780006290.2299912,0.0,0.4006,0.0,0,2.1792967440900477,-1.97176458549714,36.24683958604578
1780006290.2800694,0.0,0.4006,0.0,0,2.1792967440900477,-1.97176458549714,36.24683958604578
1780006290.2800694,0.0,0.4006,0.0,0,2.1792967440900477,-1.97176458549714,36.24683958604578
1780006290.3294437,0.0,0.4807,0.0,0,2.1792967440900477,-1.97176458549714,36.24683958604578
1780006290.3294437,0.0,0.4807,0.0,0,2.1792967440900477,-1.97176458549714,36.24683958604578
1780006290.3294437,0.0,0.4807,0.0,0,2.1792967440900477,-1.97176458549714,36.24683958604578
1780006290.3294437,0.0,0.4807,0.0,0,2.1792967440900477,-1.97176458549714,36.24683958604578
1780006290.3800006,0.0,0.4807,0.0,0,2.1792967440900477,-1.97176458549714,36.24683958604578
1780006290.3800006,0.0,0.4807,0.0,0,2.1723319191326835,-1.9318331978089132,36.28737382477546
1780006290.4303737,0.0,0.4807,1.4020966859215067,0,2.1612941724364942,-1.8723103227204951,36.347911453659655
1780006290.4303737,0.0,0.4807,0.0,0,2.1612941724364942,-1.8723103227204951,36.347911453659655
1780006290.4303737,0.0,0.4807,0.0,0,2.153396315546143,-1.8379479035551654,36.38316981429021
1780006290.4303737,0.0,0.4807,0.0,0,2.153396315546143,-1.8379479035551654,36.38316981429021
1780006290.4809103,0.0,0.4807,0.0,0,2.153396315546143,-1.8379479035551654,36.38316981429021
1780006290.4809103,0.0,0.4807,0.0,0,2.153396315546143,-1.8379479035551654,36.38316981429021
1780006290.6795335,0.0,0.4807,0.08698249031176236,0,2.146146997042648,-1.8101372685417625,36.41190975233145
1780006290.6795335,0.0,0.4807,0.0,0,2.146146997042648,-1.8101372685417625,36.41190975233145
1780006290.7354226,0.0,0.5608,0.0,0,2.146146997042648,-1.8101372685417625,36.41190975233145
1780006290.7354226,0.0,0.4807,0.0,0,2.1411958312542243,-1.7911430603873966,36.431538659231116
1780006290.7354226,0.0,0.6409,0.0,0,2.1411958312542243,-1.7911430603873966,36.431538659231116
1780006290.7354226,0.0,0.6409,0.0,0,2.1272508772974494,-1.7405748592807313,36.483994399660745
1780006290.7816417,0.0,0.6409,0.0,0,2.1272508772974494,-1.7405748592807313,36.483994399660745
1780006290.7816417,0.0,0.6409,0.0,0,2.1272508772974494,-1.7405748592807313,36.483994399660745
1780006290.8304613,0.0,0.6409,0.0,0,2.1272508772974494,-1.7405748592807313,36.483994399660745
1780006290.8304613,0.0,0.6409,0.0,0,2.1272508772974494,-1.7405748592807313,36.483994399660745
1780006290.9313397,0.0,0.4807,-0.46291061761517927,0,2.155420584688311,-1.5505848050601287,36.676061453361356
1780006290.9313397,0.0,0.5608,0.0,0,2.1483293549430775,-1.5185644610956173,36.70885761116841
1780006290.9805388,0.0,0.4807,0.0,0,2.1483293549430775,-1.5185644610956173,36.70885761116841
1780006290.9805388,0.0,0.4807,0.0,0,2.1483293549430775,-1.5185644610956173,36.70885761116841
1780006291.0299025,0.0,0.4807,0.0,0,2.1483293549430775,-1.5185644610956173,36.70885761116841
1780006291.0299025,0.0,0.4807,0.0,0,2.1483293549430775,-1.5185644610956173,36.70885761116841
1780006291.0299025,0.0,0.4807,0.0,0,2.145168705646159,-1.5042925955272313,36.72347526661586
1780006291.0299025,0.0,0.4807,0.0,0,2.1331808597784043,-1.448553751869702,36.78048866101426
1780006291.0796847,0.0,0.4807,0.0,0,2.1331808597784043,-1.448553751869702,36.78048866101426
1780006291.0796847,0.0,0.4807,0.0,0,2.1331808597784043,-1.448553751869702,36.78048866101426
1780006291.130672,0.0,0.4807,0.06555396523226385,0,2.1228922420143053,-1.4014815984870461,36.82867209467746
1780006291.130672,0.0,0.4807,0.0,0,2.1228922420143053,-1.4014815984870461,36.82867209467746
1780006291.130672,0.0,0.4807,0.0,0,2.1228922420143053,-1.4014815984870461,36.82867209467746
1780006291.130672,0.0,0.4807,0.0,0,2.1228922420143053,-1.4014815984870461,36.82867209467746
1780006291.1820316,0.0,0.4807,0.0,0,2.1228922420143053,-1.4014815984870461,36.82867209467746
1780006291.1820316,0.0,0.4807,0.0,0,2.1228922420143053,-1.4014815984870461,36.82867209467746
1780006291.4306056,0.0,0.4807,0.0,0,2.1228922420143053,-1.4014815984870461,36.82867209467746
1780006291.4306056,0.0,0.4807,0.0,0,2.118047405790743,-1.3808404518483104,36.8498742024169
1780006291.4800973,0.0,0.4807,0.0,0,2.118047405790743,-1.3808404518483104,36.8498742024169
1780006291.4800973,0.0,0.4807,0.0,0,2.118047405790743,-1.3808404518483104,36.8498742024169
1780006291.5319736,0.0,0.4807,0.18980616627525435,0,2.1093905861837445,-1.3439585688108353,36.887758418419054
1780006291.5319736,0.0,0.4807,0.0,0,2.1093905861837445,-1.3439585688108353,36.887758418419054
1780006291.5319736,0.0,0.4807,0.0,0,2.1093905861837445,-1.3439585688108353,36.887758418419054
1780006291.5319736,0.0,0.4807,0.0,0,2.1015031571426017,-1.3126971785662098,36.919999480078154
1780006291.5800276,0.0,0.4807,0.0,0,2.1015031571426017,-1.3126971785662098,36.919999480078154
1780006291.5800276,0.0,0.4807,0.0,0,2.1015031571426017,-1.3126971785662098,36.919999480078154
1780006291.6345892,0.0,0.4807,0.0,0,2.1015031571426017,-1.3126971785662098,36.919999480078154
1780006291.6345892,0.0,0.4807,0.0,0,2.1015031571426017,-1.3126971785662098,36.919999480078154
1780006291.6345892,0.0,0.4807,0.0,0,2.084276393226806,-1.249977870818042,36.9850415661411
1780006291.6345892,0.0,0.4807,0.0,0,2.0839421751933287,-1.248941066327262,36.98613090779825
1780006291.6827545,0.0,0.4807,0.756329288345424,0,2.0668166575476,-1.1958146284229116,37.0419493792843
1780006291.6827545,0.0,0.4807,0.0,0,2.0668166575476,-1.1958146284229116,37.0419493792843
1780006291.7298105,0.0,0.5608,1.5509479185489816,0,2.037194698927281,-1.120000017479161,37.123345421356724
1780006291.7298105,0.0,0.4807,0.0,0,2.037194698927281,-1.120000017479161,37.123345421356724
1780006291.7298105,0.0,0.4807,0.0,0,2.037194698927281,-1.120000017479161,37.123345421356724
1780006291.7298105,0.0,0.4807,0.0,0,2.037194698927281,-1.120000017479161,37.123345421356724
1780006291.7798316,0.0,0.4807,0.0,0,2.037194698927281,-1.120000017479161,37.123345421356724
1780006291.7798316,0.0,0.4807,0.0,0,2.037194698927281,-1.120000017479161,37.123345421356724
1780006291.8305383,0.0,0.4006,1.0870502569457696,0,2.0158994751813313,-1.0734612752378923,37.174524920023565
1780006291.8305383,0.0,0.4006,0.0,0,2.0158994751813313,-1.0734612752378923,37.174524920023565
1780006291.8305383,0.0,0.4006,0.0,0,2.0158994751813313,-1.0734612752378923,37.174524920023565
1780006291.8305383,0.0,0.4006,0.0,0,2.0158994751813313,-1.0734612752378923,37.174524920023565
1780006291.8801062,0.0,0.4006,0.0,0,2.0158994751813313,-1.0734612752378923,37.174524920023565
1780006291.8801062,0.0,0.4006,0.0,0,2.0158994751813313,-1.0734612752378923,37.174524920023565
1780006291.9311392,0.0,0.5608,0.8445685683134698,0,1.989958305315218,-1.0240005808330925,37.230375654889166
1780006291.9311392,0.0,0.5608,0.0,0,1.989958305315218,-1.0240005808330925,37.230375654889166
1780006291.9311392,0.0,0.5608,0.0,0,1.989958305315218,-1.0240005808330925,37.230375654889166
1780006291.9311392,0.0,0.5608,0.0,0,1.989958305315218,-1.0240005808330925,37.230375654889166
1780006291.9797006,0.0,0.5608,0.0,0,1.989958305315218,-1.0240005808330925,37.230375654889166
1780006291.9797006,0.0,0.5608,0.0,0,1.989958305315218,-1.0240005808330925,37.230375654889166
1780006292.0298061,0.0,0.4807,0.380471956142239,0,1.9784724767279578,-1.0040931155033423,37.253358940863784
1780006292.0298061,0.0,0.4807,0.0,0,1.9784724767279578,-1.0040931155033423,37.253358940863784
1780006292.0298061,0.0,0.4807,0.0,0,1.9784724767279578,-1.0040931155033423,37.253358940863784
1780006292.0298061,0.0,0.4807,0.0,0,1.9784724767279578,-1.0040931155033423,37.253358940863784
1780006292.081561,0.0,0.4807,0.40968542835693045,0,1.9656976187615458,-0.9819514789529846,37.278921590671466
1780006292.081561,0.0,0.4807,0.0,0,1.9656976187615458,-0.9819514789529846,37.278921590671466
1780006292.1296253,0.0,0.4807,0.709505843845479,0,1.9447741549734976,-0.9489362306742986,37.31800864678718
1780006292.1296253,0.0,0.4807,0.0,0,1.9447741549734976,-0.9489362306742986,37.31800864678718
1780006292.1296253,0.0,0.4807,0.0,0,1.9447741549734976,-0.9489362306742986,37.31800864678718
1780006292.1296253,0.0,0.4807,0.0,0,1.9447741549734976,-0.9489362306742986,37.31800864678718
1780006292.183366,0.0,0.4807,0.0,0,1.9447741549734976,-0.9489362306742986,37.31800864678718
1780006292.183366,0.0,0.4807,0.0,0,1.9447741549734976,-0.9489362306742986,37.31800864678718
1780006292.2300913,0.0,0.4807,0.15964106308633344,0,1.94019745905179,-0.9417146370757508,37.326558357873665
1780006292.2300913,0.0,0.4807,0.0,0,1.9120395737704816,-0.900995777804765,37.37606484233626
1780006292.2300913,0.0,0.4807,0.0,0,1.9120395737704816,-0.900995777804765,37.37606484233626
1780006292.2300913,0.0,0.4807,0.0,0,1.9120395737704816,-0.900995777804765,37.37606484233626
1780006292.279992,0.0,0.4807,0.0,0,1.9120395737704816,-0.900995777804765,37.37606484233626
1780006292.279992,0.0,0.4807,0.0,0,1.9120395737704816,-0.900995777804765,37.37606484233626
1780006292.3304183,0.0,0.4807,0.10191893025695405,0,1.9079239530512953,-0.8954749407743949,37.38295091345266
1780006292.3304183,0.0,0.4807,0.0,0,1.9079239530512953,-0.8954749407743949,37.38295091345266
1780006292.3304183,0.0,0.4807,0.0,0,1.8835437428556756,-0.8627704773556175,37.42374278245486
1780006292.3304183,0.0,0.4807,0.0,0,1.8835437428556756,-0.8627704773556175,37.42374278245486
1780006292.3790452,0.0,0.4807,0.0,0,1.8835437428556756,-0.8627704773556175,37.42374278245486
1780006292.3790452,0.0,0.4807,0.0,0,1.8835437428556756,-0.8627704773556175,37.42374278245486
1780006292.4312148,0.0,0.4807,0.3067948463792527,0,1.868663005558691,-0.8440696925803015,37.447641646313095
1780006292.4312148,0.0,0.4807,0.0,0,1.868663005558691,-0.8440696925803015,37.447641646313095
1780006292.4312148,0.0,0.4807,0.0,0,1.868663005558691,-0.8440696925803015,37.447641646313095
1780006292.4312148,0.0,0.4807,0.0,0,1.868663005558691,-0.8440696925803015,37.447641646313095
1780006292.4797711,0.0,0.4807,0.31982198626528807,0,1.8542247955205038,-0.8259250366350843,37.47082979950556
1780006292.4797711,0.0,0.4807,0.0,0,1.8542247955205038,-0.8259250366350843,37.47082979950556
1780006292.5294003,0.0,0.5608,0.5371734736963221,0,1.8223153599711384,-0.7882378262460186,37.52021135379447
1780006292.5294003,0.0,0.5608,0.0,0,1.8223153599711384,-0.7882378262460186,37.52021135379447
1780006292.5294003,0.0,0.4807,0.0,0,1.8223153599711384,-0.7882378262460186,37.52021135379447
1780006292.5294003,0.0,0.4807,0.0,0,1.8223153599711384,-0.7882378262460186,37.52021135379447
1780006292.5805101,0.0,0.4807,0.0,0,1.8223153599711384,-0.7882378262460186,37.52021135379447
1780006292.5805101,0.0,0.4807,0.0,0,1.7828082121884636,-0.7434156513439774,37.57995950932141
1780006292.631587,0.0,0.4807,0.0,0,1.7828082121884636,-0.7434156513439774,37.57995950932141
1780006292.631587,0.0,0.4807,0.0,0,1.7828082121884636,-0.7434156513439774,37.57995950932141
1780006292.631587,0.0,0.4807,0.0,0,1.7828082121884636,-0.7434156513439774,37.57995950932141
1780006292.631587,0.0,0.4807,0.0,0,1.7828082121884636,-0.7434156513439774,37.57995950932141
1780006292.681587,0.0,0.4807,0.0,0,1.7828082121884636,-0.7434156513439774,37.57995950932141
1780006292.681587,0.0,0.4807,0.0,0,1.7828082121884636,-0.7434156513439774,37.57995950932141
1780006292.7313316,0.0,0.5608,0.6105454839493901,0,1.7793008827776213,-0.7270499478392535,37.59669682125615
1780006292.7313316,0.0,0.5608,0.0,0,1.749468965842826,-0.6962814974883725,37.63955286872905
1780006292.7313316,0.0,0.4807,0.0,0,1.749468965842826,-0.6962814974883725,37.63955286872905
1780006292.7313316,0.0,0.4807,0.0,0,1.749468965842826,-0.6962814974883725,37.63955286872905
1780006292.783644,0.0,0.4807,0.2552258253918829,0,1.7293666946558175,-0.6764706456894855,37.6677764609149
1780006292.783644,0.0,0.4807,0.0,0,1.7293666946558175,-0.6764706456894855,37.6677764609149
1780006292.8298764,0.0,0.4807,0.0,0,1.7293666946558175,-0.6764706456894855,37.6677764609149
1780006292.8298764,0.0,0.4807,0.0,0,1.7293666946558175,-0.6764706456894855,37.6677764609149
1780006292.8298764,0.0,0.4807,0.0,0,1.7293666946558175,-0.6764706456894855,37.6677764609149
1780006292.8298764,0.0,0.4807,0.0,0,1.7293666946558175,-0.6764706456894855,37.6677764609149
1780006292.879332,0.0,0.4807,0.19012526249775016,0,1.7152096775431245,-0.6625188605740234,37.687652915363245
1780006292.879332,0.0,0.4807,0.0,0,1.7152096775431245,-0.6625188605740234,37.687652915363245
1780006292.9301658,0.0,0.4807,0.6163538103489051,0,1.682378704029955,-0.63229042567486,37.73228060966034
1780006292.9301658,0.0,0.4807,0.0,0,1.682378704029955,-0.63229042567486,37.73228060966034
1780006292.9301658,0.0,0.4807,0.0,0,1.682378704029955,-0.63229042567486,37.73228060966034
1780006292.9301658,0.0,0.4807,0.0,0,1.682378704029955,-0.63229042567486,37.73228060966034
1780006292.97959,0.0,0.4807,0.0,0,1.682378704029955,-0.63229042567486,37.73228060966034
1780006292.97959,0.0,0.4807,0.0,0,1.682378704029955,-0.63229042567486,37.73228060966034
1780006293.0298994,0.0,0.4807,0.8296881359317558,0,1.6430812722472998,-0.5986603942898672,37.78400359445113
1780006293.0298994,0.0,0.4807,0.0,0,1.6430812722472998,-0.5986603942898672,37.78400359445113
1780006293.0298994,0.0,0.4807,0.0,0,1.6430812722472998,-0.5986603942898672,37.78400359445113
1780006293.0298994,0.0,0.4807,0.0,0,1.6430812722472998,-0.5986603942898672,37.78400359445113
1780006293.0923738,0.0,0.4807,0.0,0,1.6430812722472998,-0.5986603942898672,37.78400359445113
1780006293.0923738,0.0,0.4006,0.0,0,1.6430812722472998,-0.5986603942898672,37.78400359445113
1780006293.1346686,0.0,0.4006,0.3011540277134851,0,1.634939578056821,-0.5924008948497855,37.794273381086285
1780006293.1346686,0.0,0.4006,0.0,0,1.634939578056821,-0.5924008948497855,37.794273381086285
1780006293.1346686,0.0,0.4006,0.0,0,1.6113852972321363,-0.5742918865544282,37.823984327328525
1780006293.1346686,0.0,0.4006,0.0,0,1.6113852972321363,-0.5742918865544282,37.823984327328525
1780006293.1817436,0.0,0.4006,0.0,0,1.6113852972321363,-0.5742918865544282,37.823984327328525
1780006293.1817436,0.0,0.4006,0.0,0,1.6113852972321363,-0.5742918865544282,37.823984327328525
1780006293.2299068,0.0,0.4807,0.6198655896161972,0,1.5881778015811667,-0.5582719453211302,37.85218408568756
1780006293.2299068,0.0,0.4807,0.0,0,1.5881778015811667,-0.5582719453211302,37.85218408568756
1780006293.2299068,0.0,0.4807,0.0,0,1.5881778015811667,-0.5582719453211302,37.85218408568756
1780006293.2299068,0.0,0.4807,0.0,0,1.5881778015811667,-0.5582719453211302,37.85218408568756
1780006293.279304,0.0,0.4807,0.0,0,1.5881778015811667,-0.5582719453211302,37.85218408568756
1780006293.279304,0.0,0.4807,0.0,0,1.5715406668670926,-0.546787469597495,37.87240010493323
1780006293.3295946,0.0,0.4807,1.1248664008923357,0,1.5318130369342622,-0.5225606818946362,37.918932049041324
1780006293.3295946,0.0,0.4807,0.0,0,1.5318130369342622,-0.5225606818946362,37.918932049041324
1780006293.3295946,0.0,0.4807,0.0,0,1.5318130369342622,-0.5225606818946362,37.918932049041324
1780006293.3295946,0.0,0.4807,0.0,0,1.5318130369342622,-0.5225606818946362,37.918932049041324
1780006293.3795018,0.0,0.4807,0.0,0,1.5318130369342622,-0.5225606818946362,37.918932049041324
1780006293.3795018,0.0,0.4807,0.0,0,1.5318130369342622,-0.5225606818946362,37.918932049041324
1780006293.4290922,0.0,0.4006,1.3190679955856206,0,1.495340174721146,-0.5034705332674955,37.960098825118926
1780006293.4290922,0.0,0.4006,0.0,0,1.495340174721146,-0.5034705332674955,37.960098825118926
1780006293.4290922,0.0,0.4006,0.0,0,1.495340174721146,-0.5034705332674955,37.960098825118926
1780006293.4290922,0.0,0.4006,0.0,0,1.495340174721146,-0.5034705332674955,37.960098825118926
1780006293.4800181,0.0,0.4006,0.0,0,1.495340174721146,-0.5034705332674955,37.960098825118926
1780006293.4800181,0.0,0.4006,0.0,0,1.495340174721146,-0.5034705332674955,37.960098825118926
1780006293.5296264,0.0,0.4807,0.4203302371662635,0,1.4805528561519397,-0.49686909444048055,37.976292767969696
1780006293.5296264,0.0,0.4807,0.0,0,1.4805528561519397,-0.49686909444048055,37.976292767969696
1780006293.5296264,0.0,0.4807,0.0,0,1.4805528561519397,-0.49686909444048055,37.976292767969696
1780006293.5296264,0.0,0.4807,0.0,0,1.4805528561519397,-0.49686909444048055,37.976292767969696
1780006293.579605,0.0,0.4807,0.8297115834186216,0,1.4511454001944073,-0.4837408507597061,38.008497569599825
1780006293.579605,0.0,0.4807,0.0,0,1.4511454001944073,-0.4837408507597061,38.008497569599825
1780006293.6294796,0.0,0.4006,0.8635623420917115,0,1.4257424831455199,-0.4742842525035157,38.035603573458225
1780006293.6294796,0.0,0.4006,0.0,0,1.4257424831455199,-0.4742842525035157,38.035603573458225
1780006293.6294796,0.0,0.4006,0.0,0,1.4257424831455199,-0.4742842525035157,38.035603573458225
1780006293.6294796,0.0,0.4006,0.0,0,1.4257424831455199,-0.4742842525035157,38.035603573458225
1780006293.6812267,0.0,0.4006,0.39495383326025674,0,1.4136881506175083,-0.4697968552591534,38.04846606414723
1780006293.6812267,0.0,0.4006,0.0,0,1.4136881506175083,-0.4697968552591534,38.04846606414723
1780006293.7299411,0.0,0.4807,1.3395978094726217,0,1.3677212121854114,-0.4560240294344512,38.09645200125403
1780006293.7299411,0.0,0.4807,0.0,0,1.3677212121854114,-0.4560240294344512,38.09645200125403
1780006293.7299411,0.0,0.4807,0.0,0,1.3677212121854114,-0.4560240294344512,38.09645200125403
1780006293.7299411,0.0,0.4807,0.0,0,1.3677212121854114,-0.4560240294344512,38.09645200125403
1780006293.7835007,0.0,0.4807,0.0,0,1.3677212121854114,-0.4560240294344512,38.09645200125403
1780006293.7835007,0.0,0.4807,0.0,0,1.3677212121854114,-0.4560240294344512,38.09645200125403
1780006293.830191,0.0,0.4006,1.429066424090182,0,1.3300279346258637,-0.4474212031070851,38.13511453859963
1780006293.830191,0.0,0.4006,0.0,0,1.3300279346258637,-0.4474212031070851,38.13511453859963
1780006293.830191,0.0,0.4006,0.0,0,1.3300279346258637,-0.4474212031070851,38.13511453859963
1780006293.830191,0.0,0.4006,0.0,0,1.3300279346258637,-0.4474212031070851,38.13511453859963
1780006293.883004,0.0,0.4006,0.0,0,1.3300279346258637,-0.4474212031070851,38.13511453859963
1780006293.883004,0.0,0.4006,0.0,0,1.3300279346258637,-0.4474212031070851,38.13511453859963
1780006293.9214206,0.0,0.4807,0.6898241584089989,0,1.3100348084752063,-0.4441777605890981,38.155369044583324
1780006293.9214206,0.0,0.4807,0.0,0,1.3100348084752063,-0.4441777605890981,38.155369044583324
1780006293.9217625,0.0,0.4807,0.0,0,1.3100348084752063,-0.4441777605890981,38.155369044583324
1780006293.9217694,0.0,0.4807,0.0,0,1.3100348084752063,-0.4441777605890981,38.155369044583324
1780006293.9714534,0.0,0.4807,0.0,0,1.3100348084752063,-0.4441777605890981,38.155369044583324
1780006293.9719706,0.0,0.4807,0.0,0,1.3100348084752063,-0.4441777605890981,38.155369044583324
1780006293.9719706,0.0,0.4807,0.0,0,1.3100348084752063,-0.4441777605890981,38.155369044583324
1780006293.9751446,0.0,0.4807,0.0,0,1.3100348084752063,-0.4441777605890981,38.155369044583324
1780006293.974998,0.0,0.4807,0.0,0,1.3100348084752063,-0.4441777605890981,38.155369044583324
1780006293.974998,0.0,0.4807,0.0,0,1.3100348084752063,-0.4441777605890981,38.155369044583324
1780006293.9751446,0.0,0.4807,0.0,0,1.3100348084752063,-0.4441777605890981,38.155369044583324
1780006294.0220082,0.0,0.4807,1.5954061640492379,0,1.2464891860164682,-0.4357677832939988,38.21946876261525
1780006294.0220082,0.0,0.4807,0.0,0,1.2464891860164682,-0.4357677832939988,38.21946876261525
1780006294.072278,0.0,0.4807,0.0,0,1.2464891860164682,-0.4357677832939988,38.21946876261525
1780006294.072278,0.0,0.4807,0.0,0,1.2464891860164682,-0.4357677832939988,38.21946876261525
1780006294.0754437,0.0,0.4807,0.0,0,1.2464891860164682,-0.4357677832939988,38.21946876261525
1780006294.0754437,0.0,0.4807,0.0,0,1.2464891860164682,-0.4357677832939988,38.21946876261525
1780006294.1718893,0.0,0.4807,0.5397310757221079,0,1.1811792151584564,-0.4309655535125211,38.28495504899911
1780006294.1718893,0.0,0.4807,0.0,0,1.1811792151584564,-0.4309655535125211,38.28495504899911
1780006294.175,0.0,0.4807,0.0,0,1.1811792151584564,-0.4309655535125211,38.28495504899911
1780006294.1749947,0.0,0.4807,0.0,0,1.1811792151584564,-0.4309655535125211,38.28495504899911
1780006294.2732298,0.0,0.4807,0.04440878018065537,0,1.1383431126456431,-0.42813138184579413,38.32788480799592
1780006294.2732298,0.0,0.4807,0.0,0,1.1383431126456431,-0.42813138184579413,38.32788480799592
1780006294.2763443,0.0,0.4807,0.0,0,1.1383431126456431,-0.42813138184579413,38.32788480799592
1780006294.2763443,0.0,0.4807,0.0,0,1.1383431126456431,-0.42813138184579413,38.32788480799592
1780006294.3239982,0.0,0.4006,0.03307508176397427,0,1.1198001691081447,-0.42695685874182765,38.34646491185883
1780006294.3239982,0.0,0.4006,0.0,0,1.1198001691081447,-0.42695685874182765,38.34646491185883
1780006294.3742733,0.0,0.4006,0.0,0,1.1198001691081447,-0.42695685874182765,38.34646491185883
1780006294.3742733,0.0,0.4006,0.0,0,1.1198001691081447,-0.42695685874182765,38.34646491185883
1780006294.3762171,0.0,0.4006,0.0,0,1.1198001691081447,-0.42695685874182765,38.34646491185883
1780006294.3762171,0.0,0.4006,0.0,0,1.1198001691081447,-0.42695685874182765,38.34646491185883
1780006294.4278328,0.0,0.3204,0.1301035224992724,0,1.0722491380593886,-0.4241179056350308,38.3941006149453
1780006294.4278328,0.0,0.3204,0.0,0,1.0722491380593886,-0.4241179056350308,38.3941006149453
1780006294.4302933,0.0,0.3204,0.0,0,1.0722491380593886,-0.4241179056350308,38.3941006149453
1780006294.4302933,0.0,0.3204,0.0,0,1.0722491380593886,-0.4241179056350308,38.3941006149453
1780006294.4747987,0.0,0.3204,0.0,0,1.0722491380593886,-0.4241179056350308,38.3941006149453
1780006294.4747987,0.0,0.3204,0.0,0,1.0722491380593886,-0.4241179056350308,38.3941006149453
1780006294.4747941,0.0,0.3204,0.0,0,1.0722491380593886,-0.4241179056350308,38.3941006149453
1780006294.5251691,0.0,0.3204,0.0,0,1.0722491380593886,-0.4241179056350308,38.3941006149453
1780006294.5251691,0.0,0.3204,0.0,0,1.0722491380593886,-0.4241179056350308,38.3941006149453
1780006294.527727,0.0,0.3204,0.0,0,1.0722491380593886,-0.4241179056350308,38.3941006149453
1780006294.527727,0.0,0.3204,0.0,0,1.0722491380593886,-0.4241179056350308,38.3941006149453
1780006294.5763588,0.0,0.3204,0.13003011815496254,0,1.029145776064325,-0.42187043047965544,38.43726253056372
1780006294.5763588,0.0,0.3204,0.0,0,1.029145776064325,-0.42187043047965544,38.43726253056372
1780006294.5785315,0.0,0.3204,0.0,0,1.029145776064325,-0.42187043047965544,38.43726253056372
1780006294.5785315,0.0,0.3204,0.0,0,1.029145776064325,-0.42187043047965544,38.43726253056372
1780006294.629507,0.0,0.1602,0.0,0,1.029145776064325,-0.42187043047965544,38.43726253056372
1780006294.6295059,0.0,0.1602,0.0,0,1.029145776064325,-0.42187043047965544,38.43726253056372
1780006294.6764688,0.0,0.1602,0.11893344532597193,0,1.0093169988638038,-0.4209050046994982,38.457114796233036
1780006294.6764848,0.0,0.1602,0.0,0,1.0093169988638038,-0.4209050046994982,38.457114796233036
1780006294.6764848,0.0,0.1602,0.0,0,1.0093169988638038,-0.4209050046994982,38.457114796233036
1780006294.7270043,0.0,0.1602,-0.22811952732597543,0,0.9722926579551465,-0.3722566932807091,38.5182495655842
1780006294.7270043,0.0,0.1602,0.0,0,0.9722926579551465,-0.3722566932807091,38.5182495655842
1780006294.729025,0.0,0.1602,0.0,0,0.9722926579551465,-0.3722566932807091,38.5182495655842
1780006294.729025,0.0,0.1602,0.0,0,0.9722926579551465,-0.3722566932807091,38.5182495655842
1780006294.7772608,0.0,0.1602,0.0,0,0.9722926579551465,-0.3722566932807091,38.5182495655842
1780006294.7772608,0.0,0.1602,0.0,0,0.9722926579551465,-0.3722566932807091,38.5182495655842
1780006294.8280349,0.0,0.1602,0.1484563704225316,0,0.9507413247663625,-0.3711515924406499,38.53982921363695
1780006294.8280349,0.0,0.1602,0.0,0,0.9507413247663625,-0.3711515924406499,38.53982921363695
1780006294.8294163,0.0,0.1602,0.0,0,0.9507413247663625,-0.3711515924406499,38.53982921363695
1780006294.8294163,0.0,0.1602,0.0,0,0.9507413247663625,-0.3711515924406499,38.53982921363695
1780006294.87873,0.0,0.1602,0.0,0,0.9507413247663625,-0.3711515924406499,38.53982921363695
1780006294.87873,0.0,0.1602,0.0,0,0.9507413247663625,-0.3711515924406499,38.53982921363695
1780006294.9294302,0.0,0.1602,0.031791444807201176,0,0.9461133140276285,-0.3709251999537896,38.54446275838756
1780006294.9294302,0.0,0.1602,0.0,0,0.9461133140276285,-0.3709251999537896,38.54446275838756
1780006294.9791934,0.0,0.0801,0.03308486273111144,0,0.937810494809385,-0.37053732866441325,38.55277463249079
1780006294.9791934,0.0,0.0801,0.0,0,0.937810494809385,-0.37053732866441325,38.55277463249079
1780006295.0291023,0.0,0.1602,0.0,0,0.937810494809385,-0.37053732866441325,38.55277463249079
1780006295.0291023,0.0,0.1602,0.0,0,0.937810494809385,-0.37053732866441325,38.55277463249079
1780006295.029991,0.0,0.1602,0.0,0,0.937810494809385,-0.37053732866441325,38.55277463249079
1780006295.029991,0.0,0.1602,0.0,0,0.937810494809385,-0.37053732866441325,38.55277463249079
1780006295.0795243,0.0,0.1602,-0.01073729632957512,0,0.9271440120837522,-0.37003047737178973,38.56345315073861
1780006295.0795243,0.0,0.1602,0.0,0,0.9271440120837522,-0.37003047737178973,38.56345315073861
1780006295.0810888,0.0,0.1602,0.0,0,0.9271440120837522,-0.37003047737178973,38.56345315073861
1780006295.0810888,0.0,0.1602,0.0,0,0.9271440120837522,-0.37003047737178973,38.56345315073861
1780006295.0821068,0.0,0.1602,0.0,0,0.9271440120837522,-0.37003047737178973,38.56345315073861
1780006295.0821068,0.0,0.1602,0.0,0,0.9271440120837522,-0.37003047737178973,38.56345315073861
1780006295.179276,0.0,0.0,-0.001394421882496734,0,0.927144012083752,-0.37003047737178973,38.56345315073861
1780006295.179276,0.0,0.0,0.0,0,0.927144012083752,-0.37003047737178973,38.56345315073861
1780006295.1799757,0.0,0.0,-0.1640331386682122,0,0.9271440120837522,-0.37003047737178973,38.56345315073861
1780006295.1799757,0.0,0.0,0.0,0,0.9271440120837522,-0.37003047737178973,38.56345315073861
1780006295.229409,0.0,0.0,-0.04304826002649254,0,0.9271440120837522,-0.37003047737178973,38.56345315073861
1780006295.229409,0.0,0.0,0.0,0,0.9271440120837522,-0.37003047737178973,38.56345315073861
1780006295.2304633,0.0,0.0,0.0,0,0.9271440120837522,-0.37003047737178973,38.56345315073861
1780006295.2304633,0.0,0.0,0.0,0,0.9271440120837522,-0.37003047737178973,38.56345315073861
1780006295.280467,0.0,0.0,0.0,0,0.9271440120837522,-0.37003047737178973,38.56345315073861
1780006295.280467,0.0,0.0,0.0,0,0.9271440120837522,-0.37003047737178973,38.56345315073861
1780006295.281385,0.0,0.0,0.0,0,0.9271440120837522,-0.37003047737178973,38.56345315073861
1780006295.281385,0.0,0.0,0.0,0,0.9271440120837522,-0.37003047737178973,38.56345315073861
1780006295.380746,0.0,0.2403,-0.015956239940930463,0,0.8993610713984188,-0.3685920358351512,38.59127330363501
1780006295.380746,0.0,0.2403,0.0,0,0.8993610713984188,-0.3685920358351512,38.59127330363501
1780006295.3816776,0.0,0.2403,0.0,0,0.8993610713984188,-0.3685920358351512,38.59127330363501
1780006295.3816776,0.0,0.2403,0.0,0,0.8993610713984188,-0.3685920358351512,38.59127330363501
1780006295.4318788,0.0,0.0,0.0030135511644471384,0,0.8993610713984188,-0.3685920358351512,38.59127330363501
1780006295.4318788,0.0,0.0,0.0,0,0.8993610713984188,-0.3685920358351512,38.59127330363501
1780006295.4811652,0.0,0.0,0.021547789007423577,0,0.8993610713984188,-0.3685920358351512,38.59127330363501
1780006295.4811652,0.0,0.0,0.0,0,0.8993610713984188,-0.3685920358351512,38.59127330363501
1780006295.4816544,0.0,0.0,0.0,0,0.8993610713984188,-0.3685920358351512,38.59127330363501
1780006295.4816835,0.0,0.0,0.0,0,0.8993610713984188,-0.3685920358351512,38.59127330363501
1780006295.4816835,0.0,0.0,0.0,0,0.8993610713984188,-0.3685920358351512,38.59127330363501
1780006295.5313776,0.0,0.0,0.03826933550309914,0,0.8993610713984188,-0.3685920358351512,38.59127330363501
1780006295.5315375,0.0,0.0,0.0,0,0.8993610713984188,-0.3685920358351512,38.59127330363501
1780006295.5315375,0.0,0.0,0.0,0,0.8993610713984188,-0.3685920358351512,38.59127330363501
1780006295.5328615,0.0,0.0,0.0,0,0.8993610713984188,-0.3685920358351512,38.59127330363501
1780006295.5328615,0.0,0.0,0.0,0,0.8993610713984188,-0.3685920358351512,38.59127330363501
1780006295.5821466,0.0,0.0,0.027040214517057976,0,0.8993610713984188,-0.36859203583515115,38.59127330363501
1780006295.5825891,0.0,0.0,0.0,0,0.8993610713984188,-0.36859203583515115,38.59127330363501
1780006295.5825891,0.0,0.0,0.0,0,0.8993610713984188,-0.36859203583515115,38.59127330363501
1780006295.584579,0.0,0.0,0.0,0,0.8993610713984188,-0.36859203583515115,38.59127330363501
1780006295.5846362,0.0,0.0,0.0,0,0.8993610713984188,-0.36859203583515115,38.59127330363501
1780006295.584579,0.0,0.0,0.0,0,0.8993610713984188,-0.36859203583515115,38.59127330363501
1780006295.6330383,0.0,0.0,0.04678501185420194,0,0.8993610713984188,-0.3685920358351512,38.59127330363501
1780006295.6330383,0.0,0.0,0.0,0,0.8993610713984188,-0.3685920358351512,38.59127330363501
1780006295.6834035,0.0,0.0,0.0,0,0.8993610713984188,-0.3685920358351512,38.59127330363501
1780006295.6834035,0.0,0.0,0.0,0,0.8993610713984188,-0.3685920358351512,38.59127330363501
1780006295.6837506,0.0,0.0,0.0,0,0.8993610713984188,-0.3685920358351512,38.59127330363501
1780006295.6837506,0.0,0.0,0.0,0,0.8993610713984188,-0.3685920358351512,38.59127330363501
1780006295.7338583,0.0,0.0,0.060390013208869914,0,0.8993610713984188,-0.3685920358351512,38.59127330363501
1780006295.733858,0.0,0.0,0.0,0,0.8993610713984188,-0.3685920358351512,38.59127330363501
1780006295.7828043,0.0,0.0,0.0,0,0.8993610713984188,-0.3685920358351512,38.59127330363501
1780006295.7828043,0.0,0.0,0.0,0,0.8993610713984188,-0.3685920358351512,38.59127330363501
1780006295.8335137,0.0,0.0,0.0007451104383168244,0,0.8993610713984188,-0.3685920358351512,38.59127330363501
1780006295.8335137,0.0,0.0,0.0,0,0.8993610713984188,-0.3685920358351512,38.59127330363501
1780006295.8351004,0.0,0.0,0.0,0,0.8993610713984188,-0.3685920358351512,38.59127330363501
1780006295.8351917,0.0,0.0,0.0,0,0.8993610713984188,-0.3685920358351512,38.59127330363501
1780006295.8840744,0.0,0.0,0.003224608658252831,0,0.8993610713984188,-0.3685920358351512,38.59127330363501
1780006295.8840744,0.0,0.0,0.0,0,0.8993610713984188,-0.3685920358351512,38.59127330363501
1780006295.885643,0.0,0.0,0.0,0,0.8993610713984188,-0.3685920358351512,38.59127330363501
1780006295.885643,0.0,0.0,0.0,0,0.8993610713984188,-0.3685920358351512,38.59127330363501
1780006295.9344113,0.0,0.0,-0.010447746051729476,0,0.8993610713984188,-0.3685920358351512,38.59127330363501
1780006295.9344113,0.0,0.0,0.0,0,0.8993610713984188,-0.3685920358351512,38.59127330363501
1780006295.9342928,0.0,0.0,0.0,0,0.8993610713984188,-0.3685920358351512,38.59127330363501
1780006295.9845693,0.0,0.0,-0.009079001235825886,0,0.8993610713984188,-0.3685920358351512,38.59127330363501
1780006295.9845693,0.0,0.0,0.0,0,0.8993610713984188,-0.3685920358351512,38.59127330363501
1780006295.9855995,0.0,0.0,0.0,0,0.8993610713984188,-0.3685920358351512,38.59127330363501
1780006295.9855995,0.0,0.0,0.0,0,0.8993610713984188,-0.3685920358351512,38.59127330363501
1780006296.0353537,0.0,0.0,-0.04704827324802649,0,0.8993610713984188,-0.3685920358351512,38.59127330363501
1780006296.0353537,0.0,0.0,0.0,0,0.8993610713984188,-0.3685920358351512,38.59127330363501
1780006296.0856347,0.0,0.0,0.0,0,0.8993610713984188,-0.3685920358351512,38.59127330363501
1780006296.0856347,0.0,0.0,0.0,0,0.8993610713984188,-0.3685920358351512,38.59127330363501
1780006296.134148,0.0,0.0,0.0,0,0.8993610713984188,-0.3685920358351512,38.59127330363501
1780006296.134148,0.0,0.0,0.0,0,0.8993610713984188,-0.3685920358351512,38.59127330363501
1780006296.1856031,0.0,0.0,-0.08446679155153371,0,0.8993610713984188,-0.36859203583515115,38.59127330363501
1780006296.1856031,0.0,0.0,0.0,0,0.8993610713984188,-0.36859203583515115,38.59127330363501
1780006296.2354681,0.0,0.0,-0.026998263212448467,0,0.8993610713984188,-0.3685920358351512,38.59127330363501
1780006296.2354681,0.0,0.0,0.0,0,0.8993610713984188,-0.3685920358351512,38.59127330363501
1780006296.2854123,0.0,0.0,-0.042959363209004495,0,0.8993610713984188,-0.3685920358351512,38.59127330363501
1780006296.2854123,0.0,0.0,0.0,0,0.8993610713984188,-0.3685920358351512,38.59127330363501
1780006296.28565,0.0,0.0,0.0,0,0.8993610713984188,-0.3685920358351512,38.59127330363501
1780006296.28565,0.0,0.0,0.0,0,0.8993610713984188,-0.3685920358351512,38.59127330363501
1780006296.3851929,0.0,0.0,-0.010964445385277464,0,0.899361071398419,-0.3685920358351512,38.59127330363501
1780006296.3851929,0.0,0.0,0.0,0,0.899361071398419,-0.3685920358351512,38.59127330363501
1780006296.3861248,0.0,0.0,0.0,0,0.899361071398419,-0.3685920358351512,38.59127330363501
1780006296.386133,0.0,0.0,0.0,0,0.899361071398419,-0.3685920358351512,38.59127330363501
1780006296.4356225,0.0,0.0,-0.020301391141584284,0,0.8993610713984188,-0.3685920358351512,38.59127330363501
1780006296.4356225,0.0,0.0,0.0,0,0.8993610713984188,-0.3685920358351512,38.59127330363501
1780006296.436618,0.0,0.0,0.0,0,0.8993610713984188,-0.3685920358351512,38.59127330363501
1780006296.4366183,0.0,0.0,0.0,0,0.8993610713984188,-0.3685920358351512,38.59127330363501
1780006296.4858053,0.0,0.0,0.0,0,0.8993610713984188,-0.3685920358351512,38.59127330363501
1780006296.4858053,0.0,0.0,0.0,0,0.8993610713984188,-0.3685920358351512,38.59127330363501
1780006296.4867136,0.0,0.0,0.0,0,0.8993610713984188,-0.3685920358351512,38.59127330363501
1780006296.4867136,0.0,0.0,0.0,0,0.8993610713984188,-0.3685920358351512,38.59127330363501
1780006296.536224,0.0,0.0,0.0,0,0.8993610713984188,-0.3685920358351512,38.59127330363501
1780006296.536224,0.0,0.0,0.0,0,0.8993610713984188,-0.3685920358351512,38.59127330363501
1780006296.5865653,0.0,0.0,0.029608701206869512,0,0.8993610713984188,-0.3685920358351512,38.59127330363501
1780006296.5865653,0.0,0.0,0.0,0,0.8993610713984188,-0.3685920358351512,38.59127330363501
1780006296.586874,0.0,0.0,0.0,0,0.8993610713984188,-0.3685920358351512,38.59127330363501
1780006296.586874,0.0,0.0,0.0,0,0.8993610713984188,-0.3685920358351512,38.59127330363501
1780006296.6369658,0.0,0.0,0.018358613056011466,0,0.899361071398419,-0.3685920358351512,38.59127330363501
1780006296.6369658,0.0,0.0,0.0,0,0.899361071398419,-0.3685920358351512,38.59127330363501
1780006296.6868882,0.0,0.0,0.024394820623344967,0,0.8993610713984188,-0.3685920358351512,38.59127330363501
1780006296.686673,0.0,0.0,0.0,0,0.8993610713984188,-0.3685920358351512,38.59127330363501
1780006296.6877346,0.0,0.0,0.0,0,0.8993610713984188,-0.3685920358351512,38.59127330363501
1780006296.6868882,0.0,0.0,0.0,0,0.8993610713984188,-0.3685920358351512,38.59127330363501
1780006296.6877346,0.0,0.0,0.0,0,0.8993610713984188,-0.3685920358351512,38.59127330363501
1780006296.737217,0.0,0.0,0.0,0,0.8993610713984188,-0.3685920358351512,38.59127330363501
1780006296.7372167,0.0,0.0,0.0,0,0.8993610713984188,-0.3685920358351512,38.59127330363501
1780006296.7878163,0.0,0.0,0.0,0,0.8993610713984188,-0.3685920358351512,38.59127330363501
1780006296.7878163,0.0,0.0,0.0,0,0.8993610713984188,-0.3685920358351512,38.59127330363501
1780006296.7880797,0.0,0.0,0.0,0,0.8993610713984188,-0.3685920358351512,38.59127330363501
1780006296.7880797,0.0,0.0,0.0,0,0.8993610713984188,-0.3685920358351512,38.59127330363501
1780006296.8384976,0.0,0.0,0.05276397608287273,0,0.899361071398419,-0.3685920358351512,38.59127330363501
1780006296.8384976,0.0,0.0,0.0,0,0.899361071398419,-0.3685920358351512,38.59127330363501
1780006296.8391585,0.0,0.0,0.0,0,0.899361071398419,-0.3685920358351512,38.59127330363501
1780006296.8391585,0.0,0.0,0.0,0,0.899361071398419,-0.3685920358351512,38.59127330363501
1780006296.937605,0.0,0.0,0.0,0,0.899361071398419,-0.3685920358351512,38.59127330363501
1780006296.937605,0.0,0.0,0.0,0,0.899361071398419,-0.3685920358351512,38.59127330363501
1780006296.9384246,0.0,0.0,0.0,0,0.899361071398419,-0.3685920358351512,38.59127330363501
1780006296.9384246,0.0,0.0,0.0,0,0.899361071398419,-0.3685920358351512,38.59127330363501
1780006296.9881694,0.0,0.0,0.0,0,0.899361071398419,-0.3685920358351512,38.59127330363501
1780006296.9881694,0.0,0.0,0.0,0,0.899361071398419,-0.3685920358351512,38.59127330363501
1780006297.03847,0.0,0.0,0.0,0,0.899361071398419,-0.3685920358351512,38.59127330363501
1780006297.03847,0.0,0.0,0.0,0,0.899361071398419,-0.3685920358351512,38.59127330363501
1780006297.038756,0.0,0.0,0.0,0,0.899361071398419,-0.3685920358351512,38.59127330363501
1780006297.038756,0.0,0.0,0.0,0,0.899361071398419,-0.3685920358351512,38.59127330363501
1780006297.1380012,0.0,0.0,0.0,0,0.899361071398419,-0.3685920358351512,38.59127330363501
1780006297.1380014,0.0,0.0,0.0,0,0.899361071398419,-0.3685920358351512,38.59127330363501
1780006297.1388335,0.0,0.0,0.0,0,0.899361071398419,-0.3685920358351512,38.59127330363501
1780006297.1388335,0.0,0.0,0.0,0,0.899361071398419,-0.3685920358351512,38.59127330363501
1780006297.1883626,0.0,0.0,0.0,0,0.899361071398419,-0.3685920358351512,38.59127330363501
1780006297.1883626,0.0,0.0,0.0,0,0.899361071398419,-0.3685920358351512,38.59127330363501
1780006297.2393599,0.0,0.0,0.11303424050269145,0,0.8993610713984188,-0.3685920358351512,38.59127330363501
1780006297.2393596,0.0,0.0,0.0,0,0.8993610713984188,-0.3685920358351512,38.59127330363501
1780006297.289314,0.0,0.0,0.0014537470561028745,0,0.8993610713984188,-0.3685920358351512,38.59127330363501
1780006297.289314,0.0,0.0,0.0,0,0.8993610713984188,-0.3685920358351512,38.59127330363501
1780006297.339597,0.0,0.0,0.0,0,0.8993610713984188,-0.3685920358351512,38.59127330363501
1780006297.3398087,0.0,0.0,0.0,0,0.8993610713984188,-0.3685920358351512,38.59127330363501
1780006297.339597,0.0,0.0,0.0,0,0.8993610713984188,-0.3685920358351512,38.59127330363501
1780006297.3398087,0.0,0.0,0.0,0,0.8993610713984188,-0.3685920358351512,38.59127330363501
1780006297.389555,0.0,0.0,0.0,0,0.8993610713984188,-0.3685920358351512,38.59127330363501
1780006297.389555,0.0,0.0,0.0,0,0.8993610713984188,-0.3685920358351512,38.59127330363501
1780006297.3904388,0.0,0.0,0.0,0,0.8993610713984188,-0.3685920358351512,38.59127330363501
1780006297.3904388,0.0,0.0,0.0,0,0.8993610713984188,-0.3685920358351512,38.59127330363501
1780006297.4398434,0.0,0.0,0.0,0,0.8993610713984188,-0.3685920358351512,38.59127330363501
1780006297.4398434,0.0,0.0,0.0,0,0.8993610713984188,-0.3685920358351512,38.59127330363501
1780006297.4902937,0.0,0.0,0.0,0,0.8993610713984188,-0.3685920358351512,38.59127330363501
1780006297.4902923,0.0,0.0,0.0,0,0.8993610713984188,-0.3685920358351512,38.59127330363501
1780006297.540357,0.0,0.0,0.0,0,0.8993610713984188,-0.3685920358351512,38.59127330363501
1780006297.540357,0.0,0.0,0.0,0,0.8993610713984188,-0.3685920358351512,38.59127330363501
1780006297.5902886,0.0,0.0,0.0,0,0.8993610713984188,-0.3685920358351512,38.59127330363501
1780006297.5902886,0.0,0.0,0.0,0,0.8993610713984188,-0.3685920358351512,38.59127330363501
1780006297.640948,0.0,0.0,0.0,0,0.8993610713984188,-0.3685920358351512,38.59127330363501
1780006297.640948,0.0,0.0,0.0,0,0.8993610713984188,-0.3685920358351512,38.59127330363501
1780006297.6910336,0.0,0.0,0.0,0,0.8993610713984188,-0.3685920358351512,38.59127330363501
1780006297.6910336,0.0,0.0,0.0,0,0.8993610713984188,-0.3685920358351512,38.59127330363501
1780006297.691229,0.0,0.0,0.0,0,0.8993610713984188,-0.3685920358351512,38.59127330363501
1780006297.691229,0.0,0.0,0.0,0,0.8993610713984188,-0.3685920358351512,38.59127330363501
1780006297.741335,0.0,0.0,0.0,0,0.8993610713984188,-0.3685920358351512,38.59127330363501
1780006297.7415822,0.0,0.0,0.0,0,0.8993610713984188,-0.3685920358351512,38.59127330363501
1780006297.7415822,0.0,0.0,0.0,0,0.8993610713984188,-0.3685920358351512,38.59127330363501
1780006297.7426114,0.0,0.0,0.0,0,0.8993610713984188,-0.3685920358351512,38.59127330363501
1780006297.7426114,0.0,0.0,0.0,0,0.8993610713984188,-0.3685920358351512,38.59127330363501
1780006297.840985,0.0,0.0,0.0,0,0.8993610713984188,-0.3685920358351512,38.59127330363501
1780006297.840985,0.0,0.0,0.0,0,0.8993610713984188,-0.3685920358351512,38.59127330363501
1780006297.8433423,0.0,0.0,0.0,0,0.8993610713984188,-0.3685920358351512,38.59127330363501
1780006297.8433423,0.0,0.0,0.0,0,0.8993610713984188,-0.3685920358351512,38.59127330363501
1780006297.8436341,0.0,0.0,0.0,0,0.8993610713984188,-0.3685920358351512,38.59127330363501
1780006297.8436341,0.0,0.0,0.0,0,0.8993610713984188,-0.3685920358351512,38.59127330363501
1780006297.891241,0.0,0.0,0.0,0,0.8993610713984188,-0.3685920358351512,38.59127330363501
1780006297.891241,0.0,0.0,0.0,0,0.8993610713984188,-0.3685920358351512,38.59127330363501
1780006297.8947713,0.0,0.0,0.0,0,0.8993610713984188,-0.3685920358351512,38.59127330363501
1780006297.8947713,0.0,0.0,0.0,0,0.8993610713984188,-0.3685920358351512,38.59127330363501
1780006297.9420717,0.0,0.0,0.0,0,0.8993610713984188,-0.3685920358351512,38.59127330363501
1780006297.9420717,0.0,0.0,0.0,0,0.8993610713984188,-0.3685920358351512,38.59127330363501
1780006297.9919803,0.0,0.0,0.0,0,0.8993610713984188,-0.3685920358351512,38.59127330363501
1780006297.9919803,0.0,0.0,0.0,0,0.8993610713984188,-0.3685920358351512,38.59127330363501
1780006297.993609,0.0,0.0,0.0,0,0.8993610713984188,-0.3685920358351512,38.59127330363501
1780006297.993609,0.0,0.0,0.0,0,0.8993610713984188,-0.3685920358351512,38.59127330363501
1780006298.0439546,0.0,0.0,0.0,0,0.8993610713984188,-0.3685920358351512,38.59127330363501
1780006298.0439546,0.0,0.0,0.0,0,0.8993610713984188,-0.3685920358351512,38.59127330363501
1780006298.0909443,0.0,0.0,0.0,0,0.8993610713984188,-0.3685920358351512,38.59127330363501
1780006298.0909443,0.0,0.0,0.0,0,0.8993610713984188,-0.3685920358351512,38.59127330363501
1780006298.1414957,0.0,0.0,0.0,0,0.8993610713984188,-0.3685920358351512,38.59127330363501
1780006298.1414957,0.0,0.0,0.0,0,0.8993610713984188,-0.3685920358351512,38.59127330363501
1780006298.143669,0.0,0.0,0.0,0,0.8993610713984188,-0.3685920358351512,38.59127330363501
1780006298.143669,0.0,0.0,0.0,0,0.8993610713984188,-0.3685920358351512,38.59127330363501
1780006298.1923172,0.0,0.0,0.0,0,0.8993610713984188,-0.3685920358351512,38.59127330363501
1780006298.1923172,0.0,0.0,0.0,0,0.8993610713984188,-0.3685920358351512,38.59127330363501
1780006298.2425306,0.0,0.0,0.0,0,0.8993610713984188,-0.3685920358351512,38.59127330363501
1780006298.2425306,0.0,0.0,0.0,0,0.8993610713984188,-0.3685920358351512,38.59127330363501
1780006298.2436116,0.0,0.0,0.0,0,0.8993610713984188,-0.3685920358351512,38.59127330363501
1780006298.2436116,0.0,0.0,0.0,0,0.8993610713984188,-0.3685920358351512,38.59127330363501
1780006298.2447915,0.0,0.0,0.0,0,0.8993610713984188,-0.3685920358351512,38.59127330363501
1780006298.2447915,0.0,0.0,0.0,0,0.8993610713984188,-0.3685920358351512,38.59127330363501
1780006298.293105,0.0,0.0,0.0,0,0.8993610713984188,-0.3685920358351512,38.59127330363501
1780006298.2931075,0.0,0.0,0.0,0,0.8993610713984188,-0.3685920358351512,38.59127330363501
1780006298.343564,0.0,0.0,-0.21289887035227104,0,0.8993610713984188,-0.3685920358351512,38.59127330363501
1780006298.343564,0.0,0.0,0.0,0,0.8993610713984188,-0.3685920358351512,38.59127330363501
1780006298.394064,0.0,0.0,-0.14541607350731856,0,0.8993610713984188,-0.3685920358351512,38.59127330363501
1780006298.394064,0.0,0.0,0.0,0,0.8993610713984188,-0.3685920358351512,38.59127330363501
1780006298.394064,0.0,0.0,0.0,0,0.8993610713984188,-0.3685920358351512,38.59127330363501
1780006298.4445326,0.0,0.0,0.0,0,0.8993610713984188,-0.3685920358351512,38.59127330363501
1780006298.4445326,0.0,0.0,0.0,0,0.8993610713984188,-0.3685920358351512,38.59127330363501
1780006298.4447868,0.0,0.0,0.0,0,0.8993610713984188,-0.3685920358351512,38.59127330363501
1780006298.4447868,0.0,0.0,0.0,0,0.8993610713984188,-0.3685920358351512,38.59127330363501
1780006298.4950285,0.0,0.0,0.0,0,0.8993610713984188,-0.3685920358351512,38.59127330363501
1780006298.4950285,0.0,0.0,0.0,0,0.8993610713984188,-0.3685920358351512,38.59127330363501
1780006298.495242,0.0,0.0,0.0,0,0.8993610713984188,-0.3685920358351512,38.59127330363501
1780006298.495242,0.0,0.0,0.0,0,0.8993610713984188,-0.3685920358351512,38.59127330363501
1780006298.5452917,0.0,0.0,0.0,0,0.8993610713984188,-0.3685920358351512,38.59127330363501
1780006298.5452917,0.0,0.0,0.0,0,0.8993610713984188,-0.3685920358351512,38.59127330363501
1780006298.5952084,0.0,0.0,0.0,0,0.8993610713984188,-0.3685920358351512,38.59127330363501
1780006298.5952086,0.0,0.0,0.0,0,0.8993610713984188,-0.3685920358351512,38.59127330363501
1780006298.6452959,0.0,0.0,0.0,0,0.8993610713984188,-0.3685920358351512,38.59127330363501
1780006298.6452959,0.0,0.0,0.0,0,0.8993610713984188,-0.3685920358351512,38.59127330363501
1780006298.6458907,0.0,0.0,0.0,0,0.8993610713984188,-0.3685920358351512,38.59127330363501
1780006298.6458907,0.0,0.0,0.0,0,0.8993610713984188,-0.3685920358351512,38.59127330363501
1780006298.745001,0.0,0.0,0.0,0,0.8993610713984188,-0.3685920358351512,38.59127330363501
1780006298.745001,0.0,0.0,0.0,0,0.8993610713984188,-0.3685920358351512,38.59127330363501
1780006298.745956,0.0,0.0,0.0,0,0.8993610713984188,-0.3685920358351512,38.59127330363501
1780006298.745956,0.0,0.0,0.0,0,0.8993610713984188,-0.3685920358351512,38.59127330363501
1780006298.8455117,0.0,0.0,0.0,0,0.8993610713984188,-0.3685920358351512,38.59127330363501
1780006298.8455117,0.0,0.0,0.0,0,0.8993610713984188,-0.3685920358351512,38.59127330363501
1780006298.8461452,0.0,0.0,0.0,0,0.8993610713984188,-0.3685920358351512,38.59127330363501
1780006298.8461452,0.0,0.0,0.0,0,0.8993610713984188,-0.3685920358351512,38.59127330363501
1780006298.8463874,0.0,0.0,0.0,0,0.8993610713984188,-0.3685920358351512,38.59127330363501
1780006298.8463874,0.0,0.0,0.0,0,0.8993610713984188,-0.3685920358351512,38.59127330363501
1780006298.8962781,0.0,0.0,0.0,0,0.8993610713984188,-0.3685920358351512,38.59127330363501
1780006298.8962781,0.0,0.0,0.0,0,0.8993610713984188,-0.3685920358351512,38.59127330363501
1780006298.9456246,0.0,0.0,0.0,0,0.8993610713984188,-0.3685920358351512,38.59127330363501
1780006298.9456246,0.0,0.0,0.0,0,0.8993610713984188,-0.3685920358351512,38.59127330363501
1780006298.9466195,0.0,0.0,0.0,0,0.8993610713984188,-0.3685920358351512,38.59127330363501
1780006298.9466195,0.0,0.0,0.0,0,0.8993610713984188,-0.3685920358351512,38.59127330363501
1780006298.9966996,0.0,0.0,0.0,0,0.8993610713984188,-0.3685920358351512,38.59127330363501
1780006298.9966996,0.0,0.0,0.0,0,0.8993610713984188,-0.3685920358351512,38.59127330363501
1780006299.047425,0.0,0.0,0.0,0,0.8993610713984188,-0.3685920358351512,38.59127330363501
1780006299.047425,0.0,0.0,0.0,0,0.8993610713984188,-0.3685920358351512,38.59127330363501
1780006299.0477972,0.0,0.0,0.0,0,0.8993610713984188,-0.3685920358351512,38.59127330363501
1780006299.0477972,0.0,0.0,0.0,0,0.8993610713984188,-0.3685920358351512,38.59127330363501
1780006299.1472838,0.0,0.0,0.04963710860742989,0,0.8993610713984188,-0.3685920358351512,38.59127330363501
1780006299.1472838,0.0,0.0,0.0,0,0.8993610713984188,-0.3685920358351512,38.59127330363501
1780006299.1476293,0.0,0.0,0.0,0,0.8993610713984188,-0.3685920358351512,38.59127330363501
1780006299.1476293,0.0,0.0,0.0,0,0.8993610713984188,-0.3685920358351512,38.59127330363501
1780006299.1971726,0.0,0.0,0.0,0,0.8993610713984188,-0.3685920358351512,38.59127330363501
1780006299.1971726,0.0,0.0,0.0,0,0.8993610713984188,-0.3685920358351512,38.59127330363501
1780006299.1973956,0.0,0.0,0.0,0,0.8993610713984188,-0.3685920358351512,38.59127330363501
1780006299.1973562,0.0,0.0,0.0,0,0.8993610713984188,-0.3685920358351512,38.59127330363501
1780006299.1973956,0.0,0.0,0.0,0,0.8993610713984188,-0.3685920358351512,38.59127330363501
1780006299.2474625,0.0,0.0,0.0,0,0.8993610713984188,-0.3685920358351512,38.59127330363501
1780006299.2474625,0.0,0.0,0.0,0,0.8993610713984188,-0.3685920358351512,38.59127330363501
1780006299.248223,0.0,0.0,0.0,0,0.8993610713984188,-0.3685920358351512,38.59127330363501
1780006299.248223,0.0,0.0,0.0,0,0.8993610713984188,-0.3685920358351512,38.59127330363501
1780006299.2980645,0.0,0.0,-0.020026648091943083,0,0.8993610713984188,-0.3685920358351512,38.59127330363501
1780006299.2980645,0.0,0.0,0.0,0,0.8993610713984188,-0.3685920358351512,38.59127330363501
1780006299.2996795,0.0,0.0,0.0,0,0.8993610713984188,-0.3685920358351512,38.59127330363501
1780006299.2996795,0.0,0.0,0.0,0,0.8993610713984188,-0.3685920358351512,38.59127330363501
1780006299.3019538,0.0,0.0,0.0,0,0.8993610713984188,-0.3685920358351512,38.59127330363501
1780006299.3019538,0.0,0.0,0.0,0,0.8993610713984188,-0.3685920358351512,38.59127330363501
1780006299.3487542,0.0,0.0,0.0,0,0.8993610713984188,-0.3685920358351512,38.59127330363501
1780006299.3487542,0.0,0.0,0.0,0,0.8993610713984188,-0.3685920358351512,38.59127330363501
1780006299.349654,0.0,0.0,0.0,0,0.8993610713984188,-0.3685920358351512,38.59127330363501
1780006299.349654,0.0,0.0,0.0,0,0.8993610713984188,-0.3685920358351512,38.59127330363501
1780006299.3991807,0.0,0.0,0.0,0,0.8993610713984188,-0.3685920358351512,38.59127330363501
1780006299.3991807,0.0,0.0,0.0,0,0.8993610713984188,-0.3685920358351512,38.59127330363501
1780006299.3989928,0.0,0.0,0.0,0,0.8993610713984188,-0.3685920358351512,38.59127330363501
1780006299.44932,0.0,0.0,0.0,0,0.8993610713984188,-0.3685920358351512,38.59127330363501
1780006299.4498417,0.0,0.0,0.0,0,0.8993610713984188,-0.3685920358351512,38.59127330363501
1780006299.44932,0.0,0.0,0.0,0,0.8993610713984188,-0.3685920358351512,38.59127330363501
1780006299.4498417,0.0,0.0,0.0,0,0.8993610713984188,-0.3685920358351512,38.59127330363501
1780006299.4526565,0.0,0.0,0.0,0,0.8993610713984188,-0.3685920358351512,38.59127330363501
1780006299.4526565,0.0,0.0,0.0,0,0.8993610713984188,-0.3685920358351512,38.59127330363501
1780006299.500233,0.0,0.0,0.0,0,0.8993610713984188,-0.3685920358351512,38.59127330363501
1780006299.500233,0.0,0.0,0.0,0,0.8993610713984188,-0.3685920358351512,38.59127330363501
1780006299.5494828,0.0,0.0,0.0,0,0.8993610713984188,-0.3685920358351512,38.59127330363501
1780006299.5494828,0.0,0.0,0.0,0,0.8993610713984188,-0.3685920358351512,38.59127330363501
1780006299.5505302,0.0,0.0,0.0,0,0.8993610713984188,-0.3685920358351512,38.59127330363501
1780006299.5505302,0.0,0.0,0.0,0,0.8993610713984188,-0.3685920358351512,38.59127330363501
1780006299.5508769,0.0,0.0,0.0,0,0.8993610713984188,-0.3685920358351512,38.59127330363501
1780006299.5508769,0.0,0.0,0.0,0,0.8993610713984188,-0.3685920358351512,38.59127330363501
1780006299.6493485,0.0,0.0,0.0,0,0.8993610713984188,-0.3685920358351512,38.59127330363501
1780006299.6493485,0.0,0.0,0.0,0,0.8993610713984188,-0.3685920358351512,38.59127330363501
1780006299.6509826,0.0,0.0,0.0,0,0.8993610713984188,-0.3685920358351512,38.59127330363501
1780006299.6509826,0.0,0.0,0.0,0,0.8993610713984188,-0.3685920358351512,38.59127330363501
1780006299.749541,0.0,0.0,0.0,0,0.8993610713984188,-0.3685920358351512,38.59127330363501
1780006299.749541,0.0,0.0,0.0,0,0.8993610713984188,-0.3685920358351512,38.59127330363501
1780006299.7503927,0.0,0.0,0.0,0,0.8993610713984188,-0.3685920358351512,38.59127330363501
1780006299.7503927,0.0,0.0,0.0,0,0.8993610713984188,-0.3685920358351512,38.59127330363501
1780006299.799834,0.0,0.0,0.0,0,0.8993610713984188,-0.3685920358351512,38.59127330363501
1780006299.799834,0.0,0.0,0.0,0,0.8993610713984188,-0.3685920358351512,38.59127330363501
1780006299.8007343,0.0,0.0,0.0,0,0.8993610713984188,-0.3685920358351512,38.59127330363501
1780006299.8007343,0.0,0.0,0.0,0,0.8993610713984188,-0.3685920358351512,38.59127330363501
1780006299.8503392,0.0,0.0,0.0,0,0.8993610713984188,-0.3685920358351512,38.59127330363501
1780006299.8503392,0.0,0.0,0.0,0,0.8993610713984188,-0.3685920358351512,38.59127330363501
1780006299.8511255,0.0,0.0,0.0,0,0.8993610713984188,-0.3685920358351512,38.59127330363501
1780006299.8511255,0.0,0.0,0.0,0,0.8993610713984188,-0.3685920358351512,38.59127330363501
1780006299.9004087,0.0,0.0,0.0,0,0.8993610713984188,-0.3685920358351512,38.59127330363501
1780006299.9004087,0.0,0.0,0.0,0,0.8993610713984188,-0.3685920358351512,38.59127330363501
1780006299.9013557,0.0,0.0,0.0,0,0.8993610713984188,-0.3685920358351512,38.59127330363501
1780006299.9013557,0.0,0.0,0.0,0,0.8993610713984188,-0.3685920358351512,38.59127330363501
1780006299.9018078,0.0,0.0,0.0,0,0.8993610713984188,-0.3685920358351512,38.59127330363501
1780006299.9018078,0.0,0.0,0.0,0,0.8993610713984188,-0.3685920358351512,38.59127330363501
1780006299.9522605,0.0,0.0,0.0,0,0.8993610713984188,-0.3685920358351512,38.59127330363501
1780006299.9522605,0.0,0.0,0.0,0,0.8993610713984188,-0.3685920358351512,38.59127330363501
1780006300.0004652,0.0,0.0,0.0,0,0.8993610713984188,-0.3685920358351512,38.59127330363501
1780006300.0004652,0.0,0.0,0.0,0,0.8993610713984188,-0.3685920358351512,38.59127330363501
1780006300.000754,0.0,0.0,0.0,0,0.8993610713984188,-0.3685920358351512,38.59127330363501
1780006300.000754,0.0,0.0,0.0,0,0.8993610713984188,-0.3685920358351512,38.59127330363501
1780006300.0026846,0.0,0.0,0.0,0,0.8993610713984188,-0.3685920358351512,38.59127330363501
1780006300.0026846,0.0,0.0,0.0,0,0.8993610713984188,-0.3685920358351512,38.59127330363501
1780006300.0999827,0.0,0.0,0.0,0,0.8993610713984188,-0.3685920358351512,38.59127330363501
1780006300.0999827,0.0,0.0,0.0,0,0.8993610713984188,-0.3685920358351512,38.59127330363501
1780006300.102078,0.0,0.0,0.0,0,0.8993610713984188,-0.3685920358351512,38.59127330363501
1780006300.102078,0.0,0.0,0.0,0,0.8993610713984188,-0.3685920358351512,38.59127330363501
1780006300.150386,0.0,0.0,0.0,0,0.8993610713984188,-0.3685920358351512,38.59127330363501
1780006300.150386,0.0,0.0,0.0,0,0.8993610713984188,-0.3685920358351512,38.59127330363501
1780006300.1523685,0.0,0.0,0.0,0,0.8993610713984188,-0.3685920358351512,38.59127330363501
1780006300.1523685,0.0,0.0,0.0,0,0.8993610713984188,-0.3685920358351512,38.59127330363501
1780006300.200638,0.0,0.0,0.0,0,0.8993610713984188,-0.3685920358351512,38.59127330363501
1780006300.200638,0.0,0.0,0.0,0,0.8993610713984188,-0.3685920358351512,38.59127330363501
1780006300.2011137,0.0,0.0,0.0,0,0.8993610713984188,-0.3685920358351512,38.59127330363501
1780006300.2011137,0.0,0.0,0.0,0,0.8993610713984188,-0.3685920358351512,38.59127330363501
1780006300.2025988,0.0,0.0,0.0,0,0.8993610713984188,-0.3685920358351512,38.59127330363501
1780006300.2025988,0.0,0.0,0.0,0,0.8993610713984188,-0.3685920358351512,38.59127330363501
1780006300.2509453,0.0,0.0,0.0,0,0.8993610713984188,-0.3685920358351512,38.59127330363501
1780006300.2509453,0.0,0.0,0.0,0,0.8993610713984188,-0.3685920358351512,38.59127330363501
1780006300.2540126,0.0,0.0,0.0,0,0.8993610713984188,-0.3685920358351512,38.59127330363501
1780006300.2540126,0.0,0.0,0.0,0,0.8993610713984188,-0.3685920358351512,38.59127330363501
1780006300.3023255,0.0,0.0,0.0,0,0.8993610713984188,-0.3685920358351512,38.59127330363501
1780006300.3023255,0.0,0.0,0.0,0,0.8993610713984188,-0.3685920358351512,38.59127330363501
1780006300.3525295,0.0,0.0,0.0,0,0.8993610713984188,-0.3685920358351512,38.59127330363501
1780006300.3525295,0.0,0.0,0.0,0,0.8993610713984188,-0.3685920358351512,38.59127330363501
1780006300.3535798,0.0,0.0,0.0,0,0.8993610713984188,-0.3685920358351512,38.59127330363501
1780006300.3535798,0.0,0.0,0.0,0,0.8993610713984188,-0.3685920358351512,38.59127330363501
1780006300.403656,0.0,0.0,0.0,0,0.8993610713984188,-0.3685920358351512,38.59127330363501
1780006300.4036558,0.0,0.0,0.0,0,0.8993610713984188,-0.3685920358351512,38.59127330363501
1780006300.4038405,0.0,0.0,0.0,0,0.8993610713984188,-0.3685920358351512,38.59127330363501
1780006300.4038405,0.0,0.0,0.0,0,0.8993610713984188,-0.3685920358351512,38.59127330363501
1780006300.4549139,0.0,0.0,0.0,0,0.8993610713984188,-0.3685920358351512,38.59127330363501
1780006300.4549139,0.0,0.0,0.0,0,0.8993610713984188,-0.3685920358351512,38.59127330363501
1780006300.5042424,0.0,0.0,0.0,0,0.8993610713984188,-0.3685920358351512,38.59127330363501
1780006300.5042424,0.0,0.0,0.0,0,0.8993610713984188,-0.3685920358351512,38.59127330363501
1780006300.5052304,0.0,0.0,0.0,0,0.8993610713984188,-0.3685920358351512,38.59127330363501
1780006300.5052304,0.0,0.0,0.0,0,0.8993610713984188,-0.3685920358351512,38.59127330363501
1780006300.55488,0.0,0.0,0.0,0,0.8993610713984188,-0.3685920358351512,38.59127330363501
1780006300.55488,0.0,0.0,0.0,0,0.8993610713984188,-0.3685920358351512,38.59127330363501
1780006300.5555987,0.0,0.0,0.0,0,0.8993610713984188,-0.3685920358351512,38.59127330363501
1780006300.5555987,0.0,0.0,0.0,0,0.8993610713984188,-0.3685920358351512,38.59127330363501
1780006300.5560598,0.0,0.0,0.0,0,0.8993610713984188,-0.3685920358351512,38.59127330363501
1780006300.5560598,0.0,0.0,0.0,0,0.8993610713984188,-0.3685920358351512,38.59127330363501
1780006300.6052935,0.0,0.0,0.0,0,0.8993610713984188,-0.3685920358351512,38.59127330363501
1780006300.6052935,0.0,0.0,0.0,0,0.8993610713984188,-0.3685920358351512,38.59127330363501
1780006300.606297,0.0,0.0,0.0,0,0.8993610713984188,-0.3685920358351512,38.59127330363501
1780006300.606297,0.0,0.0,0.0,0,0.8993610713984188,-0.3685920358351512,38.59127330363501
1780006300.6558056,0.0,0.0,0.0,0,0.8993610713984188,-0.3685920358351512,38.59127330363501
1780006300.6558056,0.0,0.0,0.0,0,0.8993610713984188,-0.3685920358351512,38.59127330363501
1780006300.7061434,0.0,0.0,0.0,0,0.8993610713984188,-0.3685920358351512,38.59127330363501
1780006300.7061436,0.0,0.0,0.0,0,0.8993610713984188,-0.3685920358351512,38.59127330363501
1780006300.7064047,0.0,0.0,0.0,0,0.8993610713984188,-0.3685920358351512,38.59127330363501
1780006300.7064047,0.0,0.0,0.0,0,0.8993610713984188,-0.3685920358351512,38.59127330363501
1780006300.7563689,0.0,0.0,0.0,0,0.8993610713984188,-0.3685920358351512,38.59127330363501
1780006300.7563689,0.0,0.0,0.0,0,0.8993610713984188,-0.3685920358351512,38.59127330363501
1780006300.8059196,0.0,0.0,0.0,0,0.8993610713984188,-0.3685920358351512,38.59127330363501
1780006300.8059196,0.0,0.0,0.0,0,0.8993610713984188,-0.3685920358351512,38.59127330363501
1780006300.8066826,0.0,0.0,0.0,0,0.8993610713984188,-0.3685920358351512,38.59127330363501
1780006300.8066826,0.0,0.0,0.0,0,0.8993610713984188,-0.3685920358351512,38.59127330363501
1780006300.8562922,0.0,0.0,0.0,0,0.8993610713984188,-0.3685920358351512,38.59127330363501
1780006300.8562922,0.0,0.0,0.0,0,0.8993610713984188,-0.3685920358351512,38.59127330363501
1780006300.906835,0.0,0.0,0.0,0,0.8993610713984188,-0.3685920358351512,38.59127330363501
1780006300.906835,0.0,0.0,0.0,0,0.8993610713984188,-0.3685920358351512,38.59127330363501
1780006300.907119,0.0,0.0,0.0,0,0.8993610713984188,-0.3685920358351512,38.59127330363501
1780006300.907118,0.0,0.0,0.0,0,0.8993610713984188,-0.3685920358351512,38.59127330363501
1780006300.9571064,0.0,0.0,0.0,0,0.8993610713984188,-0.3685920358351512,38.59127330363501
1780006300.9571064,0.0,0.0,0.0,0,0.8993610713984188,-0.3685920358351512,38.59127330363501
1780006300.9572682,0.0,0.0,0.0,0,0.8993610713984188,-0.3685920358351512,38.59127330363501
1780006300.9572682,0.0,0.0,0.0,0,0.8993610713984188,-0.3685920358351512,38.59127330363501
1780006301.0074015,0.0,0.0,0.0,0,0.8993610713984188,-0.3685920358351512,38.59127330363501
1780006301.0076811,0.0,0.0,0.0,0,0.8993610713984188,-0.3685920358351512,38.59127330363501
1780006301.0076811,0.0,0.0,0.0,0,0.8993610713984188,-0.3685920358351512,38.59127330363501
1780006301.0577042,0.0,0.0,0.0,0,0.8993610713984188,-0.3685920358351512,38.59127330363501
1780006301.0577042,0.0,0.0,0.0,0,0.8993610713984188,-0.3685920358351512,38.59127330363501
1780006301.0579407,0.0,0.0,0.0,0,0.8993610713984188,-0.3685920358351512,38.59127330363501
1780006301.0579407,0.0,0.0,0.0,0,0.8993610713984188,-0.3685920358351512,38.59127330363501
1780006301.156629,0.0,0.0,0.0,0,0.8993610713984188,-0.3685920358351512,38.59127330363501
1780006301.156631,0.0,0.0,0.0,0,0.8993610713984188,-0.3685920358351512,38.59127330363501
1780006301.1577122,0.0,0.0,0.0,0,0.8993610713984188,-0.3685920358351512,38.59127330363501
1780006301.1577122,0.0,0.0,0.0,0,0.8993610713984188,-0.3685920358351512,38.59127330363501
1780006301.2085552,0.0,0.0,0.0,0,0.8993610713984188,-0.3685920358351512,38.59127330363501
1780006301.2085552,0.0,0.0,0.0,0,0.8993610713984188,-0.3685920358351512,38.59127330363501
1780006301.2576685,0.0,0.0,0.0,0,0.8993610713984188,-0.3685920358351512,38.59127330363501
1780006301.2576685,0.0,0.0,0.0,0,0.8993610713984188,-0.3685920358351512,38.59127330363501
1780006301.2586262,0.0,0.0,0.0,0,0.8993610713984188,-0.3685920358351512,38.59127330363501
1780006301.2586262,0.0,0.0,0.0,0,0.8993610713984188,-0.3685920358351512,38.59127330363501
1780006301.3082643,0.0,0.0,0.0,0,0.8993610713984188,-0.3685920358351512,38.59127330363501
1780006301.3082643,0.0,0.0,0.0,0,0.8993610713984188,-0.3685920358351512,38.59127330363501
1780006301.3103817,0.0,0.0,0.0,0,0.8993610713984188,-0.3685920358351512,38.59127330363501
1780006301.3103817,0.0,0.0,0.0,0,0.8993610713984188,-0.3685920358351512,38.59127330363501
1780006301.3583395,0.0,0.0,0.0,0,0.8993610713984188,-0.3685920358351512,38.59127330363501
1780006301.3583395,0.0,0.0,0.0,0,0.8993610713984188,-0.3685920358351512,38.59127330363501
1780006301.3606477,0.0,0.0,0.0,0,0.8993610713984188,-0.3685920358351512,38.59127330363501
1780006301.3604577,0.0,0.0,0.0,0,0.8993610713984188,-0.3685920358351512,38.59127330363501
1780006301.3606477,0.0,0.0,0.0,0,0.8993610713984188,-0.3685920358351512,38.59127330363501
1780006301.4090242,0.0,0.0,0.054300347729347435,0,0.8993610713984188,-0.3685920358351512,38.59127330363501
1780006301.4090242,0.0,0.0,0.0,0,0.8993610713984188,-0.3685920358351512,38.59127330363501
1780006301.4098184,0.0,0.0,0.0,0,0.8993610713984188,-0.3685920358351512,38.59127330363501
1780006301.4098184,0.0,0.0,0.0,0,0.8993610713984188,-0.3685920358351512,38.59127330363501
1780006301.4600546,0.0,0.0,0.0,0,0.8993610713984188,-0.3685920358351512,38.59127330363501
1780006301.4600546,0.0,0.0,0.0,0,0.8993610713984188,-0.3685920358351512,38.59127330363501
1780006301.4602935,0.0,0.0,0.0,0,0.8993610713984188,-0.3685920358351512,38.59127330363501
1780006301.4602935,0.0,0.0,0.0,0,0.8993610713984188,-0.3685920358351512,38.59127330363501
1780006301.5107038,0.0,0.0,0.048930931558065785,0,0.8993610713984188,-0.3685920358351512,38.59127330363501
1780006301.510964,0.0,0.0,0.0,0,0.8993610713984188,-0.3685920358351512,38.59127330363501
1780006301.5109608,0.0,0.0,0.0,0,0.8993610713984188,-0.3685920358351512,38.59127330363501
1780006301.5611072,0.0,0.0,0.0,0,0.8993610713984188,-0.3685920358351512,38.59127330363501
1780006301.5611072,0.0,0.0,0.0,0,0.8993610713984188,-0.3685920358351512,38.59127330363501
1780006301.6111124,0.0,0.0,-0.10602504168959448,0,0.8993610713984188,-0.3685920358351512,38.59127330363501
1780006301.6111124,0.0,0.0,0.0,0,0.8993610713984188,-0.3685920358351512,38.59127330363501
1780006301.6113262,0.0,0.0,0.0,0,0.8993610713984188,-0.3685920358351512,38.59127330363501
1780006301.6113262,0.0,0.0,0.0,0,0.8993610713984188,-0.3685920358351512,38.59127330363501
1780006301.6611824,0.0,0.0,0.021780126067829392,0,0.8993610713984188,-0.3685920358351512,38.59127330363501
1780006301.6611824,0.0,0.0,0.0,0,0.8993610713984188,-0.3685920358351512,38.59127330363501
1780006301.6617267,0.0,0.0,0.0,0,0.8993610713984188,-0.3685920358351512,38.59127330363501
1780006301.6617267,0.0,0.0,0.0,0,0.8993610713984188,-0.3685920358351512,38.59127330363501
1780006301.711577,0.0,0.0,0.0,0,0.8993610713984188,-0.3685920358351512,38.59127330363501
1780006301.711577,0.0,0.0,0.0,0,0.8993610713984188,-0.3685920358351512,38.59127330363501
1780006301.7122447,0.0,0.0,0.0,0,0.8993610713984188,-0.3685920358351512,38.59127330363501
1780006301.7122447,0.0,0.0,0.0,0,0.8993610713984188,-0.3685920358351512,38.59127330363501
1780006301.7620525,0.0,0.0,0.0,0,0.8993610713984188,-0.3685920358351512,38.59127330363501
1780006301.7620525,0.0,0.0,0.0,0,0.8993610713984188,-0.3685920358351512,38.59127330363501
1780006301.8121738,0.0,0.0,0.06049938243807611,0,0.899361071398419,-0.3685920358351512,38.59127330363501
1780006301.8121738,0.0,0.0,0.0,0,0.899361071398419,-0.3685920358351512,38.59127330363501
1780006301.8123972,0.0,0.0,0.0,0,0.899361071398419,-0.3685920358351512,38.59127330363501
1780006301.8123972,0.0,0.0,0.0,0,0.899361071398419,-0.3685920358351512,38.59127330363501
1780006301.8630204,0.0,0.0,0.022444668785490264,0,0.8993610713984188,-0.3685920358351512,38.59127330363501
1780006301.8630204,0.0,0.0,0.0,0,0.8993610713984188,-0.3685920358351512,38.59127330363501
1780006301.9125473,0.0,0.0,0.08152550809588145,0,0.8993610713984188,-0.3685920358351512,38.59127330363501
1780006301.9131875,0.0,0.0,0.0,0,0.8993610713984188,-0.3685920358351512,38.59127330363501
1780006301.9131875,0.0,0.0,0.0,0,0.8993610713984188,-0.3685920358351512,38.59127330363501
1780006301.9627514,0.0,0.0,0.0546973449501431,0,0.8993610713984188,-0.3685920358351512,38.59127330363501
1780006301.9627514,0.0,0.0,0.0,0,0.8993610713984188,-0.3685920358351512,38.59127330363501
1780006302.012089,0.0,0.0,0.015208309949683054,0,0.899361071398419,-0.3685920358351512,38.59127330363501
1780006302.012089,0.0,0.0,0.0,0,0.899361071398419,-0.3685920358351512,38.59127330363501
1780006302.0130029,0.0,0.0,0.0,0,0.899361071398419,-0.3685920358351512,38.59127330363501
1780006302.0130029,0.0,0.0,0.0,0,0.899361071398419,-0.3685920358351512,38.59127330363501
1780006302.062181,0.0,0.0,0.0,0,0.899361071398419,-0.3685920358351512,38.59127330363501
1780006302.062181,0.0,0.0,0.0,0,0.899361071398419,-0.3685920358351512,38.59127330363501
1780006302.063077,0.0,0.0,0.0,0,0.899361071398419,-0.3685920358351512,38.59127330363501
1780006302.063077,0.0,0.0,0.0,0,0.899361071398419,-0.3685920358351512,38.59127330363501
1780006302.1610072,0.0,0.0,0.003626585612447998,0,0.8993610713984188,-0.3685920358351512,38.59127330363501
1780006302.1610072,0.0,0.0,0.0,0,0.8993610713984188,-0.3685920358351512,38.59127330363501
1780006302.1630738,0.0,0.0,0.0,0,0.8993610713984188,-0.3685920358351512,38.59127330363501
1780006302.1630738,0.0,0.0,0.0,0,0.8993610713984188,-0.3685920358351512,38.59127330363501
1780006302.2113428,0.0,0.0,0.0,0,0.8993610713984188,-0.3685920358351512,38.59127330363501
1780006302.2113428,0.0,0.0,0.0,0,0.8993610713984188,-0.3685920358351512,38.59127330363501
1780006302.2133777,0.0,0.0,0.0,0,0.8993610713984188,-0.3685920358351512,38.59127330363501
1780006302.2133777,0.0,0.0,0.0,0,0.8993610713984188,-0.3685920358351512,38.59127330363501
1780006302.2617922,0.0,0.0,0.0,0,0.8993610713984188,-0.3685920358351512,38.59127330363501
1780006302.2617922,0.0,0.0,0.0,0,0.8993610713984188,-0.3685920358351512,38.59127330363501
1780006302.263851,0.0,0.0,0.0,0,0.8993610713984188,-0.3685920358351512,38.59127330363501
1780006302.263851,0.0,0.0,0.0,0,0.8993610713984188,-0.3685920358351512,38.59127330363501
1780006302.2650707,0.0,0.0,0.0,0,0.8993610713984188,-0.3685920358351512,38.59127330363501
1780006302.2650707,0.0,0.0,0.0,0,0.8993610713984188,-0.3685920358351512,38.59127330363501
1780006302.314481,0.0,0.0,0.0,0,0.8993610713984188,-0.3685920358351512,38.59127330363501
1780006302.314481,0.0,0.0,0.0,0,0.8993610713984188,-0.3685920358351512,38.59127330363501
1780006302.3169384,0.0,0.0,0.0,0,0.8993610713984188,-0.3685920358351512,38.59127330363501
1780006302.3169384,0.0,0.0,0.0,0,0.8993610713984188,-0.3685920358351512,38.59127330363501
1780006302.364595,0.0,0.0,0.0,0,0.8993610713984188,-0.3685920358351512,38.59127330363501
1780006302.364595,0.0,0.0,0.0,0,0.8993610713984188,-0.3685920358351512,38.59127330363501
1780006302.3648248,0.0,0.0,0.0,0,0.8993610713984188,-0.3685920358351512,38.59127330363501
1780006302.364819,0.0,0.0,0.0,0,0.8993610713984188,-0.3685920358351512,38.59127330363501
1780006302.4147806,0.0,0.0,0.0,0,0.8993610713984188,-0.3685920358351512,38.59127330363501
1780006302.4147806,0.0,0.0,0.0,0,0.8993610713984188,-0.3685920358351512,38.59127330363501
1780006302.415067,0.0,0.0,0.0,0,0.8993610713984188,-0.3685920358351512,38.59127330363501
1780006302.415067,0.0,0.0,0.0,0,0.8993610713984188,-0.3685920358351512,38.59127330363501
1780006302.464905,0.0,0.0,-0.003902782415536499,0,0.8993610713984188,-0.3685920358351512,38.59127330363501
1780006302.464905,0.0,0.0,0.0,0,0.8993610713984188,-0.3685920358351512,38.59127330363501
1780006302.46561,0.0,0.0,0.0,0,0.8993610713984188,-0.3685920358351512,38.59127330363501
1780006302.46561,0.0,0.0,0.0,0,0.8993610713984188,-0.3685920358351512,38.59127330363501
1780006302.5153337,0.0,0.0,0.0,0,0.8993610713984188,-0.3685920358351512,38.59127330363501
1780006302.5153337,0.0,0.0,0.0,0,0.8993610713984188,-0.3685920358351512,38.59127330363501
1780006302.5156157,0.0,0.0,0.0,0,0.8993610713984188,-0.3685920358351512,38.59127330363501
1780006302.5156157,0.0,0.0,0.0,0,0.8993610713984188,-0.3685920358351512,38.59127330363501
1780006302.516144,0.0,0.0,0.0,0,0.8993610713984188,-0.3685920358351512,38.59127330363501
1780006302.516144,0.0,0.0,0.0,0,0.8993610713984188,-0.3685920358351512,38.59127330363501
1780006302.5654,0.0,0.0,0.0,0,0.8993610713984188,-0.3685920358351512,38.59127330363501
1780006302.5654,0.0,0.0,0.0,0,0.8993610713984188,-0.3685920358351512,38.59127330363501
1780006302.566298,0.0,0.0,0.0,0,0.8993610713984188,-0.3685920358351512,38.59127330363501
1780006302.566298,0.0,0.0,0.0,0,0.8993610713984188,-0.3685920358351512,38.59127330363501
1780006302.6158652,0.0,0.0,-0.0218333058190201,0,0.8993610713984188,-0.3685920358351512,38.59127330363501
1780006302.6158652,0.0,0.0,0.0,0,0.8993610713984188,-0.3685920358351512,38.59127330363501
1780006302.665972,0.0,0.0,0.0,0,0.8993610713984188,-0.3685920358351512,38.59127330363501
1780006302.665972,0.0,0.0,0.0,0,0.8993610713984188,-0.3685920358351512,38.59127330363501
1780006302.666879,0.0,0.0,0.0,0,0.8993610713984188,-0.3685920358351512,38.59127330363501
1780006302.666879,0.0,0.0,0.0,0,0.8993610713984188,-0.3685920358351512,38.59127330363501
1780006302.6684055,0.0,0.0,0.0,0,0.8993610713984188,-0.3685920358351512,38.59127330363501
1780006302.6684055,0.0,0.0,0.0,0,0.8993610713984188,-0.3685920358351512,38.59127330363501
1780006302.716606,0.0,0.0,0.0,0,0.8993610713984188,-0.3685920358351512,38.59127330363501
1780006302.716606,0.0,0.0,0.0,0,0.8993610713984188,-0.3685920358351512,38.59127330363501
1780006302.7168524,0.0,0.0,0.0,0,0.8993610713984188,-0.3685920358351512,38.59127330363501
1780006302.7168524,0.0,0.0,0.0,0,0.8993610713984188,-0.3685920358351512,38.59127330363501
1780006302.7672913,0.0,0.0,-0.3013087228934253,0,0.8993610713984188,-0.36859203583515115,38.59127330363501
1780006302.7672913,0.0,0.0,0.0,0,0.8993610713984188,-0.36859203583515115,38.59127330363501
1780006302.8164783,0.0,0.0,0.005533928318539511,0,0.8993610713984188,-0.3685920358351512,38.59127330363501
1780006302.8167377,0.0,0.0,0.0,0,0.8993610713984188,-0.3685920358351512,38.59127330363501
1780006302.8167377,0.0,0.0,0.0,0,0.8993610713984188,-0.3685920358351512,38.59127330363501
1780006302.8190935,0.0,0.0,0.0,0,0.8993610713984188,-0.3685920358351512,38.59127330363501
1780006302.8201656,0.0,0.0,0.0,0,0.8993610713984188,-0.3685920358351512,38.59127330363501
1780006302.8201656,0.0,0.0,0.0,0,0.8993610713984188,-0.3685920358351512,38.59127330363501
1780006302.86942,0.0,0.0,0.0,0,0.8993610713984188,-0.3685920358351512,38.59127330363501
1780006302.86942,0.0,0.0,0.0,0,0.8993610713984188,-0.3685920358351512,38.59127330363501
1780006302.9160705,0.0,0.0,0.016933836031229128,0,0.8993610713984188,-0.3685920358351512,38.59127330363501
1780006302.9160705,0.0,0.0,0.0,0,0.8993610713984188,-0.3685920358351512,38.59127330363501
1780006302.966743,0.0,0.0,0.0,0,0.8993610713984188,-0.3685920358351512,38.59127330363501
1780006302.966743,0.0,0.0,0.0,0,0.8993610713984188,-0.3685920358351512,38.59127330363501
1780006302.970023,0.0,0.0,0.0,0,0.8993610713984188,-0.3685920358351512,38.59127330363501
1780006302.970023,0.0,0.0,0.0,0,0.8993610713984188,-0.3685920358351512,38.59127330363501
1780006303.0169766,0.0,0.0,0.0,0,0.8993610713984188,-0.3685920358351512,38.59127330363501
1780006303.0169766,0.0,0.0,0.0,0,0.8993610713984188,-0.3685920358351512,38.59127330363501
1780006303.0201118,0.0,0.0,0.6640200650421442,0,0.8993610713984188,-0.3685920358351512,38.59127330363501
1780006303.0201116,0.0,0.0,0.0,0,0.8993610713984188,-0.3685920358351512,38.59127330363501
1780006303.073091,0.0,0.0,0.0,0,0.8993610713984188,-0.3685920358351512,38.59127330363501
1780006303.0733507,0.0,0.0,0.0,0,0.8993610713984188,-0.3685920358351512,38.59127330363501
1780006303.0733507,0.0,0.0,0.0,0,0.8993610713984188,-0.3685920358351512,38.59127330363501
1780006303.1166291,0.0,0.0,0.005526345411183981,0,0.8993610713984188,-0.3685920358351512,38.59127330363501
1780006303.1166291,0.0,0.0,0.0,0,0.8993610713984188,-0.3685920358351512,38.59127330363501
1780006303.1672041,0.0,0.0,0.05074435586108467,0,0.8993610713984188,-0.3685920358351512,38.59127330363501
1780006303.1672041,0.0,0.0,0.0,0,0.8993610713984188,-0.3685920358351512,38.59127330363501
1780006303.1720266,0.0,0.0,0.0,0,0.8993610713984188,-0.3685920358351512,38.59127330363501
1780006303.172026,0.0,0.0,0.0,0,0.8993610713984188,-0.3685920358351512,38.59127330363501
1780006303.2176025,0.0,0.0,0.03774220585963604,0,0.899361071398419,-0.3685920358351512,38.59127330363501
1780006303.2177992,0.0,0.0,0.0,0,0.899361071398419,-0.3685920358351512,38.59127330363501
1780006303.2177992,0.0,0.0,0.0,0,0.899361071398419,-0.3685920358351512,38.59127330363501
1780006303.2219417,0.0,0.0,0.0,0,0.899361071398419,-0.3685920358351512,38.59127330363501
1780006303.2219417,0.0,0.0,0.0,0,0.899361071398419,-0.3685920358351512,38.59127330363501
1780006303.268733,0.0,0.0,0.0,0,0.899361071398419,-0.3685920358351512,38.59127330363501
1780006303.268733,0.0,0.0,0.0,0,0.899361071398419,-0.3685920358351512,38.59127330363501
1780006303.273183,0.0,0.0,0.0,0,0.899361071398419,-0.3685920358351512,38.59127330363501
1780006303.273183,0.0,0.0,0.0,0,0.899361071398419,-0.3685920358351512,38.59127330363501
1780006303.3197458,0.0,0.0,0.08516058026655879,0,0.8993610713984188,-0.3685920358351512,38.59127330363501
1780006303.3197458,0.0,0.0,0.0,0,0.8993610713984188,-0.3685920358351512,38.59127330363501
1780006303.3705099,0.0,0.0,0.0,0,0.8993610713984188,-0.3685920358351512,38.59127330363501
1780006303.3705099,0.0,0.0,0.0,0,0.8993610713984188,-0.3685920358351512,38.59127330363501
1780006303.372829,0.0,0.0,0.0,0,0.8993610713984188,-0.3685920358351512,38.59127330363501
1780006303.3729918,0.0,0.0,0.0,0,0.8993610713984188,-0.3685920358351512,38.59127330363501
1780006303.3729918,0.0,0.0,0.0,0,0.8993610713984188,-0.3685920358351512,38.59127330363501
1780006303.4705796,0.0,0.0,0.03745608939852547,0,0.8993610713984188,-0.3685920358351512,38.59127330363501
1780006303.4705796,0.0,0.0,0.0,0,0.8993610713984188,-0.3685920358351512,38.59127330363501
1780006303.472799,0.0,0.0,0.0,0,0.8993610713984188,-0.3685920358351512,38.59127330363501
1780006303.472799,0.0,0.0,0.0,0,0.8993610713984188,-0.3685920358351512,38.59127330363501
1780006303.570136,0.0,0.0,0.007481143901209963,0,0.8993610713984188,-0.3685920358351512,38.59127330363501
1780006303.570136,0.0,0.0,0.0,0,0.8993610713984188,-0.3685920358351512,38.59127330363501
1780006303.5731118,0.0,0.0,0.0,0,0.8993610713984188,-0.3685920358351512,38.59127330363501
1780006303.5731118,0.0,0.0,0.0,0,0.8993610713984188,-0.3685920358351512,38.59127330363501
1780006303.6205795,0.0,0.0,0.04055690283258382,0,0.8993610713984188,-0.3685920358351512,38.59127330363501
1780006303.6205795,0.0,0.0,0.0,0,0.8993610713984188,-0.3685920358351512,38.59127330363501
1780006303.6209283,0.0,0.0,0.0,0,0.8993610713984188,-0.3685920358351512,38.59127330363501
1780006303.6209283,0.0,0.0,0.0,0,0.8993610713984188,-0.3685920358351512,38.59127330363501
1780006303.623768,0.0,0.0,0.0,0,0.8993610713984188,-0.3685920358351512,38.59127330363501
1780006303.623768,0.0,0.0,0.0,0,0.8993610713984188,-0.3685920358351512,38.59127330363501
1780006303.6709306,0.0,0.0,0.0,0,0.8993610713984188,-0.3685920358351512,38.59127330363501
1780006303.6707058,0.0,0.0,0.0,0,0.8993610713984188,-0.3685920358351512,38.59127330363501
1780006303.6738875,0.0,0.0,0.0,0,0.8993610713984188,-0.3685920358351512,38.59127330363501
1780006303.673855,0.0,0.0,0.0,0,0.8993610713984188,-0.3685920358351512,38.59127330363501
1780006303.7213647,0.0,0.0,0.012749071264895707,0,0.899361071398419,-0.3685920358351512,38.59127330363501
1780006303.7213647,0.0,0.0,0.0,0,0.899361071398419,-0.3685920358351512,38.59127330363501
1780006303.7719247,0.0,0.0,0.0,0,0.899361071398419,-0.3685920358351512,38.59127330363501
1780006303.771911,0.0,0.0,0.0,0,0.899361071398419,-0.3685920358351512,38.59127330363501
1780006303.7735822,0.0,0.0,0.0,0,0.899361071398419,-0.3685920358351512,38.59127330363501
1780006303.7735822,0.0,0.0,0.0,0,0.899361071398419,-0.3685920358351512,38.59127330363501
1780006303.774382,0.0,0.0,0.0,0,0.899361071398419,-0.3685920358351512,38.59127330363501
1780006303.774382,0.0,0.0,0.0,0,0.899361071398419,-0.3685920358351512,38.59127330363501
1780006303.8250504,0.0,0.0,-0.027558810807325806,0,0.8993610713984188,-0.36859203583515115,38.59127330363501
1780006303.8250504,0.0,0.0,0.0,0,0.8993610713984188,-0.36859203583515115,38.59127330363501
1780006303.8725164,0.0,0.0,0.0,0,0.8993610713984188,-0.36859203583515115,38.59127330363501
1780006303.87252,0.0,0.0,0.0,0,0.8993610713984188,-0.36859203583515115,38.59127330363501
1780006303.924642,0.0,0.0,0.0,0,0.8993610713984188,-0.36859203583515115,38.59127330363501
1780006303.924642,0.0,0.0,0.0,0,0.8993610713984188,-0.3685920358351512,38.59127330363501
1780006303.973096,0.0,0.0,-0.0373523801918489,0,0.8993610713984188,-0.36859203583515115,38.59127330363501
1780006303.973096,0.0,0.0,0.0,0,0.8993610713984188,-0.36859203583515115,38.59127330363501
1780006303.9750607,0.0,0.0,0.0,0,0.8993610713984188,-0.36859203583515115,38.59127330363501
1780006303.9750607,0.0,0.0,0.0,0,0.8993610713984188,-0.36859203583515115,38.59127330363501
1780006304.0250695,0.0,0.0,-0.03752597656635116,0,0.899361071398419,-0.3685920358351512,38.59127330363501
1780006304.0250692,0.0,0.0,0.0,0,0.899361071398419,-0.3685920358351512,38.59127330363501
1780006304.073295,0.0,0.0,0.0,0,0.899361071398419,-0.3685920358351512,38.59127330363501
1780006304.073295,0.0,0.0,0.0,0,0.899361071398419,-0.3685920358351512,38.59127330363501
1780006304.123736,0.0,0.0,-0.0766552417740922,0,0.8993610713984188,-0.3685920358351512,38.59127330363501
1780006304.123736,0.0,0.0,0.0,0,0.8993610713984188,-0.3685920358351512,38.59127330363501
1780006304.1722312,0.0,0.0,0.0,0,0.8993610713984188,-0.3685920358351512,38.59127330363501
1780006304.1722312,0.0,0.0,0.0,0,0.8993610713984188,-0.3685920358351512,38.59127330363501
1780006304.1722188,0.0,0.0,0.0,0,0.8993610713984188,-0.3685920358351512,38.59127330363501
1780006304.222703,0.0,0.0,0.0,0,0.8993610713984188,-0.3685920358351512,38.59127330363501
1780006304.222703,0.0,0.0,0.0,0,0.8993610713984188,-0.3685920358351512,38.59127330363501
1780006304.223264,0.0,0.0,0.0,0,0.8993610713984188,-0.3685920358351512,38.59127330363501
1780006304.223264,0.0,0.0,0.0,0,0.8993610713984188,-0.3685920358351512,38.59127330363501
1780006304.2744775,0.0,0.0,-0.07048232115142485,0,0.8993610713984188,-0.3685920358351512,38.59127330363501
1780006304.2744775,0.0,0.0,0.0,0,0.8993610713984188,-0.3685920358351512,38.59127330363501
1780006304.2746966,0.0,0.0,0.0,0,0.8993610713984188,-0.3685920358351512,38.59127330363501
1780006304.2746966,0.0,0.0,0.0,0,0.8993610713984188,-0.3685920358351512,38.59127330363501
1780006304.3743563,0.0,0.0,-0.01281456032088312,0,0.8993610713984188,-0.3685920358351512,38.59127330363501
1780006304.3743563,0.0,0.0,0.0,0,0.8993610713984188,-0.3685920358351512,38.59127330363501
1780006304.3751917,0.0,0.0,-1.9697260407945694,0,0.8993610713984188,-0.3685920358351512,38.59127330363501
1780006304.3751924,0.0,0.0,0.0,0,0.8993610713984188,-0.3685920358351512,38.59127330363501
1780006304.4246073,0.0,0.0,0.0,0,0.8993610713984188,-0.3685920358351512,38.59127330363501
1780006304.4246078,0.0,0.0,0.0,0,0.8993610713984188,-0.3685920358351512,38.59127330363501
1780006304.4275422,0.0,0.0,0.0,0,0.8993610713984188,-0.3685920358351512,38.59127330363501
1780006304.4275422,0.0,0.0,0.0,0,0.8993610713984188,-0.3685920358351512,38.59127330363501
1780006304.5241556,0.0,0.0,-0.009037104766778081,0,0.8993610713984188,-0.3685920358351512,38.59127330363501
1780006304.5241556,0.0,0.0,0.0,0,0.8993610713984188,-0.3685920358351512,38.59127330363501
1780006304.5273068,0.0,0.0,0.0,0,0.8993610713984188,-0.3685920358351512,38.59127330363501
1780006304.5273068,0.0,0.0,0.0,0,0.8993610713984188,-0.3685920358351512,38.59127330363501
1780006304.5742357,0.0,0.0,0.0,0,0.8993610713984188,-0.3685920358351512,38.59127330363501
1780006304.5742357,0.0,0.0,0.0,0,0.8993610713984188,-0.3685920358351512,38.59127330363501
1780006304.577324,0.0,0.0,0.02645804350658599,0,0.8993610713984188,-0.3685920358351512,38.59127330363501
1780006304.577324,0.0,0.0,0.0,0,0.8993610713984188,-0.3685920358351512,38.59127330363501
1780006304.6247811,0.0,0.0,0.0,0,0.8993610713984188,-0.3685920358351512,38.59127330363501
1780006304.6247811,0.0,0.0,0.0,0,0.8993610713984188,-0.3685920358351512,38.59127330363501
1780006304.6276703,0.0,0.0,0.0,0,0.8993610713984188,-0.3685920358351512,38.59127330363501
1780006304.627689,0.0,0.0,0.0,0,0.8993610713984188,-0.3685920358351512,38.59127330363501
1780006304.627689,0.0,0.0,0.0,0,0.8993610713984188,-0.3685920358351512,38.59127330363501
1780006304.6782632,0.0,0.0,0.0,0,0.8993610713984188,-0.3685920358351512,38.59127330363501
1780006304.6782632,0.0,0.0,0.0,0,0.8993610713984188,-0.3685920358351512,38.59127330363501
1780006304.7250566,0.0,0.0,0.025156171086551864,0,0.8993610713984188,-0.3685920358351512,38.59127330363501
1780006304.7250566,0.0,0.0,0.0,0,0.8993610713984188,-0.3685920358351512,38.59127330363501
1780006304.72528,0.0,0.0,0.0,0,0.8993610713984188,-0.3685920358351512,38.59127330363501
1780006304.728965,0.0,0.0,0.0,0,0.8993610713984188,-0.3685920358351512,38.59127330363501
1780006304.728965,0.0,0.0,0.0,0,0.8993610713984188,-0.3685920358351512,38.59127330363501
1780006304.7289388,0.0,0.0,0.0,0,0.8993610713984188,-0.36859203583515115,38.59127330363501
1780006304.7769475,0.0,0.0,0.0,0,0.8993610713984188,-0.36859203583515115,38.59127330363501
1780006304.7769475,0.0,0.0,0.0,0,0.8993610713984188,-0.36859203583515115,38.59127330363501
1780006304.7787507,0.0,0.0,0.0,0,0.8993610713984188,-0.36859203583515115,38.59127330363501
1780006304.7787507,0.0,0.0,0.0,0,0.8993610713984188,-0.36859203583515115,38.59127330363501
1780006304.7816722,0.0,0.0,0.0,0,0.8993610713984188,-0.36859203583515115,38.59127330363501
1780006304.7824411,0.0,0.0,0.0,0,0.8993610713984188,-0.36859203583515115,38.59127330363501
1780006304.7816722,0.0,0.0,0.0,0,0.8993610713984188,-0.36859203583515115,38.59127330363501
1780006304.7824411,0.0,0.0,0.0,0,0.8993610713984188,-0.36859203583515115,38.59127330363501
1780006304.8283794,0.0,0.0,0.035847678581636025,0,0.8993610713984188,-0.3685920358351512,38.59127330363501
1780006304.828379,0.0,0.0,0.0,0,0.8993610713984188,-0.3685920358351512,38.59127330363501
1780006304.829666,0.0,0.0,0.0,0,0.8993610713984188,-0.3685920358351512,38.59127330363501
1780006304.829666,0.0,0.0,0.0,0,0.8993610713984188,-0.3685920358351512,38.59127330363501
1780006304.878732,0.0,0.0,0.0,0,0.8993610713984188,-0.3685920358351512,38.59127330363501
1780006304.878732,0.0,0.0,0.0,0,0.8993610713984188,-0.3685920358351512,38.59127330363501
1780006304.9291127,0.0,0.0,0.009584233117946147,0,0.8993610713984188,-0.3685920358351512,38.59127330363501
1780006304.929113,0.0,0.0,0.0,0,0.899361071398419,-0.3685920358351512,38.59127330363501
1780006304.9300363,0.0,0.0,0.0,0,0.899361071398419,-0.3685920358351512,38.59127330363501
1780006304.9300363,0.0,0.0,0.0,0,0.899361071398419,-0.3685920358351512,38.59127330363501
1780006304.9795053,0.0,0.0,0.0,0,0.899361071398419,-0.3685920358351512,38.59127330363501
1780006304.9795053,0.0,0.0,0.0,0,0.899361071398419,-0.3685920358351512,38.59127330363501
1780006305.0302112,0.0,0.0,0.0,0,0.899361071398419,-0.3685920358351512,38.59127330363501
1780006305.0302112,0.0,0.0,0.0,0,0.899361071398419,-0.3685920358351512,38.59127330363501
1780006305.079817,0.0,0.0,0.054895793891863214,0,0.8993610713984188,-0.3685920358351512,38.59127330363501
1780006305.079817,0.0,0.0,0.0,0,0.8993610713984188,-0.3685920358351512,38.59127330363501
1780006305.0809574,0.0,0.0,0.0,0,0.8993610713984188,-0.3685920358351512,38.59127330363501
1780006305.0809574,0.0,0.0,0.0,0,0.8993610713984188,-0.3685920358351512,38.59127330363501
1780006305.1793284,0.0,0.0,0.014854346418155638,0,0.8993610713984188,-0.3685920358351512,38.59127330363501
1780006305.1793284,0.0,0.0,0.0,0,0.8993610713984188,-0.36859203583515115,38.59127330363501
1780006305.179538,0.0,0.0,0.0,0,0.8993610713984188,-0.36859203583515115,38.59127330363501
1780006305.179538,0.0,0.0,0.0,0,0.8993610713984188,-0.36859203583515115,38.59127330363501
1780006305.179946,0.0,0.0,0.0,0,0.8993610713984188,-0.36859203583515115,38.59127330363501
1780006305.179946,0.0,0.0,0.0,0,0.8993610713984188,-0.36859203583515115,38.59127330363501
1780006305.23015,0.0,0.0,0.017372590218799642,0,0.8993610713984188,-0.3685920358351512,38.59127330363501
1780006305.2312021,0.0,0.0,0.0,0,0.8993610713984188,-0.3685920358351512,38.59127330363501
1780006305.23015,0.0,0.0,0.0,0,0.8993610713984188,-0.3685920358351512,38.59127330363501
1780006305.2312021,0.0,0.0,0.0,0,0.8993610713984188,-0.3685920358351512,38.59127330363501
1780006305.281389,0.0,0.0,0.0,0,0.8993610713984188,-0.3685920358351512,38.59127330363501
1780006305.2815893,0.0,0.0,0.0,0,0.8993610713984188,-0.3685920358351512,38.59127330363501
1780006305.281389,0.0,0.0,0.0,0,0.8993610713984188,-0.3685920358351512,38.59127330363501
1780006305.2815893,0.0,0.0,0.0,0,0.8993610713984188,-0.3685920358351512,38.59127330363501
1780006305.3317494,0.0,0.0,-0.026877592906455083,0,0.8993610713984188,-0.3685920358351512,38.59127330363501
1780006305.3317494,0.0,0.0,0.0,0,0.8993610713984188,-0.3685920358351512,38.59127330363501
1780006305.3812008,0.0,0.0,0.0,0,0.8993610713984188,-0.3685920358351512,38.59127330363501
1780006305.3812008,0.0,0.0,0.0,0,0.8993610713984188,-0.3685920358351512,38.59127330363501
1780006305.4321456,0.0,0.0,-0.005949580342718838,0,0.8993610713984188,-0.3685920358351512,38.59127330363501
1780006305.4321456,0.0,0.0,0.0,0,0.8993610713984188,-0.3685920358351512,38.59127330363501
1780006305.4808483,0.0,0.0,-0.052445157936624735,0,0.8993610713984188,-0.3685920358351512,38.59127330363501
1780006305.4808483,0.0,0.0,0.0,0,0.8993610713984188,-0.3685920358351512,38.59127330363501
1780006305.531901,0.0,0.0,-0.04402918029561404,0,0.8993610713984188,-0.3685920358351512,38.59127330363501
1780006305.5325952,0.0,0.0,0.0,0,0.8993610713984188,-0.3685920358351512,38.59127330363501
1780006305.531901,0.0,0.0,0.0,0,0.8993610713984188,-0.3685920358351512,38.59127330363501
1780006305.5325952,0.0,0.0,0.0,0,0.8993610713984188,-0.3685920358351512,38.59127330363501
1780006305.5811503,0.0,0.0,0.0,0,0.8993610713984188,-0.3685920358351512,38.59127330363501
1780006305.5811503,0.0,0.0,0.0,0,0.8993610713984188,-0.3685920358351512,38.59127330363501
1780006305.582182,0.0,0.0,0.0,0,0.8993610713984188,-0.3685920358351512,38.59127330363501
1780006305.582182,0.0,0.0,0.0,0,0.8993610713984188,-0.3685920358351512,38.59127330363501
1780006305.6328874,0.0,0.0,0.0,0,0.8993610713984188,-0.3685920358351512,38.59127330363501
1780006305.6328874,0.0,0.0,0.0,0,0.8993610713984188,-0.3685920358351512,38.59127330363501
1780006305.681468,0.0,0.0,0.0,0,0.8993610713984188,-0.3685920358351512,38.59127330363501
1780006305.681468,0.0,0.0,0.0,0,0.8993610713984188,-0.3685920358351512,38.59127330363501
1780006305.7317562,0.0,0.0,0.0,0,0.8993610713984188,-0.3685920358351512,38.59127330363501
1780006305.7317562,0.0,0.0,0.0,0,0.8993610713984188,-0.3685920358351512,38.59127330363501
1780006305.7323265,0.0,0.0,0.0,0,0.8993610713984188,-0.3685920358351512,38.59127330363501
1780006305.7323265,0.0,0.0,0.0,0,0.8993610713984188,-0.3685920358351512,38.59127330363501
1780006305.7338238,0.0,0.0,0.0,0,0.8993610713984188,-0.3685920358351512,38.59127330363501
1780006305.7338238,0.0,0.0,0.0,0,0.8993610713984188,-0.3685920358351512,38.59127330363501
1780006305.782177,0.0,0.0,0.0,0,0.8993610713984188,-0.3685920358351512,38.59127330363501
1780006305.782177,0.0,0.0,0.0,0,0.8993610713984188,-0.3685920358351512,38.59127330363501
1780006305.7831056,0.0,0.0,0.0,0,0.8993610713984188,-0.3685920358351512,38.59127330363501
1780006305.7831059,0.0,0.0,0.0,0,0.8993610713984188,-0.3685920358351512,38.59127330363501
1780006305.8344424,0.0,0.0,0.0,0,0.8993610713984188,-0.3685920358351512,38.59127330363501
1780006305.8344424,0.0,0.0,0.0,0,0.8993610713984188,-0.3685920358351512,38.59127330363501
1780006305.8351178,0.0,0.0,0.0,0,0.8993610713984188,-0.3685920358351512,38.59127330363501
1780006305.8351178,0.0,0.0,0.0,0,0.8993610713984188,-0.3685920358351512,38.59127330363501
1780006305.8820715,0.0,0.0,0.0,0,0.8993610713984188,-0.3685920358351512,38.59127330363501
1780006305.8820715,0.0,0.0,0.0,0,0.8993610713984188,-0.3685920358351512,38.59127330363501
1780006305.8842142,0.0,0.0,0.0,0,0.8993610713984188,-0.3685920358351512,38.59127330363501
1780006305.8842142,0.0,0.0,0.0,0,0.8993610713984188,-0.3685920358351512,38.59127330363501
1780006305.9324899,0.0,0.0,0.0,0,0.8993610713984188,-0.3685920358351512,38.59127330363501
1780006305.9324899,0.0,0.0,0.0,0,0.8993610713984188,-0.3685920358351512,38.59127330363501
1780006305.9351106,0.0,0.0,0.0,0,0.8993610713984188,-0.3685920358351512,38.59127330363501
1780006305.9351106,0.0,0.0,0.0,0,0.8993610713984188,-0.3685920358351512,38.59127330363501
1780006306.0321002,0.0,0.0,0.0,0,0.8993610713984188,-0.3685920358351512,38.59127330363501
1780006306.0320477,0.0,0.0,0.0,0,0.8993610713984188,-0.3685920358351512,38.59127330363501
1780006306.0349483,0.0,0.0,0.0,0,0.8993610713984188,-0.3685920358351512,38.59127330363501
1780006306.0349483,0.0,0.0,0.0,0,0.8993610713984188,-0.3685920358351512,38.59127330363501
1780006306.0819552,0.0,0.0,0.0,0,0.8993610713984188,-0.3685920358351512,38.59127330363501
1780006306.0819552,0.0,0.0,0.0,0,0.8993610713984188,-0.3685920358351512,38.59127330363501
1780006306.134197,0.0,0.0,0.0,0,0.8993610713984188,-0.3685920358351512,38.59127330363501
1780006306.134197,0.0,0.0,0.0,0,0.8993610713984188,-0.3685920358351512,38.59127330363501
1780006306.1817842,0.0,0.0,0.0,0,0.8993610713984188,-0.3685920358351512,38.59127330363501
1780006306.1817842,0.0,0.0,0.0,0,0.8993610713984188,-0.3685920358351512,38.59127330363501
1780006306.1849828,0.0,0.0,0.0,0,0.8993610713984188,-0.3685920358351512,38.59127330363501
1780006306.1849828,0.0,0.0,0.0,0,0.8993610713984188,-0.3685920358351512,38.59127330363501
1780006306.2322712,0.0,0.0,0.0,0,0.8993610713984188,-0.3685920358351512,38.59127330363501
1780006306.2322712,0.0,0.0,0.0,0,0.8993610713984188,-0.3685920358351512,38.59127330363501
1780006306.2360618,0.0,0.0,0.0,0,0.8993610713984188,-0.3685920358351512,38.59127330363501
1780006306.2360618,0.0,0.0,0.0,0,0.8993610713984188,-0.3685920358351512,38.59127330363501
1780006306.2837887,0.0,0.0,0.0,0,0.8993610713984188,-0.3685920358351512,38.59127330363501
1780006306.2837887,0.0,0.0,0.0,0,0.8993610713984188,-0.3685920358351512,38.59127330363501
1780006306.2853124,0.0,0.0,0.0,0,0.8993610713984188,-0.3685920358351512,38.59127330363501
1780006306.2853124,0.0,0.0,0.0,0,0.8993610713984188,-0.3685920358351512,38.59127330363501
1780006306.3338006,0.0,0.0,0.0,0,0.8993610713984188,-0.3685920358351512,38.59127330363501
1780006306.3338006,0.0,0.0,0.0,0,0.8993610713984188,-0.3685920358351512,38.59127330363501
1780006306.3358185,0.0,0.0,0.0,0,0.8993610713984188,-0.3685920358351512,38.59127330363501
1780006306.3358185,0.0,0.0,0.0,0,0.8993610713984188,-0.3685920358351512,38.59127330363501
1780006306.3842442,0.0,0.0,0.0,0,0.8993610713984188,-0.3685920358351512,38.59127330363501
1780006306.3842442,0.0,0.0,0.0,0,0.8993610713984188,-0.3685920358351512,38.59127330363501
1780006306.434828,0.0,0.0,0.011912476306420203,0,0.8993610713984188,-0.3685920358351512,38.59127330363501
1780006306.434828,0.0,0.0,0.0,0,0.8993610713984188,-0.3685920358351512,38.59127330363501
1780006306.4360993,0.0,0.0,0.0,0,0.8993610713984188,-0.3685920358351512,38.59127330363501
1780006306.4360993,0.0,0.0,0.0,0,0.8993610713984188,-0.3685920358351512,38.59127330363501
1780006306.484772,0.0,0.0,0.0,0,0.8993610713984188,-0.3685920358351512,38.59127330363501
1780006306.484772,0.0,0.0,0.0,0,0.8993610713984188,-0.3685920358351512,38.59127330363501
1780006306.5354807,0.0,0.0,-7.053633232194002e-06,0,0.899361071398419,-0.3685920358351512,38.59127330363501
1780006306.5354812,0.0,0.0,0.0,0,0.899361071398419,-0.3685920358351512,38.59127330363501
1780006306.5358524,0.0,0.0,0.0,0,0.899361071398419,-0.3685920358351512,38.59127330363501
1780006306.5358524,0.0,0.0,0.0,0,0.899361071398419,-0.3685920358351512,38.59127330363501
1780006306.5856411,0.0,0.0,-0.025726937394816473,0,0.8993610713984188,-0.3685920358351512,38.59127330363501
1780006306.5856411,0.0,0.0,0.0,0,0.8993610713984188,-0.3685920358351512,38.59127330363501
1780006306.5864213,0.0,0.0,0.0,0,0.8993610713984188,-0.3685920358351512,38.59127330363501
1780006306.5864213,0.0,0.0,0.0,0,0.8993610713984188,-0.3685920358351512,38.59127330363501
1780006306.5864065,0.0,0.0,0.0,0,0.8993610713984188,-0.3685920358351512,38.59127330363501
1780006306.6361034,0.0,0.0,-0.017427414406890707,0,0.8993610713984188,-0.3685920358351512,38.59127330363501
1780006306.6361024,0.0,0.0,0.0,0,0.8993610713984188,-0.3685920358351512,38.59127330363501
1780006306.6363125,0.0,0.0,0.0,0,0.8993610713984188,-0.3685920358351512,38.59127330363501
1780006306.6363125,0.0,0.0,0.0,0,0.8993610713984188,-0.3685920358351512,38.59127330363501
1780006306.7355225,0.0,0.0,-0.04025789114832827,0,0.8993610713984188,-0.3685920358351512,38.59127330363501
1780006306.7355227,0.0,0.0,0.0,0,0.8993610713984188,-0.3685920358351512,38.59127330363501
1780006306.7355227,0.0,0.0,0.0,0,0.8993610713984188,-0.3685920358351512,38.59127330363501
1780006306.736506,0.0,0.0,0.0,0,0.8993610713984188,-0.3685920358351512,38.59127330363501
1780006306.736506,0.0,0.0,0.0,0,0.8993610713984188,-0.3685920358351512,38.59127330363501
1780006306.8364024,0.0,0.0,-0.04191618689406095,0,0.8993610713984188,-0.3685920358351512,38.59127330363501
1780006306.8364024,0.0,0.0,0.0,0,0.8993610713984188,-0.3685920358351512,38.59127330363501
1780006306.8366857,0.0,0.0,0.0,0,0.8993610713984188,-0.3685920358351512,38.59127330363501
1780006306.8366857,0.0,0.0,0.0,0,0.8993610713984188,-0.3685920358351512,38.59127330363501
1780006306.887297,0.0,0.0,0.0,0,0.8993610713984188,-0.3685920358351512,38.59127330363501
1780006306.887297,0.0,0.0,0.0,0,0.8993610713984188,-0.3685920358351512,38.59127330363501
1780006306.9362583,0.0,0.0,0.0,0,0.8993610713984188,-0.3685920358351512,38.59127330363501
1780006306.9362583,0.0,0.0,0.0,0,0.8993610713984188,-0.3685920358351512,38.59127330363501
1780006306.9383113,0.0,0.0,0.0,0,0.8993610713984188,-0.3685920358351512,38.59127330363501
1780006306.9383113,0.0,0.0,0.0,0,0.8993610713984188,-0.3685920358351512,38.59127330363501
1780006306.9873009,0.0,0.0,-0.06529599022923267,0,0.8993610713984188,-0.36859203583515115,38.59127330363501
1780006306.9873009,0.0,0.0,0.0,0,0.8993610713984188,-0.36859203583515115,38.59127330363501
1780006306.9884489,0.0,0.0,0.0,0,0.8993610713984188,-0.36859203583515115,38.59127330363501
1780006306.9886556,0.0,0.0,0.0,0,0.8993610713984188,-0.36859203583515115,38.59127330363501
1780006306.9884489,0.0,0.0,0.0,0,0.8993610713984188,-0.36859203583515115,38.59127330363501
1780006307.0371976,0.0,0.0,0.0024600974372636537,0,0.8993610713984188,-0.3685920358351512,38.59127330363501
1780006307.0371976,0.0,0.0,0.0,0,0.8993610713984188,-0.3685920358351512,38.59127330363501
1780006307.0371542,0.0,0.0,0.0,0,0.8993610713984188,-0.3685920358351512,38.59127330363501
1780006307.0393615,0.0,0.0,0.0,0,0.8993610713984188,-0.3685920358351512,38.59127330363501
1780006307.0393615,0.0,0.0,0.0,0,0.8993610713984188,-0.3685920358351512,38.59127330363501
1780006307.0399334,0.0,0.0,0.0,0,0.8993610713984188,-0.3685920358351512,38.59127330363501
1780006307.0399334,0.0,0.0,0.0,0,0.8993610713984188,-0.3685920358351512,38.59127330363501
1780006307.1361315,0.0,0.0,0.013904863679167665,0,0.8993610713984188,-0.3685920358351512,38.59127330363501
1780006307.1361318,0.0,0.0,0.0,0,0.8993610713984188,-0.3685920358351512,38.59127330363501
1780006307.1383653,0.0,0.0,0.0,0,0.8993610713984188,-0.3685920358351512,38.59127330363501
1780006307.1383653,0.0,0.0,0.0,0,0.8993610713984188,-0.3685920358351512,38.59127330363501
1780006307.23633,0.0,0.0,0.037765446344344394,0,0.8993610713984188,-0.3685920358351512,38.59127330363501
1780006307.23633,0.0,0.0,0.0,0,0.8993610713984188,-0.3685920358351512,38.59127330363501
1780006307.2396235,0.0,0.0,0.0,0,0.8993610713984188,-0.3685920358351512,38.59127330363501
1780006307.2396235,0.0,0.0,0.0,0,0.8993610713984188,-0.3685920358351512,38.59127330363501
1780006307.2883945,0.0,0.0,0.0,0,0.8993610713984188,-0.3685920358351512,38.59127330363501
1780006307.2883945,0.0,0.0,0.0,0,0.8993610713984188,-0.3685920358351512,38.59127330363501
1780006307.290488,0.0,0.0,0.0,0,0.8993610713984188,-0.3685920358351512,38.59127330363501
1780006307.290488,0.0,0.0,0.0,0,0.8993610713984188,-0.3685920358351512,38.59127330363501
1780006307.3405318,0.0,0.0,0.07422069818657241,0,0.8993610713984188,-0.3685920358351512,38.59127330363501
1780006307.3405445,0.0,0.0,0.0,0,0.8993610713984188,-0.3685920358351512,38.59127330363501
1780006307.3405445,0.0,0.0,0.0,0,0.8993610713984188,-0.3685920358351512,38.59127330363501
1780006307.388705,0.0,0.0,0.0,0,0.8993610713984188,-0.3685920358351512,38.59127330363501
1780006307.388705,0.0,0.0,0.0,0,0.8993610713984188,-0.3685920358351512,38.59127330363501
1780006307.3906457,0.0,0.0,0.0,0,0.8993610713984188,-0.3685920358351512,38.59127330363501
1780006307.3906457,0.0,0.0,0.0,0,0.8993610713984188,-0.3685920358351512,38.59127330363501
1780006307.4410563,0.0,0.0,0.0054484782353165975,0,0.8993610713984188,-0.3685920358351512,38.59127330363501
1780006307.4410563,0.0,0.0,0.0,0,0.8993610713984188,-0.3685920358351512,38.59127330363501
1780006307.4881144,0.0,0.0,0.006745666487192046,0,0.8993610713984188,-0.3685920358351512,38.59127330363501
1780006307.4884021,0.0,0.0,0.0,0,0.8993610713984188,-0.3685920358351512,38.59127330363501
1780006307.4884021,0.0,0.0,0.0,0,0.8993610713984188,-0.3685920358351512,38.59127330363501
1780006307.5409422,0.0,0.0,-0.00811670398711002,0,0.8993610713984188,-0.3685920358351512,38.59127330363501
1780006307.5409422,0.0,0.0,0.0,0,0.8993610713984188,-0.3685920358351512,38.59127330363501
1780006307.5886638,0.0,0.0,0.0,0,0.8993610713984188,-0.3685920358351512,38.59127330363501
1780006307.5886638,0.0,0.0,0.0,0,0.8993610713984188,-0.3685920358351512,38.59127330363501
1780006307.588664,0.0,0.0,0.0,0,0.8993610713984188,-0.3685920358351512,38.59127330363501
1780006307.6385045,0.0,0.0,-0.04469634309056351,0,0.8993610713984188,-0.3685920358351512,38.59127330363501
1780006307.6385045,0.0,0.0,0.0,0,0.8993610713984188,-0.3685920358351512,38.59127330363501
1780006307.6405854,0.0,0.0,0.0,0,0.8993610713984188,-0.3685920358351512,38.59127330363501
1780006307.6405854,0.0,0.0,0.0,0,0.8993610713984188,-0.3685920358351512,38.59127330363501
1780006307.6913586,0.0,0.0,0.0,0,0.8993610713984188,-0.3685920358351512,38.59127330363501
1780006307.6913583,0.0,0.0,0.0,0,0.8993610713984188,-0.3685920358351512,38.59127330363501
1780006307.7384593,0.0,0.0,-0.007193795750701507,0,0.8993610713984188,-0.3685920358351511,38.59127330363501
1780006307.7384593,0.0,0.0,0.0,0,0.8993610713984188,-0.3685920358351511,38.59127330363501
1780006307.7414808,0.0,0.0,-0.7666520030807051,0,0.8993610713984188,-0.3685920358351512,38.59127330363501
1780006307.7414808,0.0,0.0,0.0,0,0.8993610713984188,-0.3685920358351512,38.59127330363501
1780006307.7901757,0.0,0.0,0.0,0,0.8993610713984188,-0.3685920358351512,38.59127330363501
1780006307.7901757,0.0,0.0,0.0,0,0.8993610713984188,-0.3685920358351512,38.59127330363501
1780006307.7918077,0.0,0.0,0.0,0,0.8993610713984188,-0.3685920358351512,38.59127330363501
1780006307.7919385,0.0,0.0,0.0,0,0.8993610713984188,-0.3685920358351512,38.59127330363501
1780006307.7919385,0.0,0.0,0.0,0,0.8993610713984188,-0.3685920358351512,38.59127330363501
1780006307.7918077,0.0,0.0,0.0,0,0.8993610713984188,-0.3685920358351512,38.59127330363501
1780006307.840828,0.0,0.0,-0.03641788093801955,0,0.899361071398419,-0.3685920358351512,38.59127330363501
1780006307.840828,0.0,0.0,0.0,0,0.899361071398419,-0.3685920358351512,38.59127330363501
1780006307.8408053,0.0,0.0,0.0,0,0.899361071398419,-0.3685920358351512,38.59127330363501
1780006307.842921,0.0,0.0,0.0,0,0.899361071398419,-0.3685920358351512,38.59127330363501
1780006307.8429213,0.0,0.0,0.0,0,0.899361071398419,-0.3685920358351512,38.59127330363501
1780006307.8916497,0.0,0.0,-0.02940211684188907,0,0.8993610713984188,-0.3685920358351512,38.59127330363501
1780006307.8916497,0.0,0.0,0.0,0,0.8993610713984188,-0.3685920358351512,38.59127330363501
1780006307.9427125,0.0,0.0,-0.008775843078803493,0,0.8993610713984188,-0.3685920358351512,38.59127330363501
1780006307.9427125,0.0,0.0,0.0,0,0.8993610713984188,-0.3685920358351512,38.59127330363501
1780006307.991001,0.0,0.0,0.0,0,0.8993610713984188,-0.3685920358351512,38.59127330363501
1780006307.991001,0.0,0.0,0.0,0,0.8993610713984188,-0.3685920358351512,38.59127330363501
1780006307.9929802,0.0,0.0,0.0,0,0.8993610713984188,-0.3685920358351512,38.59127330363501
1780006307.9929802,0.0,0.0,0.0,0,0.8993610713984188,-0.3685920358351512,38.59127330363501
1780006308.0411558,0.0,0.0,0.03060390677314672,0,0.8993610713984188,-0.3685920358351512,38.59127330363501
1780006308.041156,0.0,0.0,0.0,0,0.8993610713984188,-0.3685920358351512,38.59127330363501
1780006308.0432549,0.0,0.0,0.0,0,0.8993610713984188,-0.3685920358351512,38.59127330363501
1780006308.0432549,0.0,0.0,0.0,0,0.8993610713984188,-0.3685920358351512,38.59127330363501
1780006308.1404822,0.0,0.0,0.02499615228020057,0,0.8993610713984188,-0.3685920358351512,38.59127330363501
1780006308.1404822,0.0,0.0,0.0,0,0.8993610713984188,-0.3685920358351512,38.59127330363501
1780006308.1409438,0.0,0.0,0.0,0,0.8993610713984188,-0.3685920358351512,38.59127330363501
1780006308.1409438,0.0,0.0,0.0,0,0.8993610713984188,-0.3685920358351512,38.59127330363501
1780006308.142593,0.0,0.0,0.0,0,0.8993610713984188,-0.3685920358351512,38.59127330363501
1780006308.142593,0.0,0.0,0.0,0,0.8993610713984188,-0.3685920358351512,38.59127330363501
1780006308.1933162,0.0,0.0,0.0,0,0.8993610713984188,-0.3685920358351512,38.59127330363501
1780006308.1933162,0.0,0.0,0.0,0,0.8993610713984188,-0.3685920358351512,38.59127330363501
1780006308.241432,0.0,0.0,0.04822382517388802,0,0.899361071398419,-0.3685920358351512,38.59127330363501
1780006308.241432,0.0,0.0,0.0,0,0.899361071398419,-0.3685920358351512,38.59127330363501
1780006308.2444494,0.0,0.0,0.0,0,0.899361071398419,-0.3685920358351512,38.59127330363501
1780006308.2444494,0.0,0.0,0.0,0,0.899361071398419,-0.3685920358351512,38.59127330363501
1780006308.2925835,0.0,0.0,0.030782159865092924,0,0.8993610713984188,-0.3685920358351512,38.59127330363501
1780006308.2925835,0.0,0.0,0.0,0,0.8993610713984188,-0.3685920358351512,38.59127330363501
1780006308.3445241,0.0,0.0,0.0,0,0.8993610713984188,-0.3685920358351512,38.59127330363501
1780006308.3445241,0.0,0.0,0.0,0,0.8993610713984188,-0.3685920358351512,38.59127330363501
1780006308.3922596,0.0,0.0,0.0,0,0.8993610713984188,-0.3685920358351512,38.59127330363501
1780006308.3922594,0.0,0.0,0.0,0,0.8993610713984188,-0.3685920358351512,38.59127330363501
1780006308.3946307,0.0,0.0,0.0,0,0.8993610713984188,-0.3685920358351512,38.59127330363501
1780006308.3946307,0.0,0.0,0.0,0,0.8993610713984188,-0.3685920358351512,38.59127330363501
1780006308.4427693,0.0,0.0,0.046014150729690395,0,0.8993610713984188,-0.3685920358351512,38.59127330363501
1780006308.4427693,0.0,0.0,0.0,0,0.8993610713984188,-0.3685920358351512,38.59127330363501
1780006308.4449806,0.0,0.0,0.0,0,0.8993610713984188,-0.3685920358351512,38.59127330363501
1780006308.4449806,0.0,0.0,0.0,0,0.8993610713984188,-0.3685920358351512,38.59127330363501
1780006308.445767,0.0,0.0,0.0,0,0.8993610713984188,-0.3685920358351512,38.59127330363501
1780006308.445767,0.0,0.0,0.0,0,0.8993610713984188,-0.3685920358351512,38.59127330363501
1780006308.493502,0.0,0.0,0.0,0,0.8993610713984188,-0.3685920358351512,38.59127330363501
1780006308.493502,0.0,0.0,0.0,0,0.8993610713984188,-0.3685920358351512,38.59127330363501
1780006308.543488,0.0,0.0,0.00803621920588999,0,0.8993610713984188,-0.3685920358351512,38.59127330363501
1780006308.543488,0.0,0.0,0.0,0,0.8993610713984188,-0.3685920358351512,38.59127330363501
1780006308.5445082,0.0,0.0,0.0,0,0.8993610713984188,-0.3685920358351512,38.59127330363501
1780006308.5445082,0.0,0.0,0.0,0,0.8993610713984188,-0.3685920358351512,38.59127330363501
1780006308.5937457,0.0,0.0,0.020305177833174103,0,0.8993610713984188,-0.3685920358351512,38.59127330363501
1780006308.5937457,0.0,0.0,0.0,0,0.8993610713984188,-0.3685920358351512,38.59127330363501
1780006308.5947075,0.0,0.0,0.0,0,0.8993610713984188,-0.3685920358351512,38.59127330363501
1780006308.5947075,0.0,0.0,0.0,0,0.8993610713984188,-0.3685920358351512,38.59127330363501
1780006308.6444457,0.0,0.0,-0.02327779990976888,0,0.899361071398419,-0.3685920358351512,38.59127330363501
1780006308.6444457,0.0,0.0,0.0,0,0.899361071398419,-0.3685920358351512,38.59127330363501
1780006308.6944718,0.0,0.0,0.0,0,0.899361071398419,-0.3685920358351512,38.59127330363501
1780006308.6944718,0.0,0.0,0.0,0,0.899361071398419,-0.3685920358351512,38.59127330363501
1780006308.6947148,0.0,0.0,0.0,0,0.899361071398419,-0.3685920358351512,38.59127330363501
1780006308.6947148,0.0,0.0,0.0,0,0.899361071398419,-0.3685920358351512,38.59127330363501
1780006308.7452946,0.0,0.0,-0.03664137205650716,0,0.8993610713984188,-0.3685920358351512,38.59127330363501
1780006308.7452946,0.0,0.0,0.0,0,0.8993610713984188,-0.3685920358351512,38.59127330363501
1780006308.7945814,0.0,0.0,0.0,0,0.8993610713984188,-0.3685920358351512,38.59127330363501
1780006308.7945814,0.0,0.0,0.0,0,0.8993610713984188,-0.3685920358351512,38.59127330363501
1780006308.7954507,0.0,0.0,0.0,0,0.8993610713984188,-0.3685920358351512,38.59127330363501
1780006308.7954507,0.0,0.0,0.0,0,0.8993610713984188,-0.3685920358351512,38.59127330363501
1780006308.8450403,0.0,0.0,-0.061105330479053845,0,0.8993610713984188,-0.3685920358351512,38.59127330363501
1780006308.8450403,0.0,0.0,0.0,0,0.8993610713984188,-0.3685920358351512,38.59127330363501
1780006308.8460174,0.0,0.0,0.0,0,0.8993610713984188,-0.3685920358351512,38.59127330363501
1780006308.8460174,0.0,0.0,0.0,0,0.8993610713984188,-0.3685920358351512,38.59127330363501
1780006308.8954093,0.0,0.0,0.0,0,0.8993610713984188,-0.3685920358351512,38.59127330363501
1780006308.8954093,0.0,0.0,0.0,0,0.8993610713984188,-0.3685920358351512,38.59127330363501
1780006308.897589,0.0,0.0,0.0,0,0.8993610713984188,-0.3685920358351512,38.59127330363501
1780006308.897589,0.0,0.0,0.0,0,0.8993610713984188,-0.3685920358351512,38.59127330363501
1780006308.94632,0.0,0.0,-0.018681691216977502,0,0.8993610713984188,-0.3685920358351511,38.59127330363501
1780006308.94632,0.0,0.0,0.0,0,0.8993610713984188,-0.3685920358351511,38.59127330363501
1780006308.9956243,0.0,0.0,-0.04483678232963708,0,0.8993610713984188,-0.3685920358351512,38.59127330363501
1780006308.9956243,0.0,0.0,0.0,0,0.8993610713984188,-0.3685920358351512,38.59127330363501
1780006308.9967134,0.0,0.0,0.0,0,0.8993610713984188,-0.3685920358351512,38.59127330363501
1780006308.9971247,0.0,0.0,0.0,0,0.8993610713984188,-0.3685920358351512,38.59127330363501
1780006308.9971247,0.0,0.0,0.0,0,0.899361071398419,-0.3685920358351512,38.59127330363501
1780006308.9979687,0.0,0.0,0.0,0,0.899361071398419,-0.3685920358351512,38.59127330363501
1780006308.9979687,0.0,0.0,0.0,0,0.899361071398419,-0.3685920358351512,38.59127330363501
1780006309.0460234,0.0,0.0,0.0,0,0.899361071398419,-0.3685920358351512,38.59127330363501
1780006309.0470817,0.0,0.0,0.0,0,0.899361071398419,-0.3685920358351512,38.59127330363501
1780006309.0460234,0.0,0.0,0.0,0,0.899361071398419,-0.3685920358351512,38.59127330363501
1780006309.0508614,0.0,0.0,0.0,0,0.899361071398419,-0.3685920358351512,38.59127330363501
1780006309.0508614,0.0,0.0,0.0,0,0.899361071398419,-0.3685920358351512,38.59127330363501
1780006309.145809,0.0,0.0,-0.007704251185513049,0,0.899361071398419,-0.3685920358351512,38.59127330363501
1780006309.1459968,0.0,0.0,0.0,0,0.899361071398419,-0.3685920358351512,38.59127330363501
1780006309.1459968,0.0,0.0,0.0,0,0.899361071398419,-0.3685920358351512,38.59127330363501
1780006309.196471,0.0,0.0,0.0,0,0.899361071398419,-0.3685920358351512,38.59127330363501
1780006309.1966608,0.0,0.0,0.0,0,0.899361071398419,-0.3685920358351512,38.59127330363501
1780006309.196471,0.0,0.0,0.0,0,0.899361071398419,-0.3685920358351512,38.59127330363501
1780006309.1966608,0.0,0.0,0.0,0,0.899361071398419,-0.3685920358351512,38.59127330363501
1780006309.246442,0.0,0.0,0.020322010559285772,0,0.8993610713984188,-0.3685920358351512,38.59127330363501
1780006309.246442,0.0,0.0,0.0,0,0.8993610713984188,-0.3685920358351512,38.59127330363501
1780006309.2475035,0.0,0.0,0.0,0,0.8993610713984188,-0.3685920358351512,38.59127330363501
1780006309.2475035,0.0,0.0,0.0,0,0.8993610713984188,-0.3685920358351512,38.59127330363501
1780006309.2966142,0.0,0.0,0.021257974528333085,0,0.8993610713984188,-0.3685920358351512,38.59127330363501
1780006309.2966142,0.0,0.0,0.0,0,0.8993610713984188,-0.3685920358351512,38.59127330363501
1780006309.2985451,0.0,0.0,0.0,0,0.8993610713984188,-0.3685920358351512,38.59127330363501
1780006309.2985454,0.0,0.0,0.0,0,0.8993610713984188,-0.3685920358351512,38.59127330363501
1780006309.3474996,0.0,0.0,0.0,0,0.8993610713984188,-0.3685920358351512,38.59127330363501
1780006309.3474996,0.0,0.0,0.0,0,0.8993610713984188,-0.3685920358351512,38.59127330363501
1780006309.3975291,0.0,0.0,0.07017709217690679,0,0.8993610713984188,-0.3685920358351512,38.59127330363501
1780006309.3975291,0.0,0.0,0.0,0,0.8993610713984188,-0.3685920358351512,38.59127330363501
1780006309.3985224,0.0,0.0,0.0,0,0.8993610713984188,-0.3685920358351512,38.59127330363501
1780006309.3985224,0.0,0.0,0.0,0,0.8993610713984188,-0.3685920358351512,38.59127330363501
1780006309.3986688,0.0,0.0,0.0,0,0.8993610713984188,-0.3685920358351512,38.59127330363501
1780006309.3986688,0.0,0.0,0.0,0,0.8993610713984188,-0.3685920358351512,38.59127330363501
1780006309.49762,0.0,0.0,0.0,0,0.8993610713984188,-0.3685920358351512,38.59127330363501
1780006309.49762,0.0,0.0,0.0,0,0.8993610713984188,-0.3685920358351512,38.59127330363501
1780006309.49762,0.0,0.0,0.0,0,0.8993610713984188,-0.3685920358351512,38.59127330363501
1780006309.498581,0.0,0.0,0.0,0,0.8993610713984188,-0.3685920358351512,38.59127330363501
1780006309.498581,0.0,0.0,0.0,0,0.8993610713984188,-0.3685920358351512,38.59127330363501
1780006309.5976431,0.0,0.0,0.049066556340370625,0,0.8993610713984188,-0.3685920358351512,38.59127330363501
1780006309.5976431,0.0,0.0,0.0,0,0.8993610713984188,-0.3685920358351512,38.59127330363501
1780006309.5986602,0.0,0.0,0.0,0,0.8993610713984188,-0.3685920358351512,38.59127330363501
1780006309.5986602,0.0,0.0,0.0,0,0.8993610713984188,-0.3685920358351512,38.59127330363501
1780006309.6484268,0.0,0.0,0.030317465037236466,0,0.8993610713984188,-0.3685920358351512,38.59127330363501
1780006309.6484268,0.0,0.0,0.0,0,0.8993610713984188,-0.3685920358351512,38.59127330363501
1780006309.648893,0.0,0.0,0.0,0,0.8993610713984188,-0.3685920358351512,38.59127330363501
1780006309.648893,0.0,0.0,0.0,0,0.8993610713984188,-0.3685920358351512,38.59127330363501
1780006309.6989737,0.0,0.0,0.009401335789200133,0,0.8993610713984188,-0.3685920358351512,38.59127330363501
1780006309.6989737,0.0,0.0,0.0,0,0.8993610713984188,-0.3685920358351512,38.59127330363501
1780006309.6995761,0.0,0.0,0.0,0,0.8993610713984188,-0.3685920358351512,38.59127330363501
1780006309.6995761,0.0,0.0,0.0,0,0.8993610713984188,-0.3685920358351512,38.59127330363501
1780006309.7983868,0.0,0.0,-0.004943758116776076,0,0.8993610713984188,-0.3685920358351512,38.59127330363501
1780006309.7983868,0.0,0.0,0.0,0,0.8993610713984188,-0.3685920358351512,38.59127330363501
1780006309.7994974,0.0,0.0,0.0,0,0.8993610713984188,-0.3685920358351512,38.59127330363501
1780006309.7994974,0.0,0.0,0.0,0,0.8993610713984188,-0.3685920358351512,38.59127330363501
1780006309.8485122,0.0,0.0,0.0,0,0.8993610713984188,-0.3685920358351512,38.59127330363501
1780006309.8485122,0.0,0.0,0.0,0,0.8993610713984188,-0.3685920358351512,38.59127330363501
1780006309.849463,0.0,0.0,0.0,0,0.8993610713984188,-0.3685920358351512,38.59127330363501
1780006309.849463,0.0,0.0,0.0,0,0.8993610713984188,-0.3685920358351512,38.59127330363501
1780006309.8987036,0.0,0.0,-0.06157902800011546,0,0.8993610713984188,-0.3685920358351512,38.59127330363501
1780006309.8987036,0.0,0.0,0.0,0,0.8993610713984188,-0.3685920358351512,38.59127330363501
1780006309.8996553,0.0,0.0,0.0,0,0.8993610713984188,-0.3685920358351512,38.59127330363501
1780006309.8996716,0.0,0.0,0.0,0,0.8993610713984188,-0.3685920358351512,38.59127330363501
1780006309.8996716,0.0,0.0,0.0,0,0.8993610713984188,-0.3685920358351512,38.59127330363501
1780006309.9487948,0.0,0.0,0.0,0,0.8993610713984188,-0.3685920358351512,38.59127330363501
1780006309.9487948,0.0,0.0,0.0,0,0.8993610713984188,-0.3685920358351512,38.59127330363501
1780006309.9497862,0.0,0.0,0.0,0,0.8993610713984188,-0.3685920358351512,38.59127330363501
1780006309.9497862,0.0,0.0,0.0,0,0.8993610713984188,-0.3685920358351512,38.59127330363501
1780006310.0007968,0.0,0.0,-0.016483611978534908,0,0.8993610713984188,-0.3685920358351512,38.59127330363501
1780006310.0007968,0.0,0.0,0.0,0,0.8993610713984188,-0.3685920358351512,38.59127330363501
1780006310.0514674,0.0,0.0,0.0,0,0.8993610713984188,-0.3685920358351512,38.59127330363501
1780006310.0514674,0.0,0.0,0.0,0,0.8993610713984188,-0.3685920358351512,38.59127330363501
1780006310.0989292,0.0,0.0,-0.09412858213370337,0,0.8993610713984188,-0.3685920358351512,38.59127330363501
1780006310.099003,0.0,0.0,0.0,0,0.8993610713984188,-0.3685920358351512,38.59127330363501
1780006310.099003,0.0,0.0,0.0,0,0.8993610713984188,-0.3685920358351512,38.59127330363501
1780006310.1474404,0.0,0.0,0.0,0,0.8993610713984188,-0.3685920358351512,38.59127330363501
1780006310.1474404,0.0,0.0,0.0,0,0.8993610713984188,-0.3685920358351512,38.59127330363501
1780006310.1981,0.0,0.0,-0.054260628394352445,0,0.8993610713984188,-0.3685920358351512,38.59127330363501
1780006310.2008138,0.0,0.0,0.0,0,0.8993610713984188,-0.3685920358351512,38.59127330363501
1780006310.198304,0.0,0.0,0.0,0,0.8993610713984188,-0.3685920358351512,38.59127330363501
1780006310.2008138,0.0,0.0,0.0,0,0.8993610713984188,-0.3685920358351512,38.59127330363501
1780006310.2017071,0.0,0.0,0.0,0,0.8993610713984188,-0.3685920358351512,38.59127330363501
1780006310.2017071,0.0,0.0,0.0,0,0.8993610713984188,-0.3685920358351512,38.59127330363501
1780006310.2497313,0.0,0.0,0.0,0,0.8993610713984188,-0.3685920358351512,38.59127330363501
1780006310.2497313,0.0,0.0,0.0,0,0.8993610713984188,-0.3685920358351512,38.59127330363501
1780006310.2506473,0.0,0.0,0.0,0,0.8993610713984188,-0.3685920358351512,38.59127330363501
1780006310.2506473,0.0,0.0,0.0,0,0.8993610713984188,-0.3685920358351512,38.59127330363501
1780006310.2515106,0.0,0.0,0.0,0,0.8993610713984188,-0.3685920358351512,38.59127330363501
1780006310.2515106,0.0,0.0,0.0,0,0.8993610713984188,-0.3685920358351512,38.59127330363501
1780006310.3000119,0.0,0.0,0.0,0,0.8993610713984188,-0.3685920358351512,38.59127330363501
1780006310.3000119,0.0,0.0,0.0,0,0.8993610713984188,-0.3685920358351512,38.59127330363501
1780006310.3020198,0.0,0.0,0.0,0,0.8993610713984188,-0.3685920358351512,38.59127330363501
1780006310.3020198,0.0,0.0,0.0,0,0.8993610713984188,-0.3685920358351512,38.59127330363501
1780006310.3501892,0.0,0.0,0.0,0,0.8993610713984188,-0.3685920358351512,38.59127330363501
1780006310.3501892,0.0,0.0,0.0,0,0.8993610713984188,-0.3685920358351512,38.59127330363501
1780006310.352578,0.0,0.0,0.0,0,0.8993610713984188,-0.3685920358351512,38.59127330363501
1780006310.352578,0.0,0.0,0.0,0,0.8993610713984188,-0.3685920358351512,38.59127330363501
1780006310.4498773,0.0,0.0,0.0,0,0.8993610713984188,-0.3685920358351512,38.59127330363501
1780006310.4498773,0.0,0.0,0.0,0,0.8993610713984188,-0.3685920358351512,38.59127330363501
1780006310.4520235,0.0,0.0,0.8779846976112456,0,0.8993610713984188,-0.3685920358351512,38.59127330363501
1780006310.4520235,0.0,0.0,0.0,0,0.8993610713984188,-0.3685920358351512,38.59127330363501
1780006310.5002365,0.0,0.0,0.031825105990890654,0,0.899361071398419,-0.3685920358351512,38.59127330363501
1780006310.5002365,0.0,0.0,0.0,0,0.899361071398419,-0.3685920358351512,38.59127330363501
1780006310.5025167,0.0,0.0,0.0,0,0.899361071398419,-0.3685920358351512,38.59127330363501
1780006310.5025167,0.0,0.0,0.0,0,0.899361071398419,-0.3685920358351512,38.59127330363501
1780006310.5506818,0.0,0.0,0.0,0,0.899361071398419,-0.3685920358351512,38.59127330363501
1780006310.5506818,0.0,0.0,0.0,0,0.899361071398419,-0.3685920358351512,38.59127330363501
1780006310.6008244,0.0,0.0,0.10407669618721879,0,0.8993610713984188,-0.3685920358351512,38.59127330363501
1780006310.6008244,0.0,0.0,0.0,0,0.8993610713984188,-0.3685920358351512,38.59127330363501
1780006310.6028304,0.0,0.0,0.0,0,0.8993610713984188,-0.3685920358351512,38.59127330363501
1780006310.6028304,0.0,0.0,0.0,0,0.8993610713984188,-0.3685920358351512,38.59127330363501
1780006310.650858,0.0,0.0,0.0,0,0.8993610713984188,-0.3685920358351512,38.59127330363501
1780006310.650858,0.0,0.0,0.0,0,0.8993610713984188,-0.3685920358351512,38.59127330363501
1780006310.6531873,0.0,0.0,0.0,0,0.8993610713984188,-0.3685920358351512,38.59127330363501
1780006310.6531873,0.0,0.0,0.0,0,0.8993610713984188,-0.3685920358351512,38.59127330363501
1780006310.7511914,0.0,0.0,0.0,0,0.8993610713984188,-0.3685920358351512,38.59127330363501
1780006310.7511914,0.0,0.0,0.0,0,0.8993610713984188,-0.3685920358351512,38.59127330363501
1780006310.753511,0.0,0.0,1.2473357274863395,0,0.8993610713984188,-0.3685920358351512,38.59127330363501
1780006310.753511,0.0,0.0,0.0,0,0.8993610713984188,-0.3685920358351512,38.59127330363501
1780006310.801288,0.0,0.0,0.002692390278935579,0,0.8993610713984188,-0.3685920358351512,38.59127330363501
1780006310.801288,0.0,0.0,0.0,0,0.8993610713984188,-0.3685920358351512,38.59127330363501
1780006310.8015766,0.0,0.0,0.0,0,0.8993610713984188,-0.3685920358351512,38.59127330363501
1780006310.8015766,0.0,0.0,0.0,0,0.8993610713984188,-0.3685920358351512,38.59127330363501
1780006310.8038602,0.0,0.0,0.0,0,0.8993610713984188,-0.3685920358351512,38.59127330363501
1780006310.8057113,0.0,0.0,0.0,0,0.8993610713984188,-0.3685920358351512,38.59127330363501
1780006310.8057113,0.0,0.0,0.0,0,0.8993610713984188,-0.3685920358351512,38.59127330363501
1780006310.852222,0.0,0.0,0.0,0,0.8993610713984188,-0.3685920358351512,38.59127330363501
1780006310.8522217,0.0,0.0,0.0,0,0.8993610713984188,-0.3685920358351512,38.59127330363501
1780006310.8522217,0.0,0.0,0.0,0,0.8993610713984188,-0.3685920358351512,38.59127330363501
1780006310.8542893,0.0,0.0,0.0,0,0.8993610713984188,-0.3685920358351512,38.59127330363501
1780006310.8542893,0.0,0.0,0.0,0,0.8993610713984188,-0.3685920358351512,38.59127330363501
1780006310.9050705,0.0,0.0,0.0,0,0.8993610713984188,-0.3685920358351512,38.59127330363501
1780006310.9050705,0.0,0.0,0.0,0,0.8993610713984188,-0.3685920358351512,38.59127330363501
1780006310.9518716,0.0,0.0,0.0,0,0.8993610713984188,-0.3685920358351512,38.59127330363501
1780006310.9518716,0.0,0.0,0.0,0,0.8993610713984188,-0.3685920358351512,38.59127330363501
1780006310.9559975,0.0,0.0,0.0,0,0.8993610713984188,-0.3685920358351512,38.59127330363501
1780006310.9559975,0.0,0.0,0.0,0,0.8993610713984188,-0.36859203583515115,38.59127330363501
1780006311.0068443,0.0,0.0,-0.035017762118982845,0,0.8993610713984188,-0.3685920358351512,38.59127330363501
1780006311.0068443,0.0,0.0,0.0,0,0.8993610713984188,-0.3685920358351512,38.59127330363501
1780006311.052437,0.0,0.0,0.0,0,0.8993610713984188,-0.3685920358351512,38.59127330363501
1780006311.052437,0.0,0.0,0.0,0,0.8993610713984188,-0.3685920358351512,38.59127330363501
1780006311.0576658,0.0,0.0,0.0,0,0.8993610713984188,-0.3685920358351512,38.59127330363501
1780006311.0576658,0.0,0.0,0.0,0,0.8993610713984188,-0.3685920358351512,38.59127330363501
1780006311.151755,0.0,0.0,-0.037789703001551565,0,0.8993610713984188,-0.3685920358351512,38.59127330363501
1780006311.151755,0.0,0.0,0.0,0,0.8993610713984188,-0.3685920358351512,38.59127330363501
1780006311.156046,0.0,0.0,0.0,0,0.8993610713984188,-0.3685920358351512,38.59127330363501
1780006311.156046,0.0,0.0,0.0,0,0.8993610713984188,-0.3685920358351512,38.59127330363501
1780006311.1563969,0.0,0.0,0.0,0,0.8993610713984188,-0.3685920358351512,38.59127330363501
1780006311.1563969,0.0,0.0,0.0,0,0.8993610713984188,-0.3685920358351512,38.59127330363501
1780006311.2023737,0.0,0.0,-0.0005270442719005571,0,0.8993610713984188,-0.3685920358351512,38.59127330363501
1780006311.2023737,0.0,0.0,0.0,0,0.8993610713984188,-0.3685920358351512,38.59127330363501
1780006311.207184,0.0,0.0,0.0,0,0.8993610713984188,-0.3685920358351512,38.59127330363501
1780006311.2076292,0.0,0.0,0.0,0,0.8993610713984188,-0.3685920358351512,38.59127330363501
1780006311.2076292,0.0,0.0,0.0,0,0.8993610713984188,-0.3685920358351512,38.59127330363501
1780006311.2541742,0.0,0.0,0.0,0,0.8993610713984188,-0.3685920358351512,38.59127330363501
1780006311.2541742,0.0,0.0,0.0,0,0.8993610713984188,-0.3685920358351512,38.59127330363501
1780006311.2569888,0.0,0.0,0.0,0,0.8993610713984188,-0.3685920358351512,38.59127330363501
1780006311.2569888,0.0,0.0,0.0,0,0.8993610713984188,-0.3685920358351512,38.59127330363501
1780006311.3041036,0.0,0.0,-0.0774422972530889,0,0.8993610713984188,-0.3685920358351512,38.59127330363501
1780006311.3041036,0.0,0.0,0.0,0,0.8993610713984188,-0.3685920358351512,38.59127330363501
1780006311.3083467,0.0,0.0,0.0,0,0.8993610713984188,-0.3685920358351512,38.59127330363501
1780006311.3083467,0.0,0.0,0.0,0,0.8993610713984188,-0.3685920358351512,38.59127330363501
1780006311.354481,0.0,0.0,0.0,0,0.8993610713984188,-0.3685920358351512,38.59127330363501
1780006311.354481,0.0,0.0,0.0,0,0.8993610713984188,-0.3685920358351512,38.59127330363501
1780006311.3589048,0.0,0.0,0.0,0,0.8993610713984188,-0.3685920358351512,38.59127330363501
1780006311.3589048,0.0,0.0,0.0,0,0.8993610713984188,-0.3685920358351512,38.59127330363501
1780006311.404706,0.0,0.0,-0.0161943806130007,0,0.8993610713984188,-0.3685920358351512,38.59127330363501
1780006311.404706,0.0,0.0,0.0,0,0.8993610713984188,-0.3685920358351512,38.59127330363501
1780006311.4092538,0.0,0.0,0.0,0,0.8993610713984188,-0.3685920358351512,38.59127330363501
1780006311.4092538,0.0,0.0,0.0,0,0.8993610713984188,-0.3685920358351512,38.59127330363501
1780006311.4599092,0.0,0.0,0.0,0,0.8993610713984188,-0.3685920358351512,38.59127330363501
1780006311.4599092,0.0,0.0,0.0,0,0.8993610713984188,-0.3685920358351512,38.59127330363501
1780006311.5050056,0.0,0.0,0.031152266842734054,0,0.8993610713984188,-0.36859203583515115,38.59127330363501
1780006311.5050056,0.0,0.0,0.0,0,0.8993610713984188,-0.36859203583515115,38.59127330363501
1780006311.5103767,0.0,0.0,0.0,0,0.8993610713984188,-0.36859203583515115,38.59127330363501
1780006311.5103767,0.0,0.0,0.0,0,0.8993610713984188,-0.36859203583515115,38.59127330363501
1780006311.555437,0.0,0.0,0.0,0,0.8993610713984188,-0.36859203583515115,38.59127330363501
1780006311.555437,0.0,0.0,0.0,0,0.8993610713984188,-0.36859203583515115,38.59127330363501
1780006311.5604055,0.0,0.0,0.0,0,0.8993610713984188,-0.36859203583515115,38.59127330363501
1780006311.5604055,0.0,0.0,0.0,0,0.8993610713984188,-0.36859203583515115,38.59127330363501
1780006311.606205,0.0,0.0,0.009964431538678957,0,0.8993610713984188,-0.3685920358351512,38.59127330363501
1780006311.606205,0.0,0.0,0.0,0,0.8993610713984188,-0.3685920358351512,38.59127330363501
1780006311.6061502,0.0,0.0,0.0,0,0.8993610713984188,-0.3685920358351512,38.59127330363501
1780006311.6590424,0.0,0.0,0.03154264785144907,0,0.8993610713984188,-0.3685920358351512,38.59127330363501
1780006311.6590424,0.0,0.0,0.0,0,0.8993610713984188,-0.3685920358351512,38.59127330363501
1780006311.6615088,0.0,0.0,0.0,0,0.8993610713984188,-0.3685920358351512,38.59127330363501
1780006311.6615088,0.0,0.0,0.0,0,0.8993610713984188,-0.3685920358351512,38.59127330363501
1780006311.707154,0.0,0.0,0.05076955733883549,0,0.8993610713984188,-0.3685920358351512,38.59127330363501
1780006311.7079012,0.0,0.0,0.0,0,0.8993610713984188,-0.3685920358351512,38.59127330363501
1780006311.7079012,0.0,0.0,0.0,0,0.8993610713984188,-0.3685920358351512,38.59127330363501
1780006311.711921,0.0,0.0,0.0,0,0.8993610713984188,-0.3685920358351512,38.59127330363501
1780006311.711921,0.0,0.0,0.0,0,0.8993610713984188,-0.3685920358351512,38.59127330363501
1780006311.7119865,0.0,0.0,0.0,0,0.8993610713984188,-0.3685920358351512,38.59127330363501
1780006311.7119865,0.0,0.0,0.0,0,0.8993610713984188,-0.3685920358351512,38.59127330363501
1780006311.806561,0.0,0.0,0.04160954224111559,0,0.8993610713984188,-0.3685920358351512,38.59127330363501
1780006311.806561,0.0,0.0,0.0,0,0.8993610713984188,-0.3685920358351512,38.59127330363501
1780006311.8127875,0.0,0.0,0.0,0,0.8993610713984188,-0.3685920358351512,38.59127330363501
1780006311.8127875,0.0,0.0,0.0,0,0.8993610713984188,-0.3685920358351512,38.59127330363501
1780006311.8567822,0.0,0.0,0.0,0,0.8993610713984188,-0.3685920358351512,38.59127330363501
1780006311.8567822,0.0,0.0,0.0,0,0.8993610713984188,-0.3685920358351512,38.59127330363501
1780006311.863754,0.0,0.0,0.0,0,0.8993610713984188,-0.3685920358351512,38.59127330363501
1780006311.863754,0.0,0.0,0.0,0,0.8993610713984188,-0.3685920358351512,38.59127330363501
1780006311.8637211,0.0,0.0,0.0,0,0.8993610713984188,-0.3685920358351512,38.59127330363501
1780006311.9073882,0.0,0.0,0.0,0,0.8993610713984188,-0.3685920358351512,38.59127330363501
1780006311.9073882,0.0,0.0,0.0,0,0.8993610713984188,-0.3685920358351512,38.59127330363501
1780006311.9148343,0.0,0.0,0.0,0,0.8993610713984188,-0.3685920358351512,38.59127330363501
1780006311.9148343,0.0,0.0,0.0,0,0.8993610713984188,-0.3685920358351512,38.59127330363501
1780006311.958244,0.0,0.0,0.033513076788015767,0,0.8993610713984188,-0.3685920358351512,38.59127330363501
1780006311.958244,0.0,0.0,0.0,0,0.8993610713984188,-0.3685920358351512,38.59127330363501
1780006311.9653854,0.0,0.0,0.0,0,0.8993610713984188,-0.3685920358351512,38.59127330363501
1780006311.9653854,0.0,0.0,0.0,0,0.8993610713984188,-0.3685920358351512,38.59127330363501
1780006312.0102844,0.0,0.0,0.0030937594318578058,0,0.8993610713984188,-0.3685920358351512,38.59127330363501
1780006312.0102844,0.0,0.0,0.0,0,0.8993610713984188,-0.3685920358351512,38.59127330363501
1780006312.0157955,0.0,0.0,0.0,0,0.8993610713984188,-0.3685920358351512,38.59127330363501
1780006312.0157955,0.0,0.0,0.0,0,0.8993610713984188,-0.3685920358351512,38.59127330363501
1780006312.0660734,0.0,0.0,0.005634687607234593,0,0.8993610713984188,-0.3685920358351512,38.59127330363501
1780006312.0660734,0.0,0.0,0.0,0,0.8993610713984188,-0.3685920358351512,38.59127330363501
1780006312.10915,0.0,0.0,-0.028777325688643267,0,0.8993610713984188,-0.3685920358351512,38.59127330363501
1780006312.10915,0.0,0.0,0.0,0,0.8993610713984188,-0.3685920358351512,38.59127330363501
1780006312.1592855,0.0,0.0,0.0,0,0.8993610713984188,-0.3685920358351512,38.59127330363501
1780006312.1592855,0.0,0.0,0.0,0,0.8993610713984188,-0.3685920358351512,38.59127330363501
1780006312.167076,0.0,0.0,0.0,0,0.8993610713984188,-0.3685920358351512,38.59127330363501
1780006312.1670408,0.0,0.0,0.0,0,0.8993610713984188,-0.3685920358351512,38.59127330363501
1780006312.2098017,0.0,0.0,-0.0905702990906338,0,0.8993610713984188,-0.3685920358351512,38.59127330363501
1780006312.2098017,0.0,0.0,0.0,0,0.8993610713984188,-0.3685920358351512,38.59127330363501
1780006312.2173586,0.0,0.0,0.0,0,0.8993610713984188,-0.3685920358351512,38.59127330363501
1780006312.2173586,0.0,0.0,0.0,0,0.8993610713984188,-0.3685920358351512,38.59127330363501
1780006312.262055,0.0,0.0,0.0,0,0.8993610713984188,-0.3685920358351512,38.59127330363501
1780006312.262055,0.0,0.0,0.0,0,0.8993610713984188,-0.3685920358351512,38.59127330363501
1780006312.2634144,0.0,0.0,0.0,0,0.8993610713984188,-0.3685920358351512,38.59127330363501
1780006312.2634144,0.0,0.0,0.0,0,0.8993610713984188,-0.3685920358351512,38.59127330363501
1780006312.2685273,0.0,0.0,0.0,0,0.8993610713984188,-0.3685920358351512,38.59127330363501
1780006312.2685273,0.0,0.0,0.0,0,0.8993610713984188,-0.3685920358351512,38.59127330363501
1780006312.3116431,0.0,0.0,0.0,0,0.8993610713984188,-0.3685920358351512,38.59127330363501
1780006312.3116431,0.0,0.0,0.0,0,0.8993610713984188,-0.3685920358351512,38.59127330363501
1780006312.3683753,0.0,0.0,-0.07278955524449678,0,0.8993610713984188,-0.3685920358351512,38.59127330363501
1780006312.3683753,0.0,0.0,0.0,0,0.8993610713984188,-0.3685920358351512,38.59127330363501
1780006312.4114788,0.0,0.0,-0.02329863064018764,0,0.8993610713984188,-0.3685920358351512,38.59127330363501
1780006312.4114788,0.0,0.0,0.0,0,0.8993610713984188,-0.3685920358351512,38.59127330363501
1780006312.4620655,0.0,0.0,-0.03610092609734402,0,0.8993610713984188,-0.3685920358351512,38.59127330363501
1780006312.4620655,0.0,0.0,0.0,0,0.8993610713984188,-0.3685920358351512,38.59127330363501
1780006312.4684536,0.0,0.0,0.0,0,0.8993610713984188,-0.3685920358351512,38.59127330363501
1780006312.4684536,0.0,0.0,0.0,0,0.8993610713984188,-0.3685920358351512,38.59127330363501
1780006312.5622547,0.0,0.0,-0.004472138015163007,0,0.8993610713984188,-0.3685920358351512,38.59127330363501
1780006312.5622547,0.0,0.0,0.0,0,0.8993610713984188,-0.3685920358351512,38.59127330363501
1780006312.568562,0.0,0.0,0.0,0,0.8993610713984188,-0.3685920358351512,38.59127330363501
1780006312.568562,0.0,0.0,0.0,0,0.8993610713984188,-0.3685920358351512,38.59127330363501
1780006312.618846,0.0,0.0,-0.009623013908333023,0,0.8993610713984188,-0.3685920358351512,38.59127330363501
1780006312.618846,0.0,0.0,0.0,0,0.8993610713984188,-0.3685920358351512,38.59127330363501
1780006312.619369,0.0,0.0,0.0,0,0.8993610713984188,-0.3685920358351512,38.59127330363501
1780006312.619369,0.0,0.0,0.0,0,0.8993610713984188,-0.3685920358351512,38.59127330363501
1780006312.6622517,0.0,0.0,0.0,0,0.8993610713984188,-0.3685920358351512,38.59127330363501
1780006312.6622517,0.0,0.0,0.0,0,0.8993610713984188,-0.3685920358351512,38.59127330363501
1780006312.6690862,0.0,0.0,0.0,0,0.8993610713984188,-0.3685920358351512,38.59127330363501
1780006312.6690862,0.0,0.0,0.0,0,0.8993610713984188,-0.3685920358351512,38.59127330363501
1780006312.7196455,0.0,0.0,0.0009646601816069999,0,0.8993610713984188,-0.3685920358351512,38.59127330363501
1780006312.7196455,0.0,0.0,0.0,0,0.8993610713984188,-0.3685920358351512,38.59127330363501
1780006312.7622542,0.0,0.0,0.0461869700624459,0,0.8993610713984188,-0.3685920358351512,38.59127330363501
1780006312.7622542,0.0,0.0,0.0,0,0.8993610713984188,-0.3685920358351512,38.59127330363501
1780006312.7698298,0.0,0.0,0.0,0,0.8993610713984188,-0.3685920358351512,38.59127330363501
1780006312.7698298,0.0,0.0,0.0,0,0.8993610713984188,-0.3685920358351512,38.59127330363501
1780006312.8124986,0.0,0.0,0.030952979648059497,0,0.8993610713984188,-0.3685920358351512,38.59127330363501
1780006312.8124986,0.0,0.0,0.0,0,0.8993610713984188,-0.3685920358351512,38.59127330363501
1780006312.8624628,0.0,0.0,0.03973218133110496,0,0.8993610713984188,-0.3685920358351512,38.59127330363501
1780006312.8624628,0.0,0.0,0.0,0,0.8993610713984188,-0.3685920358351512,38.59127330363501
1780006312.8692305,0.0,0.0,0.0,0,0.8993610713984188,-0.3685920358351512,38.59127330363501
1780006312.8692305,0.0,0.0,0.0,0,0.8993610713984188,-0.3685920358351512,38.59127330363501
1780006312.9130094,0.0,0.0,0.03888620851307768,0,0.8993610713984188,-0.3685920358351512,38.59127330363501
1780006312.9130087,0.0,0.0,0.0,0,0.8993610713984188,-0.3685920358351512,38.59127330363501
1780006312.9195344,0.0,0.0,0.0,0,0.8993610713984188,-0.3685920358351512,38.59127330363501
1780006312.9195344,0.0,0.0,0.0,0,0.8993610713984188,-0.3685920358351512,38.59127330363501
1780006312.9696064,0.0,0.0,0.0,0,0.8993610713984188,-0.3685920358351512,38.59127330363501
1780006312.969865,0.0,0.0,0.0,0,0.8993610713984188,-0.3685920358351512,38.59127330363501
1780006312.9696064,0.0,0.0,0.0,0,0.8993610713984188,-0.3685920358351512,38.59127330363501
1780006312.969865,0.0,0.0,0.0,0,0.8993610713984188,-0.3685920358351512,38.59127330363501
1780006313.0130339,0.0,0.0,0.0526434026040496,0,0.8993610713984188,-0.3685920358351512,38.59127330363501
1780006313.0130346,0.0,0.0,0.0,0,0.8993610713984188,-0.3685920358351512,38.59127330363501
1780006313.0194385,0.0,0.0,0.0,0,0.8993610713984188,-0.3685920358351512,38.59127330363501
1780006313.0194385,0.0,0.0,0.0,0,0.8993610713984188,-0.3685920358351512,38.59127330363501
1780006313.1119385,0.0,0.0,-0.0005164096592818343,0,0.899361071398419,-0.3685920358351513,38.59127330363501
1780006313.1119385,0.0,0.0,0.0,0,0.899361071398419,-0.3685920358351513,38.59127330363501
1780006313.1183097,0.0,0.0,0.0,0,0.899361071398419,-0.3685920358351513,38.59127330363501
1780006313.1183097,0.0,0.0,0.0,0,0.899361071398419,-0.3685920358351513,38.59127330363501
1780006313.162574,0.0,0.0,-0.030500085638998614,0,0.8993610713984188,-0.3685920358351512,38.59127330363501
1780006313.162574,0.0,0.0,0.0,0,0.8993610713984188,-0.3685920358351512,38.59127330363501
1780006313.1635928,0.0,0.0,0.0,0,0.8993610713984188,-0.3685920358351512,38.59127330363501
1780006313.1635928,0.0,0.0,0.0,0,0.8993610713984188,-0.3685920358351512,38.59127330363501
1780006313.2126486,0.0,0.0,-0.022094711701080304,0,0.8993610713984188,-0.3685920358351512,38.59127330363501
1780006313.2126486,0.0,0.0,0.0,0,0.8993610713984188,-0.3685920358351512,38.59127330363501
1780006313.2179768,0.0,0.0,0.0,0,0.8993610713984188,-0.3685920358351512,38.59127330363501
1780006313.2179768,0.0,0.0,0.0,0,0.8993610713984188,-0.3685920358351512,38.59127330363501
1780006313.2635372,0.0,0.0,-0.029521336581733088,0,0.8993610713984188,-0.3685920358351512,38.59127330363501
1780006313.2635372,0.0,0.0,0.0,0,0.8993610713984188,-0.3685920358351512,38.59127330363501
1780006313.2704787,0.0,0.0,0.0,0,0.8993610713984188,-0.3685920358351512,38.59127330363501
1780006313.2704787,0.0,0.0,0.0,0,0.8993610713984188,-0.3685920358351512,38.59127330363501
1780006313.2711961,0.0,0.0,0.0,0,0.8993610713984188,-0.3685920358351512,38.59127330363501
1780006313.2711961,0.0,0.0,0.0,0,0.8993610713984188,-0.3685920358351512,38.59127330363501
1780006313.3140233,0.0,0.0,-0.06484406636390663,0,0.899361071398419,-0.3685920358351512,38.59127330363501
1780006313.3140233,0.0,0.0,0.0,0,0.899361071398419,-0.3685920358351512,38.59127330363501
1780006313.3204007,0.0,0.0,0.0,0,0.899361071398419,-0.3685920358351512,38.59127330363501
1780006313.3204007,0.0,0.0,0.0,0,0.899361071398419,-0.3685920358351512,38.59127330363501
1780006313.3706534,0.0,0.0,0.0,0,0.899361071398419,-0.3685920358351512,38.59127330363501
1780006313.3706534,0.0,0.0,0.0,0,0.899361071398419,-0.3685920358351512,38.59127330363501
1780006313.413898,0.0,0.0,0.0,0,0.899361071398419,-0.3685920358351512,38.59127330363501
1780006313.413898,0.0,0.0,0.0,0,0.899361071398419,-0.3685920358351512,38.59127330363501
1780006313.4637039,0.0,0.0,-0.07223876836265682,0,0.8993610713984188,-0.3685920358351512,38.59127330363501
1780006313.4637039,0.0,0.0,0.0,0,0.8993610713984188,-0.3685920358351512,38.59127330363501
1780006313.4710312,0.0,0.0,0.0,0,0.8993610713984188,-0.3685920358351512,38.59127330363501
1780006313.4710312,0.0,0.0,0.0,0,0.8993610713984188,-0.3685920358351512,38.59127330363501
1780006313.514326,0.0,0.0,-0.00675787133733328,0,0.8993610713984188,-0.3685920358351512,38.59127330363501
1780006313.514326,0.0,0.0,0.0,0,0.8993610713984188,-0.3685920358351512,38.59127330363501
1780006313.564343,0.0,0.0,-0.05880146923054832,0,0.8993610713984188,-0.3685920358351512,38.59127330363501
1780006313.564343,0.0,0.0,0.0,0,0.8993610713984188,-0.3685920358351512,38.59127330363501
