timestamp_s,elapsed_s,v_real,w_real,brake,x,y,distance_m
1780009749.5288556,0.0,0.0,0.0,0,0.0,0.0,0.0
1780006223.8302274,0.0,0.0,0.0,0,0.0,0.0,0.0
1780006223.8302274,0.0,0.0,0.0,0,0.0,0.0,0.0
1780006223.8810856,0.0,0.0,0.00820953837929837,0,0.0,0.0,0.0
1780006223.9303298,0.0,0.0,-0.042612003158298266,0,0.0,0.0,0.0
1780006223.9303298,0.0,0.0,0.0,0,0.0,0.0,0.0
1780006223.9789875,0.0,0.0,0.0,0,0.0,0.0,0.0
1780006224.02965,0.0,0.0801,0.0,0,0.0,0.0,0.0
1780006224.02965,0.0,0.0801,0.0,0,0.007938226159928168,-0.0009790485949873892,0.0079983730044
1780006224.0790825,0.0,0.0801,0.0,0,0.007938226159928168,-0.0009790485949873892,0.0079983730044
1780006224.131848,0.0,0.0801,-0.06423924843294562,0,0.009378305844271781,-0.0011848254237219929,0.009453080397831158
1780006224.131848,0.0,0.0801,0.0,0,0.016103047287886765,-0.002145741672573864,0.016246128868200004
1780006224.1803746,0.0,0.0801,0.0,0,0.016103047287886765,-0.002145741672573864,0.016246128868200004
1780006224.2311282,0.0,0.4006,-0.2629449865364762,0,0.03574812685149086,-0.005515376203933174,0.036178102878198726
1780006224.2311282,0.0,0.4006,0.0,0,0.03574812685149086,-0.005515376203933174,0.036178102878198726
1780006224.2790992,0.0,0.4006,0.0,0,0.03574812685149086,-0.005515376203933174,0.036178102878198726
1780006224.329096,0.0,0.4006,-1.1738603745310028,0,0.08865570545910999,-0.01631444107621693,0.09017654430234717
1780006224.329096,0.0,0.4006,0.0,0,0.08865570545910999,-0.01631444107621693,0.09017654430234717
1780006224.3784049,0.0,0.4006,0.0,0,0.08865570545910999,-0.01631444107621693,0.09017654430234717
1780006224.4294217,0.0,0.4807,-1.3995652931406952,0,0.14082697164021207,-0.03120621021198,0.14443155147156864
1780006224.4294217,0.0,0.4807,0.0,0,0.14082697164021207,-0.03120621021198,0.14443155147156864
1780006224.479474,0.0,0.4807,0.0,0,0.14082697164021207,-0.03120621021198,0.14443155147156864
1780006224.5298924,0.0,0.5608,-0.28965345959467964,0,0.15142541181248326,-0.035145820128733185,0.15573851659848892
1780006224.5298924,0.0,0.5608,0.0,0,0.19200573388094253,-0.050230175623253145,0.19903170682356863
1780006224.5796447,0.0,0.5608,0.0,0,0.19200573388094253,-0.050230175623253145,0.19903170682356863
1780006224.6287758,0.0,0.5608,-0.891563075325209,0,0.22145086422671326,-0.06394377229547807,0.23151367774233966
1780006224.6287758,0.0,0.5608,0.0,0,0.22145086422671326,-0.06394377229547807,0.23151367774233966
1780006224.6792533,0.0,0.5608,-0.7165367318361208,0,0.24576398852041006,-0.07526721955110624,0.2583343501923686
1780006224.7284532,0.0,0.5608,-1.4059173354224719,0,0.2884394312042934,-0.09927177933851893,0.30729772731091387
1780006224.7284532,0.0,0.5608,0.0,0,0.2884394312042934,-0.09927177933851893,0.30729772731091387
1780006224.780996,0.0,0.5608,0.0,0,0.2884394312042934,-0.09927177933851893,0.30729772731091387
1780006224.8288348,0.0,0.5608,-1.3504134112599435,0,0.3449231861567373,-0.1350933504060005,0.3741826996684649
1780006224.8288348,0.0,0.5608,0.0,0,0.3449231861567373,-0.1350933504060005,0.3741826996684649
1780006224.8787863,0.0,0.5608,0.0,0,0.3449231861567373,-0.1350933504060005,0.3741826996684649
1780006224.9311688,0.0,0.5608,-0.15162646085278375,0,0.3515546856914374,-0.13981093504293368,0.3823210281753117
1780006224.9311688,0.0,0.5608,0.0,0,0.3855808339251249,-0.16401680783555145,0.4240786986236649
1780006224.980572,0.0,0.5608,0.0,0,0.3855808339251249,-0.16401680783555145,0.4240786986236649
1780006225.0297823,0.0,0.4807,-0.28177705868770286,0,0.4093170990962013,-0.181730328968411,0.4536959084043974
1780006225.0297823,0.0,0.4807,0.0,0,0.4093170990962013,-0.181730328968411,0.4536959084043974
1780006225.0790167,0.0,0.4807,-0.18096745214452045,0,0.424568849474102,-0.19311216181721347,0.4727264630097649
1780006225.1313028,0.0,0.5608,-0.5828822535233147,0,0.46661614015190317,-0.22657263504956873,0.5264626512098658
1780006225.1313028,0.0,0.5608,0.0,0,0.46661614015190317,-0.22657263504956873,0.5264626512098658
1780006225.1815526,0.0,0.5608,0.0,0,0.46661614015190317,-0.22657263504956873,0.5264626512098658
1780006225.2294738,0.0,0.4006,3.8188681537928244,0,0.49598089619325797,-0.19182111312742484,0.5719594332199545
1780006225.2294738,0.0,0.4006,0.0,0,0.49598089619325797,-0.19182111312742484,0.5719594332199545
1780006225.2793188,0.0,0.4006,0.0,0,0.49598089619325797,-0.19182111312742484,0.5719594332199545
1780006225.3290591,0.0,0.4807,1.1819812020637692,0,0.5065414054010051,-0.17911590340681455,0.5884805321171708
1780006225.3290591,0.0,0.4807,0.0,0,0.5065414054010051,-0.17911590340681455,0.5884805321171708
1780006225.379123,0.0,0.4807,0.8258015817209581,0,0.535683350693289,-0.19104183231480354,0.6199683195233521
1780006225.4290066,0.0,0.4006,0.8503300772414206,0,0.5620018256713496,-0.19993031547534745,0.6477472190347812
1780006225.4290066,0.0,0.4006,0.0,0,0.5620018256713496,-0.19993031547534745,0.6477472190347812
1780006225.479801,0.0,0.4006,0.0,0,0.5620018256713496,-0.19993031547534745,0.6477472190347812
1780006225.5289857,0.0,0.4807,0.0,0,0.5620018256713496,-0.19993031547534745,0.6477472190347812
1780006225.5289857,0.0,0.4807,0.0,0,0.5620018256713496,-0.19993031547534745,0.6477472190347812
1780006225.5827007,0.0,0.4807,1.4337773202959396,0,0.6210324557550307,-0.21698694139476493,0.7091926726976141
1780006225.6293607,0.0,0.4807,0.0,0,0.6210324557550307,-0.21698694139476493,0.7091926726976141
1780006225.6293607,0.0,0.4807,0.0,0,0.6210324557550307,-0.21698694139476493,0.7091926726976141
1780006225.682607,0.0,0.4807,0.9763122820887736,0,0.6677815994858054,-0.22729502290553327,0.7570647834093142
1780006225.7331793,0.0,0.4807,0.303564104705661,0,0.6856347607591776,-0.23048319895919633,0.7752003791812261
1780006225.7331793,0.0,0.4807,0.0,0,0.6856347607591776,-0.23048319895919633,0.7752003791812261
1780006225.781132,0.0,0.4807,0.5204751168396455,0,0.7146591967473772,-0.2356663152920257,0.8046839776616141
1780006225.8303156,0.0,0.4807,0.487935515286083,0,0.7494230525343447,-0.2406748114579949,0.8398067722973148
1780006225.8303156,0.0,0.4807,0.0,0,0.7494230525343447,-0.2406748114579949,0.8398067722973148
1780006225.8798954,0.0,0.4807,0.0,0,0.7494230525343447,-0.2406748114579949,0.8398067722973148
1780006225.9371629,0.0,0.5608,0.02860803853418699,0,0.818482021761342,-0.25107431628762905,0.9096443762896981
1780006225.9371629,0.0,0.5608,0.0,0,0.818482021761342,-0.25107431628762905,0.9096443762896981
1780006225.9799216,0.0,0.5608,0.0,0,0.818482021761342,-0.25107431628762905,0.9096443762896981
1780006226.0339444,0.0,0.5608,-0.05793646062752671,0,0.8744468750880974,-0.2597736142521177,0.9662813129384982
1780006226.0339444,0.0,0.5608,0.0,0,0.8744468750880974,-0.2597736142521177,0.9662813129384982
1780006226.0813105,0.0,0.5608,0.0,0,0.8744468750880974,-0.2597736142521177,0.9662813129384982
1780006226.131597,0.0,0.5608,-0.05300690962313945,0,0.8937915187762165,-0.2629097601184367,0.9858785232071848
1780006226.131597,0.0,0.4807,0.0,0,0.8937915187762165,-0.2629097601184367,0.9858785232071848
1780006226.1796064,0.0,0.4807,0.0,0,0.8937915187762165,-0.2629097601184367,0.9858785232071848
1780006226.231158,0.0,0.5608,-0.1497853749310729,0,0.9638654155254442,-0.2744915804512417,1.056903093377252
1780006226.231158,0.0,0.5608,0.0,0,0.9638654155254442,-0.2744915804512417,1.056903093377252
1780006226.2797375,0.0,0.5608,0.0,0,0.9638654155254442,-0.2744915804512417,1.056903093377252
1780006226.3292978,0.0,0.5608,-0.13130312481873174,0,1.0316589819111377,-0.28613259571685307,1.1256888541108925
1780006226.3292978,0.0,0.5608,0.0,0,1.0316589819111377,-0.28613259571685307,1.1256888541108925
1780006226.3801947,0.0,0.5608,0.0,0,1.0316589819111377,-0.28613259571685307,1.1256888541108925
1780006226.4297595,0.0,0.5608,-0.034886174959593154,0,1.0384378539190136,-0.287402344019619,1.1325856190374026
1780006226.4297595,0.0,0.5608,0.0,0,1.086785251574419,-0.29645827929097057,1.1817738373796929
1780006226.4818563,0.0,0.5608,0.0,0,1.086785251574419,-0.29645827929097057,1.1817738373796929
1780006226.533366,0.0,0.5608,-0.18028137205380382,0,1.1129952181219605,-0.3019121377857371,1.2085452198412727
1780006226.533366,0.0,0.5608,0.0,0,1.1129952181219605,-0.3019121377857371,1.2085452198412727
1780006226.5789824,0.0,0.5608,-0.23468578377738578,0,1.1432110778886544,-0.3081995560915309,1.239408301514893
1780006226.6300561,0.0,0.5608,-0.48067409230000513,0,1.1865882220802861,-0.31860860199576363,1.2840168755209966
1780006226.6300561,0.0,0.5608,0.0,0,1.1865882220802861,-0.31860860199576363,1.2840168755209966
1780006226.679609,0.0,0.5608,0.0,0,1.1865882220802861,-0.31860860199576363,1.2840168755209966
1780006226.7323244,0.0,0.5608,-0.7942890951148839,0,1.2510124549279342,-0.33615300316539215,1.3507872865606843
1780006226.7323244,0.0,0.5608,0.0,0,1.2510124549279342,-0.33615300316539215,1.3507872865606843
1780006226.7812576,0.0,0.5608,0.0,0,1.2510124549279342,-0.33615300316539215,1.3507872865606843
1780006226.8396413,0.0,0.6409,-0.09116585419844912,0,1.2609028528941397,-0.33925731550815696,1.3611534202204132
1780006226.8396413,0.0,0.6409,0.0,0,1.3115092286422072,-0.3551412058626309,1.4141940012800842
1780006226.8833408,0.0,0.6409,0.0,0,1.3115092286422072,-0.3551412058626309,1.4141940012800842
1780006226.9337459,0.0,0.5608,-0.3293297945216428,0,1.3391605053172377,-0.3647936519145983,1.4434815893771813
1780006226.9337459,0.0,0.5608,0.0,0,1.3391605053172377,-0.3647936519145983,1.4434815893771813
1780006226.9789536,0.0,0.5608,-0.33444315339358066,0,1.3643457063215123,-0.3735852457660763,1.4701571675728842
1780006227.029988,0.0,0.6409,-2.3722985087509736,0,1.3978699902519076,-0.4399909648119076,1.5445453194187233
1780006227.029988,0.0,0.6409,0.0,0,1.3978699902519076,-0.4399909648119076,1.5445453194187233
1780006227.0813591,0.0,0.6409,0.0,0,1.3978699902519076,-0.4399909648119076,1.5445453194187233
1780006227.128553,0.0,0.5608,-1.1128573441431249,0,1.4584853819915173,-0.47345387292969443,1.6137839786738373
1780006227.128553,0.0,0.5608,0.0,0,1.4584853819915173,-0.47345387292969443,1.6137839786738373
1780006227.180367,0.0,0.5608,0.0,0,1.4584853819915173,-0.47345387292969443,1.6137839786738373
1780006227.2300332,0.0,0.6409,-0.16447761738830222,0,1.4653132793695947,-0.4778096322874531,1.6218829182456738
1780006227.2300332,0.0,0.6409,0.0,0,1.5073026020217308,-0.5045961193918469,1.6716887322454375
1780006227.2788,0.0,0.6409,0.0,0,1.5073026020217308,-0.5045961193918469,1.6716887322454375
1780006227.3322124,0.0,0.6409,-0.5707793164824473,0,1.5367828124903087,-0.5257718113896837,1.7079860150756838
1780006227.3322124,0.0,0.6409,0.0,0,1.5367828124903087,-0.5257718113896837,1.7079860150756838
1780006227.3820276,0.0,0.6409,-0.493218378515906,0,1.5605414150399741,-0.5428376613919074,1.7372386120785375
1780006227.4318106,0.0,0.5608,-1.1654382922041817,0,1.5995490047214147,-0.574844587447618,1.7876968657967485
1780006227.4318106,0.0,0.5608,0.0,0,1.5995490047214147,-0.574844587447618,1.7876968657967485
1780006227.48174,0.0,0.5608,0.0,0,1.5995490047214147,-0.574844587447618,1.7876968657967485
1780006227.5291767,0.0,0.6409,-1.385156181161959,0,1.6532217167044214,-0.6240714424166637,1.860525728631165
1780006227.5291767,0.0,0.6409,0.0,0,1.6532217167044214,-0.6240714424166637,1.860525728631165
1780006227.5817716,0.0,0.6409,0.0,0,1.6532217167044214,-0.6240714424166637,1.860525728631165
1780006227.6292815,0.0,0.6409,-0.28285087462607955,0,1.6624321476619774,-0.633728371563496,1.8738707021781917
1780006227.6292815,0.0,0.6409,0.0,0,1.6960098205417833,-0.6689338043396669,1.9225213199849651
1780006227.6790133,0.0,0.6409,0.0,0,1.6960098205417833,-0.6689338043396669,1.9225213199849651
1780006227.7298226,0.0,0.5608,-0.6392665107562319,0,1.7175226143758378,-0.6940757803781278,1.9556108841656108
1780006227.7298226,0.0,0.5608,0.0,0,1.7175226143758378,-0.6940757803781278,1.9556108841656108
1780006227.7823992,0.0,0.5608,-1.2857909807996681,0,1.769008867343714,-0.7587470718309939,2.038274117727175
1780006227.8320382,0.0,0.6409,0.0,0,1.769008867343714,-0.7587470718309939,2.038274117727175
1780006227.8320382,0.0,0.4807,0.0,0,1.769008867343714,-0.7587470718309939,2.038274117727175
1780006227.8798246,0.0,0.4807,0.0,0,1.769008867343714,-0.7587470718309939,2.038274117727175
1780006227.9312248,0.0,0.4807,-0.9278502946333289,0,1.7977391544965498,-0.7992971117113196,2.087970547520274
1780006227.9312248,0.0,0.4807,0.0,0,1.7977391544965498,-0.7992971117113196,2.087970547520274
1780006227.9794471,0.0,0.4807,0.0,0,1.7977391544965498,-0.7992971117113196,2.087970547520274
1780006228.028804,0.0,0.6409,-0.22506788351966303,0,1.8099342502214997,-0.8178536788234542,2.1101756492477564
1780006228.028804,0.0,0.6409,0.0,0,1.8334759288936466,-0.8536756805579903,2.153040861751274
1780006228.079544,0.0,0.5608,0.0,0,1.8334759288936466,-0.8536756805579903,2.153040861751274
1780006228.1286614,0.0,0.5608,-0.3991831731124546,0,1.8535910975952397,-0.8862790451572098,2.1913501216642923
1780006228.1286614,0.0,0.5608,0.0,0,1.8535910975952397,-0.8862790451572098,2.1913501216642923
1780006228.1799452,0.0,0.5608,-0.1755235856667729,0,1.862826008702907,-0.9012473100696892,2.208937973655274
1780006228.2287989,0.0,0.5608,-0.643069375215325,0,1.8907231786163678,-0.9498146164209429,2.2649472169584737
1780006228.2287989,0.0,0.5608,0.0,0,1.8907231786163678,-0.9498146164209429,2.2649472169584737
1780006228.279921,0.0,0.6409,0.0,0,1.8907231786163678,-0.9498146164209429,2.2649472169584737
1780006228.3294873,0.0,0.6409,-0.6740207165710655,0,1.9213569620024273,-1.0075280267314695,2.3302868405739736
1780006228.3294873,0.0,0.6409,0.0,0,1.9213569620024273,-1.0075280267314695,2.3302868405739736
1780006228.3834,0.0,0.6409,0.0,0,1.9213569620024273,-1.0075280267314695,2.3302868405739736
1780006228.429702,0.0,0.4807,-0.467954933075388,0,1.9287840157628524,-1.0236932318816914,2.3480765843919436
1780006228.429702,0.0,0.4807,0.0,0,1.9287840157628524,-1.0236932318816914,2.3480765843919436
1780006228.4790173,0.0,0.4807,-0.7224301601662307,0,1.9409960728938918,-1.050273140308016,2.3773276676423736
1780006228.5325754,0.0,0.6409,-0.788021321434557,0,1.9583615072183067,-1.094688046607195,2.425016683262749
1780006228.5325754,0.0,0.6409,0.0,0,1.9583615072183067,-1.094688046607195,2.425016683262749
1780006228.5913692,0.0,0.6409,-0.26820817386835294,0,1.9648497313622284,-1.1112827290099951,2.442834666779173
1780006228.6296933,0.0,0.6409,-1.7099130112005851,0,1.9836858447634635,-1.1706618061299456,2.5051297225033733
1780006228.6296933,0.0,0.6409,0.0,0,1.9836858447634635,-1.1706618061299456,2.5051297225033733
1780006228.6808388,0.0,0.6409,0.0,0,1.9836858447634635,-1.1706618061299456,2.5051297225033733
1780006228.7287276,0.0,0.6409,-2.0758774236447657,0,1.928170393669962,-1.1117277288021628,2.5860938551831723
1780006228.7287276,0.0,0.6409,0.0,0,1.928170393669962,-1.1117277288021628,2.5860938551831723
1780006228.779095,0.0,0.6409,0.0,0,1.928170393669962,-1.1117277288021628,2.5860938551831723
1780006228.8316224,0.0,0.5608,-0.4957888094923167,0,1.931876314984477,-1.1363380876659166,2.610981675822837
1780006228.8316224,0.0,0.5608,0.0,0,1.9364674002555788,-1.166826661628174,2.6418139836543726
1780006228.8806524,0.0,0.5608,0.0,0,1.9364674002555788,-1.166826661628174,2.6418139836543726
1780006228.928815,0.0,0.5608,-0.9884354348772453,0,1.940605624925197,-1.2122352061161756,2.6874107030093333
1780006228.928815,0.0,0.5608,0.0,0,1.940605624925197,-1.2122352061161756,2.6874107030093333
1780006228.978361,0.0,0.5608,0.0,0,1.940605624925197,-1.2122352061161756,2.6874107030093333
1780006229.0321536,0.0,0.6409,0.0,0,1.940605624925197,-1.2122352061161756,2.6874107030093333
1780006229.0321536,0.0,0.6409,0.0,0,1.9438188448186076,-1.2893496536166233,2.764592066014807
1780006229.0785387,0.0,0.6409,0.0,0,1.9438188448186076,-1.2893496536166233,2.764592066014807
1780006229.1308017,0.0,0.6409,-0.8952418083728799,0,1.9430187898657691,-1.3513603377969585,2.8266079110904068
1780006229.1308017,0.0,0.6409,0.0,0,1.9430187898657691,-1.3513603377969585,2.8266079110904068
1780006229.1786866,0.0,0.6409,0.0,0,1.9430187898657691,-1.3513603377969585,2.8266079110904068
1780006229.232196,0.0,0.5608,-0.35082979046407853,0,1.9416094620278328,-1.3791952143434996,2.8544784431505588
1780006229.232196,0.0,0.5608,0.0,0,1.9416094620278328,-1.3791952143434996,2.8544784431505588
1780006229.278777,0.0,0.5608,-0.4060608493514546,0,1.9401894799324215,-1.407240517402256,2.8825596712720065
1780006229.3307376,0.0,0.5608,-0.4272154207594571,0,1.9362540871577016,-1.4554981743238504,2.930977527150325
1780006229.3307376,0.0,0.5608,0.0,0,1.9362540871577016,-1.4554981743238504,2.930977527150325
1780006229.379671,0.0,0.5608,-0.17539316034772706,0,1.9347325411071075,-1.4741560952743726,2.9496973860328066
1780006229.4297955,0.0,0.5608,-0.727285721927829,0,1.9294970997888112,-1.5183845892386727,2.9942346684392067
1780006229.4297955,0.0,0.5608,0.0,0,1.9294970997888112,-1.5183845892386727,2.9942346684392067
1780006229.4789214,0.0,0.5608,0.0,0,1.9294970997888112,-1.5183845892386727,2.9942346684392067
1780006229.5313447,0.0,0.5608,-0.5739383048930183,0,1.9209862981718433,-1.5755039830208795,3.051984637185607
1780006229.5313447,0.0,0.5608,0.0,0,1.9209862981718433,-1.5755039830208795,3.051984637185607
1780006229.5785198,0.0,0.5608,0.0,0,1.9209862981718433,-1.5755039830208795,3.051984637185607
1780006229.6310964,0.0,0.6409,-0.2583711051656493,0,1.916149449113382,-1.602236273296839,3.0791509849749676
1780006229.6310964,0.0,0.6409,0.0,0,1.916149449113382,-1.602236273296839,3.0791509849749676
1780006229.6787457,0.0,0.6409,-0.3673436728764106,0,1.9099170332510522,-1.636681580135774,3.1141555871111066
1780006229.7300792,0.0,0.5608,-0.5735874438232654,0,1.900301092143649,-1.6802744295947407,3.1587964075262063
1780006229.7300792,0.0,0.5608,0.0,0,1.900301092143649,-1.6802744295947407,3.1587964075262063
1780006229.7789872,0.0,0.5608,0.0,0,1.900301092143649,-1.6802744295947407,3.1587964075262063
1780006229.8295288,0.0,0.6409,-1.9105193185255749,0,1.876703268099047,-1.7590688803098822,3.2410485975465386
1780006229.8295288,0.0,0.6409,0.0,0,1.876703268099047,-1.7590688803098822,3.2410485975465386
1780006229.8785694,0.0,0.6409,0.0,0,1.876703268099047,-1.7590688803098822,3.2410485975465386
1780006229.9311712,0.0,0.6409,-0.29830472588512347,0,1.8726266015742707,-1.7689328024859947,3.251721749407664
1780006229.9311712,0.0,0.6409,0.0,0,1.8541247977910276,-1.8136998570209835,3.300161463640639
1780006229.9803429,0.0,0.6409,0.0,0,1.8541247977910276,-1.8136998570209835,3.300161463640639
1780006230.028897,0.0,0.5608,-1.0971247112090892,0,1.8386204002709376,-1.8433730915867252,3.3336411170446767
1780006230.028897,0.0,0.5608,0.0,0,1.8386204002709376,-1.8433730915867252,3.3336411170446767
1780006230.0803728,0.0,0.5608,-0.7053344713107249,0,1.828052951281539,-1.8635977015541625,3.356460096567839
1780006230.128814,0.0,0.6409,-1.280328937712244,0,1.7961477994466117,-1.9148372969178007,3.4168209683859225
1780006230.128814,0.0,0.6409,0.0,0,1.7961477994466117,-1.9148372969178007,3.4168209683859225
1780006230.178295,0.0,0.6409,0.0,0,1.7961477994466117,-1.9148372969178007,3.4168209683859225
1780006230.2282782,0.0,0.5608,0.0,0,1.7961477994466117,-1.9148372969178007,3.4168209683859225
1780006230.2282782,0.0,0.5608,0.0,0,1.7961477994466117,-1.9148372969178007,3.4168209683859225
1780006230.278883,0.0,0.5608,-1.7511216090396262,0,1.8180608007801788,-1.8709765736365493,3.4658509864789173
1780006230.330519,0.0,0.5608,-0.42142169134718627,0,1.8226236914682894,-1.8583447395626873,3.47928166790248
1780006230.330519,0.0,0.5608,0.0,0,1.7973605549673182,-1.888560609603911,3.518667260042434
1780006230.3802733,0.0,0.5608,0.0,0,1.7973605549673182,-1.888560609603911,3.518667260042434
1780006230.4315143,0.0,0.5608,-0.10073737693401412,0,1.7737307696851916,-1.9163744187516971,3.5551634890502215
1780006230.4315143,0.0,0.5608,0.0,0,1.7737307696851916,-1.9163744187516971,3.5551634890502215
1780006230.4789295,0.0,0.5608,0.0,0,1.7737307696851916,-1.9163744187516971,3.5551634890502215
1780006230.5281398,0.0,0.5608,-0.055286699925556265,0,1.761276192796392,-1.9310342736960209,3.5743995965688344
1780006230.5281398,0.0,0.5608,0.0,0,1.7286196333771475,-1.9683045490210977,3.6239528436461925
1780006230.5786052,0.0,0.5608,0.0,0,1.7286196333771475,-1.9683045490210977,3.6239528436461925
1780006230.6347952,0.0,0.4807,-0.2074277314447771,0,1.6865151788988273,-2.015430775598537,3.6871483048625255
1780006230.6347952,0.0,0.4807,0.0,0,1.6865151788988273,-2.015430775598537,3.6871483048625255
1780006230.6953175,0.0,0.4807,0.0,0,1.6865151788988273,-2.015430775598537,3.6871483048625255
1780006230.7311213,0.0,0.5608,0.0,0,1.6865151788988273,-2.015430775598537,3.6871483048625255
1780006230.7311213,0.0,0.5608,0.0,0,1.6549451575463614,-2.0501560998492816,3.7340792583209255
1780006230.7801514,0.0,0.5608,0.0,0,1.6549451575463614,-2.0501560998492816,3.7340792583209255
1780006230.8320544,0.0,0.5608,-0.024858926898859015,0,1.6362850201334336,-2.0705723467619372,3.761738323132807
1780006230.8320544,0.0,0.5608,0.0,0,1.6362850201334336,-2.0705723467619372,3.761738323132807
1780006230.878335,0.0,0.5608,-0.02934884637436088,0,1.6166410100994695,-2.0920650587572,3.790855737151325
1780006230.9310844,0.0,0.5608,-0.1050296611569857,0,1.582675199992949,-2.128780023524761,3.84087238332113
1780006230.9310844,0.0,0.5608,0.0,0,1.582675199992949,-2.128780023524761,3.84087238332113
1780006230.978987,0.0,0.5608,0.0,0,1.582675199992949,-2.128780023524761,3.84087238332113
1780006231.0303347,0.0,0.5608,-0.00042192643648388824,0,1.5417157676349929,-2.17309355054628,3.9012160969636698
1780006231.0303347,0.0,0.5608,0.0,0,1.5417157676349929,-2.17309355054628,3.9012160969636698
1780006231.0829384,0.0,0.5608,0.0,0,1.5417157676349929,-2.17309355054628,3.9012160969636698
1780006231.1295984,0.0,0.5608,-0.015684698270823312,0,1.5309371830873006,-2.1846952592234987,3.9170520538050737
1780006231.1295984,0.0,0.4807,0.0,0,1.5036309077831418,-2.2140868226274906,3.9571705865588696
1780006231.1936388,0.0,0.4807,0.0,0,1.5036309077831418,-2.2140868226274906,3.9571705865588696
1780006231.2400973,0.0,0.4807,2.204835693969832,0,1.549136171046875,-2.251139120240674,4.015852796325694
1780006231.2400973,0.0,0.4807,0.0,0,1.549136171046875,-2.251139120240674,4.015852796325694
1780006231.2811968,0.0,0.4807,-0.04101274236788618,0,1.536215002222276,-2.2682108033792097,4.037263050153623
1780006231.3291059,0.0,0.5608,-0.0657293297069543,0,1.5044269759775633,-2.3099360192612393,4.089717528064822
1780006231.3291059,0.0,0.5608,0.0,0,1.5044269759775633,-2.3099360192612393,4.089717528064822
1780006231.3811953,0.0,0.5608,0.00992702153647502,0,1.5042362840479608,-2.310220639762168,4.0900601243893275
1780006231.4350975,0.0,0.4006,0.0,0,1.5042362840479608,-2.310220639762168,4.0900601243893275
1780006231.4350975,0.0,0.4006,0.0,0,1.4820276380325315,-2.3433685342065265,4.1299600850902225
1780006231.4811833,0.0,0.4006,0.0,0,1.4820276380325315,-2.3433685342065265,4.1299600850902225
1780006231.531588,0.0,0.4006,0.4746709677423216,0,1.4749838731197698,-2.355644605068445,4.144113407666675
1780006231.531588,0.0,0.4006,0.0,0,1.461601889846959,-2.3789671004902315,4.171002369510023
1780006231.5799406,0.0,0.4006,0.0,0,1.461601889846959,-2.3789671004902315,4.171002369510023
1780006231.6323056,0.0,0.4807,0.9891198503874624,0,1.4475129661636614,-2.408631523053159,4.203842523841964
1780006231.6323056,0.0,0.4807,0.0,0,1.4475129661636614,-2.408631523053159,4.203842523841964
1780006231.6796737,0.0,0.4807,0.5429706295239621,0,1.4405169775098705,-2.4233616733709953,4.220149613883723
1780006231.7318096,0.0,0.4807,1.4502557050267952,0,1.4232047608810356,-2.4684776430046815,4.268473143976126
1780006231.7318096,0.0,0.4807,0.0,0,1.4232047608810356,-2.4684776430046815,4.268473143976126
1780006231.77955,0.0,0.4807,0.0,0,1.4232047608810356,-2.4684776430046815,4.268473143976126
1780006231.8292863,0.0,0.4006,1.4204660789844725,0,1.4117888353879149,-2.505548885684895,4.307262322734122
1780006231.8292863,0.0,0.4006,0.0,0,1.4117888353879149,-2.505548885684895,4.307262322734122
1780006231.880856,0.0,0.4006,0.0,0,1.4117888353879149,-2.505548885684895,4.307262322734122
1780006231.93332,0.0,0.5608,0.373587188737006,0,1.4066170616945093,-2.526571522752045,4.328911768740727
1780006231.93332,0.0,0.5608,0.0,0,1.3970324450868958,-2.5655318346903977,4.369033717619722
1780006231.9790485,0.0,0.5608,0.0,0,1.3970324450868958,-2.5655318346903977,4.369033717619722
1780006232.028675,0.0,0.4807,0.3261794406671658,0,1.3903335977667903,-2.5956721583562827,4.399909495603481
1780006232.028675,0.0,0.4807,0.0,0,1.3903335977667903,-2.5956721583562827,4.399909495603481
1780006232.079077,0.0,0.4807,0.12562936957763243,0,1.3877131990093208,-2.607462196688217,4.411987222770321
1780006232.131923,0.0,0.5608,0.2118004692206893,0,1.3762681662173086,-2.661823011447946,4.467539783079921
1780006232.131923,0.0,0.5608,0.0,0,1.3762681662173086,-2.661823011447946,4.467539783079921
1780006232.1799107,0.0,0.5608,0.0,0,1.3762681662173086,-2.661823011447946,4.467539783079921
1780006232.2300408,0.0,0.4807,0.14751149278881112,0,1.3668187372326686,-2.7084114891435473,4.515076905017722
1780006232.2300408,0.0,0.4807,0.0,0,1.3668187372326686,-2.7084114891435473,4.515076905017722
1780006232.279501,0.0,0.4807,0.0,0,1.3668187372326686,-2.7084114891435473,4.515076905017722
1780006232.3290913,0.0,0.5608,0.027447338294467338,0,1.3618082240773663,-2.7335072018573925,4.540667919821658
1780006232.3290913,0.0,0.5608,0.0,0,1.3618082240773663,-2.7335072018573925,4.540667919821658
1780006232.37954,0.0,0.5608,0.033437789206430556,0,1.3555985048753811,-2.7646092715050408,4.5723838361561215
1780006232.4330685,0.0,0.4807,0.06764516439149891,0,1.3482276099095767,-2.802397951281825,4.610884672664817
1780006232.4330685,0.0,0.4807,0.0,0,1.3482276099095767,-2.802397951281825,4.610884672664817
1780006232.478383,0.0,0.4807,0.0,0,1.3482276099095767,-2.802397951281825,4.610884672664817
1780006232.5322237,0.0,0.5608,0.12950555630199498,0,1.3361031782639299,-2.8663775499759394,4.676002956516512
1780006232.5322237,0.0,0.5608,0.0,0,1.3361031782639299,-2.8663775499759394,4.676002956516512
1780006232.5786397,0.0,0.5608,0.0,0,1.3361031782639299,-2.8663775499759394,4.676002956516512
1780006232.629265,0.0,0.5608,0.07623615590398103,0,1.3257138106502997,-2.9226369165509785,4.733213578666911
1780006232.629265,0.0,0.5608,0.0,0,1.3257138106502997,-2.9226369165509785,4.733213578666911
1780006232.6828165,0.0,0.5608,0.0,0,1.3257138106502997,-2.9226369165509785,4.733213578666911
1780006232.7299457,0.0,0.4807,0.10894545715581559,0,1.3216890860722348,-2.945782136907484,4.756706122873116
1780006232.7299457,0.0,0.4807,0.0,0,1.3216890860722348,-2.945782136907484,4.756706122873116
1780006232.7790985,0.0,0.4807,0.10800528596952898,0,1.3175277660155833,-2.9697128849169436,4.780995982586711
1780006232.829063,0.0,0.6409,0.043253830592918915,0,1.308314309056412,-3.0235087985970517,4.83557517383957
1780006232.829063,0.0,0.6409,0.0,0,1.308314309056412,-3.0235087985970517,4.83557517383957
1780006232.8823333,0.0,0.6409,0.0,0,1.308314309056412,-3.0235087985970517,4.83557517383957
1780006232.9290369,0.0,0.6409,-0.8617298799882712,0,1.2933327197304976,-3.095609069824926,4.909215496556566
1780006232.9290369,0.0,0.6409,0.0,0,1.2933327197304976,-3.095609069824926,4.909215496556566
1780006232.9793224,0.0,0.6409,0.0,0,1.2933327197304976,-3.095609069824926,4.909215496556566
1780006233.034747,0.0,0.5608,-0.2503783323159246,0,1.2902412993542198,-3.106413581728963,4.92045357278995
1780006233.034747,0.0,0.5608,0.0,0,1.2902412993542198,-3.106413581728963,4.92045357278995
1780006233.0794632,0.0,0.5608,-1.219849701700755,0,1.2780897216921978,-3.1488833365735758,4.964627557398967
1780006233.1292996,0.0,0.6409,-2.3081830368112173,0,1.279392670582164,-3.18272323169482,4.998492527170497
1780006233.1292996,0.0,0.6409,0.0,0,1.279392670582164,-3.18272323169482,4.998492527170497
1780006233.1804974,0.0,0.5608,-0.6107946422596583,0,1.2672515779732998,-3.2095508441803955,5.027939546058888
1780006233.2331574,0.0,0.5608,-1.2260607670683967,0,1.2433038905328524,-3.253706144658705,5.078170834058253
1780006233.2331574,0.0,0.5608,0.0,0,1.2433038905328524,-3.253706144658705,5.078170834058253
1780006233.2796538,0.0,0.5608,0.0,0,1.2433038905328524,-3.253706144658705,5.078170834058253
1780006233.334091,0.0,0.5608,-1.2317469260615916,0,1.208558096017843,-3.3101980611406425,5.144492827878413
1780006233.334091,0.0,0.5608,0.0,0,1.208558096017843,-3.3101980611406425,5.144492827878413
1780006233.3791854,0.0,0.5608,0.0,0,1.208558096017843,-3.3101980611406425,5.144492827878413
1780006233.429062,0.0,0.5608,-0.06440825346879872,0,1.2034021721199766,-3.3181751932501227,5.153991153411511
1780006233.429062,0.0,0.5608,0.0,0,1.1809540204164164,-3.352906480076731,5.195345497796813
1780006233.485873,0.0,0.5608,0.0,0,1.1809540204164164,-3.352906480076731,5.195345497796813
1780006233.5331933,0.0,0.5608,-0.19349330093924239,0,1.1617964609394025,-3.3815778648429284,5.229828252755294
1780006233.5331933,0.0,0.5608,0.0,0,1.1617964609394025,-3.3815778648429284,5.229828252755294
1780006233.5798922,0.0,0.5608,-0.1305110720711347,0,1.1490444313027957,-3.400662673046175,5.252781338909614
1780006233.6288989,0.0,0.4807,-0.23158160037401632,0,1.1236424022746228,-3.4377288387866427,5.297716444578211
1780006233.6288989,0.0,0.4807,0.0,0,1.1236424022746228,-3.4377288387866427,5.297716444578211
1780006233.678631,0.0,0.4807,0.0,0,1.1236424022746228,-3.4377288387866427,5.297716444578211
1780006233.7317522,0.0,0.4807,0.5094156099968365,0,1.096964160394894,-3.4789651626684712,5.346830220619973
1780006233.7317522,0.0,0.4807,0.0,0,1.096964160394894,-3.4789651626684712,5.346830220619973
1780006233.7823267,0.0,0.4807,0.0,0,1.096964160394894,-3.4789651626684712,5.346830220619973
1780006233.8296926,0.0,0.4807,0.18983791563728067,0,1.0886643741469397,-3.492628908273335,5.362817227710613
1780006233.8296926,0.0,0.4807,0.0,0,1.0886643741469397,-3.492628908273335,5.362817227710613
1780006233.8845496,0.0,0.4807,0.33684332708170234,0,1.071608332526695,-3.5207078740156668,5.395670490454373
1780006233.932799,0.0,0.4807,0.5198432837208313,0,1.0559966379858983,-3.5488421835287314,5.427846014975538
1780006233.932799,0.0,0.4807,0.0,0,1.0559966379858983,-3.5488421835287314,5.427846014975538
1780006233.9792283,0.0,0.4807,0.0,0,1.0559966379858983,-3.5488421835287314,5.427846014975538
1780006234.0318701,0.0,0.4807,1.1051948708485293,0,1.0265271462180432,-3.6061745262593212,5.492308783051641
1780006234.0318701,0.0,0.4807,0.0,0,1.0265271462180432,-3.6061745262593212,5.492308783051641
1780006234.0785959,0.0,0.4807,0.0,0,1.0265271462180432,-3.6061745262593212,5.492308783051641
1780006234.132997,0.0,0.4807,0.7916734380539294,0,1.0068500749917773,-3.65025710327105,5.5405836287586805
1780006234.132997,0.0,0.4807,0.0,0,1.0068500749917773,-3.65025710327105,5.5405836287586805
1780006234.180272,0.0,0.4807,0.0,0,1.0068500749917773,-3.65025710327105,5.5405836287586805
1780006234.2342381,0.0,0.4807,0.32224922671266476,0,1.0006740298571715,-3.6661480448642823,5.557632545387728
1780006234.2342381,0.0,0.4807,0.0,0,1.0006740298571715,-3.6661480448642823,5.557632545387728
1780006234.2816951,0.0,0.4807,0.662919337162321,0,0.9895013136913807,-3.6948954027865084,5.58847472712038
1780006234.329429,0.0,0.4006,0.7862127844748396,0,0.9806290014927735,-3.7218010278358356,5.616805462780516
1780006234.329429,0.0,0.4006,0.0,0,0.9806290014927735,-3.7218010278358356,5.616805462780516
1780006234.3822553,0.0,0.4006,0.2769131209569989,0,0.9771706793906004,-3.7322885214787536,5.6278484476429815
1780006234.4444013,0.0,0.4807,0.8350958413174161,0,0.9646834112168016,-3.7780070250511844,5.675241626849981
1780006234.4444013,0.0,0.4807,0.0,0,0.9646834112168016,-3.7780070250511844,5.675241626849981
1780006234.4807465,0.0,0.4807,0.0,0,0.9646834112168016,-3.7780070250511844,5.675241626849981
1780006234.52958,0.0,0.4807,1.0037460503329563,0,0.9537710451923019,-3.827358505039484,5.7257851557066815
1780006234.52958,0.0,0.4807,0.0,0,0.9537710451923019,-3.827358505039484,5.7257851557066815
1780006234.5791402,0.0,0.4807,0.0,0,0.9537710451923019,-3.827358505039484,5.7257851557066815
1780006234.632168,0.0,0.4807,0.3591479817011944,0,0.950728433354326,-3.8452840172818106,5.743967055385934
1780006234.632168,0.0,0.4807,0.0,0,0.950728433354326,-3.8452840172818106,5.743967055385934
1780006234.6812391,0.0,0.4807,0.6202237410346588,0,0.9458661205219597,-3.8739302767601766,5.773023040452382
1780006234.7320237,0.0,0.4807,0.6921179430395641,0,0.9415097764315359,-3.910119214929692,5.809473239075588
1780006234.7320237,0.0,0.4807,0.0,0,0.9415097764315359,-3.910119214929692,5.809473239075588
1780006234.7792513,0.0,0.4807,0.0,0,0.9415097764315359,-3.910119214929692,5.809473239075588
1780006234.8318522,0.0,0.4807,0.990091412681233,0,0.9362248291033901,-3.9687208665551403,5.86831271767195
1780006234.8318522,0.0,0.4807,0.0,0,0.9362248291033901,-3.9687208665551403,5.86831271767195
1780006234.8780577,0.0,0.4807,0.0,0,0.9362248291033901,-3.9687208665551403,5.86831271767195
1780006234.9313178,0.0,0.4807,0.08170405070667937,0,0.9359467569902628,-3.9748669115209716,5.874465049979467
1780006234.9313178,0.0,0.4807,0.0,0,0.9339440442166532,-4.019131554321064,5.918774975060349
1780006234.9833589,0.0,0.4807,0.0,0,0.9339440442166532,-4.019131554321064,5.918774975060349
1780006235.0285645,0.0,0.4807,3.651526398305475,0,1.0433369139949198,-4.008178097433838,6.028714859434061
1780006235.0285645,0.0,0.4807,0.0,0,1.0470726417886027,-4.034719438769488,6.055517815652434
1780006235.0823545,0.0,0.4807,0.0,0,1.0470726417886027,-4.034719438769488,6.055517815652434
1780006235.1307979,0.0,0.5608,0.4233646729320104,0,1.0544564274994672,-4.079092441884944,6.100500964685246
1780006235.1307979,0.0,0.5608,0.0,0,1.0544564274994672,-4.079092441884944,6.100500964685246
1780006235.1793551,0.0,0.5608,0.0,0,1.0544564274994672,-4.079092441884944,6.100500964685246
1780006235.229311,0.0,0.5608,0.6393512406177129,0,1.0667832970163937,-4.143839083941042,6.166410595010623
1780006235.229311,0.0,0.5608,0.0,0,1.0667832970163937,-4.143839083941042,6.166410595010623
1780006235.2788322,0.0,0.5608,0.0,0,1.0667832970163937,-4.143839083941042,6.166410595010623
1780006235.331666,0.0,0.5608,-0.0384448796246044,0,1.0780055909859703,-4.202112759426691,6.225755023026624
1780006235.331666,0.0,0.5608,0.0,0,1.0780055909859703,-4.202112759426691,6.225755023026624
1780006235.379884,0.0,0.5608,0.0,0,1.0780055909859703,-4.202112759426691,6.225755023026624
1780006235.430009,0.0,0.4807,-0.038991923230827466,0,1.0821577389235562,-4.224148382209498,6.248178426067237
1780006235.430009,0.0,0.4807,0.0,0,1.0821577389235562,-4.224148382209498,6.248178426067237
1780006235.4806406,0.0,0.4807,-0.04049689299762572,0,1.0865137555250368,-4.247265944519113,6.271702808477224
1780006235.5327046,0.0,0.5608,-0.06514249446026595,0,1.0953016129788553,-4.294937312352613,6.320177397178372
1780006235.5327046,0.0,0.5608,0.0,0,1.0953016129788553,-4.294937312352613,6.320177397178372
1780006235.5819945,0.0,0.5608,0.0,0,1.0953016129788553,-4.294937312352613,6.320177397178372
1780006235.6288836,0.0,0.5608,0.015609753223339856,0,1.1084726728570726,-4.365929260199463,6.3923808145310534
1780006235.6288836,0.0,0.5608,0.0,0,1.1084726728570726,-4.365929260199463,6.3923808145310534
1780006235.682237,0.0,0.5608,0.0,0,1.1084726728570726,-4.365929260199463,6.3923808145310534
1780006235.7302759,0.0,0.5608,-0.00726765843533167,0,1.10908840882055,-4.3693696425165385,6.3958758626372125
1780006235.7302759,0.0,0.5608,0.0,0,1.1199139903443176,-4.4298568341954265,6.457324162634253
1780006235.7821696,0.0,0.5608,0.0,0,1.1199139903443176,-4.4298568341954265,6.457324162634253
1780006235.831068,0.0,0.5608,0.0,0,1.1199139903443176,-4.4298568341954265,6.457324162634253
1780006235.831068,0.0,0.5608,0.0,0,1.1224087411972015,-4.443880047952301,6.471567557801451
1780006235.883656,0.0,0.5608,0.0,0,1.1224087411972015,-4.443880047952301,6.471567557801451
1780006235.928777,0.0,0.5608,-1.8265583535466468,0,1.0898226844508028,-4.508224970184553,6.543693282139957
1780006235.928777,0.0,0.5608,0.0,0,1.0898226844508028,-4.508224970184553,6.543693282139957
1780006235.978948,0.0,0.5608,0.0,0,1.0898226844508028,-4.508224970184553,6.543693282139957
1780006236.0333974,0.0,0.4807,-0.07084648761811956,0,1.0949351851863542,-4.564337132517451,6.600037868618558
1780006236.0333974,0.0,0.4807,0.0,0,1.0949351851863542,-4.564337132517451,6.600037868618558
1780006236.07839,0.0,0.4807,0.0,0,1.0949351851863542,-4.564337132517451,6.600037868618558
1780006236.1323068,0.0,0.5608,0.02665474349611609,0,1.095977966525924,-4.574988005305797,6.610739666788757
1780006236.1323068,0.0,0.5608,0.0,0,1.095977966525924,-4.574988005305797,6.610739666788757
1780006236.1782107,0.0,0.5608,0.12438377802367048,0,1.100120891865976,-4.617303464064111,6.6532574498953565
1780006236.2349715,0.0,0.4807,0.17638142119432287,0,1.103330249846713,-4.645210559445189,6.68134847962474
1780006236.2349715,0.0,0.4807,0.0,0,1.103330249846713,-4.645210559445189,6.68134847962474
1780006236.279188,0.0,0.4807,0.15587625474001582,0,1.1055396795934413,-4.664422740526209,6.700687287284356
1780006236.3290858,0.0,0.5608,0.33158752426456833,0,1.1125635196628822,-4.717394351994462,6.754122537362039
1780006236.3290858,0.0,0.5608,0.0,0,1.1125635196628822,-4.717394351994462,6.754122537362039
1780006236.3783174,0.0,0.5608,0.0,0,1.1125635196628822,-4.717394351994462,6.754122537362039
1780006236.4289832,0.0,0.4807,0.7626102509538835,0,1.1207361222387,-4.7656622767094,6.803077455288119
1780006236.4289832,0.0,0.4807,0.0,0,1.1207361222387,-4.7656622767094,6.803077455288119
1780006236.4794078,0.0,0.4807,0.0,0,1.1207361222387,-4.7656622767094,6.803077455288119
1780006236.5290692,0.0,0.5608,0.21326050831553547,0,1.1245867671797432,-4.784534017106248,6.822338038147109
1780006236.5290692,0.0,0.5608,0.0,0,1.1322244871144138,-4.821965946052648,6.86054123265292
1780006236.578942,0.0,0.5608,0.0,0,1.1322244871144138,-4.821965946052648,6.86054123265292
1780006236.6342294,0.0,0.4807,0.16638730170218713,0,1.1389947046448863,-4.8529842987937,6.892289839743283
1780006236.6342294,0.0,0.4807,0.0,0,1.1389947046448863,-4.8529842987937,6.892289839743283
1780006236.6822221,0.0,0.4807,0.09200663230838907,0,1.142244462166035,-4.867873351421652,6.90752942018712
1780006236.7283905,0.0,0.5608,0.21261705793603194,0,1.1549849267474048,-4.923612959112302,6.96470654238872
1780006236.7283905,0.0,0.5608,0.0,0,1.1549849267474048,-4.923612959112302,6.96470654238872
1780006236.7793865,0.0,0.5608,0.0,0,1.1549849267474048,-4.923612959112302,6.96470654238872
1780006236.8326175,0.0,0.4807,0.358053489140562,0,1.1666956914915951,-4.970697726813126,7.01322578970702
1780006236.8326175,0.0,0.4807,0.0,0,1.1666956914915951,-4.970697726813126,7.01322578970702
1780006236.8802874,0.0,0.4807,0.0,0,1.1666956914915951,-4.970697726813126,7.01322578970702
1780006236.92865,0.0,0.5608,0.08756463563214206,0,1.1719495352560245,-4.990842982843214,7.034044872655576
1780006236.92865,0.0,0.5608,0.0,0,1.1719495352560245,-4.990842982843214,7.034044872655576
1780006236.979347,0.0,0.5608,0.14024826081294103,0,1.1807705840718077,-5.0246662739069805,7.06899949925342
1780006237.0323598,0.0,0.5608,0.19619695318247185,0,1.1916420039417683,-5.063773099293557,7.10958929553038
1780006237.0323598,0.0,0.5608,0.0,0,1.1916420039417683,-5.063773099293557,7.10958929553038
1780006237.082703,0.0,0.4807,0.0,0,1.1916420039417683,-5.063773099293557,7.10958929553038
1780006237.132209,0.0,0.4807,0.3676650458396444,0,1.209527382103138,-5.126098478598139,7.174430175054298
1780006237.132209,0.0,0.4807,0.0,0,1.209527382103138,-5.126098478598139,7.174430175054298
1780006237.1787548,0.0,0.4807,0.0,0,1.209527382103138,-5.126098478598139,7.174430175054298
1780006237.2298026,0.0,0.5608,0.2573145685430164,0,1.2258030611660922,-5.179305778295102,7.230071117443899
1780006237.2298026,0.0,0.5608,0.0,0,1.2258030611660922,-5.179305778295102,7.230071117443899
1780006237.2784328,0.0,0.5608,0.0,0,1.2258030611660922,-5.179305778295102,7.230071117443899
1780006237.3287387,0.0,0.5608,0.15961163751613525,0,1.2322425525204364,-5.199030710759149,7.250820575499806
1780006237.3287387,0.0,0.4807,0.0,0,1.2408023604600205,-5.225250426606674,7.278402160136798
1780006237.3823595,0.0,0.4807,0.0,0,1.2408023604600205,-5.225250426606674,7.278402160136798
1780006237.430573,0.0,0.4807,0.32233865183918414,0,1.2530856012070972,-5.260479001846263,7.315710745163062
1780006237.430573,0.0,0.4807,0.0,0,1.2530856012070972,-5.260479001846263,7.315710745163062
1780006237.4796169,0.0,0.4807,0.0,0,1.2530856012070972,-5.260479001846263,7.315710745163062
1780006237.5308268,0.0,0.4807,1.7683081550331512,0,1.2754284813081342,-5.312508084322916,7.372334324302601
1780006237.5308268,0.0,0.4807,0.0,0,1.2754284813081342,-5.312508084322916,7.372334324302601
1780006237.5788698,0.0,0.4006,0.0,0,1.2754284813081342,-5.312508084322916,7.372334324302601
1780006237.6320162,0.0,0.4006,0.0,0,1.2754284813081342,-5.312508084322916,7.372334324302601
1780006237.6320162,0.0,0.4006,0.0,0,1.2955139112000489,-5.349265054137957,7.4142210683146015
1780006237.6832922,0.0,0.4006,0.0,0,1.2955139112000489,-5.349265054137957,7.4142210683146015
1780006237.733857,0.0,0.4807,0.8219787783479255,0,1.3082120994409911,-5.368441160872681,7.4372203520883176
1780006237.733857,0.0,0.4807,0.0,0,1.3082120994409911,-5.368441160872681,7.4372203520883176
1780006237.7785077,0.0,0.4807,0.9681250440165875,0,1.321418783440903,-5.3883851699855345,7.461140636404502
1780006237.8291607,0.0,0.4006,3.265104377688815,0,1.3851314117483415,-5.44793227508407,7.548348186143374
1780006237.8291607,0.0,0.4006,0.0,0,1.3851314117483415,-5.44793227508407,7.548348186143374
1780006237.880063,0.0,0.4006,0.0,0,1.3851314117483415,-5.44793227508407,7.548348186143374
1780006237.9338756,0.0,0.4807,1.6562170272416297,0,1.4262188802081708,-5.485456570849712,7.603992169080839
1780006237.9338756,0.0,0.4807,0.0,0,1.4262188802081708,-5.485456570849712,7.603992169080839
1780006237.9785686,0.0,0.4807,0.0,0,1.4262188802081708,-5.485456570849712,7.603992169080839
1780006238.0316331,0.0,0.4006,0.2004443691018956,0,1.4314081564363856,-5.489541837164544,7.610596560698227
1780006238.0316331,0.0,0.4006,0.0,0,1.4314081564363856,-5.489541837164544,7.610596560698227
1780006238.0834873,0.0,0.4807,1.0381564365266749,0,1.4576717616669048,-5.510217903929103,7.644022249869238
1780006238.1302261,0.0,0.4807,0.7871911960077081,0,1.4774310218171773,-5.5235682243335,7.667868830684655
1780006238.1302261,0.0,0.4807,0.0,0,1.4774310218171773,-5.5235682243335,7.667868830684655
1780006238.1787567,0.0,0.4807,0.7403869397627109,0,1.496727876498874,-5.5366061210380595,7.691157354705839
1780006238.2278988,0.0,0.4006,1.1611288722569388,0,1.5274204097318849,-5.554584155993844,7.726727585758376
1780006238.2278988,0.0,0.4006,0.0,0,1.5274204097318849,-5.554584155993844,7.726727585758376
1780006238.2802844,0.0,0.4006,0.0,0,1.5274204097318849,-5.554584155993844,7.726727585758376
1780006238.328048,0.0,0.4807,1.4448524805157041,0,1.5768269509994466,-5.579877517326477,7.78223218419424
1780006238.328048,0.0,0.4807,0.0,0,1.5768269509994466,-5.579877517326477,7.78223218419424
1780006238.3834937,0.0,0.4807,0.0,0,1.5768269509994466,-5.579877517326477,7.78223218419424
1780006238.4353838,0.0,0.4807,0.16607312048318823,0,1.584926111563014,-5.583527663925989,7.7911158755459455
1780006238.4353838,0.0,0.4807,0.0,0,1.6188404038388409,-5.598812228005668,7.82831529919304
1780006238.4791062,0.0,0.4807,0.0,0,1.6188404038388409,-5.598812228005668,7.82831529919304
1780006238.5306017,0.0,0.4807,0.4726067264439721,0,1.6443570437085937,-5.609077120969113,7.855819243233734
1780006238.5306017,0.0,0.4807,0.0,0,1.6443570437085937,-5.609077120969113,7.855819243233734
1780006238.578548,0.0,0.4807,0.3464615967107899,0,1.6617736404109291,-5.616083509813787,7.87459229107724
1780006238.632138,0.0,0.4807,0.7434495235831794,0,1.7055329497800493,-5.6315849444773,7.9210161172130675
1780006238.632138,0.0,0.4807,0.0,0,1.7055329497800493,-5.6315849444773,7.9210161172130675
1780006238.6820562,0.0,0.4807,0.0,0,1.7055329497800493,-5.6315849444773,7.9210161172130675
1780006238.7314749,0.0,0.5608,-0.3394012162179214,0,1.761051329192154,-5.652392975667026,7.980305784226291
1780006238.7314749,0.0,0.5608,0.0,0,1.761051329192154,-5.652392975667026,7.980305784226291
1780006238.7832992,0.0,0.5608,0.0,0,1.761051329192154,-5.652392975667026,7.980305784226291
1780006238.8304687,0.0,0.6409,-0.1970451434102364,0,1.7776797839875524,-5.659281769500725,7.998304700564944
1780006238.8304687,0.0,0.6409,0.0,0,1.8207165659700835,-5.677110937754264,8.044888429956492
1780006238.8796623,0.0,0.6409,0.0,0,1.8207165659700835,-5.677110937754264,8.044888429956492
1780006238.932615,0.0,0.6409,-4.395247719799582,0,1.807564495217878,-5.769098715446341,8.137811668222266
1780006238.932615,0.0,0.6409,0.0,0,1.807564495217878,-5.769098715446341,8.137811668222266
1780006238.9791918,0.0,0.6409,-0.817533918671595,0,1.8269679676901003,-5.7842692180605555,8.162441708692151
1780006239.0282516,0.0,0.6409,-1.897383814732415,0,1.8721040916224077,-5.8271668733490705,8.22471111139432
1780006239.0282516,0.0,0.6409,0.0,0,1.8721040916224077,-5.8271668733490705,8.22471111139432
1780006239.0804474,0.0,0.6409,0.0,0,1.8721040916224077,-5.8271668733490705,8.22471111139432
1780006239.1398983,0.0,0.8011,-1.6160356688574613,0,1.9250330545180132,-5.887438162316689,8.304923974371667
1780006239.1398983,0.0,0.8011,0.0,0,1.9250330545180132,-5.887438162316689,8.304923974371667
1780006239.1809144,0.0,0.8011,0.0,0,1.9250330545180132,-5.887438162316689,8.304923974371667
1780006239.2295165,0.0,0.6409,-0.6245934628273901,0,1.937479516358632,-5.904586037863904,8.326112746118342
1780006239.2295165,0.0,0.6409,0.0,0,1.9620204817459026,-5.938396885127826,8.367891118212567
1780006239.2780962,0.0,0.5608,0.0,0,1.9620204817459026,-5.938396885127826,8.367891118212567
1780006239.3292572,0.0,0.5608,-1.1647722277883903,0,1.9825751962390261,-5.972556339195168,8.407757953929396
1780006239.3292572,0.0,0.5608,0.0,0,1.9825751962390261,-5.972556339195168,8.407757953929396
1780006239.3786342,0.0,0.5608,0.0,0,1.9825751962390261,-5.972556339195168,8.407757953929396
1780006239.4341395,0.0,0.6409,-2.319765508103272,0,2.0185206482334244,-6.044745904764778,8.488401669718108
1780006239.4341395,0.0,0.6409,0.0,0,2.0185206482334244,-6.044745904764778,8.488401669718108
1780006239.4788332,0.0,0.6409,0.0,0,2.0185206482334244,-6.044745904764778,8.488401669718108
1780006239.5324645,0.0,0.6409,-0.10793902113282153,0,2.0197715977729658,-6.048304640555145,8.492173867376785
1780006239.5324645,0.0,0.6409,0.0,0,2.04044957267085,-6.1071299144893585,8.55452762828431
1780006239.5786383,0.0,0.6409,0.0,0,2.04044957267085,-6.1071299144893585,8.55452762828431
1780006239.630975,0.0,0.721,-0.7002482884453155,0,2.047057006150038,-6.133766357658689,8.581971357657245
1780006239.630975,0.0,0.721,0.0,0,2.047057006150038,-6.133766357658689,8.581971357657245
1780006239.6807659,0.0,0.721,-1.1693600821832566,0,2.0575541791088607,-6.176083446712559,8.62557097538631
1780006239.729597,0.0,0.5608,-3.244573726367677,0,2.026177222233162,-6.11495931649954,8.694278127248962
1780006239.729597,0.0,0.5608,0.0,0,2.026177222233162,-6.11495931649954,8.694278127248962
1780006239.7821846,0.0,0.5608,0.0,0,2.026177222233162,-6.11495931649954,8.694278127248962
1780006239.828902,0.0,0.6409,-2.413621391167146,0,2.0251341665138938,-6.198301168213663,8.777626505831705
1780006239.828902,0.0,0.6409,0.0,0,2.0251341665138938,-6.198301168213663,8.777626505831705
1780006239.8795226,0.0,0.6409,0.0,0,2.0251341665138938,-6.198301168213663,8.777626505831705
1780006239.9283695,0.0,0.6409,-0.03242794593580312,0,2.0250096373164914,-6.19934842633346,8.778681141830752
1780006239.9283695,0.0,0.6409,0.0,0,2.0250096373164914,-6.19934842633346,8.778681141830752
1780006239.9790456,0.0,0.6409,-1.750868975102084,0,2.018034205421131,-6.258009992005342,8.837755975196606
1780006240.0325422,0.0,0.5608,-0.4494919533434139,0,2.0135335135758963,-6.281216918641862,8.86139529986967
1780006240.0325422,0.0,0.5608,0.0,0,2.0135335135758963,-6.281216918641862,8.86139529986967
1780006240.0788422,0.0,0.5608,-1.0617538021397772,0,2.0043325061154267,-6.328660092371533,8.909722448263004
1780006240.128753,0.0,0.5608,-0.9062579702332486,0,1.9973202388451807,-6.35529902688728,8.937268858635386
1780006240.128753,0.0,0.5608,0.0,0,1.9973202388451807,-6.35529902688728,8.937268858635386
1780006240.1790705,0.0,0.5608,0.0,0,1.9973202388451807,-6.35529902688728,8.937268858635386
1780006240.2308745,0.0,0.6409,-1.562120097119295,0,1.97264353709269,-6.432758332459063,9.018563899253152
1780006240.2308745,0.0,0.6409,0.0,0,1.97264353709269,-6.432758332459063,9.018563899253152
1780006240.2787013,0.0,0.6409,0.0,0,1.97264353709269,-6.432758332459063,9.018563899253152
1780006240.3316402,0.0,0.4807,-0.021011573380940247,0,1.9718354799910338,-6.435053489798738,9.02099714882798
1780006240.3316402,0.0,0.4807,0.0,0,1.9575314843122824,-6.47568170852421,9.064069836800552
1780006240.3786333,0.0,0.4807,0.0,0,1.9575314843122824,-6.47568170852421,9.064069836800552
1780006240.4299076,0.0,0.5608,-0.11533867413860403,0,1.948612446737207,-6.500021573568545,9.08999238030311
1780006240.4299076,0.0,0.5608,0.0,0,1.948612446737207,-6.500021573568545,9.08999238030311
1780006240.483552,0.0,0.5608,-0.1269594053323755,0,1.938340973823549,-6.528052206069034,9.119845680190952
1780006240.5288773,0.0,0.5608,0.0,0,1.938340973823549,-6.528052206069034,9.119845680190952
1780006240.5288773,0.0,0.5608,0.0,0,1.9955714052903977,-6.508245460146918,9.18040663683717
1780006240.579297,0.0,0.5608,0.0,0,1.9955714052903977,-6.508245460146918,9.18040663683717
1780006240.631443,0.0,0.6409,-0.3024685666032555,0,1.976694384957422,-6.581864073417576,9.256406913919205
1780006240.631443,0.0,0.6409,0.0,0,1.976694384957422,-6.581864073417576,9.256406913919205
1780006240.6794462,0.0,0.6409,0.0,0,1.976694384957422,-6.581864073417576,9.256406913919205
1780006240.7299778,0.0,0.5608,-0.12042175402623617,0,1.9740805939441721,-6.590708923780323,9.265629889653768
1780006240.7299778,0.0,0.5608,0.0,0,1.9618520997942228,-6.632089126087907,9.308779133125606
1780006240.7788076,0.0,0.5608,0.0,0,1.9618520997942228,-6.632089126087907,9.308779133125606
1780006240.8287885,0.0,0.5608,-0.4402971821327762,0,1.9514252786532638,-6.662972275220835,9.341374953401713
1780006240.8287885,0.0,0.5608,0.0,0,1.9514252786532638,-6.662972275220835,9.341374953401713
1780006240.8790104,0.0,0.5608,0.0,0,1.9514252786532638,-6.662972275220835,9.341374953401713
1780006240.9289398,0.0,0.5608,-1.084392013232754,0,1.9253563518732413,-6.733702543956891,9.416756382540042
1780006240.9289398,0.0,0.5608,0.0,0,1.9253563518732413,-6.733702543956891,9.416756382540042
1780006240.9822633,0.0,0.5608,0.0,0,1.9253563518732413,-6.733702543956891,9.416756382540042
1780006241.0289037,0.0,0.5608,-0.7253043503536017,0,1.90006383952574,-6.794254480585652,9.482378392645966
1780006241.0289037,0.0,0.5608,0.0,0,1.90006383952574,-6.794254480585652,9.482378392645966
1780006241.0786824,0.0,0.5608,0.0,0,1.90006383952574,-6.794254480585652,9.482378392645966
1780006241.1305523,0.0,0.4807,-0.0956708285310703,0,1.8965009979676544,-6.802182600259956,9.49107028090676
1780006241.1305523,0.0,0.4807,0.0,0,1.88209071244587,-6.83424870993534,9.526225532556166
1780006241.178849,0.0,0.4807,0.0,0,1.88209071244587,-6.83424870993534,9.526225532556166
1780006241.2295651,0.0,0.6409,-0.2686955112634343,0,1.865247281452189,-6.869580143762282,9.56536644956007
1780006241.2295651,0.0,0.6409,0.0,0,1.865247281452189,-6.869580143762282,9.56536644956007
1780006241.2807024,0.0,0.6409,-0.17364703789765004,0,1.854271683947923,-6.892602982581678,9.590871642127066
1780006241.330936,0.0,0.4807,-0.6266274666330873,0,1.832831245098824,-6.9340058451245214,9.637496629470588
1780006241.330936,0.0,0.4807,0.0,0,1.832831245098824,-6.9340058451245214,9.637496629470588
1780006241.3803058,0.0,0.4807,0.0,0,1.832831245098824,-6.9340058451245214,9.637496629470588
1780006241.4295192,0.0,0.5608,0.1081706214403962,0,1.804025536769199,-6.990539020417154,9.700945575411707
1780006241.4295192,0.0,0.5608,0.0,0,1.804025536769199,-6.990539020417154,9.700945575411707
1780006241.479681,0.0,0.5608,0.0,0,1.804025536769199,-6.990539020417154,9.700945575411707
1780006241.5304387,0.0,0.4807,0.03749747400204388,0,1.7995915626436603,-6.999425139703336,9.710876498959605
1780006241.5304387,0.0,0.4807,0.0,0,1.7849665882262287,-7.028735023692537,9.743632554524508
1780006241.5823534,0.0,0.4807,0.08646260765232613,0,1.7714154596132088,-7.056449667684487,9.774482750282187
1780006241.6297898,0.0,0.5608,0.0,0,1.7714154596132088,-7.056449667684487,9.774482750282187
1780006241.6297898,0.0,0.5608,0.0,0,1.7714154596132088,-7.056449667684487,9.774482750282187
1780006241.6788852,0.0,0.5608,0.07272559058473901,0,1.7606363013775177,-7.078495103276326,9.799022340390907
1780006241.7285697,0.0,0.5608,0.09024891983430049,0,1.738408411008641,-7.124533243499483,9.85014561753017
1780006241.7285697,0.0,0.5608,0.0,0,1.738408411008641,-7.124533243499483,9.85014561753017
1780006241.779511,0.0,0.5608,0.0,0,1.738408411008641,-7.124533243499483,9.85014561753017
1780006241.8443453,0.0,0.5608,0.21587685765208978,0,1.7102972055543775,-7.184649165848895,9.916509493185623
1780006241.8443453,0.0,0.4807,0.0,0,1.7102972055543775,-7.184649165848895,9.916509493185623
1780006241.8816838,0.0,0.4807,0.0,0,1.7102972055543775,-7.184649165848895,9.916509493185623
1780006241.9314227,0.0,0.4807,-0.0010307382581523916,0,1.707451658120166,-7.190746808498466,9.923238414799242
1780006241.9314227,0.0,0.4807,0.0,0,1.707451658120166,-7.190746808498466,9.923238414799242
1780006241.9826827,0.0,0.4807,-0.0055281859581553655,0,1.6917233287319913,-7.224450598121081,9.960431502601525
1780006242.0303285,0.0,0.5608,-0.047684808814354954,0,1.6773483205984214,-7.254948208225202,9.994147152986816
1780006242.0303285,0.0,0.5608,0.0,0,1.6773483205984214,-7.254948208225202,9.994147152986816
1780006242.078299,0.0,0.5608,0.0,0,1.6773483205984214,-7.254948208225202,9.994147152986816
1780006242.1317413,0.0,0.5608,-0.1881376140352756,0,1.6443371612395614,-7.323610725544699,10.07033296483434
1780006242.1317413,0.0,0.5608,0.0,0,1.6443371612395614,-7.323610725544699,10.07033296483434
1780006242.179251,0.0,0.5608,0.0,0,1.6443371612395614,-7.323610725544699,10.07033296483434
1780006242.2317798,0.0,0.5608,0.0,0,1.6443371612395614,-7.323610725544699,10.07033296483434
1780006242.2317798,0.0,0.5608,0.0,0,1.6443371612395614,-7.323610725544699,10.07033296483434
1780006242.2792234,0.0,0.5608,-0.3321072478345777,0,1.618955876419938,-7.374711711387903,10.127390132423013
1780006242.3312554,0.0,0.5608,0.0,0,1.618955876419938,-7.374711711387903,10.127390132423013
1780006242.3312554,0.0,0.5608,0.0,0,1.6524413200008607,-7.384693075910992,10.162331548672986
1780006242.3799443,0.0,0.5608,0.0,0,1.6524413200008607,-7.384693075910992,10.162331548672986
1780006242.4288425,0.0,0.5608,-0.14844959275098157,0,1.6365970864360018,-7.419414764522905,10.200497441788706
1780006242.4288425,0.0,0.5608,0.0,0,1.6365970864360018,-7.419414764522905,10.200497441788706
1780006242.4819307,0.0,0.5608,-0.07034645073739965,0,1.6284455538546942,-7.437278359807549,10.220133009514587
1780006242.5287755,0.0,0.5608,-0.21344929214200695,0,1.6050071807154553,-7.48730602201987,10.275379043959099
1780006242.5287755,0.0,0.5608,0.0,0,1.6050071807154553,-7.48730602201987,10.275379043959099
1780006242.5785081,0.0,0.5608,0.0,0,1.6050071807154553,-7.48730602201987,10.275379043959099
1780006242.6353755,0.0,0.5608,-0.3773792908912736,0,1.5798162490463425,-7.538218351545829,10.332182638353448
1780006242.6353755,0.0,0.721,0.0,0,1.5798162490463425,-7.538218351545829,10.332182638353448
1780006242.6802728,0.0,0.721,0.0,0,1.5798162490463425,-7.538218351545829,10.332182638353448
1780006242.7293613,0.0,0.721,-0.17815351724170705,0,1.5679523274712126,-7.560715493780867,10.357616356993953
1780006242.7293613,0.0,0.721,0.0,0,1.5679523274712126,-7.560715493780867,10.357616356993953
1780006242.7786472,0.0,0.721,-0.34465289946711997,0,1.5449082765248376,-7.60441312685515,10.407017889564449
1780006242.8286178,0.0,0.6409,-0.1375267097984436,0,1.5247861273770364,-7.64167737188521,10.449367917238428
1780006242.8286178,0.0,0.6409,0.0,0,1.5247861273770364,-7.64167737188521,10.449367917238428
1780006242.8795888,0.0,0.6409,-0.05807933907581139,0,1.516118153398848,-7.657729608843841,10.467610945612648
1780006242.9289618,0.0,0.721,-0.5149489125578078,0,1.4789288020056444,-7.72259991738437,10.542385304768649
1780006242.9289618,0.0,0.721,0.0,0,1.4789288020056444,-7.72259991738437,10.542385304768649
1780006242.9802942,0.0,0.721,0.0,0,1.4789288020056444,-7.72259991738437,10.542385304768649
1780006243.0303133,0.0,0.6409,-0.09378557644274653,0,1.4474415641555087,-7.776931592938736,10.605181619278147
1780006243.0303133,0.0,0.6409,0.0,0,1.4474415641555087,-7.776931592938736,10.605181619278147
1780006243.079112,0.0,0.6409,0.0,0,1.4474415641555087,-7.776931592938736,10.605181619278147
1780006243.130379,0.0,0.6409,-0.07626067485903085,0,1.4341649727125467,-7.799361504615122,10.631246323729835
1780006243.130379,0.0,0.6409,0.0,0,1.4341649727125467,-7.799361504615122,10.631246323729835
1780006243.1821108,0.0,0.6409,-0.10256547025808044,0,1.4161469225973282,-7.8298017930280945,10.666619495606547
1780006243.2331629,0.0,0.5608,-0.12407962238116979,0,1.3930495790108366,-7.868097073417186,10.711341031591255
1780006243.2331629,0.0,0.5608,0.0,0,1.3930495790108366,-7.868097073417186,10.711341031591255
1780006243.2792435,0.0,0.5608,0.0,0,1.3930495790108366,-7.868097073417186,10.711341031591255
1780006243.3292108,0.0,0.5608,-0.1371049765333612,0,1.3575481891304102,-7.926438397685105,10.779634946406388
1780006243.3292108,0.0,0.5608,0.0,0,1.3575481891304102,-7.926438397685105,10.779634946406388
1780006243.3788965,0.0,0.5608,0.0,0,1.3575481891304102,-7.926438397685105,10.779634946406388
1780006243.430392,0.0,0.5608,0.12606296621212734,0,1.3273404185268407,-7.976701793124265,10.838277237680785
1780006243.430392,0.0,0.5608,0.0,0,1.3273404185268407,-7.976701793124265,10.838277237680785
1780006243.4804144,0.0,0.5608,0.0,0,1.3273404185268407,-7.976701793124265,10.838277237680785
1780006243.529322,0.0,0.5608,0.09581899823988654,0,1.315070317325171,-7.997617303318119,10.862526236632668
1780006243.529322,0.0,0.5608,0.0,0,1.299584707001176,-8.02401394302517,10.893129940900787
1780006243.578456,0.0,0.5608,0.0,0,1.299584707001176,-8.02401394302517,10.893129940900787
1780006243.6302664,0.0,0.4807,0.1927103768308046,0,1.2803403596224363,-8.05777785710422,10.931993121418742
1780006243.6302664,0.0,0.4807,0.0,0,1.2803403596224363,-8.05777785710422,10.931993121418742
1780006243.6786005,0.0,0.4807,0.0,0,1.2803403596224363,-8.05777785710422,10.931993121418742
1780006243.7293122,0.0,0.5608,0.2301477768794,0,1.2484579774399134,-8.11474058295891,10.997271283390639
1780006243.7293122,0.0,0.5608,0.0,0,1.2484579774399134,-8.11474058295891,10.997271283390639
1780006243.7814398,0.0,0.5608,0.0,0,1.2484579774399134,-8.11474058295891,10.997271283390639
1780006243.8299792,0.0,0.4807,0.04231920798628115,0,1.2451481278747996,-8.120873749940586,11.004240561787201
1780006243.8299792,0.0,0.4807,0.0,0,1.22587173768198,-8.156592992622349,11.044829273476838
1780006243.879554,0.0,0.5608,0.0,0,1.22587173768198,-8.156592992622349,11.044829273476838
1780006243.929371,0.0,0.5608,0.0,0,1.22587173768198,-8.156592992622349,11.044829273476838
1780006243.929371,0.0,0.5608,0.0,0,1.2694338108294123,-8.150716447552963,11.088785933937508
1780006243.979051,0.0,0.5608,0.0,0,1.2694338108294123,-8.150716447552963,11.088785933937508
1780006244.0298746,0.0,0.5608,0.31281974193473155,0,1.2384054053146438,-8.220215058584078,11.164896504057849
1780006244.0298746,0.0,0.5608,0.0,0,1.2384054053146438,-8.220215058584078,11.164896504057849
1780006244.0800617,0.0,0.5608,0.0,0,1.2384054053146438,-8.220215058584078,11.164896504057849
1780006244.1293285,0.0,0.4807,0.2366944239905385,0,1.2159270007787977,-8.272419011960261,11.221734268075972
1780006244.1293285,0.0,0.4807,0.0,0,1.2159270007787977,-8.272419011960261,11.221734268075972
1780006244.1804686,0.0,0.4807,0.0,0,1.2159270007787977,-8.272419011960261,11.221734268075972
1780006244.2327235,0.0,0.4807,0.054371544680708116,0,1.21255240820495,-8.280616957788387,11.230599604552404
1780006244.2327235,0.0,0.4807,0.0,0,1.1983326666445184,-8.315161178594709,11.267956053007275
1780006244.2826693,0.0,0.4807,0.0,0,1.1983326666445184,-8.315161178594709,11.267956053007275
1780006244.329198,0.0,0.5608,0.14608262437050124,0,1.1865936048247545,-8.344708217402419,11.29974965416714
1780006244.329198,0.0,0.5608,0.0,0,1.1865936048247545,-8.344708217402419,11.29974965416714
1780006244.3785572,0.0,0.5608,0.0,0,1.1865936048247545,-8.344708217402419,11.29974965416714
1780006244.429574,0.0,0.5608,0.3178963382018873,0,1.1590479157389018,-8.415700453447577,11.375898604034528
1780006244.429574,0.0,0.5608,0.0,0,1.1590479157389018,-8.415700453447577,11.375898604034528
1780006244.4783463,0.0,0.5608,0.0,0,1.1590479157389018,-8.415700453447577,11.375898604034528
1780006244.5290523,0.0,0.5608,0.0,0,1.1590479157389018,-8.415700453447577,11.375898604034528
1780006244.5290523,0.0,0.4807,0.0,0,1.138389069884255,-8.469679475823508,11.433695859754046
1780006244.5786092,0.0,0.5608,0.0,0,1.138389069884255,-8.469679475823508,11.433695859754046
1780006244.6315582,0.0,0.5608,0.0,0,1.138389069884255,-8.469679475823508,11.433695859754046
1780006244.6315582,0.0,0.5608,0.0,0,1.138389069884255,-8.469679475823508,11.433695859754046
1780006244.6791978,0.0,0.5608,0.03389607902246744,0,1.1349743740763003,-8.47883047347016,11.443463198459645
1780006244.729275,0.0,0.5608,0.22412722919338338,0,1.1087324018940508,-8.54990739811091,11.519229749921362
1780006244.729275,0.0,0.5608,0.0,0,1.1087324018940508,-8.54990739811091,11.519229749921362
1780006244.783919,0.0,0.5608,0.05337545456612883,0,1.1009498622437741,-8.571247541307661,11.541944714923886
1780006244.8312469,0.0,0.5608,0.0,0,1.1009498622437741,-8.571247541307661,11.541944714923886
1780006244.8312469,0.0,0.4807,0.0,0,1.0857950942439092,-8.614041314120106,11.587342666250493
1780006244.878519,0.0,0.4807,0.0,0,1.0857950942439092,-8.614041314120106,11.587342666250493
1780006244.9310763,0.0,0.4807,0.2657415892768642,0,1.069968498975705,-8.659910005170552,11.635865010963673
1780006244.9310763,0.0,0.4807,0.0,0,1.069968498975705,-8.659910005170552,11.635865010963673
1780006244.9791121,0.0,0.4807,0.0,0,1.069968498975705,-8.659910005170552,11.635865010963673
1780006245.0325248,0.0,0.4807,0.0603945233457861,0,1.0640940222425983,-8.677707180499693,11.654606647140486
1780006245.0325248,0.0,0.5608,0.0,0,1.0640940222425983,-8.677707180499693,11.654606647140486
1780006245.0830684,0.0,0.5608,0.131426276621259,0,1.051997091005302,-8.714355756356907,11.693200090336473
1780006245.1291087,0.0,0.5608,0.16848899620289134,0,1.0406536088831455,-8.750115860945497,11.730716215760651
1780006245.1291087,0.0,0.5608,0.0,0,1.0406536088831455,-8.750115860945497,11.730716215760651
1780006245.1781662,0.0,0.5608,0.0,0,1.0406536088831455,-8.750115860945497,11.730716215760651
1780006245.2291055,0.0,0.5608,0.3074333219436957,0,1.0186563508041542,-8.821642089335363,11.805548566456544
1780006245.2291055,0.0,0.5608,0.0,0,1.0186563508041542,-8.821642089335363,11.805548566456544
1780006245.2793927,0.0,0.5608,0.0,0,1.0186563508041542,-8.821642089335363,11.805548566456544
1780006245.334452,0.0,0.5608,0.1194840508013182,0,1.00310346558443,-8.873985635343839,11.860153868830942
1780006245.334452,0.0,0.5608,0.0,0,1.00310346558443,-8.873985635343839,11.860153868830942
1780006245.3804872,0.0,0.5608,0.0,0,1.00310346558443,-8.873985635343839,11.860153868830942
1780006245.429161,0.0,0.4807,0.04269750959579766,0,0.9977933032814589,-8.892214436368205,11.879140364307196
1780006245.429161,0.0,0.4807,0.0,0,0.9894063565649518,-8.921005266887946,11.909127908342043
1780006245.4847994,0.0,0.4807,0.0,0,0.9894063565649518,-8.921005266887946,11.909127908342043
1780006245.5486932,0.0,0.5608,0.07229009355961595,0,0.9790773967876404,-8.957460664334894,11.94701832155035
1780006245.5486932,0.0,0.5608,0.0,0,0.9790773967876404,-8.957460664334894,11.94701832155035
1780006245.5856597,0.0,0.5608,0.07432946856376699,0,0.9729328591615496,-8.97914741364134,11.969558739428443
1780006245.6311944,0.0,0.5608,0.1993205802277942,0,0.9590715900141579,-9.029818886470212,12.022091899822842
1780006245.6311944,0.0,0.5608,0.0,0,0.9590715900141579,-9.029818886470212,12.022091899822842
1780006245.6792295,0.0,0.5608,0.0,0,0.9590715900141579,-9.029818886470212,12.022091899822842
1780006245.7292218,0.0,0.5608,0.0010556227304418565,0,0.9589342380785925,-9.030331761990476,12.02262284883498
1780006245.7292218,0.0,0.4807,0.0,0,0.9451418733529869,-9.081832792574547,12.075938751490243
1780006245.7785697,0.0,0.4807,0.0,0,0.9451418733529869,-9.081832792574547,12.075938751490243
1780006245.82969,0.0,0.5608,-0.16606122307930313,0,0.9215314860298416,-9.078019607267368,12.099855080049114
1780006245.82969,0.0,0.5608,0.0,0,0.9215314860298416,-9.078019607267368,12.099855080049114
1780006245.8791237,0.0,0.5608,0.07805369959499953,0,0.9130491904359868,-9.109115748358462,12.132087351599514
1780006245.9299846,0.0,0.5608,0.16592724966423927,0,0.9020726685401965,-9.151163104238197,12.175543814518232
1780006245.9299846,0.0,0.5608,0.0,0,0.9020726685401965,-9.151163104238197,12.175543814518232
1780006245.9785333,0.0,0.5608,0.0,0,0.9020726685401965,-9.151163104238197,12.175543814518232
1780006246.029843,0.0,0.4807,0.30744397539158463,0,0.8875364145626605,-9.209317656181193,12.235487576423788
1780006246.029843,0.0,0.4807,0.0,0,0.8875364145626605,-9.209317656181193,12.235487576423788
1780006246.0786922,0.0,0.4807,0.0,0,0.8875364145626605,-9.209317656181193,12.235487576423788
1780006246.130409,0.0,0.5608,0.25039278905610896,0,0.8749220873589476,-9.263402939851634,12.291024403489388
1780006246.130409,0.0,0.5608,0.0,0,0.8749220873589476,-9.263402939851634,12.291024403489388
1780006246.1787887,0.0,0.5608,0.0,0,0.8749220873589476,-9.263402939851634,12.291024403489388
1780006246.2290564,0.0,0.5608,0.1500791311561186,0,0.8689807120945205,-9.290762238716475,12.319021388584366
1780006246.2290564,0.0,0.5608,0.0,0,0.8689807120945205,-9.290762238716475,12.319021388584366
1780006246.2820523,0.0,0.4807,0.14622331591037213,0,0.8628778049919537,-9.318865371734047,12.347779545001387
1780006246.332088,0.0,0.4807,0.0,0,0.8628778049919537,-9.318865371734047,12.347779545001387
1780006246.332088,0.0,0.4807,0.0,0,0.8545406951746353,-9.358350845583159,12.388135586001402
1780006246.3800726,0.0,0.4807,0.0,0,0.8545406951746353,-9.358350845583159,12.388135586001402
1780006246.4290555,0.0,0.5608,0.11121506021362203,0,0.8416013660845516,-9.420856618329623,12.451966596207525
1780006246.4290555,0.0,0.5608,0.0,0,0.8416013660845516,-9.420856618329623,12.451966596207525
1780006246.4785724,0.0,0.5608,0.0,0,0.8416013660845516,-9.420856618329623,12.451966596207525
1780006246.5293715,0.0,0.5608,0.0,0,0.8416013660845516,-9.420856618329623,12.451966596207525
1780006246.5293715,0.0,0.5608,0.0,0,0.8304590844856841,-9.476873779296671,12.509081154439526
1780006246.583627,0.0,0.5608,0.0,0,0.8304590844856841,-9.476873779296671,12.509081154439526
1780006246.6296294,0.0,0.4807,0.05509274298782125,0,0.8257414434672417,-9.501215183215079,12.53387551027907
1780006246.6296294,0.0,0.4807,0.0,0,0.8213235900685807,-9.524009786197528,12.557094281861124
1780006246.6832209,0.0,0.4807,0.10570178340143546,0,0.8135844366106451,-9.565375474336854,12.599177706763161
1780006246.7298203,0.0,0.4807,2.3824841255537896e-14,0,0.8135844366106498,-9.54537547433685,12.619177706763164
1780006246.7298203,0.0,0.4807,0.0,0,0.8135844366106498,-9.54537547433685,12.619177706763164
1780006246.7793689,0.0,0.4807,0.0,0,0.8135844366106498,-9.54537547433685,12.619177706763164
1780006246.8311386,0.0,0.5608,0.13017191399730055,0,0.8018222502124793,-9.610167451130083,12.685028669441321
1780006246.8311386,0.0,0.5608,0.0,0,0.8018222502124793,-9.610167451130083,12.685028669441321
1780006246.8832722,0.0,0.5608,0.0,0,0.8018222502124793,-9.610167451130083,12.685028669441321
1780006246.9291275,0.0,0.5608,0.0342394349684243,0,0.8002730447161873,-9.619187991489522,12.694181274865242
1780006246.9291275,0.0,0.4807,0.0,0,0.7929896074742885,-9.661597174618077,12.73721134890292
1780006246.982287,0.0,0.4807,0.0,0,0.7929896074742885,-9.661597174618077,12.73721134890292
1780006247.0426393,0.0,0.4807,0.09430670250035238,0,0.7886553112003071,-9.688422150480736,12.764384229762756
1780006247.0426393,0.0,0.4807,0.0,0,0.7886553112003071,-9.688422150480736,12.764384229762756
1780006247.0825717,0.0,0.4807,0.1051444190309453,0,0.7854579283818138,-9.708210764711989,12.78442949129962
1780006247.129111,0.0,0.5608,0.20195547842694023,0,0.7778064676554791,-9.758915071541876,12.835707864736635
1780006247.129111,0.0,0.5608,0.0,0,0.7778064676554791,-9.758915071541876,12.835707864736635
1780006247.1789532,0.0,0.5608,0.0,0,0.7778064676554791,-9.758915071541876,12.835707864736635
1780006247.2287116,0.0,0.5608,0.0,0,0.7778064676554791,-9.758915071541876,12.835707864736635
1780006247.2287116,0.0,0.5608,0.0,0,0.7778064676554791,-9.758915071541876,12.835707864736635
1780006247.2824826,0.0,0.5608,0.1604809522237362,0,0.7669300505578011,-9.835546934202567,12.913107727938902
1780006247.32955,0.0,0.4807,0.0,0,0.7669300505578011,-9.835546934202567,12.913107727938902
1780006247.32955,0.0,0.4807,0.0,0,0.7619840044342402,-9.871694887044677,12.949592490058613
1780006247.379126,0.0,0.4807,0.0,0,0.7619840044342402,-9.871694887044677,12.949592490058613
1780006247.4299731,0.0,0.5608,0.14472374856441586,0,0.7575974073217066,-9.90792314418266,12.986085350312141
1780006247.4299731,0.0,0.5608,0.0,0,0.7575974073217066,-9.90792314418266,12.986085350312141
1780006247.4809096,0.0,0.5608,0.08115182658386766,0,0.7551333590218124,-9.928273354862803,13.006584194395415
1780006247.5330276,0.0,0.5608,0.05566240679871971,0,0.748661551624087,-9.983103890839262,13.061795352384168
1780006247.5330276,0.0,0.5608,0.0,0,0.748661551624087,-9.983103890839262,13.061795352384168
1780006247.5792944,0.0,0.5608,0.0,0,0.748661551624087,-9.983103890839262,13.061795352384168
1780006247.636599,0.0,0.5608,0.19074232189157236,0,0.7426314731980627,-10.039218848226769,13.118233374040013
1780006247.636599,0.0,0.5608,0.0,0,0.7426314731980627,-10.039218848226769,13.118233374040013
1780006247.6788626,0.0,0.5608,0.0,0,0.7426314731980627,-10.039218848226769,13.118233374040013
1780006247.7303429,0.0,0.5608,0.20992983707232385,0,0.7404274360776477,-10.038432000584745,13.120573653689954
1780006247.7303429,0.0,0.5608,0.0,0,0.7404274360776477,-10.038432000584745,13.120573653689954
1780006247.7846663,0.0,0.5608,0.141664258916705,0,0.7370013148195882,-10.077193248121903,13.159486024698564
1780006247.8298237,0.0,0.6409,-0.7156833760653242,0,0.7313310733680027,-10.11899300664013,13.201668621231985
1780006247.8298237,0.0,0.6409,0.0,0,0.7313310733680027,-10.11899300664013,13.201668621231985
1780006247.8803322,0.0,0.6409,0.0,0,0.7313310733680027,-10.11899300664013,13.201668621231985
1780006247.9317908,0.0,0.5608,-1.6849987845294656,0,0.7168879020118155,-10.194285739916102,13.278334134228318
1780006247.9317908,0.0,0.5608,0.0,0,0.7168879020118155,-10.194285739916102,13.278334134228318
1780006247.9796126,0.0,0.5608,0.0,0,0.7168879020118155,-10.194285739916102,13.278334134228318
1780006248.0295365,0.0,0.6409,-1.8648635961378963,0,0.6974241783883728,-10.257142404326219,13.344135325692118
1780006248.0295365,0.0,0.6409,0.0,0,0.6974241783883728,-10.257142404326219,13.344135325692118
1780006248.0806813,0.0,0.6409,0.0,0,0.6974241783883728,-10.257142404326219,13.344135325692118
1780006248.130199,0.0,0.6409,-0.7474453441282274,0,0.6887726406911436,-10.277648965122474,13.366392192951844
1780006248.130199,0.0,0.6409,0.0,0,0.6887726406911436,-10.277648965122474,13.366392192951844
1780006248.1828794,0.0,0.6409,-1.175657088773172,0,0.6742954434263662,-10.311963966253956,13.403636099074818
1780006248.2308302,0.0,0.5608,-1.0263745448881127,0,0.6550686375699812,-10.350191658767502,13.446426594962917
1780006248.2308302,0.0,0.5608,0.0,0,0.6550686375699812,-10.350191658767502,13.446426594962917
1780006248.280455,0.0,0.5608,0.0,0,0.6550686375699812,-10.350191658767502,13.446426594962917
1780006248.330224,0.0,0.5608,-1.1705815957842616,0,0.6219341788770014,-10.411168482676915,13.515824472502194
1780006248.330224,0.0,0.5608,0.0,0,0.6219341788770014,-10.411168482676915,13.515824472502194
1780006248.3847616,0.0,0.5608,0.0,0,0.6219341788770014,-10.411168482676915,13.515824472502194
1780006248.4306574,0.0,0.4807,0.16351734265794537,0,0.5986601135425613,-10.453852115196232,13.564441080798494
1780006248.4306574,0.0,0.4807,0.0,0,0.5986601135425613,-10.453852115196232,13.564441080798494
1780006248.479401,0.0,0.4807,0.0,0,0.5986601135425613,-10.453852115196232,13.564441080798494
1780006248.5324333,0.0,0.4807,0.22291895891879254,0,0.5889034438523837,-10.473277324790354,13.58617886751239
1780006248.5324333,0.0,0.4807,0.0,0,0.5708117416790772,-10.509297310891213,13.626487043931494
1780006248.5794356,0.0,0.4807,0.0,0,0.5708117416790772,-10.509297310891213,13.626487043931494
1780006248.6303675,0.0,0.4807,0.0,0,0.5708117416790772,-10.509297310891213,13.626487043931494
1780006248.6303675,0.0,0.4807,0.0,0,0.5606833175597368,-10.531460458693335,13.650854852524798
1780006248.6803262,0.0,0.4807,0.0,0,0.5606833175597368,-10.531460458693335,13.650854852524798
1780006248.7304068,0.0,0.4006,1.491468294137521,0,0.5397492290897274,-10.583601832317157,13.707041673964076
1780006248.7304068,0.0,0.4006,0.0,0,0.5397492290897274,-10.583601832317157,13.707041673964076
1780006248.7816634,0.0,0.4006,0.0,0,0.5397492290897274,-10.583601832317157,13.707041673964076
1780006248.8289926,0.0,0.4807,0.025394411185399687,0,0.5395298385054028,-10.58431352401312,13.707786413716335
1780006248.8289926,0.0,0.4807,0.0,0,0.527331683898949,-10.623883705961545,13.74919407333668
1780006248.8789806,0.0,0.4807,0.0,0,0.527331683898949,-10.623883705961545,13.74919407333668
1780006248.9296358,0.0,0.4006,0.6650068965915126,0,0.5228231994583221,-10.643071274381674,13.768904203063004
1780006248.9296358,0.0,0.4006,0.0,0,0.5228231994583221,-10.643071274381674,13.768904203063004
1780006248.9819763,0.0,0.4006,0.6601883993531119,0,0.5181984645996021,-10.662753590622366,13.789122554754279
1780006249.0302436,0.0,0.4006,1.1233607215811736,0,0.5115332180029357,-10.702685899080656,13.829607302141442
1780006249.0302436,0.0,0.4807,0.0,0,0.5115332180029357,-10.702685899080656,13.829607302141442
1780006249.0802538,0.0,0.4807,0.0,0,0.5115332180029357,-10.702685899080656,13.829607302141442
1780006249.1303215,0.0,0.4807,0.9079493285128186,0,0.5035357283525106,-10.761150620339109,13.888616483397728
1780006249.1303215,0.0,0.4807,0.0,0,0.5035357283525106,-10.761150620339109,13.888616483397728
1780006249.1792002,0.0,0.4807,0.0,0,0.5035357283525106,-10.761150620339109,13.888616483397728
1780006249.2296627,0.0,0.4807,0.0235906533849269,0,0.5027165731300549,-10.767838676765171,13.895354518277177
1780006249.2296627,0.0,0.5608,0.0,0,0.49718533758243644,-10.812998878927383,13.940852193228926
1780006249.281621,0.0,0.5608,0.0,0,0.49718533758243644,-10.812998878927383,13.940852193228926
1780006249.331811,0.0,0.5608,0.00017172715648529677,0,0.4934475993941285,-10.84351991810252,13.971601250435524
1780006249.331811,0.0,0.5608,0.0,0,0.4934475993941285,-10.84351991810252,13.971601250435524
1780006249.3835666,0.0,0.5608,0.00013792332171636928,0,0.4903519728495844,-10.868797702226935,13.997067881032127
1780006249.4372876,0.0,0.5608,0.0,0,0.4903519728495844,-10.868797702226935,13.997067881032127
1780006249.4372876,0.0,0.5608,0.0,0,0.4838921005547301,-10.917452920734924,14.046150059448799
1780006249.4803784,0.0,0.5608,0.0,0,0.4838921005547301,-10.917452920734924,14.046150059448799
1780006249.5353026,0.0,0.5608,-0.12923376659483235,0,0.47479332002000874,-10.983391764221686,14.112713704838686
1780006249.5353026,0.0,0.5608,0.0,0,0.47479332002000874,-10.983391764221686,14.112713704838686
1780006249.580089,0.0,0.5608,0.0,0,0.47479332002000874,-10.983391764221686,14.112713704838686
1780006249.6300938,0.0,0.4807,-0.03976848329935322,0,0.4635106740172553,-10.951991956343683,14.146079046671177
1780006249.6300938,0.0,0.4807,0.0,0,0.45815898130137145,-10.98787526743314,14.182359242779633
1780006249.6798215,0.0,0.4807,0.0,0,0.45815898130137145,-10.98787526743314,14.182359242779633
1780006249.729793,0.0,0.5608,0.0,0,0.45815898130137145,-10.98787526743314,14.182359242779633
1780006249.729793,0.0,0.5608,0.0,0,0.4531248031971026,-11.021284086438467,14.216145218220875
1780006249.7794166,0.0,0.5608,-0.012232727024004356,0,0.44973545965587236,-11.043777125534525,14.238892184115633
1780006249.8300464,0.0,0.4807,0.3924708978806098,0,0.4440008910115786,-11.088628852500825,14.28410902488758
1780006249.8300464,0.0,0.4807,0.0,0,0.4440008910115786,-11.088628852500825,14.28410902488758
1780006249.8797758,0.0,0.4807,0.0,0,0.4440008910115786,-11.088628852500825,14.28410902488758
1780006249.9306107,0.0,0.5608,0.3871323023942157,0,0.43758219207549376,-11.145843811586413,14.341682901248285
1780006249.9306107,0.0,0.5608,0.0,0,0.43758219207549376,-11.145843811586413,14.341682901248285
1780006249.979856,0.0,0.5608,0.0,0,0.43758219207549376,-11.145843811586413,14.341682901248285
1780006250.02904,0.0,0.5608,0.09700478580334539,0,0.43594980393133553,-11.16308470872654,14.359000904171534
1780006250.02904,0.0,0.5608,0.0,0,0.432241838836129,-11.202247358268197,14.398338699283487
1780006250.0786326,0.0,0.5608,0.0,0,0.432241838836129,-11.202247358268197,14.398338699283487
1780006250.1314805,0.0,0.4006,0.27905519713694216,0,0.43037012688303633,-11.228289295962497,14.424447813104319
1780006250.1314805,0.0,0.4006,0.0,0,0.43037012688303633,-11.228289295962497,14.424447813104319
1780006250.179335,0.0,0.4006,0.1651388424870754,0,0.4293671406705226,-11.24224427680844,14.438438791331489
1780006250.2294216,0.0,0.4006,1.6433036681277895,0,0.42978836251632047,-11.282139871510138,14.47833660962329
1780006250.2294216,0.0,0.4006,0.0,0,0.42978836251632047,-11.282139871510138,14.47833660962329
1780006250.2790341,0.0,0.4006,0.0,0,0.42978836251632047,-11.282139871510138,14.47833660962329
1780006250.3294332,0.0,0.4807,1.566642066953745,0,0.4340232293834535,-11.329322458071069,14.52570886492069
1780006250.3294332,0.0,0.4807,0.0,0,0.4340232293834535,-11.329322458071069,14.52570886492069
1780006250.379124,0.0,0.4807,0.0,0,0.4340232293834535,-11.329322458071069,14.52570886492069
1780006250.4295433,0.0,0.4006,0.5558818775602198,0,0.43637572987050166,-11.343052089350815,14.539638582563892
1780006250.4295433,0.0,0.4006,0.0,0,0.43637572987050166,-11.343052089350815,14.539638582563892
1780006250.4798608,0.0,0.4006,1.0365108694837593,0,0.44075340238952754,-11.36860100204206,14.565559827834688
1780006250.5288942,0.0,0.4006,1.001171322328401,0,0.4478229221694451,-11.39684842011718,14.594678459976828
1780006250.5288942,0.0,0.4006,0.0,0,0.4478229221694451,-11.39684842011718,14.594678459976828
1780006250.5797005,0.0,0.4006,0.5205329841668584,0,0.45163143269013406,-11.412065944400371,14.61036532702209
1780006250.6295388,0.0,0.4807,1.4105357917969337,0,0.46457301347099234,-11.451710673970574,14.652068913148488
1780006250.6295388,0.0,0.4807,0.0,0,0.46457301347099234,-11.451710673970574,14.652068913148488
1780006250.6792243,0.0,0.4807,0.0,0,0.46457301347099234,-11.451710673970574,14.652068913148488
1780006250.729318,0.0,0.5608,0.8880794748782181,0,0.4850575176416737,-11.506129145126819,14.71021515046529
1780006250.729318,0.0,0.5608,0.0,0,0.4850575176416737,-11.506129145126819,14.71021515046529
1780006250.7782524,0.0,0.5608,0.0,0,0.4850575176416737,-11.506129145126819,14.71021515046529
1780006250.8307996,0.0,0.4807,0.23758381061463055,0,0.49243764201841034,-11.524026757393342,14.729574663905945
1780006250.8307996,0.0,0.4807,0.0,0,0.49243764201841034,-11.524026757393342,14.729574663905945
1780006250.8784702,0.0,0.4807,0.3902869530860099,0,0.503436099984215,-11.550699226060956,14.758425775885389
1780006250.9287696,0.0,0.5608,0.3825709562940064,0,0.5204753416974514,-11.58930675597259,14.800626215741387
1780006250.9287696,0.0,0.5608,0.0,0,0.5204753416974514,-11.58930675597259,14.800626215741387
1780006250.9787123,0.0,0.4807,0.0,0,0.5204753416974514,-11.58930675597259,14.800626215741387
1780006251.0299149,0.0,0.4807,0.4782387462861467,0,0.5457730020758801,-11.64429781587691,14.861157102815863
1780006251.0299149,0.0,0.4807,0.0,0,0.5457730020758801,-11.64429781587691,14.861157102815863
1780006251.078979,0.0,0.4807,0.0,0,0.5457730020758801,-11.64429781587691,14.861157102815863
1780006251.1285033,0.0,0.4807,0.3622068320346717,0,0.5668681568295829,-11.687660168542667,14.909378458902063
1780006251.1285033,0.0,0.5608,0.0,0,0.5668681568295829,-11.687660168542667,14.909378458902063
1780006251.1788056,0.0,0.5608,0.0,0,0.5668681568295829,-11.687660168542667,14.909378458902063
1780006251.228905,0.0,0.5608,0.10729043793052165,0,0.5788204908816571,-11.71154082414528,14.936083215057156
1780006251.228905,0.0,0.5608,0.0,0,0.5788204908816571,-11.71154082414528,14.936083215057156
1780006251.2792463,0.0,0.5608,0.11713822750495169,0,0.5919329175984199,-11.737739334425633,14.965379932882064
1780006251.3292222,0.0,0.5608,0.2671723119071359,0,0.6134575654539572,-11.779037614636012,15.011950936882835
1780006251.3292222,0.0,0.5608,0.0,0,0.6134575654539572,-11.779037614636012,15.011950936882835
1780006251.3788166,0.0,0.4807,0.0,0,0.6134575654539572,-11.779037614636012,15.011950936882835
1780006251.42913,0.0,0.4807,0.31992974388396583,0,0.6405491359072745,-11.829697738622471,15.069400056562344
1780006251.42913,0.0,0.4807,0.0,0,0.6405491359072745,-11.829697738622471,15.069400056562344
1780006251.4788816,0.0,0.4807,0.0,0,0.6405491359072745,-11.829697738622471,15.069400056562344
1780006251.5304413,0.0,0.5608,0.9988080638302501,0,0.6970093481768409,-11.888593040989967,15.15098689502593
1780006251.5304413,0.0,0.4807,0.0,0,0.6970093481768409,-11.888593040989967,15.15098689502593
1780006251.5788643,0.0,0.4807,0.0,0,0.6970093481768409,-11.888593040989967,15.15098689502593
1780006251.6302226,0.0,0.4807,0.1590022000455997,0,0.710826302337435,-11.910628693874749,15.17699608994493
1780006251.6302226,0.0,0.4807,0.0,0,0.710826302337435,-11.910628693874749,15.17699608994493
1780006251.6791682,0.0,0.4807,0.14082513095374075,0,0.7224888543943326,-11.929228447908054,15.198949813332531
1780006251.7292738,0.0,0.5608,0.2887541596193182,0,0.749854618191951,-11.971320075136052,15.249155292226053
1780006251.7292738,0.0,0.5608,0.0,0,0.749854618191951,-11.971320075136052,15.249155292226053
1780006251.7789574,0.0,0.5608,0.0,0,0.749854618191951,-11.971320075136052,15.249155292226053
1780006251.82932,0.0,0.4807,0.28868773600610603,0,0.7821657140542448,-12.019829188814528,15.307440290516295
1780006251.82932,0.0,0.4807,0.0,0,0.7821657140542448,-12.019829188814528,15.307440290516295
1780006251.8801327,0.0,0.4807,0.0,0,0.7821657140542448,-12.019829188814528,15.307440290516295
1780006251.9290009,0.0,0.5608,0.036293740005909306,0,0.7872019378783615,-12.027201154576694,15.316368304271053
1780006251.9290009,0.0,0.5608,0.0,0,0.8113292404862693,-12.062518419053152,15.359140209784295
1780006251.9796293,0.0,0.5608,0.0,0,0.8113292404862693,-12.062518419053152,15.359140209784295
1780006252.0299234,0.0,0.5608,0.09574620134778124,0,0.83016919430916,-12.089607846581933,15.392136890585334
1780006252.0299234,0.0,0.5608,0.0,0,0.83016919430916,-12.089607846581933,15.392136890585334
1780006252.0832038,0.0,0.4807,0.06628957386296429,0,0.843987444131826,-12.109476710415924,15.416338456200297
1780006252.1296597,0.0,0.4807,0.3116997027642425,0,0.8697371520130419,-12.14527923703523,15.460439117967372
1780006252.1296597,0.0,0.4807,0.0,0,0.8697371520130419,-12.14527923703523,15.460439117967372
1780006252.179776,0.0,0.4807,0.0,0,0.8697371520130419,-12.14527923703523,15.460439117967372
1780006252.2304559,0.0,0.4807,0.4080990365109439,0,0.9025778348616749,-12.18925892528314,15.51532739930636
1780006252.2304559,0.0,0.4807,0.0,0,0.9025778348616749,-12.18925892528314,15.51532739930636
1780006252.2797306,0.0,0.4807,0.0,0,0.9025778348616749,-12.18925892528314,15.51532739930636
1780006252.3289766,0.0,0.5608,0.07672633866016608,0,0.9096614038719664,-12.198382988410676,15.526878393976899
1780006252.3289766,0.0,0.5608,0.0,0,0.9096614038719664,-12.198382988410676,15.526878393976899
1780006252.3790948,0.0,0.5608,0.27011786794606313,0,0.935041011242578,-12.231073449880764,15.568264270087157
1780006252.4298224,0.0,0.5608,0.1611864900094354,0,0.9566279999471061,-12.258074613303824,15.602833923072518
1780006252.4298224,0.0,0.5608,0.0,0,0.9566279999471061,-12.258074613303824,15.602833923072518
1780006252.4806278,0.0,0.5608,0.11985862503756586,0,0.9727047267204276,-12.278183500784884,15.628579378971958
1780006252.5298333,0.0,0.4807,0.29637916492819394,0,0.9999578032642855,-12.311231807320068,15.67141535387564
1780006252.5298333,0.0,0.4807,0.0,0,0.9999578032642855,-12.311231807320068,15.67141535387564
1780006252.5800934,0.0,0.4807,0.0,0,0.9999578032642855,-12.311231807320068,15.67141535387564
1780006252.6301806,0.0,0.5608,0.31630002179096073,0,1.0366087242677127,-12.354359293892921,15.72801279293865
1780006252.6301806,0.0,0.5608,0.0,0,1.0366087242677127,-12.354359293892921,15.72801279293865
1780006252.6823978,0.0,0.5608,0.0,0,1.0366087242677127,-12.354359293892921,15.72801279293865
1780006252.7291365,0.0,0.5608,0.08914257849383316,0,1.0491942888667398,-12.368737539774775,15.7471211782947
1780006252.7291365,0.0,0.5608,0.0,0,1.0793793519661898,-12.403222147579877,15.792950494346648
1780006252.7798734,0.0,0.5608,0.0,0,1.0793793519661898,-12.403222147579877,15.792950494346648
1780006252.8322186,0.0,0.6409,-0.4837169891200685,0,1.1007350250356946,-12.429696034112595,15.826964189241481
1780006252.8322186,0.0,0.6409,0.0,0,1.1007350250356946,-12.429696034112595,15.826964189241481
1780006252.8810592,0.0,0.6409,-0.3050015147365693,0,1.1132989903766286,-12.44527114578219,15.846975119469947
1780006252.9348958,0.0,0.6409,-1.4305546843913934,0,1.150548531680267,-12.499511426983634,15.912774332475449
1780006252.9348958,0.0,0.6409,0.0,0,1.150548531680267,-12.499511426983634,15.912774332475449
1780006252.979168,0.0,0.6409,0.0,0,1.150548531680267,-12.499511426983634,15.912774332475449
1780006253.0305998,0.0,0.6409,-1.545730905168485,0,1.1837557270561523,-12.557203766741875,15.97934102002645
1780006253.0305998,0.0,0.6409,0.0,0,1.1837557270561523,-12.557203766741875,15.97934102002645
1780006253.0790207,0.0,0.6409,0.0,0,1.1837557270561523,-12.557203766741875,15.97934102002645
1780006253.1308386,0.0,0.5608,-0.5093946276627643,0,1.1915534944978474,-12.573605258948419,15.997501805352973
1780006253.1308386,0.0,0.5608,0.0,0,1.1915534944978474,-12.573605258948419,15.997501805352973
1780006253.1792421,0.0,0.5608,-1.0760212035448333,0,1.2069397793828571,-12.605968115819453,16.03333603853045
1780006253.2313945,0.0,0.5608,-3.1836751912339922,0,1.157147858880839,-12.637984838027089,16.092533216235136
1780006253.2313945,0.0,0.5608,0.0,0,1.157147858880839,-12.637984838027089,16.092533216235136
1780006253.2786126,0.0,0.5608,0.0,0,1.157147858880839,-12.637984838027089,16.092533216235136
1780006253.3287764,0.0,0.5608,-0.31094060324707007,0,1.1614722553668573,-12.654100123374734,16.109218623835922
1780006253.3287764,0.0,0.5608,0.0,0,1.1758486532671866,-12.71165927100245,16.16854598929418
1780006253.382758,0.0,0.5608,0.0,0,1.1758486532671866,-12.71165927100245,16.16854598929418
1780006253.4312115,0.0,0.5608,-0.28665497799739426,0,1.1876564616040097,-12.761131943459745,16.21940825092091
1780006253.4312115,0.0,0.5608,0.0,0,1.1876564616040097,-12.761131943459745,16.21940825092091
1780006253.4800434,0.0,0.5608,0.0,0,1.1876564616040097,-12.761131943459745,16.21940825092091
1780006253.5365455,0.0,0.6409,-0.49560681185521605,0,1.1924816880140863,-12.789408338166483,16.248093391804645
1780006253.5365455,0.0,0.6409,0.0,0,1.1924816880140863,-12.789408338166483,16.248093391804645
1780006253.5859625,0.0,0.6409,-0.7213492822385783,0,1.198624086071213,-12.82540351376001,16.28460889152601
1780006253.6312327,0.0,0.5608,-1.4404392937119597,0,1.2022035396063084,-12.867661080698243,16.327017787422378
1780006253.6312327,0.0,0.5608,0.0,0,1.2022035396063084,-12.867661080698243,16.327017787422378
1780006253.6788878,0.0,0.5608,0.0,0,1.2022035396063084,-12.867661080698243,16.327017787422378
1780006253.72907,0.0,0.6409,0.0,0,1.2022035396063084,-12.867661080698243,16.327017787422378
1780006253.72907,0.0,0.6409,0.0,0,1.202671324159431,-12.944666849678313,16.404024977207488
1780006253.7795353,0.0,0.6409,0.0,0,1.202671324159431,-12.944666849678313,16.404024977207488
1780006253.829491,0.0,0.5608,-0.26386155582031023,0,1.201849514322809,-12.952954333044495,16.41235310736691
1780006253.829491,0.0,0.5608,0.0,0,1.1970811485429702,-13.00104058161843,16.46067519976909
1780006253.8789337,0.0,0.5608,0.0,0,1.1970811485429702,-13.00104058161843,16.46067519976909
1780006253.9294431,0.0,0.5608,-0.8544470057939613,0,1.1911820446134316,-13.031703935978124,16.491900841920366
1780006253.9294431,0.0,0.6409,0.0,0,1.1911820446134316,-13.031703935978124,16.491900841920366
1780006253.9807036,0.0,0.6409,-0.9376324243739976,0,1.1846123759895069,-13.065852864264071,16.526675974542787
1780006254.0295327,0.0,0.5608,-2.3034938630502015,0,1.1934695863546625,-13.009106259715455,16.5841096519738
1780006254.0295327,0.0,0.5608,0.0,0,1.1934695863546625,-13.009106259715455,16.5841096519738
1780006254.0791013,0.0,0.5608,0.0,0,1.1934695863546625,-13.009106259715455,16.5841096519738
1780006254.1292362,0.0,0.5608,-1.9531573338637602,0,1.1688561175310759,-13.069347919133984,16.649185610491735
1780006254.1292362,0.0,0.5608,0.0,0,1.1688561175310759,-13.069347919133984,16.649185610491735
1780006254.1787856,0.0,0.5608,0.0,0,1.1688561175310759,-13.069347919133984,16.649185610491735
1780006254.228961,0.0,0.6409,-0.23207960150555473,0,1.163356166148947,-13.080415156791483,16.66154413850171
1780006254.228961,0.0,0.6409,0.0,0,1.163356166148947,-13.080415156791483,16.66154413850171
1780006254.2790897,0.0,0.6409,-0.9796122450205312,0,1.1401623919838175,-13.127086662233138,16.713661127864235
1780006254.3292713,0.0,0.5608,-0.7118821230369473,0,1.125027462253643,-13.153027872785508,16.74369465084872
1780006254.3292713,0.0,0.5608,0.0,0,1.1118032003779115,-13.175694206084305,16.769936673777032
1780006254.3793938,0.0,0.5608,0.0,0,1.1118032003779115,-13.175694206084305,16.769936673777032
1780006254.4288912,0.0,0.5608,-1.0124114818020191,0,1.0844875621053416,-13.216898270060215,16.819372682741843
1780006254.4288912,0.0,0.5608,0.0,0,1.0844875621053416,-13.216898270060215,16.819372682741843
1780006254.478928,0.0,0.5608,0.0,0,1.0844875621053416,-13.216898270060215,16.819372682741843
1780006254.5287724,0.0,0.5608,-1.18899407134839,0,1.0427906053376634,-13.273809765319251,16.88992446866045
1780006254.5287724,0.0,0.5608,0.0,0,1.0427906053376634,-13.273809765319251,16.88992446866045
1780006254.579358,0.0,0.5608,0.0,0,1.0427906053376634,-13.273809765319251,16.88992446866045
1780006254.6299067,0.0,0.5608,-0.034974696021788855,0,1.0396584022210544,-13.277897557908195,16.895074298231798
1780006254.6299067,0.0,0.5608,0.0,0,1.0139376875664605,-13.31146528734115,16.93736315754045
1780006254.6789804,0.0,0.5608,0.0,0,1.0139376875664605,-13.31146528734115,16.93736315754045
1780006254.7292633,0.0,0.4807,-0.12089333165313833,0,0.9961920402511477,-13.33414587508946,16.9661610230733
1780006254.7292633,0.0,0.4807,0.0,0,0.9961920402511477,-13.33414587508946,16.9661610230733
1780006254.7790408,0.0,0.4807,-0.08111686547898653,0,0.9844047761243728,-13.349211094948142,16.985289547454048
1780006254.8291614,0.0,0.5608,2.0959888774501385,0,1.025423921540302,-13.367459993388703,17.030184898938884
1780006254.8291614,0.0,0.5608,0.0,0,1.025423921540302,-13.367459993388703,17.030184898938884
1780006254.8790798,0.0,0.5608,0.0,0,1.025423921540302,-13.367459993388703,17.030184898938884
1780006254.9296687,0.0,0.4807,0.0,0,1.025423921540302,-13.367459993388703,17.030184898938884
1780006254.9296687,0.0,0.4807,0.0,0,0.9934242172026371,-13.420227568940794,17.09189711902003
1780006254.9805372,0.0,0.4807,0.0,0,0.9934242172026371,-13.420227568940794,17.09189711902003
1780006255.049603,0.0,0.4807,0.40744799139297955,0,0.9739419766813051,-13.454550772473405,17.13136406717253
1780006255.049603,0.0,0.4807,0.0,0,0.9739419766813051,-13.454550772473405,17.13136406717253
1780006255.089269,0.0,0.4807,0.0,0,0.9739419766813051,-13.454550772473405,17.13136406717253
1780006255.132033,0.0,0.4006,1.1112696581419401,0,0.9638477620369936,-13.476138209988157,17.155194942686006
1780006255.132033,0.0,0.4006,0.0,0,0.9638477620369936,-13.476138209988157,17.155194942686006
1780006255.1797256,0.0,0.4006,0.6573491863999834,0,0.9571886025243088,-13.490379455587371,17.170916185691333
1780006255.2293906,0.0,0.4006,1.3713878343782404,0,0.9452872456145704,-13.522122849213252,17.20481729681148
1780006255.2293906,0.0,0.4006,0.0,0,0.9452872456145704,-13.522122849213252,17.20481729681148
1780006255.2792,0.0,0.4006,0.0,0,0.9452872456145704,-13.522122849213252,17.20481729681148
1780006255.3290908,0.0,0.4807,1.80456858978109,0,0.9291963833343423,-13.576723112200938,17.261739213216725
1780006255.3290908,0.0,0.4807,0.0,0,0.9291963833343423,-13.576723112200938,17.261739213216725
1780006255.380382,0.0,0.4807,0.0,0,0.9291963833343423,-13.576723112200938,17.261739213216725
1780006255.4290895,0.0,0.4006,0.17442288245810098,0,0.9283137385720339,-13.581180756852874,17.266283402651528
1780006255.4290895,0.0,0.4006,0.0,0,0.9204931625064954,-13.620677223112335,17.306546689365128
1780006255.4817357,0.0,0.4006,0.0,0,0.9204931625064954,-13.620677223112335,17.306546689365128
1780006255.5297744,0.0,0.4006,0.7473837248388063,0,0.9186897155408527,-13.63560830023186,17.321586286597338
1780006255.5297744,0.0,0.4006,0.0,0,0.9186897155408527,-13.63560830023186,17.321586286597338
1780006255.5788615,0.0,0.4006,0.0,0,0.9186897155408527,-13.63560830023186,17.321586286597338
1780006255.6295123,0.0,0.4006,2.2025006224375585,0,0.9150328540238382,-13.689680031853552,17.375781533591173
1780006255.6295123,0.0,0.4006,0.0,0,0.9150328540238382,-13.689680031853552,17.375781533591173
1780006255.6790783,0.0,0.4006,0.0,0,0.9150328540238382,-13.689680031853552,17.375781533591173
1780006255.7301214,0.0,0.4006,0.0,0,0.9150328540238382,-13.689680031853552,17.375781533591173
1780006255.7301214,0.0,0.4807,0.0,0,0.9165932032575237,-13.753910681514752,17.44003113316682
1780006255.7794664,0.0,0.4807,0.0,0,0.9165932032575237,-13.753910681514752,17.44003113316682
1780006255.8290522,0.0,0.4807,0.0,0,0.9165932032575237,-13.753910681514752,17.44003113316682
1780006255.8290522,0.0,0.4006,0.0,0,0.9190232331897714,-13.78251311580668,17.46873660813059
1780006255.87961,0.0,0.4006,0.0,0,0.9190232331897714,-13.78251311580668,17.46873660813059
1780006255.9287972,0.0,0.4006,3.6405805559091986,0,0.9219079072568399,-13.887937787467342,17.574200738237618
1780006255.9287972,0.0,0.4807,0.0,0,0.9219079072568399,-13.887937787467342,17.574200738237618
1780006255.979472,0.0,0.4807,0.0,0,0.9219079072568399,-13.887937787467342,17.574200738237618
1780006256.0287,0.0,0.4807,0.0,0,0.9219079072568399,-13.887937787467342,17.574200738237618
1780006256.0287,0.0,0.4807,0.0,0,0.9261623963234036,-13.90198914646011,17.588882065383387
1780006256.0796537,0.0,0.4807,0.0,0,0.9261623963234036,-13.90198914646011,17.588882065383387
1780006256.1296444,0.0,0.5608,2.1948701587705775,0,0.9644355860126828,-13.998446615552925,17.692655281546244
1780006256.1296444,0.0,0.5608,0.0,0,0.9644355860126828,-13.998446615552925,17.692655281546244
1780006256.1794786,0.0,0.5608,0.0,0,0.9644355860126828,-13.998446615552925,17.692655281546244
1780006256.230167,0.0,0.5608,0.030439677369369054,0,0.9714840255286927,-14.0147199753968,17.71038950665531
1780006256.230167,0.0,0.5608,0.0,0,0.9714840255286927,-14.0147199753968,17.71038950665531
1780006256.278806,0.0,0.5608,0.0,0,0.9714840255286927,-14.0147199753968,17.71038950665531
1780006256.3297067,0.0,0.4807,0.16616098678980204,0,0.9999912319976763,-14.079954352082412,17.781580690956638
1780006256.3297067,0.0,0.4807,0.0,0,0.9999912319976763,-14.079954352082412,17.781580690956638
1780006256.3797429,0.0,0.4807,0.04758220852295082,0,1.0060398929650125,-14.093641706123709,17.79654498045362
1780006256.42987,0.0,0.4807,0.8607105558286838,0,1.0274798335420106,-14.136996558063185,17.84491143823832
1780006256.42987,0.0,0.4807,0.0,0,1.0274798335420106,-14.136996558063185,17.84491143823832
1780006256.4791985,0.0,0.4807,0.0,0,1.0274798335420106,-14.136996558063185,17.84491143823832
1780006256.5292828,0.0,0.4006,1.254839255306521,0,1.047482129731566,-14.171761485270132,17.88501994128392
1780006256.5292828,0.0,0.4006,0.0,0,1.047482129731566,-14.171761485270132,17.88501994128392
1780006256.579753,0.0,0.4006,0.0,0,1.047482129731566,-14.171761485270132,17.88501994128392
1780006256.62886,0.0,0.4006,0.0,0,1.047482129731566,-14.171761485270132,17.88501994128392
1780006256.62886,0.0,0.4006,0.0,0,1.056097065797346,-14.18436886237628,17.900289619764955
1780006256.6806612,0.0,0.4006,1.0814748243752716,0,1.078732639334604,-14.217494495511469,17.940410396925518
1780006256.7295861,0.0,0.4807,0.897026672564462,0,1.0892840467719593,-14.230696299784885,17.957310687898833
1780006256.7295861,0.0,0.4807,0.0,0,1.0892840467719593,-14.230696299784885,17.957310687898833
1780006256.7795143,0.0,0.4807,0.0,0,1.0892840467719593,-14.230696299784885,17.957310687898833
1780006256.8364744,0.0,0.4006,1.8674972801108884,0,1.1240111768061252,-14.269313011648558,18.00924549314129
1780006256.8364744,0.0,0.4006,0.0,0,1.1240111768061252,-14.269313011648558,18.00924549314129
1780006256.888946,0.0,0.4006,0.0,0,1.1240111768061252,-14.269313011648558,18.00924549314129
1780006256.9420469,0.0,0.4006,1.4120404038892127,0,1.1540952772844508,-14.297121405209742,18.05021328358749
1780006256.9420469,0.0,0.4006,0.0,0,1.1540952772844508,-14.297121405209742,18.05021328358749
1780006256.983735,0.0,0.4006,0.0,0,1.1540952772844508,-14.297121405209742,18.05021328358749
1780006257.0330272,0.0,0.4807,0.48629384592714914,0,1.1504162457674716,-14.37937375383411,18.132547870044988
1780006257.0330272,0.0,0.4807,0.0,0,1.1504162457674716,-14.37937375383411,18.132547870044988
1780006257.0808115,0.0,0.4807,0.9233482912970266,0,1.172870006860029,-14.397457725173597,18.161378433803073
1780006257.1320348,0.0,0.4006,1.1342206022537789,0,1.1978381763201384,-14.414596019686853,18.191662598394686
1780006257.1320348,0.0,0.4006,0.0,0,1.1978381763201384,-14.414596019686853,18.191662598394686
1780006257.178789,0.0,0.4006,0.0,0,1.1978381763201384,-14.414596019686853,18.191662598394686
1780006257.2303746,0.0,0.4006,1.9441258086357993,0,1.2417144922330805,-14.440599221557196,18.24266551601321
1780006257.2303746,0.0,0.4006,0.0,0,1.2417144922330805,-14.440599221557196,18.24266551601321
1780006257.2790534,0.0,0.4006,0.0,0,1.2417144922330805,-14.440599221557196,18.24266551601321
1780006257.330348,0.0,0.4807,0.15025696968308042,0,1.2455249426984651,-14.44238754970332,18.246874749946763
1780006257.330348,0.0,0.4807,0.0,0,1.2816732559805746,-14.459352747562328,18.28680617230481
1780006257.379873,0.0,0.4807,0.0,0,1.2816732559805746,-14.459352747562328,18.28680617230481
1780006257.4295473,0.0,0.4006,0.7716503587030678,0,1.301138903410037,-14.466725771870435,18.307621381102614
1780006257.4295473,0.0,0.4006,0.0,0,1.301138903410037,-14.466725771870435,18.307621381102614
1780006257.479504,0.0,0.4006,0.0,0,1.301138903410037,-14.466725771870435,18.307621381102614
1780006257.5285342,0.0,0.4006,0.0,0,1.301138903410037,-14.466725771870435,18.307621381102614
1780006257.5285342,0.0,0.4006,0.0,0,1.3525020140346258,-14.483402614506108,18.361624031161004
1780006257.5977786,0.0,0.4006,0.0,0,1.3525020140346258,-14.483402614506108,18.361624031161004
1780006257.6380143,0.0,0.4807,2.5371857571049974,0,1.4081801988411304,-14.496126395433146,18.418737557268454
1780006257.6380143,0.0,0.4807,0.0,0,1.4081801988411304,-14.496126395433146,18.418737557268454
1780006257.6860032,0.0,0.4807,0.0,0,1.4081801988411304,-14.496126395433146,18.418737557268454
1780006257.7295902,0.0,0.4006,0.1757113676040317,0,1.411575868763061,-14.496558314206938,18.422160586343097
1780006257.7295902,0.0,0.4006,0.0,0,1.411575868763061,-14.496558314206938,18.422160586343097
1780006257.778759,0.0,0.4006,1.442978808234335,0,1.4430329714310788,-14.50055956094874,18.453871141112053
1780006257.8306196,0.0,0.4006,0.812351938532366,0,1.466049141022332,-14.501732699985,18.476917188882805
1780006257.8306196,0.0,0.4006,0.0,0,1.466049141022332,-14.501732699985,18.476917188882805
1780006257.8798313,0.0,0.4006,0.6799669461693545,0,1.4843304825162744,-14.502664503830843,18.495222262092856
1780006257.9297354,0.0,0.4006,1.362010347281815,0,1.5202741062624652,-14.501853025233624,18.531175044815775
1780006257.9297354,0.0,0.4006,0.0,0,1.5202741062624652,-14.501853025233624,18.531175044815775
1780006257.978748,0.0,0.4006,0.0,0,1.5202741062624652,-14.501853025233624,18.531175044815775
1780006258.0294366,0.0,0.4807,1.2684714174828091,0,1.578998194495035,-14.497238141680336,18.590080186263336
1780006258.0294366,0.0,0.4807,0.0,0,1.578998194495035,-14.497238141680336,18.590080186263336
1780006258.0787067,0.0,0.4807,0.0,0,1.578998194495035,-14.497238141680336,18.590080186263336
1780006258.133282,0.0,0.4807,0.11719960998415488,0,1.5844283910304724,-14.49652396395349,18.595557145660575
1780006258.133282,0.0,0.4807,0.0,0,1.6209616256412969,-14.491719124519319,18.632404991094436
1780006258.1801383,0.0,0.4807,0.0,0,1.6209616256412969,-14.491719124519319,18.632404991094436
1780006258.229098,0.0,0.4807,-0.6235397295713989,0,1.699037203998061,-14.553802131673844,18.73215515757596
1780006258.229098,0.0,0.4807,0.0,0,1.699037203998061,-14.553802131673844,18.73215515757596
1780006258.280351,0.0,0.4807,0.23773126665202,0,1.7176658024721883,-14.551698939151002,18.75090210665837
1780006258.3293414,0.0,0.5608,0.2214276839323322,0,1.7740488051622363,-14.544713011628883,18.80771624376957
1780006258.3293414,0.0,0.5608,0.0,0,1.7740488051622363,-14.544713011628883,18.80771624376957
1780006258.3791924,0.0,0.4807,0.0,0,1.7740488051622363,-14.544713011628883,18.80771624376957
1780006258.429357,0.0,0.4807,0.017277574331647144,0,1.777385364191874,-14.54425882321336,18.811083574058543
1780006258.429357,0.0,0.4807,0.0,0,1.8203218910313335,-14.538414097278618,18.854416081005265
1780006258.4795964,0.0,0.4807,0.0,0,1.8203218910313335,-14.538414097278618,18.854416081005265
1780006258.529052,0.0,0.5608,0.0286561655951328,0,1.84529995828634,-14.534931301624015,18.879635789753927
1780006258.529052,0.0,0.5608,0.0,0,1.8775621026356686,-14.530432856848403,18.912210042829265
1780006258.5799901,0.0,0.5608,0.0,0,1.8775621026356686,-14.530432856848403,18.912210042829265
1780006258.6304893,0.0,0.5608,-0.04147753810389823,0,1.9200445344721515,-14.524627587128837,18.955087288207885
1780006258.6304893,0.0,0.5608,0.0,0,1.9200445344721515,-14.524627587128837,18.955087288207885
1780006258.6805143,0.0,0.5608,0.0,0,1.9200445344721515,-14.524627587128837,18.955087288207885
1780006258.7301395,0.0,0.4807,-0.10959775286312315,0,1.9863871604199226,-14.515842898360637,19.022008994510102
1780006258.7301395,0.0,0.4807,0.0,0,1.9863871604199226,-14.515842898360637,19.022008994510102
1780006258.7796218,0.0,0.4807,0.0,0,1.9863871604199226,-14.515842898360637,19.022008994510102
1780006258.8292031,0.0,0.5608,-0.2579859572284189,0,2.0339742554073554,-14.510139644863612,19.069936634862973
1780006258.8292031,0.0,0.5608,0.0,0,2.0339742554073554,-14.510139644863612,19.069936634862973
1780006258.879484,0.0,0.5608,0.0,0,2.0339742554073554,-14.510139644863612,19.069936634862973
1780006258.929088,0.0,0.5608,-0.0194356299049328,0,2.0609586169877554,-14.506988333538626,19.097104382892002
1780006258.929088,0.0,0.5608,0.0,0,2.0609586169877554,-14.506988333538626,19.097104382892002
1780006258.9788017,0.0,0.5608,-0.02003279512001118,0,2.088833441295802,-14.503733031416239,19.125168645257375
1780006259.0303023,0.0,0.5608,-0.17642353104401187,0,2.1361881186718534,-14.498818784498303,19.172777628571037
1780006259.0303023,0.0,0.5608,0.0,0,2.1361881186718534,-14.498818784498303,19.172777628571037
1780006259.0850363,0.0,0.5608,0.0,0,2.1361881186718534,-14.498818784498303,19.172777628571037
1780006259.1294355,0.0,0.5608,-0.16012636952302206,0,2.2013799471008237,-14.492207463885697,19.238303837481325
1780006259.1294355,0.0,0.5608,0.0,0,2.2013799471008237,-14.492207463885697,19.238303837481325
1780006259.1791437,0.0,0.5608,0.0,0,2.2013799471008237,-14.492207463885697,19.238303837481325
1780006259.230862,0.0,0.4807,-1.4767476106965332,0,2.2095212557226294,-14.537142101227843,19.283970045328548
1780006259.230862,0.0,0.4807,0.0,0,2.249202057932475,-14.53612783836141,19.323663807976843
1780006259.2846878,0.0,0.4807,0.0,0,2.249202057932475,-14.53612783836141,19.323663807976843
1780006259.3288727,0.0,0.5608,0.13550057775772933,0,2.2788244301190272,-14.535042897138492,19.353306041890903
1780006259.3288727,0.0,0.5608,0.0,0,2.2788244301190272,-14.535042897138492,19.353306041890903
1780006259.379265,0.0,0.5608,0.1005570849792346,0,2.3038960392648584,-14.534124630967371,19.378394461488845
1780006259.4308016,0.0,0.5608,0.10727883060354239,0,2.3545616526682607,-14.53195013986869,19.42910671634979
1780006259.4308016,0.0,0.5608,0.0,0,2.3545616526682607,-14.53195013986869,19.42910671634979
1780006259.4797862,0.0,0.5608,0.0,0,2.3545616526682607,-14.53195013986869,19.42910671634979
1780006259.5302134,0.0,0.4807,0.35909583149228264,0,2.4128661505735467,-14.528553484471386,19.48751007022502
1780006259.5302134,0.0,0.4807,0.0,0,2.4128661505735467,-14.528553484471386,19.48751007022502
1780006259.5784829,0.0,0.4807,0.0,0,2.4128661505735467,-14.528553484471386,19.48751007022502
1780006259.6294665,0.0,0.5608,0.03610669265902066,0,2.421851227483286,-14.527918241122563,19.496517574939766
1780006259.6294665,0.0,0.5608,0.0,0,2.4633156225221526,-14.524986715724843,19.53808546996822
1780006259.6794782,0.0,0.5608,0.0,0,2.4633156225221526,-14.524986715724843,19.53808546996822
1780006259.7288413,0.0,0.4807,0.14663149484696775,0,2.4926351402975127,-14.522557771548339,19.56750542735079
1780006259.7288413,0.0,0.4807,0.0,0,2.4926351402975127,-14.522557771548339,19.56750542735079
1780006259.7795725,0.0,0.4807,0.0,0,2.4926351402975127,-14.522557771548339,19.56750542735079
1780006259.8289647,0.0,0.5608,0.3444214407225799,0,2.5647493517662165,-14.515896896776812,19.63992660345609
1780006259.8289647,0.0,0.5608,0.0,0,2.5647493517662165,-14.515896896776812,19.63992660345609
1780006259.88021,0.0,0.4807,0.0,0,2.5647493517662165,-14.515896896776812,19.63992660345609
1780006259.9292033,0.0,0.4807,0.0,0,2.5647493517662165,-14.515896896776812,19.63992660345609
1780006259.9292033,0.0,0.4807,0.0,0,2.621408427944518,-14.509700531939922,19.696923496797485
1780006259.9798832,0.0,0.4807,0.0,0,2.621408427944518,-14.509700531939922,19.696923496797485
1780006260.0293808,0.0,0.5608,0.058711263916874125,0,2.6309617687859936,-14.50850402053936,19.70655147481808
1780006260.0293808,0.0,0.5608,0.0,0,2.6309617687859936,-14.50850402053936,19.70655147481808
1780006260.0815766,0.0,0.5608,0.22818361245402768,0,2.6701151765928692,-14.503600238753592,19.746010775606283
1780006260.1287417,0.0,0.4807,0.50153895839334,0,2.6909970594708637,-14.510126890322935,19.767888851692582
1780006260.1287417,0.0,0.4807,0.0,0,2.6909970594708637,-14.510126890322935,19.767888851692582
1780006260.179022,0.0,0.4807,0.1094112994040952,0,2.708447787763731,-14.50742244470167,19.78554789878097
1780006260.2304628,0.0,0.5608,0.33209196033944127,0,2.762625856260281,-14.498058231537042,19.840529273756587
1780006260.2304628,0.0,0.5608,0.0,0,2.762625856260281,-14.498058231537042,19.840529273756587
1780006260.2789738,0.0,0.5608,0.0,0,2.762625856260281,-14.498058231537042,19.840529273756587
1780006260.3296075,0.0,0.4807,0.0,0,2.762625856260281,-14.498058231537042,19.840529273756587
1780006260.3296075,0.0,0.4807,0.0,0,2.811055811186467,-14.48861590222265,19.88987112330678
1780006260.3790064,0.0,0.4807,0.0,0,2.811055811186467,-14.48861590222265,19.88987112330678
1780006260.4290264,0.0,0.4807,0.2378633981028452,0,2.826493423931319,-14.485022854641583,19.905721356055224
1780006260.4290264,0.0,0.4006,0.0,0,2.85734276163246,-14.477842784767018,19.93739524182888
1780006260.4789557,0.0,0.4006,0.0,0,2.85734276163246,-14.477842784767018,19.93739524182888
1780006260.5293849,0.0,0.4006,1.118073032678011,0,2.8839141567206,-14.469363400266946,19.96528679966329
1780006260.5293849,0.0,0.4006,0.0,0,2.8839141567206,-14.469363400266946,19.96528679966329
1780006260.579967,0.0,0.4006,0.47137555676489695,0,2.8951505630746084,-14.46577767172094,19.97708147121268
1780006260.6289935,0.0,0.4006,1.6914724625251163,0,2.932833807036895,-14.450207171710828,20.017854836858483
1780006260.6289935,0.0,0.4006,0.0,0,2.932833807036895,-14.450207171710828,20.017854836858483
1780006260.6798916,0.0,0.4006,0.0,0,2.932833807036895,-14.450207171710828,20.017854836858483
1780006260.7291753,0.0,0.4006,1.5500899844236142,0,2.9700839639482295,-14.431368561969931,20.059597709386484
1780006260.7291753,0.0,0.4006,0.0,0,2.9700839639482295,-14.431368561969931,20.059597709386484
1780006260.7790055,0.0,0.4006,0.0,0,2.9700839639482295,-14.431368561969931,20.059597709386484
1780006260.8288803,0.0,0.4006,0.3258403354038802,0,2.977660822046088,-14.426833090549165,20.068428297115716
1780006260.8288803,0.0,0.4006,0.0,0,2.977660822046088,-14.426833090549165,20.068428297115716
1780006260.87974,0.0,0.4006,0.0,0,2.977660822046088,-14.426833090549165,20.068428297115716
1780006260.9304736,0.0,0.4006,1.0823560282288935,0,3.003262523354857,-14.411508033235275,20.098266267750084
1780006260.9304736,0.0,0.4006,0.0,0,3.003262523354857,-14.411508033235275,20.098266267750084
1780006260.9801893,0.0,0.4006,0.0,0,3.003262523354857,-14.411508033235275,20.098266267750084
1780006261.0302625,0.0,0.4006,2.958800646986555,0,3.0656602042487147,-14.363962550960087,20.176713979416594
1780006261.0302625,0.0,0.4006,0.0,0,3.0656602042487147,-14.363962550960087,20.176713979416594
1780006261.0798633,0.0,0.4006,0.0,0,3.0656602042487147,-14.363962550960087,20.176713979416594
1780006261.138002,0.0,0.4807,1.3953541980834845,0,3.101178462598252,-14.329754658438462,20.226026519271638
1780006261.138002,0.0,0.4807,0.0,0,3.101178462598252,-14.329754658438462,20.226026519271638
1780006261.1791947,0.0,0.4807,0.0,0,3.101178462598252,-14.329754658438462,20.226026519271638
1780006261.2312326,0.0,0.3204,1.7596675320205524,0,3.160805066427171,-14.296621830197832,20.294240272953676
1780006261.2312326,0.0,0.3204,0.0,0,3.1736212166104343,-14.280081429771169,20.315164864987796
1780006261.2796998,0.0,0.3204,0.0,0,3.1736212166104343,-14.280081429771169,20.315164864987796
1780006261.3301988,0.0,0.4006,0.8918382225612096,0,3.188866737594627,-14.256735220593834,20.343048039000657
1780006261.3301988,0.0,0.4006,0.0,0,3.188866737594627,-14.256735220593834,20.343048039000657
1780006261.383525,0.0,0.4006,0.6690524864159847,0,3.200944152581906,-14.238240486507223,20.365136930817798
1780006261.428881,0.0,0.4006,1.665937456155827,0,3.2164648497956057,-14.21001106830893,20.39735171149086
1780006261.428881,0.0,0.4006,0.0,0,3.2164648497956057,-14.21001106830893,20.39735171149086
1780006261.503491,0.0,0.4807,0.0,0,3.2164648497956057,-14.21001106830893,20.39735171149086
1780006261.550214,0.0,0.4807,1.570896749969245,0,3.2374069877968283,-14.16430994293457,20.44762263752714
1780006261.550214,0.0,0.4807,0.0,0,3.2374069877968283,-14.16430994293457,20.44762263752714
1780006261.5804021,0.0,0.4807,0.0,0,3.2374069877968283,-14.16430994293457,20.44762263752714
1780006261.630565,0.0,0.4006,0.2902385354672906,0,3.2402715175500845,-14.156743533346443,20.455713131007922
1780006261.630565,0.0,0.4006,0.0,0,3.2402715175500845,-14.156743533346443,20.455713131007922
1780006261.680694,0.0,0.4006,1.0586241460465244,0,3.2507126815051492,-14.12916409453242,20.485202847012538
1780006261.729137,0.0,0.4807,1.021794866959063,0,3.26058509093823,-14.096406291187126,20.519415975311823
1780006261.729137,0.0,0.4807,0.0,0,3.26058509093823,-14.096406291187126,20.519415975311823
1780006261.7793565,0.0,0.4807,0.0,0,3.26058509093823,-14.096406291187126,20.519415975311823
1780006261.8299925,0.0,0.4006,1.6260813434276324,0,3.2740082077500876,-14.041756023610732,20.575690586026745
1780006261.8299925,0.0,0.4006,0.0,0,3.2740082077500876,-14.041756023610732,20.575690586026745
1780006261.8789685,0.0,0.4006,0.0,0,3.2740082077500876,-14.041756023610732,20.575690586026745
1780006261.9301803,0.0,0.4807,1.0930862374540653,0,3.2834506298568273,-13.989204144968053,20.629084024613494
1780006261.9301803,0.0,0.4807,0.0,0,3.2834506298568273,-13.989204144968053,20.629084024613494
1780006261.9790568,0.0,0.4807,0.0,0,3.2834506298568273,-13.989204144968053,20.629084024613494
1780006262.029147,0.0,0.4807,0.29667598241469145,0,3.2847541834112643,-13.978469604691984,20.639897424023847
1780006262.029147,0.0,0.4807,0.0,0,3.2881217105085385,-13.950738595763783,20.667832153213993
1780006262.079008,0.0,0.4807,0.0,0,3.2881217105085385,-13.950738595763783,20.667832153213993
1780006262.1296546,0.0,0.4807,0.5577872183812611,0,3.2912963136137394,-13.913609895803114,20.705096324553832
1780006262.1296546,0.0,0.4807,0.0,0,3.2912963136137394,-13.913609895803114,20.705096324553832
1780006262.1798198,0.0,0.4807,0.0,0,3.2912963136137394,-13.913609895803114,20.705096324553832
1780006262.229507,0.0,0.5608,0.6897771303787463,0,3.295486196972175,-13.846304072673385,20.772532434685775
1780006262.229507,0.0,0.5608,0.0,0,3.295486196972175,-13.846304072673385,20.772532434685775
1780006262.2791688,0.0,0.5608,0.0,0,3.295486196972175,-13.846304072673385,20.772532434685775
1780006262.3302205,0.0,0.5608,0.0,0,3.295486196972175,-13.846304072673385,20.772532434685775
1780006262.3302205,0.0,0.5608,0.0,0,3.3775098285901217,-13.761003861007989,20.89087094174902
1780006262.379357,0.0,0.5608,0.0,0,3.3775098285901217,-13.761003861007989,20.89087094174902
1780006262.4296331,0.0,0.4807,0.2069045943204351,0,3.3795700985397836,-13.731532737905484,20.920413991848637
1780006262.4296331,0.0,0.4807,0.0,0,3.3795700985397836,-13.731532737905484,20.920413991848637
1780006262.479948,0.0,0.4807,0.1294559830799328,0,3.380860163831202,-13.713079004199416,20.938912763595717
1780006262.5287683,0.0,0.4807,0.23241590660573375,0,3.383512393571432,-13.667064997976281,20.985003143191655
1780006262.5287683,0.0,0.4807,0.0,0,3.383512393571432,-13.667064997976281,20.985003143191655
1780006262.5787582,0.0,0.4807,0.0,0,3.383512393571432,-13.667064997976281,20.985003143191655
1780006262.6300504,0.0,0.5608,0.2189217127796043,0,3.3866791339871423,-13.600827051065567,21.05131674553542
1780006262.6300504,0.0,0.5608,0.0,0,3.3866791339871423,-13.600827051065567,21.05131674553542
1780006262.6785796,0.0,0.5608,0.0,0,3.3866791339871423,-13.600827051065567,21.05131674553542
1780006262.7311797,0.0,0.5608,0.027697773563121544,0,3.387033457753364,-13.591843223338621,21.06030755784348
1780006262.7311797,0.0,0.5608,0.0,0,3.388575924854262,-13.552734193603664,21.09944699334742
1780006262.796039,0.0,0.5608,0.0,0,3.388575924854262,-13.552734193603664,21.09944699334742
1780006262.8345075,0.0,0.4807,0.23226952986408067,0,3.3893290911430407,-13.521596797574123,21.130593497018925
1780006262.8345075,0.0,0.5608,0.0,0,3.3893290911430407,-13.521596797574123,21.130593497018925
1780006262.87913,0.0,0.5608,0.0,0,3.3893290911430407,-13.521596797574123,21.130593497018925
1780006262.9300418,0.0,0.5608,0.3308412709221716,0,3.390550537208618,-13.449035861816476,21.203164712583476
1780006262.9300418,0.0,0.5608,0.0,0,3.390550537208618,-13.449035861816476,21.203164712583476
1780006262.9807024,0.0,0.5608,0.0,0,3.390550537208618,-13.449035861816476,21.203164712583476
1780006263.0298297,0.0,0.5608,0.22250470447751466,0,3.3907269149475834,-13.383949483998476,21.268251329384277
1780006263.0298297,0.0,0.5608,0.0,0,3.3907269149475834,-13.383949483998476,21.268251329384277
1780006263.0803196,0.0,0.5608,0.0,0,3.3907269149475834,-13.383949483998476,21.268251329384277
1780006263.1290817,0.0,0.4807,0.045259988974203046,0,3.3906658300599997,-13.374863826655101,21.27733719206895
1780006263.1290817,0.0,0.4807,0.0,0,3.390465826495001,-13.345115652746719,21.307086038303876
1780006263.1808462,0.0,0.4807,0.0,0,3.390465826495001,-13.345115652746719,21.307086038303876
1780006263.23001,0.0,0.4807,-0.9194226992223966,0,3.426080988292325,-13.339746316317516,21.343103666259356
1780006263.23001,0.0,0.4807,0.0,0,3.426080988292325,-13.339746316317516,21.343103666259356
1780006263.2808256,0.0,0.4807,0.07742804839683567,0,3.4265301180521033,-13.326750064345298,21.356107676520292
1780006263.3298922,0.0,0.4807,0.3458373458881657,0,3.4273161016711993,-13.280495930214693,21.402368488169262
1780006263.3298922,0.0,0.4807,0.0,0,3.4273161016711993,-13.280495930214693,21.402368488169262
1780006263.3799796,0.0,0.4807,0.0,0,3.4273161016711993,-13.280495930214693,21.402368488169262
1780006263.4290266,0.0,0.5608,0.3915300267091967,0,3.4272496621074353,-13.221452869517421,21.46141158624785
1780006263.4290266,0.0,0.5608,0.0,0,3.4272496621074353,-13.221452869517421,21.46141158624785
1780006263.47988,0.0,0.5608,0.0,0,3.4272496621074353,-13.221452869517421,21.46141158624785
1780006263.5301476,0.0,0.4006,0.26434037596095417,0,3.426697242697287,-13.210108301486015,21.472769596241854
1780006263.5301476,0.0,0.4006,0.0,0,3.4252945170354248,-13.181301716474566,21.50161031362725
1780006263.5800426,0.0,0.4006,0.0,0,3.4252945170354248,-13.181301716474566,21.50161031362725
1780006263.6303842,0.0,0.4807,0.6723773491740644,0,3.422184003873412,-13.150858532243493,21.53221199263769
1780006263.6303842,0.0,0.4807,0.0,0,3.422184003873412,-13.150858532243493,21.53221199263769
1780006263.6803377,0.0,0.4807,0.3866856445013675,0,3.420408933680145,-13.13348558247537,21.54967539029785
1780006263.7303405,0.0,0.4807,1.4582670832139748,0,3.412088168848262,-13.086568990924237,21.597324122601695
1780006263.7303405,0.0,0.4807,0.0,0,3.412088168848262,-13.086568990924237,21.597324122601695
1780006263.7808762,0.0,0.4807,0.0,0,3.412088168848262,-13.086568990924237,21.597324122601695
1780006263.8301382,0.0,0.4006,1.4392431607717284,0,3.4025038483774277,-13.04819047957741,21.6368812879714
1780006263.8301382,0.0,0.4006,0.0,0,3.4025038483774277,-13.04819047957741,21.6368812879714
1780006263.8792987,0.0,0.4006,0.0,0,3.4025038483774277,-13.04819047957741,21.6368812879714
1780006263.931052,0.0,0.4006,0.4752546070474743,0,3.3979611139743096,-13.034194091436309,21.65159642700756
1780006263.931052,0.0,0.4006,0.0,0,3.3979611139743096,-13.034194091436309,21.65159642700756
1780006263.9797015,0.0,0.4006,0.8962808208835638,0,3.389907773958275,-13.009381354724404,21.677683362215596
1780006264.0283763,0.0,0.4807,1.1510129511825298,0,3.3770254826547963,-12.978251725376143,21.711373230909132
1780006264.0283763,0.0,0.4807,0.0,0,3.3770254826547963,-12.978251725376143,21.711373230909132
1780006264.0792966,0.0,0.4807,0.0,0,3.3770254826547963,-12.978251725376143,21.711373230909132
1780006264.1292732,0.0,0.4807,1.77307247609752,0,3.35004263093981,-12.921560992820151,21.774157890217023
1780006264.1292732,0.0,0.4807,0.0,0,3.35004263093981,-12.921560992820151,21.774157890217023
1780006264.1788652,0.0,0.4807,0.0,0,3.35004263093981,-12.921560992820151,21.774157890217023
1780006264.2298207,0.0,0.4807,0.03730751201118244,0,3.349059381546602,-12.919812577509871,21.776163815306965
1780006264.2298207,0.0,0.4807,0.0,0,3.322209921486052,-12.872068833789454,21.830939344240825
1780006264.2823384,0.0,0.4807,0.0,0,3.322209921486052,-12.872068833789454,21.830939344240825
1780006264.3294728,0.0,0.4807,0.24235874929675985,0,3.316848476581059,-12.863455635389133,21.841084898841366
1780006264.3294728,0.0,0.4807,0.0,0,3.301329492097764,-12.838524279253836,21.870451740655525
1780006264.3795366,0.0,0.4807,0.0,0,3.301329492097764,-12.838524279253836,21.870451740655525
1780006264.4294195,0.0,0.4807,0.5380291080596011,0,3.2815015757458923,-12.809125804870716,21.90591181063447
1780006264.4294195,0.0,0.4807,0.0,0,3.2815015757458923,-12.809125804870716,21.90591181063447
1780006264.4805298,0.0,0.4807,0.0,0,3.2815015757458923,-12.809125804870716,21.90591181063447
1780006264.530349,0.0,0.4006,0.9998179438713375,0,3.2514784875315086,-12.767371027053565,21.957339889506702
1780006264.530349,0.0,0.4006,0.0,0,3.2514784875315086,-12.767371027053565,21.957339889506702
1780006264.5801764,0.0,0.4006,0.0,0,3.2514784875315086,-12.767371027053565,21.957339889506702
1780006264.6289883,0.0,0.4807,0.09236490734458964,0,3.2477691172742147,-12.762696492942746,21.96330735939426
1780006264.6289883,0.0,0.4807,0.0,0,3.220743706552462,-12.728639174445275,22.006784638149004
1780006264.6786988,0.0,0.4807,0.0,0,3.220743706552462,-12.728639174445275,22.006784638149004
1780006264.7297761,0.0,0.4807,0.30125279290348794,0,3.2069069841561033,-12.712392041450386,22.02812530864521
1780006264.7297761,0.0,0.4807,0.0,0,3.2069069841561033,-12.712392041450386,22.02812530864521
1780006264.8798475,0.0,0.4807,0.2740152808583524,0,3.1596852532238997,-12.658778967508178,22.099569367668796
1780006264.9294028,0.0,0.5608,0.0,0,3.1596852532238997,-12.658778967508178,22.099569367668796
1780006264.9294028,0.0,0.4807,0.0,0,3.1596852532238997,-12.658778967508178,22.099569367668796
1780006264.9786758,0.0,0.6409,0.0,0,3.1596852532238997,-12.658778967508178,22.099569367668796
1780006265.0322974,0.0,0.5608,0.0,0,3.1596852532238997,-12.658778967508178,22.099569367668796
1780006265.0322974,0.0,0.5608,0.0,0,3.1596852532238997,-12.658778967508178,22.099569367668796
1780006265.0789967,0.0,0.5608,0.0,0,3.1596852532238997,-12.658778967508178,22.099569367668796
1780006265.1302834,0.0,0.5608,-0.10652637181383036,0,3.12005402432089,-12.613910093526755,22.15943463436597
1780006265.1302834,0.0,0.5608,0.0,0,3.12005402432089,-12.613910093526755,22.15943463436597
1780006265.1795814,0.0,0.5608,0.0,0,3.12005402432089,-12.613910093526755,22.15943463436597
1780006265.2336133,0.0,0.5608,-1.8936502612090336,0,3.0001184198137967,-12.4294347965313,22.37947027791047
1780006265.2336133,0.0,0.5608,0.0,0,3.0001184198137967,-12.4294347965313,22.37947027791047
1780006265.2794766,0.0,0.5608,0.0,0,3.0001184198137967,-12.4294347965313,22.37947027791047
1780006265.3304434,0.0,0.5608,-0.8435909849278266,0,2.9689016841790514,-12.381447653414831,22.43671755285147
1780006265.3304434,0.0,0.5608,0.0,0,2.9689016841790514,-12.381447653414831,22.43671755285147
1780006265.3794947,0.0,0.5608,0.0,0,2.9689016841790514,-12.381447653414831,22.43671755285147
1780006265.4406765,0.0,0.6409,-0.26019494273360794,0,2.9583762221371246,-12.363376353089777,22.457630640778277
1780006265.4406765,0.0,0.6409,0.0,0,2.936433350237288,-12.325702355832782,22.50122903176387
1780006265.4963267,0.0,0.5608,0.0,0,2.936433350237288,-12.325702355832782,22.50122903176387
1780006265.5288558,0.0,0.5608,-0.8384482530916298,0,2.920340684179488,-12.294953120319928,22.535934786120645
1780006265.5288558,0.0,0.5608,0.0,0,2.920340684179488,-12.294953120319928,22.535934786120645
1780006265.5814633,0.0,0.5608,-0.34178077799045026,0,2.9097316688774333,-12.274681829726394,22.558814393372668
1780006265.6287012,0.0,0.5608,-0.8655385013617835,0,2.886263141754552,-12.22499513939226,22.61376472514307
1780006265.6287012,0.0,0.5608,0.0,0,2.886263141754552,-12.22499513939226,22.61376472514307
1780006265.6795456,0.0,0.5608,0.0,0,2.886263141754552,-12.22499513939226,22.61376472514307
1780006265.7287846,0.0,0.5608,-0.6570945399737966,0,2.8634973225068343,-12.172459404849775,22.671021042959868
1780006265.7287846,0.0,0.5608,0.0,0,2.8634973225068343,-12.172459404849775,22.671021042959868
1780006265.779355,0.0,0.5608,0.0,0,2.8634973225068343,-12.172459404849775,22.671021042959868
1780006265.833356,0.0,0.4807,-0.10438902529003688,0,2.8571900615526875,-12.157206466865105,22.68752660741274
1780006265.833356,0.0,0.4807,0.0,0,2.8571900615526875,-12.157206466865105,22.68752660741274
1780006265.8794801,0.0,0.4807,-0.24231619484500516,0,2.844684684243557,-12.126964536816907,22.720252114203067
1780006265.929906,0.0,0.5608,0.04194899004792874,0,2.8301941948261575,-12.092211830015309,22.757904802202646
1780006265.929906,0.0,0.5608,0.0,0,2.8301941948261575,-12.092211830015309,22.757904802202646
1780006265.9796698,0.0,0.5608,0.016604398411703882,0,2.824533799876927,-12.078636439951836,22.772613006931866
1780006266.030372,0.0,0.5608,0.19895108608421413,0,2.801137580713459,-12.024080901343325,22.831973683006265
1780006266.030372,0.0,0.5608,0.0,0,2.801137580713459,-12.024080901343325,22.831973683006265
1780006266.0787568,0.0,0.5608,0.0,0,2.801137580713459,-12.024080901343325,22.831973683006265
1780006266.1289527,0.0,0.4807,0.42158425043712117,0,2.7817006676177485,-11.981281366655502,22.878979999179567
1780006266.1289527,0.0,0.4807,0.0,0,2.7817006676177485,-11.981281366655502,22.878979999179567
1780006266.1801147,0.0,0.4807,0.0,0,2.7817006676177485,-11.981281366655502,22.878979999179567
1780006266.2287815,0.0,0.5608,0.17563845289976518,0,2.771859129622653,-11.960721555364842,22.901773895520833
1780006266.2287815,0.0,0.5608,0.0,0,2.771859129622653,-11.960721555364842,22.901773895520833
1780006266.2833807,0.0,0.5608,0.21259370049907264,0,2.75849475378377,-11.932802235701406,22.932727004444367
1780006266.3321881,0.0,0.4807,0.39148948723884636,0,2.741064295781783,-11.898485032187729,22.97121715023726
1780006266.3321881,0.0,0.5608,0.0,0,2.741064295781783,-11.898485032187729,22.97121715023726
1780006266.3793993,0.0,0.5608,0.0,0,2.741064295781783,-11.898485032187729,22.97121715023726
1780006266.4289165,0.0,0.5608,0.581520711777216,0,2.709930897819185,-11.840265457046918,23.037238414980326
1780006266.4289165,0.0,0.5608,0.0,0,2.709930897819185,-11.840265457046918,23.037238414980326
1780006266.4792967,0.0,0.5608,0.0,0,2.709930897819185,-11.840265457046918,23.037238414980326
1780006266.532441,0.0,0.4807,0.08564742825023905,0,2.68702800499918,-11.798232145109544,23.085106377251027
1780006266.532441,0.0,0.4807,0.0,0,2.68702800499918,-11.798232145109544,23.085106377251027
1780006266.5784123,0.0,0.4807,0.0,0,2.68702800499918,-11.798232145109544,23.085106377251027
1780006266.631439,0.0,0.5608,0.03499046698881605,0,2.673560702033837,-11.773731122585772,23.113064709709718
1780006266.631439,0.0,0.5608,0.0,0,2.673560702033837,-11.773731122585772,23.113064709709718
1780006266.6785004,0.0,0.5608,0.03886668459853937,0,2.660284335784267,-11.749577470636925,23.140626654547823
1780006266.7299137,0.0,0.5608,0.1874015972795957,0,2.6364930065770844,-11.707509590933583,23.188956085003596
1780006266.7299137,0.0,0.5608,0.0,0,2.6364930065770844,-11.707509590933583,23.188956085003596
1780006266.7786732,0.0,0.5608,0.0,0,2.6364930065770844,-11.707509590933583,23.188956085003596
1780006266.8285592,0.0,0.5608,0.17532262998024686,0,2.601670213782954,-11.646669603931297,23.259056947454933
1780006266.8285592,0.0,0.5608,0.0,0,2.601670213782954,-11.646669603931297,23.259056947454933
1780006266.8797507,0.0,0.5608,0.0,0,2.601670213782954,-11.646669603931297,23.259056947454933
1780006266.9303622,0.0,0.4807,0.02258474609383933,0,2.599887476624983,-11.64366455944569,23.262551005859553
1780006266.9303622,0.0,0.4807,0.0,0,2.5790949747032834,-11.608615986546145,23.303303068365132
1780006266.979952,0.0,0.5608,0.0,0,2.5790949747032834,-11.608615986546145,23.303303068365132
1780006267.0312607,0.0,0.5608,0.0,0,2.5790949747032834,-11.608615986546145,23.303303068365132
1780006267.0312607,0.0,0.5608,0.0,0,2.5454573576351307,-11.642087168674761,23.350756301290936
1780006267.078906,0.0,0.5608,0.08994132214915418,0,2.530261169094489,-11.618853881351452,23.37851796165213
1780006267.1289828,0.0,0.5608,-0.2762807006690009,0,2.5047853794165693,-11.578547405079401,23.4262005359239
1780006267.1289828,0.0,0.5608,0.0,0,2.5047853794165693,-11.578547405079401,23.4262005359239
1780006267.1806161,0.0,0.5608,0.0,0,2.5047853794165693,-11.578547405079401,23.4262005359239
1780006267.228781,0.0,0.5608,0.0,0,2.5047853794165693,-11.578547405079401,23.4262005359239
1780006267.228781,0.0,0.5608,0.0,0,2.465159946940486,-11.514053897729047,23.501894573927345
1780006267.2790146,0.0,0.5608,0.0,0,2.465159946940486,-11.514053897729047,23.501894573927345
1780006267.330495,0.0,0.5608,-0.3418413811680449,0,2.442944377983186,-11.476870087877318,23.545209319905894
1780006267.330495,0.0,0.5608,0.0,0,2.442944377983186,-11.476870087877318,23.545209319905894
1780006267.3800414,0.0,0.5608,0.0,0,2.442944377983186,-11.476870087877318,23.545209319905894
1780006267.4291658,0.0,0.5608,-0.16343211895499235,0,2.426871754596273,-11.448821863588984,23.577536276277723
1780006267.4291658,0.0,0.5608,0.0,0,2.426871754596273,-11.448821863588984,23.577536276277723
1780006267.4780505,0.0,0.5608,0.0,0,2.426871754596273,-11.448821863588984,23.577536276277723
1780006267.5290127,0.0,0.6409,-0.6265603634758933,0,2.386893714445911,-11.375545953028952,23.661008443870674
1780006267.5290127,0.0,0.6409,0.0,0,2.386893714445911,-11.375545953028952,23.661008443870674
1780006267.580172,0.0,0.6409,0.0,0,2.386893714445911,-11.375545953028952,23.661008443870674
1780006267.6288486,0.0,0.5608,-0.8474808967363392,0,2.3607124375021624,-11.322394569316122,23.720258159929013
1780006267.6288486,0.0,0.5608,0.0,0,2.3607124375021624,-11.322394569316122,23.720258159929013
1780006267.6787853,0.0,0.5608,0.0,0,2.3607124375021624,-11.322394569316122,23.720258159929013
1780006267.7343094,0.0,0.5608,-0.15489350636717536,0,2.3540082966177844,-11.307224561498682,23.736843534274467
1780006267.7343094,0.0,0.5608,0.0,0,2.331925780239596,-11.257256645868141,23.791473472239414
1780006267.7798522,0.0,0.5608,0.0,0,2.331925780239596,-11.257256645868141,23.791473472239414
1780006267.8331249,0.0,0.6409,-0.4497083282546067,0,2.3228547418020913,-11.233850541931417,23.816575851406167
1780006267.8331249,0.0,0.6409,0.0,0,2.3228547418020913,-11.233850541931417,23.816575851406167
1780006267.884404,0.0,0.6409,-0.43762297715561493,0,2.3143578241192677,-11.211925848325926,23.840089460227514
1780006267.930174,0.0,0.5608,-0.8526033809685962,0,2.2965166925131264,-11.159958116964322,23.895034442526715
1780006267.930174,0.0,0.5608,0.0,0,2.2965166925131264,-11.159958116964322,23.895034442526715
1780006267.9796484,0.0,0.5608,0.0,0,2.2965166925131264,-11.159958116964322,23.895034442526715
1780006268.0308092,0.0,0.4807,0.24659664591732713,0,2.280442682891962,-11.114992944968524,23.942786306133417
1780006268.0308092,0.0,0.4807,0.0,0,2.280442682891962,-11.114992944968524,23.942786306133417
1780006268.0789142,0.0,0.4807,0.0,0,2.280442682891962,-11.114992944968524,23.942786306133417
1780006268.1293101,0.0,0.5608,-0.002725089176267832,0,2.2734662466188165,-11.095454349123793,23.963533050231153
1780006268.1293101,0.0,0.5608,0.0,0,2.261628340914519,-11.062300451324335,23.998736983971018
1780006268.1792932,0.0,0.5608,0.0,0,2.261628340914519,-11.062300451324335,23.998736983971018
1780006268.230776,0.0,0.4807,-0.11998684750441375,0,2.250238160035944,-11.029515145371963,24.033444512071377
1780006268.230776,0.0,0.4807,0.0,0,2.250238160035944,-11.029515145371963,24.033444512071377
1780006268.2838974,0.0,0.4807,-0.045187729561175845,0,2.2458120389697775,-11.016775072594939,24.046931542955015
1780006268.3302355,0.0,0.5608,0.06415489108101342,0,2.227052886316475,-10.96329245603223,24.103608664288615
1780006268.3302355,0.0,0.5608,0.0,0,2.227052886316475,-10.96329245603223,24.103608664288615
1780006268.378609,0.0,0.5608,0.0,0,2.227052886316475,-10.96329245603223,24.103608664288615
1780006268.4290245,0.0,0.5608,0.09043971796459564,0,2.2079828786528797,-10.909707120163638,24.16048619423181
1780006268.4290245,0.0,0.5608,0.0,0,2.2079828786528797,-10.909707120163638,24.16048619423181
1780006268.479728,0.0,0.5608,0.0,0,2.2079828786528797,-10.909707120163638,24.16048619423181
1780006268.5316834,0.0,0.4807,0.0806139720806237,0,2.2014213722270464,-10.891853343202621,24.179507516960527
1780006268.5316834,0.0,0.4807,0.0,0,2.1918675557536473,-10.865857528008265,24.207203325611413
1780006268.5795434,0.0,0.4807,0.0,0,2.1918675557536473,-10.865857528008265,24.207203325611413
1780006268.6332023,0.0,0.5608,0.1465716124142477,0,2.1764597502752467,-10.825253157356277,24.250632755560517
1780006268.6332023,0.0,0.5608,0.0,0,2.1764597502752467,-10.825253157356277,24.250632755560517
1780006268.6801267,0.0,0.5608,0.0,0,2.1764597502752467,-10.825253157356277,24.250632755560517
1780006268.7385564,0.0,0.5608,0.0,0,2.1764597502752467,-10.825253157356277,24.250632755560517
1780006268.7385564,0.0,0.5608,0.0,0,2.1764597502752467,-10.825253157356277,24.250632755560517
1780006268.7890947,0.0,0.5608,-0.5534396975776729,0,2.153706915057583,-10.760633212932634,24.31914135887249
1780006268.828896,0.0,0.5608,-0.161974405335664,0,2.1516970571066736,-10.753677149320815,24.3263819631259
1780006268.828896,0.0,0.5608,0.0,0,2.1792290518863835,-10.745122168014094,24.355212475464537
1780006268.8790114,0.0,0.5608,0.0,0,2.1792290518863835,-10.745122168014094,24.355212475464537
1780006268.9308314,0.0,0.6409,-0.6378798031913184,0,2.1946029985523663,-10.73617181291798,24.37300199744898
1780006268.9308314,0.0,0.6409,0.0,0,2.187307059475433,-10.700926861852157,24.40899418135947
1780006268.9816535,0.0,0.6409,0.0,0,2.187307059475433,-10.700926861852157,24.40899418135947
1780006269.0323977,0.0,0.5608,-0.8311465505531642,0,2.180922257183156,-10.657075533967657,24.453307888691914
1780006269.0323977,0.0,0.5608,0.0,0,2.180922257183156,-10.657075533967657,24.453307888691914
1780006269.078767,0.0,0.5608,0.0,0,2.180922257183156,-10.657075533967657,24.453307888691914
1780006269.1301315,0.0,0.6409,0.0,0,2.180922257183156,-10.657075533967657,24.453307888691914
1780006269.1301315,0.0,0.6409,0.0,0,2.1733104856329146,-10.583362209361741,24.52741317386504
1780006269.1818914,0.0,0.4807,0.0,0,2.1733104856329146,-10.583362209361741,24.52741317386504
1780006269.2312186,0.0,0.4807,-0.0939164208460547,0,2.1728898574886135,-10.576179845013561,24.534607844508354
1780006269.2312186,0.0,0.4807,0.0,0,2.1705144034954276,-10.535618184310287,24.57523900374214
1780006269.2810493,0.0,0.4807,0.0,0,2.1705144034954276,-10.535618184310287,24.57523900374214
1780006269.328645,0.0,0.5608,-0.13799345523493628,0,2.169203739520025,-10.5069024195562,24.60398466403145
1780006269.328645,0.0,0.5608,0.0,0,2.167942885183012,-10.479277950424269,24.63163789256774
1780006269.3795335,0.0,0.5608,0.0,0,2.167942885183012,-10.479277950424269,24.63163789256774
1780006269.430501,0.0,0.5608,-0.023093624884526966,0,2.165818471501994,-10.431288553298867,24.679674288872494
1780006269.430501,0.0,0.5608,0.0,0,2.165818471501994,-10.431288553298867,24.679674288872494
1780006269.4826338,0.0,0.5608,0.0,0,2.165818471501994,-10.431288553298867,24.679674288872494
1780006269.5283885,0.0,0.5608,-0.11752854631577832,0,2.1631466915418325,-10.363968779144269,24.747047060823643
1780006269.5283885,0.0,0.5608,0.0,0,2.1631466915418325,-10.363968779144269,24.747047060823643
1780006269.5789936,0.0,0.5608,0.0,0,2.1631466915418325,-10.363968779144269,24.747047060823643
1780006269.640978,0.0,0.5608,0.03464668947552458,0,2.1609902890550745,-10.311663695363176,24.799396577163645
1780006269.640978,0.0,0.4807,0.0,0,2.1609902890550745,-10.311663695363176,24.799396577163645
1780006269.682583,0.0,0.4807,0.0,0,2.1609902890550745,-10.311663695363176,24.799396577163645
1780006269.7320755,0.0,0.4807,0.04142294233795982,0,2.1598295425984992,-10.286007241517105,24.825079274769077
1780006269.7320755,0.0,0.4807,0.0,0,2.1598295425984992,-10.286007241517105,24.825079274769077
1780006269.7786157,0.0,0.4807,0.0,0,2.1598295425984992,-10.286007241517105,24.825079274769077
1780006269.8307402,0.0,0.5608,0.05184969894279442,0,2.156486683500622,-10.213005417182554,24.898157596199724
1780006269.8796031,0.0,0.5608,0.0,0,2.156486683500622,-10.213005417182554,24.898157596199724
1780006269.9323802,0.0,0.5608,0.0,0,2.156486683500622,-10.213005417182554,24.898157596199724
1780006269.9815707,0.0,0.4807,0.0,0,2.156486683500622,-10.213005417182554,24.898157596199724
1780006270.0311804,0.0,0.6409,0.0,0,2.156486683500622,-10.213005417182554,24.898157596199724
1780006270.0311804,0.0,0.4807,0.0,0,2.152986106556133,-10.147768294720835,24.96348857036994
1780006270.078951,0.0,0.4807,0.0,0,2.152986106556133,-10.147768294720835,24.96348857036994
1780006270.1311953,0.0,0.4807,0.0,0,2.152986106556133,-10.147768294720835,24.96348857036994
1780006270.1311953,0.0,0.4807,0.0,0,2.152986106556133,-10.147768294720835,24.96348857036994
1780006270.1796677,0.0,0.4807,0.0,0,2.152986106556133,-10.147768294720835,24.96348857036994
1780006270.2347844,0.0,0.4807,0.03756412277327623,0,2.1523903605073404,-10.138587670788663,24.972688503475055
1780006270.2347844,0.0,0.4807,0.0,0,2.1523903605073404,-10.138587670788663,24.972688503475055
1780006270.2800627,0.0,0.4807,-0.14067600707787,0,2.144305243220695,-9.992346699771353,25.119152801942718
1780006270.332162,0.0,0.5608,0.30366660083248415,0,2.1405298593528195,-9.934280765316258,25.17734134263153
1780006270.332162,0.0,0.5608,0.0,0,2.1405298593528195,-9.934280765316258,25.17734134263153
1780006270.3797116,0.0,0.5608,0.0,0,2.1405298593528195,-9.934280765316258,25.17734134263153
1780006270.4287078,0.0,0.4807,0.03845606417287565,0,2.1394821938166495,-9.91978845135254,25.191871475703824
1780006270.4287078,0.0,0.4807,0.0,0,2.1369799157502114,-9.885174542512978,25.226575712918827
1780006270.4789112,0.0,0.4807,0.0,0,2.1369799157502114,-9.885174542512978,25.226575712918827
1780006270.5305643,0.0,0.5608,0.8850396204139505,0,2.126413149051043,-9.91037132341538,25.253898493273656
1780006270.5305643,0.0,0.5608,0.0,0,2.126413149051043,-9.91037132341538,25.253898493273656
1780006270.5791924,0.0,0.5608,0.09603088934464876,0,2.123701262716839,-9.888353482616491,25.276082713812922
1780006270.6292374,0.0,0.4807,0.860339021450758,0,2.116271016803896,-9.843897426833536,25.321155426734425
1780006270.6292374,0.0,0.4807,0.0,0,2.116271016803896,-9.843897426833536,25.321155426734425
1780006270.6784942,0.0,0.4807,0.0,0,2.116271016803896,-9.843897426833536,25.321155426734425
1780006270.6784942,0.0,0.4006,0.0,0,2.106571922644153,-9.803304315474524,25.362891180199824
1780006270.766224,0.0,0.4006,0.0,0,2.106571922644153,-9.803304315474524,25.362891180199824
1780006270.7794595,0.0,0.4006,0.0,0,2.106571922644153,-9.803304315474524,25.362891180199824
1780006270.8286738,0.0,0.4807,0.3471777381723065,0,2.1021210175381193,-9.788967921347,25.377902600946797
1780006270.8286738,0.0,0.4807,0.0,0,2.0892514481589806,-9.747514955158003,25.421307372825826
1780006270.8807025,0.0,0.4807,0.0,0,2.0892514481589806,-9.747514955158003,25.421307372825826
1780006270.9303825,0.0,0.4807,0.7082639030104072,0,2.08144599091763,-9.726619032288575,25.44361353240814
1780006270.9303825,0.0,0.4807,0.0,0,2.08144599091763,-9.726619032288575,25.44361353240814
1780006270.9793067,0.0,0.4807,0.43488058470853236,0,2.0767262786740486,-9.713983930979548,25.457101359095624
1780006271.0303633,0.0,0.4006,1.4576143998862543,0,2.0598618912525355,-9.677396635956947,25.497388301399226
1780006271.0303633,0.0,0.4807,0.0,0,2.0598618912525355,-9.677396635956947,25.497388301399226
1780006271.082525,0.0,0.4807,0.0,0,2.0598618912525355,-9.677396635956947,25.497388301399226
1780006271.1281302,0.0,0.4807,0.0,0,2.0598618912525355,-9.677396635956947,25.497388301399226
1780006271.1281302,0.0,0.4807,0.0,0,2.0598618912525355,-9.677396635956947,25.497388301399226
1780006271.1794238,0.0,0.4807,0.09078064808782578,0,2.0583089935929455,-9.674584420855792,25.500600784070983
1780006271.2285843,0.0,0.4807,1.3824417783399348,0,2.035644331565669,-9.633539922899288,25.547487218327728
1780006271.2285843,0.0,0.4807,0.0,0,2.0124846010940893,-9.595271547864513,25.592217986746327
1780006271.278236,0.0,0.4807,0.0,0,2.0124846010940893,-9.595271547864513,25.592217986746327
1780006271.3280773,0.0,0.4807,0.3450735100647321,0,1.9885144981760385,-9.557559150958859,25.636903450985514
1780006271.3280773,0.0,0.5608,0.0,0,1.9885144981760385,-9.557559150958859,25.636903450985514
1780006271.3780768,0.0,0.5608,0.0,0,1.9885144981760385,-9.557559150958859,25.636903450985514
1780006271.4305043,0.0,0.4807,0.45701743066201106,0,1.955123341265769,-9.506757830050574,25.697696078547025
1780006271.4305043,0.0,0.4807,0.0,0,1.955123341265769,-9.506757830050574,25.697696078547025
1780006271.4799132,0.0,0.4807,0.0,0,1.955123341265769,-9.506757830050574,25.697696078547025
1780006271.5312512,0.0,0.5608,0.034353767723737653,0,1.9525639144849931,-9.503076686108223,25.70217954664332
1780006271.5312512,0.0,0.5608,0.0,0,1.9525639144849931,-9.503076686108223,25.70217954664332
1780006271.578475,0.0,0.5608,0.4319797879621749,0,1.9229596574390122,-9.460497803871318,25.75403871408543
1780006271.6296465,0.0,0.4807,0.5901301534521218,0,1.8807216524267867,-9.401462733858411,25.826627890681127
1780006271.6296465,0.0,0.4807,0.0,0,1.8807216524267867,-9.401462733858411,25.826627890681127
1780006271.6842322,0.0,0.4807,0.17957646797382576,0,1.8662131964313793,-9.382280486319283,25.850678959597563
1780006271.7306104,0.0,0.4807,0.37495625722164483,0,1.8413050978424153,-9.350775676770645,25.890840712547522
1780006271.7306104,0.0,0.4807,0.0,0,1.8413050978424153,-9.350775676770645,25.890840712547522
1780006271.7805028,0.0,0.4807,0.0,0,1.8413050978424153,-9.350775676770645,25.890840712547522
1780006271.8286226,0.0,0.4807,0.0,0,1.8413050978424153,-9.350775676770645,25.890840712547522
1780006271.8286226,0.0,0.4807,0.0,0,1.8001310971856013,-9.300209645507085,25.956049775167948
1780006271.8786268,0.0,0.4807,0.0,0,1.8001310971856013,-9.300209645507085,25.956049775167948
1780006271.9289582,0.0,0.5608,0.0,0,1.8001310971856013,-9.300209645507085,25.956049775167948
1780006271.9289582,0.0,0.5608,0.0,0,1.7705027810653617,-9.265774237395838,26.00147701862283
1780006271.97909,0.0,0.5608,0.0,0,1.7705027810653617,-9.265774237395838,26.00147701862283
1780006272.0316598,0.0,0.4807,0.5567194632810198,0,1.7532789918464569,-9.248146931998088,26.026122115714195
1780006272.0316598,0.0,0.4807,0.0,0,1.7532789918464569,-9.248146931998088,26.026122115714195
1780006272.0807798,0.0,0.4807,0.5699253834781084,0,1.7368037675410464,-9.23128572877289,26.04969610965063
1780006272.1278996,0.0,0.4006,1.3511606360898925,0,1.7109108368085924,-9.208430798208244,26.084232926426797
1780006272.1278996,0.0,0.4006,0.0,0,1.7109108368085924,-9.208430798208244,26.084232926426797
1780006272.182766,0.0,0.4006,0.0,0,1.7109108368085924,-9.208430798208244,26.084232926426797
1780006272.2284799,0.0,0.4807,1.7890041124964415,0,1.6669697754299562,-9.174424955823957,26.139795631466654
1780006272.2284799,0.0,0.4807,0.0,0,1.6669697754299562,-9.174424955823957,26.139795631466654
1780006272.281796,0.0,0.4807,0.0,0,1.6669697754299562,-9.174424955823957,26.139795631466654
1780006272.3289394,0.0,0.4807,0.2652561301186798,0,1.6597827289742022,-9.169657318064058,26.148420247780834
1780006272.3289394,0.0,0.4807,0.0,0,1.6291448211518986,-9.149333190883697,26.185186421655356
1780006272.3786395,0.0,0.4807,0.0,0,1.6291448211518986,-9.149333190883697,26.185186421655356
1780006272.43096,0.0,0.4006,0.6922345450766837,0,1.6088684716292012,-9.13764793945318,26.20858888842621
1780006272.43096,0.0,0.4006,0.0,0,1.6088684716292012,-9.13764793945318,26.20858888842621
1780006272.4796972,0.0,0.4006,0.5475310031091543,0,1.5939290134003739,-9.129038336159248,26.225831645776754
1780006272.5287144,0.0,0.4807,1.140535609190221,0,1.5541968027873492,-9.10913578943308,26.27026991674205
1780006272.5287144,0.0,0.4807,0.0,0,1.5541968027873492,-9.10913578943308,26.27026991674205
1780006272.5786054,0.0,0.4807,0.0,0,1.5541968027873492,-9.10913578943308,26.27026991674205
1780006272.6278236,0.0,0.4807,0.8817732640251714,0,1.507681015337694,-9.088077330929067,26.321330441187325
1780006272.6278236,0.0,0.4807,0.0,0,1.507681015337694,-9.088077330929067,26.321330441187325
1780006272.6814766,0.0,0.4807,0.0,0,1.507681015337694,-9.088077330929067,26.321330441187325
1780006272.7293558,0.0,0.5608,0.18691786324595885,0,1.4928235587505543,-9.081928487449627,26.33741000251136
1780006272.7293558,0.0,0.5608,0.0,0,1.4928235587505543,-9.081928487449627,26.33741000251136
1780006272.7795079,0.0,0.5608,0.44189952398163673,0,1.4560310888386927,-9.06670171311021,26.377228848539325
1780006272.8313904,0.0,0.5608,0.10027371422840069,0,1.4227752135299552,-9.053246694282523,26.41310350218509
1780006272.8313904,0.0,0.5608,0.0,0,1.4227752135299552,-9.053246694282523,26.41310350218509
1780006272.8795836,0.0,0.5608,0.05672027438278874,0,1.4053015255886545,-9.04617700214372,26.431953179031325
1780006272.9325237,0.0,0.4807,0.012117622097636489,0,1.360203045109221,-9.027965409073067,26.4805899456151
1780006272.9325237,0.0,0.4807,0.0,0,1.360203045109221,-9.027965409073067,26.4805899456151
1780006272.9780097,0.0,0.4807,0.0,0,1.360203045109221,-9.027965409073067,26.4805899456151
1780006273.0287812,0.0,0.5608,-0.0022928298439972294,0,1.3072082152119324,-9.006556822493991,26.537745694015033
1780006273.0287812,0.0,0.5608,0.0,0,1.3072082152119324,-9.006556822493991,26.537745694015033
1780006273.078111,0.0,0.5608,0.0,0,1.3072082152119324,-9.006556822493991,26.537745694015033
1780006273.1312704,0.0,0.4807,0.012919362952796071,0,1.2924671228022295,-9.000636716744875,26.553631141994618
1780006273.1312704,0.0,0.4807,0.0,0,1.2633628748175332,-8.988948286808403,26.584994761765532
1780006273.1814306,0.0,0.4807,0.0,0,1.2633628748175332,-8.988948286808403,26.584994761765532
1780006273.2359397,0.0,0.5608,0.03257210536708704,0,1.2267182389129074,-8.97434159971637,26.62444326805395
1780006273.2359397,0.0,0.5608,0.0,0,1.2267182389129074,-8.97434159971637,26.62444326805395
1780006273.2831898,0.0,0.5608,0.0,0,1.2267182389129074,-8.97434159971637,26.62444326805395
1780006273.3286974,0.0,0.5608,0.03638229674648003,0,1.1586729381241425,-8.94726860124461,26.697676526930536
1780006273.3286974,0.0,0.5608,0.0,0,1.1586729381241425,-8.94726860124461,26.697676526930536
1780006273.3799608,0.0,0.5608,0.0,0,1.1586729381241425,-8.94726860124461,26.697676526930536
1780006273.438136,0.0,0.5608,-0.2741814299786446,0,1.1029316427470293,-8.924068040948328,26.758053327180136
1780006273.438136,0.0,0.5608,0.0,0,1.1029316427470293,-8.924068040948328,26.758053327180136
1780006273.479812,0.0,0.5608,0.0,0,1.1029316427470293,-8.924068040948328,26.758053327180136
1780006273.5313306,0.0,0.6409,-1.5340017736519087,0,1.104062954352964,-8.868203136035,26.813929685928045
1780006273.5313306,0.0,0.6409,0.0,0,1.104062954352964,-8.868203136035,26.813929685928045
1780006273.5824575,0.0,0.6409,-0.783482393792163,0,1.068979207455332,-8.848417390043336,26.85420803049214
1780006273.630263,0.0,0.5608,-1.355747967346951,0,1.0352335404466908,-8.825326693106,26.895097519690587
1780006273.630263,0.0,0.5608,0.0,0,1.0352335404466908,-8.825326693106,26.895097519690587
1780006273.6791298,0.0,0.5608,0.0,0,1.0352335404466908,-8.825326693106,26.895097519690587
1780006273.7306035,0.0,0.6409,-2.1631786489112548,0,0.973865781753955,-8.77630605226183,26.973640660929927
1780006273.7306035,0.0,0.6409,0.0,0,0.973865781753955,-8.77630605226183,26.973640660929927
1780006273.781024,0.0,0.6409,0.0,0,0.973865781753955,-8.77630605226183,26.973640660929927
1780006273.8298638,0.0,0.6409,-1.8205867443268176,0,0.9292977213778856,-8.732342329729942,27.03624354348773
1780006273.8298638,0.0,0.6409,0.0,0,0.9292977213778856,-8.732342329729942,27.03624354348773
1780006273.8784335,0.0,0.6409,0.0,0,0.9292977213778856,-8.732342329729942,27.03624354348773
1780006273.9291294,0.0,0.6409,0.0,0,0.9292977213778856,-8.732342329729942,27.03624354348773
1780006273.9291294,0.0,0.6409,0.0,0,0.909726192230521,-8.709495660529923,27.066327011484308
1780006273.9809263,0.0,0.6409,-0.9198007155156794,0,0.8839973236058617,-8.679461269965321,27.10587494818513
1780006274.0295172,0.0,0.5608,-1.3725741176662485,0,0.8602635487955083,-8.6464361559456,27.14654373502177
1780006274.0295172,0.0,0.5608,0.0,0,0.8602635487955083,-8.6464361559456,27.14654373502177
1780006274.079276,0.0,0.5608,0.0,0,0.8602635487955083,-8.6464361559456,27.14654373502177
1780006274.1319802,0.0,0.5608,-1.800475264392869,0,0.820471934169239,-8.581772625382797,27.22246965141013
1780006274.1319802,0.0,0.5608,0.0,0,0.820471934169239,-8.581772625382797,27.22246965141013
1780006274.180067,0.0,0.6409,0.0,0,0.820471934169239,-8.581772625382797,27.22246965141013
1780006274.2320108,0.0,0.6409,0.0,0,0.820471934169239,-8.581772625382797,27.22246965141013
1780006274.2320108,0.0,0.6409,0.0,0,0.7953828595851892,-8.532054658543704,27.27815930835015
1780006274.2800143,0.0,0.6409,0.0,0,0.7953828595851892,-8.532054658543704,27.27815930835015
1780006274.330814,0.0,0.5608,-3.4967015014134555,0,0.8708471650801548,-8.57213660184004,27.363607676282186
1780006274.330814,0.0,0.5608,0.0,0,0.8708471650801548,-8.57213660184004,27.363607676282186
1780006274.378914,0.0,0.6409,-0.9183899408820891,0,0.863566045884371,-8.541885168417942,27.39472300885047
1780006274.4283235,0.0,0.6409,-1.5516205236191085,0,0.8562571744982682,-8.491646660428957,27.44549039292625
1780006274.4283235,0.0,0.6409,0.0,0,0.8562571744982682,-8.491646660428957,27.44549039292625
1780006274.4795327,0.0,0.6409,0.0,0,0.8562571744982682,-8.491646660428957,27.44549039292625
1780006274.5309224,0.0,0.5608,-2.1221321712039454,0,0.851538906089561,-8.416798795955268,27.520486825328387
1780006274.5309224,0.0,0.5608,0.0,0,0.851538906089561,-8.416798795955268,27.520486825328387
1780006274.5807416,0.0,0.5608,0.0,0,0.851538906089561,-8.416798795955268,27.520486825328387
1780006274.632027,0.0,0.6409,-0.08159483228343704,0,0.8516538053914183,-8.414432085241522,27.522856323471903
1780006274.632027,0.0,0.6409,0.0,0,0.8542567633017383,-8.360816020790443,27.57653553506359
1780006274.6848814,0.0,0.6409,0.0,0,0.8542567633017383,-8.360816020790443,27.57653553506359
1780006274.7372248,0.0,0.5608,-0.7832548759201249,0,0.8579514296763204,-8.333107801867422,27.60448899559186
1780006274.7372248,0.0,0.5608,0.0,0,0.8618311561264808,-8.30401172147921,27.63384260135479
1780006274.7892694,0.0,0.5608,0.0,0,0.8618311561264808,-8.30401172147921,27.63384260135479
1780006274.8298001,0.0,0.6409,-1.455848852599965,0,0.8736247309591243,-8.251830740897065,27.68733973344472
1780006274.8298001,0.0,0.6409,0.0,0,0.8736247309591243,-8.251830740897065,27.68733973344472
1780006274.8792312,0.0,0.6409,0.0,0,0.8736247309591243,-8.251830740897065,27.68733973344472
1780006274.928482,0.0,0.6409,-2.467493927485399,0,0.8936325123414641,-8.181830311063687,27.760143383715164
1780006274.928482,0.0,0.6409,0.0,0,0.8936325123414641,-8.181830311063687,27.760143383715164
1780006274.9787624,0.0,0.6409,0.0,0,0.8936325123414641,-8.181830311063687,27.760143383715164
1780006275.0322657,0.0,0.5608,-0.39152995124094464,0,0.8986073512016731,-8.170178712744693,27.77281258909957
1780006275.0322657,0.0,0.5608,0.0,0,0.9151110608731856,-8.131525280690084,27.814841867495968
1780006275.0796752,0.0,0.5608,0.0,0,0.9151110608731856,-8.131525280690084,27.814841867495968
1780006275.1332304,0.0,0.6409,-1.4333943477456748,0,0.892818333312343,-8.197830989469063,27.884794799663137
1780006275.1332304,0.0,0.6409,0.0,0,0.892818333312343,-8.197830989469063,27.884794799663137
1780006275.179463,0.0,0.6409,-0.8575980639341538,0,0.905625465241582,-8.175460251042377,27.910572165044574
1780006275.2288504,0.0,0.5608,-1.6744277220357267,0,0.9355214427065448,-8.13248761816695,27.962921154001684
1780006275.2288504,0.0,0.5608,0.0,0,0.9355214427065448,-8.13248761816695,27.962921154001684
1780006275.2794418,0.0,0.5608,0.0,0,0.9355214427065448,-8.13248761816695,27.962921154001684
1780006275.3284886,0.0,0.5608,-1.6882496935809526,0,0.9726544396453733,-8.08667455997183,28.02189314534375
1780006275.3284886,0.0,0.5608,0.0,0,0.9726544396453733,-8.08667455997183,28.02189314534375
1780006275.3826332,0.0,0.5608,0.0,0,0.9726544396453733,-8.08667455997183,28.02189314534375
1780006275.4306746,0.0,0.6409,-0.3240147407754479,0,0.9861750047216138,-8.07222430677855,28.04168242267595
1780006275.4306746,0.0,0.6409,0.0,0,1.0306104093344546,-8.024733477528391,28.106719981409153
1780006275.4803894,0.0,0.6409,0.0,0,1.0306104093344546,-8.024733477528391,28.106719981409153
1780006275.531939,0.0,0.4807,-0.22472811241895668,0,1.0419283568177118,-8.013201909121046,28.122877735125776
1780006275.531939,0.0,0.4807,0.0,0,1.0419283568177118,-8.013201909121046,28.122877735125776
1780006275.5786624,0.0,0.4807,-0.2630831987768826,0,1.05393748800294,-8.00096611124514,28.140022238078153
1780006275.779083,0.0,0.5608,-0.053069709083225204,0,1.0929618435279438,-7.9620550446485145,28.195130961778027
1780006275.8285124,0.0,0.5608,0.0,0,1.0929618435279438,-7.9620550446485145,28.195130961778027
1780006275.901303,0.0,0.5608,0.0,0,1.0929618435279438,-7.9620550446485145,28.195130961778027
1780006275.9403148,0.0,0.5608,0.0,0,1.0929618435279438,-7.9620550446485145,28.195130961778027
1780006275.9403148,0.0,0.5608,0.0,0,1.0929618435279438,-7.9620550446485145,28.195130961778027
1780006275.979121,0.0,0.5608,0.0,0,1.0929618435279438,-7.9620550446485145,28.195130961778027
1780006276.0284417,0.0,0.5608,-0.20077855368381975,0,1.1337156179979235,-7.922191565960662,28.252139444187637
1780006276.0284417,0.0,0.5608,0.0,0,1.1337156179979235,-7.922191565960662,28.252139444187637
1780006276.078685,0.0,0.5608,0.0,0,1.1337156179979235,-7.922191565960662,28.252139444187637
1780006276.1294458,0.0,0.5608,-0.04218111864217153,0,1.147784516280149,-7.908601661894603,28.2717001034659
1780006276.1294458,0.0,0.5608,0.0,0,1.147784516280149,-7.908601661894603,28.2717001034659
1780006276.1786108,0.0,0.5608,2.694771677649419,0,1.1842693439945036,-7.741681975629052,28.442560644013845
1780006276.2317986,0.0,0.5608,-0.046431740490609316,0,1.1981338141041409,-7.724269456599514,28.464818661678837
1780006276.2317986,0.0,0.5608,0.0,0,1.1981338141041409,-7.724269456599514,28.464818661678837
1780006276.2824068,0.0,0.5608,-0.18435490815860514,0,1.2418487931693927,-7.669801087175801,28.534659929295866
1780006276.330089,0.0,0.4807,0.0,0,1.2418487931693927,-7.669801087175801,28.534659929295866
1780006276.330089,0.0,0.4807,0.0,0,1.2418487931693927,-7.669801087175801,28.534659929295866
1780006276.3787408,0.0,0.4807,0.0,0,1.2418487931693927,-7.669801087175801,28.534659929295866
1780006276.4318829,0.0,0.5608,-0.19011131604708503,0,1.2835590274238116,-7.618916065527875,28.600455286804344
1780006276.4318829,0.0,0.5608,0.0,0,1.2835590274238116,-7.618916065527875,28.600455286804344
1780006276.4798667,0.0,0.5608,0.0,0,1.2835590274238116,-7.618916065527875,28.600455286804344
1780006276.5326042,0.0,0.5608,-0.19460216736346642,0,1.3211149526668098,-7.5741835877934145,28.658862838414745
1780006276.5326042,0.0,0.5608,0.0,0,1.3211149526668098,-7.5741835877934145,28.658862838414745
1780006276.5850227,0.0,0.5608,0.0,0,1.3211149526668098,-7.5741835877934145,28.658862838414745
1780006276.6315744,0.0,0.5608,-0.15164637772003448,0,1.3374568051348488,-7.555321735120431,28.68381931309256
1780006276.6315744,0.0,0.5608,0.0,0,1.3374568051348488,-7.555321735120431,28.68381931309256
1780006276.6790342,0.0,0.5608,-0.17849211349901953,0,1.3570668671321806,-7.532687697698713,28.713766836889143
1780006276.729196,0.0,0.5608,-0.169879027832559,0,1.3875696129745172,-7.498225263325971,28.75978940620918
1780006276.729196,0.0,0.5608,0.0,0,1.3875696129745172,-7.498225263325971,28.75978940620918
1780006276.7793822,0.0,0.5608,0.0,0,1.3875696129745172,-7.498225263325971,28.75978940620918
1780006276.8283389,0.0,0.5608,-0.33224425889234227,0,1.4323444817618178,-7.448827588539893,28.826459633066385
1780006276.8283389,0.0,0.5608,0.0,0,1.4323444817618178,-7.448827588539893,28.826459633066385
1780006276.8786163,0.0,0.5608,0.0,0,1.4323444817618178,-7.448827588539893,28.826459633066385
1780006276.9298248,0.0,0.5608,0.06689214349227532,0,1.4286803722920647,-7.462145903978791,28.840272787099273
1780006276.9298248,0.0,0.5608,0.0,0,1.4718803979111554,-7.414428284231232,28.90464058532061
1780006276.9840786,0.0,0.5608,0.0,0,1.4718803979111554,-7.414428284231232,28.90464058532061
1780006277.0319457,0.0,0.5608,-0.00023502616390606087,0,1.4795601046246978,-7.4059461010870375,28.91608284585329
1780006277.0319457,0.0,0.5608,0.0,0,1.4795601046246978,-7.4059461010870375,28.91608284585329
1780006277.078934,0.0,0.5608,-0.0005348503670526558,0,1.496715993696877,-7.386997539828165,28.94164399808941
1780006277.1290922,0.0,0.5608,-0.10915646193547636,0,1.5306864385419494,-7.349949996144873,28.99190841508531
1780006277.1290922,0.0,0.5608,0.0,0,1.5306864385419494,-7.349949996144873,28.99190841508531
1780006277.1785705,0.0,0.5608,0.0,0,1.5306864385419494,-7.349949996144873,28.99190841508531
1780006277.2286732,0.0,0.5608,-0.06020266364635899,0,1.576299941488757,-7.300397361692727,29.05925865808581
1780006277.2286732,0.0,0.5608,0.0,0,1.576299941488757,-7.300397361692727,29.05925865808581
1780006277.2782383,0.0,0.5608,0.0,0,1.576299941488757,-7.300397361692727,29.05925865808581
1780006277.3311758,0.0,0.5608,-0.025765399485006727,0,1.5820996604422985,-7.294205863847153,29.0677422531676
1780006277.3311758,0.0,0.5608,0.0,0,1.6122716596150999,-7.261995705153001,29.11187663723701
1780006277.382297,0.0,0.5608,0.0,0,1.6122716596150999,-7.261995705153001,29.11187663723701
1780006277.429959,0.0,0.5608,-0.05827876067810682,0,1.6339624202013816,-7.239066095552997,29.143440161932773
1780006277.429959,0.0,0.5608,0.0,0,1.6339624202013816,-7.239066095552997,29.143440161932773
1780006277.4786432,0.0,0.5608,-0.043664773916458316,0,1.6505625151703283,-7.221517900530197,29.16759595423061
1780006277.528924,0.0,0.4807,-0.01422055229200326,0,1.6799095008900322,-7.190543147337303,29.210265391843414
1780006277.528924,0.0,0.4807,0.0,0,1.6799095008900322,-7.190543147337303,29.210265391843414
1780006277.579531,0.0,0.4807,0.0,0,1.6799095008900322,-7.190543147337303,29.210265391843414
1780006277.6289375,0.0,0.5608,-0.24166279777106855,0,1.7248690981631138,-7.144139658410368,29.274876916910927
1780006277.6289375,0.0,0.5608,0.0,0,1.7248690981631138,-7.144139658410368,29.274876916910927
1780006277.6789315,0.0,0.5608,0.0,0,1.7248690981631138,-7.144139658410368,29.274876916910927
1780006277.7325013,0.0,0.5608,-0.11988219546032546,0,1.7338343732021417,-7.135393057018013,29.28740205932298
1780006277.7325013,0.0,0.5608,0.0,0,1.7631866276385295,-7.106756738733918,29.32840929728613
1780006277.781384,0.0,0.5608,0.0,0,1.7631866276385295,-7.106756738733918,29.32840929728613
1780006277.830245,0.0,0.5608,0.0,0,1.7631866276385295,-7.106756738733918,29.32840929728613
1780006277.830245,0.0,0.6409,0.0,0,1.7631866276385295,-7.106756738733918,29.32840929728613
1780006277.8785334,0.0,0.6409,-0.39730855976342255,0,1.7927361807981241,-7.080114573074873,29.368195992083958
1780006277.9289396,0.0,0.5608,-1.068953778973069,0,1.8536096629877357,-7.027027827814396,29.44896593300408
1780006277.9289396,0.0,0.5608,0.0,0,1.8536096629877357,-7.027027827814396,29.44896593300408
1780006277.978526,0.0,0.5608,0.0,0,1.8536096629877357,-7.027027827814396,29.44896593300408
1780006278.0284648,0.0,0.5608,0.0,0,1.8536096629877357,-7.027027827814396,29.44896593300408
1780006278.0284648,0.0,0.5608,0.0,0,1.8992874944084892,-6.991076198830999,29.507094961121386
1780006278.0827599,0.0,0.5608,0.0,0,1.8992874944084892,-6.991076198830999,29.507094961121386
1780006278.1326864,0.0,0.4807,0.17954841372690963,0,1.910945014293593,-6.981341755388208,29.522282362446578
1780006278.1326864,0.0,0.4807,0.0,0,1.937382225157849,-6.959265744668972,29.556724725425283
1780006278.1801996,0.0,0.4807,0.0,0,1.937382225157849,-6.959265744668972,29.556724725425283
1780006278.230568,0.0,0.4807,0.37512496354814956,0,1.9599157537436043,-6.939311906949074,29.586823156452116
1780006278.230568,0.0,0.4807,0.0,0,1.9599157537436043,-6.939311906949074,29.586823156452116
1780006278.2796187,0.0,0.4006,0.0,0,1.9599157537436043,-6.939311906949074,29.586823156452116
1780006278.3285594,0.0,0.4006,1.7270256646995472,0,2.000601717349947,-6.899163683632888,29.643982822913905
1780006278.3285594,0.0,0.4006,0.0,0,2.000601717349947,-6.899163683632888,29.643982822913905
1780006278.3798442,0.0,0.4006,0.0,0,2.000601717349947,-6.899163683632888,29.643982822913905
1780006278.4317818,0.0,0.4807,1.5116237555950056,0,2.030865601726318,-6.862779497914809,29.69130841501706
1780006278.4317818,0.0,0.4807,0.0,0,2.030865601726318,-6.862779497914809,29.69130841501706
1780006278.4790967,0.0,0.4006,0.0,0,2.030865601726318,-6.862779497914809,29.69130841501706
1780006278.5336146,0.0,0.4006,0.0,0,2.030865601726318,-6.862779497914809,29.69130841501706
1780006278.5336146,0.0,0.4006,0.0,0,2.0392992987994467,-6.850873928425135,29.705898474345066
1780006278.583697,0.0,0.4006,0.9894915112861374,0,2.0546409880517884,-6.829216576269971,29.73243916633846
1780006278.6469755,0.0,0.4006,2.6820204224564232,0,2.0253619367610267,-6.80224799480978,29.772245789285677
1780006278.6469755,0.0,0.4006,0.0,0,2.0253619367610267,-6.80224799480978,29.772245789285677
1780006278.7022166,0.0,0.4006,1.7199585612368158,0,2.046549338835412,-6.746652666814734,29.831741558055718
1780006278.731081,0.0,0.4807,0.0,0,2.046549338835412,-6.746652666814734,29.831741558055718
1780006278.731081,0.0,0.4807,0.0,0,2.046549338835412,-6.746652666814734,29.831741558055718
1780006278.7832913,0.0,0.4807,0.0,0,2.046549338835412,-6.746652666814734,29.831741558055718
1780006278.831951,0.0,0.4006,1.6421136698769079,0,2.0577935323499634,-6.706291263438556,29.87363994430492
1780006278.831951,0.0,0.4006,0.0,0,2.0577935323499634,-6.706291263438556,29.87363994430492
1780006278.8832383,0.0,0.4006,0.0,0,2.0577935323499634,-6.706291263438556,29.87363994430492
1780006278.9291322,0.0,0.4006,0.6542788775654089,0,2.060626418556971,-6.691815230647439,29.888390563601455
1780006278.9291322,0.0,0.4006,0.0,0,2.060626418556971,-6.691815230647439,29.888390563601455
1780006278.979206,0.0,0.4006,0.9669433930189609,0,2.0651943894984974,-6.66847292449521,29.912175634865317
1780006279.029113,0.0,0.4006,1.1438154938152052,0,2.0687615883175274,-6.63843090775456,29.94242869549164
1780006279.029113,0.0,0.4006,0.0,0,2.0687615883175274,-6.63843090775456,29.94242869549164
1780006279.0799637,0.0,0.4006,0.0,0,2.0687615883175274,-6.63843090775456,29.94242869549164
1780006279.131933,0.0,0.4807,1.7716892399187276,0,2.0719335043784204,-6.582546631541369,29.998402916159456
1780006279.131933,0.0,0.4807,0.0,0,2.0719335043784204,-6.582546631541369,29.998402916159456
1780006279.1820433,0.0,0.4807,0.0,0,2.0719335043784204,-6.582546631541369,29.998402916159456
1780006279.2292485,0.0,0.4006,0.2486140012446837,0,2.071740697978295,-6.5759055191260085,30.005046826786593
1780006279.2292485,0.0,0.4006,0.0,0,2.071740697978295,-6.5759055191260085,30.005046826786593
1780006279.2788115,0.0,0.4006,1.2384877304757305,0,2.07073224739494,-6.541169982935198,30.039796998686054
1780006279.3312333,0.0,0.4006,0.6915928865427897,0,2.0687374891261,-6.522022859659383,30.05904774906858
1780006279.3312333,0.0,0.4006,0.0,0,2.0687374891261,-6.522022859659383,30.05904774906858
1780006279.3783684,0.0,0.4006,0.8173833010187677,0,2.0666176735068706,-6.501675346069677,30.079505386457654
1780006279.42863,0.0,0.4006,1.0728722157195025,0,2.060983215158746,-6.46870514208506,30.112953577315515
1780006279.42863,0.0,0.4006,0.0,0,2.060983215158746,-6.46870514208506,30.112953577315515
1780006279.4829423,0.0,0.4006,0.0,0,2.060983215158746,-6.46870514208506,30.112953577315515
1780006279.5325556,0.0,0.4807,1.4989335345031018,0,2.048607906387241,-6.414394142521897,30.168656655693106
1780006279.5325556,0.0,0.4807,0.0,0,2.048607906387241,-6.414394142521897,30.168656655693106
1780006279.5781019,0.0,0.4807,0.0,0,2.048607906387241,-6.414394142521897,30.168656655693106
1780006279.6342778,0.0,0.4006,0.19746850237609437,0,2.046669538445561,-6.408100707156518,30.17524183594694
1780006279.6342778,0.0,0.4006,0.0,0,2.0369561759221835,-6.376563650694274,30.208240856262904
1780006279.6779401,0.0,0.4006,0.0,0,2.0369561759221835,-6.376563650694274,30.208240856262904
1780006279.7336211,0.0,0.4807,0.5076013623283621,0,2.028258943433461,-6.352933419322078,30.23342080240396
1780006279.7336211,0.0,0.4807,0.0,0,2.028258943433461,-6.352933419322078,30.23342080240396
1780006279.7834728,0.0,0.4807,0.5140465004675392,0,2.0203733687999783,-6.331508448409372,30.256250862980107
1780006279.8323238,0.0,0.4807,-0.07203483478986852,0,2.041551999905147,-6.262707211353746,30.328237977353954
1780006279.8323238,0.0,0.4807,0.0,0,2.041551999905147,-6.262707211353746,30.328237977353954
1780006279.884956,0.0,0.4807,0.0,0,2.041551999905147,-6.262707211353746,30.328237977353954
1780006279.9286065,0.0,0.4807,0.07823240156354036,0,2.040116695860111,-6.258806262376237,30.332394598653377
1780006279.9286065,0.0,0.4807,0.0,0,2.0166300087441202,-6.2028869606715915,30.393046002386676
1780006279.978749,0.0,0.4807,0.0,0,2.0166300087441202,-6.2028869606715915,30.393046002386676
1780006280.0298042,0.0,0.4807,0.0,0,2.0166300087441202,-6.2028869606715915,30.393046002386676
1780006280.0298042,0.0,0.4807,0.0,0,2.0010148515857233,-6.169082805700602,30.430282463367604
1780006280.0796776,0.0,0.4807,0.0,0,2.0010148515857233,-6.169082805700602,30.430282463367604
1780006280.1314144,0.0,0.4807,0.5118298581542731,0,1.9880376103427468,-6.144530969152221,30.458052977734045
1780006280.1314144,0.0,0.4807,0.0,0,1.9880376103427468,-6.144530969152221,30.458052977734045
1780006280.1789334,0.0,0.4807,0.0,0,1.9880376103427468,-6.144530969152221,30.458052977734045
1780006280.2300127,0.0,0.4807,0.3783945801736144,0,1.9785655043721389,-6.126610550381769,30.478322713806
1780006280.2300127,0.0,0.4807,0.0,0,1.9563262940005366,-6.088131688464701,30.522765995552348
1780006280.2788014,0.0,0.4807,0.0,0,1.9563262940005366,-6.088131688464701,30.522765995552348
1780006280.3290396,0.0,0.5608,-0.14459147734905783,0,1.9269965131251823,-6.036316903642226,30.58230596508875
1780006280.3290396,0.0,0.5608,0.0,0,1.9269965131251823,-6.036316903642226,30.58230596508875
1780006280.378779,0.0,0.5608,0.0,0,1.9269965131251823,-6.036316903642226,30.58230596508875
1780006280.43145,0.0,0.5608,-0.019647300594561816,0,1.9198464049500847,-6.023554541002521,30.596934770476167
1780006280.43145,0.0,0.5608,0.0,0,1.9198464049500847,-6.023554541002521,30.596934770476167
1780006280.4802222,0.0,0.5608,-0.06051929674695133,0,1.899452239145862,-5.9871526106605115,30.63866033256315
1780006280.5282464,0.0,0.5608,-0.134770761285334,0,1.8829417365431866,-5.9569566797788,30.673075313864988
1780006280.5282464,0.0,0.5608,0.0,0,1.8829417365431866,-5.9569566797788,30.673075313864988
1780006280.579793,0.0,0.5608,-0.0744779052179855,0,1.8731483717464106,-5.939045670428006,30.693488893903947
1780006280.632212,0.0,0.5608,-0.1217658348597655,0,1.846325779461146,-5.889231511305195,30.75006540763548
1780006280.632212,0.0,0.5608,0.0,0,1.846325779461146,-5.889231511305195,30.75006540763548
1780006280.6811235,0.0,0.5608,0.0,0,1.846325779461146,-5.889231511305195,30.75006540763548
1780006280.7319226,0.0,0.4807,0.03028434155361406,0,1.8232488999253476,-5.846534853304161,30.798599385151928
1780006280.7319226,0.0,0.4807,0.0,0,1.8232488999253476,-5.846534853304161,30.798599385151928
1780006280.7789037,0.0,0.4807,0.0,0,1.8232488999253476,-5.846534853304161,30.798599385151928
1780006280.829521,0.0,0.5608,0.0418969058953865,0,1.813990185698536,-5.829656527350696,30.817850402686727
1780006280.829521,0.0,0.5608,0.0,0,1.813990185698536,-5.829656527350696,30.817850402686727
1780006280.8836374,0.0,0.4006,0.0755959460888672,0,1.7961294821028684,-5.79709706286556,30.854986954229528
1780006280.940536,0.0,0.4006,0.4740531753250467,0,1.7828524593931165,-5.775189999366607,30.880603331084625
1780006280.940536,0.0,0.4006,0.0,0,1.7828524593931165,-5.775189999366607,30.880603331084625
1780006280.9822888,0.0,0.4006,0.0,0,1.7828524593931165,-5.775189999366607,30.880603331084625
1780006281.033459,0.0,0.5608,1.0510274615697208,0,1.7445482987270333,-5.715992332120488,30.951112710118306
1780006281.033459,0.0,0.5608,0.0,0,1.7445482987270333,-5.715992332120488,30.951112710118306
1780006281.0783713,0.0,0.5608,0.0,0,1.7445482987270333,-5.715992332120488,30.951112710118306
1780006281.131745,0.0,0.5608,0.006957798824065375,0,1.7440658203743378,-5.715297377513982,30.951958728596782
1780006281.131745,0.0,0.4807,0.0,0,1.7440658203743378,-5.715297377513982,30.951958728596782
1780006281.1786067,0.0,0.4807,0.5122027823763592,0,1.7128814323037465,-5.670379851122082,31.006640080413508
1780006281.2288508,0.0,0.4807,0.0,0,1.7128814323037465,-5.670379851122082,31.006640080413508
1780006281.2288508,0.0,0.4807,0.0,0,1.7128814323037465,-5.670379851122082,31.006640080413508
1780006281.281303,0.0,0.4807,0.4588967332378538,0,1.6848808628332645,-5.632051465399706,31.054106879786907
1780006281.3304946,0.0,0.4807,0.6093476215410265,0,1.6623401364402972,-5.603660225489815,31.090358043215737
1780006281.3304946,0.0,0.4807,0.0,0,1.6623401364402972,-5.603660225489815,31.090358043215737
1780006281.3793747,0.0,0.4807,0.0,0,1.6623401364402972,-5.603660225489815,31.090358043215737
1780006281.4313776,0.0,0.4006,1.5381921887417391,0,1.6279844401372405,-5.564835980582069,31.142200456943538
1780006281.4313776,0.0,0.4006,0.0,0,1.6279844401372405,-5.564835980582069,31.142200456943538
1780006281.4807992,0.0,0.4006,0.0,0,1.6279844401372405,-5.564835980582069,31.142200456943538
1780006281.5309534,0.0,0.4006,1.4943534891230699,0,1.5988276211013206,-5.53740273567934,31.182234230462736
1780006281.5309534,0.0,0.4006,0.0,0,1.5988276211013206,-5.53740273567934,31.182234230462736
1780006281.5791368,0.0,0.4006,0.0,0,1.5988276211013206,-5.53740273567934,31.182234230462736
1780006281.628559,0.0,0.4807,0.6384710917433204,0,1.5816452379591128,-5.523554835919029,31.20430227564615
1780006281.628559,0.0,0.4807,0.0,0,1.5816452379591128,-5.523554835919029,31.20430227564615
1780006281.6811676,0.0,0.4807,0.8562451204777226,0,1.5571165979417207,-5.503786323867682,31.235805422311635
1780006281.7286937,0.0,0.4807,1.7191796727872526,0,1.560709862324016,-5.403968038220942,31.335688362288266
1780006281.7286937,0.0,0.4807,0.0,0,1.560709862324016,-5.403968038220942,31.335688362288266
1780006281.778704,0.0,0.4807,0.0,0,1.560709862324016,-5.403968038220942,31.335688362288266
1780006281.8330746,0.0,0.4006,1.4374769098052471,0,1.5131032533643467,-5.3767060656161805,31.390548223452342
1780006281.8330746,0.0,0.4006,0.0,0,1.5131032533643467,-5.3767060656161805,31.390548223452342
1780006281.8784919,0.0,0.4006,0.0,0,1.5131032533643467,-5.3767060656161805,31.390548223452342
1780006281.930159,0.0,0.4807,0.0,0,1.5131032533643467,-5.3767060656161805,31.390548223452342
1780006281.930159,0.0,0.4807,0.0,0,1.477064096931059,-5.3587908386150405,31.430794666213476
1780006281.9782515,0.0,0.4807,0.0,0,1.477064096931059,-5.3587908386150405,31.430794666213476
1780006282.0340357,0.0,0.4807,0.4773837929118281,0,1.454834222842431,-5.349477448947883,31.45489666880846
1780006282.0340357,0.0,0.4807,0.0,0,1.454834222842431,-5.349477448947883,31.45489666880846
1780006282.0783558,0.0,0.4807,0.5987872723773967,0,1.4326812874675274,-5.340196293391388,31.478915253158675
1780006282.1297061,0.0,0.4807,0.8030541342666917,0,1.394199237968443,-5.3261602880512555,31.519877157161762
1780006282.1297061,0.0,0.4807,0.0,0,1.394199237968443,-5.3261602880512555,31.519877157161762
1780006282.1797092,0.0,0.4807,0.0,0,1.394199237968443,-5.3261602880512555,31.519877157161762
1780006282.229012,0.0,0.5608,0.29252739097159774,0,1.330913939056644,-5.303644242579574,31.587048589795273
1780006282.229012,0.0,0.5608,0.0,0,1.330913939056644,-5.303644242579574,31.587048589795273
1780006282.2849915,0.0,0.5608,0.0,0,1.330913939056644,-5.303644242579574,31.587048589795273
1780006282.3293586,0.0,0.5608,-0.06738656577534846,0,1.323856917876997,-5.300975110474798,31.594593509551157
1780006282.3293586,0.0,0.6409,0.0,0,1.323856917876997,-5.300975110474798,31.594593509551157
1780006282.3793948,0.0,0.6409,0.0,0,1.323856917876997,-5.300975110474798,31.594593509551157
1780006282.4296584,0.0,0.6409,-1.3539397957770285,0,1.2507299248838755,-5.269788359450272,31.674093009824315
1780006282.4296584,0.0,0.6409,0.0,0,1.2507299248838755,-5.269788359450272,31.674093009824315
1780006282.4794025,0.0,0.6409,0.0,0,1.2507299248838755,-5.269788359450272,31.674093009824315
1780006282.5283713,0.0,0.6409,0.0,0,1.2507299248838755,-5.269788359450272,31.674093009824315
1780006282.5283713,0.0,0.6409,0.0,0,1.2507299248838755,-5.269788359450272,31.674093009824315
1780006282.5786982,0.0,0.6409,0.0,0,1.2507299248838755,-5.269788359450272,31.674093009824315
1780006282.6313603,0.0,0.6409,-2.5987139708362395,0,1.1184412315651109,-5.1921697391323125,31.827471458766954
1780006282.6313603,0.0,0.6409,0.0,0,1.1184412315651109,-5.1921697391323125,31.827471458766954
1780006282.678949,0.0,0.6409,0.0,0,1.1184412315651109,-5.1921697391323125,31.827471458766954
1780006282.729799,0.0,0.5608,0.0,0,1.1184412315651109,-5.1921697391323125,31.827471458766954
1780006282.729799,0.0,0.5608,0.0,0,1.1169103364579045,-5.190791252484845,31.829531523151026
1780006282.7790418,0.0,0.5608,-3.571583697167019,0,1.0841001905877141,-5.161247524916187,31.873682825630954
1780006282.829656,0.0,0.5608,0.0,0,1.0841001905877141,-5.161247524916187,31.873682825630954
1780006282.829656,0.0,0.5608,0.0,0,1.0841001905877141,-5.161247524916187,31.873682825630954
1780006282.8793993,0.0,0.5608,0.0,0,1.0841001905877141,-5.161247524916187,31.873682825630954
1780006282.9303336,0.0,0.6409,0.0,0,1.0841001905877141,-5.161247524916187,31.873682825630954
1780006282.9303336,0.0,0.5608,0.0,0,1.0841001905877141,-5.161247524916187,31.873682825630954
1780006282.9829204,0.0,0.5608,-4.440010493611628,0,1.0179429006647214,-5.057447471224808,31.996773191445214
1780006283.032176,0.0,0.6409,-0.7474556456484626,0,0.9765911565365728,-4.992567043599521,32.073711066586654
1780006283.032176,0.0,0.6409,0.0,0,0.9765911565365728,-4.992567043599521,32.073711066586654
1780006283.0794172,0.0,0.6409,0.0,0,0.9765911565365728,-4.992567043599521,32.073711066586654
1780006283.1290517,0.0,0.6409,-1.6477169496739332,0,0.9480459034224495,-4.938484912371104,32.13486422180825
1780006283.1290517,0.0,0.5608,0.0,0,0.9480459034224495,-4.938484912371104,32.13486422180825
1780006283.1839912,0.0,0.5608,0.0,0,0.9480459034224495,-4.938484912371104,32.13486422180825
1780006283.2303216,0.0,0.5608,-1.2120273449878765,0,0.9360873975183053,-4.909963533300494,32.165791150649454
1780006283.2303216,0.0,0.5608,0.0,0,0.9360873975183053,-4.909963533300494,32.165791150649454
1780006283.2794008,0.0,0.5608,-0.6617517888343557,0,0.9291708337217905,-4.893467330556798,32.18367867590345
1780006283.3293638,0.0,0.5608,-1.5126371066731912,0,0.9116013327674148,-4.840704524636275,32.23928983532665
1780006283.3293638,0.0,0.5608,0.0,0,0.9116013327674148,-4.840704524636275,32.23928983532665
1780006283.3812642,0.0,0.5608,0.0,0,0.9116013327674148,-4.840704524636275,32.23928983532665
1780006283.42937,0.0,0.5608,0.0,0,0.9116013327674148,-4.840704524636275,32.23928983532665
1780006283.42937,0.0,0.6409,0.0,0,0.8949727617677388,-4.7784631937766475,32.30371415247995
1780006283.4791539,0.0,0.6409,0.0,0,0.8949727617677388,-4.7784631937766475,32.30371415247995
1780006283.530685,0.0,0.5608,-4.528355774081179,0,1.0616652510251914,-4.772983997025043,32.470496668265895
1780006283.530685,0.0,0.5608,0.0,0,1.0616652510251914,-4.772983997025043,32.470496668265895
1780006283.5786922,0.0,0.5608,-0.6100823268713158,0,1.0617221520521256,-4.7368300177211955,32.506650692346625
1780006283.6336586,0.0,0.5608,-0.505970108524054,0,1.0633449824071834,-4.696674657804851,32.5468388312482
1780006283.6336586,0.0,0.5608,0.0,0,1.0633449824071834,-4.696674657804851,32.5468388312482
1780006283.684296,0.0,0.5608,-0.21736133914018646,0,1.0639872306827378,-4.680782848423701,32.562743613178625
1780006283.7320201,0.0,0.5608,-0.4832909996414035,0,1.0674901265135488,-4.625655441852712,32.617982197831424
1780006283.7320201,0.0,0.5608,0.0,0,1.0674901265135488,-4.625655441852712,32.617982197831424
1780006283.7799957,0.0,0.5608,0.0,0,1.0674901265135488,-4.625655441852712,32.617982197831424
1780006283.829128,0.0,0.4807,-0.046610279236912855,0,1.0706710326265632,-4.577343858266438,32.666398385953926
1780006283.829128,0.0,0.4807,0.0,0,1.0706710326265632,-4.577343858266438,32.666398385953926
1780006283.880458,0.0,0.4807,0.0,0,1.0706710326265632,-4.577343858266438,32.666398385953926
1780006283.9293947,0.0,0.5608,0.03566101411888987,0,1.072084031033762,-4.554438340982732,32.689347444464744
1780006283.9293947,0.0,0.5608,0.0,0,1.072084031033762,-4.554438340982732,32.689347444464744
1780006283.9792373,0.0,0.5608,0.04797905094860823,0,1.074020303410856,-4.523050251531579,32.72079519971233
1780006284.0297816,0.0,0.4807,-0.05521214452585144,0,1.0765406775269057,-4.484443748939361,32.759483884467535
1780006284.0297816,0.0,0.4807,0.0,0,1.0765406775269057,-4.484443748939361,32.759483884467535
1780006284.0788841,0.0,0.4807,0.0,0,1.0765406775269057,-4.484443748939361,32.759483884467535
1780006284.1318543,0.0,0.5608,-0.08027686895385902,0,1.081043701510763,-4.41840272979504,32.82567824551604
1780006284.1318543,0.0,0.5608,0.0,0,1.081043701510763,-4.41840272979504,32.82567824551604
1780006284.1842291,0.0,0.5608,0.0,0,1.081043701510763,-4.41840272979504,32.82567824551604
1780006284.2305112,0.0,0.5608,-0.030887682637828377,0,1.0816830066474497,-4.410278944621286,32.83382714707435
1780006284.2305112,0.0,0.5608,0.0,0,1.0854624069404744,-4.3622533081853225,32.88200126483124
1780006284.281615,0.0,0.5608,0.0,0,1.0854624069404744,-4.3622533081853225,32.88200126483124
1780006284.3300307,0.0,0.5608,-0.022667183192388033,0,1.0876284693270124,-4.33552820926802,32.90881399946242
1780006284.3300307,0.0,0.5608,0.0,0,1.0876284693270124,-4.33552820926802,32.90881399946242
1780006284.3809493,0.0,0.5608,-0.024389825088336824,0,1.090079634085855,-4.305285488167376,32.93915589110164
1780006284.4391906,0.0,0.5608,-0.034766232663495364,0,1.093854331237086,-4.260120091272086,32.98447874863835
1780006284.4391906,0.0,0.5608,0.0,0,1.093854331237086,-4.260120091272086,32.98447874863835
1780006284.4808583,0.0,0.5608,0.0,0,1.093854331237086,-4.260120091272086,32.98447874863835
1780006284.5332198,0.0,0.4807,2.0637556379776902,0,1.018019027489561,-4.2412053642239025,33.06263730667128
1780006284.5332198,0.0,0.4807,0.0,0,1.018019027489561,-4.2412053642239025,33.06263730667128
1780006284.581283,0.0,0.4807,0.0,0,1.018019027489561,-4.2412053642239025,33.06263730667128
1780006284.629545,0.0,0.5608,0.2467315903114429,0,1.0073531140166638,-4.2343138474087505,33.07533591739154
1780006284.629545,0.0,0.5608,0.0,0,1.0058961475087451,-4.1873689899090545,33.12230337843716
1780006284.6796937,0.0,0.5608,0.0,0,1.0058961475087451,-4.1873689899090545,33.12230337843716
1780006284.7312188,0.0,0.5608,0.0,0,1.0058961475087451,-4.1873689899090545,33.12230337843716
1780006284.7312188,0.0,0.5608,0.0,0,1.0052260948024627,-4.157999398945759,33.151680611866816
1780006284.7799346,0.0,0.5608,-0.08084534489857534,0,1.0046090441352717,-4.1309529807623635,33.17873406798756
1780006284.8289213,0.0,0.5608,-0.01753427067998328,0,1.0035554250410197,-4.082647602049511,33.22705093590952
1780006284.8289213,0.0,0.5608,0.0,0,1.0035554250410197,-4.082647602049511,33.22705093590952
1780006284.8817055,0.0,0.5608,0.0,0,1.0035554250410197,-4.082647602049511,33.22705093590952
1780006284.933162,0.0,0.5608,0.0,0,1.0035554250410197,-4.082647602049511,33.22705093590952
1780006284.933162,0.0,0.5608,0.0,0,1.0035554250410197,-4.082647602049511,33.22705093590952
1780006284.9942605,0.0,0.5608,-0.1963891227459256,0,1.0028316160584347,-4.008084301084168,33.30161774991073
1780006285.0341182,0.0,0.4807,0.0,0,1.0028316160584347,-4.008084301084168,33.30161774991073
1780006285.0341182,0.0,0.4807,0.0,0,1.002470027278804,-3.96628517478642,33.34341844016461
1780006285.0831962,0.0,0.4807,0.0,0,1.002470027278804,-3.96628517478642,33.34341844016461
1780006285.1311972,0.0,0.5608,0.09927244718446616,0,1.0019622551592522,-3.938868040660159,33.3708402759205
1780006285.1311972,0.0,0.5608,0.0,0,1.0019622551592522,-3.938868040660159,33.3708402759205
1780006285.1797998,0.0,0.5608,0.0,0,1.0019622551592522,-3.938868040660159,33.3708402759205
1780006285.2291179,0.0,0.5608,0.09725769177005003,0,1.0005304252223195,-3.8610388974894656,33.448682588730776
1780006285.2291179,0.0,0.5608,0.0,0,1.0005304252223195,-3.8610388974894656,33.448682588730776
1780006285.2790139,0.0,0.5608,0.0,0,1.0005304252223195,-3.8610388974894656,33.448682588730776
1780006285.3335311,0.0,0.6409,-0.7517919422385261,0,1.0019735149321543,-3.79162019215312,33.51811629206342
1780006285.3335311,0.0,0.6409,0.0,0,1.0019735149321543,-3.79162019215312,33.51811629206342
1780006285.3826163,0.0,0.5608,0.0,0,1.0019735149321543,-3.79162019215312,33.51811629206342
1780006285.4301958,0.0,0.5608,-0.520996826768493,0,0.9916067445226446,-3.816325510249127,33.54490850494232
1780006285.4301958,0.0,0.5608,0.0,0,0.9916067445226446,-3.816325510249127,33.54490850494232
1780006285.481747,0.0,0.5608,-0.18811298813546393,0,0.9938206791424817,-3.7776197207697133,33.58367756020197
1780006285.5296462,0.0,0.5608,0.07864531562452878,0,0.9957206924145288,-3.740740096670756,33.620606095565755
1780006285.5296462,0.0,0.5608,0.0,0,0.9957206924145288,-3.740740096670756,33.620606095565755
1780006285.5790267,0.0,0.5608,0.0,0,0.9957206924145288,-3.740740096670756,33.620606095565755
1780006285.6292083,0.0,0.5608,0.03778141290695707,0,0.9966769569098899,-3.7221788183644713,33.639191990597965
1780006285.6292083,0.0,0.5608,0.0,0,1.001375531166356,-3.6649085142811946,33.69665471181646
1780006285.6806138,0.0,0.5608,0.0,0,1.001375531166356,-3.6649085142811946,33.69665471181646
1780006285.7299592,0.0,0.6409,-0.5616001689926365,0,1.0084441688686758,-3.6002495413323627,33.76169891541497
1780006285.7299592,0.0,0.6409,0.0,0,1.0084441688686758,-3.6002495413323627,33.76169891541497
1780006285.7794933,0.0,0.6409,0.0,0,1.0084441688686758,-3.6002495413323627,33.76169891541497
1780006285.8306088,0.0,0.6409,-0.43195416575292034,0,1.0117209687840376,-3.581689621367859,33.78054587927587
1780006285.8306088,0.0,0.5608,0.0,0,1.0117209687840376,-3.581689621367859,33.78054587927587
1780006285.8822308,0.0,0.5608,-0.8422519469073472,0,1.018173582401526,-3.5451417712104507,33.81765897095017
1780006285.9315732,0.0,0.6409,-0.9422990012440362,0,1.028733198475693,-3.502447723228961,33.861639503287556
1780006285.9315732,0.0,0.6409,0.0,0,1.028733198475693,-3.502447723228961,33.861639503287556
1780006285.9790688,0.0,0.6409,-0.4467652857531725,0,1.0335523658870194,-3.4829631356033404,33.88171121296757
1780006286.031181,0.0,0.6409,-1.392651374057173,0,1.0529160393212225,-3.423546112627201,33.94420388828407
1780006286.031181,0.0,0.6409,0.0,0,1.0529160393212225,-3.423546112627201,33.94420388828407
1780006286.07841,0.0,0.6409,0.0,0,1.0529160393212225,-3.423546112627201,33.94420388828407
1780006286.1319854,0.0,0.6409,-1.3919936966733901,0,1.077905106361944,-3.362687378256436,34.00999324168397
1780006286.1319854,0.0,0.6409,0.0,0,1.077905106361944,-3.362687378256436,34.00999324168397
1780006286.1785984,0.0,0.6409,0.0,0,1.077905106361944,-3.362687378256436,34.00999324168397
1780006286.229587,0.0,0.6409,-0.5487800063373501,0,1.0888256134448047,-3.340729866940888,34.03451649143027
1780006286.229587,0.0,0.6409,0.0,0,1.0888256134448047,-3.340729866940888,34.03451649143027
1780006286.2790143,0.0,0.6409,-0.888662622983364,0,1.1059681210591368,-3.3062619798672763,34.07301195618427
1780006286.3292801,0.0,0.5608,-0.8380085006562444,0,1.1268367792469798,-3.269708123008744,34.11510334895993
1780006286.3292801,0.0,0.5608,0.0,0,1.1268367792469798,-3.269708123008744,34.11510334895993
1780006286.3802388,0.0,0.5608,0.0,0,1.1268367792469798,-3.269708123008744,34.11510334895993
1780006286.4296257,0.0,0.5608,-1.1594388593573661,0,1.1643850767316979,-3.2087425937061673,34.18670411995539
1780006286.4296257,0.0,0.5608,0.0,0,1.1643850767316979,-3.2087425937061673,34.18670411995539
1780006286.4804997,0.0,0.5608,0.0,0,1.1643850767316979,-3.2087425937061673,34.18670411995539
1780006286.5354931,0.0,0.5608,-0.04968677525041256,0,1.194130740019395,-3.1616790384269655,34.24237981231699
1780006286.5354931,0.0,0.5608,0.0,0,1.194130740019395,-3.1616790384269655,34.24237981231699
1780006286.584805,0.0,0.5608,0.0,0,1.194130740019395,-3.1616790384269655,34.24237981231699
1780006286.6308253,0.0,0.4807,0.0038006289700224715,0,1.205141571743284,-3.144242521670893,34.26300190076207
1780006286.6308253,0.0,0.4807,0.0,0,1.205141571743284,-3.144242521670893,34.26300190076207
1780006286.6786716,0.0,0.4807,0.004569984011634333,0,1.2189066501992625,-3.1224444389133854,34.28878239332529
1780006286.7305465,0.0,0.5608,0.06546925749518515,0,1.2433282986217575,-3.0833936792143994,34.334840820835794
1780006286.7305465,0.0,0.5608,0.0,0,1.2433282986217575,-3.0833936792143994,34.334840820835794
1780006286.7786136,0.0,0.5608,0.0,0,1.2433282986217575,-3.0833936792143994,34.334840820835794
1780006286.8285751,0.0,0.5608,0.13915504824142028,0,1.2817678984631158,-3.02125353410821,34.40790928509899
1780006286.8285751,0.0,0.5608,0.0,0,1.2817678984631158,-3.02125353410821,34.40790928509899
1780006286.8781292,0.0,0.5608,0.0,0,1.2817678984631158,-3.02125353410821,34.40790928509899
1780006286.9291043,0.0,0.5608,0.0,0,1.2817678984631158,-3.02125353410821,34.40790928509899
1780006286.9291043,0.0,0.5608,0.0,0,1.3188370508298115,-2.960924777226033,34.478716636158985
1780006286.978901,0.0,0.5608,0.0,0,1.3188370508298115,-2.960924777226033,34.478716636158985
1780006287.0286713,0.0,0.4807,1.064796141720167,0,1.2745568953853423,-3.026982846200511,34.55824273654636
1780006287.0286713,0.0,0.4807,0.0,0,1.2882613221938568,-3.001598558912405,34.587090151599966
1780006287.08055,0.0,0.4807,0.0,0,1.2882613221938568,-3.001598558912405,34.587090151599966
1780006287.1291032,0.0,0.4807,0.0,0,1.2882613221938568,-3.001598558912405,34.587090151599966
1780006287.1291032,0.0,0.5608,0.0,0,1.3085667862501467,-2.9644175152748384,34.629454545570844
1780006287.179587,0.0,0.5608,0.0,0,1.3085667862501467,-2.9644175152748384,34.629454545570844
1780006287.2293427,0.0,0.5608,-0.07012748399142571,0,1.3401972745076698,-2.9067685778869556,34.695210821084
1780006287.2293427,0.0,0.5608,0.0,0,1.3401972745076698,-2.9067685778869556,34.695210821084
1780006287.2792342,0.0,0.5608,0.0,0,1.3401972745076698,-2.9067685778869556,34.695210821084
1780006287.3310938,0.0,0.5608,-0.03881402349632711,0,1.3451800229385213,-2.8979316003291196,34.705355768313176
1780006287.3310938,0.0,0.5608,0.0,0,1.3677824439238067,-2.857845874595297,34.75137462142799
1780006287.3789241,0.0,0.5608,0.0,0,1.3677824439238067,-2.857845874595297,34.75137462142799
1780006287.4299626,0.0,0.6409,0.0,0,1.3677824439238067,-2.857845874595297,34.75137462142799
1780006287.4299626,0.0,0.6409,0.0,0,1.3855651656087176,-2.8289870096049947,34.78527239833226
1780006287.4792693,0.0,0.6409,-0.37463131796530463,0,1.4017021991122758,-2.8027988658846605,34.816033131773
1780006287.5306633,0.0,0.5608,-0.5957354853496846,0,1.428681233630873,-2.762221335624503,34.86476099100742
1780006287.5306633,0.0,0.5608,0.0,0,1.428681233630873,-2.762221335624503,34.86476099100742
1780006287.5781717,0.0,0.5608,0.0,0,1.428681233630873,-2.762221335624503,34.86476099100742
1780006287.6293557,0.0,0.6409,-0.6831937171699011,0,1.4728941517591734,-2.699672469255343,34.941358267809456
1780006287.6293557,0.0,0.6409,0.0,0,1.4728941517591734,-2.699672469255343,34.941358267809456
1780006287.6811259,0.0,0.6409,0.0,0,1.4728941517591734,-2.699672469255343,34.941358267809456
1780006287.729566,0.0,0.5608,-0.13318003767260952,0,1.4775981097612374,-2.693604019773901,34.94903637304408
1780006287.729566,0.0,0.5608,0.0,0,1.4775981097612374,-2.693604019773901,34.94903637304408
1780006287.7792287,0.0,0.5608,0.0,0,1.4775981097612374,-2.693604019773901,34.94903637304408
1780006287.829,0.0,0.5608,-0.7056932627262286,0,1.50320832608103,-2.6605649697064297,34.990839028573454
1780006287.829,0.0,0.5608,0.0,0,1.5254928508898549,-2.6346487197470423,35.0250187309992
1780006287.880571,0.0,0.5608,-0.38318941074474155,0,1.5396850252214467,-2.618143636484102,35.04678649583106
1780006287.9296458,0.0,0.6409,-1.7258847664740617,0,1.5839833855686356,-2.5749042464016734,35.10868956186296
1780006287.9296458,0.0,0.6409,0.0,0,1.5839833855686356,-2.5749042464016734,35.10868956186296
1780006287.978935,0.0,0.6409,0.0,0,1.5839833855686356,-2.5749042464016734,35.10868956186296
1780006288.0300837,0.0,0.6409,0.0,0,1.5839833855686356,-2.5749042464016734,35.10868956186296
1780006288.0300837,0.0,0.6409,0.0,0,1.6362639149625644,-2.5321033151853203,35.176255629283645
1780006288.0809805,0.0,0.6409,0.0,0,1.6362639149625644,-2.5321033151853203,35.176255629283645
1780006288.1291258,0.0,0.6409,-0.5223335828164694,0,1.6512261021507282,-2.521949669921585,35.194337762940805
1780006288.1291258,0.0,0.6409,0.0,0,1.6881862801231886,-2.4968677396330947,35.23900495428695
1780006288.1796496,0.0,0.6409,0.0,0,1.6881862801231886,-2.4968677396330947,35.23900495428695
1780006288.232483,0.0,0.6409,0.0,0,1.6881862801231886,-2.4968677396330947,35.23900495428695
1780006288.232483,0.0,0.6409,0.0,0,1.7248981765411333,-2.476442428211179,35.2810163418537
1780006288.283652,0.0,0.6409,-0.883963835402164,0,1.7632636861879059,-2.455097099888319,35.32492004752495
1780006288.330095,0.0,0.5608,-1.1652002244875408,0,1.7969261137012964,-2.438686425769501,35.362369603612144
1780006288.330095,0.0,0.5608,0.0,0,1.7969261137012964,-2.438686425769501,35.362369603612144
1780006288.379667,0.0,0.5608,0.0,0,1.7969261137012964,-2.438686425769501,35.362369603612144
1780006288.4305496,0.0,0.5608,-0.9242772863909717,0,1.8494078168449155,-2.416089699200751,35.41950926773855
1780006288.4305496,0.0,0.5608,0.0,0,1.8494078168449155,-2.416089699200751,35.41950926773855
1780006288.4788678,0.0,0.5608,0.0,0,1.8494078168449155,-2.416089699200751,35.41950926773855
1780006288.530328,0.0,0.4807,0.09816861575711289,0,1.8637122700794095,-2.4096259398564115,35.43520632374276
1780006288.530328,0.0,0.4807,0.0,0,1.8637122700794095,-2.4096259398564115,35.43520632374276
1780006288.5797422,0.0,0.4807,0.25868369936846736,0,1.8999071407136103,-2.393270548325974,35.47492492759965
1780006288.6291494,0.0,0.4006,0.1825547567248914,0,1.8679576674611869,-2.5005046754258067,35.5868174065961
1780006288.6291494,0.0,0.4006,0.0,0,1.8679576674611869,-2.5005046754258067,35.5868174065961
1780006288.6802483,0.0,0.4006,0.4504304958197199,0,1.8773897378405557,-2.495873264809256,35.59732520921798
1780006288.7299848,0.0,0.4006,1.4388027918739064,0,1.912291342432399,-2.475517230257789,35.637729294973575
1780006288.7299848,0.0,0.4006,0.0,0,1.912291342432399,-2.475517230257789,35.637729294973575
1780006288.77964,0.0,0.4006,0.0,0,1.912291342432399,-2.475517230257789,35.637729294973575
1780006288.8287435,0.0,0.4807,1.424568133087015,0,1.9524044471256454,-2.4481945439060797,35.68626371943297
1780006288.8287435,0.0,0.4807,0.0,0,1.9524044471256454,-2.4481945439060797,35.68626371943297
1780006288.8793,0.0,0.4807,0.0,0,1.9524044471256454,-2.4481945439060797,35.68626371943297
1780006288.9401588,0.0,0.4006,0.4783489741023323,0,1.9651805024402464,-2.4380013631696453,35.702607786335896
1780006288.9401588,0.0,0.4006,0.0,0,1.98552223899103,-2.421772019131183,35.72863042751277
1780006288.9813533,0.0,0.4006,0.0,0,1.98552223899103,-2.421772019131183,35.72863042751277
1780006289.0312076,0.0,0.4006,1.138409974714183,0,2.0052651007786,-2.4031967303872785,35.75573802688052
1780006289.0312076,0.0,0.4006,0.0,0,2.0052651007786,-2.4031967303872785,35.75573802688052
1780006289.0791724,0.0,0.4006,0.0,0,2.0052651007786,-2.4031967303872785,35.75573802688052
1780006289.133259,0.0,0.4006,1.8918802906368397,0,2.0433374990029716,-2.3626333342098964,35.811369821890196
1780006289.133259,0.0,0.4006,0.0,0,2.0433374990029716,-2.3626333342098964,35.811369821890196
1780006289.1792343,0.0,0.4006,0.0,0,2.0433374990029716,-2.3626333342098964,35.811369821890196
1780006289.2291396,0.0,0.4006,0.0,0,2.0433374990029716,-2.3626333342098964,35.811369821890196
1780006289.2291396,0.0,0.4006,0.0,0,2.06488093711855,-2.3349100400536784,35.846479660464475
1780006289.2794201,0.0,0.4006,0.0,0,2.06488093711855,-2.3349100400536784,35.846479660464475
1780006289.3293917,0.0,0.4807,0.7362836795630776,0,2.0772953156702165,-2.315938596040376,35.86915194492754
1780006289.3293917,0.0,0.4807,0.0,0,2.0772953156702165,-2.315938596040376,35.86915194492754
1780006289.3810627,0.0,0.4807,0.8267979469658977,0,2.0917099363115157,-2.2939104157870283,35.895477256198376
1780006289.4313953,0.0,0.4006,1.3004207391342788,0,2.1071589129891595,-2.265526728611369,35.927792957924815
1780006289.4313953,0.0,0.4006,0.0,0,2.1071589129891595,-2.265526728611369,35.927792957924815
1780006289.479529,0.0,0.4006,0.0,0,2.1071589129891595,-2.265526728611369,35.927792957924815
1780006289.5311797,0.0,0.4006,1.7494719427734156,0,2.127454664148242,-2.2219132955901006,35.975897521689724
1780006289.5311797,0.0,0.4006,0.0,0,2.127454664148242,-2.2219132955901006,35.975897521689724
1780006289.5825107,0.0,0.4006,0.0,0,2.127454664148242,-2.2219132955901006,35.975897521689724
1780006289.6323583,0.0,0.4006,0.24795715067021928,0,2.1295106119572442,-2.2161798597932747,35.9819884335615
1780006289.6323583,0.0,0.4006,0.0,0,2.1406488099128533,-2.1851186905402336,36.01498624695973
1780006289.6842349,0.0,0.4006,0.0,0,2.1406488099128533,-2.1851186905402336,36.01498624695973
1780006289.7293994,0.0,0.4006,1.8049164276083423,0,2.1693248356640655,-2.1667362350168826,36.04904838318094
1780006289.7293994,0.0,0.4006,0.0,0,2.1693248356640655,-2.1667362350168826,36.04904838318094
1780006289.7793682,0.0,0.4006,0.7070780090765864,0,2.1735493153993932,-2.1484849011861336,36.06778224064905
1780006289.833667,0.0,0.4807,1.2429395157791165,0,2.179543781936185,-2.1077561930474804,36.108949719266334
1780006289.833667,0.0,0.4807,0.0,0,2.179543781936185,-2.1077561930474804,36.108949719266334
1780006289.8825037,0.0,0.4807,0.0,0,2.179543781936185,-2.1077561930474804,36.108949719266334
1780006289.9302242,0.0,0.4006,0.28990703596469286,0,2.1807725582074218,-2.0994074150850484,36.11738843863545
1780006289.9302242,0.0,0.4006,0.0,0,2.1835398129129957,-2.057844643501627,36.159043230440254
1780006289.9819374,0.0,0.4006,0.0,0,2.1835398129129957,-2.057844643501627,36.159043230440254
1780006290.0320232,0.0,0.4006,0.0,0,2.1835398129129957,-2.057844643501627,36.159043230440254
1780006290.0320232,0.0,0.4006,0.0,0,2.1835398129129957,-2.057844643501627,36.159043230440254
1780006290.0785532,0.0,0.4006,0.0,0,2.1835398129129957,-2.057844643501627,36.159043230440254
1780006290.135567,0.0,0.4807,2.0336970653542803,0,2.1809960596796936,-1.9927369669371187,36.224200580203274
1780006290.135567,0.0,0.4807,0.0,0,2.1809960596796936,-1.9927369669371187,36.224200580203274
1780006290.1801298,0.0,0.4807,0.7042427661094541,0,2.1792967440900477,-1.97176458549714,36.24524169368943
1780006290.2299912,0.0,0.4006,1.1418349580980696,0,2.174052217778158,-1.935402823876974,36.28197972254725
1780006290.2299912,0.0,0.4006,0.0,0,2.174052217778158,-1.935402823876974,36.28197972254725
1780006290.2800694,0.0,0.4006,0.0,0,2.174052217778158,-1.935402823876974,36.28197972254725
1780006290.3294437,0.0,0.4807,1.199588959058394,0,2.16401383406798,-1.8841431723487465,36.334213055030524
1780006290.3294437,0.0,0.4807,0.0,0,2.16401383406798,-1.8841431723487465,36.334213055030524
1780006290.3800006,0.0,0.4807,0.0,0,2.16401383406798,-1.8841431723487465,36.334213055030524
1780006290.4303737,0.0,0.4807,0.14697872159323053,0,2.1612941724364942,-1.8723103227204951,36.34635442602867
1780006290.4303737,0.0,0.4807,0.0,0,2.153396315546143,-1.8379479035551654,36.381612786659225
1780006290.4809103,0.0,0.4807,0.0,0,2.153396315546143,-1.8379479035551654,36.381612786659225
1780006290.5297575,0.0,0.4807,0.35368945199075,0,2.146146997042648,-1.8101372685417625,36.41035272470046
1780006290.5297575,0.0,0.4807,0.0,0,2.146146997042648,-1.8101372685417625,36.41035272470046
1780006290.5789962,0.0,0.4807,0.2396434918224486,0,2.1411958312542243,-1.7911430603873966,36.42998163160013
1780006290.6297076,0.0,0.5608,0.25757685732325697,0,2.1272508772974494,-1.7405748592807313,36.48243737202976
1780006290.6297076,0.0,0.5608,0.0,0,2.1272508772974494,-1.7405748592807313,36.48243737202976
1780006290.6795335,0.0,0.5608,0.0,0,2.1272508772974494,-1.7405748592807313,36.48243737202976
1780006290.7354226,0.0,0.4807,0.0738823373800568,0,2.113411425246851,-1.69094336047905,36.53396227966056
1780006290.7354226,0.0,0.4807,0.0,0,2.113411425246851,-1.69094336047905,36.53396227966056
1780006290.7816417,0.0,0.4807,0.0,0,2.113411425246851,-1.69094336047905,36.53396227966056
1780006290.8304613,0.0,0.6409,-1.1111032794780547,0,2.164820618146468,-1.5923543898650911,36.64514991495023
1780006290.8304613,0.0,0.6409,0.0,0,2.155420584688311,-1.5505848050601287,36.687964151411876
1780006290.8802187,0.0,0.6409,0.0,0,2.155420584688311,-1.5505848050601287,36.687964151411876
1780006290.9313397,0.0,0.4807,-0.04620183569001869,0,2.1483293549430775,-1.5185644610956173,36.72076030921893
1780006290.9313397,0.0,0.4807,0.0,0,2.1483293549430775,-1.5185644610956173,36.72076030921893
1780006290.9805388,0.0,0.4807,-0.0213971582725973,0,2.145168705646159,-1.5042925955272313,36.73537796466638
1780006291.0299025,0.0,0.5608,-0.1235312532362071,0,2.1331808597784043,-1.448553751869702,36.79239135906478
1780006291.0299025,0.0,0.5608,0.0,0,2.1331808597784043,-1.448553751869702,36.79239135906478
1780006291.0796847,0.0,0.5608,0.0,0,2.1331808597784043,-1.448553751869702,36.79239135906478
1780006291.130672,0.0,0.4807,0.06555396523226385,0,2.1228922420143053,-1.4014815984870461,36.84057479272798
1780006291.130672,0.0,0.4807,0.0,0,2.1228922420143053,-1.4014815984870461,36.84057479272798
1780006291.1820316,0.0,0.4807,0.0,0,2.1228922420143053,-1.4014815984870461,36.84057479272798
1780006291.230291,0.0,0.5608,0.11418773419614882,0,2.118047405790743,-1.3808404518483104,36.86177690046742
1780006291.230291,0.0,0.5608,0.0,0,2.118047405790743,-1.3808404518483104,36.86177690046742
1780006291.2799163,0.0,0.5608,0.1984153984212911,0,2.1093905861837445,-1.3439585688108353,36.899661116469574
1780006291.3309057,0.0,0.4807,0.21905697488576964,0,2.1015031571426017,-1.3126971785662098,36.931902178128674
1780006291.3309057,0.0,0.4807,0.0,0,2.1015031571426017,-1.3126971785662098,36.931902178128674
1780006291.379241,0.0,0.4807,0.0,0,2.1015031571426017,-1.3126971785662098,36.931902178128674
1780006291.4306056,0.0,0.4807,0.6421398391575779,0,2.084276393226806,-1.249977870818042,36.99694426419162
1780006291.4306056,0.0,0.4807,0.0,0,2.084276393226806,-1.249977870818042,36.99694426419162
1780006291.4800973,0.0,0.4807,0.0,0,2.084276393226806,-1.249977870818042,36.99694426419162
1780006291.5319736,0.0,0.5608,0.7159295526961474,0,2.0668166575476,-1.1958146284229116,37.05385207733482
1780006291.5319736,0.0,0.5608,0.0,0,2.0668166575476,-1.1958146284229116,37.05385207733482
1780006291.5800276,0.0,0.5608,0.0,0,2.0668166575476,-1.1958146284229116,37.05385207733482
1780006291.6345892,0.0,0.4807,0.2807158995805662,0,2.061155520242939,-1.1804809015829043,37.07019746366816
1780006291.6345892,0.0,0.4807,0.0,0,2.061155520242939,-1.1804809015829043,37.07019746366816
1780006291.6827545,0.0,0.4807,0.5505762720594983,0,2.051353820079974,-1.15393206788074,37.09849788587402
1780006291.7298105,0.0,0.4807,0.0,0,2.051353820079974,-1.15393206788074,37.09849788587402
1780006291.7298105,0.0,0.4807,0.0,0,2.037194698927281,-1.120000017479161,37.13526559937747
1780006291.7798316,0.0,0.4807,0.0,0,2.037194698927281,-1.120000017479161,37.13526559937747
1780006291.8305383,0.0,0.4006,1.0870502569457696,0,2.0158994751813313,-1.0734612752378923,37.18644509804431
1780006291.8305383,0.0,0.4006,0.0,0,2.0158994751813313,-1.0734612752378923,37.18644509804431
1780006291.8801062,0.0,0.4006,0.0,0,2.0158994751813313,-1.0734612752378923,37.18644509804431
1780006291.9311392,0.0,0.5608,0.8445685683134698,0,1.989958305315218,-1.0240005808330925,37.24229583290991
1780006291.9311392,0.0,0.5608,0.0,0,1.989958305315218,-1.0240005808330925,37.24229583290991
1780006291.9797006,0.0,0.5608,0.0,0,1.989958305315218,-1.0240005808330925,37.24229583290991
1780006292.0298061,0.0,0.4807,0.380471956142239,0,1.9784724767279578,-1.0040931155033423,37.26527911888453
1780006292.0298061,0.0,0.4807,0.0,0,1.9656976187615458,-0.9819514789529846,37.29084176869221
1780006292.081561,0.0,0.4807,0.0,0,1.9656976187615458,-0.9819514789529846,37.29084176869221
1780006292.1296253,0.0,0.4807,0.709505843845479,0,1.9447741549734976,-0.9489362306742986,37.32992882480792
1780006292.1296253,0.0,0.4807,0.0,0,1.9447741549734976,-0.9489362306742986,37.32992882480792
1780006292.183366,0.0,0.4807,0.0,0,1.9447741549734976,-0.9489362306742986,37.32992882480792
1780006292.2300913,0.0,0.4807,1.0187873521886526,0,1.9120395737704816,-0.900995777804765,37.38797914632187
1780006292.2300913,0.0,0.4807,0.0,0,1.9120395737704816,-0.900995777804765,37.38797914632187
1780006292.279992,0.0,0.4807,0.0,0,1.9120395737704816,-0.900995777804765,37.38797914632187
1780006292.3304183,0.0,0.4807,0.7056686710904195,0,1.8835437428556756,-0.8627704773556175,37.435657086440465
1780006292.3304183,0.0,0.4807,0.0,0,1.8835437428556756,-0.8627704773556175,37.435657086440465
1780006292.3790452,0.0,0.4807,0.0,0,1.8835437428556756,-0.8627704773556175,37.435657086440465
1780006292.4312148,0.0,0.4807,0.3067948463792527,0,1.868663005558691,-0.8440696925803015,37.4595559502987
1780006292.4312148,0.0,0.4807,0.0,0,1.868663005558691,-0.8440696925803015,37.4595559502987
1780006292.4797711,0.0,0.4807,0.31982198626528807,0,1.8542247955205038,-0.8259250366350843,37.482744103491164
1780006292.5294003,0.0,0.5608,0.5371734736963221,0,1.8223153599711384,-0.7882378262460186,37.53212565778008
1780006292.5294003,0.0,0.4807,0.0,0,1.8223153599711384,-0.7882378262460186,37.53212565778008
1780006292.5805101,0.0,0.4807,0.0,0,1.8223153599711384,-0.7882378262460186,37.53212565778008
1780006292.631587,0.0,0.4807,0.0,0,1.8223153599711384,-0.7882378262460186,37.53212565778008
1780006292.631587,0.0,0.4807,0.0,0,1.7828082121884636,-0.7434156513439774,37.59187381330702
1780006292.681587,0.0,0.4807,0.0,0,1.7828082121884636,-0.7434156513439774,37.59187381330702
1780006292.7313316,0.0,0.5608,0.9016356510504433,0,1.749468965842826,-0.6962814974883725,37.64960711224774
1780006292.7313316,0.0,0.5608,0.0,0,1.749468965842826,-0.6962814974883725,37.64960711224774
1780006292.783644,0.0,0.5608,0.0,0,1.749468965842826,-0.6962814974883725,37.64960711224774
1780006292.8298764,0.0,0.4807,0.28878991739870247,0,1.7293666946558175,-0.6764706456894855,37.677830704433596
1780006292.8298764,0.0,0.4807,0.0,0,1.7293666946558175,-0.6764706456894855,37.677830704433596
1780006292.879332,0.0,0.4807,0.19012526249775016,0,1.7152096775431245,-0.6625188605740234,37.69770715888194
1780006292.9301658,0.0,0.4807,0.6163538103489051,0,1.682378704029955,-0.63229042567486,37.74233485317904
1780006292.9301658,0.0,0.4807,0.0,0,1.682378704029955,-0.63229042567486,37.74233485317904
1780006292.97959,0.0,0.4807,0.0,0,1.682378704029955,-0.63229042567486,37.74233485317904
1780006293.0298994,0.0,0.4807,0.8296881359317558,0,1.6430812722472998,-0.5986603942898672,37.794057837969824
1780006293.0298994,0.0,0.4807,0.0,0,1.6430812722472998,-0.5986603942898672,37.794057837969824
1780006293.0923738,0.0,0.4807,0.0,0,1.6430812722472998,-0.5986603942898672,37.794057837969824
1780006293.1346686,0.0,0.4006,0.3011540277134851,0,1.634939578056821,-0.5924008948497855,37.80432762460498
1780006293.1346686,0.0,0.4006,0.0,0,1.6113852972321363,-0.5742918865544282,37.83403857084722
1780006293.1817436,0.0,0.4006,0.0,0,1.6113852972321363,-0.5742918865544282,37.83403857084722
1780006293.2299068,0.0,0.4807,0.6198655896161972,0,1.5881778015811667,-0.5582719453211302,37.86223832920626
1780006293.2299068,0.0,0.4807,0.0,0,1.5881778015811667,-0.5582719453211302,37.86223832920626
1780006293.279304,0.0,0.4807,0.4332716770220144,0,1.5715406668670926,-0.546787469597495,37.88245434845192
1780006293.3295946,0.0,0.4807,1.1248664008923357,0,1.5318130369342622,-0.5225606818946362,37.92898629256002
1780006293.3295946,0.0,0.4807,0.0,0,1.5318130369342622,-0.5225606818946362,37.92898629256002
1780006293.3795018,0.0,0.4807,0.0,0,1.5318130369342622,-0.5225606818946362,37.92898629256002
1780006293.4290922,0.0,0.4006,1.3190679955856206,0,1.495340174721146,-0.5034705332674955,37.97015306863762
1780006293.4290922,0.0,0.4006,0.0,0,1.495340174721146,-0.5034705332674955,37.97015306863762
1780006293.4800181,0.0,0.4006,0.0,0,1.495340174721146,-0.5034705332674955,37.97015306863762
1780006293.5296264,0.0,0.4807,0.4203302371662635,0,1.4805528561519397,-0.49686909444048055,37.98634701148839
1780006293.5296264,0.0,0.4807,0.0,0,1.4805528561519397,-0.49686909444048055,37.98634701148839
1780006293.579605,0.0,0.4807,0.8297115834186216,0,1.4511454001944073,-0.4837408507597061,38.01855181311852
1780006293.6294796,0.0,0.4006,0.8635623420917115,0,1.4257424831455199,-0.4742842525035157,38.04565781697692
1780006293.6294796,0.0,0.4006,0.0,0,1.4257424831455199,-0.4742842525035157,38.04565781697692
1780006293.6812267,0.0,0.4006,0.39495383326025674,0,1.4136881506175083,-0.4697968552591534,38.05852030766592
1780006293.7299411,0.0,0.4807,1.3395978094726217,0,1.3677212121854114,-0.4560240294344512,38.106506244772724
1780006293.7299411,0.0,0.4807,0.0,0,1.3677212121854114,-0.4560240294344512,38.106506244772724
1780006293.7835007,0.0,0.4807,0.0,0,1.3677212121854114,-0.4560240294344512,38.106506244772724
1780006293.830191,0.0,0.4006,1.429066424090182,0,1.3300279346258637,-0.4474212031070851,38.145168782118326
1780006293.830191,0.0,0.4006,0.0,0,1.3300279346258637,-0.4474212031070851,38.145168782118326
1780006293.883004,0.0,0.4807,0.0,0,1.3300279346258637,-0.4474212031070851,38.145168782118326
1780006293.883004,0.0,0.4807,0.0,0,1.3100348084752063,-0.4441777605890981,38.16542328810202
1780006293.883004,0.0,0.4807,0.0,0,1.2464891860164682,-0.4357677832939988,38.229523006133945
1780006293.883004,0.0,0.4807,0.0,0,1.1811792151584564,-0.4309655535125211,38.295009292517804
1780006293.883004,0.0,0.4807,0.0,0,1.1383431126456431,-0.42813138184579413,38.33793905151462
1780006293.883004,0.0,0.4006,0.0,0,1.1383431126456431,-0.42813138184579413,38.33793905151462
1780006293.883004,0.0,0.3204,0.0,0,1.0722491380593886,-0.4241179056350308,38.40415477070503
1780006293.883004,0.0,0.3204,0.0,0,1.0722491380593886,-0.4241179056350308,38.40415477070503
1780006293.883004,0.0,0.1602,0.0,0,1.0093169988638038,-0.4209050046994982,38.467168871318734
1780006293.883004,0.0,0.1602,0.0,0,0.9722926579551465,-0.3722566932807091,38.5283036406699
1780006293.883004,0.0,0.1602,0.0,0,0.9507413247663625,-0.3711515924406499,38.54988328872265
1780006293.883004,0.0,0.0801,0.0,0,0.937810494809385,-0.37053732866441325,38.56282870039486
1780006293.883004,0.0,0.1602,0.0,0,0.9271440120837522,-0.37003047737178973,38.57350721864268
1780006293.883004,0.0,0.0,0.0,0,0.927144012083752,-0.37003047737178973,38.57350721864268
1780006293.883004,0.0,0.0,0.0,0,0.9271440120837522,-0.37003047737178973,38.57350721864268
1780006293.883004,0.0,0.2403,0.0,0,0.8993610713984188,-0.3685920358351512,38.601327371539085
1780006293.883004,0.0,0.0,0.0,0,0.8993610713984188,-0.3685920358351512,38.601327371539085
1780006293.883004,0.0,0.0,0.0,0,0.8993610713984188,-0.3685920358351512,38.601327371539085
1780006293.883004,0.0,0.0,0.0,0,0.8993610713984188,-0.3685920358351512,38.601327371539085
1780006293.883004,0.0,0.0,0.0,0,0.8993610713984188,-0.3685920358351512,38.601327371539085
1780006293.883004,0.0,0.0,0.0,0,0.8993610713984188,-0.3685920358351512,38.601327371539085
1780006293.883004,0.0,0.0,0.0,0,0.8993610713984188,-0.3685920358351512,38.601327371539085
1780006293.883004,0.0,0.0,0.0,0,0.8993610713984188,-0.3685920358351512,38.601327371539085
1780006293.883004,0.0,0.0,0.0,0,0.8993610713984188,-0.36859203583515115,38.601327371539085
1780006293.883004,0.0,0.0,0.0,0,0.8993610713984188,-0.3685920358351512,38.601327371539085
1780006293.883004,0.0,0.0,0.0,0,0.899361071398419,-0.3685920358351512,38.601327371539085
1780006293.883004,0.0,0.0,0.0,0,0.8993610713984188,-0.3685920358351512,38.601327371539085
1780006293.883004,0.0,0.0,0.0,0,0.8993610713984188,-0.3685920358351512,38.601327371539085
1780006293.883004,0.0,0.0,0.0,0,0.899361071398419,-0.3685920358351512,38.601327371539085
1780006293.883004,0.0,0.0,0.0,0,0.8993610713984188,-0.3685920358351512,38.601327371539085
1780006293.883004,0.0,0.0,0.0,0,0.899361071398419,-0.3685920358351512,38.601327371539085
1780006293.883004,0.0,0.0,0.0,0,0.899361071398419,-0.3685920358351512,38.601327371539085
1780006293.883004,0.0,0.0,0.0,0,0.899361071398419,-0.3685920358351512,38.601327371539085
1780006293.883004,0.0,0.0,0.0,0,0.899361071398419,-0.3685920358351512,38.601327371539085
1780006293.883004,0.0,0.0,0.0,0,0.8993610713984188,-0.3685920358351512,38.601327371539085
1780006293.883004,0.0,0.0,0.0,0,0.8993610713984188,-0.3685920358351512,38.601327371539085
1780006293.883004,0.0,0.0,0.0,0,0.8993610713984188,-0.3685920358351512,38.601327371539085
1780006293.883004,0.0,0.0,0.0,0,0.8993610713984188,-0.3685920358351512,38.601327371539085
1780006293.883004,0.0,0.0,0.0,0,0.8993610713984188,-0.3685920358351512,38.601327371539085
1780006293.883004,0.0,0.0,0.0,0,0.8993610713984188,-0.3685920358351512,38.601327371539085
1780006293.883004,0.0,0.0,0.0,0,0.8993610713984188,-0.3685920358351512,38.601327371539085
1780006293.883004,0.0,0.0,0.0,0,0.8993610713984188,-0.3685920358351512,38.601327371539085
1780006293.883004,0.0,0.0,0.0,0,0.8993610713984188,-0.3685920358351512,38.601327371539085
1780006293.883004,0.0,0.0,0.0,0,0.8993610713984188,-0.3685920358351512,38.601327371539085
1780006293.883004,0.0,0.0,0.0,0,0.8993610713984188,-0.3685920358351512,38.601327371539085
1780006293.883004,0.0,0.0,0.0,0,0.8993610713984188,-0.3685920358351512,38.601327371539085
1780006293.883004,0.0,0.0,0.0,0,0.8993610713984188,-0.3685920358351512,38.601327371539085
1780006293.883004,0.0,0.0,0.0,0,0.8993610713984188,-0.3685920358351512,38.601327371539085
1780006293.883004,0.0,0.0,0.0,0,0.8993610713984188,-0.3685920358351512,38.601327371539085
1780006293.883004,0.0,0.0,0.0,0,0.8993610713984188,-0.3685920358351512,38.601327371539085
1780006293.883004,0.0,0.0,0.0,0,0.8993610713984188,-0.3685920358351512,38.601327371539085
1780006293.883004,0.0,0.0,0.0,0,0.8993610713984188,-0.3685920358351512,38.601327371539085
1780006293.883004,0.0,0.0,0.0,0,0.8993610713984188,-0.3685920358351512,38.601327371539085
1780006293.883004,0.0,0.0,0.0,0,0.8993610713984188,-0.3685920358351512,38.601327371539085
1780006293.883004,0.0,0.0,0.0,0,0.8993610713984188,-0.3685920358351512,38.601327371539085
1780006293.883004,0.0,0.0,0.0,0,0.8993610713984188,-0.3685920358351512,38.601327371539085
1780006293.883004,0.0,0.0,0.0,0,0.8993610713984188,-0.3685920358351512,38.601327371539085
1780006293.883004,0.0,0.0,0.0,0,0.8993610713984188,-0.3685920358351512,38.601327371539085
1780006293.883004,0.0,0.0,0.0,0,0.8993610713984188,-0.3685920358351512,38.601327371539085
1780006293.883004,0.0,0.0,0.0,0,0.8993610713984188,-0.3685920358351512,38.601327371539085
1780006293.883004,0.0,0.0,0.0,0,0.8993610713984188,-0.3685920358351512,38.601327371539085
1780006293.883004,0.0,0.0,0.0,0,0.8993610713984188,-0.3685920358351512,38.601327371539085
1780006293.883004,0.0,0.0,0.0,0,0.8993610713984188,-0.3685920358351512,38.601327371539085
1780006293.883004,0.0,0.0,0.0,0,0.8993610713984188,-0.3685920358351512,38.601327371539085
1780006293.883004,0.0,0.0,0.0,0,0.8993610713984188,-0.3685920358351512,38.601327371539085
1780006293.883004,0.0,0.0,0.0,0,0.8993610713984188,-0.3685920358351512,38.601327371539085
1780006293.883004,0.0,0.0,0.0,0,0.8993610713984188,-0.3685920358351512,38.601327371539085
1780006293.883004,0.0,0.0,0.0,0,0.8993610713984188,-0.3685920358351512,38.601327371539085
1780006293.883004,0.0,0.0,0.0,0,0.8993610713984188,-0.3685920358351512,38.601327371539085
